rel,accepted,ee_dist
0.145999,1,0.098479
0.048920,1,0.000007
0.105426,1,0.094135
0.041342,1,0.002653
0.120274,1,0.030296
0.199091,1,0.116374
0.124303,1,0.043193
0.161680,1,0.081239
0.148784,1,0.126016
0.136645,1,0.107123
0.128737,1,0.088670
0.157626,1,0.172558
0.122109,1,0.138795
0.161259,1,0.142148
0.143773,1,0.138323
0.167804,1,0.158051
0.165422,1,0.100849
0.084548,1,0.034045
0.213854,0,0.066454
0.166388,1,0.197573
0.087810,1,0.016591
0.115846,1,0.038650
0.117043,1,0.016040
0.146206,1,0.105949
0.093962,1,0.014643
0.145702,1,0.124496
0.212251,0,0.135539
0.146279,1,0.024059
0.117984,1,0.020378
0.089751,1,0.027078
0.215848,0,0.191026
0.191795,1,0.066442
0.133854,1,0.080193
0.146096,1,0.025260
0.153887,1,0.073942
0.109807,1,0.061115
0.189092,1,0.176735
0.133435,1,0.075047
0.123538,1,0.087712
0.122169,1,0.093748
0.158457,1,0.070668
0.205301,0,0.232400
0.184575,1,0.071477
0.217545,0,0.156566
0.174131,1,0.098212
0.085678,1,0.022674
0.093985,1,0.055389
0.138751,1,0.082329
0.098859,1,0.041912
0.078068,1,0.016895
0.126920,1,0.058650
0.146689,1,0.186564
0.179663,1,0.494429
0.177312,1,0.431624
0.098108,1,0.206290
0.124412,1,0.169296
0.201485,0,0.500236
0.101834,1,0.136830
0.137679,1,0.133016
0.114625,1,0.127896
0.113701,1,0.134748
0.196364,1,0.491261
0.072285,1,0.032875
0.171126,1,0.236552
0.182422,1,0.509304
0.195803,1,0.491185
0.088453,1,0.185299
0.093183,1,0.127820
0.112004,1,0.197391
0.205062,0,0.500213
0.093730,1,0.236039
0.119285,1,0.172090
0.104479,1,0.044738
0.204561,0,0.488189
0.140818,1,0.080532
0.089918,1,0.034521
0.084272,1,0.238748
0.109349,1,0.197751
0.118647,1,0.130143
0.189384,1,0.358505
0.118715,1,0.089762
0.100608,1,0.161886
0.145854,1,0.169044
0.100824,1,0.137968
0.155970,1,0.131645
0.127206,1,0.190878
0.091892,1,0.225445
0.204561,0,0.488189
0.098211,1,0.217437
0.144202,1,0.294396
0.091236,1,0.190084
0.166021,1,0.102378
0.147438,1,0.268316
0.140591,1,0.229903
0.088453,1,0.185299
0.155024,1,0.197466
0.108098,1,0.166597
0.108272,1,0.169176
0.190156,1,0.529846
0.184674,1,0.384882
0.092486,1,0.163386
0.067172,1,0.083637
0.112435,1,0.328151
0.076322,1,0.486678
0.082474,1,0.057551
0.065196,1,0.050243
0.076741,1,0.159753
0.058151,1,0.040315
0.144921,1,0.358627
0.144467,1,0.326544
0.100616,1,0.518809
0.081525,1,0.333344
0.092636,1,0.121503
0.089044,1,0.205241
0.068407,1,0.282341
0.082971,1,0.180535
0.099202,1,0.214055
0.088393,1,0.206686
0.113526,1,0.110789
0.073249,1,0.027085
0.107225,1,0.038353
0.080802,1,0.140087
0.106201,1,0.283436
0.064825,1,0.040787
0.072982,1,0.018506
0.082231,1,0.127274
0.098506,1,0.283256
0.093710,1,0.226922
0.097245,1,0.071328
0.097923,1,0.052446
0.073016,1,0.086990
0.153549,1,0.289200
0.099221,1,0.222492
0.135853,1,0.127082
0.079229,1,0.140969
0.065242,1,0.050601
0.077142,1,0.219747
0.105744,1,0.209888
0.067406,1,0.289099
0.070913,1,0.223369
0.088557,1,0.485866
0.109007,1,0.202284
0.086788,1,0.192530
0.101267,1,0.268223
0.094731,1,0.297367
0.113724,1,0.192057
0.057644,1,0.072707
0.082706,1,0.177480
0.099034,1,0.238787
0.088813,1,0.254897
0.093977,1,0.203024
0.117246,1,0.278088
0.103001,1,0.343993
0.069011,1,0.056461
0.090074,1,0.195747
0.113387,1,0.301188
0.074841,1,0.144421
0.146649,1,0.448697
0.092666,1,0.223052
0.108236,1,0.306120
0.111650,1,0.227779
0.113624,1,0.288299
0.107811,1,0.277516
0.094684,1,0.168922
0.103660,1,0.165780
0.079601,1,0.133488
0.069283,1,0.051103
0.109523,1,0.275659
0.070015,1,0.178984
0.116258,1,0.451034
0.069573,1,0.042176
0.101922,1,0.261085
0.095152,1,0.232100
0.084673,1,0.075030
0.113477,1,0.249159
0.065020,1,0.041350
0.102454,1,0.239352
0.103022,1,0.219861
0.114557,1,0.270077
0.093584,1,0.280236
0.108683,1,0.291697
0.123422,1,0.268921
0.110472,1,0.446116
0.066185,1,0.083139
0.100957,1,0.136030
0.113662,1,0.451033
0.115900,1,0.345121
0.085853,1,0.171743
0.080603,1,0.177253
0.057983,1,0.013458
0.066908,1,0.058877
0.099999,1,0.261727
0.095276,1,0.283308
0.129380,1,0.451573
0.103882,1,0.369759
0.109784,1,0.206458
0.090217,1,0.261971
0.113841,1,0.446116
0.081683,1,0.193324
0.126314,1,0.454854
0.201398,0,0.160512
0.081359,1,0.009599
0.327925,0,0.417960
0.231097,0,0.268802
0.175490,1,0.148897
0.259469,0,0.290020
0.156558,1,0.161128
0.189854,1,0.205217
0.172292,1,0.160605
0.118968,1,0.024257
0.261547,0,0.199076
0.214659,0,0.153564
0.314631,0,0.291629
0.149753,1,0.067127
0.160939,1,0.127751
0.233862,0,0.312354
0.262199,0,0.231548
0.120599,1,0.119192
0.095653,1,0.037330
0.184508,1,0.171382
0.238771,0,0.217475
0.130439,1,0.085024
0.272646,0,0.223023
0.117666,1,0.121237
0.149340,1,0.119741
0.298383,0,0.400880
0.233939,0,0.089820
0.301693,0,0.206520
0.323182,0,0.392035
0.292299,0,0.392370
0.302114,0,0.391733
0.135804,1,0.131149
0.250121,0,0.253493
0.079909,1,0.001081
0.321155,0,0.265918
0.267152,0,0.089612
0.164171,1,0.229467
0.284375,0,0.217534
0.255480,0,0.153142
0.120599,1,0.065613
0.205792,0,0.148114
0.155323,1,0.095540
0.129258,1,0.046116
0.199994,1,0.111816
0.154213,1,0.166455
0.244608,0,0.294152
0.259494,0,0.212903
0.154657,1,0.147989
0.188172,1,0.118908
0.173764,1,0.062834
0.081286,1,0.168874
0.087425,1,0.158306
0.074012,1,0.197488
0.080557,1,0.088735
0.073895,1,0.233676
0.076536,1,0.041270
0.110289,1,0.185300
0.088969,1,0.087545
0.094487,1,0.063993
0.076946,1,0.055203
0.145679,1,0.333987
0.122951,1,0.265945
0.076516,1,0.090189
0.128842,1,0.473280
0.085854,1,0.204606
0.078964,1,0.112784
0.120942,1,0.312716
0.156215,1,0.353185
0.114862,1,0.285639
0.087091,1,0.246634
0.133616,1,0.394921
0.109784,1,0.356460
0.076532,1,0.233724
0.130066,1,0.367403
0.080334,1,0.028117
0.088969,1,0.087545
0.055113,1,0.018694
0.122253,1,0.318832
0.110904,1,0.232990
0.113027,1,0.349327
0.076798,1,0.065261
0.068734,1,0.092187
0.176008,1,0.187424
0.134189,1,0.455560
0.085854,1,0.204606
0.096990,1,0.097341
0.108032,1,0.137919
0.149559,1,0.465708
0.137645,1,0.391030
0.110566,1,0.347100
0.087076,1,0.118425
0.076200,1,0.101695
0.069117,1,0.195240
0.122883,1,0.235881
0.131967,1,0.404551
0.142007,1,0.433762
0.077229,1,0.176330
0.138267,1,0.466620
0.106304,1,0.278482
0.114948,1,0.410082
0.178555,1,0.127696
0.115426,1,0.176090
0.079513,1,0.013428
0.204639,0,0.096253
0.134407,1,0.072607
0.123376,1,0.097046
0.128208,1,0.030846
0.118551,1,0.081204
0.154729,1,0.156138
0.102070,1,0.025965
0.095564,1,0.039647
0.165236,1,0.216563
0.163804,1,0.156531
0.179920,1,0.108116
0.133214,1,0.063396
0.118859,1,0.112597
0.088748,1,0.027702
0.129392,1,0.082998
0.165718,1,0.166171
0.111451,1,0.030372
0.118779,1,0.113838
0.113346,1,0.085292
0.194168,1,0.103473
0.132133,1,0.027278
0.154801,1,0.044366
0.101522,1,0.017441
0.117451,1,0.038909
0.157986,1,0.189501
0.174789,1,0.199451
0.164079,1,0.142871
0.241966,0,0.228596
0.103079,1,0.146572
0.156451,1,0.055567
0.156638,1,0.243999
0.122552,1,0.222907
0.064497,1,0.021783
0.118494,1,0.021084
0.165378,1,0.172294
0.151462,1,0.042810
0.126853,1,0.018249
0.138797,1,0.141457
0.087244,1,0.020623
0.201032,0,0.120886
0.084717,1,0.023381
0.134531,1,0.026564
0.102248,1,0.017090
0.147976,1,0.042505
0.142366,1,0.047630
0.100814,1,0.016840
0.142904,1,0.040423
0.394298,0,0.180742
0.451686,0,0.248103
0.280514,0,0.363387
0.412323,0,0.230400
0.280514,0,0.363387
0.280514,0,0.363387
0.280514,0,0.363387
0.306824,0,0.212668
0.274202,0,0.363500
0.241526,0,0.445880
0.244940,0,0.425262
0.282761,0,0.407067
0.280514,0,0.363387
0.280514,0,0.363387
0.365167,0,0.112732
0.107903,1,0.049660
0.280514,0,0.363387
0.271257,0,0.361904
0.241526,0,0.445880
0.394298,0,0.180742
0.067685,1,0.000016
0.268983,0,0.363537
0.384740,0,0.185109
0.289878,0,0.475835
0.308962,0,0.449600
0.241799,0,0.475982
0.477513,0,0.278729
0.274342,0,0.363529
0.296447,0,0.254082
0.103510,1,0.049663
0.280514,0,0.363387
0.268983,0,0.363537
0.046476,1,0.000005
0.378630,0,0.178249
0.350400,0,0.294051
0.247124,0,0.391528
0.187110,1,0.052260
0.280514,0,0.363387
0.280514,0,0.363387
0.382514,0,0.196804
0.135470,1,0.034583
0.362181,0,0.340113
0.280514,0,0.363387
0.280514,0,0.363387
0.245772,0,0.427997
0.362581,0,0.339992
0.272893,0,0.401620
0.280514,0,0.363387
0.264580,0,0.474287
0.059001,1,0.002197
0.149743,1,0.358064
0.166009,1,0.319090
0.122211,1,0.028303
0.123703,1,0.090834
0.127424,1,0.173324
0.155029,1,0.230488
0.102135,1,0.036147
0.171289,1,0.298483
0.134591,1,0.343866
0.091696,1,0.047495
0.183152,1,0.316428
0.119906,1,0.273076
0.143378,1,0.369460
0.087177,1,0.018364
0.099200,1,0.029526
0.131853,1,0.223470
0.125882,1,0.362026
0.072968,1,0.013117
0.088937,1,0.042318
0.148522,1,0.302130
0.077412,1,0.000248
0.128019,1,0.181632
0.122186,1,0.162634
0.121612,1,0.182003
0.138083,1,0.062235
0.087638,1,0.020606
0.199558,1,0.231333
0.127561,1,0.220976
0.063309,1,0.008017
0.096595,1,0.041958
0.125478,1,0.203363
0.168895,1,0.314859
0.123703,1,0.090834
0.162788,1,0.384940
0.134922,1,0.293311
0.123199,1,0.057761
0.089217,1,0.020374
0.123986,1,0.229051
0.128714,1,0.251757
0.083127,1,0.045438
0.113424,1,0.319643
0.072968,1,0.013117
0.132541,1,0.174559
0.168234,1,0.409799
0.142806,1,0.216825
0.076714,1,0.007858
0.185721,1,0.302549
0.121839,1,0.205101
0.139559,1,0.209222
0.091762,1,0.040131
0.155653,1,0.036809
0.073954,1,0.429525
0.114344,1,0.426217
0.079869,1,0.037671
0.086011,1,0.372179
0.143075,1,0.054588
0.109279,1,0.404562
0.071575,1,0.414115
0.090712,1,0.283596
0.134028,1,0.169416
0.083279,1,0.241026
0.078098,1,0.215164
0.089808,1,0.429540
0.106900,1,0.222009
0.089811,1,0.346412
0.175804,1,0.283055
0.137427,1,0.295732
0.119951,1,0.342603
0.122925,1,0.231739
0.097671,1,0.126424
0.123653,1,0.354843
0.120661,1,0.248807
0.069720,1,0.341302
0.123974,1,0.195611
0.098344,1,0.020773
0.098773,1,0.090387
0.158457,1,0.410353
0.092630,1,0.242766
0.094191,1,0.217272
0.129128,1,0.402576
0.073954,1,0.429525
0.169370,1,0.298921
0.097807,1,0.016304
0.094160,1,0.372396
0.086446,1,0.230311
0.093276,1,0.163675
0.106044,1,0.039731
0.100857,1,0.346022
0.125809,1,0.395910
0.103886,1,0.334995
0.091177,1,0.406391
0.109551,1,0.260369
0.103228,1,0.072959
0.153250,1,0.142080
0.105523,1,0.362530
0.093452,1,0.171874
0.068819,1,0.395312
0.101970,1,0.126459
0.093347,1,0.420176
0.078458,1,0.010878
0.168295,1,0.190885
0.177576,1,0.178008
0.069403,1,0.026963
0.133090,1,0.259565
0.128026,1,0.110147
0.066695,1,0.001267
0.184601,1,0.039393
0.131418,1,0.047351
0.164749,1,0.172583
0.153369,1,0.036874
0.101280,1,0.142229
0.204936,0,0.032244
0.193879,1,0.032147
0.093392,1,0.050260
0.111329,1,0.199333
0.113188,1,0.126547
0.122446,1,0.287098
0.248791,0,0.057008
0.086698,1,0.058916
0.234465,0,0.057107
0.136135,1,0.307634
0.118989,1,0.139803
0.105693,1,0.091660
0.104395,1,0.146884
0.094330,1,0.042847
0.174880,1,0.122556
0.134468,1,0.323455
0.091578,1,0.063738
0.071788,1,0.000484
0.128026,1,0.110147
0.121612,1,0.091390
0.118251,1,0.335283
0.119791,1,0.282206
0.231935,0,0.034037
0.173846,1,0.058735
0.126600,1,0.146003
0.150329,1,0.068950
0.090644,1,0.096151
0.144220,1,0.089298
0.114598,1,0.142937
0.112351,1,0.193265
0.169531,1,0.099561
0.132139,1,0.325470
0.126354,1,0.332752
0.125938,1,0.131333
0.174096,1,0.057815
0.105550,1,0.080340
0.108638,1,0.084306
0.210164,0,0.028132
0.127642,1,0.335143
0.250279,0,0.335068
0.139725,1,0.070157
0.225972,0,0.182094
0.140271,1,0.042964
0.057194,1,0.006684
0.132119,1,0.043623
0.229567,0,0.257594
0.056633,1,0.005825
0.270503,0,0.339875
0.184005,1,0.078926
0.103328,1,0.030191
0.189431,1,0.105766
0.067145,1,0.002337
0.185657,1,0.148743
0.291937,0,0.343129
0.218630,0,0.122172
0.095923,1,0.020972
0.100928,1,0.034666
0.110105,1,0.027384
0.118128,1,0.048492
0.197304,1,0.115648
0.133042,1,0.072910
0.109587,1,0.035550
0.299195,0,0.345064
0.091192,1,0.019034
0.121339,1,0.061203
0.244424,0,0.129550
0.158541,1,0.048200
0.298007,0,0.291157
0.154413,1,0.054705
0.133214,1,0.065089
0.094389,1,0.036421
0.174709,1,0.145114
0.104819,1,0.031378
0.263056,0,0.136398
0.070389,1,0.008411
0.152890,1,0.081280
0.226166,0,0.118542
0.106886,1,0.021216
0.081292,1,0.030259
0.295461,0,0.341999
0.111965,1,0.069369
0.076734,1,0.018219
0.158377,1,0.106757
0.276356,0,0.337633
0.077370,1,0.005598
0.110190,1,0.074016
0.136985,1,0.048304
0.109922,1,0.057149
0.075476,1,0.010824
0.134234,1,0.260082
0.088664,1,0.038855
0.125045,1,0.141264
0.123678,1,0.102258
0.079737,1,0.027089
0.065818,1,0.007785
0.084620,1,0.036605
0.122988,1,0.262189
0.133187,1,0.069625
0.074046,1,0.020116
0.110679,1,0.059879
0.107382,1,0.081700
0.135860,1,0.230543
0.107343,1,0.033903
0.094467,1,0.033932
0.096707,1,0.164119
0.067613,1,0.021256
0.094421,1,0.120209
0.112152,1,0.214530
0.083596,1,0.044632
0.068307,1,0.025677
0.108385,1,0.119963
0.134529,1,0.158037
0.089876,1,0.043619
0.098256,1,0.087775
0.108289,1,0.246734
0.112526,1,0.156196
0.128062,1,0.181610
0.075283,1,0.009558
0.089410,1,0.086193
0.148028,1,0.204033
0.078206,1,0.013685
0.092002,1,0.084133
0.088150,1,0.034594
0.099731,1,0.073814
0.078216,1,0.075238
0.075283,1,0.009558
0.065055,1,0.009577
0.071412,1,0.026069
0.119866,1,0.193060
0.083018,1,0.026639
0.102183,1,0.048101
0.101988,1,0.038082
0.065499,1,0.015853
0.080961,1,0.070882
0.100826,1,0.154170
0.066892,1,0.065938
0.134394,1,0.231403
0.065116,1,0.022141
0.093943,1,0.088982
0.090619,1,0.217462
0.109938,1,0.331399
0.109104,1,0.265875
0.120097,1,0.316425
0.109469,1,0.184947
0.086845,1,0.247526
0.085824,1,0.067303
0.066131,1,0.194099
0.073722,1,0.157757
0.078718,1,0.029714
0.079943,1,0.174580
0.085014,1,0.244470
0.067515,1,0.211624
0.108789,1,0.064719
0.062237,1,0.049676
0.096655,1,0.235647
0.111884,1,0.154966
0.081818,1,0.234652
0.059035,1,0.031375
0.117989,1,0.163129
0.140745,1,0.096338
0.083733,1,0.149833
0.060899,1,0.007123
0.104771,1,0.080406
0.133789,1,0.014692
0.086208,1,0.150737
0.090799,1,0.259301
0.085269,1,0.228930
0.066271,1,0.046634
0.103057,1,0.206689
0.085638,1,0.147513
0.089732,1,0.119329
0.098380,1,0.247872
0.097092,1,0.204467
0.100625,1,0.209513
0.116629,1,0.055473
0.061416,1,0.200769
0.089572,1,0.173127
0.069394,1,0.145813
0.089492,1,0.041430
0.098792,1,0.159774
0.074517,1,0.185190
0.112582,1,0.061714
0.078766,1,0.044401
0.098416,1,0.077337
0.085005,1,0.229630
0.064188,1,0.095796
0.140647,1,0.251223
0.110568,1,0.242114
0.057466,1,0.047805
0.066196,1,0.000000
0.161516,1,0.032728
0.092099,1,0.003603
0.123694,1,0.016484
0.086088,1,0.002172
0.075202,1,0.007983
0.064100,1,0.001905
0.228274,0,0.031377
0.165323,1,0.011366
0.171248,1,0.031771
0.133696,1,0.031434
0.082760,1,0.001207
0.145142,1,0.011315
0.171248,1,0.031771
0.083276,1,0.007784
0.250396,0,0.034952
0.086447,1,0.016810
0.105895,1,0.000394
0.071006,1,0.007784
0.085403,1,0.003583
0.064503,1,0.005688
0.162922,1,0.016479
0.124155,1,0.008759
0.076874,1,0.000000
0.083075,1,0.007784
0.120641,1,0.008800
0.075437,1,0.007089
0.178428,1,0.014859
0.178428,1,0.014859
0.099419,1,0.008800
0.102242,1,0.000000
0.122495,1,0.001693
0.091251,1,0.001929
0.116264,1,0.011328
0.129375,1,0.018294
0.097463,1,0.016677
0.085497,1,0.008799
0.164310,1,0.007791
0.117123,1,0.004830
0.108948,1,0.016509
0.100249,1,0.001929
0.116264,1,0.011328
0.143885,1,0.031574
0.103600,1,0.005340
0.093926,1,0.003603
0.108948,1,0.016509
0.131295,1,0.000324
0.251621,0,0.037473
0.152171,1,0.024599
0.061508,1,0.001912
0.260784,0,0.420212
0.085946,1,0.020137
0.052887,1,0.001188
0.215924,0,0.200474
0.162948,1,0.110601
0.107911,1,0.125015
0.166033,1,0.150052
0.120028,1,0.077957
0.266682,0,0.422151
0.267622,0,0.420145
0.238606,0,0.282000
0.139476,1,0.134465
0.075098,1,0.000310
0.258855,0,0.423285
0.269443,0,0.422833
0.165339,1,0.117191
0.199277,1,0.300409
0.248886,0,0.401885
0.251668,0,0.357533
0.187794,1,0.203445
0.217588,0,0.242726
0.076104,1,0.000729
0.177276,1,0.126148
0.256730,0,0.421996
0.250338,0,0.294012
0.252605,0,0.392141
0.151847,1,0.125767
0.112794,1,0.054635
0.058629,1,0.000338
0.136518,1,0.073317
0.124534,1,0.053000
0.176279,1,0.170349
0.248929,0,0.420596
0.070363,1,0.007842
0.269360,0,0.422621
0.172380,1,0.175836
0.074604,1,0.019779
0.247568,0,0.358884
0.070448,1,0.024139
0.262189,0,0.422195
0.255161,0,0.419504
0.170725,1,0.150384
0.266262,0,0.423153
0.093522,1,0.015600
0.241295,0,0.348963
0.264205,0,0.401951
0.055062,1,0.002196
0.273831,0,0.418130
0.248544,0,0.422766
0.261537,0,0.421953
0.091169,1,0.041814
0.276642,0,0.093713
0.091814,1,0.086110
0.198091,1,0.149107
0.134608,1,0.146759
0.108721,1,0.158423
0.124326,1,0.203718
0.113863,1,0.063313
0.113938,1,0.127605
0.091464,1,0.035479
0.109125,1,0.154709
0.145803,1,0.133149
0.193801,1,0.186851
0.114986,1,0.081435
0.096696,1,0.134321
0.155085,1,0.387838
0.105463,1,0.089633
0.116321,1,0.092566
0.181766,1,0.180629
0.190485,1,0.188880
0.161256,1,0.151267
0.131102,1,0.294626
0.147909,1,0.156210
0.095330,1,0.110301
0.109246,1,0.198781
0.267842,0,0.300085
0.115424,1,0.078667
0.180754,1,0.343687
0.113863,1,0.063313
0.163490,1,0.084336
0.088714,1,0.095945
0.177083,1,0.083697
0.193014,1,0.118023
0.127624,1,0.110808
0.156833,1,0.148295
0.101941,1,0.029262
0.168521,1,0.145559
0.139653,1,0.101603
0.136747,1,0.192137
0.102600,1,0.206438
0.088797,1,0.019327
0.115167,1,0.093010
0.129888,1,0.063265
0.112514,1,0.158469
0.119991,1,0.099950
0.117834,1,0.078368
0.145290,1,0.335515
0.157378,1,0.102645
0.125624,1,0.255761
0.184869,1,0.178721
0.111263,1,0.221124
0.076966,1,0.011998
0.098207,1,0.225838
0.099907,1,0.387587
0.110246,1,0.062732
0.109006,1,0.319230
0.107358,1,0.257364
0.121336,1,0.531845
0.112723,1,0.560585
0.116592,1,0.177578
0.095261,1,0.273843
0.118345,1,0.305124
0.087539,1,0.000006
0.117656,1,0.326312
0.099288,1,0.316115
0.088816,1,0.073865
0.124516,1,0.180647
0.161934,1,0.255842
0.109902,1,0.312786
0.124726,1,0.247306
0.116480,1,0.127385
0.059420,1,0.043866
0.133707,1,0.211381
0.096580,1,0.219774
0.100341,1,0.266234
0.088829,1,0.207843
0.100419,1,0.292544
0.159125,1,0.241722
0.118455,1,0.558244
0.131427,1,0.258811
0.087539,1,0.000006
0.118094,1,0.350314
0.111084,1,0.347059
0.119717,1,0.538115
0.155003,1,0.254208
0.076109,1,0.075740
0.161755,1,0.319333
0.150156,1,0.232869
0.134308,1,0.292973
0.116889,1,0.290546
0.087627,1,0.196962
0.119711,1,0.187903
0.075527,1,0.057701
0.092466,1,0.290624
0.114337,1,0.313143
0.107304,1,0.323459
0.107256,1,0.196135
0.161420,1,0.279005
0.053679,1,0.006993
0.122128,1,0.409187
0.091290,1,0.081246
0.180185,1,0.145855
0.142668,1,0.107611
0.120723,1,0.100886
0.156070,1,0.244228
0.058032,1,0.005940
0.071627,1,0.012241
0.115864,1,0.195262
0.091542,1,0.016248
0.115340,1,0.088747
0.143687,1,0.101577
0.149106,1,0.124005
0.167369,1,0.177128
0.153338,1,0.092152
0.073713,1,0.054052
0.122152,1,0.237275
0.102579,1,0.092658
0.127234,1,0.069674
0.150079,1,0.125291
0.085833,1,0.016773
0.075804,1,0.032688
0.101198,1,0.088461
0.082612,1,0.044960
0.122139,1,0.071743
0.169156,1,0.113202
0.108573,1,0.065944
0.176902,1,0.126699
0.236878,0,0.337086
0.076795,1,0.017262
0.157821,1,0.151812
0.107230,1,0.079936
0.131125,1,0.117464
0.151001,1,0.119415
0.070861,1,0.033792
0.150910,1,0.428280
0.115097,1,0.146165
0.108800,1,0.057878
0.124178,1,0.097139
0.237217,0,0.357106
0.075812,1,0.032784
0.094698,1,0.085280
0.098569,1,0.035891
0.105624,1,0.122290
0.091871,1,0.012532
0.115512,1,0.058874
0.107304,1,0.063302
0.109408,1,0.058256
0.049001,1,0.001455
0.112074,1,0.069420
0.115064,1,0.068413
0.123682,1,0.011189
0.067687,1,0.000276
0.128517,1,0.229403
0.093784,1,0.018438
0.115860,1,0.026184
0.262547,0,0.100328
0.153126,1,0.308397
0.119528,1,0.035563
0.158238,1,0.509650
0.136599,1,0.105766
0.229225,0,0.046849
0.158319,1,0.046439
0.160240,1,0.260356
0.113491,1,0.038519
0.051775,1,0.006640
0.095552,1,0.019584
0.182734,1,0.071908
0.100258,1,0.036709
0.088927,1,0.045460
0.215897,0,0.102361
0.198024,1,0.228086
0.119021,1,0.181714
0.094188,1,0.033435
0.138214,1,0.022628
0.182560,1,0.062146
0.147543,1,0.448728
0.049489,1,0.014241
0.096104,1,0.012096
0.100747,1,0.179968
0.183229,1,0.348895
0.075522,1,0.021932
0.107497,1,0.021492
0.091027,1,0.003759
0.103930,1,0.057313
0.198313,1,0.095809
0.041940,1,0.009187
0.136347,1,0.516353
0.085534,1,0.048357
0.047434,1,0.004792
0.093178,1,0.026987
0.115806,1,0.082568
0.078582,1,0.007459
0.100747,1,0.179968
0.095173,1,0.037818
0.172286,1,0.024997
0.074931,1,0.008626
0.140165,1,0.058249
0.097837,1,0.075454
0.131725,1,0.038795
0.095997,1,0.078684
0.207393,0,0.121374
0.049356,1,0.002507
0.119266,1,0.170368
0.233634,0,0.444104
0.153707,1,0.166760
0.093386,1,0.024957
0.124688,1,0.029195
0.109094,1,0.028313
0.303350,0,0.043438
0.209024,0,0.051367
0.246574,0,0.098080
0.078217,1,0.028655
0.110227,1,0.042317
0.124087,1,0.069339
0.154735,1,0.127031
0.281934,0,0.450774
0.118250,1,0.034422
0.109427,1,0.017589
0.085243,1,0.016203
0.102976,1,0.012212
0.084770,1,0.009847
0.126776,1,0.106644
0.092445,1,0.016013
0.115435,1,0.016108
0.057685,1,0.005380
0.139352,1,0.137515
0.175070,1,0.069155
0.175618,1,0.093150
0.233980,0,0.411409
0.124907,1,0.171344
0.147391,1,0.148726
0.269195,0,0.082958
0.085367,1,0.027191
0.073107,1,0.028934
0.317718,0,0.069232
0.092775,1,0.015588
0.246209,0,0.114017
0.257513,0,0.062364
0.226225,0,0.311813
0.160139,1,0.134285
0.276010,0,0.555228
0.098739,1,0.220771
0.102640,1,0.039151
0.098068,1,0.057837
0.232681,0,0.444103
0.169487,1,0.153601
0.124638,1,0.073086
0.116805,1,0.015791
0.054817,1,0.000006
0.141574,1,0.001758
0.131548,1,0.049921
0.107853,1,0.034676
0.120675,1,0.118730
0.205850,0,0.233528
0.093063,1,0.008145
0.066129,1,0.005320
0.080607,1,0.021028
0.120749,1,0.026144
0.211037,0,0.161692
0.083325,1,0.035736
0.064996,1,0.077500
0.101931,1,0.065857
0.071322,1,0.018997
0.094813,1,0.025651
0.065560,1,0.024350
0.208622,0,0.143011
0.106017,1,0.069371
0.048120,1,0.062588
0.088017,1,0.030141
0.101207,1,0.059275
0.114079,1,0.071882
0.103490,1,0.008639
0.053470,1,0.013808
0.076258,1,0.027941
0.073373,1,0.025652
0.069279,1,0.034184
0.087701,1,0.011823
0.083745,1,0.045834
0.092741,1,0.017012
0.142803,1,0.127870
0.105183,1,0.035115
0.143373,1,0.028176
0.068222,1,0.011881
0.087602,1,0.003138
0.132032,1,0.185812
0.091383,1,0.038610
0.102399,1,0.043132
0.080157,1,0.020894
0.081196,1,0.030898
0.098678,1,0.032633
0.135522,1,0.176052
0.116296,1,0.089472
0.112989,1,0.007116
0.099476,1,0.037448
0.205406,0,0.222162
0.070951,1,0.021155
0.074932,1,0.029533
0.083500,1,0.018764
0.076219,1,0.026481
0.051548,1,0.007374
0.063632,1,0.333043
0.058450,1,0.058731
0.094809,1,0.188126
0.097504,1,0.463288
0.099188,1,0.254893
0.070829,1,0.454467
0.054816,1,0.045880
0.076154,1,0.352713
0.086162,1,0.292672
0.104727,1,0.493112
0.066220,1,0.437938
0.060267,1,0.412810
0.085627,1,0.129299
0.068866,1,0.104510
0.077943,1,0.386586
0.095946,1,0.275005
0.089401,1,0.014491
0.047860,1,0.031148
0.074883,1,0.052855
0.054293,1,0.256758
0.082132,1,0.356222
0.117093,1,0.486193
0.084061,1,0.442996
0.086095,1,0.403635
0.055236,1,0.019949
0.097096,1,0.191436
0.093232,1,0.333119
0.072068,1,0.134739
0.068394,1,0.175997
0.098597,1,0.235772
0.080411,1,0.321905
0.076909,1,0.240551
0.065066,1,0.263721
0.074063,1,0.480535
0.070889,1,0.312920
0.098118,1,0.280153
0.076325,1,0.331338
0.114171,1,0.398983
0.093600,1,0.335865
0.055853,1,0.288846
0.064155,1,0.061305
0.161635,1,0.322996
0.142923,1,0.087593
0.127599,1,0.430023
0.129725,1,0.349916
0.062483,1,0.002623
0.088755,1,0.222957
0.074094,1,0.013467
0.053715,1,0.063988
0.064450,1,0.141247
0.080315,1,0.238387
0.089500,1,0.022870
0.150548,1,0.242117
0.109687,1,0.128562
0.118946,1,0.052512
0.158058,1,0.231576
0.091910,1,0.079193
0.099543,1,0.088029
0.099786,1,0.081085
0.090892,1,0.076369
0.097091,1,0.068859
0.104924,1,0.022384
0.090907,1,0.232898
0.097926,1,0.044232
0.192673,1,0.272828
0.159652,1,0.197169
0.214038,0,0.227841
0.151294,1,0.177093
0.113029,1,0.122213
0.108269,1,0.289769
0.151410,1,0.197207
0.142229,1,0.142393
0.360386,0,0.430021
0.084087,1,0.026351
0.082884,1,0.043368
0.346915,0,0.323122
0.083090,1,0.034481
0.270776,0,0.302648
0.105904,1,0.129373
0.139575,1,0.114965
0.086673,1,0.048302
0.083797,1,0.048088
0.102992,1,0.013601
0.066690,1,0.017158
0.091628,1,0.074982
0.057937,1,0.001980
0.094886,1,0.064709
0.162835,1,0.353326
0.090127,1,0.041999
0.127837,1,0.124691
0.090892,1,0.076369
0.186675,1,0.124105
0.073861,1,0.074038
0.308143,0,0.347753
0.171413,1,0.158290
0.192673,1,0.272828
0.129571,1,0.089925
0.337142,0,0.389286
0.252874,0,0.273088
0.101820,1,0.069740
0.067954,1,0.003971
0.265195,0,0.284876
0.111223,1,0.293322
0.125120,1,0.136237
0.239922,0,0.058483
0.191216,1,0.176273
0.133961,1,0.173613
0.232712,0,0.191850
0.315594,0,0.295652
0.119033,1,0.306211
0.136602,1,0.305830
0.091538,1,0.004184
0.200683,0,0.360855
0.208869,0,0.234013
0.154019,1,0.480777
0.239579,0,0.312384
0.235602,0,0.100860
0.257337,0,0.245322
0.295405,0,0.364388
0.160544,1,0.313629
0.234087,0,0.297266
0.212364,0,0.404912
0.117485,1,0.312303
0.102596,1,0.379791
0.114090,1,0.294236
0.299272,0,0.377010
0.094717,1,0.223871
0.102609,1,0.306638
0.135589,1,0.509395
0.070970,1,0.024571
0.167004,1,0.218977
0.210474,0,0.290368
0.137518,1,0.195541
0.169274,1,0.315266
0.116983,1,0.213878
0.140338,1,0.280275
0.114624,1,0.080766
0.124936,1,0.196506
0.138666,1,0.237350
0.272701,0,0.074030
0.184194,1,0.133080
0.132929,1,0.216425
0.110113,1,0.368431
0.126189,1,0.131635
0.142147,1,0.217885
0.075495,1,0.075019
0.133692,1,0.093911
0.057610,1,0.001673
0.135018,1,0.266051
0.102539,1,0.117673
0.114641,1,0.124715
0.104160,1,0.049488
0.087471,1,0.008321
0.120349,1,0.122824
0.074555,1,0.006782
0.077518,1,0.053126
0.065730,1,0.273699
0.086489,1,0.051364
0.112822,1,0.103894
0.099737,1,0.032810
0.100297,1,0.064864
0.109044,1,0.038870
0.103955,1,0.238619
0.077503,1,0.032946
0.073793,1,0.024044
0.091286,1,0.065090
0.100950,1,0.086141
0.135979,1,0.036638
0.082814,1,0.045354
0.071009,1,0.135084
0.092077,1,0.127904
0.094870,1,0.100397
0.084167,1,0.187128
0.076155,1,0.112111
0.086038,1,0.037935
0.107926,1,0.246304
0.122325,1,0.348728
0.089640,1,0.032650
0.089937,1,0.083685
0.079302,1,0.036236
0.076026,1,0.019133
0.107374,1,0.231309
0.097138,1,0.024939
0.095757,1,0.294206
0.100801,1,0.057186
0.109876,1,0.280551
0.072764,1,0.006148
0.110816,1,0.048769
0.097030,1,0.042313
0.140754,1,0.055715
0.087485,1,0.196407
0.105116,1,0.238057
0.078956,1,0.017054
0.057673,1,0.001727
0.087859,1,0.129902
0.093599,1,0.164536
0.100301,1,0.040083
0.066653,1,0.021159
0.076753,1,0.049434
0.122715,1,0.051718
0.151947,1,0.504799
0.151947,1,0.504799
0.093894,1,0.147928
0.105736,1,0.048948
0.151947,1,0.504799
0.151947,1,0.504799
0.064136,1,0.484835
0.090771,1,0.504782
0.065552,1,0.058434
0.061178,1,0.097585
0.054271,1,0.000068
0.053491,1,0.467311
0.072123,1,0.445540
0.151947,1,0.504799
0.090771,1,0.504782
0.086749,1,0.439634
0.079778,1,0.012974
0.074898,1,0.444023
0.095745,1,0.255829
0.151947,1,0.504799
0.112870,1,0.505002
0.107181,1,0.318304
0.072123,1,0.445540
0.151947,1,0.504799
0.079978,1,0.129050
0.058890,1,0.501490
0.151947,1,0.504799
0.151947,1,0.504799
0.145253,1,0.495936
0.081354,1,0.110960
0.151947,1,0.504799
0.090771,1,0.504782
0.151947,1,0.504799
0.151947,1,0.504799
0.151947,1,0.504799
0.118627,1,0.504790
0.151947,1,0.504799
0.096263,1,0.504436
0.112870,1,0.505002
0.085627,1,0.029166
0.111778,1,0.484898
0.087193,1,0.083385
0.151947,1,0.504799
0.069364,1,0.226075
0.116422,1,0.176108
0.151947,1,0.504799
0.078032,1,0.255825
0.151947,1,0.504799
0.083010,1,0.336904
0.095411,1,0.504785
0.064855,1,0.000014
0.070195,1,0.000056
0.057364,1,0.000035
0.181218,1,0.168679
0.054816,1,0.000019
0.062158,1,0.000003
0.091201,1,0.024426
0.186390,1,0.163638
0.073556,1,0.000023
0.076624,1,0.041186
0.066909,1,0.000056
0.058582,1,0.003494
0.056275,1,0.000046
0.055394,1,0.000009
0.055161,1,0.000036
0.183668,1,0.154426
0.105532,1,0.026108
0.059695,1,0.000056
0.066059,1,0.029865
0.067990,1,0.000045
0.117202,1,0.026108
0.058282,1,0.000038
0.061616,1,0.000042
0.084514,1,0.000042
0.068237,1,0.000009
0.065206,1,0.000019
0.063507,1,0.003474
0.072597,1,0.000013
0.191905,1,0.183307
0.186402,1,0.151878
0.077393,1,0.000041
0.108463,1,0.071003
0.057421,1,0.000039
0.057082,1,0.000045
0.052654,1,0.000013
0.058816,1,0.003493
0.068992,1,0.000038
0.065662,1,0.003482
0.068436,1,0.003453
0.060227,1,0.000035
0.066442,1,0.000046
0.181609,1,0.168679
0.060488,1,0.000000
0.065953,1,0.003487
0.107830,1,0.045176
0.182176,1,0.157850
0.113171,1,0.071003
0.088724,1,0.000016
0.102732,1,0.041829
0.114719,1,0.070989
0.264169,0,0.445757
0.135092,1,0.348692
0.075400,1,0.163851
0.176809,1,0.350481
0.088587,1,0.127521
0.250641,0,0.466817
0.175122,1,0.232673
0.179199,1,0.286692
0.121753,1,0.068485
0.186185,1,0.293015
0.075400,1,0.163851
0.074876,1,0.142301
0.248926,0,0.454172
0.194535,1,0.257191
0.082883,1,0.155599
0.165099,1,0.404595
0.071641,1,0.011224
0.222791,0,0.502241
0.056385,1,0.006916
0.083063,1,0.163937
0.083063,1,0.163937
0.064656,1,0.086687
0.056738,1,0.064320
0.147104,1,0.149384
0.047963,1,0.005583
0.186516,1,0.289365
0.218877,0,0.393541
0.189663,1,0.201941
0.238332,0,0.462568
0.133527,1,0.059060
0.180983,1,0.125784
0.070466,1,0.018776
0.222078,0,0.347279
0.200396,0,0.217540
0.096319,1,0.059387
0.195045,1,0.358545
0.245484,0,0.438335
0.079105,1,0.199170
0.118307,1,0.346372
0.092040,1,0.050185
0.193825,1,0.205848
0.072932,1,0.005397
0.103809,1,0.251810
0.096063,1,0.253529
0.114655,1,0.308487
0.202175,0,0.216493
0.238387,0,0.338957
0.082883,1,0.155599
0.071641,1,0.011224
0.115426,1,0.195522
0.081884,1,0.000010
0.102412,1,0.071977
0.163036,1,0.129437
0.088243,1,0.077426
0.121944,1,0.102024
0.075447,1,0.015336
0.174650,1,0.192737
0.184524,1,0.192735
0.126462,1,0.116551
0.093744,1,0.016806
0.144128,1,0.187784
0.167013,1,0.192092
0.140485,1,0.187785
0.112627,1,0.066546
0.138419,1,0.090755
0.130567,1,0.160865
0.174650,1,0.192737
0.114041,1,0.106531
0.082901,1,0.032986
0.133878,1,0.084812
0.109106,1,0.088092
0.156815,1,0.168771
0.126462,1,0.116551
0.174650,1,0.192737
0.174650,1,0.192737
0.153748,1,0.192813
0.130567,1,0.160865
0.121158,1,0.113976
0.131508,1,0.109918
0.131834,1,0.109345
0.121579,1,0.097745
0.114778,1,0.068574
0.088243,1,0.077426
0.165552,1,0.116652
0.109106,1,0.088092
0.174650,1,0.192737
0.121749,1,0.116533
0.109664,1,0.082851
0.087740,1,0.023763
0.091577,1,0.007650
0.091817,1,0.055425
0.119644,1,0.113619
0.153897,1,0.109287
0.140108,1,0.115205
0.084547,1,0.023504
0.091107,1,0.023760
0.140459,1,0.087673
0.135430,1,0.160864
0.081724,1,0.007655
0.075447,1,0.015336
0.072087,1,0.111517
0.070317,1,0.030157
0.054480,1,0.261919
0.051836,1,0.014890
0.052485,1,0.044333
0.059718,1,0.043685
0.063266,1,0.012897
0.069964,1,0.089508
0.043214,1,0.028214
0.056562,1,0.082087
0.058255,1,0.183156
0.072976,1,0.045349
0.066500,1,0.283519
0.086697,1,0.332468
0.056710,1,0.227177
0.048360,1,0.004751
0.060595,1,0.283039
0.053141,1,0.077267
0.045749,1,0.153632
0.053868,1,0.334822
0.048248,1,0.168353
0.071570,1,0.284299
0.057790,1,0.041381
0.057247,1,0.198966
0.074584,1,0.021540
0.053957,1,0.015800
0.107297,1,0.079732
0.053839,1,0.006885
0.051230,1,0.285367
0.064055,1,0.025003
0.084203,1,0.042190
0.061278,1,0.111282
0.050815,1,0.023337
0.098038,1,0.149303
0.066713,1,0.284150
0.077779,1,0.053322
0.062270,1,0.314538
0.089456,1,0.079053
0.110804,1,0.277484
0.046324,1,0.027831
0.056169,1,0.081820
0.064641,1,0.027627
0.072887,1,0.055093
0.053499,1,0.227498
0.047629,1,0.140730
0.093049,1,0.347709
0.061440,1,0.012645
0.062849,1,0.025524
0.062270,1,0.314538
0.083879,1,0.035797
0.174591,1,0.226900
0.194648,1,0.234136
0.152727,1,0.112945
0.280473,0,0.273541
0.168573,1,0.129047
0.126058,1,0.193328
0.149144,1,0.136529
0.257416,0,0.186622
0.214902,0,0.242047
0.164044,1,0.153829
0.162460,1,0.122905
0.171342,1,0.122931
0.142090,1,0.070292
0.053856,1,0.000198
0.292405,0,0.269444
0.135676,1,0.154271
0.185557,1,0.228723
0.181454,1,0.124312
0.260361,0,0.227282
0.163603,1,0.218638
0.218122,0,0.193175
0.180305,1,0.124160
0.116997,1,0.109457
0.208491,0,0.130873
0.168023,1,0.071891
0.082111,1,0.072340
0.262678,0,0.266583
0.227567,0,0.183853
0.160055,1,0.124150
0.108444,1,0.035222
0.083492,1,0.122133
0.164194,1,0.183573
0.198139,1,0.184695
0.131163,1,0.202741
0.115437,1,0.002021
0.168234,1,0.180611
0.219237,0,0.177857
0.084355,1,0.040307
0.143229,1,0.182088
0.153203,1,0.123851
0.223218,0,0.254597
0.261933,0,0.269336
0.174591,1,0.226900
0.119520,1,0.130736
0.155117,1,0.122568
0.293155,0,0.263216
0.273043,0,0.235972
0.234058,0,0.168482
0.125042,1,0.026809
0.108595,1,0.067615
0.139079,1,0.315259
0.183702,1,0.360898
0.173272,1,0.341653
0.106782,1,0.007067
0.153442,1,0.124729
0.137507,1,0.258240
0.114076,1,0.380483
0.164267,1,0.294471
0.051241,1,0.006045
0.155222,1,0.490634
0.156968,1,0.294455
0.221745,0,0.217858
0.143301,1,0.086750
0.096381,1,0.354245
0.145884,1,0.264060
0.170513,1,0.352687
0.187561,1,0.531667
0.142423,1,0.059666
0.064426,1,0.025483
0.226486,0,0.573490
0.139176,1,0.276619
0.179349,1,0.149212
0.046452,1,0.008646
0.152551,1,0.316894
0.062468,1,0.020153
0.113245,1,0.252401
0.133824,1,0.136816
0.104728,1,0.043802
0.147832,1,0.107895
0.204837,0,0.544472
0.121700,1,0.291740
0.159799,1,0.245820
0.231347,0,0.519962
0.156304,1,0.305379
0.156428,1,0.292449
0.122883,1,0.096244
0.161020,1,0.371904
0.110361,1,0.087446
0.158517,1,0.299004
0.130746,1,0.277278
0.212894,0,0.554438
0.059968,1,0.004700
0.199203,1,0.502313
0.066261,1,0.007650
0.131869,1,0.258788
0.148277,1,0.304241
0.219337,0,0.220081
0.156227,1,0.296941
0.170987,1,0.333121
0.058398,1,0.050367
0.268019,0,0.410069
0.179935,1,0.337279
0.168329,1,0.121263
0.068024,1,0.049726
0.180023,1,0.415445
0.166718,1,0.127068
0.119403,1,0.070750
0.155342,1,0.099308
0.183553,1,0.453820
0.135161,1,0.155794
0.204105,0,0.475504
0.090215,1,0.017414
0.102279,1,0.090224
0.053019,1,0.030711
0.190423,1,0.406904
0.087541,1,0.028734
0.132020,1,0.240457
0.153063,1,0.145727
0.192919,1,0.465675
0.100134,1,0.015469
0.154003,1,0.126815
0.104699,1,0.115170
0.089030,1,0.071514
0.071681,1,0.025242
0.112807,1,0.147768
0.075189,1,0.028583
0.088527,1,0.024532
0.135136,1,0.141690
0.188998,1,0.474449
0.075189,1,0.028583
0.204105,0,0.475504
0.070884,1,0.009998
0.085576,1,0.036705
0.139909,1,0.095600
0.218289,0,0.442745
0.100877,1,0.041792
0.199126,1,0.468834
0.083852,1,0.026258
0.098366,1,0.025154
0.131314,1,0.143890
0.130667,1,0.200136
0.171239,1,0.113100
0.142239,1,0.155337
0.071371,1,0.037594
0.224360,0,0.395828
0.130828,1,0.254008
0.098449,1,0.050140
0.100869,1,0.160967
0.103561,1,0.039496
0.087082,1,0.069622
0.201484,0,0.373314
0.201051,0,0.198193
0.185986,1,0.329008
0.204348,0,0.286763
0.100443,1,0.037488
0.072546,1,0.050731
0.191167,1,0.207963
0.220048,0,0.448063
0.201035,0,0.073344
0.224751,0,0.373316
0.097573,1,0.216066
0.226730,0,0.207951
0.226940,0,0.375771
0.193331,1,0.336475
0.212034,0,0.196590
0.209674,0,0.324609
0.105631,1,0.061483
0.107277,1,0.156219
0.211214,0,0.372314
0.177000,1,0.216824
0.181226,1,0.215757
0.217073,0,0.373222
0.185986,1,0.329008
0.117389,1,0.020452
0.143620,1,0.118422
0.181033,1,0.202906
0.136998,1,0.158851
0.169480,1,0.172688
0.225954,0,0.201588
0.223513,0,0.228725
0.101546,1,0.029793
0.185786,1,0.203308
0.154607,1,0.267482
0.109945,1,0.032875
0.234270,0,0.446771
0.224187,0,0.285143
0.147157,1,0.267242
0.204348,0,0.286763
0.231293,0,0.363658
0.224187,0,0.285143
0.195997,1,0.227069
0.165141,1,0.175084
0.077667,1,0.111774
0.069962,1,0.001590
0.218627,0,0.375212
0.211674,0,0.322591
0.228202,0,0.201767
0.182463,1,0.198242
0.079912,1,0.111761
0.189245,1,0.218055
0.124729,1,0.204426
0.223303,0,0.262282
0.150523,1,0.219618
0.073786,1,0.024208
0.124002,1,0.158465
0.090876,1,0.013947
0.155763,1,0.165703
0.205336,0,0.208522
0.122910,1,0.066310
0.163927,1,0.179777
0.065336,1,0.005890
0.167429,1,0.162280
0.137655,1,0.227166
0.207966,0,0.269174
0.200558,0,0.272315
0.172366,1,0.135393
0.127519,1,0.163640
0.208484,0,0.272309
0.113102,1,0.155970
0.187648,1,0.237896
0.192204,1,0.249043
0.096035,1,0.048601
0.181981,1,0.176243
0.234168,0,0.221163
0.213846,0,0.144688
0.067505,1,0.000656
0.333780,0,0.239394
0.080564,1,0.053031
0.144357,1,0.175267
0.058073,1,0.019696
0.095842,1,0.027537
0.129523,1,0.149807
0.214677,0,0.269002
0.225713,0,0.259484
0.111747,1,0.054277
0.230928,0,0.250921
0.115796,1,0.110537
0.147383,1,0.187898
0.160932,1,0.081023
0.258930,0,0.207592
0.054433,1,0.005590
0.129095,1,0.171814
0.117165,1,0.126106
0.154262,1,0.065799
0.104747,1,0.031384
0.131205,1,0.213114
0.116478,1,0.157564
0.132248,1,0.125796
0.090667,1,0.033370
0.162948,1,0.212321
0.206970,0,0.196189
0.198024,1,0.259475
0.152966,1,0.313921
0.094430,1,0.036475
0.125753,1,0.069651
0.228887,0,0.223967
0.167586,1,0.393008
0.198231,1,0.287367
0.084817,1,0.020118
0.152414,1,0.141481
0.144698,1,0.086396
0.086145,1,0.013704
0.132320,1,0.162541
0.134668,1,0.143180
0.167206,1,0.141939
0.206390,0,0.411958
0.184043,1,0.156666
0.143999,1,0.130658
0.126949,1,0.084846
0.226198,0,0.256965
0.123219,1,0.115120
0.091404,1,0.014952
0.197439,1,0.162202
0.118471,1,0.150666
0.221441,0,0.252470
0.206192,0,0.184418
0.087801,1,0.043269
0.083157,1,0.006943
0.216040,0,0.291480
0.225728,0,0.270553
0.103048,1,0.125107
0.083494,1,0.097499
0.087755,1,0.012123
0.118978,1,0.040357
0.204516,0,0.332928
0.160558,1,0.172432
0.180676,1,0.266131
0.126625,1,0.094869
0.233480,0,0.437069
0.170650,1,0.302728
0.073540,1,0.056980
0.200529,0,0.086784
0.240336,0,0.312945
0.113544,1,0.111038
0.141396,1,0.073268
0.217851,0,0.100559
0.128389,1,0.234246
0.120935,1,0.008462
0.104953,1,0.085284
0.069488,1,0.026597
0.091212,1,0.716832
0.074347,1,0.540278
0.073511,1,0.307398
0.114538,1,0.594088
0.070468,1,0.175009
0.073777,1,0.721329
0.143536,1,0.518724
0.109190,1,0.710198
0.066537,1,0.192865
0.105648,1,0.579568
0.064410,1,0.479445
0.065123,1,0.068536
0.066677,1,0.241982
0.083792,1,0.669955
0.096772,1,0.464483
0.056280,1,0.055583
0.109557,1,0.702096
0.057873,1,0.030117
0.133593,1,0.578616
0.139701,1,0.682501
0.069816,1,0.097109
0.082044,1,0.398496
0.059973,1,0.133976
0.072408,1,0.473597
0.064789,1,0.445232
0.070934,1,0.452759
0.106662,1,0.673693
0.099083,1,0.559462
0.073544,1,0.512986
0.071806,1,0.230072
0.127162,1,0.603049
0.069393,1,0.627208
0.102797,1,0.682303
0.103028,1,0.034551
0.068196,1,0.257732
0.139128,1,0.670128
0.073627,1,0.147267
0.085467,1,0.489857
0.077584,1,0.552331
0.073777,1,0.721329
0.076348,1,0.000133
0.073627,1,0.147267
0.069072,1,0.339468
0.065020,1,0.007264
0.071930,1,0.272761
0.138151,1,0.682408
0.076046,1,0.476287
0.075540,1,0.009238
0.077403,1,0.443179
0.066512,1,0.104297
0.068607,1,0.005615
0.128312,1,0.167226
0.156788,1,0.105730
0.095137,1,0.019295
0.212731,0,0.234166
0.189837,1,0.215178
0.168897,1,0.181489
0.145331,1,0.180441
0.100358,1,0.093081
0.206200,0,0.183566
0.200585,0,0.180119
0.136818,1,0.045175
0.233728,0,0.193518
0.204400,0,0.180682
0.116037,1,0.067768
0.102081,1,0.102584
0.135002,1,0.055844
0.178019,1,0.141692
0.180321,1,0.218144
0.073513,1,0.024728
0.340131,0,0.362216
0.317293,0,0.342455
0.131201,1,0.166912
0.225032,0,0.194287
0.171106,1,0.138313
0.203875,0,0.132000
0.122973,1,0.068778
0.134376,1,0.188613
0.293404,0,0.292179
0.204095,0,0.199725
0.164588,1,0.172797
0.143741,1,0.213345
0.129860,1,0.126298
0.236216,0,0.259243
0.132543,1,0.065867
0.181008,1,0.203776
0.095675,1,0.046298
0.330917,0,0.323355
0.095024,1,0.037083
0.311953,0,0.361284
0.246941,0,0.213817
0.138798,1,0.170060
0.115234,1,0.060238
0.080609,1,0.031393
0.303423,0,0.345305
0.092967,1,0.039328
0.121088,1,0.119482
0.199980,1,0.173386
0.351142,0,0.370855
0.137132,1,0.104109
0.109583,1,0.094494
0.312257,0,0.689418
0.193670,1,0.612204
0.202129,0,0.241727
0.096313,1,0.042083
0.167470,1,0.401091
0.189642,1,0.604062
0.074618,1,0.011209
0.163446,1,0.176258
0.180551,1,0.501194
0.091187,1,0.076972
0.123449,1,0.195465
0.133107,1,0.362392
0.103738,1,0.198514
0.277229,0,0.580123
0.206395,0,0.224780
0.152072,1,0.132539
0.297051,0,0.425274
0.147990,1,0.055586
0.243585,0,0.352533
0.208986,0,0.755453
0.340816,0,0.496513
0.235328,0,0.571328
0.162120,1,0.256530
0.199235,1,0.294039
0.120634,1,0.327822
0.156741,1,0.049848
0.075116,1,0.071631
0.202305,0,0.070165
0.217313,0,0.240040
0.183408,1,0.109843
0.333407,0,0.529638
0.160676,1,0.496536
0.193139,1,0.304935
0.255452,0,0.336343
0.162243,1,0.407720
0.241949,0,0.439847
0.206428,0,0.294221
0.254363,0,0.604743
0.161667,1,0.041008
0.110452,1,0.179768
0.129938,1,0.233486
0.172127,1,0.410358
0.162366,1,0.262429
0.127969,1,0.085855
0.242511,0,0.443089
0.171510,1,0.284596
0.170387,1,0.384462
0.119743,1,0.043679
0.185266,1,0.252530
0.094152,1,0.264778
0.050897,1,0.164251
0.098674,1,0.077262
0.105066,1,0.094731
0.105158,1,0.152498
0.069954,1,0.151263
0.091101,1,0.453639
0.111888,1,0.265311
0.069848,1,0.238194
0.084175,1,0.073968
0.106453,1,0.232163
0.149296,1,0.271071
0.060026,1,0.098596
0.073120,1,0.477692
0.156887,1,0.212674
0.078110,1,0.525217
0.071550,1,0.092994
0.093869,1,0.274286
0.072417,1,0.174236
0.094941,1,0.500117
0.118582,1,0.278754
0.091228,1,0.079406
0.071250,1,0.438412
0.169051,1,0.249177
0.069939,1,0.046093
0.081611,1,0.253329
0.063441,1,0.120051
0.077004,1,0.437441
0.088282,1,0.530122
0.059662,1,0.243625
0.064147,1,0.243622
0.073367,1,0.104169
0.105158,1,0.152498
0.104552,1,0.258032
0.074089,1,0.120538
0.054721,1,0.055331
0.087594,1,0.485311
0.094818,1,0.259043
0.042697,1,0.078902
0.113058,1,0.238141
0.093329,1,0.254325
0.142457,1,0.276194
0.059936,1,0.077032
0.157740,1,0.278628
0.066590,1,0.093289
0.097742,1,0.248522
0.179946,1,0.258578
0.070219,1,0.465904
0.074062,1,0.104372
0.143229,1,0.282294
0.176830,1,0.171484
0.302656,0,0.272220
0.247640,0,0.376413
0.109089,1,0.214030
0.381792,0,0.247807
0.306194,0,0.195158
0.171091,1,0.116570
0.262332,0,0.342385
0.160200,1,0.032972
0.219531,0,0.486908
0.183806,1,0.071039
0.258184,0,0.247110
0.105318,1,0.036437
0.156227,1,0.166677
0.167561,1,0.195766
0.407486,0,0.253870
0.164946,1,0.391631
0.146440,1,0.163949
0.266717,0,0.216346
0.203396,0,0.139377
0.253558,0,0.341745
0.228268,0,0.413762
0.224767,0,0.484111
0.260655,0,0.271933
0.155537,1,0.067001
0.073534,1,0.073592
0.093664,1,0.013172
0.068505,1,0.008415
0.071479,1,0.016522
0.401809,0,0.246866
0.173599,1,0.143268
0.289422,0,0.075990
0.360564,0,0.572212
0.086677,1,0.007132
0.155406,1,0.159757
0.352119,0,0.105009
0.225996,0,0.390227
0.209134,0,0.420272
0.381639,0,0.405243
0.205984,0,0.376969
0.182315,1,0.136786
0.262150,0,0.298843
0.243771,0,0.145218
0.206199,0,0.343735
0.230139,0,0.242048
0.270194,0,0.307688
0.234554,0,0.264563
0.382341,0,0.257151
0.213903,0,0.214863
0.240300,0,0.456084
0.232360,0,0.342187
0.084863,1,0.188048
0.223351,0,0.346092
0.159445,1,0.117731
0.108320,1,0.074661
0.145842,1,0.186947
0.151674,1,0.132048
0.135890,1,0.210528
0.163524,1,0.079571
0.189119,1,0.340149
0.107280,1,0.096050
0.119488,1,0.228004
0.063360,1,0.000053
0.126901,1,0.118664
0.188090,1,0.145600
0.123536,1,0.158791
0.113945,1,0.169446
0.061910,1,0.153657
0.131628,1,0.177114
0.212149,0,0.346428
0.071993,1,0.090011
0.138868,1,0.116946
0.132935,1,0.093801
0.199290,1,0.338449
0.135333,1,0.263219
0.119459,1,0.179385
0.202448,0,0.344949
0.187999,1,0.340116
0.215463,0,0.346084
0.219618,0,0.343259
0.053561,1,0.010755
0.113570,1,0.076864
0.149595,1,0.182491
0.168331,1,0.205159
0.202448,0,0.344949
0.134274,1,0.087547
0.101118,1,0.176447
0.212187,0,0.137804
0.091747,1,0.135795
0.083906,1,0.145828
0.080859,1,0.149881
0.096398,1,0.020691
0.140605,1,0.118491
0.109491,1,0.166448
0.077232,1,0.153652
0.060012,1,0.039404
0.206169,0,0.128145
0.059062,1,0.030693
0.110382,1,0.084722
0.214097,0,0.295946
0.153675,1,0.347089
0.137307,1,0.107604
0.118451,1,0.120747
0.089492,1,0.002599
0.083998,1,0.038335
0.124318,1,0.137823
0.091148,1,0.024567
0.126081,1,0.300926
0.118364,1,0.309590
0.131765,1,0.165289
0.185947,1,0.608353
0.132463,1,0.313232
0.119897,1,0.303878
0.162004,1,0.441738
0.127348,1,0.209481
0.117867,1,0.083180
0.152399,1,0.086408
0.086500,1,0.131463
0.099346,1,0.036875
0.102156,1,0.067582
0.110591,1,0.171446
0.107952,1,0.080420
0.136396,1,0.375946
0.143915,1,0.140158
0.132463,1,0.313232
0.075944,1,0.050611
0.061110,1,0.033593
0.097957,1,0.029729
0.125077,1,0.084873
0.137913,1,0.262659
0.098061,1,0.168139
0.122266,1,0.079270
0.132535,1,0.264044
0.127867,1,0.305305
0.117708,1,0.156132
0.106445,1,0.151196
0.095965,1,0.039336
0.119765,1,0.069755
0.130322,1,0.173234
0.145984,1,0.593100
0.098271,1,0.133317
0.132329,1,0.187410
0.093230,1,0.054045
0.123549,1,0.226045
0.078412,1,0.070380
0.145360,1,0.366498
0.136749,1,0.362196
0.087237,1,0.033967
0.059344,1,0.006532
0.098789,1,0.047900
0.134616,1,0.057919
0.144133,1,0.080290
0.237701,0,0.487367
0.102437,1,0.032782
0.201957,0,0.204497
0.185458,1,0.206373
0.177097,1,0.222572
0.188900,1,0.208488
0.110746,1,0.042101
0.105139,1,0.311451
0.102437,1,0.032782
0.130096,1,0.350093
0.196800,1,0.236267
0.108751,1,0.144699
0.260829,0,0.487084
0.167473,1,0.207859
0.120431,1,0.085151
0.128670,1,0.223766
0.164926,1,0.237440
0.177812,1,0.217267
0.225950,0,0.488731
0.139147,1,0.181466
0.213952,0,0.299654
0.174108,1,0.207318
0.107434,1,0.034114
0.202382,0,0.219827
0.113649,1,0.170264
0.123542,1,0.224962
0.202819,0,0.230927
0.164515,1,0.268678
0.107704,1,0.113389
0.049153,1,0.000468
0.127068,1,0.038072
0.207694,0,0.240297
0.100387,1,0.050457
0.179047,1,0.350086
0.175047,1,0.224418
0.174644,1,0.212339
0.162112,1,0.141664
0.208844,0,0.219666
0.136898,1,0.163599
0.190635,1,0.210725
0.105805,1,0.055587
0.174022,1,0.204288
0.098253,1,0.030775
0.144282,1,0.164389
0.124251,1,0.057992
0.075644,1,0.095126
0.119131,1,0.095054
0.133198,1,0.147382
0.053955,1,0.082279
0.069671,1,0.060388
0.095718,1,0.340738
0.129599,1,0.114924
0.122163,1,0.086392
0.113475,1,0.059634
0.076488,1,0.110502
0.115436,1,0.074893
0.061192,1,0.007861
0.079497,1,0.023363
0.118530,1,0.134202
0.137600,1,0.322547
0.069878,1,0.283208
0.056819,1,0.022396
0.119093,1,0.081624
0.107585,1,0.379433
0.088956,1,0.272242
0.068319,1,0.079070
0.098231,1,0.140218
0.078394,1,0.086440
0.102115,1,0.099206
0.094149,1,0.044866
0.108056,1,0.151446
0.149558,1,0.281950
0.082309,1,0.057203
0.083749,1,0.308742
0.090029,1,0.195498
0.097130,1,0.008730
0.135080,1,0.252644
0.205381,0,0.055155
0.065184,1,0.135102
0.088960,1,0.132669
0.100180,1,0.244284
0.058777,1,0.032614
0.119343,1,0.331154
0.106642,1,0.090162
0.136697,1,0.087042
0.076757,1,0.202527
0.071883,1,0.153642
0.088415,1,0.024604
0.086347,1,0.223962
0.068359,1,0.157749
0.103826,1,0.169816
0.137904,1,0.277423
0.099894,1,0.272065
0.127090,1,0.106604
0.111513,1,0.322052
0.123272,1,0.086588
0.083299,1,0.079146
0.061594,1,0.029919
0.169045,1,0.190106
0.231423,0,0.416406
0.127675,1,0.033007
0.215946,0,0.287816
0.194645,1,0.249991
0.201026,0,0.318891
0.104227,1,0.072023
0.128277,1,0.032299
0.211125,0,0.214496
0.199382,1,0.371995
0.135823,1,0.027097
0.241857,0,0.374664
0.128998,1,0.025985
0.147752,1,0.053946
0.112251,1,0.044054
0.078149,1,0.011979
0.140100,1,0.028435
0.121956,1,0.059482
0.168119,1,0.216563
0.258157,0,0.375192
0.164946,1,0.149336
0.113191,1,0.044148
0.171877,1,0.156738
0.123937,1,0.064222
0.279986,0,0.334817
0.167083,1,0.387069
0.159938,1,0.043339
0.184721,1,0.132560
0.223115,0,0.420739
0.201132,0,0.280518
0.105428,1,0.059657
0.188955,1,0.183962
0.299045,0,0.399922
0.068615,1,0.002297
0.209676,0,0.216008
0.186625,1,0.422794
0.147648,1,0.036160
0.174564,1,0.412853
0.137849,1,0.080286
0.101094,1,0.084486
0.122184,1,0.033268
0.176172,1,0.213062
0.201411,0,0.327764
0.149314,1,0.107976
0.231693,0,0.422338
0.095493,1,0.024023
0.257108,0,0.401898
0.255076,0,0.487771
0.168333,1,0.218702
0.139677,1,0.027246
0.134167,1,0.061556
0.074791,1,0.061702
0.299780,0,0.247312
0.142343,1,0.311439
0.146757,1,0.232567
0.067070,1,0.004533
0.146968,1,0.269626
0.203838,0,0.244533
0.284985,0,0.289247
0.068911,1,0.004707
0.295379,0,0.272390
0.161048,1,0.131159
0.054774,1,0.018247
0.191806,1,0.334408
0.143507,1,0.312143
0.184138,1,0.198951
0.119156,1,0.071411
0.155640,1,0.254541
0.118312,1,0.080006
0.171850,1,0.241233
0.146638,1,0.198581
0.300792,0,0.285151
0.277341,0,0.368377
0.265678,0,0.264364
0.091334,1,0.013437
0.151601,1,0.269624
0.277660,0,0.278925
0.270890,0,0.402685
0.258874,0,0.167834
0.280331,0,0.368196
0.218297,0,0.120782
0.091459,1,0.010043
0.051142,1,0.160075
0.079364,1,0.018682
0.137223,1,0.042370
0.158744,1,0.181267
0.303726,0,0.274777
0.145175,1,0.204280
0.116914,1,0.133205
0.232763,0,0.261944
0.153894,1,0.247868
0.298316,0,0.261101
0.084755,1,0.076811
0.074332,1,0.093416
0.086664,1,0.021239
0.294197,0,0.403292
0.045683,1,0.000950
0.268259,0,0.218970
0.111921,1,0.053714
0.291552,0,0.297776
0.073755,1,0.021365
0.118518,1,0.241312
0.125198,1,0.081284
0.108558,1,0.023818
0.131884,1,0.147671
0.059228,1,0.002132
0.088419,1,0.115119
0.128739,1,0.085030
0.089261,1,0.127588
0.097808,1,0.076872
0.131143,1,0.363817
0.110773,1,0.026118
0.128322,1,0.311688
0.089114,1,0.079423
0.111770,1,0.022340
0.089261,1,0.127588
0.092961,1,0.118399
0.115597,1,0.163832
0.080809,1,0.060927
0.120843,1,0.221696
0.127158,1,0.152527
0.134456,1,0.191933
0.159038,1,0.299468
0.109364,1,0.192667
0.102190,1,0.164262
0.117102,1,0.097841
0.060080,1,0.004470
0.112792,1,0.087940
0.110487,1,0.110217
0.120196,1,0.105469
0.122148,1,0.118819
0.131106,1,0.213314
0.138255,1,0.127759
0.118746,1,0.091429
0.103828,1,0.234483
0.143287,1,0.144027
0.064456,1,0.021008
0.130924,1,0.105927
0.060534,1,0.013458
0.099962,1,0.209122
0.112165,1,0.155951
0.169049,1,0.262877
0.163550,1,0.210526
0.076846,1,0.020911
0.100146,1,0.107713
0.078047,1,0.056715
0.137857,1,0.209129
0.171247,1,0.368743
0.138994,1,0.052153
0.137769,1,0.010098
0.176627,1,0.162868
0.095625,1,0.109151
0.128896,1,0.147756
0.071283,1,0.005932
0.129238,1,0.183321
0.103844,1,0.113046
0.126897,1,0.224999
0.087595,1,0.061373
0.117017,1,0.086194
0.231864,0,0.334286
0.147891,1,0.171153
0.166205,1,0.207538
0.151420,1,0.233819
0.203014,0,0.308069
0.104235,1,0.055378
0.134816,1,0.232307
0.070201,1,0.013510
0.109719,1,0.165726
0.078412,1,0.048567
0.136213,1,0.236079
0.070452,1,0.035687
0.152726,1,0.120484
0.123637,1,0.165916
0.140068,1,0.336733
0.122842,1,0.215669
0.103637,1,0.152871
0.108299,1,0.065174
0.086110,1,0.071981
0.064441,1,0.003370
0.102926,1,0.131705
0.126556,1,0.256734
0.119329,1,0.217708
0.129445,1,0.224678
0.075645,1,0.034197
0.067250,1,0.044328
0.095832,1,0.034170
0.070452,1,0.035687
0.205230,0,0.229292
0.155692,1,0.162045
0.111520,1,0.061018
0.117521,1,0.103370
0.184421,1,0.202382
0.177712,1,0.221039
0.218320,0,0.459832
0.110636,1,0.021386
0.141157,1,0.271596
0.096442,1,0.078313
0.109840,1,0.085368
0.094864,1,0.084431
0.190058,1,0.398104
0.104206,1,0.260391
0.109537,1,0.280433
0.108912,1,0.068090
0.060194,1,0.007424
0.094890,1,0.061580
0.076364,1,0.099283
0.081236,1,0.057828
0.092862,1,0.454643
0.065075,1,0.227167
0.145102,1,0.145167
0.114075,1,0.259342
0.090551,1,0.060533
0.097909,1,0.155007
0.142676,1,0.145875
0.116501,1,0.238150
0.094125,1,0.501657
0.084632,1,0.048432
0.137192,1,0.273628
0.152241,1,0.463172
0.110640,1,0.093087
0.143864,1,0.275197
0.105707,1,0.192919
0.084681,1,0.061515
0.106043,1,0.105703
0.101902,1,0.080870
0.091346,1,0.265546
0.122884,1,0.279078
0.097956,1,0.059716
0.112001,1,0.405788
0.149187,1,0.271142
0.084966,1,0.241259
0.115753,1,0.162268
0.075570,1,0.066551
0.112454,1,0.521754
0.104796,1,0.524127
0.068044,1,0.014994
0.106611,1,0.400320
0.134479,1,0.289771
0.128682,1,0.214181
0.073531,1,0.374656
0.108655,1,0.180688
0.143349,1,0.160702
0.131921,1,0.279202
0.100170,1,0.308680
0.148827,1,0.272327
0.104402,1,0.387682
0.162556,1,0.191482
0.105116,1,0.524440
0.104769,1,0.238823
0.152029,1,0.278277
0.085166,1,0.177502
0.163266,1,0.208895
0.107462,1,0.351216
0.065329,1,0.124352
0.090291,1,0.144415
0.143629,1,0.278495
0.123468,1,0.307567
0.077221,1,0.033465
0.121750,1,0.202326
0.126085,1,0.234973
0.107289,1,0.033423
0.157644,1,0.068116
0.149460,1,0.235477
0.167087,1,0.255359
0.093553,1,0.096040
0.135701,1,0.280075
0.059473,1,0.076661
0.115219,1,0.315559
0.072230,1,0.068883
0.131595,1,0.149182
0.061674,1,0.042913
0.157198,1,0.315948
0.143916,1,0.218155
0.160465,1,0.298284
0.102406,1,0.028663
0.065979,1,0.037255
0.063991,1,0.013859
0.084316,1,0.014713
0.082922,1,0.108435
0.166669,1,0.067978
0.132055,1,0.104428
0.103319,1,0.295384
0.105839,1,0.076320
0.171142,1,0.254412
0.103999,1,0.345319
0.156761,1,0.161546
0.070775,1,0.014510
0.165947,1,0.293023
0.076049,1,0.073804
0.089809,1,0.134005
0.102534,1,0.012181
0.226151,0,0.312406
0.072389,1,0.009406
0.093586,1,0.153414
0.146989,1,0.299991
0.098801,1,0.368594
0.095006,1,0.146648
0.076955,1,0.098535
0.097104,1,0.389636
0.076675,1,0.085756
0.103000,1,0.200802
0.097379,1,0.300631
0.086760,1,0.273403
0.116273,1,0.125904
0.099802,1,0.381244
0.103957,1,0.213689
0.096522,1,0.144213
0.088440,1,0.209995
0.119425,1,0.268646
0.106941,1,0.338105
0.096611,1,0.358444
0.104690,1,0.223927
0.125841,1,0.192065
0.115387,1,0.341876
0.091861,1,0.178981
0.115304,1,0.227477
0.335068,0,0.019941
0.081269,1,0.143896
0.106394,1,0.302625
0.140708,1,0.292256
0.101758,1,0.234463
0.097456,1,0.222717
0.072920,1,0.075136
0.065755,1,0.024080
0.128222,1,0.296565
0.089501,1,0.083610
0.101758,1,0.234463
0.058232,1,0.029306
0.102147,1,0.254062
0.056310,1,0.029584
0.113302,1,0.415698
0.089677,1,0.042749
0.108623,1,0.236738
0.336477,0,0.040602
0.070995,1,0.314091
0.070320,1,0.070299
0.076163,1,0.153826
0.150927,1,0.481578
0.144467,1,0.324212
0.136484,1,0.458895
0.086107,1,0.075259
0.095982,1,0.229346
0.164766,1,0.296996
0.106269,1,0.107539
0.069839,1,0.084995
0.077442,1,0.119509
0.145877,1,0.292456
0.125953,1,0.274451
0.082811,1,0.182802
0.101460,1,0.244977
0.244529,0,0.300211
0.192207,1,0.205326
0.289291,0,0.480336
0.269758,0,0.350128
0.078979,1,0.116040
0.133344,1,0.068717
0.044677,1,0.058206
0.111488,1,0.080052
0.282236,0,0.479553
0.194388,1,0.124768
0.289407,0,0.474287
0.252041,0,0.304095
0.270320,0,0.289542
0.078979,1,0.116040
0.233705,0,0.321657
0.250646,0,0.242253
0.095649,1,0.106375
0.300827,0,0.341153
0.109348,1,0.164394
0.305472,0,0.428780
0.179325,1,0.172439
0.193653,1,0.351330
0.288054,0,0.480383
0.282767,0,0.339775
0.163691,1,0.203888
0.263162,0,0.359482
0.254962,0,0.299992
0.110623,1,0.186321
0.236476,0,0.310133
0.258152,0,0.254974
0.104630,1,0.036342
0.086260,1,0.130593
0.079833,1,0.263738
0.132544,1,0.143817
0.230035,0,0.425584
0.283184,0,0.354884
0.258794,0,0.359164
0.270655,0,0.462219
0.142557,1,0.068163
0.189400,1,0.304938
0.294789,0,0.328092
0.142522,1,0.224685
0.088607,1,0.371417
0.113409,1,0.079536
0.163223,1,0.271272
0.218195,0,0.307125
0.088469,1,0.284079
0.296633,0,0.479564
0.266103,0,0.320855
0.175510,1,0.218749
0.089776,1,0.199883
0.083704,1,0.278832
0.096875,1,0.205117
0.120989,1,0.214263
0.078811,1,0.302714
0.074478,1,0.064286
0.103858,1,0.427044
0.079032,1,0.296991
0.061666,1,0.036200
0.047729,1,0.000184
0.079930,1,0.081258
0.064148,1,0.073354
0.089579,1,0.316222
0.075545,1,0.286569
0.106671,1,0.246600
0.075383,1,0.119867
0.103469,1,0.174811
0.060356,1,0.080862
0.099332,1,0.598379
0.054405,1,0.063130
0.075545,1,0.286569
0.064923,1,0.073487
0.053268,1,0.006045
0.103705,1,0.142561
0.080521,1,0.134934
0.066448,1,0.321448
0.070563,1,0.005233
0.078546,1,0.241760
0.089879,1,0.123515
0.105150,1,0.601102
0.077704,1,0.115964
0.106364,1,0.561902
0.100862,1,0.166007
0.109240,1,0.212620
0.114552,1,0.133430
0.091581,1,0.367238
0.100862,1,0.166007
0.077545,1,0.323983
0.074625,1,0.156274
0.106671,1,0.246600
0.114581,1,0.522378
0.080521,1,0.134934
0.100952,1,0.193749
0.106417,1,0.596573
0.070520,1,0.071911
0.060274,1,0.130816
0.102130,1,0.439891
0.116149,1,0.577483
0.080342,1,0.270417
0.092907,1,0.527983
0.158664,1,0.196793
0.106467,1,0.055030
0.276490,0,0.200268
0.134489,1,0.041039
0.152976,1,0.076398
0.181986,1,0.100848
0.130587,1,0.138928
0.207651,0,0.323847
0.206004,0,0.337403
0.202313,0,0.172663
0.212191,0,0.051339
0.137410,1,0.117737
0.181175,1,0.273399
0.128539,1,0.200310
0.110979,1,0.052306
0.122547,1,0.088273
0.183625,1,0.148660
0.149617,1,0.248418
0.162121,1,0.170406
0.256304,0,0.198254
0.100323,1,0.047082
0.201255,0,0.351956
0.248245,0,0.345064
0.160170,1,0.236571
0.313009,0,0.319093
0.257191,0,0.172026
0.200416,0,0.148869
0.114988,1,0.006914
0.245279,0,0.256758
0.240420,0,0.105934
0.255705,0,0.264269
0.261322,0,0.145965
0.209758,0,0.201375
0.128908,1,0.092769
0.228947,0,0.202951
0.202495,0,0.289391
0.168701,1,0.288813
0.108985,1,0.073011
0.098968,1,0.034941
0.190167,1,0.202521
0.140112,1,0.033239
0.184680,1,0.250170
0.219078,0,0.153471
0.200070,0,0.317670
0.169191,1,0.306311
0.272395,0,0.219246
0.184955,1,0.283697
0.167190,1,0.056083
0.187847,1,0.169731
0.090280,1,0.056925
0.086345,1,0.113436
0.124816,1,0.121188
0.120000,1,0.154596
0.093129,1,0.134387
0.054426,1,0.000009
0.079183,1,0.103348
0.122614,1,0.074560
0.083898,1,0.041696
0.069938,1,0.012160
0.107080,1,0.144545
0.123996,1,0.096306
0.166088,1,0.278553
0.146063,1,0.049504
0.144128,1,0.199958
0.132090,1,0.199780
0.153322,1,0.285538
0.082957,1,0.065963
0.116849,1,0.084521
0.132496,1,0.088140
0.124162,1,0.139149
0.103612,1,0.112623
0.112469,1,0.027525
0.088483,1,0.009737
0.106227,1,0.093012
0.137861,1,0.354434
0.136687,1,0.208898
0.117874,1,0.165714
0.074990,1,0.023574
0.147776,1,0.215804
0.136859,1,0.241769
0.139866,1,0.324974
0.122614,1,0.074560
0.097803,1,0.135434
0.146994,1,0.019156
0.097771,1,0.129058
0.124049,1,0.302437
0.094615,1,0.123568
0.117435,1,0.176573
0.194829,1,0.347888
0.112469,1,0.027525
0.103612,1,0.112623
0.161248,1,0.285371
0.107062,1,0.162589
0.148538,1,0.159804
0.100356,1,0.138267
0.108534,1,0.109638
0.127044,1,0.062060
0.123012,1,0.139496
0.104891,1,0.227846
0.094208,1,0.079996
0.059684,1,0.002774
0.102051,1,0.128707
0.056640,1,0.010719
0.120051,1,0.095078
0.132609,1,0.302436
0.120480,1,0.204449
0.110548,1,0.293871
0.108004,1,0.256363
0.102669,1,0.268150
0.105401,1,0.018811
0.096979,1,0.435625
0.139829,1,0.166967
0.091545,1,0.267420
0.132029,1,0.190783
0.111697,1,0.170283
0.092033,1,0.113925
0.095935,1,0.188137
0.125316,1,0.149374
0.111586,1,0.094903
0.134336,1,0.130777
0.085445,1,0.046845
0.115891,1,0.431760
0.128523,1,0.129424
0.055284,1,0.238717
0.133535,1,0.117576
0.103363,1,0.272348
0.106539,1,0.138713
0.148621,1,0.138040
0.115681,1,0.148576
0.067400,1,0.014303
0.086188,1,0.120854
0.098966,1,0.141596
0.143518,1,0.116198
0.092120,1,0.195402
0.065838,1,0.304546
0.098979,1,0.083472
0.052366,1,0.045746
0.070589,1,0.040040
0.132461,1,0.383978
0.092541,1,0.268665
0.108936,1,0.220918
0.101618,1,0.191945
0.080854,1,0.180107
0.130411,1,0.153927
0.118775,1,0.311269
0.057117,1,0.046031
0.104287,1,0.254992
0.088582,1,0.211127
0.129283,1,0.104999
0.105228,1,0.178727
0.131577,1,0.385784
0.103998,1,0.052451
0.100916,1,0.144567
0.121604,1,0.101452
0.131988,1,0.098938
0.123033,1,0.088194
0.084834,1,0.080406
0.092545,1,0.086007
0.149090,1,0.185359
0.079296,1,0.001144
0.084796,1,0.025958
0.084902,1,0.033468
0.098037,1,0.060148
0.111849,1,0.110436
0.085710,1,0.013693
0.141749,1,0.096196
0.101858,1,0.018861
0.117022,1,0.067155
0.080212,1,0.002382
0.109486,1,0.089080
0.125883,1,0.138483
0.056717,1,0.008414
0.060497,1,0.012524
0.073585,1,0.090287
0.122712,1,0.041085
0.100377,1,0.100165
0.095403,1,0.161934
0.140664,1,0.301698
0.113490,1,0.030129
0.116645,1,0.126643
0.138339,1,0.104861
0.078782,1,0.016374
0.078944,1,0.156798
0.069514,1,0.013688
0.070976,1,0.002824
0.113274,1,0.106167
0.057766,1,0.001152
0.091325,1,0.015041
0.132943,1,0.287188
0.070202,1,0.010645
0.076473,1,0.044650
0.128535,1,0.170879
0.139618,1,0.263011
0.133543,1,0.178626
0.105680,1,0.020374
0.097436,1,0.173653
0.117992,1,0.038640
0.124772,1,0.044670
0.124109,1,0.041435
0.094628,1,0.077723
0.104206,1,0.203320
0.102441,1,0.186571
0.099080,1,0.254493
0.108607,1,0.049547
0.114655,1,0.413441
0.054001,1,0.012067
0.095169,1,0.142260
0.088490,1,0.274258
0.086220,1,0.145835
0.097082,1,0.131553
0.089816,1,0.014733
0.083499,1,0.091288
0.152712,1,0.294105
0.159719,1,0.245806
0.122743,1,0.334380
0.109041,1,0.209505
0.140726,1,0.185238
0.119789,1,0.272251
0.097234,1,0.056361
0.163175,1,0.252137
0.072160,1,0.023844
0.114981,1,0.216490
0.144639,1,0.566628
0.135595,1,0.257169
0.140326,1,0.256701
0.157011,1,0.211360
0.145354,1,0.640693
0.128597,1,0.372776
0.127225,1,0.471044
0.140862,1,0.252266
0.094421,1,0.074597
0.063782,1,0.026993
0.139458,1,0.254884
0.128416,1,0.060673
0.185048,1,0.347061
0.117589,1,0.204220
0.150468,1,0.179922
0.134417,1,0.264513
0.054635,1,0.009465
0.077095,1,0.073587
0.136006,1,0.301019
0.117670,1,0.240111
0.099058,1,0.185883
0.075145,1,0.041209
0.157139,1,0.212609
0.120642,1,0.440635
0.061901,1,0.106820
0.079560,1,0.054869
0.157694,1,0.349431
0.110486,1,0.592589
0.240279,0,0.500714
0.173802,1,0.175258
0.103555,1,0.048603
0.135728,1,0.247003
0.258370,0,0.513377
0.164190,1,0.343620
0.239654,0,0.500707
0.240425,0,0.504287
0.107307,1,0.038226
0.123030,1,0.059620
0.242892,0,0.515262
0.224418,0,0.476988
0.168647,1,0.263603
0.233488,0,0.494586
0.204944,0,0.265916
0.171162,1,0.404746
0.158218,1,0.251087
0.140651,1,0.136305
0.177933,1,0.281478
0.139648,1,0.191995
0.183060,1,0.240341
0.159059,1,0.238110
0.093890,1,0.019700
0.124487,1,0.033146
0.098362,1,0.078814
0.121813,1,0.146552
0.089242,1,0.080489
0.128377,1,0.153790
0.202022,0,0.157133
0.131329,1,0.102863
0.077139,1,0.174903
0.081499,1,0.018228
0.123073,1,0.152262
0.265706,0,0.502851
0.107307,1,0.038226
0.239314,0,0.483624
0.132605,1,0.152350
0.190457,1,0.385722
0.119562,1,0.144502
0.145332,1,0.141018
0.277837,0,0.472390
0.144639,1,0.276019
0.171510,1,0.101184
0.112814,1,0.067517
0.237206,0,0.493891
0.209107,0,0.504310
0.208828,0,0.159722
0.100020,1,0.061785
0.143604,1,0.072411
0.100755,1,0.058547
0.115229,1,0.088605
0.133045,1,0.165680
0.154063,1,0.217872
0.110443,1,0.077407
0.098951,1,0.047772
0.214642,0,0.527472
0.229455,0,0.358852
0.093396,1,0.077687
0.150599,1,0.159773
0.059162,1,0.005795
0.137446,1,0.148701
0.064188,1,0.000006
0.139160,1,0.275047
0.222075,0,0.422019
0.218197,0,0.328057
0.077385,1,0.004067
0.130495,1,0.112077
0.079535,1,0.036852
0.211195,0,0.185642
0.155677,1,0.176631
0.130416,1,0.070185
0.149461,1,0.129615
0.158224,1,0.188730
0.158530,1,0.186204
0.199664,1,0.523193
0.212237,0,0.314585
0.211196,0,0.482003
0.154079,1,0.113263
0.128975,1,0.113384
0.098980,1,0.044416
0.174779,1,0.094916
0.090003,1,0.027779
0.139114,1,0.241611
0.135514,1,0.109433
0.110021,1,0.021161
0.154639,1,0.172924
0.096744,1,0.136693
0.163819,1,0.219774
0.140116,1,0.130041
0.108813,1,0.192057
0.159751,1,0.156435
0.106412,1,0.230227
0.094858,1,0.023844
0.153356,1,0.207778
0.100386,1,0.089926
0.133400,1,0.262130
0.208726,0,0.476254
0.097085,1,0.066873
0.151646,1,0.235298
0.129968,1,0.136466
0.078984,1,0.171230
0.060130,1,0.258299
0.074294,1,0.136313
0.089593,1,0.472685
0.055627,1,0.076294
0.068456,1,0.150676
0.089813,1,0.121439
0.078613,1,0.124904
0.076943,1,0.151207
0.077636,1,0.446127
0.120343,1,0.125814
0.097237,1,0.121465
0.102485,1,0.479538
0.055179,1,0.054128
0.108782,1,0.404384
0.085854,1,0.036956
0.066344,1,0.135892
0.078518,1,0.498789
0.106856,1,0.079994
0.096476,1,0.471709
0.069747,1,0.475149
0.102485,1,0.479538
0.045666,1,0.077396
0.051176,1,0.022212
0.141273,1,0.461082
0.075469,1,0.137558
0.081792,1,0.534033
0.089578,1,0.410210
0.079849,1,0.090112
0.085107,1,0.354242
0.083412,1,0.387568
0.127882,1,0.318300
0.123581,1,0.500302
0.063749,1,0.198194
0.114412,1,0.126320
0.101448,1,0.271386
0.081344,1,0.500421
0.120959,1,0.137515
0.120040,1,0.255512
0.088037,1,0.528801
0.118100,1,0.205702
0.110354,1,0.139934
0.083538,1,0.495792
0.101675,1,0.400367
0.083974,1,0.032315
0.074903,1,0.261420
0.075469,1,0.137558
0.103197,1,0.180110
0.097868,1,0.215902
0.163706,1,0.393474
0.098143,1,0.034464
0.088967,1,0.015112
0.239674,0,0.360174
0.145791,1,0.254297
0.216138,0,0.361457
0.199655,1,0.272171
0.067181,1,0.045430
0.138443,1,0.128301
0.189729,1,0.027561
0.160147,1,0.226311
0.156221,1,0.376562
0.147068,1,0.249358
0.093318,1,0.022260
0.147321,1,0.218189
0.129135,1,0.145256
0.242004,0,0.306974
0.166933,1,0.185164
0.146351,1,0.040894
0.219282,0,0.242685
0.197049,1,0.239917
0.124227,1,0.103383
0.132139,1,0.134278
0.212080,0,0.375816
0.111474,1,0.061104
0.143806,1,0.085106
0.228233,0,0.220590
0.161283,1,0.064995
0.180484,1,0.234697
0.157099,1,0.196712
0.077213,1,0.062970
0.255678,0,0.409506
0.237033,0,0.436207
0.206341,0,0.205580
0.187681,1,0.319263
0.177633,1,0.161551
0.223876,0,0.257874
0.280298,0,0.430790
0.089806,1,0.047908
0.189546,1,0.234760
0.168628,1,0.150478
0.114690,1,0.015665
0.213975,0,0.435558
0.118176,1,0.103379
0.230530,0,0.306046
0.108164,1,0.053972
0.110548,1,0.201496
0.212631,0,0.297439
0.089971,1,0.005520
0.157504,1,0.119982
0.136809,1,0.157038
0.139401,1,0.204184
0.086640,1,0.038529
0.136723,1,0.049712
0.136056,1,0.195168
0.137159,1,0.135379
0.134144,1,0.241967
0.152594,1,0.132963
0.094663,1,0.111434
0.128873,1,0.065316
0.141912,1,0.193248
0.137171,1,0.192399
0.184726,1,0.136632
0.125922,1,0.240684
0.148877,1,0.127158
0.115744,1,0.187837
0.120371,1,0.051231
0.128810,1,0.141174
0.179613,1,0.334617
0.111187,1,0.201908
0.077401,1,0.016161
0.095393,1,0.063004
0.159022,1,0.370424
0.119171,1,0.197042
0.092909,1,0.017442
0.113595,1,0.170685
0.173598,1,0.477194
0.144294,1,0.258743
0.113782,1,0.097136
0.081121,1,0.033436
0.062488,1,0.013468
0.054826,1,0.007995
0.096120,1,0.074623
0.127193,1,0.129079
0.132585,1,0.081886
0.111924,1,0.030362
0.103655,1,0.126514
0.142649,1,0.107067
0.103554,1,0.163675
0.132176,1,0.115099
0.182982,1,0.369817
0.106942,1,0.124344
0.163090,1,0.420054
0.138783,1,0.109252
0.122816,1,0.200723
0.065315,1,0.164110
0.144626,1,0.133055
0.223760,0,0.473973
0.118344,1,0.174677
0.106997,1,0.115797
0.129831,1,0.218154
0.227502,0,0.404583
0.230258,0,0.239592
0.079446,1,0.075738
0.219238,0,0.599571
0.203730,0,0.268048
0.162730,1,0.230589
0.228825,0,0.450249
0.136594,1,0.153351
0.097720,1,0.067514
0.101429,1,0.037324
0.170099,1,0.342405
0.177756,1,0.307212
0.235297,0,0.289700
0.149319,1,0.186364
0.151355,1,0.294862
0.236059,0,0.383880
0.179785,1,0.074581
0.159036,1,0.141152
0.267486,0,0.436757
0.119127,1,0.013516
0.098022,1,0.021235
0.100503,1,0.038584
0.173215,1,0.122453
0.078131,1,0.015458
0.164534,1,0.222298
0.106174,1,0.064943
0.124777,1,0.158523
0.219238,0,0.599571
0.094939,1,0.013925
0.168026,1,0.257326
0.149359,1,0.098650
0.226936,0,0.269086
0.167933,1,0.262120
0.202183,0,0.291171
0.152725,1,0.308681
0.263575,0,0.430059
0.180588,1,0.355322
0.269620,0,0.431921
0.139618,1,0.142721
0.189972,1,0.200112
0.211075,0,0.364088
0.200808,0,0.244761
0.261159,0,0.474006
0.174940,1,0.280951
0.215440,0,0.336215
0.243270,0,0.360882
0.176197,1,0.392734
0.205188,0,0.200888
0.265876,0,0.389685
0.212151,0,0.198989
0.087857,1,0.171801
0.073897,1,0.043175
0.098564,1,0.229160
0.065245,1,0.068814
0.094269,1,0.241313
0.094304,1,0.108635
0.049954,1,0.000003
0.075762,1,0.278585
0.075018,1,0.152502
0.078639,1,0.138565
0.062790,1,0.064960
0.121309,1,0.233419
0.078420,1,0.018140
0.090375,1,0.209230
0.070544,1,0.218885
0.077044,1,0.218901
0.090564,1,0.233596
0.084075,1,0.220226
0.072229,1,0.172965
0.049954,1,0.000003
0.077833,1,0.123436
0.115356,1,0.276855
0.076913,1,0.176069
0.080147,1,0.221795
0.054885,1,0.068501
0.133129,1,0.233454
0.077964,1,0.092770
0.083471,1,0.109021
0.056224,1,0.010792
0.083483,1,0.185856
0.083694,1,0.063581
0.077629,1,0.158874
0.071677,1,0.210430
0.089830,1,0.011477
0.101495,1,0.083670
0.100874,1,0.019253
0.062000,1,0.004715
0.089429,1,0.131389
0.079345,1,0.171031
0.102361,1,0.242592
0.085899,1,0.242613
0.060932,1,0.083888
0.084568,1,0.218884
0.063702,1,0.020137
0.077764,1,0.039729
0.058953,1,0.020518
0.088908,1,0.120526
0.083746,1,0.146708
0.082875,1,0.125250
0.099316,1,0.229151
0.084508,1,0.132626
0.104750,1,0.333727
0.213241,0,0.000003
0.212767,0,0.000000
0.092522,1,0.146946
0.045786,1,0.000002
0.284548,0,0.000003
0.080668,1,0.000004
0.097455,1,0.318507
0.157925,1,0.361364
0.203135,0,0.002123
0.207885,0,0.000002
0.227536,0,0.002121
0.232581,0,0.000001
0.156167,1,0.374181
0.146239,1,0.000002
0.245056,0,0.000003
0.090413,1,0.040970
0.073269,1,0.207852
0.179766,1,0.331292
0.071958,1,0.031988
0.227064,0,0.000002
0.253368,0,0.000003
0.167703,1,0.252993
0.139681,1,0.127927
0.049621,1,0.201076
0.078893,1,0.131864
0.062820,1,0.044563
0.117337,1,0.068996
0.051155,1,0.114522
0.045685,1,0.000002
0.130438,1,0.120254
0.164786,1,0.000003
0.058989,1,0.201193
0.109657,1,0.086259
0.122795,1,0.087434
0.099157,1,0.000002
0.068095,1,0.003513
0.143798,1,0.000001
0.082429,1,0.123458
0.158593,1,0.265993
0.183579,1,0.000002
0.162792,1,0.419879
0.060042,1,0.012207
0.223784,0,0.000004
0.114245,1,0.102108
0.174486,1,0.256612
0.095147,1,0.111502
0.187864,1,0.450158
0.040552,1,0.000001
0.100194,1,0.500067
0.092524,1,0.056099
0.088739,1,0.041919
0.089065,1,0.097586
0.129596,1,0.173038
0.108713,1,0.428448
0.105142,1,0.148907
0.097798,1,0.118220
0.097139,1,0.408465
0.124782,1,0.500381
0.083375,1,0.043810
0.082631,1,0.082271
0.083649,1,0.033649
0.091778,1,0.065769
0.070759,1,0.015392
0.076641,1,0.322377
0.095610,1,0.101595
0.116526,1,0.342749
0.088190,1,0.105011
0.082185,1,0.122346
0.076805,1,0.068584
0.092642,1,0.066051
0.093397,1,0.157141
0.078531,1,0.408478
0.105834,1,0.097217
0.070614,1,0.029224
0.095205,1,0.012040
0.111344,1,0.060563
0.098367,1,0.059395
0.078237,1,0.090585
0.092254,1,0.514291
0.102879,1,0.093583
0.091505,1,0.287539
0.074842,1,0.119933
0.068138,1,0.000009
0.088981,1,0.032632
0.106546,1,0.166501
0.108337,1,0.117757
0.100230,1,0.001151
0.087620,1,0.046188
0.116609,1,0.056594
0.109114,1,0.112649
0.114253,1,0.381527
0.117495,1,0.217947
0.085442,1,0.018116
0.070703,1,0.071832
0.090082,1,0.023022
0.084381,1,0.113339
0.099777,1,0.123819
0.106707,1,0.027403
0.061169,1,0.047243
0.057078,1,0.027633
0.079339,1,0.021930
0.132933,1,0.544948
0.071352,1,0.004852
0.074348,1,0.179198
0.063409,1,0.005780
0.070564,1,0.028612
0.062941,1,0.019395
0.051725,1,0.048648
0.057423,1,0.002495
0.075321,1,0.029025
0.063490,1,0.071788
0.106652,1,0.346068
0.064238,1,0.007410
0.115510,1,0.420962
0.088439,1,0.067693
0.094131,1,0.024001
0.086178,1,0.120460
0.077845,1,0.131070
0.049661,1,0.034372
0.086272,1,0.074180
0.083551,1,0.107592
0.109512,1,0.432130
0.106850,1,0.161589
0.053931,1,0.057830
0.039177,1,0.003551
0.103964,1,0.322077
0.066187,1,0.042649
0.079306,1,0.125655
0.066644,1,0.043966
0.071563,1,0.028557
0.088900,1,0.037947
0.089445,1,0.240330
0.052891,1,0.185167
0.072575,1,0.074269
0.097537,1,0.033957
0.067434,1,0.035958
0.115194,1,0.171412
0.097133,1,0.032386
0.058201,1,0.058379
0.066261,1,0.072780
0.085516,1,0.118864
0.060725,1,0.034742
0.068592,1,0.102463
0.081987,1,0.095331
0.054746,1,0.056747
0.058001,1,0.015466
0.067485,1,0.037326
0.057630,1,0.050710
0.193854,1,0.526110
0.174559,1,0.359869
0.157168,1,0.483844
0.113013,1,0.128979
0.118052,1,0.292744
0.059246,1,0.195978
0.153888,1,0.584292
0.147528,1,0.103976
0.097712,1,0.292747
0.187191,1,0.470472
0.107967,1,0.292746
0.113013,1,0.128979
0.159803,1,0.195330
0.147384,1,0.550943
0.145867,1,0.562835
0.094159,1,0.037196
0.171395,1,0.340655
0.143723,1,0.435923
0.107024,1,0.129001
0.068943,1,0.000002
0.147061,1,0.446827
0.150186,1,0.435922
0.119402,1,0.129616
0.155937,1,0.586953
0.149342,1,0.140976
0.157168,1,0.483844
0.172750,1,0.550954
0.137297,1,0.226228
0.106914,1,0.080627
0.048034,1,0.078390
0.095510,1,0.099425
0.207512,0,0.195272
0.164502,1,0.501998
0.146797,1,0.550955
0.114180,1,0.148122
0.153024,1,0.562836
0.159702,1,0.243360
0.077842,1,0.025529
0.103527,1,0.175474
0.180408,1,0.513913
0.139957,1,0.562836
0.152827,1,0.393127
0.098265,1,0.050118
0.221730,0,0.470471
0.158481,1,0.562833
0.198421,1,0.415237
0.177282,1,0.318163
0.164502,1,0.501998
0.172034,1,0.422120
0.207374,0,0.458086
0.080635,1,0.018753
0.145705,1,0.050083
0.089116,1,0.024512
0.135443,1,0.205196
0.097982,1,0.028406
0.115883,1,0.132098
0.087707,1,0.072337
0.092477,1,0.054391
0.107635,1,0.084880
0.089251,1,0.094136
0.148914,1,0.112607
0.097810,1,0.060258
0.142463,1,0.023398
0.115629,1,0.173395
0.077714,1,0.060972
0.182130,1,0.170640
0.072490,1,0.017973
0.102597,1,0.034274
0.091046,1,0.063489
0.128835,1,0.265292
0.081114,1,0.035750
0.143150,1,0.022331
0.096552,1,0.037680
0.142298,1,0.197892
0.101403,1,0.039728
0.149020,1,0.028127
0.115861,1,0.074347
0.092708,1,0.067693
0.086788,1,0.059227
0.085078,1,0.032288
0.100370,1,0.060886
0.097492,1,0.070947
0.072505,1,0.057014
0.132299,1,0.261624
0.105543,1,0.091929
0.150767,1,0.065279
0.138985,1,0.197646
0.149796,1,0.038604
0.090455,1,0.039008
0.089251,1,0.094136
0.085898,1,0.049313
0.136812,1,0.031834
0.085976,1,0.028220
0.104530,1,0.023525
0.086099,1,0.043993
0.195464,1,0.169185
0.150027,1,0.043759
0.060326,1,0.001518
0.120888,1,0.084653
0.113341,1,0.149954
0.084052,1,0.293001
0.065075,1,0.290778
0.107978,1,0.235011
0.065500,1,0.118577
0.110711,1,0.202452
0.073207,1,0.019695
0.061029,1,0.062235
0.102189,1,0.222804
0.090195,1,0.293448
0.063987,1,0.051204
0.046175,1,0.000746
0.057175,1,0.205349
0.068757,1,0.256922
0.078128,1,0.022386
0.078256,1,0.194270
0.127896,1,0.229794
0.061795,1,0.144040
0.060749,1,0.206501
0.058053,1,0.026920
0.059253,1,0.018664
0.052547,1,0.040514
0.095459,1,0.233916
0.068389,1,0.136656
0.049832,1,0.017464
0.078746,1,0.284173
0.063411,1,0.164686
0.068834,1,0.135713
0.054455,1,0.043582
0.072202,1,0.270607
0.058460,1,0.010415
0.091164,1,0.329621
0.159186,1,0.244281
0.053321,1,0.144040
0.061469,1,0.050895
0.078661,1,0.067277
0.076859,1,0.172211
0.078591,1,0.137069
0.062817,1,0.018790
0.063990,1,0.026428
0.067398,1,0.040745
0.058197,1,0.012141
0.052551,1,0.013737
0.084052,1,0.293001
0.093195,1,0.364491
0.193318,1,0.180843
0.083301,1,0.048222
0.056201,1,0.032573
0.057719,1,0.031004
0.185222,1,0.236487
0.104270,1,0.284222
0.164290,1,0.398359
0.072610,1,0.017962
0.075324,1,0.118872
0.143945,1,0.134575
0.208867,0,0.393053
0.199479,1,0.419949
0.199479,1,0.419949
0.199479,1,0.419949
0.199479,1,0.419949
0.199479,1,0.419949
0.199479,1,0.419949
0.107960,1,0.292373
0.199479,1,0.419949
0.078003,1,0.056066
0.144505,1,0.117426
0.151264,1,0.323227
0.107960,1,0.292373
0.199479,1,0.419949
0.128414,1,0.193482
0.199479,1,0.419949
0.199479,1,0.419949
0.172107,1,0.297708
0.160934,1,0.297901
0.184425,1,0.370664
0.254531,0,0.369204
0.191816,1,0.353151
0.199479,1,0.419949
0.199479,1,0.419949
0.199479,1,0.419949
0.204529,0,0.412479
0.185459,1,0.400793
0.196566,1,0.347896
0.121445,1,0.259610
0.199479,1,0.419949
0.072399,1,0.039331
0.185279,1,0.402686
0.163843,1,0.368498
0.127738,1,0.292384
0.196566,1,0.347896
0.203742,0,0.314630
0.199479,1,0.419949
0.199479,1,0.419949
0.127844,1,0.151014
0.126277,1,0.220223
0.199479,1,0.419949
0.148671,1,0.165615
0.199479,1,0.419949
0.103204,1,0.264633
0.221346,0,0.383448
0.083358,1,0.103770
0.164760,1,0.211560
0.191054,1,0.180183
0.239839,0,0.259370
0.189919,1,0.193371
0.117030,1,0.304207
0.111027,1,0.130291
0.092952,1,0.087316
0.212354,0,0.190109
0.102127,1,0.124562
0.089633,1,0.043436
0.174675,1,0.136505
0.094544,1,0.086856
0.134672,1,0.161328
0.175294,1,0.135987
0.149390,1,0.124770
0.093361,1,0.181167
0.196345,1,0.298632
0.166561,1,0.148588
0.148778,1,0.218151
0.116860,1,0.110981
0.104117,1,0.074811
0.172402,1,0.292015
0.174574,1,0.175724
0.098154,1,0.133457
0.152143,1,0.221521
0.082740,1,0.011578
0.121107,1,0.072666
0.093028,1,0.030909
0.161223,1,0.188682
0.057793,1,0.035956
0.086561,1,0.033877
0.097363,1,0.132864
0.109535,1,0.117518
0.119839,1,0.077001
0.170671,1,0.161242
0.170668,1,0.298635
0.196102,1,0.280232
0.123458,1,0.182324
0.179360,1,0.213484
0.115876,1,0.060778
0.139669,1,0.148928
0.103887,1,0.232775
0.172548,1,0.206946
0.156790,1,0.255487
0.122560,1,0.102798
0.182222,1,0.287610
0.170136,1,0.200785
0.165791,1,0.188230
0.131259,1,0.117276
0.107163,1,0.043057
0.140902,1,0.128518
0.081597,1,0.001123
0.131271,1,0.016315
0.095304,1,0.061831
0.114877,1,0.109620
0.101085,1,0.028866
0.108121,1,0.137993
0.111790,1,0.057168
0.184618,1,0.125749
0.079568,1,0.180106
0.088114,1,0.028902
0.070358,1,0.319016
0.095722,1,0.100043
0.089538,1,0.069155
0.052852,1,0.018808
0.179090,1,0.365287
0.045351,1,0.000006
0.130299,1,0.156269
0.138735,1,0.170353
0.105165,1,0.075239
0.161904,1,0.136431
0.159396,1,0.087399
0.100775,1,0.000639
0.171623,1,0.139695
0.088198,1,0.107627
0.062798,1,0.064634
0.114102,1,0.161992
0.080617,1,0.058840
0.088114,1,0.028902
0.090155,1,0.077092
0.116348,1,0.124197
0.112719,1,0.033784
0.096732,1,0.335147
0.093418,1,0.094035
0.109729,1,0.102106
0.163115,1,0.206983
0.061059,1,0.017935
0.047467,1,0.000006
0.177799,1,0.192063
0.084503,1,0.104590
0.074102,1,0.019306
0.056397,1,0.184580
0.067476,1,0.003975
0.125551,1,0.079118
0.084104,1,0.133533
0.044278,1,0.060276
0.156103,1,0.135315
0.094347,1,0.116458
0.104048,1,0.135036
0.071547,1,0.023612
0.131274,1,0.072477
0.266013,0,0.405223
0.080128,1,0.016216
0.095340,1,0.030548
0.186191,1,0.353967
0.166387,1,0.285815
0.133474,1,0.152182
0.210496,0,0.221343
0.078969,1,0.018197
0.149041,1,0.113289
0.224175,0,0.405224
0.121241,1,0.007091
0.184977,1,0.216438
0.109283,1,0.091864
0.093093,1,0.038444
0.159174,1,0.160311
0.195158,1,0.211452
0.199193,1,0.317037
0.197050,1,0.146547
0.139203,1,0.050404
0.188922,1,0.317867
0.125557,1,0.163054
0.115974,1,0.069737
0.174670,1,0.153452
0.087590,1,0.020561
0.109118,1,0.158285
0.142024,1,0.097223
0.114628,1,0.062475
0.161899,1,0.253674
0.184977,1,0.216438
0.213423,0,0.125993
0.129803,1,0.144465
0.160436,1,0.227361
0.217766,0,0.325756
0.177483,1,0.403445
0.146655,1,0.221107
0.135063,1,0.271210
0.181313,1,0.227135
0.174361,1,0.148469
0.259213,0,0.221880
0.193073,1,0.316074
0.224813,0,0.185730
0.131415,1,0.104206
0.154884,1,0.316232
0.131415,1,0.104206
0.177590,1,0.405426
0.064767,1,0.009248
0.134071,1,0.073038
0.095738,1,0.028061
0.097794,1,0.022228
0.110202,1,0.071020
0.188554,1,0.373683
0.075157,1,0.013063
0.100515,1,0.012896
0.086186,1,0.136872
0.158377,1,0.331357
0.146236,1,0.065259
0.106234,1,0.048472
0.187973,1,0.313598
0.168230,1,0.239859
0.106960,1,0.066480
0.089814,1,0.030107
0.117320,1,0.051752
0.096607,1,0.062608
0.071501,1,0.068995
0.173294,1,0.273357
0.162876,1,0.322798
0.178723,1,0.248170
0.086920,1,0.044609
0.195884,1,0.388257
0.160805,1,0.199919
0.155071,1,0.301536
0.149197,1,0.167621
0.164393,1,0.287599
0.064557,1,0.021232
0.065566,1,0.017024
0.106410,1,0.088433
0.154784,1,0.208012
0.173026,1,0.215752
0.223290,0,0.336526
0.157944,1,0.216213
0.150720,1,0.295033
0.179265,1,0.293095
0.205798,0,0.315673
0.152971,1,0.296250
0.166966,1,0.196549
0.170753,1,0.194156
0.142396,1,0.193297
0.178543,1,0.339503
0.103300,1,0.117433
0.205021,0,0.304541
0.150241,1,0.377832
0.149798,1,0.129784
0.101991,1,0.082918
0.127344,1,0.139936
0.125608,1,0.167661
0.084422,1,0.041144
0.100121,1,0.028179
0.078587,1,0.040582
0.049554,1,0.001614
0.111312,1,0.138388
0.128227,1,0.177908
0.185337,1,0.289747
0.180733,1,0.379084
0.123947,1,0.163970
0.092903,1,0.156653
0.122144,1,0.056670
0.079332,1,0.230778
0.187190,1,0.375913
0.195349,1,0.464692
0.135204,1,0.251508
0.205067,0,0.451294
0.171802,1,0.284602
0.129300,1,0.264277
0.070001,1,0.086774
0.239051,0,0.529317
0.253019,0,0.553858
0.083123,1,0.020426
0.212207,0,0.423358
0.182395,1,0.402953
0.111595,1,0.160130
0.166177,1,0.347764
0.101461,1,0.261841
0.140311,1,0.240388
0.267780,0,0.604778
0.140968,1,0.173324
0.128313,1,0.176404
0.116917,1,0.150850
0.080227,1,0.095741
0.235646,0,0.453545
0.097227,1,0.037954
0.136554,1,0.287029
0.152447,1,0.257438
0.190888,1,0.399129
0.110251,1,0.054909
0.176961,1,0.438893
0.102170,1,0.176673
0.184326,1,0.448388
0.128094,1,0.322680
0.136621,1,0.184841
0.128320,1,0.083569
0.127911,1,0.166264
0.138051,1,0.259020
0.129948,1,0.249177
0.155403,1,0.079918
0.185763,1,0.461918
0.090981,1,0.041310
0.149859,1,0.149649
0.118890,1,0.195872
0.162109,1,0.332766
0.112626,1,0.282984
0.170540,1,0.257606
0.182159,1,0.200701
0.228024,0,0.266219
0.173680,1,0.261284
0.120190,1,0.112667
0.228540,0,0.435249
0.240357,0,0.342519
0.152712,1,0.173102
0.136719,1,0.284793
0.130722,1,0.016879
0.187793,1,0.271266
0.109845,1,0.047439
0.215744,0,0.387697
0.089572,1,0.081176
0.167376,1,0.245507
0.248856,0,0.278069
0.141642,1,0.036793
0.134356,1,0.099983
0.106879,1,0.137170
0.094600,1,0.028512
0.088781,1,0.036314
0.097464,1,0.020120
0.153230,1,0.098572
0.146204,1,0.064309
0.174196,1,0.203609
0.098621,1,0.042599
0.110023,1,0.196291
0.109784,1,0.049708
0.147519,1,0.108902
0.121127,1,0.046172
0.092292,1,0.016956
0.138349,1,0.214847
0.130950,1,0.011507
0.179638,1,0.176673
0.233050,0,0.198217
0.138218,1,0.127102
0.109732,1,0.014531
0.112446,1,0.063014
0.149088,1,0.193922
0.191177,1,0.229399
0.205294,0,0.199996
0.082840,1,0.035212
0.210923,0,0.260245
0.202225,0,0.204839
0.154556,1,0.170361
0.095135,1,0.057404
0.192479,1,0.210261
0.119794,1,0.053325
0.138817,1,0.142354
0.082955,1,0.397797
0.133008,1,0.231567
0.086482,1,0.381023
0.059570,1,0.064590
0.102180,1,0.332984
0.090070,1,0.132300
0.062298,1,0.096679
0.089446,1,0.557107
0.101453,1,0.227583
0.096111,1,0.584692
0.063774,1,0.014484
0.097275,1,0.043586
0.093188,1,0.028386
0.126029,1,0.016528
0.198859,1,0.127854
0.178695,1,0.137968
0.075000,1,0.345570
0.072638,1,0.287908
0.211294,0,0.573965
0.118198,1,0.055728
0.102249,1,0.012827
0.067830,1,0.339209
0.114597,1,0.037316
0.142155,1,0.523684
0.135919,1,0.027188
0.137665,1,0.550213
0.150278,1,0.550215
0.098764,1,0.028092
0.151814,1,0.450497
0.079715,1,0.027734
0.091451,1,0.499308
0.121567,1,0.268797
0.098942,1,0.133095
0.117502,1,0.175200
0.078653,1,0.266275
0.282803,0,0.112003
0.206913,0,0.075268
0.133331,1,0.217910
0.077617,1,0.166493
0.119785,1,0.125382
0.100395,1,0.464356
0.099200,1,0.347835
0.076717,1,0.344464
0.073469,1,0.342386
0.045387,1,0.000003
0.224020,0,0.156353
0.153147,1,0.148062
0.109013,1,0.578130
0.098427,1,0.457082
0.104047,1,0.136443
0.133336,1,0.095792
0.061331,1,0.012644
0.107717,1,0.045535
0.068636,1,0.095500
0.076362,1,0.019934
0.207249,0,0.170922
0.132325,1,0.062804
0.083945,1,0.167608
0.138296,1,0.198083
0.130194,1,0.287034
0.084443,1,0.007056
0.153055,1,0.083519
0.168172,1,0.114130
0.188255,1,0.146021
0.153278,1,0.144685
0.273818,0,0.267771
0.077542,1,0.236898
0.198342,1,0.142512
0.091233,1,0.065123
0.123307,1,0.124484
0.138464,1,0.139295
0.136239,1,0.175262
0.089121,1,0.188684
0.162948,1,0.136391
0.074878,1,0.056853
0.086212,1,0.044898
0.238802,0,0.262635
0.211953,0,0.184553
0.084356,1,0.058014
0.188393,1,0.167236
0.118218,1,0.297665
0.075116,1,0.004174
0.119137,1,0.094814
0.154197,1,0.107462
0.209541,0,0.151411
0.120037,1,0.076279
0.227520,0,0.091275
0.139923,1,0.257211
0.155010,1,0.060563
0.137893,1,0.098702
0.155539,1,0.238328
0.079756,1,0.246980
0.154720,1,0.135571
0.115290,1,0.050827
0.115881,1,0.032306
0.148907,1,0.349270
0.071098,1,0.016605
0.173812,1,0.066768
0.101073,1,0.127640
0.216231,0,0.171503
0.054872,1,0.070895
0.228967,0,0.472704
0.327606,0,0.228766
0.115417,1,0.196728
0.090321,1,0.110991
0.155324,1,0.422033
0.138441,1,0.116395
0.142558,1,0.290315
0.069600,1,0.012928
0.169604,1,0.395878
0.209393,0,0.467858
0.135237,1,0.252947
0.170061,1,0.138002
0.128325,1,0.094043
0.140942,1,0.289122
0.060137,1,0.100235
0.157762,1,0.425077
0.148162,1,0.065092
0.163617,1,0.403882
0.099371,1,0.121084
0.161609,1,0.302317
0.125081,1,0.140981
0.102554,1,0.332034
0.191081,1,0.345664
0.142920,1,0.077848
0.137073,1,0.373050
0.080250,1,0.232029
0.088838,1,0.103593
0.143710,1,0.384319
0.092863,1,0.225280
0.336867,0,0.429720
0.109584,1,0.203507
0.160468,1,0.399274
0.089164,1,0.257141
0.143972,1,0.456804
0.155807,1,0.445843
0.101472,1,0.315374
0.206454,0,0.454576
0.079935,1,0.031375
0.231682,0,0.419689
0.094932,1,0.268130
0.110908,1,0.351017
0.168206,1,0.425020
0.224978,0,0.307015
0.206620,0,0.347793
0.153744,1,0.107969
0.167079,1,0.421563
0.140708,1,0.211952
0.081636,1,0.040635
0.336867,0,0.429720
0.113722,1,0.232952
0.120545,1,0.123647
0.085000,1,0.081864
0.073811,1,0.039211
0.198885,1,0.162766
0.136838,1,0.245013
0.104865,1,0.174387
0.111625,1,0.060794
0.038398,1,0.000153
0.089715,1,0.077458
0.113074,1,0.089668
0.101306,1,0.045305
0.095120,1,0.081556
0.137452,1,0.172572
0.086358,1,0.074347
0.067293,1,0.002884
0.135297,1,0.268826
0.117418,1,0.138489
0.113282,1,0.070171
0.119693,1,0.100995
0.132261,1,0.166252
0.192526,1,0.182582
0.095527,1,0.093823
0.118051,1,0.236974
0.176248,1,0.160201
0.146258,1,0.159334
0.066753,1,0.028755
0.150084,1,0.185442
0.138216,1,0.294662
0.153859,1,0.162103
0.219024,0,0.219027
0.131362,1,0.262664
0.125571,1,0.318805
0.148413,1,0.211292
0.090051,1,0.006941
0.120426,1,0.286299
0.092925,1,0.096676
0.117536,1,0.148729
0.118756,1,0.236642
0.140478,1,0.140647
0.110181,1,0.059059
0.067462,1,0.062736
0.122631,1,0.186319
0.125558,1,0.316365
0.128899,1,0.101691
0.118062,1,0.182209
0.099799,1,0.063226
0.088955,1,0.069340
0.121068,1,0.366118
0.132200,1,0.050377
0.095854,1,0.092525
0.180504,1,0.088334
0.166807,1,0.189543
0.132061,1,0.144046
0.214473,0,0.187714
0.146711,1,0.096826
0.132039,1,0.085497
0.139242,1,0.096372
0.179199,1,0.190247
0.161104,1,0.172537
0.114766,1,0.206048
0.133309,1,0.129021
0.146994,1,0.141537
0.138525,1,0.069518
0.111044,1,0.126926
0.082180,1,0.053838
0.194052,1,0.161943
0.095854,1,0.092525
0.149280,1,0.244056
0.062144,1,0.011805
0.213882,0,0.279930
0.180500,1,0.121614
0.152130,1,0.187546
0.241416,0,0.169071
0.196742,1,0.275220
0.207900,0,0.241237
0.244341,0,0.196217
0.082496,1,0.067037
0.163571,1,0.126966
0.150591,1,0.084861
0.200132,0,0.144235
0.151963,1,0.027840
0.238115,0,0.309790
0.117376,1,0.105707
0.202319,0,0.198531
0.231345,0,0.263461
0.104620,1,0.065453
0.071179,1,0.010300
0.112003,1,0.032394
0.142399,1,0.025713
0.189660,1,0.227377
0.189219,1,0.191847
0.162046,1,0.223961
0.129421,1,0.028240
0.221938,0,0.177625
0.181769,1,0.190976
0.176504,1,0.195027
0.208550,0,0.225613
0.156027,1,0.162990
0.090504,1,0.063901
0.104099,1,0.082546
0.086282,1,0.089051
0.117429,1,0.422762
0.052226,1,0.005834
0.115540,1,0.082298
0.131827,1,0.175082
0.093079,1,0.055931
0.095964,1,0.017899
0.118484,1,0.058970
0.099807,1,0.409864
0.123445,1,0.433913
0.055563,1,0.005641
0.146689,1,0.181571
0.090096,1,0.037438
0.119681,1,0.123743
0.145624,1,0.153318
0.105708,1,0.232000
0.146818,1,0.114392
0.125065,1,0.137484
0.105550,1,0.126979
0.079667,1,0.046821
0.113966,1,0.134180
0.127879,1,0.226455
0.135358,1,0.112736
0.128626,1,0.106023
0.136174,1,0.117268
0.109726,1,0.116376
0.107643,1,0.024908
0.100595,1,0.455090
0.114453,1,0.058355
0.103308,1,0.051294
0.119851,1,0.428476
0.099864,1,0.030061
0.067747,1,0.011004
0.108189,1,0.279768
0.088662,1,0.085123
0.106288,1,0.489574
0.115900,1,0.233141
0.094906,1,0.454931
0.109776,1,0.333825
0.093717,1,0.035474
0.088711,1,0.233156
0.100055,1,0.078309
0.097367,1,0.472371
0.119572,1,0.489540
0.107208,1,0.104112
0.088811,1,0.268502
0.076830,1,0.237030
0.113468,1,0.442943
0.073227,1,0.085131
0.102983,1,0.556535
0.128855,1,0.132257
0.083307,1,0.509396
0.085241,1,0.486772
0.056891,1,0.130619
0.088137,1,0.572226
0.080418,1,0.092851
0.135910,1,0.171206
0.080097,1,0.483883
0.059050,1,0.052733
0.080097,1,0.483883
0.041446,1,0.167179
0.122227,1,0.173636
0.081469,1,0.573804
0.088814,1,0.084136
0.092278,1,0.532172
0.047349,1,0.000004
0.087776,1,0.138149
0.116309,1,0.158541
0.098751,1,0.166051
0.086798,1,0.487708
0.078969,1,0.000937
0.051505,1,0.291930
0.064590,1,0.159433
0.100462,1,0.183751
0.098751,1,0.166051
0.046224,1,0.298710
0.159393,1,0.489179
0.087467,1,0.441275
0.089801,1,0.368980
0.066232,1,0.074210
0.129782,1,0.156401
0.126004,1,0.528707
0.129004,1,0.119432
0.073038,1,0.081904
0.093136,1,0.148248
0.107814,1,0.483886
0.056151,1,0.000936
0.087778,1,0.565386
0.124449,1,0.476346
0.090197,1,0.365827
0.061048,1,0.079649
0.075121,1,0.052554
0.090753,1,0.275875
0.104588,1,0.256331
0.107809,1,0.165823
0.097939,1,0.188934
0.074670,1,0.056524
0.101743,1,0.203782
0.108057,1,0.209660
0.135376,1,0.217762
0.096130,1,0.080164
0.155403,1,0.528715
0.263427,0,0.660220
0.284449,0,0.224710
0.327802,0,0.421258
0.155782,1,0.348878
0.172257,1,0.315974
0.237013,0,0.451946
0.172231,1,0.108292
0.222117,0,0.227940
0.165366,1,0.164674
0.170298,1,0.523012
0.244314,0,0.310255
0.276754,0,0.385399
0.205676,0,0.270654
0.144461,1,0.228593
0.260252,0,0.443008
0.121236,1,0.111112
0.054212,1,0.006919
0.156276,1,0.240200
0.246867,0,0.245183
0.146582,1,0.276009
0.407555,0,0.656288
0.155859,1,0.323521
0.304130,0,0.457870
0.241619,0,0.333108
0.236315,0,0.649446
0.158013,1,0.524536
0.081463,1,0.106488
0.245418,0,0.442660
0.179954,1,0.152165
0.244281,0,0.356751
0.171453,1,0.537374
0.374273,0,0.358824
0.246107,0,0.325317
0.152224,1,0.254497
0.171951,1,0.094366
0.192148,1,0.190115
0.165737,1,0.557870
0.205703,0,0.300512
0.156763,1,0.129177
0.235696,0,0.245308
0.106980,1,0.053753
0.234079,0,0.511161
0.284843,0,0.537710
0.327791,0,0.250299
0.237013,0,0.451946
0.053892,1,0.004804
0.178005,1,0.191856
0.106024,1,0.069310
0.079922,1,0.138964
0.139362,1,0.147625
0.125870,1,0.127829
0.142645,1,0.179105
0.125091,1,0.081048
0.079053,1,0.037077
0.113875,1,0.135592
0.097863,1,0.020893
0.097191,1,0.114471
0.109360,1,0.150565
0.122987,1,0.100458
0.096445,1,0.149866
0.080016,1,0.014808
0.264172,0,0.138543
0.097901,1,0.027295
0.219656,0,0.196043
0.188954,1,0.194535
0.121957,1,0.152387
0.105611,1,0.107911
0.131262,1,0.110303
0.189507,1,0.202786
0.104073,1,0.161208
0.063813,1,0.024519
0.135146,1,0.095128
0.107206,1,0.132917
0.116656,1,0.130441
0.138799,1,0.164589
0.135853,1,0.067569
0.105778,1,0.199178
0.106627,1,0.134431
0.153434,1,0.196982
0.101370,1,0.138065
0.167418,1,0.180395
0.199216,1,0.222127
0.123278,1,0.110144
0.088742,1,0.009262
0.099695,1,0.094519
0.203758,0,0.257781
0.099015,1,0.126388
0.159246,1,0.217394
0.161759,1,0.158629
0.131019,1,0.170450
0.130078,1,0.171303
0.229886,0,0.317414
0.199272,1,0.205082
0.128063,1,0.147417
0.099422,1,0.080954
0.086180,1,0.128542
0.128962,1,0.230413
0.064782,1,0.078170
0.070786,1,0.034876
0.110200,1,0.045545
0.072004,1,0.013567
0.084036,1,0.300908
0.086117,1,0.730028
0.090696,1,0.015627
0.069256,1,0.476907
0.083553,1,0.680587
0.063559,1,0.049167
0.130037,1,0.472908
0.079592,1,0.489627
0.081030,1,0.074013
0.073223,1,0.360504
0.072543,1,0.058102
0.083860,1,0.578667
0.087951,1,0.052152
0.079136,1,0.138620
0.072472,1,0.177854
0.084545,1,0.527856
0.097839,1,0.591111
0.083727,1,0.647694
0.061377,1,0.004304
0.081323,1,0.082835
0.061204,1,0.298633
0.116580,1,0.116766
0.047726,1,0.000000
0.086045,1,0.061521
0.046037,1,0.000084
0.068513,1,0.105812
0.107742,1,0.126122
0.109438,1,0.118136
0.090190,1,0.309451
0.072108,1,0.068656
0.065949,1,0.079810
0.070642,1,0.182120
0.100756,1,0.238211
0.080024,1,0.458363
0.061612,1,0.097075
0.074605,1,0.610536
0.129015,1,0.608753
0.081201,1,0.098526
0.107576,1,0.371224
0.073311,1,0.033297
0.070786,1,0.034876
0.072327,1,0.009956
0.069508,1,0.033502
0.123034,1,0.081498
0.064245,1,0.009955
0.087136,1,0.234927
0.090009,1,0.218922
0.120366,1,0.062116
0.187797,1,0.148083
0.176703,1,0.251216
0.156020,1,0.147287
0.163564,1,0.107652
0.211436,0,0.147759
0.179631,1,0.181699
0.121232,1,0.142451
0.134496,1,0.188427
0.209503,0,0.357683
0.175504,1,0.357632
0.067370,1,0.034238
0.129190,1,0.164593
0.170736,1,0.013439
0.216391,0,0.193254
0.090009,1,0.218922
0.086354,1,0.207645
0.208128,0,0.524318
0.167283,1,0.071649
0.167401,1,0.137413
0.138642,1,0.108791
0.188657,1,0.326355
0.131821,1,0.113271
0.113689,1,0.041012
0.142008,1,0.127851
0.147693,1,0.089702
0.219227,0,0.476109
0.165137,1,0.074292
0.138924,1,0.145491
0.223976,0,0.508078
0.110415,1,0.085661
0.207706,0,0.341485
0.082035,1,0.056058
0.118274,1,0.169309
0.152314,1,0.187060
0.144230,1,0.166095
0.135805,1,0.171492
0.103146,1,0.047704
0.144648,1,0.184417
0.155080,1,0.149461
0.166619,1,0.087364
0.201271,0,0.412940
0.166545,1,0.182908
0.218920,0,0.333855
0.166545,1,0.182908
0.054094,1,0.061569
0.221690,0,0.528739
0.219028,0,0.324642
0.138642,1,0.108791
0.106421,1,0.114490
0.088886,1,0.330711
0.110568,1,0.199435
0.075847,1,0.308095
0.095477,1,0.111087
0.078723,1,0.260659
0.072011,1,0.173205
0.078379,1,0.090597
0.132273,1,0.170633
0.077386,1,0.231540
0.103182,1,0.044030
0.077447,1,0.206728
0.135595,1,0.072649
0.088226,1,0.093247
0.085149,1,0.045570
0.081031,1,0.077305
0.075933,1,0.130765
0.112862,1,0.229819
0.068634,1,0.308910
0.121821,1,0.121814
0.104104,1,0.075283
0.114872,1,0.173031
0.075852,1,0.239835
0.075833,1,0.125942
0.081271,1,0.227050
0.080222,1,0.215576
0.114790,1,0.099877
0.075852,1,0.239835
0.136431,1,0.184554
0.083729,1,0.089061
0.140820,1,0.129772
0.068842,1,0.308909
0.116588,1,0.106606
0.096853,1,0.269653
0.064069,1,0.065381
0.089032,1,0.151972
0.080344,1,0.286774
0.089898,1,0.250508
0.119624,1,0.329433
0.068842,1,0.308909
0.079664,1,0.201731
0.063527,1,0.100514
0.093122,1,0.022069
0.078539,1,0.138925
0.073931,1,0.140823
0.067103,1,0.203885
0.098339,1,0.129196
0.057433,1,0.055831
0.088784,1,0.364247
0.073977,1,0.077974
0.192321,1,0.093154
0.098183,1,0.019702
0.139341,1,0.108090
0.078979,1,0.011113
0.096015,1,0.060970
0.102910,1,0.094163
0.156944,1,0.151566
0.134930,1,0.108248
0.171968,1,0.329203
0.123844,1,0.101623
0.143578,1,0.105939
0.167102,1,0.330742
0.170584,1,0.166404
0.130786,1,0.237406
0.130487,1,0.073256
0.062138,1,0.018142
0.202203,0,0.165240
0.194795,1,0.191790
0.194049,1,0.099766
0.133117,1,0.063172
0.099216,1,0.046010
0.183504,1,0.159607
0.186810,1,0.116839
0.057148,1,0.002459
0.195776,1,0.207562
0.162343,1,0.334850
0.125136,1,0.153508
0.193778,1,0.207933
0.177053,1,0.166095
0.084397,1,0.027522
0.122711,1,0.019974
0.233335,0,0.161305
0.174840,1,0.328283
0.105425,1,0.075018
0.080269,1,0.021270
0.109381,1,0.130851
0.114833,1,0.188014
0.192783,1,0.183204
0.124235,1,0.049579
0.098967,1,0.082868
0.068681,1,0.007819
0.106097,1,0.059756
0.174579,1,0.330745
0.148958,1,0.135190
0.151009,1,0.275190
0.158351,1,0.338220
0.076881,1,0.016234
0.192321,1,0.093154
0.204599,0,0.224703
0.114894,1,0.049137
0.073471,1,0.084347
0.117605,1,0.396784
0.108528,1,0.425692
0.104777,1,0.041919
0.098832,1,0.055999
0.089805,1,0.206131
0.097357,1,0.151042
0.091153,1,0.204775
0.090950,1,0.141920
0.137484,1,0.409811
0.077939,1,0.065547
0.091028,1,0.245151
0.071248,1,0.192153
0.093521,1,0.369952
0.090250,1,0.120088
0.083499,1,0.120461
0.082781,1,0.208735
0.087467,1,0.157092
0.057049,1,0.114916
0.086704,1,0.148142
0.092549,1,0.121433
0.087961,1,0.411116
0.085181,1,0.353423
0.092381,1,0.290709
0.093959,1,0.043828
0.088808,1,0.380227
0.131116,1,0.438917
0.095921,1,0.099804
0.085623,1,0.091683
0.091126,1,0.139131
0.104653,1,0.353092
0.096918,1,0.180759
0.118549,1,0.164261
0.090505,1,0.237853
0.067848,1,0.237548
0.116046,1,0.299208
0.053733,1,0.013074
0.097380,1,0.184533
0.086366,1,0.387552
0.133835,1,0.155321
0.092939,1,0.058795
0.106467,1,0.484830
0.105456,1,0.129425
0.100308,1,0.161793
0.084911,1,0.297750
0.116187,1,0.510753
0.102274,1,0.438911
0.141845,1,0.072439
0.141700,1,0.237794
0.079700,1,0.101550
0.098082,1,0.115261
0.089782,1,0.195476
0.071406,1,0.158390
0.093226,1,0.140539
0.181998,1,0.208341
0.072482,1,0.066322
0.062816,1,0.019369
0.181472,1,0.204606
0.090771,1,0.251544
0.066340,1,0.008997
0.112093,1,0.302451
0.172968,1,0.218702
0.101891,1,0.213846
0.248236,0,0.344301
0.203111,0,0.227901
0.065500,1,0.031970
0.084333,1,0.120131
0.079947,1,0.011133
0.068519,1,0.155505
0.204175,0,0.256452
0.089010,1,0.030575
0.103073,1,0.101436
0.107704,1,0.062488
0.149450,1,0.082597
0.214489,0,0.341276
0.148807,1,0.094310
0.089162,1,0.251131
0.088182,1,0.085758
0.172050,1,0.133746
0.091138,1,0.279782
0.206507,0,0.248522
0.093952,1,0.179937
0.132226,1,0.132250
0.214721,0,0.278680
0.135565,1,0.179693
0.107495,1,0.299231
0.194002,1,0.263640
0.189589,1,0.286899
0.088015,1,0.233851
0.081031,1,0.074474
0.137245,1,0.289338
0.081869,1,0.082185
0.201253,0,0.212720
0.083275,1,0.002992
0.134385,1,0.097923
0.066046,1,0.141599
0.083248,1,0.145933
0.191565,1,0.197672
0.077317,1,0.176729
0.126285,1,0.078844
0.223046,0,0.024118
0.237599,0,0.341759
0.262380,0,0.074775
0.336121,0,0.429131
0.433786,0,0.203942
0.218370,0,0.158714
0.142463,1,0.016212
0.160483,1,0.043722
0.142793,1,0.143935
0.215104,0,0.175447
0.253807,0,0.343516
0.108466,1,0.100984
0.140588,1,0.137085
0.232735,0,0.322370
0.128365,1,0.102238
0.141471,1,0.087798
0.176303,1,0.087253
0.155341,1,0.001798
0.190179,1,0.195291
0.174768,1,0.109188
0.242297,0,0.052908
0.316830,0,0.234352
0.228623,0,0.033312
0.128707,1,0.057008
0.188942,1,0.017135
0.178013,1,0.110600
0.214349,0,0.070446
0.145643,1,0.103512
0.138858,1,0.160175
0.190837,1,0.165931
0.146796,1,0.103803
0.170947,1,0.028784
0.124240,1,0.049637
0.363372,0,0.354441
0.160264,1,0.039406
0.202129,0,0.160067
0.158264,1,0.063162
0.137433,1,0.046183
0.188639,1,0.027690
0.284571,0,0.476151
0.192905,1,0.192733
0.138457,1,0.098262
0.075928,1,0.003222
0.184510,1,0.100228
0.305679,0,0.005947
0.273291,0,0.183883
0.143753,1,0.151934
0.169243,1,0.024644
0.189364,1,0.224792
0.408755,0,0.341861
0.104675,1,0.298079
0.062672,1,0.077472
0.097419,1,0.248907
0.095078,1,0.107986
0.077780,1,0.123641
0.080622,1,0.118807
0.063019,1,0.149129
0.093394,1,0.070412
0.081674,1,0.120808
0.071962,1,0.019592
0.069884,1,0.095603
0.083948,1,0.171914
0.064395,1,0.057758
0.094110,1,0.116962
0.079282,1,0.123036
0.066681,1,0.223137
0.151879,1,0.131645
0.083063,1,0.100506
0.079203,1,0.134335
0.075849,1,0.231881
0.114090,1,0.108081
0.088173,1,0.081999
0.101395,1,0.156323
0.106499,1,0.125756
0.070014,1,0.098745
0.087628,1,0.101261
0.072572,1,0.086286
0.082453,1,0.249871
0.081196,1,0.118105
0.070440,1,0.233526
0.062120,1,0.090931
0.078378,1,0.117121
0.070498,1,0.069991
0.088361,1,0.226028
0.080282,1,0.081273
0.091195,1,0.285432
0.121726,1,0.199878
0.116824,1,0.186896
0.074497,1,0.120696
0.099552,1,0.297597
0.088056,1,0.105953
0.068523,1,0.124504
0.097299,1,0.102961
0.081485,1,0.298559
0.086207,1,0.125585
0.105597,1,0.085875
0.076897,1,0.014615
0.079925,1,0.039807
0.154448,1,0.214278
0.071692,1,0.101484
0.133383,1,0.082317
0.223456,0,0.133328
0.111122,1,0.019648
0.117172,1,0.064689
0.065976,1,0.007601
0.083809,1,0.018989
0.102279,1,0.014075
0.172520,1,0.177046
0.076764,1,0.033795
0.171039,1,0.130680
0.102216,1,0.020748
0.151112,1,0.098855
0.085166,1,0.023491
0.100201,1,0.085248
0.144311,1,0.009402
0.231744,0,0.223911
0.088525,1,0.026595
0.101402,1,0.053115
0.132280,1,0.045477
0.103134,1,0.028795
0.056760,1,0.005862
0.125050,1,0.026956
0.090820,1,0.019386
0.170779,1,0.010857
0.094657,1,0.035321
0.107197,1,0.130941
0.122026,1,0.019645
0.139411,1,0.082346
0.130126,1,0.014436
0.162448,1,0.083823
0.086833,1,0.019504
0.119441,1,0.096134
0.157513,1,0.236718
0.095453,1,0.080699
0.155174,1,0.249865
0.088093,1,0.025784
0.082862,1,0.034056
0.101809,1,0.024061
0.149517,1,0.021204
0.062985,1,0.001254
0.133340,1,0.043122
0.108975,1,0.043061
0.143184,1,0.033901
0.096829,1,0.020656
0.146134,1,0.093072
0.070980,1,0.023373
0.158295,1,0.205696
0.093998,1,0.084617
0.076027,1,0.013509
0.173785,1,0.013482
0.126675,1,0.062977
0.120604,1,0.016438
0.100599,1,0.071396
0.100213,1,0.073418
0.068342,1,0.000001
0.143934,1,0.022716
0.108159,1,0.026477
0.127478,1,0.041108
0.117913,1,0.061305
0.136559,1,0.038609
0.109376,1,0.065672
0.129246,1,0.049502
0.119765,1,0.016435
0.105153,1,0.066672
0.186574,1,0.011642
0.155250,1,0.062118
0.109604,1,0.056179
0.121102,1,0.062434
0.100478,1,0.000094
0.155810,1,0.011646
0.110872,1,0.065674
0.108131,1,0.073460
0.108781,1,0.001002
0.110375,1,0.041128
0.149572,1,0.062958
0.192659,1,0.038609
0.140272,1,0.048195
0.074948,1,0.010572
0.077734,1,0.011135
0.135831,1,0.000003
0.116840,1,0.067234
0.089147,1,0.034597
0.088421,1,0.000008
0.105787,1,0.049751
0.101954,1,0.062455
0.079321,1,0.047280
0.133896,1,0.016439
0.139627,1,0.063514
0.062643,1,0.037847
0.140044,1,0.061768
0.137426,1,0.012916
0.089119,1,0.017344
0.119093,1,0.063079
0.042926,1,0.000002
0.129650,1,0.028157
0.124611,1,0.022713
0.104416,1,0.071161
0.120616,1,0.062059
0.104002,1,0.075043
0.095036,1,0.049205
0.134807,1,0.226659
0.086813,1,0.086955
0.067447,1,0.085460
0.209205,0,0.571246
0.162968,1,0.129099
0.094517,1,0.237301
0.133586,1,0.253610
0.176274,1,0.118663
0.093769,1,0.038216
0.080834,1,0.073724
0.103781,1,0.178932
0.076225,1,0.051291
0.114522,1,0.086193
0.106239,1,0.053083
0.104865,1,0.103206
0.117185,1,0.198435
0.089696,1,0.132684
0.084888,1,0.090711
0.176274,1,0.118663
0.107296,1,0.060185
0.125153,1,0.171590
0.064370,1,0.038732
0.111924,1,0.197329
0.097087,1,0.031446
0.112907,1,0.181715
0.139090,1,0.265163
0.141330,1,0.216450
0.092738,1,0.123565
0.084003,1,0.032347
0.118195,1,0.286734
0.087734,1,0.085447
0.134956,1,0.128734
0.142122,1,0.198035
0.155168,1,0.117557
0.122811,1,0.084950
0.111365,1,0.317625
0.079493,1,0.049997
0.138409,1,0.192576
0.082350,1,0.106807
0.152939,1,0.578588
0.092934,1,0.125041
0.102967,1,0.095336
0.128876,1,0.232868
0.186704,1,0.212725
0.052306,1,0.030860
0.109833,1,0.049725
0.156245,1,0.506322
0.135643,1,0.466036
0.082504,1,0.060404
0.113275,1,0.063164
0.133696,1,0.263998
0.096369,1,0.087805
0.075859,1,0.223237
0.154920,1,0.276739
0.049444,1,0.000437
0.128909,1,0.196873
0.081646,1,0.160926
0.110765,1,0.172042
0.103055,1,0.301844
0.176691,1,0.446790
0.067536,1,0.026727
0.139257,1,0.402814
0.156988,1,0.408349
0.126227,1,0.161713
0.128895,1,0.078118
0.133525,1,0.393900
0.148269,1,0.072895
0.055588,1,0.157331
0.109881,1,0.511620
0.147403,1,0.165440
0.108100,1,0.255822
0.138765,1,0.268605
0.110765,1,0.172042
0.104752,1,0.191107
0.103466,1,0.247370
0.100209,1,0.026881
0.087589,1,0.211992
0.147984,1,0.227094
0.127460,1,0.161381
0.108427,1,0.122982
0.115589,1,0.134626
0.155789,1,0.399241
0.106926,1,0.419358
0.082057,1,0.082626
0.200501,0,0.408177
0.146263,1,0.409592
0.124052,1,0.046156
0.154940,1,0.138203
0.208406,0,0.435250
0.102444,1,0.021176
0.107333,1,0.131109
0.105915,1,0.392638
0.151130,1,0.386716
0.094605,1,0.301615
0.095015,1,0.003310
0.104738,1,0.135040
0.071150,1,0.111774
0.168339,1,0.284687
0.056317,1,0.005860
0.174151,1,0.401965
0.124991,1,0.111920
0.056818,1,0.013256
0.095216,1,0.216259
0.143449,1,0.133885
0.111768,1,0.154738
0.149490,1,0.149385
0.170083,1,0.302865
0.103266,1,0.085037
0.092152,1,0.216878
0.196329,1,0.148844
0.130170,1,0.152809
0.102344,1,0.423109
0.120369,1,0.139377
0.095229,1,0.046450
0.138685,1,0.144250
0.158977,1,0.175240
0.104154,1,0.154972
0.171611,1,0.135075
0.094698,1,0.046914
0.126879,1,0.360749
0.149002,1,0.156523
0.093610,1,0.128267
0.114636,1,0.280108
0.123240,1,0.430380
0.137655,1,0.145979
0.122933,1,0.133693
0.120693,1,0.429196
0.066906,1,0.029529
0.052116,1,0.006889
0.152393,1,0.240675
0.110129,1,0.147105
0.104571,1,0.124761
0.142022,1,0.174198
0.083562,1,0.357048
0.146797,1,0.177555
0.129532,1,0.213620
0.089989,1,0.056812
0.082676,1,0.078818
0.145060,1,0.149427
0.065862,1,0.062880
0.084000,1,0.082248
0.178037,1,0.297905
0.108018,1,0.268041
0.090429,1,0.256205
0.118441,1,0.141708
0.075636,1,0.171845
0.089034,1,0.157765
0.159500,1,0.235158
0.092468,1,0.096334
0.153872,1,0.060978
0.215997,0,0.166219
0.146716,1,0.075488
0.123842,1,0.036603
0.226928,0,0.197408
0.206060,0,0.235379
0.100643,1,0.073890
0.204272,0,0.170758
0.229299,0,0.440664
0.217923,0,0.272450
0.161236,1,0.177544
0.211551,0,0.223550
0.186742,1,0.196903
0.104971,1,0.003637
0.076235,1,0.113808
0.132530,1,0.157916
0.119588,1,0.103831
0.115258,1,0.080342
0.207785,0,0.200950
0.180144,1,0.103042
0.068056,1,0.013301
0.222816,0,0.254218
0.113614,1,0.182179
0.095371,1,0.000004
0.203115,0,0.195297
0.090936,1,0.021850
0.118184,1,0.164602
0.194056,1,0.229428
0.287746,0,0.260728
0.100053,1,0.095351
0.216946,0,0.228957
0.205749,0,0.236676
0.119796,1,0.044509
0.192225,1,0.319901
0.125106,1,0.170763
0.124790,1,0.191821
0.127747,1,0.188594
0.063377,1,0.002348
0.110212,1,0.101444
0.210100,0,0.382945
0.229299,0,0.440664
0.236486,0,0.225398
0.223342,0,0.198432
0.134113,1,0.180409
0.241043,0,0.141214
0.159844,1,0.077427
0.094483,1,0.021870
0.159612,1,0.075333
0.200743,0,0.120776
0.235376,0,0.450799
0.198317,1,0.199626
0.133997,1,0.158106
0.142842,1,0.195925
0.239398,0,0.107602
0.254602,0,0.047140
0.203336,0,0.401945
0.161020,1,0.438780
0.123425,1,0.200166
0.208587,0,0.034800
0.174250,1,0.410247
0.095962,1,0.169082
0.189857,1,0.173454
0.137369,1,0.104247
0.165067,1,0.182731
0.202519,0,0.454784
0.204513,0,0.139987
0.133832,1,0.247509
0.146804,1,0.140787
0.103608,1,0.113955
0.104785,1,0.164206
0.167851,1,0.252261
0.143769,1,0.380239
0.052740,1,0.075038
0.186341,1,0.165009
0.098909,1,0.028611
0.138113,1,0.254825
0.140783,1,0.451741
0.063350,1,0.032337
0.104035,1,0.088218
0.080841,1,0.037313
0.174012,1,0.442232
0.099558,1,0.150972
0.183615,1,0.421012
0.133512,1,0.197239
0.107497,1,0.117561
0.165253,1,0.472875
0.158538,1,0.428477
0.111692,1,0.031959
0.094754,1,0.188879
0.070398,1,0.037311
0.170444,1,0.019868
0.180609,1,0.179420
0.252277,0,0.467208
0.160137,1,0.169559
0.252277,0,0.467208
0.059283,1,0.001371
0.233292,0,0.185095
0.169973,1,0.129296
0.108670,1,0.169258
0.107602,1,0.001371
0.136650,1,0.126938
0.318713,0,0.370694
0.300215,0,0.377336
0.204116,0,0.245472
0.118992,1,0.060944
0.190054,1,0.094814
0.144995,1,0.208425
0.253226,0,0.359885
0.164398,1,0.120729
0.131366,1,0.024446
0.311183,0,0.388591
0.154926,1,0.124566
0.189796,1,0.121549
0.216967,0,0.296074
0.133629,1,0.057706
0.207906,0,0.170279
0.204116,0,0.245472
0.124566,1,0.017040
0.157702,1,0.059328
0.188243,1,0.146893
0.215461,0,0.139897
0.165952,1,0.123213
0.255284,0,0.375277
0.152206,1,0.035987
0.159049,1,0.176836
0.176287,1,0.186147
0.287978,0,0.366608
0.148164,1,0.032658
0.181274,1,0.172775
0.156699,1,0.118533
0.303496,0,0.337528
0.180214,1,0.178927
0.209870,0,0.145777
0.303496,0,0.337528
0.318713,0,0.370694
0.169183,1,0.138532
0.217138,0,0.287874
0.248949,0,0.363485
0.099064,1,0.033830
0.242259,0,0.278535
0.308653,0,0.355257
0.216822,0,0.156207
0.201533,0,0.238563
0.082192,1,0.042365
0.235087,0,0.333855
0.303496,0,0.337528
0.214137,0,0.276935
0.324208,0,0.401828
0.210607,0,0.154766
0.303496,0,0.337528
0.188394,1,0.150948
0.086576,1,0.134894
0.097726,1,0.026840
0.099161,1,0.021786
0.123048,1,0.393651
0.076223,1,0.055118
0.230714,0,0.119646
0.067301,1,0.007151
0.075640,1,0.042249
0.068462,1,0.007575
0.191551,1,0.351941
0.325486,0,0.035259
0.128964,1,0.099933
0.097143,1,0.030850
0.117024,1,0.147050
0.127522,1,0.206725
0.152299,1,0.387238
0.089791,1,0.035796
0.100065,1,0.121242
0.124043,1,0.164781
0.083821,1,0.135223
0.104906,1,0.177636
0.260373,0,0.191620
0.075147,1,0.016852
0.137118,1,0.102172
0.102888,1,0.027793
0.257957,0,0.237041
0.100361,1,0.163707
0.130154,1,0.265924
0.075722,1,0.139503
0.087870,1,0.333062
0.088568,1,0.038148
0.192962,1,0.067210
0.074406,1,0.049854
0.088948,1,0.020401
0.338559,0,0.023131
0.152821,1,0.249016
0.071080,1,0.021091
0.094820,1,0.337969
0.240392,0,0.106527
0.097143,1,0.030850
0.073826,1,0.006531
0.075889,1,0.074681
0.056819,1,0.000345
0.101725,1,0.336320
0.091535,1,0.133730
0.193752,1,0.305858
0.127664,1,0.046087
0.152248,1,0.023555
0.092148,1,0.043910
0.077823,1,0.038935
0.082248,1,0.139046
0.143743,1,0.215111
0.141010,1,0.182386
0.081025,1,0.144717
0.056594,1,0.000002
0.157870,1,0.319094
0.127492,1,0.154737
0.055755,1,0.043139
0.165666,1,0.130718
0.155099,1,0.323359
0.120309,1,0.065862
0.215764,0,0.142500
0.166398,1,0.353840
0.119399,1,0.117269
0.183701,1,0.215135
0.094868,1,0.051020
0.087041,1,0.041494
0.120672,1,0.142590
0.184149,1,0.325144
0.132402,1,0.112957
0.193089,1,0.365866
0.119419,1,0.044801
0.142406,1,0.418499
0.132923,1,0.127356
0.139266,1,0.085974
0.199726,1,0.228656
0.136745,1,0.096676
0.139359,1,0.057195
0.092636,1,0.061873
0.098255,1,0.006873
0.090552,1,0.065603
0.148734,1,0.227773
0.121508,1,0.066684
0.056594,1,0.000002
0.148178,1,0.209586
0.151225,1,0.108620
0.106414,1,0.086912
0.084073,1,0.015190
0.137509,1,0.206488
0.122378,1,0.073597
0.150652,1,0.119582
0.087676,1,0.072239
0.122378,1,0.073597
0.073307,1,0.026847
0.077638,1,0.027947
0.138514,1,0.191102
0.135340,1,0.141856
0.076417,1,0.022319
0.130337,1,0.371291
0.082820,1,0.035433
0.142192,1,0.190992
0.174098,1,0.416942
0.100322,1,0.272789
0.183746,1,0.399804
0.153245,1,0.402596
0.110817,1,0.082364
0.139947,1,0.211719
0.134747,1,0.399815
0.079585,1,0.024039
0.085790,1,0.040781
0.117379,1,0.028957
0.162720,1,0.322852
0.186270,1,0.574391
0.133513,1,0.112522
0.173660,1,0.410894
0.161610,1,0.314442
0.067025,1,0.006505
0.107244,1,0.013619
0.139637,1,0.174630
0.153801,1,0.401787
0.082094,1,0.012679
0.191893,1,0.405943
0.095599,1,0.281969
0.144922,1,0.218100
0.155845,1,0.210563
0.142467,1,0.212287
0.137669,1,0.228909
0.155845,1,0.210563
0.100912,1,0.036727
0.135910,1,0.087659
0.086959,1,0.041796
0.183948,1,0.306870
0.197985,1,0.630060
0.165387,1,0.357794
0.158299,1,0.399500
0.142956,1,0.303082
0.166514,1,0.407919
0.079964,1,0.054539
0.140580,1,0.190433
0.164841,1,0.625698
0.074489,1,0.110955
0.143036,1,0.397614
0.147424,1,0.421208
0.182129,1,0.201827
0.119915,1,0.170872
0.161846,1,0.210840
0.165508,1,0.617206
0.087632,1,0.224781
0.173560,1,0.226195
0.144671,1,0.060935
0.163097,1,0.390559
0.250228,0,0.437531
0.111869,1,0.122279
0.162718,1,0.041265
0.145534,1,0.212930
0.167771,1,0.190273
0.092751,1,0.099118
0.194730,1,0.365957
0.207475,0,0.173413
0.149951,1,0.249619
0.234764,0,0.313355
0.092736,1,0.067767
0.184981,1,0.119790
0.279807,0,0.489599
0.203970,0,0.240777
0.133572,1,0.142289
0.248976,0,0.659675
0.104230,1,0.090385
0.200061,0,0.307880
0.309844,0,0.500812
0.143214,1,0.142085
0.234764,0,0.313355
0.157577,1,0.192484
0.204396,0,0.174718
0.219547,0,0.429716
0.067557,1,0.022805
0.216564,0,0.343309
0.162557,1,0.132966
0.165141,1,0.172155
0.186325,1,0.155014
0.183496,1,0.275939
0.173132,1,0.142074
0.218373,0,0.128867
0.115197,1,0.071173
0.096528,1,0.005885
0.197314,1,0.162319
0.264218,0,0.437387
0.208119,0,0.391648
0.197848,1,0.294572
0.173132,1,0.142074
0.182126,1,0.565885
0.093098,1,0.061703
0.193916,1,0.141893
0.164771,1,0.287716
0.214104,0,0.145925
0.207027,0,0.147092
0.096585,1,0.107249
0.114280,1,0.042087
0.188431,1,0.237246
0.179946,1,0.122329
0.088193,1,0.640614
0.067582,1,0.510534
0.101446,1,0.401433
0.070393,1,0.577068
0.096323,1,0.473811
0.066661,1,0.643664
0.089343,1,0.071025
0.061096,1,0.213337
0.100156,1,0.740257
0.109230,1,0.536294
0.083287,1,0.524771
0.102146,1,0.295972
0.089325,1,0.674516
0.082582,1,0.207385
0.107698,1,0.398821
0.054265,1,0.180406
0.090818,1,0.135395
0.071948,1,0.580634
0.097702,1,0.262312
0.052259,1,0.130168
0.091746,1,0.779498
0.090657,1,0.213874
0.079459,1,0.488967
0.093143,1,0.505394
0.105095,1,0.239737
0.085067,1,0.781548
0.074376,1,0.325009
0.095547,1,0.260228
0.075050,1,0.336383
0.054265,1,0.180406
0.081878,1,0.260291
0.091067,1,0.393288
0.068838,1,0.086178
0.100305,1,0.207394
0.070263,1,0.218035
0.060042,1,0.132207
0.083522,1,0.515787
0.067582,1,0.510534
0.103808,1,0.705318
0.106070,1,0.258305
0.094188,1,0.243125
0.090926,1,0.201401
0.063220,1,0.136294
0.099132,1,0.397894
0.068432,1,0.473454
0.071764,1,0.164394
0.079742,1,0.443942
0.100712,1,0.220755
0.098733,1,0.216165
0.061497,1,0.651983
0.089546,1,0.023158
0.202884,0,0.181082
0.209115,0,0.273066
0.246385,0,0.264568
0.092710,1,0.071748
0.148926,1,0.153993
0.068000,1,0.029675
0.149818,1,0.104913
0.077611,1,0.011793
0.179391,1,0.089585
0.101571,1,0.073121
0.156366,1,0.083914
0.068451,1,0.013243
0.183333,1,0.186551
0.155889,1,0.284772
0.261524,0,0.192138
0.054234,1,0.010673
0.075061,1,0.067218
0.136675,1,0.149279
0.056701,1,0.000714
0.179268,1,0.174632
0.141473,1,0.128666
0.080526,1,0.049949
0.141178,1,0.099451
0.090030,1,0.057920
0.065715,1,0.019118
0.107098,1,0.029759
0.075325,1,0.038585
0.143999,1,0.096263
0.094005,1,0.051843
0.195950,1,0.400410
0.070627,1,0.034738
0.076609,1,0.033606
0.076486,1,0.013641
0.108490,1,0.071619
0.103429,1,0.034403
0.107254,1,0.060975
0.158899,1,0.158578
0.120939,1,0.093551
0.165388,1,0.157685
0.089955,1,0.037326
0.271594,0,0.307659
0.069475,1,0.014955
0.082797,1,0.101505
0.132547,1,0.067218
0.086254,1,0.020532
0.086595,1,0.047561
0.131632,1,0.080363
0.220495,0,0.239749
0.108900,1,0.158097
0.089931,1,0.027090
0.073951,1,0.029297
0.078411,1,0.057196
0.242969,0,0.278765
0.071469,1,0.005294
0.064336,1,0.067888
0.064303,1,0.025847
0.144675,1,0.204026
0.193072,1,0.500028
0.162846,1,0.435184
0.141267,1,0.471092
0.193072,1,0.500028
0.166459,1,0.218480
0.078576,1,0.047104
0.063590,1,0.058597
0.092162,1,0.074545
0.077407,1,0.045650
0.132505,1,0.319525
0.051705,1,0.057366
0.162624,1,0.482949
0.063590,1,0.058597
0.057360,1,0.024479
0.091396,1,0.053975
0.114861,1,0.147663
0.102572,1,0.060920
0.136711,1,0.266623
0.169898,1,0.469734
0.063794,1,0.019718
0.176537,1,0.500409
0.150753,1,0.273045
0.082611,1,0.104344
0.097054,1,0.088882
0.065164,1,0.018710
0.157332,1,0.416640
0.095208,1,0.092840
0.154991,1,0.408657
0.138504,1,0.474522
0.109527,1,0.109821
0.073111,1,0.095188
0.053370,1,0.008962
0.134066,1,0.218763
0.069102,1,0.019355
0.063079,1,0.022429
0.141207,1,0.484710
0.086079,1,0.020599
0.058966,1,0.026815
0.075726,1,0.061873
0.073551,1,0.059360
0.102458,1,0.137047
0.072644,1,0.014756
0.124059,1,0.258422
0.124089,1,0.278260
0.080110,1,0.028823
0.065789,1,0.110012
0.136007,1,0.076383
0.067186,1,0.030172
0.125890,1,0.084469
0.095288,1,0.118488
0.080563,1,0.084848
0.077605,1,0.146987
0.056955,1,0.121230
0.129858,1,0.139428
0.083776,1,0.143171
0.081653,1,0.124577
0.078459,1,0.044685
0.137813,1,0.220470
0.064848,1,0.089693
0.101011,1,0.046180
0.073500,1,0.133466
0.074189,1,0.180907
0.147708,1,0.164764
0.114499,1,0.094661
0.129182,1,0.262013
0.128641,1,0.287127
0.074810,1,0.109786
0.124059,1,0.258422
0.085196,1,0.038168
0.072735,1,0.196072
0.137146,1,0.292833
0.115989,1,0.054794
0.086324,1,0.163117
0.069371,1,0.173516
0.083158,1,0.079585
0.129564,1,0.157946
0.148104,1,0.203425
0.105014,1,0.026881
0.159552,1,0.146703
0.078025,1,0.143887
0.049015,1,0.032744
0.065378,1,0.046167
0.098331,1,0.105757
0.063431,1,0.119884
0.128063,1,0.281512
0.060624,1,0.082114
0.134168,1,0.252647
0.056896,1,0.156258
0.109119,1,0.148434
0.077348,1,0.093367
0.111575,1,0.134700
0.099420,1,0.164817
0.101520,1,0.198424
0.088727,1,0.222036
0.131813,1,0.019413
0.080496,1,0.177525
0.098278,1,0.025747
0.093164,1,0.040673
0.083056,1,0.016392
0.071995,1,0.025763
0.159498,1,0.029438
0.138210,1,0.282637
0.078450,1,0.279245
0.093859,1,0.186572
0.106160,1,0.030907
0.082788,1,0.262456
0.083248,1,0.309363
0.109997,1,0.052835
0.069926,1,0.230555
0.083059,1,0.354804
0.079380,1,0.212518
0.076604,1,0.035135
0.075233,1,0.187867
0.097047,1,0.058692
0.155882,1,0.020817
0.077252,1,0.045554
0.071117,1,0.189971
0.095124,1,0.209593
0.058235,1,0.180935
0.124655,1,0.249994
0.084823,1,0.020972
0.091134,1,0.250417
0.122158,1,0.227166
0.083498,1,0.010193
0.098702,1,0.157027
0.069080,1,0.010457
0.062699,1,0.038835
0.105025,1,0.179534
0.118948,1,0.245428
0.089804,1,0.257220
0.055259,1,0.092136
0.064784,1,0.027209
0.087714,1,0.212890
0.057952,1,0.009796
0.085142,1,0.019010
0.114650,1,0.039040
0.060238,1,0.033278
0.118378,1,0.210049
0.081477,1,0.333230
0.101602,1,0.279377
0.057140,1,0.194740
0.120453,1,0.027762
0.086972,1,0.251617
0.107799,1,0.096421
0.094708,1,0.134133
0.097759,1,0.032070
0.106112,1,0.058828
0.092368,1,0.073569
0.062687,1,0.032516
0.079939,1,0.009570
0.079431,1,0.035749
0.075653,1,0.034347
0.108979,1,0.056126
0.095785,1,0.139412
0.089713,1,0.039624
0.074485,1,0.043661
0.091086,1,0.084119
0.091203,1,0.028345
0.065983,1,0.020100
0.060430,1,0.009569
0.077496,1,0.041758
0.106442,1,0.231881
0.081636,1,0.028001
0.082157,1,0.133812
0.060003,1,0.043967
0.110145,1,0.134584
0.072943,1,0.072630
0.086066,1,0.199512
0.066364,1,0.020726
0.130085,1,0.280336
0.106759,1,0.250416
0.074916,1,0.177346
0.112825,1,0.159604
0.133650,1,0.249722
0.063192,1,0.076827
0.114270,1,0.050763
0.135641,1,0.134352
0.153557,1,0.190875
0.074444,1,0.063850
0.077675,1,0.100795
0.089390,1,0.239014
0.118604,1,0.026490
0.097593,1,0.232953
0.131529,1,0.033760
0.091070,1,0.036548
0.081562,1,0.057699
0.141681,1,0.232580
0.101472,1,0.033323
0.087038,1,0.037330
0.080388,1,0.028710
0.194959,1,0.307038
0.122703,1,0.187591
0.110543,1,0.166955
0.149799,1,0.382251
0.081902,1,0.027226
0.094496,1,0.183797
0.061105,1,0.009849
0.153634,1,0.365553
0.131319,1,0.388140
0.098690,1,0.266057
0.125528,1,0.236529
0.138184,1,0.339789
0.140793,1,0.389921
0.133520,1,0.284814
0.095074,1,0.129097
0.091850,1,0.130005
0.135371,1,0.343771
0.182295,1,0.315048
0.148263,1,0.347845
0.106083,1,0.126529
0.144861,1,0.299788
0.147642,1,0.355038
0.129079,1,0.226051
0.150838,1,0.396670
0.134059,1,0.389926
0.146272,1,0.392387
0.138748,1,0.312014
0.136926,1,0.378294
0.139701,1,0.407769
0.131745,1,0.371159
0.082876,1,0.045496
0.123297,1,0.301055
0.089237,1,0.065104
0.091299,1,0.136381
0.134834,1,0.239857
0.131013,1,0.279074
0.095919,1,0.282176
0.091850,1,0.130005
0.119897,1,0.255318
0.088900,1,0.061145
0.130635,1,0.337529
0.138222,1,0.358961
0.156107,1,0.385573
0.147376,1,0.321728
0.091854,1,0.023267
0.134791,1,0.287782
0.146598,1,0.350789
0.128731,1,0.227302
0.159802,1,0.284000
0.123032,1,0.196489
0.113847,1,0.236909
0.142701,1,0.244320
0.080247,1,0.051664
0.096269,1,0.024392
0.074516,1,0.001898
0.095578,1,0.086562
0.116155,1,0.271345
0.108212,1,0.084937
0.135034,1,0.075520
0.157682,1,0.219742
0.097410,1,0.069705
0.130020,1,0.063399
0.146086,1,0.036263
0.080699,1,0.013566
0.152940,1,0.176727
0.178598,1,0.129461
0.096877,1,0.024026
0.082589,1,0.034988
0.048288,1,0.004422
0.076106,1,0.020945
0.083139,1,0.007289
0.115861,1,0.133523
0.113904,1,0.164333
0.080618,1,0.059654
0.065129,1,0.035843
0.073283,1,0.058806
0.101492,1,0.141420
0.102708,1,0.026982
0.131480,1,0.107468
0.085610,1,0.066592
0.111810,1,0.098800
0.090729,1,0.030154
0.099506,1,0.166573
0.090443,1,0.090788
0.124197,1,0.252458
0.094086,1,0.158580
0.064405,1,0.040490
0.098596,1,0.033608
0.116816,1,0.185963
0.146296,1,0.051736
0.137107,1,0.067332
0.119442,1,0.072248
0.073503,1,0.069219
0.103745,1,0.039974
0.140860,1,0.073270
0.066666,1,0.009572
0.090637,1,0.119451
0.091341,1,0.038239
0.093341,1,0.117512
0.172226,1,0.147057
0.091874,1,0.028912
0.141060,1,0.101643
0.070188,1,0.064158
0.139806,1,0.276235
0.118090,1,0.226212
0.108269,1,0.250630
0.127373,1,0.263663
0.098928,1,0.343098
0.154780,1,0.367507
0.143005,1,0.182739
0.125701,1,0.325865
0.096538,1,0.152262
0.148648,1,0.204043
0.125674,1,0.179182
0.106474,1,0.258351
0.093561,1,0.061379
0.103798,1,0.195637
0.063919,1,0.009226
0.156595,1,0.315904
0.145565,1,0.486058
0.059077,1,0.015935
0.099088,1,0.169007
0.083235,1,0.207173
0.053619,1,0.000615
0.092978,1,0.131849
0.060605,1,0.002901
0.072834,1,0.085298
0.064425,1,0.016498
0.088065,1,0.022972
0.082857,1,0.116754
0.125786,1,0.403761
0.091609,1,0.289651
0.121228,1,0.322504
0.085370,1,0.112383
0.096538,1,0.152262
0.138850,1,0.260286
0.074485,1,0.015577
0.106032,1,0.145780
0.122640,1,0.133404
0.145661,1,0.272545
0.107585,1,0.176781
0.079649,1,0.151471
0.078514,1,0.024231
0.103793,1,0.012399
0.114095,1,0.016102
0.108989,1,0.290026
0.090326,1,0.027329
0.100230,1,0.036739
0.173621,1,0.278330
0.146473,1,0.272806
0.135738,1,0.300255
0.143866,1,0.259932
0.071789,1,0.006591
0.089982,1,0.055993
0.094340,1,0.037408
0.272722,0,0.341114
0.272909,0,0.200220
0.177034,1,0.289548
0.092131,1,0.029454
0.215400,0,0.177450
0.232036,0,0.223816
0.236444,0,0.209797
0.082539,1,0.023017
0.180648,1,0.275535
0.288476,0,0.334619
0.079152,1,0.006778
0.127018,1,0.059477
0.160796,1,0.125696
0.192540,1,0.198593
0.208147,0,0.209121
0.186479,1,0.151402
0.257299,0,0.169041
0.342807,0,0.207458
0.244788,0,0.189429
0.095079,1,0.072547
0.259952,0,0.275913
0.139843,1,0.062944
0.259257,0,0.372033
0.283933,0,0.284557
0.181225,1,0.110795
0.321499,0,0.305058
0.225397,0,0.219053
0.114218,1,0.068270
0.186313,1,0.289562
0.229444,0,0.161033
0.117338,1,0.028407
0.270641,0,0.362833
0.065346,1,0.004596
0.229722,0,0.198003
0.143447,1,0.134303
0.288958,0,0.219754
0.282874,0,0.358527
0.163640,1,0.192708
0.156151,1,0.040319
0.233180,0,0.289879
0.089259,1,0.018313
0.132684,1,0.047097
0.161080,1,0.120121
0.177148,1,0.100678
0.214572,0,0.450018
0.273348,0,0.281790
0.111098,1,0.065679
0.078095,1,0.417749
0.159575,1,0.345664
0.061067,1,0.207052
0.107194,1,0.195238
0.068432,1,0.067162
0.144392,1,0.458287
0.099561,1,0.030091
0.066952,1,0.013537
0.137406,1,0.020052
0.062590,1,0.000302
0.211097,0,0.427234
0.205773,0,0.315834
0.089012,1,0.141386
0.071575,1,0.185808
0.091984,1,0.242293
0.154617,1,0.168219
0.106300,1,0.000507
0.116371,1,0.030093
0.065055,1,0.325984
0.090066,1,0.162285
0.123440,1,0.287350
0.124443,1,0.348464
0.047050,1,0.008503
0.083173,1,0.271441
0.069629,1,0.019616
0.095394,1,0.427871
0.100092,1,0.233099
0.096007,1,0.169921
0.087601,1,0.017193
0.092666,1,0.478593
0.061464,1,0.372667
0.075359,1,0.283755
0.192950,1,0.128705
0.196963,1,0.195956
0.089012,1,0.141386
0.124583,1,0.055068
0.070763,1,0.055772
0.137471,1,0.081190
0.071615,1,0.155835
0.085894,1,0.323052
0.088541,1,0.049008
0.131949,1,0.149163
0.105010,1,0.022998
0.064371,1,0.000022
0.108598,1,0.255640
0.139826,1,0.308011
0.091704,1,0.163787
0.110047,1,0.089931
0.056730,1,0.017801
0.071877,1,0.009115
0.152766,1,0.086005
0.193148,1,0.470578
0.225378,0,0.459848
0.410849,0,0.424095
0.083991,1,0.121389
0.178046,1,0.447465
0.367902,0,0.530559
0.242126,0,0.474977
0.189518,1,0.417244
0.291050,0,0.474499
0.336999,0,0.290377
0.195966,1,0.469225
0.159218,1,0.326716
0.256299,0,0.293813
0.252920,0,0.268041
0.194505,1,0.119923
0.280834,0,0.245819
0.189737,1,0.320679
0.396967,0,0.397760
0.188216,1,0.465198
0.174760,1,0.086982
0.178046,1,0.447465
0.283465,0,0.301038
0.188216,1,0.465198
0.356583,0,0.337073
0.209621,0,0.304842
0.260884,0,0.478032
0.146188,1,0.330174
0.195975,1,0.457708
0.352053,0,0.422991
0.109887,1,0.173881
0.390552,0,0.553440
0.179090,1,0.465040
0.188216,1,0.465198
0.177685,1,0.309641
0.257538,0,0.324193
0.198946,1,0.471191
0.199467,1,0.381024
0.235152,0,0.318265
0.199177,1,0.469849
0.188216,1,0.465198
0.188947,1,0.452835
0.188216,1,0.465198
0.188216,1,0.465198
0.242472,0,0.326646
0.071588,1,0.066761
0.216534,0,0.304879
0.413069,0,0.527902
0.068982,1,0.010459
0.305803,0,0.494043
0.134525,1,0.145115
0.179593,1,0.123268
0.252832,0,0.249292
0.165155,1,0.214637
0.164787,1,0.114500
0.168172,1,0.146652
0.121576,1,0.019307
0.257997,0,0.205608
0.211312,0,0.133620
0.164563,1,0.041503
0.212167,0,0.246610
0.183904,1,0.292998
0.184141,1,0.405642
0.103740,1,0.098240
0.235721,0,0.274177
0.150805,1,0.096012
0.216586,0,0.146860
0.165537,1,0.161285
0.144924,1,0.241877
0.165877,1,0.166190
0.187855,1,0.238834
0.118405,1,0.063189
0.100581,1,0.004988
0.223118,0,0.216480
0.169811,1,0.291097
0.160229,1,0.150661
0.242565,0,0.144781
0.126934,1,0.182214
0.236696,0,0.277234
0.074791,1,0.029132
0.123585,1,0.108163
0.202997,0,0.277435
0.152148,1,0.161995
0.179751,1,0.044803
0.246641,0,0.252522
0.084267,1,0.015660
0.171681,1,0.288989
0.189660,1,0.150483
0.151203,1,0.194287
0.143065,1,0.143209
0.207075,0,0.148922
0.193223,1,0.064222
0.182842,1,0.143689
0.148703,1,0.130081
0.251805,0,0.250618
0.140022,1,0.083854
0.240823,0,0.264612
0.211984,0,0.186909
0.173367,1,0.403770
0.202345,0,0.201113
0.153045,1,0.392255
0.159972,1,0.340818
0.079309,1,0.030863
0.120622,1,0.168264
0.074483,1,0.094114
0.173426,1,0.121822
0.104014,1,0.069708
0.101691,1,0.098455
0.131038,1,0.233660
0.156637,1,0.137907
0.166048,1,0.401524
0.117465,1,0.156356
0.065918,1,0.019085
0.107125,1,0.091735
0.193751,1,0.405417
0.091114,1,0.093672
0.123033,1,0.073626
0.126920,1,0.123148
0.113123,1,0.111261
0.114965,1,0.091529
0.092795,1,0.094947
0.098714,1,0.195718
0.105558,1,0.150634
0.164802,1,0.320502
0.140929,1,0.411493
0.075115,1,0.102486
0.098875,1,0.092204
0.156400,1,0.100799
0.112023,1,0.111954
0.145643,1,0.147745
0.106349,1,0.134101
0.173426,1,0.121822
0.113098,1,0.077063
0.159200,1,0.396326
0.126351,1,0.096009
0.098564,1,0.234920
0.131952,1,0.049604
0.131780,1,0.091189
0.115267,1,0.317916
0.119302,1,0.364620
0.072597,1,0.023796
0.077698,1,0.090057
0.119376,1,0.091216
0.092567,1,0.089877
0.074440,1,0.021686
0.084473,1,0.094074
0.081818,1,0.053822
0.119046,1,0.086875
0.068415,1,0.026545
0.131344,1,0.376199
0.154406,1,0.059785
0.158463,1,0.153196
0.286859,0,0.299474
0.230757,0,0.257648
0.170266,1,0.034865
0.189625,1,0.141429
0.143523,1,0.085335
0.284363,0,0.203125
0.260697,0,0.258666
0.153207,1,0.096584
0.190588,1,0.071505
0.167481,1,0.243860
0.282681,0,0.258863
0.238401,0,0.227508
0.128022,1,0.057087
0.297884,0,0.185386
0.280718,0,0.062295
0.160024,1,0.211646
0.300662,0,0.173334
0.179562,1,0.108958
0.293228,0,0.272256
0.189227,1,0.152585
0.145210,1,0.033479
0.159811,1,0.064426
0.143179,1,0.055356
0.167641,1,0.087624
0.334319,0,0.522049
0.282459,0,0.295532
0.108916,1,0.053464
0.145998,1,0.054295
0.094637,1,0.000693
0.141894,1,0.016669
0.205355,0,0.131246
0.216219,0,0.084857
0.111808,1,0.064607
0.351459,0,0.538061
0.162746,1,0.129414
0.265708,0,0.151131
0.171790,1,0.056770
0.114832,1,0.011929
0.152355,1,0.057562
0.220383,0,0.232242
0.245986,0,0.058524
0.264004,0,0.170710
0.279102,0,0.337332
0.289929,0,0.222489
0.206769,0,0.102229
0.212427,0,0.148668
0.165703,1,0.224955
0.335516,0,0.270874
0.188697,1,0.167724
0.078236,1,0.032461
0.187851,1,0.160666
0.095762,1,0.056565
0.168698,1,0.013031
0.179766,1,0.083630
0.077193,1,0.038266
0.083073,1,0.000032
0.072341,1,0.204373
0.137039,1,0.051687
0.061711,1,0.116788
0.136752,1,0.018706
0.081145,1,0.028184
0.147948,1,0.028672
0.085092,1,0.049603
0.077222,1,0.021829
0.172703,1,0.015505
0.097800,1,0.151672
0.142919,1,0.073372
0.190614,1,0.165912
0.242659,0,0.254801
0.098666,1,0.017500
0.092005,1,0.028927
0.084187,1,0.027783
0.089937,1,0.022291
0.157974,1,0.016087
0.148100,1,0.045015
0.168317,1,0.157386
0.210879,0,0.331001
0.178625,1,0.011953
0.057821,1,0.001161
0.079385,1,0.015699
0.085864,1,0.011213
0.083073,1,0.000032
0.131482,1,0.078667
0.160367,1,0.025625
0.182562,1,0.026141
0.136939,1,0.039841
0.096340,1,0.037476
0.077641,1,0.184242
0.089555,1,0.031242
0.174677,1,0.022946
0.186483,1,0.054338
0.151796,1,0.016610
0.222391,0,0.331024
0.214377,0,0.331003
0.242963,0,0.229682
0.208356,0,0.236918
0.191890,1,0.168831
0.054009,1,0.062826
0.374085,0,0.385287
0.380227,0,0.343280
0.186312,1,0.272035
0.119898,1,0.237338
0.163700,1,0.293946
0.378266,0,0.379000
0.109709,1,0.160062
0.193672,1,0.310161
0.179906,1,0.306232
0.237123,0,0.275894
0.179906,1,0.306232
0.298460,0,0.275797
0.126875,1,0.109894
0.328071,0,0.327193
0.126821,1,0.212534
0.342198,0,0.356305
0.170375,1,0.262041
0.233907,0,0.285798
0.137713,1,0.048511
0.357965,0,0.357869
0.288424,0,0.272911
0.308088,0,0.310506
0.178729,1,0.298992
0.164317,1,0.306823
0.194176,1,0.026851
0.140821,1,0.259412
0.326467,0,0.357512
0.114460,1,0.070233
0.412576,0,0.437088
0.127185,1,0.175232
0.131691,1,0.248761
0.179906,1,0.306232
0.188093,1,0.124938
0.145483,1,0.261120
0.183231,1,0.095379
0.310759,0,0.286075
0.387687,0,0.339471
0.179906,1,0.306232
0.143046,1,0.260324
0.169757,1,0.262479
0.378266,0,0.379000
0.112645,1,0.058704
0.166340,1,0.170222
0.169132,1,0.253600
0.364892,0,0.367617
0.185069,1,0.310071
0.075395,1,0.014218
0.357277,0,0.366426
0.085065,1,0.043478
0.178729,1,0.298992
0.080153,1,0.088551
0.075031,1,0.127504
0.114513,1,0.232264
0.115217,1,0.135071
0.054644,1,0.006653
0.124050,1,0.322948
0.166701,1,0.410488
0.097323,1,0.307030
0.080602,1,0.194996
0.090478,1,0.051823
0.074756,1,0.358955
0.079245,1,0.158068
0.054644,1,0.006653
0.142248,1,0.293231
0.073835,1,0.071390
0.116764,1,0.088274
0.104956,1,0.217874
0.059716,1,0.021948
0.092064,1,0.157893
0.131102,1,0.277197
0.084648,1,0.134437
0.077436,1,0.040401
0.141859,1,0.298992
0.111050,1,0.138801
0.073248,1,0.102211
0.077977,1,0.148517
0.077598,1,0.141993
0.085366,1,0.201600
0.110538,1,0.264436
0.138720,1,0.220849
0.127125,1,0.293713
0.087724,1,0.144259
0.071403,1,0.299724
0.076423,1,0.099134
0.083789,1,0.154806
0.107677,1,0.321802
0.108982,1,0.322002
0.124464,1,0.228295
0.070930,1,0.038469
0.179581,1,0.435647
0.073727,1,0.091220
0.104902,1,0.253449
0.087971,1,0.045041
0.099971,1,0.280689
0.065524,1,0.108712
0.092345,1,0.146350
0.084324,1,0.127850
0.071824,1,0.032670
0.074642,1,0.305555
0.059804,1,0.011837
0.068658,1,0.030700
0.092554,1,0.081603
0.082708,1,0.162194
0.068250,1,0.049181
0.098985,1,0.229634
0.084423,1,0.118688
0.106822,1,0.219581
0.102851,1,0.130877
0.075117,1,0.040669
0.082122,1,0.179569
0.095325,1,0.089967
0.096728,1,0.164451
0.074352,1,0.051149
0.114287,1,0.245125
0.090544,1,0.132413
0.091780,1,0.191316
0.082633,1,0.129419
0.050791,1,0.000015
0.064259,1,0.032553
0.085150,1,0.089207
0.076838,1,0.114188
0.100783,1,0.191815
0.086050,1,0.017823
0.083758,1,0.018159
0.103495,1,0.133683
0.126064,1,0.121993
0.096482,1,0.118880
0.083483,1,0.132483
0.107696,1,0.190224
0.067529,1,0.025376
0.073146,1,0.099063
0.089439,1,0.131248
0.112809,1,0.223314
0.077872,1,0.032839
0.089665,1,0.049576
0.078599,1,0.060528
0.074489,1,0.054429
0.074530,1,0.000208
0.076845,1,0.089105
0.076658,1,0.133522
0.088821,1,0.064154
0.117955,1,0.224737
0.073039,1,0.001317
0.108830,1,0.130789
0.083649,1,0.059752
0.054297,1,0.002509
0.108261,1,0.132233
0.062928,1,0.025024
0.113355,1,0.129072
0.056372,1,0.003491
0.103368,1,0.043104
0.206664,0,0.143777
0.111262,1,0.010158
0.171964,1,0.290218
0.259667,0,0.300534
0.151264,1,0.078359
0.147230,1,0.239317
0.172791,1,0.310827
0.168857,1,0.213491
0.125706,1,0.030075
0.193030,1,0.073285
0.240755,0,0.009859
0.112426,1,0.019270
0.152330,1,0.051867
0.163498,1,0.143045
0.139631,1,0.050525
0.152483,1,0.111270
0.169868,1,0.311887
0.115448,1,0.109313
0.098147,1,0.032201
0.239097,0,0.305442
0.208759,0,0.131129
0.251401,0,0.054693
0.294595,0,0.237363
0.129643,1,0.107629
0.106677,1,0.021477
0.335531,0,0.244698
0.342325,0,0.272449
0.180855,1,0.116049
0.197396,1,0.270528
0.194079,1,0.172661
0.172909,1,0.127265
0.171902,1,0.354591
0.174512,1,0.248623
0.216273,0,0.145022
0.251002,0,0.268240
0.226968,0,0.257100
0.100220,1,0.039791
0.191625,1,0.159356
0.158191,1,0.142680
0.235272,0,0.271867
0.163294,1,0.314544
0.191133,1,0.023916
0.136374,1,0.132130
0.145421,1,0.197378
0.149944,1,0.099922
0.204215,0,0.318112
0.142240,1,0.147681
0.126278,1,0.039640
0.229101,0,0.339521
0.106450,1,0.031801
0.099597,1,0.003934
0.240589,0,0.202276
0.141993,1,0.023265
0.136750,1,0.056042
0.079251,1,0.013579
0.163713,1,0.092830
0.200219,0,0.015351
0.208520,0,0.137439
0.123974,1,0.049807
0.185958,1,0.087067
0.144238,1,0.022220
0.137156,1,0.069651
0.118663,1,0.126516
0.250497,0,0.171041
0.101548,1,0.033227
0.132138,1,0.051451
0.176584,1,0.055052
0.092434,1,0.031564
0.161119,1,0.072120
0.108016,1,0.060037
0.122365,1,0.067833
0.241371,0,0.120105
0.213066,0,0.149601
0.143852,1,0.038528
0.207317,0,0.264927
0.181914,1,0.034184
0.079036,1,0.002119
0.268171,0,0.235181
0.171523,1,0.057244
0.163706,1,0.052185
0.266157,0,0.218062
0.198963,1,0.089288
0.105102,1,0.032093
0.236916,0,0.065344
0.230227,0,0.195447
0.188827,1,0.185450
0.174907,1,0.031800
0.223057,0,0.258378
0.194507,1,0.159836
0.134957,1,0.068009
0.241226,0,0.184542
0.128060,1,0.045986
0.130029,1,0.049905
0.140233,1,0.065709
0.156745,1,0.049223
0.188466,1,0.091738
0.083092,1,0.030794
0.135822,1,0.023504
0.155806,1,0.024681
0.075935,1,0.227649
0.102435,1,0.039007
0.097835,1,0.030622
0.090573,1,0.081826
0.098072,1,0.077870
0.148968,1,0.317340
0.239869,0,0.415492
0.200366,0,0.335296
0.103225,1,0.138239
0.237196,0,0.302985
0.124758,1,0.202935
0.121010,1,0.119540
0.186229,1,0.300117
0.208881,0,0.321849
0.174955,1,0.274772
0.202944,0,0.403023
0.182888,1,0.216945
0.131072,1,0.205604
0.211889,0,0.433970
0.224414,0,0.337796
0.174801,1,0.140534
0.105762,1,0.243394
0.149864,1,0.098861
0.146031,1,0.310673
0.206629,0,0.333101
0.111814,1,0.029884
0.158849,1,0.078970
0.077659,1,0.198203
0.137375,1,0.353012
0.087075,1,0.038245
0.165523,1,0.128844
0.177512,1,0.288218
0.081793,1,0.014819
0.129193,1,0.356382
0.119687,1,0.096137
0.123816,1,0.349652
0.138540,1,0.053346
0.136153,1,0.348896
0.128600,1,0.115948
0.079750,1,0.036028
0.143145,1,0.273667
0.110073,1,0.032574
0.091139,1,0.291845
0.104803,1,0.224259
0.202477,0,0.289624
0.200302,0,0.242347
0.157349,1,0.130774
0.115036,1,0.052972
0.124293,1,0.008569
0.153856,1,0.235172
0.100554,1,0.278040
0.060996,1,0.003521
0.206270,0,0.563663
0.164440,1,0.133468
0.104212,1,0.282750
0.139693,1,0.506109
0.087823,1,0.406135
0.143254,1,0.470039
0.195816,1,0.548333
0.161314,1,0.569490
0.079482,1,0.195915
0.241400,0,0.518074
0.165591,1,0.181036
0.157442,1,0.351021
0.069602,1,0.084678
0.220552,0,0.453521
0.105164,1,0.243434
0.148110,1,0.121067
0.113604,1,0.095822
0.194706,1,0.566669
0.116718,1,0.463129
0.091908,1,0.275009
0.088754,1,0.162015
0.174376,1,0.570568
0.067515,1,0.028525
0.108179,1,0.370366
0.134216,1,0.338888
0.104562,1,0.216617
0.152478,1,0.552274
0.107343,1,0.141746
0.101001,1,0.083730
0.149445,1,0.272935
0.064995,1,0.246194
0.237694,0,0.595897
0.216938,0,0.606521
0.104562,1,0.216617
0.108465,1,0.299420
0.133280,1,0.032984
0.095213,1,0.042016
0.108374,1,0.101634
0.117974,1,0.295920
0.130164,1,0.207244
0.096585,1,0.179174
0.204819,0,0.456987
0.110409,1,0.066199
0.213046,0,0.609378
0.121347,1,0.330475
0.142765,1,0.181286
0.138614,1,0.596511
0.128222,1,0.563603
0.108505,1,0.130854
0.142957,1,0.241008
0.155511,1,0.353493
0.151213,1,0.108236
0.123716,1,0.180749
0.103121,1,0.127984
0.063952,1,0.010245
0.104615,1,0.038461
0.108670,1,0.141066
0.120355,1,0.149422
0.148599,1,0.253112
0.127009,1,0.107085
0.052378,1,0.000367
0.116983,1,0.236626
0.148824,1,0.361723
0.097558,1,0.099524
0.116096,1,0.118580
0.107690,1,0.067926
0.061112,1,0.058260
0.137227,1,0.193843
0.141478,1,0.121462
0.110138,1,0.076847
0.137911,1,0.247821
0.140867,1,0.358664
0.096266,1,0.058656
0.103199,1,0.103702
0.120126,1,0.221767
0.131882,1,0.206215
0.135886,1,0.193317
0.108505,1,0.130854
0.149017,1,0.182746
0.072403,1,0.000017
0.132767,1,0.139316
0.129629,1,0.077082
0.067327,1,0.053201
0.118456,1,0.101477
0.137521,1,0.107450
0.174166,1,0.292442
0.155511,1,0.353493
0.188113,1,0.285950
0.103520,1,0.061878
0.131059,1,0.143632
0.148955,1,0.180262
0.188113,1,0.285950
0.109750,1,0.151546
0.127094,1,0.022818
0.133297,1,0.080258
0.161333,1,0.364287
0.095999,1,0.078378
0.162409,1,0.201051
0.240538,0,0.317356
0.140497,1,0.524725
0.128360,1,0.130185
0.202562,0,0.409725
0.095600,1,0.119463
0.070411,1,0.010953
0.176909,1,0.379893
0.137068,1,0.248508
0.218710,0,0.607559
0.138078,1,0.189286
0.134532,1,0.491431
0.133205,1,0.161408
0.136136,1,0.151937
0.096724,1,0.368655
0.145842,1,0.057367
0.217435,0,0.314616
0.124321,1,0.161402
0.103469,1,0.105583
0.165599,1,0.187394
0.173691,1,0.359453
0.150011,1,0.291657
0.199762,1,0.358560
0.173824,1,0.450083
0.219680,0,0.379674
0.324272,0,0.592391
0.085802,1,0.068804
0.152636,1,0.493767
0.259092,0,0.343570
0.086884,1,0.139505
0.229782,0,0.256932
0.124498,1,0.353613
0.172197,1,0.543963
0.151409,1,0.270054
0.135307,1,0.211465
0.190831,1,0.566919
0.177179,1,0.282479
0.187761,1,0.254559
0.150514,1,0.267742
0.156123,1,0.463471
0.207092,0,0.345342
0.119062,1,0.500457
0.146659,1,0.253765
0.127608,1,0.130111
0.167602,1,0.335687
0.101041,1,0.155485
0.196260,1,0.207565
0.126818,1,0.311201
0.156604,1,0.466103
0.219275,0,0.348673
0.153695,1,0.379790
0.109811,1,0.262616
0.157527,1,0.123742
0.171970,1,0.167076
0.110636,1,0.121304
0.123662,1,0.144956
0.214909,0,0.295265
0.152766,1,0.080925
0.127366,1,0.097220
0.197777,1,0.506153
0.083261,1,0.099958
0.059497,1,0.002236
0.158033,1,0.285495
0.090644,1,0.107681
0.158734,1,0.392633
0.134478,1,0.114035
0.151603,1,0.096103
0.179770,1,0.409837
0.112433,1,0.057503
0.088461,1,0.201826
0.099289,1,0.137198
0.107528,1,0.235348
0.137971,1,0.066572
0.075873,1,0.072265
0.132108,1,0.118831
0.052385,1,0.001991
0.113837,1,0.114922
0.154575,1,0.162443
0.094640,1,0.130006
0.136884,1,0.236104
0.077718,1,0.106120
0.160293,1,0.146618
0.101475,1,0.101734
0.106360,1,0.087952
0.139526,1,0.126454
0.044290,1,0.008764
0.075635,1,0.007111
0.102341,1,0.132250
0.060827,1,0.052782
0.097147,1,0.086605
0.114265,1,0.206753
0.093150,1,0.058861
0.116472,1,0.117853
0.108510,1,0.164699
0.100112,1,0.217968
0.074954,1,0.031925
0.226615,0,0.343643
0.137340,1,0.262816
0.131057,1,0.044582
0.159091,1,0.102949
0.115385,1,0.074572
0.187754,1,0.076106
0.363743,0,0.411539
0.075080,1,0.114974
0.338458,0,0.350194
0.350034,0,0.379234
0.066792,1,0.044915
0.120411,1,0.020058
0.341980,0,0.352956
0.147532,1,0.034737
0.365999,0,0.412262
0.331596,0,0.305641
0.347908,0,0.346076
0.351957,0,0.334515
0.342917,0,0.356541
0.154425,1,0.080417
0.364721,0,0.343846
0.340311,0,0.351179
0.332180,0,0.302374
0.200164,0,0.147509
0.342917,0,0.356541
0.342917,0,0.356541
0.342917,0,0.356541
0.335185,0,0.254581
0.247538,0,0.198451
0.129227,1,0.060950
0.335748,0,0.344161
0.342917,0,0.356541
0.161305,1,0.084222
0.355795,0,0.366449
0.361050,0,0.339579
0.174158,1,0.063124
0.342917,0,0.356541
0.339068,0,0.350906
0.144197,1,0.055169
0.342917,0,0.356541
0.332979,0,0.259816
0.107843,1,0.018544
0.391237,0,0.411230
0.302408,0,0.209467
0.338302,0,0.309430
0.342917,0,0.356541
0.156816,1,0.108574
0.107843,1,0.018544
0.335185,0,0.254581
0.056029,1,0.015563
0.105083,1,0.026499
0.283556,0,0.212332
0.342917,0,0.356541
0.354669,0,0.343146
0.346110,0,0.262835
0.075676,1,0.059530
0.075727,1,0.140368
0.083862,1,0.039449
0.245313,0,0.327156
0.163508,1,0.198311
0.191011,1,0.318505
0.204099,0,0.369645
0.053280,1,0.002761
0.245472,0,0.310089
0.110835,1,0.238545
0.102758,1,0.127941
0.066131,1,0.008511
0.101742,1,0.161711
0.080089,1,0.097018
0.107084,1,0.142742
0.083239,1,0.009914
0.097372,1,0.052923
0.108457,1,0.034014
0.053474,1,0.000439
0.207416,0,0.304401
0.134538,1,0.219658
0.152017,1,0.238101
0.123856,1,0.208347
0.078470,1,0.033769
0.040828,1,0.000916
0.067516,1,0.043994
0.079435,1,0.023486
0.089357,1,0.120048
0.153224,1,0.257284
0.075431,1,0.166392
0.065830,1,0.042247
0.105206,1,0.168899
0.135623,1,0.181358
0.071516,1,0.001954
0.142631,1,0.220967
0.049422,1,0.013133
0.132819,1,0.180248
0.080690,1,0.138880
0.191656,1,0.222448
0.174859,1,0.248803
0.080243,1,0.093385
0.138958,1,0.126518
0.152610,1,0.180298
0.099053,1,0.243967
0.070019,1,0.041358
0.071568,1,0.022248
0.125048,1,0.082455
0.116801,1,0.129558
0.082187,1,0.061534
0.080480,1,0.084070
0.095277,1,0.134414
0.113417,1,0.234521
0.110088,1,0.116405
0.106400,1,0.209017
0.106273,1,0.294635
0.125387,1,0.398216
0.148237,1,0.147483
0.054915,1,0.022114
0.108877,1,0.212543
0.125959,1,0.580002
0.079762,1,0.542400
0.088792,1,0.084608
0.105485,1,0.184981
0.094940,1,0.167440
0.134584,1,0.113709
0.119236,1,0.566229
0.094666,1,0.193767
0.100252,1,0.020721
0.118042,1,0.141527
0.119603,1,0.103626
0.152335,1,0.121596
0.090944,1,0.449205
0.074029,1,0.077462
0.104275,1,0.140649
0.100456,1,0.138265
0.063931,1,0.089597
0.093948,1,0.084563
0.096248,1,0.050662
0.076979,1,0.029381
0.110495,1,0.105151
0.063972,1,0.064786
0.115572,1,0.141725
0.140907,1,0.148279
0.098578,1,0.124947
0.123215,1,0.549338
0.127316,1,0.535952
0.091481,1,0.088897
0.142711,1,0.228794
0.068735,1,0.341286
0.109406,1,0.211279
0.070504,1,0.531742
0.075522,1,0.134814
0.085896,1,0.098923
0.114037,1,0.148124
0.073368,1,0.008105
0.175423,1,0.141948
0.066059,1,0.029044
0.081056,1,0.040523
0.101404,1,0.171999
0.074029,1,0.077462
0.139198,1,0.394688
0.140432,1,0.430857
0.076512,1,0.029622
0.063395,1,0.005143
0.158606,1,0.340810
0.080200,1,0.261095
0.073693,1,0.180487
0.095079,1,0.135867
0.170758,1,0.118087
0.082496,1,0.380990
0.090955,1,0.031000
0.092475,1,0.160663
0.086950,1,0.150771
0.112049,1,0.431419
0.064286,1,0.014597
0.098915,1,0.341214
0.077426,1,0.405038
0.117211,1,0.165071
0.113850,1,0.163450
0.081884,1,0.221608
0.091912,1,0.311309
0.106259,1,0.274994
0.110518,1,0.275513
0.122460,1,0.752438
0.119612,1,0.742018
0.058188,1,0.083934
0.108983,1,0.067173
0.085269,1,0.567128
0.139198,1,0.394688
0.086268,1,0.127121
0.079540,1,0.377991
0.090285,1,0.298098
0.082062,1,0.320860
0.072916,1,0.516306
0.130296,1,0.171884
0.079388,1,0.394307
0.099692,1,0.020112
0.092366,1,0.413368
0.084595,1,0.224386
0.067552,1,0.002878
0.155400,1,0.472143
0.092642,1,0.100617
0.071054,1,0.061555
0.082381,1,0.249742
0.064016,1,0.520804
0.093008,1,0.271114
0.116780,1,0.152789
0.077410,1,0.507510
0.108983,1,0.067173
0.076465,1,0.408193
0.224668,0,0.399469
0.171037,1,0.147414
0.176914,1,0.181494
0.178990,1,0.479281
0.130910,1,0.064362
0.156168,1,0.091782
0.170370,1,0.204568
0.167426,1,0.147462
0.215012,0,0.397265
0.202911,0,0.403428
0.141325,1,0.149809
0.188881,1,0.338506
0.206333,0,0.264311
0.184682,1,0.059553
0.241497,0,0.308070
0.115891,1,0.037332
0.178111,1,0.321081
0.099781,1,0.014603
0.178878,1,0.133587
0.289255,0,0.373838
0.256050,0,0.368703
0.225323,0,0.157852
0.144462,1,0.093847
0.145199,1,0.016471
0.142399,1,0.181245
0.177864,1,0.147270
0.272815,0,0.201437
0.187278,1,0.105214
0.110882,1,0.039256
0.198484,1,0.331742
0.164428,1,0.058605
0.129065,1,0.024464
0.325715,0,0.413125
0.134967,1,0.056265
0.224529,0,0.445821
0.134610,1,0.108406
0.148729,1,0.057889
0.151557,1,0.031530
0.108455,1,0.026452
0.197393,1,0.256336
0.155260,1,0.200503
0.197095,1,0.279706
0.210725,0,0.333313
0.142346,1,0.036054
0.253344,0,0.273938
0.281911,0,0.307655
0.277680,0,0.369891
0.215490,0,0.226860
0.223964,0,0.357176
0.112549,1,0.025269
0.297621,0,0.233869
0.200306,0,0.161070
0.092056,1,0.020239
0.338753,0,0.343061
0.043796,1,0.020379
0.124494,1,0.236160
0.128692,1,0.023220
0.184724,1,0.200331
0.165273,1,0.110973
0.077194,1,0.153231
0.252951,0,0.203697
0.223177,0,0.183066
0.121033,1,0.251902
0.129401,1,0.155134
0.350381,0,0.485389
0.097734,1,0.073003
0.108837,1,0.142941
0.106354,1,0.030368
0.304476,0,0.384001
0.205294,0,0.234636
0.097254,1,0.036001
0.313660,0,0.315928
0.110474,1,0.136536
0.084427,1,0.020876
0.314500,0,0.268517
0.272454,0,0.364562
0.149423,1,0.054827
0.144997,1,0.065909
0.251473,0,0.124898
0.353937,0,0.348993
0.236559,0,0.239710
0.346929,0,0.456097
0.096921,1,0.091895
0.083305,1,0.022072
0.216852,0,0.095282
0.094036,1,0.233904
0.201429,0,0.125481
0.301022,0,0.260757
0.256079,0,0.212362
0.354483,0,0.489754
0.306828,0,0.300031
0.249352,0,0.184873
0.064551,1,0.054202
0.354099,0,0.448154
0.068020,1,0.081055
0.245246,0,0.156977
0.092630,1,0.005737
0.127285,1,0.256906
0.118495,1,0.065363
0.202916,0,0.125415
0.176294,1,0.217304
0.176265,1,0.173606
0.197868,1,0.366135
0.071138,1,0.044527
0.144641,1,0.122308
0.214826,0,0.201220
0.176177,1,0.170353
0.130803,1,0.175294
0.223545,0,0.460225
0.136990,1,0.205578
0.147267,1,0.016577
0.118232,1,0.084852
0.167039,1,0.196192
0.204990,0,0.358290
0.097254,1,0.045717
0.157991,1,0.142892
0.155399,1,0.164703
0.201669,0,0.199247
0.184116,1,0.185379
0.243653,0,0.440956
0.146021,1,0.201186
0.176246,1,0.243070
0.129640,1,0.070188
0.183926,1,0.216854
0.214826,0,0.201220
0.203610,0,0.309781
0.211752,0,0.288253
0.168526,1,0.201054
0.228301,0,0.367382
0.179548,1,0.201175
0.133388,1,0.165044
0.116418,1,0.090407
0.112207,1,0.083645
0.176246,1,0.243070
0.178490,1,0.260171
0.196155,1,0.302433
0.098433,1,0.087595
0.157235,1,0.177200
0.152734,1,0.148087
0.226898,0,0.323683
0.215186,0,0.376353
0.207829,0,0.367734
0.167594,1,0.195841
0.184901,1,0.273880
0.167039,1,0.196192
0.062806,1,0.009266
0.140003,1,0.173591
0.128145,1,0.175454
0.157724,1,0.132016
0.156053,1,0.075299
0.094813,1,0.199696
0.062563,1,0.303122
0.169851,1,0.119456
0.124706,1,0.398919
0.072884,1,0.189744
0.079423,1,0.128903
0.104318,1,0.089530
0.140135,1,0.073845
0.093092,1,0.495073
0.073617,1,0.106101
0.076075,1,0.353130
0.126832,1,0.144098
0.109720,1,0.120048
0.181650,1,0.119913
0.052396,1,0.089550
0.111070,1,0.047827
0.153237,1,0.152324
0.098433,1,0.511820
0.191156,1,0.236180
0.081296,1,0.123929
0.103292,1,0.093113
0.073293,1,0.155206
0.165292,1,0.070568
0.343886,0,0.114365
0.093777,1,0.350310
0.132035,1,0.177854
0.076354,1,0.044251
0.127053,1,0.058614
0.153542,1,0.403567
0.062328,1,0.042691
0.131361,1,0.118457
0.154306,1,0.307018
0.111160,1,0.065053
0.114742,1,0.156481
0.293126,0,0.549561
0.145660,1,0.036354
0.074273,1,0.138536
0.178112,1,0.031387
0.061509,1,0.051642
0.054606,1,0.156152
0.077643,1,0.085635
0.107454,1,0.217693
0.147462,1,0.160858
0.070851,1,0.103529
0.195788,1,0.141409
0.105760,1,0.011347
0.061408,1,0.004094
0.102347,1,0.185719
0.156565,1,0.038047
0.133466,1,0.096463
0.095477,1,0.251609
0.067742,1,0.012810
0.126141,1,0.087278
0.086835,1,0.198705
0.096447,1,0.105673
0.084007,1,0.137164
0.122429,1,0.043147
0.089230,1,0.118504
0.118071,1,0.112210
0.093816,1,0.136396
0.070968,1,0.060001
0.080752,1,0.154604
0.108587,1,0.354844
0.099083,1,0.183621
0.085759,1,0.102413
0.119370,1,0.117202
0.159950,1,0.166651
0.085976,1,0.020959
0.097152,1,0.178721
0.084867,1,0.096461
0.083366,1,0.031725
0.094760,1,0.228568
0.095562,1,0.047296
0.088209,1,0.071740
0.104913,1,0.077581
0.089468,1,0.045163
0.104579,1,0.078589
0.143930,1,0.136695
0.112857,1,0.051588
0.110489,1,0.367063
0.110194,1,0.145119
0.071825,1,0.025020
0.079999,1,0.165774
0.109456,1,0.184261
0.072213,1,0.139094
0.085702,1,0.048699
0.104642,1,0.191569
0.111082,1,0.050347
0.086130,1,0.209782
0.074503,1,0.057284
0.094559,1,0.083253
0.079572,1,0.087973
0.137418,1,0.142657
0.076190,1,0.007216
0.086387,1,0.019327
0.112069,1,0.177892
0.062384,1,0.005355
0.177204,1,0.140124
0.075821,1,0.028049
0.068083,1,0.129656
0.276560,0,0.388169
0.258472,0,0.369725
0.163237,1,0.168618
0.102978,1,0.082345
0.267814,0,0.387769
0.116951,1,0.052136
0.117902,1,0.089998
0.070482,1,0.070649
0.098991,1,0.084794
0.273179,0,0.360500
0.168448,1,0.099274
0.126983,1,0.098764
0.105397,1,0.047836
0.170689,1,0.090449
0.124288,1,0.092911
0.103215,1,0.080404
0.120577,1,0.120850
0.092590,1,0.082597
0.100708,1,0.037068
0.232897,0,0.437034
0.095447,1,0.096287
0.190990,1,0.150254
0.128970,1,0.088320
0.068101,1,0.024546
0.254258,0,0.249597
0.199287,1,0.208218
0.154704,1,0.131907
0.119463,1,0.096253
0.106764,1,0.085356
0.198424,1,0.286823
0.151099,1,0.093190
0.151025,1,0.246380
0.229294,0,0.332934
0.092516,1,0.071299
0.144747,1,0.111888
0.081833,1,0.015021
0.180845,1,0.283766
0.265580,0,0.407810
0.237921,0,0.243585
0.212981,0,0.151905
0.301920,0,0.318047
0.181491,1,0.214081
0.264444,0,0.453273
0.264444,0,0.453273
0.145721,1,0.204232
0.273179,0,0.360500
0.274803,0,0.403417
0.280177,0,0.441973
0.142690,1,0.181920
0.264736,0,0.420024
0.074941,1,0.017207
0.189911,1,0.137013
0.219848,0,0.287110
0.216239,0,0.287977
0.060843,1,0.003089
0.209141,0,0.284135
0.204248,0,0.282883
0.063698,1,0.003765
0.202988,0,0.270125
0.087909,1,0.031244
0.219848,0,0.287110
0.219848,0,0.287110
0.204129,0,0.283483
0.219848,0,0.287110
0.210831,0,0.278162
0.175931,1,0.165501
0.074325,1,0.013058
0.209726,0,0.284959
0.216588,0,0.286503
0.215980,0,0.287429
0.204850,0,0.234768
0.208932,0,0.257471
0.070001,1,0.013792
0.218032,0,0.284084
0.095614,1,0.068434
0.220100,0,0.287876
0.222004,0,0.284153
0.095614,1,0.068434
0.072642,1,0.005530
0.219848,0,0.287110
0.124974,1,0.197912
0.219848,0,0.287110
0.177260,1,0.086451
0.205010,0,0.252084
0.092706,1,0.033133
0.219848,0,0.287110
0.218210,0,0.286938
0.206086,0,0.282883
0.216655,0,0.263174
0.219848,0,0.287110
0.204850,0,0.234768
0.216655,0,0.263174
0.216588,0,0.286503
0.135645,1,0.060440
0.219848,0,0.287110
0.074325,1,0.013058
0.219848,0,0.287110
0.089644,1,0.031244
0.216239,0,0.287977
0.219848,0,0.287110
0.174938,1,0.191027
0.166515,1,0.123087
0.201216,0,0.209104
0.201528,0,0.402231
0.197143,1,0.420059
0.112613,1,0.054667
0.180430,1,0.371107
0.172653,1,0.292136
0.169857,1,0.069948
0.124173,1,0.169934
0.137300,1,0.070345
0.139786,1,0.288821
0.168891,1,0.232029
0.143032,1,0.220535
0.223792,0,0.364275
0.200236,0,0.064884
0.087771,1,0.018900
0.116735,1,0.077687
0.091496,1,0.033390
0.204924,0,0.250490
0.149580,1,0.166846
0.162308,1,0.207661
0.167257,1,0.215577
0.178918,1,0.244369
0.166326,1,0.328338
0.201419,0,0.428096
0.210091,0,0.218072
0.178920,1,0.117184
0.206047,0,0.347138
0.183934,1,0.262602
0.197677,1,0.316146
0.185506,1,0.226585
0.111958,1,0.226692
0.221756,0,0.067814
0.156989,1,0.083728
0.186549,1,0.076777
0.207470,0,0.352874
0.164507,1,0.128532
0.150877,1,0.150652
0.134526,1,0.180031
0.194139,1,0.311809
0.078360,1,0.028774
0.185759,1,0.381634
0.093885,1,0.038527
0.196083,1,0.207290
0.079567,1,0.010362
0.138030,1,0.129322
0.183148,1,0.190343
0.160120,1,0.318094
0.145849,1,0.327001
0.217470,0,0.116928
0.258957,0,0.323459
0.167249,1,0.074348
0.155398,1,0.041494
0.196416,1,0.038647
0.168586,1,0.092545
0.258019,0,0.346286
0.190338,1,0.044442
0.257932,0,0.264692
0.094613,1,0.012260
0.228998,0,0.319311
0.244243,0,0.190652
0.148041,1,0.038278
0.185292,1,0.062341
0.094510,1,0.052258
0.128887,1,0.179688
0.075169,1,0.000041
0.219334,0,0.184119
0.195120,1,0.084928
0.154369,1,0.083232
0.190163,1,0.041520
0.195888,1,0.025781
0.169595,1,0.072752
0.229519,0,0.063694
0.231419,0,0.294046
0.137097,1,0.039317
0.175108,1,0.094016
0.169865,1,0.071314
0.061474,1,0.000009
0.229961,0,0.338695
0.242426,0,0.369658
0.201411,0,0.100239
0.229394,0,0.063696
0.175132,1,0.019066
0.065391,1,0.000025
0.155068,1,0.055312
0.182220,1,0.051182
0.151484,1,0.038440
0.248463,0,0.244664
0.193560,1,0.102109
0.100157,1,0.026442
0.186482,1,0.100934
0.051832,1,0.001052
0.221789,0,0.176042
0.218329,0,0.186640
0.052103,1,0.005809
0.188733,1,0.025592
0.226675,0,0.012344
0.236433,0,0.311523
0.128275,1,0.028142
0.093640,1,0.048872
0.189118,1,0.171753
0.120376,1,0.054601
0.114625,1,0.271202
0.163472,1,0.166695
0.186611,1,0.350458
0.164485,1,0.157354
0.180237,1,0.329925
0.171515,1,0.163417
0.151825,1,0.190415
0.142198,1,0.151418
0.114722,1,0.454803
0.099953,1,0.038742
0.145136,1,0.339372
0.164221,1,0.442007
0.139977,1,0.183058
0.121159,1,0.217080
0.099611,1,0.033894
0.129699,1,0.225392
0.133103,1,0.076109
0.158392,1,0.171979
0.079062,1,0.111236
0.074435,1,0.005749
0.102197,1,0.228781
0.104405,1,0.040178
0.144042,1,0.127159
0.175202,1,0.433528
0.182428,1,0.174268
0.077875,1,0.045018
0.167024,1,0.496827
0.075209,1,0.165206
0.137233,1,0.229828
0.142511,1,0.026245
0.099753,1,0.285580
0.099753,1,0.285580
0.081843,1,0.406459
0.099944,1,0.052217
0.154966,1,0.287231
0.093638,1,0.023590
0.109287,1,0.026927
0.160715,1,0.132167
0.147322,1,0.067567
0.171515,1,0.163417
0.103523,1,0.066095
0.155576,1,0.442036
0.108420,1,0.171312
0.201030,0,0.394090
0.151482,1,0.145253
0.139870,1,0.403297
0.110681,1,0.475003
0.129162,1,0.129325
0.140917,1,0.149403
0.065696,1,0.041019
0.074581,1,0.063825
0.169113,1,0.063467
0.087855,1,0.014164
0.100109,1,0.080434
0.149805,1,0.129356
0.137635,1,0.169095
0.124064,1,0.091652
0.111731,1,0.108876
0.162706,1,0.230725
0.108957,1,0.086507
0.130997,1,0.127250
0.171926,1,0.260091
0.059010,1,0.026350
0.121728,1,0.123126
0.143784,1,0.131304
0.074300,1,0.031473
0.128300,1,0.056000
0.154527,1,0.244717
0.120021,1,0.122213
0.096614,1,0.123535
0.156383,1,0.096902
0.087865,1,0.106362
0.087868,1,0.114188
0.101651,1,0.140538
0.142396,1,0.158548
0.124464,1,0.131249
0.089489,1,0.051703
0.051820,1,0.023861
0.094227,1,0.104277
0.206019,0,0.187856
0.116534,1,0.128472
0.054379,1,0.009073
0.117121,1,0.097929
0.133416,1,0.234419
0.083475,1,0.076411
0.129162,1,0.129325
0.140716,1,0.178707
0.120735,1,0.088695
0.171665,1,0.054232
0.097961,1,0.057660
0.109718,1,0.100160
0.078804,1,0.062537
0.193593,1,0.226464
0.075613,1,0.114152
0.167524,1,0.189660
0.155552,1,0.167193
0.134170,1,0.248266
0.091101,1,0.097303
0.057787,1,0.044407
0.050929,1,0.037540
0.076813,1,0.265169
0.131731,1,0.166264
0.094468,1,0.334925
0.080129,1,0.220535
0.124666,1,0.118025
0.075126,1,0.211621
0.084347,1,0.119981
0.085929,1,0.288771
0.067950,1,0.218726
0.076779,1,0.229949
0.063037,1,0.164314
0.099496,1,0.099765
0.095918,1,0.173663
0.067997,1,0.123925
0.077146,1,0.131139
0.152773,1,0.102546
0.080039,1,0.219215
0.078661,1,0.234294
0.062433,1,0.280008
0.065437,1,0.157979
0.068121,1,0.243843
0.179883,1,0.157530
0.099999,1,0.169941
0.078158,1,0.048282
0.074462,1,0.159805
0.072105,1,0.135900
0.076386,1,0.167206
0.084394,1,0.235926
0.041864,1,0.010699
0.153043,1,0.189475
0.084295,1,0.324811
0.072384,1,0.086382
0.081472,1,0.188087
0.061538,1,0.006835
0.087380,1,0.207342
0.134349,1,0.128420
0.083258,1,0.097428
0.089701,1,0.213500
0.084400,1,0.129930
0.065018,1,0.053936
0.065176,1,0.168418
0.059782,1,0.032783
0.071191,1,0.183824
0.110567,1,0.168780
0.106765,1,0.225573
0.080717,1,0.074207
0.068892,1,0.170988
0.090763,1,0.008037
0.084365,1,0.017899
0.155313,1,0.377855
0.089566,1,0.111354
0.108438,1,0.078376
0.092111,1,0.039640
0.132821,1,0.144029
0.179661,1,0.393197
0.099064,1,0.125183
0.092787,1,0.034801
0.099021,1,0.071481
0.070992,1,0.017049
0.120091,1,0.147568
0.083322,1,0.062993
0.104622,1,0.089350
0.097424,1,0.104317
0.121114,1,0.049391
0.066128,1,0.010236
0.133843,1,0.259699
0.093632,1,0.065390
0.110626,1,0.129645
0.106666,1,0.067013
0.140842,1,0.323655
0.093759,1,0.121388
0.059992,1,0.000571
0.073908,1,0.054894
0.117652,1,0.085384
0.078736,1,0.032271
0.105876,1,0.187319
0.083799,1,0.040698
0.091251,1,0.042385
0.165709,1,0.397941
0.105901,1,0.131363
0.115020,1,0.309611
0.102417,1,0.058679
0.157844,1,0.238525
0.094842,1,0.145019
0.139220,1,0.372826
0.130855,1,0.351712
0.098549,1,0.034755
0.136445,1,0.372850
0.141300,1,0.082032
0.143838,1,0.111085
0.106178,1,0.002972
0.175241,1,0.383846
0.163644,1,0.375596
0.118648,1,0.161214
0.134248,1,0.133502
0.151668,1,0.378812
0.159590,1,0.356294
0.114671,1,0.159344
0.121444,1,0.213889
0.097897,1,0.170961
0.120984,1,0.156863
0.203226,0,0.367344
0.129635,1,0.127043
0.170743,1,0.142628
0.097905,1,0.120700
0.114237,1,0.124635
0.204450,0,0.295416
0.089230,1,0.108343
0.103493,1,0.141195
0.105643,1,0.088320
0.117088,1,0.126191
0.155102,1,0.421271
0.153079,1,0.142615
0.093882,1,0.005708
0.142350,1,0.103487
0.097712,1,0.129519
0.120611,1,0.230544
0.116368,1,0.108373
0.123348,1,0.128923
0.162092,1,0.160103
0.132085,1,0.132299
0.097897,1,0.170961
0.109013,1,0.182321
0.135864,1,0.050297
0.157898,1,0.133928
0.184032,1,0.142475
0.086104,1,0.191999
0.113597,1,0.193417
0.155225,1,0.402448
0.128118,1,0.137333
0.120611,1,0.230544
0.113597,1,0.193417
0.106659,1,0.179363
0.113995,1,0.218346
0.155225,1,0.402448
0.185900,1,0.118168
0.071238,1,0.106410
0.084608,1,0.135789
0.162507,1,0.088102
0.129718,1,0.333830
0.181239,1,0.143896
0.184032,1,0.142475
0.208948,0,0.140242
0.098375,1,0.141268
0.112872,1,0.155667
0.103970,1,0.020866
0.119803,1,0.050632
0.107560,1,0.252001
0.138368,1,0.196649
0.102871,1,0.117309
0.140821,1,0.202601
0.149058,1,0.257567
0.110933,1,0.338976
0.093073,1,0.015515
0.154632,1,0.263026
0.091844,1,0.203090
0.083324,1,0.029572
0.114973,1,0.256296
0.118040,1,0.038879
0.082989,1,0.028112
0.089557,1,0.020244
0.160587,1,0.059100
0.123920,1,0.227641
0.070372,1,0.110149
0.117305,1,0.403663
0.093288,1,0.214309
0.046284,1,0.010046
0.093676,1,0.078999
0.109950,1,0.182065
0.131536,1,0.204186
0.077418,1,0.078045
0.207752,0,0.296388
0.089330,1,0.091541
0.118904,1,0.404757
0.091000,1,0.234801
0.180405,1,0.318700
0.104923,1,0.042443
0.094161,1,0.359535
0.100958,1,0.091369
0.177103,1,0.181365
0.109276,1,0.433367
0.084971,1,0.251895
0.123721,1,0.259809
0.094549,1,0.225304
0.140544,1,0.368732
0.100958,1,0.091369
0.126570,1,0.080699
0.062937,1,0.156917
0.103706,1,0.431365
0.090587,1,0.208506
0.135394,1,0.310067
0.091126,1,0.040795
0.090551,1,0.028270
0.168671,1,0.444002
0.093043,1,0.428126
0.092210,1,0.053165
0.126809,1,0.204262
0.117827,1,0.072361
0.294984,0,0.382703
0.164086,1,0.201750
0.097058,1,0.047019
0.137813,1,0.184630
0.313846,0,0.390641
0.277954,0,0.263488
0.151812,1,0.134887
0.267466,0,0.308525
0.161248,1,0.139191
0.326670,0,0.385653
0.161416,1,0.159410
0.091049,1,0.035635
0.137813,1,0.184630
0.259697,0,0.332856
0.117108,1,0.023251
0.222728,0,0.228523
0.210818,0,0.186105
0.291267,0,0.383879
0.222463,0,0.267644
0.326878,0,0.424074
0.322227,0,0.407599
0.279896,0,0.372507
0.232256,0,0.368324
0.204323,0,0.233251
0.181384,1,0.235165
0.092035,1,0.036207
0.267466,0,0.308525
0.132075,1,0.165830
0.147125,1,0.128407
0.206845,0,0.170757
0.093449,1,0.044456
0.204600,0,0.181045
0.138630,1,0.145080
0.235016,0,0.308304
0.144952,1,0.121032
0.285408,0,0.381072
0.224770,0,0.299694
0.186731,1,0.124771
0.202746,0,0.247787
0.127493,1,0.072259
0.269206,0,0.380974
0.216472,0,0.201000
0.192485,1,0.206382
0.318242,0,0.411122
0.208800,0,0.167576
0.270589,0,0.324987
0.216070,0,0.200227
0.117243,1,0.075432
0.263054,0,0.382696
0.172089,1,0.240547
0.217067,0,0.179846
0.155102,1,0.117689
0.224806,0,0.249659
0.110963,1,0.010265
0.207994,0,0.221949
0.217260,0,0.175640
0.204772,0,0.081820
0.195818,1,0.209279
0.188150,1,0.209111
0.184561,1,0.311735
0.185932,1,0.207674
0.254478,0,0.137486
0.199529,1,0.130211
0.156458,1,0.068905
0.168445,1,0.197380
0.210177,0,0.199247
0.174462,1,0.135066
0.153420,1,0.159454
0.170144,1,0.193081
0.357841,0,0.259136
0.198040,1,0.294489
0.202048,0,0.234957
0.166471,1,0.109445
0.202048,0,0.234957
0.150833,1,0.078761
0.347901,0,0.285855
0.233440,0,0.357478
0.274691,0,0.263270
0.149234,1,0.200789
0.141022,1,0.127398
0.297737,0,0.293106
0.192734,1,0.295455
0.160588,1,0.170747
0.175293,1,0.171017
0.248682,0,0.407001
0.315210,0,0.283579
0.208560,0,0.249731
0.193696,1,0.172431
0.178985,1,0.162419
0.300701,0,0.259886
0.191075,1,0.222238
0.217814,0,0.262976
0.207824,0,0.089343
0.225427,0,0.204071
0.149928,1,0.234640
0.176454,1,0.203931
0.311607,0,0.413134
0.155404,1,0.175136
0.164052,1,0.167322
0.167346,1,0.138798
0.081404,1,0.077811
0.196432,1,0.158333
0.081411,1,0.037414
0.080115,1,0.032794
0.084224,1,0.277577
0.105310,1,0.047473
0.048645,1,0.030689
0.126536,1,0.074059
0.130993,1,0.024386
0.124989,1,0.093743
0.185496,1,0.199967
0.132563,1,0.157680
0.093290,1,0.070472
0.127038,1,0.076304
0.173698,1,0.175687
0.091637,1,0.114420
0.089632,1,0.102225
0.170210,1,0.124883
0.088729,1,0.081395
0.127754,1,0.098631
0.069141,1,0.012086
0.087776,1,0.045009
0.105610,1,0.344555
0.083419,1,0.095008
0.069417,1,0.074299
0.101342,1,0.189619
0.176693,1,0.168984
0.142894,1,0.101685
0.129682,1,0.117027
0.110231,1,0.140507
0.124366,1,0.103955
0.070711,1,0.078411
0.090978,1,0.051937
0.074957,1,0.054006
0.088801,1,0.040352
0.125626,1,0.111688
0.087785,1,0.069371
0.085445,1,0.066679
0.081197,1,0.085956
0.108691,1,0.076913
0.089382,1,0.114951
0.098664,1,0.132095
0.067669,1,0.104087
0.072306,1,0.057682
0.093909,1,0.096929
0.081082,1,0.006906
0.098652,1,0.071553
0.097132,1,0.075398
0.094094,1,0.035100
0.090322,1,0.181913
0.101616,1,0.094303
0.071114,1,0.058456
0.098566,1,0.363254
0.236062,0,0.625842
0.149828,1,0.183281
0.102584,1,0.059543
0.092581,1,0.017207
0.093654,1,0.194281
0.136693,1,0.201037
0.092509,1,0.168130
0.224924,0,0.646219
0.095451,1,0.192929
0.118992,1,0.108155
0.106711,1,0.299927
0.129184,1,0.205182
0.166805,1,0.219929
0.139494,1,0.350627
0.092754,1,0.291478
0.204610,0,0.551111
0.080401,1,0.097928
0.098001,1,0.007451
0.072073,1,0.110703
0.089774,1,0.217393
0.108151,1,0.328202
0.092511,1,0.293581
0.121484,1,0.166844
0.072511,1,0.106902
0.140772,1,0.392786
0.125420,1,0.336474
0.067845,1,0.013167
0.093252,1,0.119792
0.069185,1,0.028513
0.103954,1,0.164011
0.083890,1,0.172496
0.125786,1,0.175435
0.064491,1,0.086131
0.091382,1,0.043421
0.119583,1,0.081680
0.083348,1,0.057026
0.082502,1,0.198887
0.125576,1,0.369495
0.080977,1,0.274236
0.089661,1,0.177767
0.088400,1,0.108561
0.123508,1,0.259476
0.132104,1,0.195620
0.096251,1,0.152595
0.126789,1,0.347254
0.120989,1,0.392262
0.046051,1,0.012170
0.055235,1,0.002205
0.047830,1,0.207594
0.055178,1,0.206989
0.055178,1,0.206989
0.055178,1,0.206989
0.060283,1,0.072725
0.055178,1,0.206989
0.048599,1,0.207599
0.050888,1,0.198392
0.055178,1,0.206989
0.055178,1,0.206989
0.073192,1,0.127413
0.055178,1,0.206989
0.056154,1,0.207597
0.045345,1,0.000005
0.055178,1,0.206989
0.055178,1,0.206989
0.062870,1,0.012178
0.068531,1,0.063672
0.055178,1,0.206989
0.050253,1,0.000018
0.041111,1,0.000006
0.039109,1,0.000001
0.055178,1,0.206989
0.069910,1,0.000004
0.055178,1,0.206989
0.058572,1,0.011364
0.053481,1,0.127409
0.060693,1,0.207602
0.047830,1,0.207594
0.079663,1,0.127408
0.055178,1,0.206989
0.055178,1,0.206989
0.043752,1,0.000002
0.049799,1,0.197192
0.055178,1,0.206989
0.055178,1,0.206989
0.055178,1,0.206989
0.072561,1,0.127822
0.055178,1,0.206989
0.055178,1,0.206989
0.054290,1,0.000010
0.055178,1,0.206989
0.055178,1,0.206989
0.059803,1,0.207595
0.055178,1,0.206989
0.052123,1,0.207595
0.055178,1,0.206989
0.053720,1,0.197194
0.187403,1,0.036539
0.219662,0,0.171632
0.124457,1,0.272759
0.178790,1,0.129329
0.124457,1,0.272759
0.140030,1,0.310184
0.101428,1,0.225950
0.199350,1,0.148583
0.220607,0,0.117877
0.147797,1,0.306105
0.251486,0,0.245998
0.102975,1,0.084783
0.119612,1,0.315242
0.132242,1,0.007168
0.170811,1,0.226425
0.119612,1,0.315242
0.218578,0,0.106282
0.202665,0,0.191853
0.249677,0,0.154767
0.132242,1,0.007168
0.253073,0,0.259061
0.095966,1,0.062320
0.140971,1,0.314448
0.207699,0,0.169255
0.102844,1,0.083188
0.166093,1,0.072483
0.090601,1,0.047074
0.090444,1,0.212644
0.185379,1,0.175685
0.217094,0,0.162688
0.179056,1,0.221661
0.199350,1,0.148583
0.235181,0,0.231396
0.157282,1,0.170521
0.185910,1,0.178927
0.117841,1,0.277825
0.213809,0,0.224073
0.174551,1,0.177243
0.120044,1,0.277791
0.157025,1,0.322539
0.125268,1,0.137752
0.134122,1,0.287501
0.148968,1,0.024423
0.157972,1,0.129986
0.213809,0,0.224073
0.241368,0,0.219693
0.211918,0,0.149820
0.184628,1,0.167183
0.096797,1,0.194026
0.123003,1,0.286351
0.151748,1,0.196059
0.106626,1,0.101739
0.125356,1,0.055302
0.151057,1,0.048537
0.151141,1,0.210492
0.183242,1,0.377656
0.211645,0,0.436603
0.138879,1,0.368221
0.249419,0,0.409465
0.096972,1,0.075751
0.090456,1,0.030327
0.164114,1,0.205456
0.141652,1,0.199798
0.104842,1,0.001197
0.125543,1,0.241432
0.140928,1,0.134006
0.095141,1,0.011258
0.134549,1,0.089724
0.235364,0,0.331366
0.049645,1,0.000015
0.195153,1,0.266740
0.192458,1,0.151676
0.105712,1,0.097809
0.182526,1,0.320317
0.149439,1,0.387544
0.086648,1,0.022343
0.181659,1,0.232007
0.095532,1,0.009153
0.164742,1,0.231436
0.175531,1,0.407116
0.201125,0,0.149223
0.115134,1,0.102493
0.115326,1,0.241679
0.204818,0,0.286751
0.212547,0,0.070099
0.135288,1,0.143442
0.134687,1,0.290732
0.175053,1,0.138124
0.151465,1,0.241704
0.246486,0,0.162870
0.060410,1,0.000004
0.161845,1,0.274903
0.138506,1,0.112362
0.097134,1,0.109202
0.177826,1,0.308918
0.213720,0,0.212982
0.105443,1,0.079793
0.172315,1,0.187783
0.119267,1,0.051096
0.180868,1,0.176617
0.206369,0,0.140547
0.243096,0,0.499964
0.252390,0,0.570479
0.244901,0,0.494589
0.276792,0,0.418652
0.245732,0,0.586860
0.252390,0,0.570479
0.065527,1,0.002154
0.223883,0,0.585393
0.223883,0,0.585393
0.243821,0,0.569950
0.076915,1,0.146132
0.223883,0,0.585393
0.223883,0,0.585393
0.206068,0,0.192463
0.223883,0,0.585393
0.223883,0,0.585393
0.223883,0,0.585393
0.223883,0,0.585393
0.231873,0,0.562934
0.223883,0,0.585393
0.223883,0,0.585393
0.223883,0,0.585393
0.052987,1,0.248427
0.072881,1,0.000000
0.192726,1,0.237059
0.223883,0,0.585393
0.223883,0,0.585393
0.255009,0,0.418652
0.223883,0,0.585393
0.271756,0,0.367485
0.145613,1,0.055504
0.223883,0,0.585393
0.233945,0,0.494614
0.186758,1,0.141206
0.223883,0,0.585393
0.223883,0,0.585393
0.226502,0,0.585922
0.223883,0,0.585393
0.193540,1,0.235853
0.223883,0,0.585393
0.231576,0,0.342866
0.223883,0,0.585393
0.072960,1,0.002154
0.231318,0,0.586860
0.227761,0,0.586613
0.223883,0,0.585393
0.231318,0,0.586860
0.223883,0,0.585393
0.257216,0,0.291066
0.120924,1,0.067486
0.108761,1,0.132851
0.131324,1,0.108174
0.084035,1,0.021160
0.092458,1,0.086296
0.137505,1,0.169902
0.147294,1,0.217878
0.101327,1,0.070728
0.218824,0,0.436696
0.106571,1,0.138077
0.150660,1,0.080689
0.130806,1,0.092339
0.093209,1,0.051186
0.110947,1,0.099205
0.090766,1,0.047963
0.095154,1,0.122949
0.242507,0,0.438386
0.071647,1,0.026475
0.063914,1,0.031091
0.146392,1,0.158987
0.087442,1,0.062182
0.097234,1,0.065943
0.108884,1,0.116486
0.114676,1,0.060869
0.149318,1,0.108212
0.112073,1,0.105751
0.115563,1,0.110521
0.122228,1,0.121162
0.071494,1,0.001836
0.119897,1,0.035342
0.131257,1,0.175668
0.116895,1,0.109004
0.140914,1,0.221221
0.142419,1,0.191794
0.120092,1,0.093773
0.077819,1,0.052172
0.089090,1,0.090598
0.143497,1,0.093448
0.086600,1,0.086834
0.098812,1,0.074599
0.142370,1,0.073972
0.091517,1,0.039657
0.101720,1,0.111003
0.084768,1,0.060875
0.069351,1,0.038039
0.121441,1,0.067106
0.143194,1,0.133594
0.092481,1,0.070745
0.123622,1,0.091994
0.115721,1,0.086474
0.129653,1,0.137692
0.125332,1,0.415781
0.161879,1,0.330983
0.108798,1,0.288936
0.080622,1,0.011043
0.157937,1,0.023404
0.093659,1,0.007118
0.130334,1,0.357638
0.111657,1,0.387234
0.132671,1,0.028528
0.102565,1,0.043801
0.089260,1,0.031089
0.111740,1,0.139316
0.097484,1,0.074144
0.118725,1,0.378828
0.085443,1,0.051458
0.169949,1,0.097103
0.125763,1,0.163586
0.054114,1,0.016455
0.117341,1,0.207321
0.098247,1,0.060429
0.078232,1,0.244908
0.082110,1,0.072290
0.167741,1,0.418977
0.061835,1,0.065846
0.092476,1,0.031008
0.168074,1,0.271586
0.064279,1,0.284242
0.136367,1,0.157854
0.118605,1,0.059885
0.134613,1,0.156552
0.118519,1,0.124543
0.156392,1,0.377325
0.093621,1,0.032564
0.095760,1,0.082703
0.094050,1,0.065128
0.072971,1,0.289546
0.114661,1,0.044113
0.129033,1,0.026192
0.046262,1,0.005451
0.109565,1,0.160754
0.111560,1,0.073853
0.143826,1,0.052806
0.084843,1,0.060703
0.134558,1,0.324158
0.072878,1,0.086857
0.084101,1,0.342399
0.130334,1,0.357638
0.126296,1,0.190479
0.114433,1,0.037505
0.084387,1,0.130985
0.061253,1,0.077252
0.228723,0,0.022296
0.101405,1,0.079500
0.078289,1,0.090420
0.121516,1,0.014707
0.211013,0,0.110234
0.091622,1,0.062195
0.133707,1,0.119263
0.060375,1,0.057393
0.063237,1,0.141238
0.114084,1,0.048593
0.069432,1,0.046416
0.122583,1,0.136666
0.126371,1,0.115538
0.080786,1,0.045507
0.194932,1,0.125594
0.063527,1,0.067707
0.114818,1,0.147335
0.152045,1,0.141006
0.084848,1,0.005574
0.086710,1,0.124812
0.151523,1,0.099946
0.129139,1,0.159037
0.106382,1,0.064634
0.073383,1,0.133292
0.089702,1,0.031910
0.075581,1,0.065461
0.107795,1,0.179031
0.084072,1,0.102364
0.135899,1,0.025099
0.084939,1,0.128308
0.084757,1,0.197761
0.208143,0,0.124629
0.111516,1,0.160537
0.124767,1,0.024222
0.101762,1,0.108991
0.089290,1,0.112016
0.123065,1,0.165633
0.073301,1,0.056973
0.072087,1,0.031724
0.148871,1,0.119403
0.180688,1,0.115122
0.090950,1,0.105232
0.070912,1,0.053064
0.103812,1,0.121331
0.123812,1,0.024686
0.060721,1,0.050169
0.101147,1,0.148620
0.157542,1,0.115395
0.177085,1,0.300898
0.109283,1,0.030874
0.106420,1,0.006639
0.104203,1,0.027417
0.105162,1,0.000979
0.090840,1,0.004764
0.128598,1,0.104305
0.101301,1,0.019041
0.102980,1,0.051105
0.109840,1,0.055504
0.099844,1,0.021487
0.096511,1,0.043110
0.098644,1,0.047057
0.181532,1,0.153410
0.071865,1,0.011219
0.102076,1,0.051092
0.085916,1,0.004406
0.064669,1,0.006289
0.104009,1,0.022293
0.054213,1,0.000216
0.111390,1,0.054306
0.101490,1,0.087782
0.118041,1,0.054008
0.052963,1,0.002285
0.061670,1,0.018323
0.097044,1,0.029113
0.077940,1,0.004434
0.079867,1,0.003666
0.097983,1,0.090037
0.138575,1,0.091943
0.160943,1,0.089659
0.073872,1,0.004493
0.103499,1,0.024805
0.093686,1,0.025284
0.107485,1,0.004147
0.061305,1,0.004385
0.094048,1,0.044775
0.096295,1,0.054134
0.064624,1,0.003979
0.117034,1,0.066167
0.109698,1,0.055267
0.124258,1,0.033688
0.115013,1,0.083109
0.181687,1,0.108152
0.070120,1,0.012972
0.117790,1,0.110283
0.075639,1,0.002978
0.114433,1,0.055489
0.094753,1,0.014425
0.128032,1,0.117268
0.205818,0,0.327081
0.160552,1,0.332953
0.164657,1,0.360235
0.217413,0,0.384917
0.193067,1,0.391565
0.171747,1,0.258408
0.166162,1,0.193329
0.205818,0,0.327081
0.125191,1,0.121749
0.193067,1,0.391565
0.150785,1,0.243834
0.261446,0,0.416171
0.169651,1,0.305959
0.232747,0,0.261129
0.079065,1,0.088092
0.190628,1,0.362421
0.255632,0,0.385953
0.098141,1,0.085758
0.183254,1,0.360241
0.144733,1,0.209595
0.235880,0,0.365956
0.133824,1,0.260029
0.179317,1,0.251755
0.123352,1,0.112792
0.130625,1,0.131848
0.081839,1,0.062537
0.190264,1,0.362426
0.133864,1,0.148533
0.125259,1,0.082431
0.132614,1,0.207805
0.158723,1,0.180552
0.140796,1,0.069579
0.151346,1,0.247389
0.145404,1,0.211470
0.120132,1,0.117835
0.154962,1,0.200459
0.114981,1,0.177923
0.198803,1,0.323932
0.147669,1,0.065828
0.084841,1,0.104970
0.184958,1,0.334209
0.165037,1,0.254885
0.086761,1,0.035087
0.153656,1,0.132111
0.148800,1,0.163127
0.162679,1,0.302530
0.140324,1,0.171318
0.228074,0,0.384923
0.208934,0,0.362427
0.218756,0,0.135711
0.083184,1,0.240603
0.085110,1,0.216867
0.100296,1,0.532334
0.069623,1,0.073231
0.121772,1,0.431101
0.096252,1,0.273354
0.060695,1,0.393249
0.074280,1,0.331155
0.101249,1,0.200413
0.117292,1,0.047058
0.076548,1,0.033856
0.118755,1,0.184936
0.075654,1,0.248525
0.121685,1,0.147695
0.067470,1,0.227699
0.087613,1,0.316578
0.100335,1,0.052184
0.084957,1,0.235939
0.085700,1,0.097042
0.075164,1,0.167429
0.098611,1,0.387859
0.075458,1,0.077069
0.085178,1,0.156083
0.072818,1,0.065798
0.111758,1,0.220566
0.064524,1,0.432804
0.137550,1,0.281725
0.137791,1,0.266284
0.060822,1,0.201502
0.083032,1,0.168877
0.067065,1,0.201447
0.089535,1,0.382146
0.114189,1,0.169196
0.081928,1,0.439073
0.099014,1,0.174217
0.110760,1,0.260358
0.092593,1,0.435382
0.153104,1,0.630977
0.086319,1,0.219071
0.087830,1,0.359364
0.085640,1,0.589332
0.063615,1,0.191108
0.064002,1,0.212799
0.106036,1,0.397481
0.083787,1,0.071384
0.073392,1,0.233591
0.061682,1,0.025439
0.076193,1,0.271379
0.107054,1,0.537685
0.064428,1,0.027809
0.087726,1,0.031572
0.076377,1,0.011758
0.276648,0,0.426163
0.182543,1,0.323255
0.256407,0,0.286714
0.091888,1,0.019768
0.177936,1,0.240703
0.148800,1,0.216822
0.123536,1,0.086783
0.277452,0,0.466761
0.146891,1,0.133406
0.130716,1,0.034870
0.188734,1,0.236087
0.142386,1,0.106655
0.089201,1,0.044377
0.110045,1,0.089025
0.092236,1,0.036823
0.217821,0,0.417237
0.126244,1,0.038385
0.199218,1,0.348216
0.169306,1,0.156341
0.219152,0,0.308292
0.150477,1,0.140805
0.151054,1,0.104772
0.230966,0,0.388002
0.175305,1,0.168235
0.138413,1,0.184220
0.083722,1,0.007438
0.173168,1,0.076619
0.179329,1,0.095893
0.135465,1,0.171623
0.214346,0,0.405617
0.160019,1,0.266537
0.140236,1,0.024653
0.114392,1,0.073299
0.115352,1,0.077838
0.146592,1,0.056438
0.146341,1,0.023611
0.104913,1,0.168869
0.076374,1,0.053089
0.096191,1,0.092388
0.134926,1,0.128283
0.187674,1,0.140701
0.164909,1,0.143586
0.185809,1,0.319668
0.174485,1,0.352740
0.288634,0,0.296539
0.145704,1,0.159621
0.228112,0,0.434962
0.126256,1,0.228061
0.067218,1,0.004300
0.103538,1,0.259436
0.089749,1,0.182493
0.084167,1,0.106421
0.106291,1,0.122862
0.111886,1,0.464920
0.092912,1,0.225407
0.098114,1,0.253492
0.093455,1,0.063351
0.103436,1,0.268070
0.089191,1,0.231811
0.103475,1,0.145371
0.111973,1,0.260575
0.100094,1,0.182858
0.127696,1,0.276810
0.100453,1,0.404991
0.127549,1,0.176401
0.183641,1,0.119101
0.084919,1,0.206612
0.134507,1,0.432341
0.075159,1,0.110461
0.091500,1,0.038627
0.151542,1,0.479169
0.121794,1,0.107452
0.102532,1,0.240361
0.108752,1,0.317891
0.099302,1,0.102329
0.118415,1,0.278317
0.147700,1,0.481910
0.078583,1,0.023928
0.085938,1,0.147470
0.131581,1,0.480613
0.108505,1,0.404584
0.119385,1,0.253220
0.151542,1,0.479169
0.100094,1,0.182858
0.097384,1,0.117001
0.092673,1,0.247522
0.152816,1,0.482175
0.068696,1,0.116749
0.072380,1,0.021425
0.108505,1,0.404584
0.116338,1,0.228976
0.102271,1,0.447117
0.130771,1,0.324080
0.117037,1,0.267704
0.110085,1,0.260984
0.124562,1,0.276561
0.106445,1,0.226508
0.160661,1,0.477341
0.117525,1,0.031938
0.084942,1,0.024781
0.122750,1,0.046923
0.085425,1,0.003396
0.146933,1,0.046268
0.152964,1,0.041532
0.093786,1,0.026135
0.183397,1,0.206557
0.197675,1,0.366412
0.125101,1,0.043010
0.194994,1,0.059085
0.139736,1,0.048452
0.266382,0,0.227169
0.216613,0,0.055062
0.202819,0,0.454227
0.196491,1,0.198331
0.258794,0,0.319569
0.081422,1,0.006833
0.244642,0,0.367016
0.193880,1,0.038524
0.143402,1,0.029439
0.225114,0,0.129293
0.240587,0,0.147896
0.139026,1,0.044301
0.157423,1,0.048272
0.219311,0,0.059888
0.116176,1,0.011488
0.197434,1,0.032631
0.132662,1,0.014030
0.089113,1,0.034948
0.099944,1,0.150930
0.126815,1,0.025654
0.112137,1,0.023247
0.203851,0,0.136550
0.113016,1,0.031438
0.127025,1,0.040735
0.115426,1,0.010881
0.123311,1,0.048404
0.124685,1,0.028681
0.143888,1,0.059528
0.126752,1,0.064245
0.149984,1,0.010074
0.116208,1,0.041655
0.142997,1,0.020651
0.082218,1,0.005730
0.144362,1,0.310455
0.136644,1,0.032051
0.116231,1,0.011224
0.146671,1,0.030247
0.194487,1,0.423824
0.086844,1,0.063232
0.153464,1,0.344400
0.124789,1,0.185296
0.111303,1,0.046900
0.142539,1,0.339422
0.069302,1,0.019834
0.088322,1,0.067247
0.093542,1,0.062637
0.082136,1,0.074965
0.081979,1,0.025726
0.106207,1,0.334776
0.076982,1,0.013625
0.075284,1,0.069031
0.086305,1,0.058189
0.128613,1,0.071825
0.106871,1,0.119674
0.085928,1,0.062971
0.128109,1,0.195178
0.087335,1,0.035731
0.088688,1,0.025446
0.094432,1,0.048922
0.111106,1,0.322761
0.081187,1,0.039271
0.081053,1,0.300919
0.087406,1,0.158664
0.096543,1,0.031781
0.086305,1,0.058189
0.072035,1,0.021008
0.077248,1,0.049526
0.079780,1,0.020423
0.116573,1,0.274885
0.069713,1,0.010560
0.075002,1,0.049933
0.079940,1,0.077934
0.112040,1,0.061459
0.074633,1,0.054709
0.072771,1,0.019091
0.134806,1,0.345733
0.065275,1,0.047448
0.073463,1,0.066629
0.080265,1,0.023492
0.126711,1,0.033590
0.115801,1,0.047615
0.135325,1,0.185995
0.087189,1,0.026699
0.086795,1,0.040901
0.128613,1,0.071825
0.072771,1,0.019091
0.091429,1,0.007947
0.077678,1,0.031181
0.178207,1,0.234279
0.150910,1,0.208598
0.218721,0,0.238948
0.158673,1,0.203882
0.199582,1,0.287257
0.107522,1,0.098916
0.289637,0,0.377601
0.092982,1,0.006428
0.102377,1,0.118258
0.049240,1,0.000004
0.158261,1,0.211634
0.216746,0,0.314224
0.086259,1,0.013695
0.097134,1,0.059889
0.212303,0,0.392083
0.124003,1,0.155727
0.191502,1,0.296102
0.162395,1,0.300145
0.156223,1,0.310015
0.152402,1,0.200685
0.271127,0,0.341909
0.063672,1,0.001198
0.168024,1,0.187755
0.112903,1,0.041588
0.259301,0,0.376534
0.091194,1,0.028796
0.063672,1,0.001198
0.070745,1,0.036235
0.158184,1,0.317121
0.240903,0,0.361737
0.072903,1,0.013633
0.154274,1,0.323204
0.155719,1,0.305816
0.204908,0,0.314555
0.140834,1,0.154209
0.113437,1,0.219960
0.151401,1,0.173253
0.118396,1,0.140100
0.167581,1,0.317288
0.111890,1,0.034848
0.201310,0,0.328078
0.143206,1,0.281986
0.247197,0,0.350427
0.282271,0,0.388733
0.192696,1,0.297771
0.118362,1,0.135637
0.083424,1,0.069671
0.167565,1,0.258900
0.149593,1,0.261520
0.128596,1,0.021110
0.251335,0,0.130276
0.150414,1,0.170394
0.157540,1,0.088872
0.203545,0,0.208586
0.068945,1,0.013797
0.117420,1,0.031381
0.254441,0,0.211232
0.053248,1,0.001215
0.115461,1,0.123925
0.093388,1,0.107195
0.250533,0,0.223028
0.345305,0,0.329014
0.137240,1,0.084296
0.249032,0,0.184577
0.347905,0,0.117064
0.214778,0,0.124153
0.085052,1,0.022553
0.300871,0,0.308803
0.161123,1,0.153215
0.233620,0,0.248104
0.310671,0,0.252769
0.116523,1,0.004805
0.316779,0,0.198381
0.444989,0,0.149533
0.342946,0,0.331742
0.260661,0,0.231488
0.118764,1,0.161970
0.360786,0,0.372337
0.360262,0,0.398240
0.265023,0,0.187054
0.332681,0,0.312512
0.306352,0,0.252743
0.144439,1,0.080205
0.231007,0,0.206734
0.119019,1,0.210849
0.108455,1,0.038991
0.106170,1,0.022895
0.299538,0,0.234603
0.363729,0,0.400652
0.350501,0,0.400639
0.290547,0,0.188045
0.384070,0,0.382283
0.078812,1,0.059154
0.256611,0,0.151481
0.452850,0,0.209818
0.381433,0,0.410207
0.200782,0,0.201693
0.297034,0,0.198823
0.226648,0,0.126932
0.092339,1,0.051010
0.104745,1,0.222440
0.119607,1,0.185319
0.115066,1,0.318398
0.104521,1,0.097199
0.103766,1,0.168016
0.107947,1,0.247319
0.157187,1,0.315035
0.173226,1,0.394301
0.091061,1,0.286344
0.138676,1,0.287041
0.179212,1,0.397586
0.128067,1,0.260288
0.150970,1,0.303841
0.081582,1,0.085972
0.063380,1,0.032369
0.096447,1,0.220419
0.155972,1,0.362947
0.149894,1,0.377744
0.071568,1,0.050371
0.086089,1,0.079579
0.092309,1,0.272088
0.077481,1,0.113195
0.063285,1,0.022708
0.101465,1,0.250805
0.144614,1,0.326942
0.113456,1,0.297074
0.073350,1,0.063815
0.131380,1,0.341600
0.085450,1,0.138813
0.156263,1,0.354313
0.085116,1,0.122116
0.099328,1,0.150511
0.081225,1,0.124453
0.079038,1,0.186099
0.105603,1,0.125936
0.149908,1,0.370428
0.164743,1,0.370229
0.125059,1,0.242961
0.088582,1,0.091251
0.064139,1,0.078810
0.124675,1,0.268084
0.088151,1,0.118302
0.069198,1,0.022314
0.094603,1,0.237253
0.141476,1,0.354645
0.129071,1,0.345770
0.124137,1,0.264934
0.103766,1,0.168016
0.072953,1,0.130700
0.137321,1,0.279058
0.088246,1,0.026080
0.273671,0,0.454771
0.091124,1,0.025324
0.108573,1,0.058272
0.101134,1,0.262543
0.145489,1,0.062873
0.091579,1,0.101091
0.154785,1,0.295383
0.208515,0,0.237250
0.082102,1,0.066297
0.126610,1,0.158998
0.208515,0,0.237250
0.104056,1,0.110251
0.119590,1,0.146997
0.132717,1,0.296045
0.123975,1,0.195572
0.105724,1,0.266753
0.083455,1,0.039908
0.119935,1,0.102509
0.084339,1,0.029050
0.164302,1,0.360861
0.102695,1,0.178741
0.106774,1,0.163352
0.136407,1,0.134103
0.095705,1,0.116117
0.157261,1,0.179616
0.095120,1,0.257693
0.131585,1,0.262908
0.140676,1,0.092487
0.075903,1,0.056500
0.101152,1,0.027203
0.127017,1,0.176440
0.086063,1,0.116567
0.144520,1,0.379539
0.071877,1,0.039317
0.122314,1,0.194570
0.133666,1,0.537661
0.160243,1,0.380462
0.088791,1,0.057861
0.159196,1,0.109127
0.133843,1,0.386243
0.085571,1,0.028463
0.166640,1,0.194328
0.067319,1,0.140358
0.075052,1,0.016192
0.133312,1,0.042867
0.143337,1,0.501160
0.141447,1,0.228108
0.172284,1,0.211874
0.086806,1,0.132031
0.113038,1,0.373181
0.240970,0,0.285653
0.152796,1,0.055081
0.268642,0,0.333943
0.144392,1,0.255863
0.223081,0,0.136192
0.076146,1,0.003467
0.313705,0,0.370699
0.121075,1,0.170290
0.229047,0,0.321764
0.107321,1,0.201611
0.220002,0,0.184060
0.134959,1,0.449145
0.272108,0,0.326330
0.223982,0,0.313018
0.257028,0,0.251787
0.219263,0,0.311450
0.087615,1,0.043790
0.339382,0,0.357074
0.245813,0,0.256494
0.110927,1,0.219064
0.119676,1,0.074917
0.097706,1,0.167944
0.125118,1,0.052653
0.286345,0,0.102116
0.119079,1,0.234933
0.082824,1,0.000259
0.180952,1,0.153841
0.094829,1,0.034648
0.119680,1,0.138086
0.086955,1,0.098105
0.271069,0,0.333361
0.219842,0,0.317244
0.097335,1,0.003472
0.208298,0,0.270444
0.272946,0,0.236042
0.129279,1,0.162101
0.128599,1,0.284531
0.219842,0,0.317244
0.157912,1,0.234969
0.107943,1,0.000049
0.149264,1,0.234143
0.215107,0,0.172029
0.218504,0,0.136578
0.057876,1,0.002969
0.160349,1,0.117410
0.199621,1,0.266660
0.132745,1,0.449144
0.104406,1,0.084603
0.108535,1,0.416916
0.143002,1,0.168373
0.063178,1,0.189262
0.084930,1,0.087614
0.111364,1,0.045271
0.079429,1,0.025677
0.078688,1,0.021396
0.146973,1,0.054831
0.061110,1,0.049115
0.085349,1,0.244332
0.076241,1,0.043630
0.060370,1,0.211571
0.139010,1,0.130480
0.068325,1,0.028646
0.088801,1,0.078063
0.056942,1,0.002907
0.068593,1,0.086847
0.127765,1,0.169491
0.090808,1,0.002732
0.091273,1,0.096421
0.065930,1,0.149662
0.089253,1,0.237872
0.063727,1,0.045459
0.069929,1,0.200647
0.054800,1,0.061098
0.133222,1,0.180843
0.078642,1,0.179001
0.061561,1,0.092516
0.067959,1,0.028290
0.079662,1,0.223802
0.104998,1,0.012654
0.127813,1,0.245917
0.075333,1,0.207888
0.090990,1,0.158233
0.074572,1,0.203724
0.097895,1,0.230696
0.079108,1,0.214706
0.054954,1,0.038686
0.113094,1,0.176674
0.154642,1,0.065688
0.139409,1,0.102388
0.109447,1,0.055539
0.097968,1,0.174067
0.057496,1,0.028262
0.059763,1,0.045355
0.054954,1,0.038686
0.065628,1,0.109711
0.092061,1,0.007390
0.079996,1,0.137258
0.051924,1,0.042768
0.113211,1,0.048065
0.185848,1,0.370242
0.167240,1,0.182495
0.172980,1,0.251513
0.115860,1,0.077617
0.101617,1,0.077063
0.081875,1,0.052776
0.112567,1,0.090359
0.136063,1,0.195698
0.081231,1,0.080276
0.116939,1,0.089199
0.129726,1,0.238232
0.173283,1,0.267770
0.136550,1,0.139002
0.216701,0,0.563146
0.171984,1,0.370084
0.115754,1,0.201547
0.163094,1,0.222159
0.178311,1,0.452452
0.092720,1,0.046057
0.141623,1,0.211910
0.159764,1,0.103513
0.053220,1,0.002341
0.181503,1,0.419212
0.076866,1,0.067181
0.102289,1,0.080605
0.243367,0,0.609429
0.170118,1,0.276103
0.150850,1,0.273847
0.166326,1,0.419729
0.060966,1,0.001517
0.121323,1,0.118194
0.083753,1,0.108477
0.158254,1,0.270968
0.088702,1,0.088266
0.079010,1,0.053099
0.196561,1,0.523132
0.077284,1,0.047692
0.156266,1,0.522744
0.099267,1,0.079168
0.102031,1,0.219468
0.156528,1,0.188005
0.067257,1,0.047415
0.118925,1,0.259512
0.095357,1,0.208751
0.220218,0,0.383629
0.176284,1,0.350504
0.071469,1,0.147121
0.119457,1,0.122752
0.192232,1,0.179048
0.077980,1,0.037476
0.079143,1,0.026868
0.201651,0,0.307286
0.091519,1,0.043347
0.063084,1,0.017988
0.246371,0,0.393267
0.188979,1,0.252536
0.143827,1,0.173017
0.293165,0,0.418762
0.153350,1,0.098527
0.157568,1,0.109268
0.107760,1,0.076262
0.237522,0,0.394803
0.188979,1,0.252536
0.201239,0,0.311639
0.210583,0,0.308212
0.207668,0,0.307869
0.151743,1,0.141841
0.148993,1,0.125422
0.262353,0,0.410273
0.184770,1,0.148894
0.080915,1,0.030561
0.196205,1,0.313318
0.156569,1,0.093038
0.194036,1,0.288424
0.222775,0,0.355161
0.276330,0,0.426680
0.201603,0,0.314223
0.067968,1,0.007984
0.279127,0,0.422319
0.114635,1,0.032589
0.179920,1,0.196059
0.200544,0,0.320203
0.103179,1,0.051130
0.059487,1,0.000006
0.244858,0,0.362429
0.075015,1,0.026058
0.166057,1,0.118365
0.110948,1,0.132172
0.181264,1,0.169170
0.239861,0,0.395025
0.164439,1,0.126937
0.202700,0,0.277832
0.231216,0,0.281549
0.159252,1,0.295673
0.088835,1,0.076010
0.104558,1,0.005526
0.142677,1,0.106716
0.109163,1,0.021860
0.211772,0,0.287532
0.190911,1,0.273502
0.154002,1,0.230637
0.069358,1,0.091134
0.163297,1,0.120821
0.196452,1,0.756423
0.227188,0,0.769645
0.094627,1,0.023504
0.204299,0,0.762927
0.124768,1,0.251788
0.170257,1,0.714837
0.150184,1,0.396670
0.204299,0,0.762927
0.117513,1,0.425425
0.079760,1,0.145450
0.214444,0,0.749236
0.072713,1,0.082299
0.173888,1,0.326902
0.230022,0,0.750426
0.192414,1,0.760006
0.221380,0,0.757309
0.074131,1,0.069369
0.084436,1,0.271233
0.124768,1,0.251788
0.090620,1,0.088660
0.144775,1,0.316775
0.067448,1,0.004425
0.132962,1,0.034950
0.166035,1,0.260632
0.145428,1,0.465756
0.064320,1,0.000132
0.088371,1,0.048183
0.185919,1,0.339035
0.130693,1,0.286620
0.130637,1,0.146692
0.065911,1,0.267057
0.192389,1,0.732092
0.122483,1,0.046768
0.113636,1,0.323481
0.093757,1,0.021690
0.163827,1,0.356090
0.174017,1,0.334516
0.113096,1,0.404057
0.223848,0,0.760874
0.224373,0,0.745284
0.138315,1,0.263845
0.107551,1,0.071524
0.127583,1,0.162138
0.115691,1,0.070325
0.065899,1,0.137762
0.129555,1,0.174992
0.138126,1,0.333783
0.053040,1,0.008155
0.127290,1,0.226644
0.117384,1,0.446384
0.113023,1,0.140725
0.094225,1,0.101656
0.118920,1,0.375463
0.101181,1,0.100719
0.127738,1,0.519070
0.122621,1,0.072601
0.094440,1,0.128783
0.103950,1,0.059906
0.097300,1,0.201417
0.083987,1,0.074405
0.104260,1,0.188795
0.129264,1,0.392399
0.128356,1,0.386468
0.127471,1,0.467593
0.113689,1,0.194905
0.106169,1,0.144095
0.075851,1,0.055607
0.106647,1,0.361461
0.120143,1,0.210294
0.080838,1,0.151870
0.141494,1,0.489239
0.098448,1,0.224645
0.113199,1,0.189478
0.132667,1,0.248079
0.087644,1,0.060369
0.095995,1,0.108041
0.112903,1,0.095063
0.069368,1,0.066060
0.109677,1,0.040335
0.050206,1,0.001195
0.107800,1,0.164578
0.113293,1,0.155082
0.099981,1,0.193981
0.117051,1,0.477187
0.113434,1,0.245452
0.087544,1,0.043654
0.078375,1,0.015069
0.100871,1,0.109307
0.091657,1,0.073438
0.117645,1,0.060049
0.143702,1,0.409862
0.149656,1,0.366313
0.113322,1,0.073000
0.090538,1,0.236282
0.103700,1,0.184486
0.146575,1,0.229533
0.085948,1,0.022906
0.099261,1,0.129652
0.073304,1,0.010397
0.069095,1,0.144702
0.106554,1,0.317374
0.079269,1,0.171511
0.103298,1,0.332140
0.063097,1,0.018309
0.186962,1,0.486268
0.079358,1,0.051450
0.072412,1,0.335139
0.129018,1,0.166566
0.096684,1,0.064627
0.168774,1,0.478945
0.088621,1,0.050389
0.091497,1,0.157901
0.120798,1,0.155625
0.098390,1,0.037052
0.089292,1,0.039687
0.086185,1,0.038363
0.096267,1,0.279747
0.090350,1,0.233965
0.116898,1,0.366415
0.123408,1,0.003252
0.084858,1,0.116648
0.181323,1,0.436724
0.159359,1,0.185987
0.092777,1,0.338377
0.084996,1,0.259716
0.104607,1,0.024760
0.085303,1,0.013372
0.105097,1,0.076697
0.264162,0,0.451013
0.052713,1,0.053936
0.099170,1,0.118737
0.046906,1,0.000003
0.186079,1,0.490270
0.147967,1,0.412002
0.131664,1,0.062877
0.127971,1,0.265206
0.106672,1,0.133053
0.195847,1,0.319311
0.090812,1,0.019286
0.132410,1,0.366894
0.081194,1,0.096409
0.129894,1,0.193637
0.107094,1,0.116884
0.065556,1,0.026004
0.123932,1,0.118483
0.099751,1,0.106599
0.041096,1,0.000004
0.095331,1,0.004826
0.220906,0,0.244465
0.202833,0,0.226363
0.085644,1,0.059898
0.163832,1,0.629749
0.067426,1,0.397468
0.046497,1,0.046621
0.132502,1,0.032161
0.109810,1,0.044138
0.098358,1,0.169161
0.178823,1,0.088643
0.078722,1,0.061726
0.158409,1,0.124862
0.207457,0,0.251719
0.141388,1,0.051949
0.116504,1,0.148699
0.216790,0,0.340796
0.186287,1,0.147587
0.157984,1,0.045229
0.144605,1,0.443223
0.121811,1,0.143831
0.176079,1,0.541707
0.201552,0,0.221811
0.201137,0,0.247668
0.079819,1,0.035642
0.167620,1,0.113100
0.185022,1,0.106659
0.119077,1,0.069598
0.082103,1,0.123789
0.118758,1,0.068619
0.177903,1,0.588744
0.134787,1,0.047405
0.068617,1,0.356044
0.062384,1,0.053984
0.087281,1,0.009006
0.194696,1,0.176249
0.123898,1,0.047522
0.159943,1,0.229028
0.129183,1,0.098557
0.228829,0,0.264057
0.134246,1,0.076371
0.160843,1,0.116544
0.195581,1,0.174509
0.200662,0,0.298707
0.113846,1,0.306565
0.097390,1,0.112444
0.058955,1,0.343270
0.241470,0,0.262117
0.184592,1,0.170954
0.100910,1,0.118333
0.077009,1,0.009781
0.363363,0,0.118144
0.320095,0,0.351550
0.286741,0,0.187307
0.116670,1,0.071860
0.187423,1,0.210113
0.225841,0,0.306524
0.144977,1,0.154374
0.265282,0,0.105136
0.263961,0,0.072805
0.241621,0,0.099913
0.353302,0,0.097435
0.218882,0,0.222791
0.388506,0,0.109578
0.404117,0,0.183396
0.103303,1,0.030971
0.102887,1,0.098323
0.155814,1,0.015104
0.458737,0,0.213010
0.129861,1,0.047464
0.156951,1,0.117673
0.197082,1,0.052084
0.190708,1,0.049764
0.153555,1,0.049115
0.503820,0,0.179399
0.320500,0,0.351163
0.355729,0,0.154721
0.140744,1,0.164941
0.196775,1,0.281441
0.393654,0,0.163244
0.138666,1,0.018211
0.127531,1,0.130930
0.318750,0,0.126572
0.372713,0,0.056564
0.124013,1,0.127064
0.217630,0,0.265321
0.355999,0,0.174619
0.094045,1,0.020159
0.237050,0,0.222069
0.103303,1,0.030971
0.365729,0,0.195870
0.488505,0,0.167452
0.308360,0,0.240932
0.356731,0,0.108341
0.172601,1,0.143746
0.200222,0,0.084557
0.076756,1,0.013294
0.245111,0,0.231727
0.507512,0,0.204884
0.227227,0,0.168211
0.068547,1,0.180013
0.101078,1,0.073457
0.071097,1,0.232697
0.147182,1,0.210264
0.063159,1,0.083413
0.091054,1,0.355281
0.098322,1,0.184379
0.099951,1,0.254515
0.062894,1,0.075032
0.067074,1,0.133382
0.069170,1,0.090993
0.095509,1,0.164669
0.099764,1,0.362234
0.067973,1,0.117215
0.072646,1,0.299170
0.084981,1,0.345292
0.085913,1,0.243002
0.062713,1,0.169569
0.076687,1,0.074052
0.080679,1,0.334127
0.083578,1,0.236293
0.099864,1,0.236776
0.063034,1,0.036522
0.076221,1,0.166487
0.098727,1,0.229988
0.061807,1,0.091545
0.075489,1,0.289187
0.102583,1,0.241424
0.066804,1,0.214086
0.073757,1,0.010201
0.068432,1,0.224688
0.082286,1,0.238244
0.078147,1,0.252192
0.065547,1,0.095894
0.093287,1,0.247456
0.134211,1,0.200673
0.083547,1,0.038711
0.082071,1,0.230240
0.082573,1,0.203809
0.086467,1,0.212975
0.091237,1,0.357734
0.083891,1,0.155249
0.075813,1,0.140692
0.089096,1,0.122825
0.095615,1,0.085082
0.080467,1,0.136079
0.085609,1,0.060949
0.057889,1,0.059043
0.084428,1,0.285093
0.054116,1,0.028906
0.147391,1,0.164058
0.088906,1,0.170887
0.093036,1,0.165674
0.080586,1,0.142431
0.097045,1,0.185141
0.068028,1,0.089238
0.083322,1,0.149298
0.079899,1,0.100929
0.085718,1,0.165710
0.087911,1,0.141878
0.099614,1,0.156948
0.095445,1,0.156431
0.088349,1,0.129556
0.136935,1,0.171756
0.086759,1,0.151048
0.084629,1,0.148890
0.080513,1,0.156637
0.081371,1,0.119219
0.080798,1,0.153125
0.108903,1,0.145128
0.079222,1,0.063109
0.078723,1,0.128378
0.063245,1,0.064048
0.079692,1,0.169021
0.072888,1,0.166075
0.163000,1,0.057627
0.086759,1,0.151048
0.076605,1,0.089560
0.115541,1,0.183740
0.080766,1,0.170503
0.097045,1,0.185141
0.075751,1,0.130579
0.073210,1,0.156233
0.069138,1,0.124835
0.101358,1,0.132597
0.099235,1,0.148869
0.087961,1,0.072890
0.100370,1,0.191106
0.074118,1,0.091547
0.082038,1,0.162893
0.093781,1,0.072705
0.074111,1,0.072875
0.087769,1,0.156736
0.107587,1,0.147803
0.086637,1,0.152376
0.158227,1,0.062939
0.059511,1,0.017835
0.070846,1,0.091168
0.082380,1,0.107502
0.060437,1,0.001447
0.069602,1,0.214267
0.085910,1,0.079382
0.118900,1,0.101777
0.063401,1,0.006217
0.129418,1,0.425970
0.092326,1,0.125290
0.130622,1,0.248966
0.120652,1,0.180602
0.135233,1,0.432973
0.089783,1,0.099736
0.068195,1,0.017039
0.117968,1,0.291076
0.081012,1,0.235954
0.057648,1,0.000236
0.141211,1,0.339088
0.128097,1,0.407897
0.139445,1,0.151406
0.064907,1,0.295589
0.130410,1,0.145886
0.128097,1,0.407897
0.079712,1,0.209266
0.079486,1,0.044243
0.077299,1,0.116192
0.145765,1,0.403574
0.072301,1,0.044956
0.147058,1,0.231302
0.076852,1,0.112553
0.081764,1,0.093124
0.087447,1,0.084554
0.130410,1,0.145886
0.141561,1,0.104692
0.136391,1,0.214690
0.088511,1,0.084156
0.090917,1,0.075811
0.092826,1,0.042571
0.088676,1,0.059140
0.086074,1,0.220134
0.132991,1,0.340508
0.123258,1,0.109714
0.081379,1,0.074074
0.100835,1,0.086391
0.078126,1,0.069791
0.106541,1,0.281892
0.120282,1,0.168906
0.083650,1,0.174957
0.077248,1,0.058703
0.074057,1,0.299882
0.072261,1,0.112442
0.146704,1,0.264448
0.088148,1,0.071286
0.072487,1,0.026772
0.127656,1,0.219643
0.065730,1,0.078423
0.204316,0,0.196743
0.079546,1,0.103851
0.295412,0,0.387325
0.076579,1,0.006553
0.087919,1,0.029370
0.215387,0,0.118055
0.136060,1,0.025261
0.097961,1,0.267803
0.078971,1,0.068009
0.069759,1,0.058020
0.069179,1,0.242476
0.078541,1,0.111467
0.103536,1,0.253928
0.104480,1,0.039251
0.097869,1,0.264138
0.076340,1,0.041935
0.234788,0,0.261929
0.103696,1,0.272018
0.182472,1,0.304361
0.119698,1,0.030062
0.106229,1,0.268064
0.283125,0,0.393283
0.321261,0,0.393616
0.190361,1,0.144662
0.193319,1,0.301033
0.331115,0,0.535360
0.269246,0,0.387472
0.105627,1,0.240035
0.063879,1,0.014495
0.296258,0,0.391942
0.309932,0,0.541280
0.082475,1,0.002301
0.062700,1,0.014406
0.273659,0,0.244599
0.080226,1,0.030180
0.162273,1,0.180065
0.131420,1,0.051322
0.367614,0,0.496906
0.076633,1,0.232095
0.113850,1,0.095241
0.092146,1,0.115497
0.095121,1,0.041346
0.107371,1,0.179533
0.296258,0,0.391942
0.072904,1,0.068709
0.091823,1,0.117733
0.086543,1,0.003868
0.209447,0,0.349462
0.110652,1,0.153050
0.219267,0,0.341004
0.144184,1,0.292608
0.209421,0,0.295072
0.157263,1,0.233296
0.210153,0,0.332161
0.084888,1,0.030496
0.204647,0,0.348175
0.208904,0,0.306323
0.238784,0,0.428564
0.204859,0,0.367313
0.100094,1,0.070389
0.073991,1,0.002705
0.084332,1,0.009358
0.157734,1,0.180087
0.198710,1,0.292917
0.197385,1,0.351074
0.072226,1,0.023511
0.218347,0,0.454455
0.073246,1,0.086958
0.248724,0,0.457344
0.147036,1,0.219395
0.073545,1,0.023560
0.227295,0,0.421251
0.075403,1,0.038074
0.218875,0,0.440239
0.223013,0,0.423084
0.205234,0,0.412846
0.180029,1,0.285588
0.165245,1,0.255192
0.206275,0,0.439210
0.200053,0,0.314522
0.230391,0,0.351085
0.062513,1,0.000004
0.118813,1,0.113188
0.069319,1,0.000017
0.177425,1,0.269778
0.077905,1,0.017710
0.218413,0,0.416325
0.217023,0,0.461446
0.105837,1,0.064630
0.198732,1,0.277158
0.147036,1,0.219395
0.230983,0,0.437047
0.193718,1,0.316038
0.146778,1,0.164210
0.184272,1,0.386924
0.203703,0,0.301872
0.086492,1,0.032097
0.125024,1,0.142818
0.110087,1,0.127899
0.090205,1,0.106663
0.100939,1,0.124294
0.079651,1,0.086527
0.093519,1,0.040770
0.100476,1,0.202979
0.080547,1,0.091854
0.104431,1,0.274985
0.083079,1,0.130329
0.087138,1,0.025052
0.106222,1,0.028953
0.142754,1,0.265945
0.118262,1,0.177405
0.126710,1,0.233805
0.110385,1,0.107805
0.100720,1,0.191296
0.103335,1,0.052386
0.114662,1,0.244419
0.090835,1,0.240701
0.105766,1,0.202791
0.134965,1,0.233144
0.088820,1,0.251446
0.099300,1,0.117290
0.085026,1,0.112542
0.091522,1,0.067094
0.101301,1,0.074224
0.124239,1,0.222821
0.062369,1,0.000451
0.101692,1,0.211294
0.097856,1,0.030650
0.130707,1,0.227053
0.111747,1,0.392170
0.116268,1,0.279161
0.113860,1,0.094480
0.121187,1,0.216483
0.069078,1,0.053617
0.136091,1,0.258204
0.077745,1,0.078379
0.086948,1,0.117927
0.076171,1,0.174249
0.117727,1,0.155913
0.079876,1,0.082866
0.083942,1,0.059493
0.072171,1,0.010719
0.106348,1,0.127307
0.110076,1,0.102332
0.121511,1,0.244661
0.058302,1,0.012581
0.125377,1,0.252785
0.112359,1,0.254368
0.226348,0,0.440006
0.063956,1,0.007836
0.087245,1,0.118927
0.348844,0,0.258683
0.059186,1,0.042394
0.055779,1,0.062442
0.386573,0,0.379852
0.101346,1,0.181789
0.060742,1,0.024622
0.067827,1,0.044951
0.132195,1,0.465907
0.056567,1,0.194054
0.121365,1,0.425989
0.351938,0,0.418467
0.091261,1,0.121819
0.102029,1,0.369366
0.128263,1,0.515668
0.080835,1,0.094068
0.049670,1,0.041729
0.062983,1,0.020105
0.359430,0,0.251431
0.144120,1,0.511782
0.226348,0,0.440006
0.063264,1,0.019493
0.134945,1,0.239757
0.378890,0,0.138767
0.144894,1,0.458301
0.353129,0,0.226907
0.299351,0,0.175611
0.396169,0,0.146843
0.097646,1,0.180125
0.063262,1,0.094584
0.089165,1,0.194285
0.098751,1,0.265265
0.119412,1,0.487528
0.058784,1,0.031334
0.120763,1,0.273800
0.089703,1,0.491465
0.066121,1,0.044985
0.226348,0,0.440006
0.054447,1,0.031993
0.099758,1,0.176244
0.402263,0,0.337271
0.129999,1,0.401978
0.123869,1,0.466129
0.386573,0,0.379852
0.124619,1,0.447525
0.144120,1,0.511782
0.058784,1,0.031334
0.095866,1,0.011019
0.247857,0,0.335306
0.203642,0,0.189308
0.057154,1,0.011831
0.292793,0,0.242503
0.133160,1,0.490634
0.106443,1,0.232902
0.226493,0,0.234613
0.090645,1,0.093191
0.153351,1,0.169629
0.243897,0,0.233416
0.306356,0,0.530383
0.179375,1,0.416720
0.073170,1,0.003500
0.166842,1,0.223373
0.066883,1,0.021135
0.093610,1,0.037654
0.211845,0,0.266230
0.121734,1,0.085948
0.117046,1,0.043440
0.207184,0,0.357009
0.208973,0,0.329593
0.058809,1,0.151187
0.159143,1,0.332164
0.086691,1,0.060490
0.076199,1,0.016635
0.159262,1,0.073897
0.162772,1,0.075113
0.150384,1,0.359274
0.067239,1,0.028300
0.127767,1,0.097032
0.084354,1,0.069106
0.220495,0,0.285288
0.128506,1,0.451049
0.111645,1,0.055023
0.078369,1,0.023383
0.147440,1,0.365181
0.072682,1,0.074493
0.122694,1,0.064342
0.084357,1,0.047684
0.242517,0,0.488626
0.185510,1,0.266253
0.090879,1,0.255186
0.258732,0,0.517098
0.156400,1,0.416851
0.077249,1,0.009000
0.190182,1,0.206047
0.166600,1,0.205846
0.091351,1,0.072784
0.200986,0,0.142287
0.119959,1,0.044681
0.103551,1,0.307287
0.104611,1,0.083636
0.097544,1,0.039044
0.114385,1,0.130641
0.119775,1,0.177597
0.134822,1,0.199564
0.089501,1,0.115192
0.097435,1,0.303649
0.136561,1,0.104492
0.120512,1,0.303394
0.092334,1,0.066426
0.176333,1,0.121142
0.103111,1,0.121434
0.088798,1,0.063006
0.138986,1,0.151334
0.070942,1,0.005520
0.119056,1,0.099137
0.097387,1,0.137061
0.104608,1,0.126329
0.166885,1,0.148304
0.122997,1,0.147031
0.102761,1,0.075563
0.095598,1,0.095131
0.120673,1,0.069569
0.166529,1,0.252874
0.134214,1,0.188200
0.136952,1,0.174795
0.158319,1,0.141015
0.133961,1,0.262387
0.105014,1,0.176461
0.124893,1,0.180996
0.115096,1,0.231696
0.124041,1,0.170686
0.190113,1,0.190931
0.100550,1,0.072870
0.088091,1,0.107155
0.062543,1,0.016807
0.135732,1,0.166050
0.109007,1,0.265011
0.064273,1,0.010719
0.107755,1,0.088136
0.111046,1,0.080938
0.129426,1,0.201860
0.112507,1,0.302328
0.135715,1,0.190573
0.106366,1,0.135031
0.150193,1,0.147478
0.064724,1,0.007865
0.122035,1,0.300128
0.100384,1,0.090781
0.059667,1,0.006643
0.069886,1,0.035321
0.070817,1,0.066212
0.071134,1,0.025411
0.096824,1,0.022391
0.062243,1,0.023600
0.121049,1,0.113333
0.086032,1,0.095639
0.084214,1,0.044338
0.059288,1,0.059644
0.108133,1,0.204009
0.069621,1,0.098196
0.091642,1,0.035492
0.080722,1,0.022395
0.112053,1,0.108048
0.153781,1,0.068486
0.096959,1,0.031878
0.115278,1,0.024838
0.139788,1,0.054420
0.065901,1,0.047068
0.071201,1,0.148800
0.080207,1,0.050369
0.105861,1,0.034396
0.075949,1,0.015130
0.087512,1,0.015250
0.069923,1,0.030878
0.132839,1,0.111102
0.066792,1,0.042901
0.068202,1,0.092475
0.075059,1,0.100950
0.117812,1,0.020122
0.091914,1,0.016400
0.063432,1,0.021781
0.105716,1,0.103804
0.071703,1,0.022321
0.091640,1,0.088745
0.084413,1,0.020944
0.066164,1,0.044918
0.066331,1,0.010772
0.065731,1,0.060177
0.076997,1,0.086812
0.077089,1,0.036290
0.098718,1,0.201595
0.099384,1,0.035393
0.089005,1,0.024436
0.106563,1,0.035619
0.125690,1,0.077908
0.089023,1,0.065239
0.114807,1,0.200366
0.064059,1,0.008800
0.145088,1,0.212130
0.291679,0,0.346339
0.232737,0,0.360528
0.292386,0,0.577729
0.143045,1,0.071288
0.152030,1,0.213225
0.140910,1,0.074565
0.183376,1,0.077417
0.278904,0,0.502335
0.165001,1,0.016653
0.301593,0,0.111438
0.267484,0,0.154340
0.165462,1,0.059866
0.194963,1,0.186909
0.256876,0,0.103390
0.134767,1,0.165457
0.129851,1,0.092421
0.298602,0,0.088013
0.205871,0,0.118648
0.143308,1,0.049393
0.217693,0,0.030122
0.281597,0,0.554487
0.332815,0,0.565733
0.146364,1,0.060878
0.110548,1,0.031193
0.099707,1,0.019066
0.226378,0,0.188664
0.287936,0,0.086080
0.124453,1,0.113983
0.301683,0,0.085174
0.267236,0,0.166090
0.067093,1,0.014054
0.224757,0,0.215997
0.144337,1,0.132238
0.179831,1,0.041972
0.050343,1,0.013984
0.213142,0,0.415404
0.130555,1,0.062211
0.259480,0,0.089959
0.150252,1,0.161508
0.122668,1,0.067965
0.109957,1,0.034451
0.203803,0,0.141951
0.133878,1,0.008108
0.116812,1,0.079817
0.137186,1,0.052592
0.149331,1,0.062786
0.223943,0,0.047859
0.308982,0,0.066662
0.104927,1,0.112694
0.107935,1,0.140149
0.122579,1,0.136462
0.171778,1,0.234754
0.173508,1,0.162932
0.119403,1,0.104293
0.131314,1,0.207513
0.172886,1,0.059052
0.105162,1,0.041721
0.105049,1,0.123177
0.102579,1,0.152345
0.091992,1,0.007284
0.115082,1,0.071413
0.130301,1,0.243616
0.131610,1,0.190647
0.084699,1,0.028383
0.119603,1,0.073072
0.124883,1,0.249869
0.119445,1,0.094726
0.108631,1,0.103599
0.092886,1,0.086636
0.108178,1,0.219510
0.087001,1,0.058449
0.111419,1,0.050707
0.142877,1,0.245781
0.101556,1,0.050317
0.182143,1,0.396694
0.107942,1,0.089136
0.132236,1,0.195838
0.109828,1,0.138448
0.124458,1,0.118064
0.108518,1,0.092194
0.124458,1,0.118064
0.111777,1,0.077594
0.069403,1,0.005309
0.118162,1,0.098299
0.061435,1,0.008074
0.089549,1,0.098174
0.096268,1,0.136619
0.112315,1,0.279497
0.156438,1,0.220214
0.095117,1,0.043254
0.117344,1,0.018996
0.114191,1,0.126067
0.092645,1,0.024326
0.107291,1,0.131959
0.125556,1,0.000005
0.091877,1,0.029520
0.084638,1,0.034818
0.102403,1,0.143532
0.116321,1,0.202805
0.141882,1,0.184930
0.072730,1,0.047653
0.147646,1,0.232840
0.089311,1,0.061152
0.087524,1,0.034243
0.117409,1,0.232199
0.122678,1,0.213771
0.089920,1,0.077381
0.086512,1,0.005150
0.147646,1,0.232840
0.133915,1,0.233451
0.112397,1,0.102002
0.111329,1,0.136824
0.147346,1,0.204070
0.114199,1,0.208222
0.071534,1,0.384547
0.120775,1,0.232035
0.190806,1,0.404362
0.126251,1,0.202474
0.074134,1,0.086662
0.112356,1,0.222369
0.094985,1,0.016545
0.166926,1,0.101149
0.079866,1,0.017025
0.088819,1,0.079417
0.112501,1,0.040589
0.084243,1,0.017545
0.116255,1,0.153552
0.075609,1,0.099606
0.130080,1,0.236936
0.086860,1,0.068017
0.111870,1,0.075303
0.091858,1,0.023739
0.075011,1,0.047427
0.099674,1,0.095538
0.126562,1,0.125279
0.097510,1,0.066994
0.179947,1,0.296343
0.133449,1,0.210099
0.135833,1,0.171867
0.093831,1,0.104962
0.086205,1,0.088327
0.137321,1,0.272420
0.112848,1,0.153038
0.065727,1,0.167398
0.096398,1,0.060655
0.166611,1,0.267269
0.134106,1,0.265712
0.085287,1,0.116038
0.290478,0,0.221430
0.082844,1,0.027674
0.334456,0,0.542333
0.169763,1,0.610067
0.213045,0,0.612720
0.149898,1,0.126561
0.222967,0,0.441471
0.282760,0,0.266439
0.223352,0,0.119692
0.207978,0,0.620456
0.124911,1,0.035901
0.190432,1,0.090423
0.210907,0,0.606047
0.048986,1,0.007244
0.334456,0,0.542333
0.208156,0,0.258978
0.334456,0,0.542333
0.206960,0,0.175529
0.101794,1,0.061411
0.334456,0,0.542333
0.244310,0,0.337437
0.201418,0,0.371816
0.201706,0,0.100413
0.188924,1,0.535981
0.285967,0,0.575742
0.163248,1,0.630598
0.122903,1,0.046007
0.136000,1,0.066717
0.334456,0,0.542333
0.130117,1,0.055627
0.197627,1,0.371453
0.278429,0,0.160526
0.206373,0,0.252239
0.334456,0,0.542333
0.334456,0,0.542333
0.170132,1,0.616728
0.337232,0,0.542687
0.201241,0,0.266297
0.126981,1,0.039973
0.190432,1,0.090423
0.334456,0,0.542333
0.225880,0,0.326202
0.084130,1,0.011627
0.092313,1,0.044520
0.334456,0,0.542333
0.043674,1,0.062381
0.334456,0,0.542333
0.210907,0,0.606047
0.334456,0,0.542333
0.095363,1,0.029766
0.106057,1,0.093064
0.211700,0,0.458719
0.096432,1,0.037785
0.089313,1,0.039651
0.164355,1,0.494976
0.200111,0,0.480037
0.141086,1,0.111201
0.167146,1,0.497075
0.161181,1,0.310215
0.127760,1,0.111163
0.163921,1,0.497072
0.174809,1,0.497554
0.204405,0,0.396190
0.176914,1,0.496968
0.106022,1,0.042211
0.178199,1,0.497655
0.169914,1,0.432580
0.183631,1,0.497657
0.188919,1,0.212541
0.157893,1,0.497086
0.163921,1,0.497072
0.212212,0,0.389109
0.159109,1,0.101196
0.182020,1,0.485559
0.163921,1,0.497072
0.189646,1,0.280179
0.199604,1,0.492222
0.191117,1,0.458083
0.139513,1,0.494981
0.193227,1,0.492126
0.196302,1,0.343586
0.183631,1,0.497657
0.200111,0,0.480037
0.165109,1,0.484811
0.178199,1,0.497655
0.178199,1,0.497655
0.198663,1,0.372128
0.188919,1,0.212541
0.163297,1,0.101222
0.176871,1,0.400143
0.127612,1,0.156867
0.204405,0,0.396190
0.166547,1,0.378249
0.152576,1,0.212032
0.184425,1,0.348836
0.167895,1,0.433563
0.122351,1,0.130099
0.174127,1,0.497070
0.174809,1,0.497554
0.195656,1,0.434371
0.100555,1,0.094611
0.073812,1,0.213593
0.084012,1,0.147104
0.068220,1,0.090636
0.089767,1,0.165701
0.114540,1,0.092827
0.126096,1,0.342291
0.146325,1,0.241399
0.118672,1,0.288362
0.074334,1,0.014503
0.061880,1,0.095386
0.056042,1,0.005959
0.088977,1,0.055708
0.085804,1,0.252767
0.135674,1,0.283976
0.080161,1,0.100087
0.099488,1,0.121812
0.120671,1,0.101577
0.085993,1,0.239361
0.095422,1,0.108337
0.091761,1,0.197703
0.096609,1,0.060579
0.067599,1,0.114323
0.063283,1,0.006488
0.136471,1,0.281208
0.088666,1,0.034349
0.063283,1,0.006488
0.065876,1,0.255033
0.085424,1,0.305207
0.062644,1,0.073899
0.123119,1,0.345071
0.086263,1,0.124695
0.119423,1,0.283817
0.115873,1,0.094206
0.132171,1,0.326082
0.094691,1,0.102784
0.049211,1,0.015843
0.127720,1,0.308216
0.103942,1,0.094042
0.111546,1,0.273358
0.118020,1,0.306308
0.073699,1,0.019373
0.067599,1,0.114323
0.071027,1,0.073055
0.052927,1,0.047347
0.089767,1,0.165701
0.106660,1,0.225765
0.115117,1,0.092565
0.110432,1,0.252225
0.099736,1,0.105252
0.176457,1,0.095316
0.166844,1,0.068280
0.111136,1,0.031132
0.176799,1,0.067859
0.146659,1,0.293255
0.162297,1,0.081943
0.125076,1,0.032026
0.208943,0,0.119526
0.076233,1,0.032534
0.205871,0,0.355739
0.073376,1,0.165270
0.071150,1,0.032220
0.137521,1,0.121807
0.097082,1,0.043356
0.113820,1,0.017700
0.138121,1,0.122718
0.102782,1,0.307524
0.207842,0,0.377271
0.152238,1,0.253343
0.097118,1,0.007044
0.100929,1,0.025358
0.078013,1,0.439441
0.161558,1,0.085701
0.237828,0,0.358026
0.083018,1,0.201225
0.166812,1,0.018048
0.123875,1,0.018315
0.236391,0,0.342538
0.115149,1,0.018417
0.125730,1,0.008662
0.126410,1,0.286606
0.125386,1,0.016122
0.097351,1,0.004787
0.150456,1,0.016080
0.254650,0,0.098936
0.122690,1,0.106404
0.152127,1,0.251872
0.190642,1,0.149475
0.128356,1,0.016662
0.154778,1,0.196527
0.167452,1,0.228982
0.090465,1,0.030011
0.111413,1,0.026296
0.187739,1,0.069653
0.103253,1,0.464265
0.137217,1,0.073574
0.169952,1,0.085800
0.126015,1,0.101604
0.242805,0,0.264994
0.107522,1,0.040029
0.115280,1,0.165694
0.096895,1,0.067299
0.073735,1,0.021218
0.146665,1,0.161928
0.134214,1,0.137468
0.135083,1,0.053983
0.099368,1,0.074327
0.121710,1,0.093636
0.090363,1,0.090691
0.054823,1,0.003757
0.060554,1,0.063937
0.051229,1,0.149802
0.060946,1,0.065689
0.075424,1,0.075469
0.107634,1,0.103765
0.080885,1,0.017406
0.106066,1,0.073424
0.155368,1,0.127298
0.124745,1,0.090304
0.059937,1,0.005986
0.182498,1,0.178904
0.083530,1,0.143707
0.068867,1,0.014163
0.077662,1,0.023073
0.091917,1,0.060275
0.099622,1,0.114576
0.090317,1,0.024065
0.058631,1,0.000327
0.117648,1,0.194021
0.109299,1,0.119555
0.129036,1,0.154108
0.067638,1,0.033054
0.070129,1,0.000030
0.095096,1,0.117561
0.127852,1,0.120272
0.068615,1,0.102521
0.131673,1,0.119377
0.149668,1,0.219791
0.133201,1,0.111094
0.103120,1,0.162954
0.096869,1,0.033339
0.065585,1,0.073171
0.109481,1,0.138069
0.096429,1,0.151843
0.085847,1,0.106181
0.089935,1,0.047575
0.104721,1,0.135480
0.082453,1,0.135629
0.057378,1,0.015475
0.064871,1,0.048416
0.157271,1,0.208334
0.100584,1,0.130078
0.075942,1,0.014657
0.143076,1,0.177780
0.110810,1,0.080566
0.142453,1,0.116990
0.172347,1,0.353306
0.102622,1,0.069609
0.104815,1,0.036643
0.142653,1,0.138210
0.117318,1,0.151256
0.126295,1,0.059892
0.123800,1,0.157716
0.125743,1,0.032119
0.171750,1,0.320816
0.117796,1,0.181910
0.147084,1,0.195007
0.121480,1,0.191555
0.124044,1,0.107847
0.095232,1,0.056716
0.074801,1,0.044711
0.222786,0,0.521883
0.138783,1,0.185596
0.123233,1,0.058148
0.153426,1,0.127257
0.089043,1,0.056500
0.085181,1,0.065700
0.112772,1,0.054701
0.111374,1,0.193888
0.142106,1,0.074695
0.092756,1,0.065010
0.122601,1,0.123732
0.128600,1,0.125299
0.180326,1,0.060202
0.110282,1,0.037611
0.117258,1,0.114537
0.128897,1,0.094335
0.154371,1,0.094175
0.109814,1,0.074474
0.169347,1,0.266386
0.147335,1,0.005451
0.123877,1,0.159605
0.167099,1,0.340415
0.109570,1,0.020503
0.126534,1,0.116710
0.119570,1,0.189870
0.153304,1,0.132220
0.102420,1,0.069087
0.122312,1,0.152964
0.078318,1,0.015773
0.127077,1,0.083817
0.095378,1,0.123726
0.163588,1,0.205142
0.067773,1,0.058029
0.134560,1,0.193779
0.078726,1,0.023285
0.161081,1,0.220206
0.182130,1,0.298878
0.139453,1,0.201620
0.056719,1,0.089281
0.099700,1,0.040736
0.053588,1,0.016019
0.116308,1,0.221996
0.049986,1,0.003579
0.095715,1,0.055258
0.195883,1,0.309686
0.088623,1,0.027495
0.091314,1,0.031283
0.124405,1,0.212448
0.085114,1,0.146381
0.083602,1,0.024562
0.110531,1,0.268239
0.099922,1,0.131891
0.066730,1,0.047116
0.132215,1,0.213396
0.123555,1,0.308019
0.095850,1,0.306206
0.172898,1,0.309063
0.052822,1,0.020717
0.118686,1,0.214318
0.072883,1,0.010102
0.090450,1,0.042904
0.058167,1,0.000152
0.082426,1,0.012167
0.089695,1,0.033237
0.130068,1,0.216222
0.077867,1,0.117727
0.101120,1,0.170984
0.102289,1,0.130422
0.044790,1,0.010661
0.092016,1,0.038861
0.060625,1,0.011868
0.122169,1,0.343969
0.051979,1,0.000338
0.078101,1,0.135805
0.092595,1,0.037229
0.110488,1,0.109825
0.161966,1,0.220483
0.178301,1,0.164297
0.134964,1,0.224828
0.098300,1,0.184021
0.089433,1,0.152267
0.065217,1,0.014976
0.062722,1,0.046175
0.082789,1,0.093300
0.094272,1,0.185070
0.096999,1,0.129118
0.090964,1,0.082818
0.055876,1,0.005109
0.079341,1,0.058856
0.122142,1,0.316208
0.141999,1,0.308085
0.119004,1,0.329828
0.105128,1,0.185891
0.052095,1,0.013314
0.071349,1,0.054900
0.086695,1,0.160412
0.128075,1,0.350393
0.130762,1,0.350374
0.097015,1,0.184012
0.079341,1,0.058856
0.064701,1,0.042887
0.091566,1,0.129161
0.121463,1,0.348706
0.071266,1,0.056135
0.086675,1,0.180702
0.127490,1,0.344148
0.091348,1,0.177902
0.058537,1,0.039559
0.107439,1,0.180323
0.097919,1,0.183174
0.057522,1,0.044026
0.061906,1,0.026894
0.094552,1,0.160606
0.078148,1,0.098195
0.078373,1,0.058272
0.057691,1,0.048366
0.066962,1,0.017620
0.062598,1,0.067451
0.057430,1,0.043171
0.135961,1,0.348944
0.078170,1,0.046685
0.102426,1,0.191826
0.084089,1,0.057652
0.077853,1,0.090473
0.055947,1,0.000688
0.084300,1,0.134186
0.106735,1,0.190014
0.078503,1,0.080274
0.066783,1,0.033456
0.062280,1,0.003393
0.230374,0,0.180839
0.097257,1,0.204045
0.155291,1,0.143366
0.094792,1,0.082439
0.102721,1,0.368925
0.185390,1,0.202715
0.079640,1,0.125227
0.151534,1,0.241888
0.059647,1,0.026661
0.158216,1,0.167685
0.121904,1,0.400493
0.145347,1,0.201482
0.156909,1,0.236037
0.096929,1,0.293897
0.060068,1,0.025135
0.124962,1,0.410814
0.106204,1,0.114933
0.115855,1,0.276309
0.181306,1,0.181183
0.193103,1,0.148241
0.113226,1,0.216666
0.135241,1,0.263446
0.182015,1,0.191864
0.179550,1,0.229393
0.118251,1,0.277768
0.080177,1,0.241161
0.094031,1,0.095613
0.084752,1,0.184714
0.165744,1,0.242267
0.113587,1,0.095461
0.080983,1,0.197309
0.080561,1,0.234044
0.141424,1,0.178814
0.067104,1,0.020099
0.101484,1,0.410182
0.190178,1,0.193352
0.133567,1,0.255859
0.097954,1,0.271929
0.160529,1,0.167994
0.172338,1,0.153460
0.145641,1,0.120489
0.184616,1,0.169853
0.048940,1,0.000004
0.144172,1,0.254159
0.179550,1,0.229393
0.082436,1,0.040806
0.157332,1,0.157954
0.076380,1,0.094618
0.100259,1,0.264625
0.095908,1,0.265786
0.101917,1,0.283596
0.117593,1,0.487741
0.101755,1,0.296773
0.129681,1,0.406731
0.135117,1,0.455575
0.124710,1,0.429821
0.116409,1,0.271304
0.113754,1,0.299685
0.108382,1,0.164570
0.096919,1,0.153911
0.122367,1,0.415148
0.105286,1,0.512972
0.094246,1,0.155164
0.110515,1,0.442393
0.082606,1,0.057421
0.108492,1,0.381745
0.120710,1,0.548556
0.115194,1,0.442963
0.127017,1,0.271133
0.119977,1,0.517626
0.107509,1,0.240363
0.143273,1,0.278369
0.056790,1,0.002696
0.072994,1,0.076953
0.164523,1,0.469350
0.099250,1,0.130407
0.099961,1,0.380917
0.146158,1,0.349755
0.062547,1,0.029754
0.110641,1,0.140074
0.162055,1,0.470229
0.122135,1,0.459209
0.163657,1,0.477436
0.111861,1,0.416897
0.116111,1,0.421607
0.096961,1,0.131235
0.106204,1,0.476258
0.189048,1,0.462815
0.116111,1,0.421607
0.078977,1,0.210335
0.087345,1,0.288804
0.110219,1,0.227348
0.134664,1,0.478100
0.082318,1,0.027742
0.101226,1,0.238020
0.069764,1,0.025447
0.175558,1,0.464902
0.105286,1,0.512972
0.130100,1,0.507129
0.241668,0,0.416495
0.248279,0,0.415919
0.174104,1,0.254999
0.256959,0,0.407712
0.154687,1,0.224170
0.250386,0,0.416858
0.109039,1,0.047662
0.247678,0,0.412571
0.126822,1,0.046685
0.248279,0,0.415919
0.150208,1,0.200545
0.248279,0,0.415919
0.133365,1,0.096722
0.181692,1,0.250520
0.241668,0,0.416495
0.256959,0,0.407712
0.163821,1,0.231020
0.241679,0,0.413101
0.250040,0,0.386006
0.248279,0,0.415919
0.156740,1,0.170561
0.248279,0,0.415919
0.248279,0,0.415919
0.209394,0,0.384312
0.232819,0,0.381021
0.109250,1,0.112570
0.248279,0,0.415919
0.278982,0,0.402830
0.248279,0,0.415919
0.122202,1,0.105294
0.210617,0,0.262683
0.252544,0,0.416282
0.178240,1,0.149957
0.150562,1,0.193494
0.248279,0,0.415919
0.098089,1,0.026197
0.163115,1,0.282274
0.178240,1,0.149957
0.123526,1,0.073319
0.250386,0,0.416858
0.126601,1,0.059582
0.248279,0,0.415919
0.167406,1,0.231193
0.247678,0,0.412571
0.248279,0,0.415919
0.248279,0,0.415919
0.215194,0,0.340976
0.089178,1,0.038903
0.248279,0,0.415919
0.248279,0,0.415919
0.156574,1,0.037511
0.242191,0,0.267837
0.232786,0,0.355710
0.075492,1,0.033288
0.247092,0,0.226528
0.243034,0,0.277762
0.216725,0,0.351359
0.226393,0,0.229516
0.142768,1,0.037227
0.086352,1,0.003164
0.225591,0,0.167372
0.156715,1,0.121932
0.260048,0,0.274267
0.117688,1,0.070399
0.175243,1,0.175517
0.095838,1,0.078694
0.122855,1,0.019227
0.241754,0,0.275843
0.188178,1,0.131597
0.246707,0,0.206719
0.112138,1,0.020831
0.247727,0,0.275030
0.229131,0,0.254083
0.148007,1,0.045888
0.169846,1,0.144193
0.242485,0,0.374094
0.252802,0,0.322568
0.128517,1,0.031732
0.218665,0,0.353763
0.162203,1,0.107932
0.084719,1,0.016070
0.178265,1,0.159926
0.241616,0,0.337366
0.121621,1,0.156210
0.176429,1,0.032014
0.248455,0,0.370106
0.262302,0,0.350704
0.266160,0,0.238550
0.180695,1,0.132844
0.276864,0,0.337333
0.056103,1,0.002832
0.162000,1,0.103090
0.064074,1,0.000000
0.119844,1,0.069315
0.100019,1,0.039654
0.138760,1,0.124980
0.098774,1,0.037057
0.110159,1,0.078240
0.141529,1,0.134654
0.181348,1,0.030735
0.219779,0,0.380699
0.248973,0,0.432319
0.121239,1,0.353906
0.227492,0,0.529438
0.062483,1,0.046786
0.209723,0,0.392749
0.131318,1,0.236104
0.144654,1,0.175420
0.176213,1,0.239722
0.073477,1,0.080609
0.217104,0,0.411018
0.070008,1,0.089196
0.226082,0,0.379161
0.220282,0,0.433329
0.062829,1,0.005737
0.141036,1,0.352740
0.061930,1,0.039816
0.162032,1,0.287768
0.150102,1,0.238054
0.222442,0,0.333631
0.198150,1,0.378170
0.250553,0,0.460969
0.091434,1,0.165406
0.102596,1,0.117635
0.114207,1,0.355904
0.107630,1,0.400327
0.146785,1,0.387724
0.124425,1,0.387110
0.113275,1,0.263373
0.065087,1,0.043412
0.245063,0,0.424920
0.109913,1,0.397006
0.142490,1,0.110698
0.103163,1,0.036911
0.075389,1,0.073564
0.172641,1,0.178897
0.086605,1,0.034289
0.142486,1,0.341919
0.150739,1,0.109714
0.119251,1,0.380497
0.229911,0,0.421502
0.151811,1,0.285848
0.107126,1,0.328700
0.111237,1,0.062401
0.130017,1,0.361343
0.226763,0,0.531703
0.246152,0,0.508014
0.245610,0,0.519278
0.114969,1,0.378859
0.127360,1,0.358575
0.103956,1,0.118850
0.122344,1,0.075776
0.082505,1,0.055858
0.100859,1,0.105113
0.119133,1,0.118015
0.155861,1,0.104055
0.117697,1,0.178875
0.089744,1,0.033037
0.177724,1,0.268550
0.139178,1,0.071796
0.237589,0,0.331255
0.132080,1,0.146562
0.128595,1,0.119681
0.095576,1,0.072538
0.213515,0,0.347017
0.235702,0,0.486652
0.156548,1,0.171280
0.245492,0,0.407839
0.187911,1,0.181331
0.213515,0,0.347017
0.240975,0,0.350833
0.121695,1,0.121748
0.174783,1,0.276863
0.169985,1,0.125919
0.111860,1,0.083477
0.216627,0,0.400319
0.126966,1,0.062323
0.100859,1,0.105113
0.224309,0,0.365376
0.228822,0,0.199231
0.135346,1,0.083182
0.112890,1,0.083866
0.106895,1,0.053853
0.171908,1,0.259649
0.169465,1,0.283136
0.250069,0,0.485638
0.168633,1,0.112182
0.221001,0,0.307176
0.156919,1,0.078099
0.155861,1,0.119372
0.202889,0,0.223445
0.137671,1,0.203651
0.151446,1,0.152792
0.089118,1,0.096679
0.290032,0,0.466708
0.201711,0,0.333122
0.158470,1,0.131574
0.265094,0,0.504505
0.096902,1,0.175825
0.266758,0,0.511880
0.143487,1,0.069662
0.268014,0,0.142275
0.148370,1,0.114724
0.091701,1,0.034936
0.082527,1,0.027571
0.260440,0,0.198306
0.195256,1,0.008088
0.253676,0,0.205987
0.109815,1,0.078239
0.328648,0,0.094136
0.079051,1,0.008437
0.263939,0,0.305311
0.201688,0,0.176113
0.058403,1,0.036708
0.198026,1,0.144825
0.110321,1,0.026465
0.254630,0,0.218221
0.131994,1,0.062692
0.216933,0,0.126715
0.172702,1,0.087699
0.213513,0,0.155868
0.173739,1,0.048825
0.214387,0,0.164661
0.076326,1,0.011285
0.180090,1,0.167170
0.203301,0,0.173526
0.124128,1,0.184283
0.237714,0,0.101881
0.072222,1,0.031302
0.150216,1,0.130540
0.335902,0,0.350446
0.217040,0,0.146213
0.191457,1,0.150655
0.259348,0,0.180937
0.073872,1,0.050194
0.219235,0,0.184999
0.075310,1,0.030289
0.269166,0,0.201028
0.124298,1,0.076235
0.289427,0,0.180278
0.254800,0,0.229691
0.128274,1,0.118424
0.307092,0,0.361275
0.088230,1,0.028504
0.258327,0,0.200512
0.261403,0,0.253503
0.062253,1,0.010524
0.153830,1,0.066606
0.202014,0,0.160093
0.263615,0,0.190229
0.091746,1,0.025314
0.062527,1,0.010293
0.112730,1,0.741722
0.110758,1,0.107962
0.048428,1,0.010826
0.103327,1,0.737566
0.066541,1,0.064088
0.108416,1,0.239357
0.097942,1,0.149932
0.052877,1,0.139376
0.064921,1,0.066589
0.070435,1,0.625118
0.078174,1,0.155800
0.065980,1,0.441194
0.056449,1,0.129405
0.108981,1,0.228148
0.088805,1,0.519550
0.098261,1,0.257334
0.067489,1,0.657466
0.105025,1,0.240526
0.071941,1,0.353053
0.054623,1,0.029565
0.084061,1,0.203989
0.096803,1,0.267069
0.109223,1,0.234732
0.125956,1,0.244314
0.084170,1,0.230711
0.067983,1,0.362423
0.092047,1,0.237913
0.057848,1,0.036515
0.080571,1,0.225917
0.074563,1,0.031665
0.115802,1,0.237637
0.067307,1,0.129033
0.073968,1,0.085780
0.059694,1,0.101161
0.056101,1,0.003831
0.100966,1,0.674235
0.088514,1,0.649851
0.112262,1,0.241170
0.067546,1,0.094927
0.114796,1,0.027616
0.122170,1,0.242271
0.085275,1,0.526384
0.066718,1,0.091618
0.051360,1,0.486026
0.165064,1,0.415112
0.049814,1,0.014018
0.103201,1,0.615330
0.118058,1,0.128195
0.143017,1,0.071427
0.093210,1,0.097828
0.117143,1,0.239246
0.183638,1,0.335237
0.146129,1,0.502971
0.187877,1,0.508606
0.099733,1,0.027878
0.149239,1,0.320880
0.096917,1,0.050935
0.124443,1,0.245500
0.148448,1,0.105740
0.175915,1,0.097472
0.072053,1,0.018002
0.114267,1,0.257286
0.079944,1,0.051207
0.166396,1,0.378862
0.071482,1,0.007040
0.103377,1,0.394777
0.140125,1,0.095402
0.123734,1,0.304824
0.143829,1,0.185971
0.165655,1,0.118290
0.136134,1,0.099789
0.136316,1,0.172952
0.163687,1,0.243584
0.103820,1,0.059858
0.103158,1,0.108938
0.119618,1,0.140616
0.113294,1,0.284360
0.107161,1,0.044082
0.146500,1,0.212566
0.104537,1,0.156398
0.149573,1,0.275746
0.138210,1,0.303980
0.109047,1,0.056416
0.184754,1,0.124443
0.191328,1,0.165174
0.112544,1,0.236934
0.183081,1,0.386826
0.120174,1,0.267098
0.120981,1,0.361482
0.085433,1,0.015592
0.144222,1,0.362960
0.066505,1,0.008236
0.137392,1,0.074306
0.154534,1,0.449895
0.116372,1,0.079162
0.149744,1,0.363902
0.131620,1,0.357673
0.180526,1,0.351595
0.207589,0,0.524339
0.097084,1,0.068256
0.220054,0,0.501556
0.214600,0,0.509111
0.196449,1,0.437106
0.204686,0,0.516178
0.128482,1,0.101636
0.101677,1,0.089410
0.075411,1,0.095023
0.220710,0,0.501552
0.085308,1,0.094483
0.087136,1,0.089510
0.188002,1,0.310038
0.107464,1,0.250030
0.166605,1,0.251441
0.191982,1,0.271984
0.250118,0,0.465599
0.161785,1,0.109617
0.135477,1,0.121789
0.237239,0,0.498454
0.200997,0,0.527880
0.176770,1,0.172777
0.118458,1,0.125862
0.107124,1,0.131460
0.203555,0,0.467901
0.137615,1,0.204892
0.113431,1,0.099899
0.198069,1,0.446085
0.250682,0,0.446122
0.088976,1,0.250505
0.194564,1,0.516382
0.214418,0,0.418368
0.100502,1,0.132315
0.171462,1,0.163430
0.196426,1,0.465617
0.210471,0,0.402357
0.091160,1,0.024170
0.140502,1,0.219601
0.121086,1,0.220664
0.101202,1,0.057397
0.168772,1,0.129926
0.103770,1,0.068652
0.206204,0,0.508972
0.131349,1,0.134806
0.139190,1,0.143978
0.134151,1,0.084060
0.197981,1,0.532744
0.183685,1,0.236190
0.088976,1,0.250505
0.122719,1,0.115013
0.084878,1,0.387679
0.121311,1,0.100319
0.077476,1,0.402326
0.170242,1,0.441907
0.090382,1,0.445366
0.090213,1,0.016075
0.083969,1,0.164930
0.131344,1,0.104277
0.119683,1,0.417057
0.073483,1,0.254044
0.102120,1,0.398497
0.090056,1,0.309401
0.115701,1,0.419872
0.079615,1,0.449464
0.051788,1,0.000877
0.098352,1,0.456402
0.082554,1,0.008153
0.099152,1,0.113187
0.088535,1,0.449389
0.054804,1,0.014192
0.079566,1,0.261790
0.103141,1,0.099394
0.121728,1,0.099026
0.086090,1,0.449463
0.058555,1,0.000006
0.050429,1,0.003841
0.133557,1,0.445525
0.145851,1,0.105330
0.136778,1,0.114216
0.050849,1,0.050829
0.079615,1,0.449464
0.115178,1,0.098778
0.118392,1,0.096947
0.099276,1,0.174437
0.096422,1,0.419290
0.077318,1,0.043612
0.075804,1,0.018682
0.115811,1,0.105313
0.102246,1,0.441951
0.150387,1,0.443115
0.150387,1,0.443115
0.109753,1,0.218110
0.070627,1,0.387681
0.058621,1,0.005750
0.115484,1,0.094942
0.076512,1,0.046830
0.170708,1,0.441904
0.086290,1,0.112257
0.121394,1,0.105239
0.086618,1,0.019258
0.176633,1,0.046204
0.117219,1,0.409378
0.416170,0,0.333602
0.380124,0,0.625144
0.111178,1,0.059221
0.135812,1,0.245883
0.148275,1,0.358552
0.103852,1,0.025562
0.343510,0,0.307242
0.116556,1,0.554691
0.241124,0,0.534856
0.359119,0,0.244571
0.256142,0,0.141098
0.133073,1,0.272086
0.184368,1,0.085216
0.078739,1,0.591988
0.076689,1,0.563296
0.364862,0,0.250986
0.335266,0,0.491672
0.205377,0,0.023572
0.330867,0,0.081319
0.420915,0,0.254070
0.073946,1,0.600455
0.348102,0,0.402786
0.186152,1,0.097021
0.124446,1,0.019292
0.273097,0,0.478341
0.094374,1,0.006404
0.134602,1,0.272185
0.050942,1,0.000002
0.104526,1,0.012237
0.165827,1,0.047794
0.356702,0,0.316452
0.442037,0,0.173662
0.336020,0,0.138955
0.293322,0,0.084416
0.061546,1,0.480988
0.258613,0,0.080286
0.380124,0,0.625144
0.283171,0,0.200924
0.303316,0,0.230502
0.146587,1,0.087665
0.089435,1,0.600838
0.368883,0,0.617875
0.384579,0,0.571618
0.100878,1,0.463443
0.361111,0,0.496834
0.128459,1,0.614900
0.143576,1,0.035910
0.298320,0,0.087252
0.072935,1,0.051073
0.078149,1,0.466095
0.079668,1,0.030714
0.084515,1,0.027360
0.081311,1,0.028407
0.064169,1,0.023255
0.062965,1,0.010062
0.060214,1,0.050737
0.061931,1,0.006935
0.101998,1,0.028405
0.088387,1,0.036098
0.066877,1,0.302684
0.112372,1,0.025279
0.075260,1,0.022138
0.075260,1,0.022138
0.080116,1,0.088320
0.083405,1,0.055813
0.064687,1,0.066465
0.051888,1,0.000004
0.066921,1,0.033053
0.058895,1,0.069301
0.049453,1,0.008214
0.053433,1,0.012662
0.066342,1,0.061741
0.056124,1,0.054800
0.075630,1,0.050170
0.086614,1,0.087448
0.095796,1,0.171481
0.052729,1,0.043385
0.101696,1,0.087387
0.101210,1,0.385904
0.076342,1,0.041603
0.068816,1,0.028177
0.109057,1,0.074367
0.074515,1,0.026019
0.107394,1,0.341418
0.069599,1,0.056180
0.058805,1,0.052517
0.102386,1,0.437634
0.067629,1,0.006628
0.069454,1,0.484869
0.072206,1,0.022622
0.096397,1,0.019862
0.093954,1,0.031273
0.064945,1,0.050419
0.078732,1,0.086207
0.116350,1,0.043490
0.092914,1,0.061813
0.085841,1,0.058770
0.088149,1,0.402828
0.108019,1,0.031639
0.088447,1,0.024926
0.176475,1,0.012528
0.125130,1,0.029246
0.135906,1,0.138698
0.121061,1,0.046902
0.171830,1,0.079499
0.172832,1,0.194236
0.107177,1,0.011839
0.124366,1,0.025535
0.213289,0,0.035316
0.223714,0,0.018731
0.191195,1,0.031962
0.161575,1,0.037074
0.180033,1,0.085654
0.128462,1,0.028013
0.113715,1,0.016162
0.137066,1,0.031193
0.082229,1,0.009308
0.195818,1,0.013401
0.101755,1,0.022310
0.142379,1,0.041763
0.110426,1,0.005127
0.098202,1,0.020488
0.131498,1,0.030858
0.159851,1,0.351530
0.303049,0,0.036196
0.205698,0,0.372954
0.102920,1,0.036582
0.111897,1,0.017849
0.077469,1,0.002606
0.114331,1,0.026589
0.180189,1,0.041176
0.154599,1,0.014246
0.109980,1,0.025014
0.207793,0,0.045601
0.144643,1,0.023676
0.072403,1,0.030279
0.224789,0,0.050464
0.197503,1,0.193570
0.096331,1,0.187558
0.139720,1,0.020020
0.125241,1,0.025586
0.122228,1,0.061152
0.163953,1,0.079813
0.282459,0,0.032043
0.347306,0,0.050763
0.131284,1,0.034882
0.134517,1,0.037291
0.115865,1,0.023105
0.178598,1,0.047365
0.235551,0,0.096726
0.125400,1,0.110274
0.241405,0,0.174833
0.287944,0,0.169466
0.162991,1,0.112355
0.098166,1,0.033367
0.102131,1,0.010855
0.072354,1,0.015991
0.161297,1,0.060693
0.187046,1,0.248383
0.132643,1,0.152589
0.117696,1,0.121570
0.088939,1,0.016093
0.078848,1,0.013642
0.308185,0,0.188296
0.114225,1,0.057365
0.095095,1,0.025223
0.288761,0,0.255953
0.133474,1,0.057819
0.182210,1,0.124409
0.163678,1,0.061110
0.119196,1,0.083159
0.096027,1,0.033338
0.075509,1,0.062928
0.215441,0,0.102057
0.189967,1,0.086892
0.301079,0,0.307116
0.319245,0,0.288634
0.169503,1,0.098886
0.142430,1,0.120718
0.153971,1,0.152247
0.097702,1,0.039121
0.084933,1,0.001227
0.100365,1,0.042303
0.205171,0,0.117100
0.180170,1,0.059418
0.220739,0,0.123890
0.288761,0,0.255953
0.183415,1,0.099622
0.067394,1,0.022135
0.195549,1,0.153176
0.239515,0,0.152746
0.138440,1,0.167793
0.273296,0,0.159598
0.255048,0,0.185299
0.212536,0,0.219120
0.233575,0,0.131270
0.081854,1,0.015067
0.213532,0,0.157031
0.224613,0,0.204022
0.085861,1,0.249842
0.322064,0,0.428856
0.182842,1,0.427949
0.139426,1,0.109741
0.073146,1,0.093287
0.100496,1,0.031790
0.348943,0,0.218838
0.199305,1,0.118807
0.089141,1,0.169118
0.073679,1,0.147675
0.275922,0,0.178723
0.095068,1,0.061056
0.088573,1,0.244838
0.132752,1,0.071965
0.169377,1,0.096785
0.091404,1,0.010521
0.352264,0,0.291162
0.181602,1,0.088059
0.184532,1,0.081137
0.370205,0,0.402329
0.081612,1,0.007690
0.371409,0,0.351288
0.080640,1,0.087502
0.270847,0,0.308622
0.155954,1,0.173499
0.362722,0,0.217689
0.133642,1,0.424879
0.296706,0,0.318705
0.066341,1,0.127266
0.224039,0,0.537809
0.109999,1,0.299281
0.083690,1,0.016328
0.119570,1,0.259910
0.251822,0,0.276126
0.240346,0,0.385932
0.139392,1,0.075100
0.255717,0,0.204542
0.294677,0,0.284203
0.132122,1,0.106226
0.235280,0,0.515693
0.194665,1,0.493504
0.358171,0,0.284467
0.232954,0,0.172593
0.167731,1,0.130017
0.271238,0,0.264652
0.168747,1,0.369004
0.211506,0,0.143012
0.256847,0,0.347426
0.147916,1,0.004749
0.105937,1,0.021761
0.167914,1,0.087930
0.166253,1,0.298887
0.186679,1,0.185246
0.126539,1,0.069148
0.090417,1,0.011721
0.166947,1,0.345002
0.136519,1,0.116451
0.066051,1,0.002515
0.082799,1,0.040613
0.116320,1,0.104615
0.155772,1,0.240867
0.121408,1,0.114582
0.125139,1,0.123516
0.110331,1,0.023796
0.104700,1,0.039773
0.201250,0,0.462222
0.098758,1,0.038693
0.117650,1,0.052884
0.076871,1,0.025413
0.178301,1,0.176233
0.168231,1,0.315523
0.172986,1,0.341300
0.183099,1,0.351860
0.226344,0,0.240004
0.105670,1,0.041796
0.140971,1,0.166364
0.230936,0,0.487408
0.192602,1,0.335909
0.214521,0,0.325170
0.068812,1,0.000655
0.101342,1,0.013935
0.198786,1,0.155126
0.186079,1,0.344967
0.210416,0,0.390049
0.148636,1,0.190292
0.087641,1,0.047201
0.100089,1,0.016072
0.166896,1,0.225871
0.208947,0,0.338853
0.177884,1,0.025682
0.095455,1,0.064092
0.094404,1,0.030457
0.150124,1,0.154917
0.169829,1,0.180353
0.071776,1,0.001106
0.157455,1,0.250330
0.210677,0,0.383255
0.181387,1,0.320287
0.195419,1,0.344067
0.083660,1,0.063593
0.144840,1,0.098363
0.120799,1,0.088243
0.081892,1,0.014767
0.074458,1,0.048799
0.173662,1,0.164520
0.112947,1,0.148877
0.143398,1,0.253148
0.136845,1,0.156823
0.105318,1,0.066604
0.145633,1,0.191338
0.065471,1,0.010007
0.134969,1,0.002043
0.100869,1,0.040207
0.092510,1,0.084691
0.080531,1,0.040481
0.115178,1,0.074281
0.131769,1,0.259272
0.078926,1,0.022091
0.156448,1,0.169341
0.137099,1,0.188269
0.173322,1,0.173507
0.190218,1,0.261542
0.075352,1,0.048408
0.112463,1,0.111935
0.156565,1,0.147259
0.101267,1,0.136228
0.083733,1,0.043152
0.153083,1,0.151070
0.150800,1,0.084223
0.182526,1,0.182922
0.129025,1,0.099068
0.109208,1,0.041329
0.139042,1,0.247685
0.143273,1,0.165628
0.146077,1,0.155624
0.103395,1,0.044648
0.126418,1,0.091670
0.084509,1,0.034746
0.097345,1,0.069761
0.210658,0,0.149763
0.081135,1,0.035506
0.087428,1,0.052046
0.081731,1,0.055272
0.176446,1,0.165533
0.149007,1,0.079233
0.079765,1,0.036062
0.082375,1,0.041289
0.123398,1,0.085654
0.075352,1,0.048408
0.096429,1,0.134758
0.132255,1,0.117546
0.141913,1,0.272358
0.168702,1,0.302840
0.106023,1,0.120668
0.057641,1,0.003889
0.143375,1,0.243999
0.061811,1,0.020067
0.104671,1,0.110640
0.060722,1,0.020754
0.159656,1,0.271843
0.063562,1,0.039376
0.154038,1,0.268163
0.105832,1,0.011868
0.152129,1,0.414142
0.122188,1,0.128360
0.070553,1,0.020092
0.063618,1,0.011050
0.084201,1,0.050086
0.163763,1,0.271445
0.082431,1,0.037551
0.088468,1,0.129976
0.137762,1,0.241960
0.074172,1,0.018503
0.106739,1,0.097142
0.069998,1,0.029846
0.153413,1,0.281704
0.160002,1,0.466602
0.079964,1,0.072390
0.214206,0,0.461468
0.060334,1,0.004048
0.070540,1,0.021497
0.144444,1,0.229525
0.095258,1,0.025928
0.157900,1,0.408401
0.123765,1,0.189307
0.149092,1,0.269460
0.151349,1,0.291411
0.060365,1,0.036351
0.072266,1,0.138939
0.103447,1,0.091661
0.115562,1,0.173132
0.097428,1,0.074435
0.080043,1,0.027566
0.165894,1,0.270133
0.114611,1,0.026978
0.095438,1,0.006559
0.064497,1,0.012529
0.120141,1,0.191867
0.173269,1,0.456051
0.135653,1,0.188491
0.148313,1,0.200497
0.086479,1,0.057908
0.061559,1,0.004253
0.143639,1,0.263395
0.137397,1,0.153745
0.128435,1,0.102965
0.102897,1,0.032071
0.069105,1,0.005119
0.198072,1,0.309580
0.104682,1,0.056408
0.158015,1,0.289513
0.129550,1,0.167725
0.209924,0,0.294581
0.110624,1,0.072443
0.120546,1,0.046419
0.170171,1,0.301017
0.123127,1,0.105776
0.082124,1,0.045278
0.123293,1,0.171162
0.130518,1,0.214971
0.105436,1,0.032927
0.094107,1,0.004675
0.160919,1,0.156807
0.167703,1,0.161773
0.197979,1,0.303510
0.117479,1,0.216052
0.123607,1,0.068555
0.150307,1,0.232744
0.188361,1,0.329549
0.216243,0,0.283814
0.129550,1,0.102068
0.140685,1,0.105556
0.109327,1,0.066431
0.189979,1,0.215345
0.115204,1,0.133917
0.132616,1,0.264727
0.089373,1,0.108593
0.054944,1,0.002626
0.144597,1,0.196015
0.082852,1,0.078712
0.187597,1,0.376857
0.182657,1,0.369751
0.108475,1,0.105432
0.195824,1,0.244899
0.188589,1,0.295808
0.156028,1,0.193881
0.120664,1,0.107518
0.139184,1,0.163611
0.073806,1,0.016940
0.176068,1,0.081567
0.334392,0,0.368535
0.184162,1,0.193804
0.295051,0,0.138398
0.197620,1,0.278941
0.114586,1,0.031640
0.285401,0,0.223565
0.323970,0,0.386720
0.224924,0,0.246985
0.166689,1,0.037364
0.262247,0,0.334624
0.316090,0,0.298340
0.356503,0,0.485322
0.252159,0,0.244586
0.360089,0,0.347092
0.302548,0,0.358432
0.217788,0,0.250522
0.215086,0,0.094093
0.270922,0,0.203290
0.281764,0,0.257825
0.316369,0,0.220869
0.222399,0,0.250104
0.083962,1,0.000160
0.230686,0,0.067136
0.175008,1,0.159452
0.403209,0,0.264284
0.128689,1,0.034350
0.286491,0,0.292494
0.283245,0,0.324289
0.306571,0,0.188219
0.184521,1,0.024030
0.275452,0,0.319617
0.223907,0,0.083412
0.186266,1,0.134297
0.280020,0,0.102380
0.247178,0,0.169000
0.186700,1,0.190348
0.298218,0,0.296117
0.184942,1,0.042916
0.353760,0,0.376856
0.314059,0,0.320770
0.250609,0,0.129256
0.200762,0,0.258243
0.331128,0,0.366103
0.312035,0,0.293560
0.088723,1,0.016322
0.358820,0,0.357784
0.106077,1,0.071473
0.200395,0,0.097070
0.222104,0,0.130709
0.099678,1,0.041244
0.067894,1,0.018282
0.060956,1,0.325890
0.074776,1,0.127885
0.060757,1,0.042825
0.069954,1,0.034271
0.071590,1,0.026015
0.074197,1,0.030047
0.124690,1,0.302080
0.069683,1,0.094828
0.085263,1,0.023411
0.064794,1,0.050837
0.070599,1,0.124672
0.106298,1,0.356132
0.082648,1,0.083362
0.069034,1,0.050606
0.087771,1,0.345100
0.069353,1,0.053499
0.108914,1,0.019000
0.094317,1,0.243468
0.076571,1,0.071269
0.068890,1,0.039582
0.078564,1,0.034024
0.098969,1,0.068667
0.092571,1,0.036220
0.088806,1,0.056271
0.090568,1,0.363893
0.098558,1,0.091462
0.125805,1,0.471847
0.149554,1,0.340593
0.084836,1,0.069007
0.070507,1,0.004367
0.068576,1,0.078788
0.152827,1,0.123704
0.103594,1,0.038058
0.056377,1,0.034756
0.095148,1,0.058845
0.113404,1,0.092083
0.152827,1,0.123704
0.065765,1,0.093968
0.096593,1,0.068741
0.144094,1,0.318706
0.098561,1,0.244111
0.106298,1,0.356132
0.089612,1,0.043362
0.127773,1,0.263606
0.127400,1,0.052504
0.076104,1,0.111165
0.068978,1,0.076656
0.120860,1,0.220223
0.180865,1,0.336906
0.143292,1,0.141799
0.117881,1,0.134164
0.074760,1,0.014078
0.202906,0,0.289069
0.227454,0,0.305189
0.211465,0,0.322976
0.221112,0,0.383125
0.119259,1,0.172422
0.215052,0,0.330913
0.196870,1,0.364979
0.262384,0,0.394336
0.124706,1,0.201342
0.184879,1,0.193269
0.091869,1,0.068175
0.197084,1,0.324192
0.058613,1,0.000145
0.089403,1,0.037010
0.125106,1,0.202430
0.142045,1,0.285768
0.071117,1,0.043969
0.259612,0,0.400470
0.101936,1,0.116475
0.114621,1,0.138283
0.233186,0,0.330467
0.154466,1,0.139127
0.073375,1,0.034638
0.191230,1,0.366067
0.112408,1,0.157617
0.195021,1,0.208263
0.222457,0,0.346388
0.049618,1,0.005380
0.064869,1,0.035039
0.079477,1,0.102875
0.199752,1,0.198942
0.080041,1,0.015005
0.093079,1,0.046440
0.195651,1,0.335376
0.140722,1,0.135570
0.230831,0,0.293984
0.161799,1,0.184454
0.187808,1,0.258897
0.184386,1,0.366623
0.228577,0,0.279912
0.218374,0,0.277613
0.206359,0,0.252252
0.121871,1,0.157925
0.170584,1,0.263205
0.107215,1,0.208126
0.089060,1,0.021161
0.078885,1,0.051551
0.080226,1,0.482706
0.049623,1,0.128016
0.075730,1,0.468239
0.066532,1,0.195235
0.053873,1,0.499859
0.058446,1,0.326746
0.088090,1,0.312171
0.070449,1,0.698804
0.096870,1,0.537314
0.057750,1,0.106799
0.047460,1,0.276710
0.059921,1,0.315262
0.059022,1,0.475107
0.053188,1,0.123831
0.103948,1,0.786339
0.062478,1,0.605406
0.101648,1,0.063541
0.063860,1,0.540414
0.058022,1,0.290324
0.054065,1,0.079654
0.065204,1,0.169997
0.060969,1,0.071462
0.050021,1,0.309331
0.069076,1,0.249752
0.075774,1,0.042390
0.111983,1,0.306694
0.054461,1,0.107348
0.075069,1,0.601667
0.063315,1,0.645077
0.124506,1,0.031472
0.089438,1,0.216610
0.069000,1,0.336344
0.089783,1,0.302693
0.077829,1,0.342410
0.050655,1,0.007455
0.092164,1,0.079763
0.063857,1,0.064478
0.056810,1,0.150725
0.058155,1,0.723512
0.061889,1,0.069147
0.115766,1,0.103595
0.063248,1,0.362392
0.085912,1,0.654169
0.063315,1,0.645077
0.115606,1,0.302088
0.120711,1,0.122677
0.049692,1,0.157187
0.069076,1,0.249752
0.140999,1,0.083421
0.082532,1,0.029344
0.227362,0,0.104768
0.096258,1,0.015108
0.158312,1,0.034043
0.057638,1,0.004845
0.097594,1,0.036348
0.131024,1,0.030492
0.092226,1,0.030492
0.185318,1,0.086323
0.185847,1,0.075908
0.084250,1,0.021844
0.093404,1,0.036146
0.154064,1,0.045392
0.132394,1,0.027623
0.336612,0,0.100369
0.121251,1,0.027357
0.104907,1,0.032306
0.089678,1,0.013074
0.079022,1,0.009990
0.130468,1,0.016944
0.113222,1,0.028728
0.115264,1,0.021521
0.085515,1,0.016900
0.163343,1,0.010667
0.099111,1,0.024059
0.160021,1,0.037643
0.142721,1,0.031535
0.144078,1,0.088869
0.122374,1,0.015384
0.094315,1,0.006645
0.159430,1,0.007376
0.107573,1,0.036193
0.155884,1,0.042879
0.116759,1,0.044405
0.089900,1,0.020052
0.113255,1,0.005331
0.094311,1,0.015616
0.131313,1,0.058687
0.338548,0,0.251950
0.082406,1,0.010110
0.094192,1,0.033427
0.117530,1,0.046226
0.090006,1,0.019550
0.107086,1,0.032332
0.081635,1,0.005823
0.153568,1,0.064951
0.141052,1,0.053028
0.171103,1,0.056614
0.141424,1,0.062863
0.104282,1,0.037820
0.148910,1,0.355434
0.138800,1,0.366888
0.098278,1,0.339189
0.108358,1,0.078261
0.062309,1,0.043731
0.077281,1,0.245552
0.123559,1,0.077214
0.153015,1,0.369334
0.055740,1,0.040532
0.106521,1,0.162584
0.063302,1,0.152243
0.104717,1,0.013288
0.121853,1,0.361144
0.126996,1,0.361432
0.145969,1,0.258695
0.159810,1,0.384868
0.081008,1,0.019964
0.089560,1,0.242752
0.142993,1,0.352025
0.127275,1,0.418124
0.078786,1,0.335571
0.101639,1,0.309178
0.071735,1,0.020014
0.155710,1,0.375774
0.083298,1,0.110754
0.098123,1,0.007246
0.130165,1,0.374767
0.070839,1,0.169472
0.078741,1,0.217964
0.119948,1,0.091678
0.106784,1,0.019815
0.161079,1,0.291887
0.123130,1,0.259181
0.092472,1,0.212870
0.144797,1,0.247861
0.145406,1,0.399566
0.085573,1,0.138604
0.081152,1,0.166026
0.075759,1,0.174262
0.090206,1,0.014915
0.059794,1,0.136267
0.083308,1,0.255319
0.152219,1,0.352272
0.129664,1,0.212805
0.076358,1,0.230857
0.101639,1,0.309178
0.134873,1,0.351734
0.064431,1,0.081461
0.087898,1,0.266016
0.095460,1,0.301808
0.132982,1,0.114676
0.211594,0,0.281603
0.226904,0,0.237362
0.088775,1,0.018469
0.294014,0,0.398406
0.115789,1,0.029759
0.202969,0,0.171393
0.079136,1,0.031980
0.233046,0,0.372250
0.151863,1,0.059831
0.140659,1,0.097488
0.171064,1,0.141810
0.132518,1,0.096542
0.221008,0,0.229274
0.165470,1,0.143794
0.143472,1,0.087829
0.185461,1,0.099162
0.298282,0,0.235548
0.260028,0,0.207379
0.168711,1,0.141257
0.143700,1,0.159906
0.257991,0,0.160399
0.200926,0,0.138385
0.245729,0,0.236658
0.265399,0,0.135982
0.167976,1,0.202548
0.175231,1,0.108037
0.174742,1,0.040760
0.136348,1,0.012061
0.095210,1,0.033704
0.235819,0,0.235474
0.156500,1,0.146241
0.129639,1,0.017401
0.181834,1,0.199572
0.130355,1,0.104994
0.165198,1,0.081449
0.204782,0,0.220718
0.137218,1,0.132504
0.177191,1,0.038450
0.166551,1,0.100764
0.243153,0,0.099873
0.127423,1,0.101898
0.130547,1,0.113452
0.237057,0,0.241625
0.127684,1,0.012605
0.181804,1,0.116264
0.217647,0,0.337294
0.226484,0,0.131086
0.274016,0,0.309177
0.203111,0,0.140585
0.233556,0,0.315635
0.096748,1,0.054680
0.146740,1,0.216974
0.172070,1,0.343191
0.232061,0,0.375081
0.129698,1,0.150204
0.119856,1,0.071077
0.251909,0,0.416132
0.118270,1,0.128678
0.092330,1,0.059293
0.138984,1,0.183010
0.119452,1,0.033487
0.080131,1,0.023612
0.136371,1,0.136496
0.102274,1,0.089655
0.108886,1,0.073692
0.174775,1,0.353409
0.117114,1,0.158939
0.093796,1,0.089568
0.159499,1,0.139249
0.114075,1,0.046993
0.212604,0,0.354293
0.095188,1,0.100035
0.155215,1,0.206699
0.116891,1,0.109445
0.086935,1,0.055879
0.171693,1,0.177670
0.110446,1,0.183371
0.139261,1,0.076376
0.099937,1,0.079150
0.072026,1,0.024752
0.112063,1,0.160717
0.230721,0,0.352664
0.107637,1,0.050934
0.111288,1,0.076241
0.092485,1,0.027675
0.121837,1,0.073701
0.092942,1,0.031926
0.170406,1,0.222375
0.115658,1,0.084612
0.097386,1,0.093655
0.095131,1,0.035813
0.085504,1,0.079462
0.216681,0,0.331719
0.245141,0,0.417540
0.097723,1,0.041118
0.216050,0,0.303102
0.105902,1,0.089875
0.088981,1,0.032003
0.119704,1,0.199174
0.083584,1,0.133208
0.204302,0,0.249883
0.144733,1,0.241235
0.191895,1,0.403365
0.241083,0,0.400171
0.187746,1,0.123344
0.214886,0,0.267186
0.194654,1,0.387672
0.156175,1,0.164233
0.197624,1,0.113316
0.218052,0,0.197633
0.207647,0,0.297183
0.203709,0,0.182889
0.242640,0,0.439607
0.103251,1,0.060054
0.138367,1,0.123797
0.125240,1,0.241602
0.080537,1,0.003789
0.237862,0,0.316933
0.222482,0,0.465108
0.278596,0,0.363309
0.227215,0,0.462288
0.138693,1,0.033687
0.196139,1,0.199449
0.228001,0,0.214831
0.209395,0,0.180606
0.208843,0,0.208271
0.172160,1,0.221008
0.171615,1,0.223237
0.109535,1,0.044495
0.153913,1,0.219977
0.230974,0,0.382824
0.185645,1,0.405147
0.152669,1,0.066984
0.129136,1,0.384119
0.265805,0,0.204724
0.127150,1,0.038106
0.187216,1,0.060496
0.196861,1,0.289640
0.264741,0,0.474268
0.184863,1,0.233851
0.198358,1,0.061630
0.154841,1,0.057144
0.198840,1,0.176710
0.138328,1,0.071378
0.169888,1,0.125327
0.216433,0,0.480913
0.242713,0,0.365697
0.148608,1,0.221639
0.200511,0,0.194770
0.094729,1,0.013806
0.093402,1,0.045805
0.073934,1,0.010667
0.133285,1,0.059057
0.206421,0,0.239363
0.133858,1,0.057845
0.183311,1,0.241123
0.144720,1,0.109562
0.191824,1,0.240447
0.123835,1,0.075154
0.101352,1,0.090927
0.217384,0,0.215729
0.098408,1,0.089329
0.091386,1,0.078605
0.100208,1,0.028816
0.125280,1,0.092019
0.211132,0,0.254077
0.191852,1,0.059992
0.118729,1,0.099244
0.215633,0,0.156187
0.195866,1,0.108912
0.084019,1,0.092960
0.199198,1,0.138129
0.108101,1,0.189507
0.101379,1,0.072621
0.099969,1,0.008185
0.132594,1,0.222470
0.073269,1,0.001453
0.207401,0,0.238840
0.120048,1,0.052427
0.191824,1,0.240447
0.128561,1,0.154135
0.135113,1,0.242408
0.220747,0,0.254332
0.188988,1,0.238554
0.113857,1,0.081987
0.181417,1,0.108775
0.207593,0,0.123043
0.097590,1,0.051484
0.139353,1,0.180342
0.180073,1,0.074185
0.119926,1,0.075234
0.096787,1,0.034100
0.127480,1,0.065746
0.196820,1,0.121691
0.115453,1,0.239461
0.097710,1,0.143518
0.158263,1,0.045411
0.144271,1,0.198828
0.089754,1,0.014591
0.210955,0,0.225632
0.310538,0,0.141592
0.087044,1,0.007510
0.301841,0,0.261602
0.245670,0,0.135771
0.124305,1,0.052946
0.130079,1,0.076278
0.212568,0,0.108781
0.163179,1,0.171731
0.275080,0,0.303820
0.126967,1,0.098486
0.246864,0,0.260976
0.322573,0,0.102196
0.100674,1,0.224356
0.174131,1,0.189005
0.124863,1,0.077643
0.119645,1,0.039891
0.190014,1,0.491606
0.269927,0,0.157393
0.163630,1,0.129307
0.147322,1,0.171362
0.133174,1,0.253168
0.131128,1,0.058084
0.138024,1,0.125548
0.189803,1,0.125748
0.293060,0,0.104249
0.198708,1,0.234868
0.165293,1,0.262995
0.097067,1,0.054180
0.111313,1,0.176936
0.170095,1,0.211953
0.082937,1,0.033302
0.226267,0,0.075644
0.109478,1,0.014383
0.122253,1,0.081382
0.332509,0,0.239970
0.201632,0,0.126013
0.210585,0,0.254690
0.181979,1,0.417158
0.293033,0,0.203392
0.172925,1,0.253415
0.227880,0,0.232340
0.208710,0,0.207884
0.215757,0,0.133743
0.206225,0,0.167985
0.250849,0,0.238980
0.137544,1,0.255198
0.337266,0,0.192201
0.255862,0,0.305686
0.082222,1,0.031021
0.237410,0,0.202200
0.217899,0,0.279902
0.183731,1,0.134703
0.298902,0,0.264829
0.257950,0,0.210858
0.269674,0,0.409137
0.134558,1,0.093928
0.221821,0,0.318157
0.235698,0,0.185882
0.154295,1,0.116294
0.281915,0,0.291602
0.207355,0,0.205829
0.098411,1,0.028066
0.226325,0,0.191617
0.215652,0,0.174563
0.271405,0,0.358053
0.233277,0,0.178010
0.265499,0,0.198823
0.116025,1,0.057883
0.224754,0,0.203432
0.100295,1,0.038821
0.218283,0,0.190101
0.245196,0,0.324429
0.111832,1,0.036168
0.178692,1,0.176419
0.062919,1,0.044770
0.224620,0,0.299999
0.212406,0,0.189982
0.282257,0,0.373189
0.217441,0,0.292880
0.181095,1,0.144862
0.184821,1,0.153589
0.069025,1,0.018342
0.283222,0,0.374154
0.244286,0,0.226297
0.229013,0,0.229219
0.230747,0,0.243563
0.218283,0,0.190101
0.248441,0,0.235139
0.237512,0,0.195681
0.166784,1,0.133840
0.143414,1,0.116983
0.107254,1,0.053540
0.133834,1,0.040813
0.213756,0,0.203149
0.220113,0,0.246160
0.234869,0,0.232406
0.266862,0,0.363031
0.233285,0,0.205423
0.217441,0,0.292880
0.075606,1,0.175790
0.061514,1,0.062008
0.073329,1,0.003006
0.057219,1,0.000002
0.065126,1,0.028172
0.080380,1,0.033512
0.079496,1,0.008586
0.069253,1,0.192822
0.060244,1,0.224824
0.062532,1,0.101111
0.092365,1,0.284177
0.050364,1,0.250313
0.082267,1,0.208591
0.061371,1,0.073365
0.072106,1,0.210206
0.076728,1,0.152112
0.052441,1,0.043099
0.089991,1,0.272278
0.081444,1,0.147625
0.065137,1,0.104458
0.047498,1,0.070841
0.074791,1,0.065549
0.051099,1,0.177679
0.056044,1,0.159573
0.069007,1,0.199270
0.065629,1,0.167672
0.096082,1,0.175447
0.082789,1,0.100867
0.066028,1,0.199942
0.087198,1,0.276858
0.062354,1,0.088442
0.086725,1,0.272324
0.087720,1,0.223819
0.062288,1,0.151146
0.078999,1,0.196651
0.077181,1,0.172605
0.088807,1,0.208046
0.087191,1,0.140318
0.075470,1,0.208469
0.097476,1,0.205588
0.061091,1,0.079141
0.057819,1,0.089599
0.063651,1,0.025579
0.050779,1,0.004385
0.087693,1,0.279297
0.052990,1,0.263176
0.064656,1,0.092157
0.050097,1,0.012515
0.111953,1,0.157121
0.096343,1,0.154644
0.175428,1,0.080908
0.149297,1,0.156308
0.189739,1,0.177935
0.199018,1,0.173894
0.237255,0,0.270829
0.245170,0,0.175257
0.224376,0,0.207412
0.156268,1,0.192069
0.194171,1,0.186567
0.195858,1,0.217176
0.219437,0,0.222836
0.193140,1,0.305013
0.240279,0,0.197918
0.200983,0,0.174794
0.168053,1,0.156238
0.220805,0,0.204950
0.193022,1,0.240025
0.231245,0,0.193091
0.226009,0,0.090084
0.038001,1,0.000000
0.163310,1,0.166859
0.129593,1,0.208864
0.231245,0,0.193091
0.225317,0,0.197837
0.239515,0,0.271278
0.206617,0,0.260368
0.190614,1,0.174645
0.124533,1,0.114454
0.201116,0,0.185230
0.218489,0,0.193274
0.240638,0,0.173459
0.238394,0,0.205857
0.207010,0,0.141037
0.146890,1,0.214920
0.233242,0,0.270417
0.220111,0,0.151649
0.220946,0,0.210505
0.232010,0,0.286924
0.224953,0,0.193091
0.238125,0,0.263880
0.203090,0,0.174747
0.182865,1,0.329987
0.158881,1,0.102649
0.227419,0,0.194775
0.265221,0,0.234616
0.231123,0,0.195175
0.227419,0,0.194775
0.221865,0,0.285056
0.197260,1,0.202342
0.217800,0,0.133571
0.110960,1,0.104280
0.046111,1,0.005345
0.095462,1,0.132947
0.062374,1,0.057952
0.116583,1,0.159745
0.130925,1,0.106293
0.066049,1,0.077887
0.133700,1,0.057513
0.120826,1,0.082476
0.192361,1,0.326650
0.196492,1,0.234404
0.104513,1,0.107818
0.067789,1,0.023992
0.121429,1,0.070755
0.081896,1,0.110046
0.196805,1,0.408551
0.200800,0,0.328170
0.060507,1,0.077702
0.094725,1,0.096453
0.153603,1,0.295060
0.175164,1,0.306145
0.058965,1,0.196718
0.210845,0,0.271522
0.062204,1,0.010102
0.147041,1,0.103863
0.188673,1,0.254656
0.181723,1,0.339091
0.051191,1,0.011640
0.143197,1,0.091080
0.210551,0,0.393949
0.105675,1,0.193306
0.125899,1,0.125360
0.055014,1,0.030184
0.060152,1,0.064051
0.058343,1,0.004774
0.066030,1,0.019099
0.053194,1,0.015318
0.170454,1,0.307806
0.123143,1,0.119629
0.117377,1,0.267261
0.061394,1,0.030443
0.211632,0,0.423601
0.205114,0,0.459269
0.121175,1,0.085111
0.191779,1,0.401306
0.211383,0,0.401124
0.130938,1,0.094739
0.212725,0,0.361197
0.109062,1,0.099793
0.074275,1,0.047222
0.044584,1,0.007352
0.044084,1,0.008595
0.053706,1,0.009414
0.049808,1,0.008173
0.042913,1,0.003180
0.044482,1,0.000541
0.039057,1,0.008838
0.051633,1,0.004380
0.076271,1,0.023942
0.065881,1,0.004910
0.048950,1,0.006518
0.062457,1,0.001101
0.044950,1,0.021304
0.094333,1,0.015048
0.042815,1,0.015145
0.045306,1,0.009625
0.066020,1,0.019771
0.047035,1,0.021731
0.064635,1,0.011081
0.072522,1,0.015137
0.056246,1,0.000849
0.051534,1,0.000002
0.056913,1,0.013808
0.058178,1,0.013129
0.050061,1,0.001986
0.045459,1,0.000001
0.054452,1,0.010538
0.080809,1,0.014570
0.047623,1,0.008995
0.081649,1,0.009646
0.059126,1,0.004896
0.041083,1,0.014562
0.050807,1,0.007554
0.055590,1,0.001101
0.061682,1,0.008164
0.052788,1,0.006837
0.045541,1,0.000390
0.037043,1,0.000056
0.038616,1,0.014575
0.047816,1,0.005172
0.055495,1,0.003574
0.079200,1,0.016855
0.049903,1,0.009570
0.052888,1,0.002915
0.064956,1,0.000002
0.048887,1,0.008162
0.049384,1,0.008836
0.051730,1,0.003198
0.047077,1,0.007370
0.045406,1,0.004133
0.110427,1,0.086116
0.088140,1,0.401704
0.080539,1,0.151749
0.106175,1,0.005865
0.159417,1,0.080790
0.053264,1,0.016708
0.053101,1,0.010471
0.066297,1,0.095149
0.077291,1,0.092894
0.074395,1,0.433368
0.079740,1,0.163275
0.069319,1,0.041878
0.068315,1,0.020999
0.059578,1,0.012827
0.075516,1,0.030864
0.054462,1,0.023408
0.080507,1,0.019400
0.061614,1,0.021428
0.065293,1,0.196764
0.057443,1,0.019406
0.071218,1,0.042057
0.138363,1,0.120564
0.086978,1,0.044114
0.087826,1,0.199175
0.084858,1,0.004084
0.070886,1,0.289216
0.163368,1,0.172684
0.128771,1,0.045380
0.080121,1,0.050008
0.110158,1,0.040745
0.163635,1,0.084329
0.087720,1,0.142653
0.072643,1,0.098336
0.089275,1,0.065524
0.080172,1,0.212971
0.070635,1,0.021997
0.090850,1,0.175432
0.064473,1,0.095712
0.070288,1,0.040075
0.065075,1,0.003232
0.062696,1,0.032955
0.073171,1,0.006992
0.057421,1,0.027511
0.059693,1,0.019669
0.069495,1,0.011656
0.133313,1,0.066674
0.062653,1,0.099305
0.062726,1,0.022144
0.047751,1,0.006205
0.087726,1,0.244713
0.150763,1,0.285347
0.109739,1,0.023673
0.066307,1,0.001763
0.094611,1,0.050844
0.175204,1,0.171675
0.211743,0,0.241719
0.159247,1,0.170192
0.080332,1,0.044782
0.184465,1,0.199917
0.127350,1,0.045744
0.113479,1,0.265005
0.148779,1,0.089640
0.136349,1,0.209461
0.111120,1,0.095526
0.072501,1,0.185993
0.100208,1,0.030510
0.094023,1,0.022453
0.166502,1,0.144907
0.098502,1,0.032896
0.112598,1,0.037307
0.071588,1,0.010224
0.092625,1,0.020993
0.182190,1,0.182228
0.170062,1,0.150801
0.102450,1,0.047888
0.151935,1,0.075013
0.154544,1,0.113931
0.086355,1,0.007914
0.055607,1,0.010174
0.132064,1,0.131169
0.138678,1,0.123720
0.127362,1,0.140436
0.112029,1,0.048464
0.122107,1,0.086943
0.101266,1,0.062928
0.115435,1,0.081363
0.089696,1,0.051393
0.104874,1,0.133543
0.137953,1,0.158025
0.154205,1,0.176079
0.073803,1,0.026195
0.183840,1,0.199528
0.077952,1,0.021098
0.115349,1,0.074285
0.116214,1,0.044100
0.101437,1,0.009390
0.099989,1,0.034045
0.110611,1,0.088393
0.191816,1,0.107806
0.090350,1,0.067324
0.096325,1,0.118668
0.165631,1,0.571552
0.150542,1,0.314691
0.151877,1,0.615535
0.103793,1,0.095901
0.123608,1,0.234519
0.107354,1,0.219727
0.157698,1,0.208496
0.142231,1,0.285170
0.094666,1,0.023130
0.115840,1,0.329376
0.099093,1,0.235850
0.121262,1,0.262310
0.131161,1,0.243009
0.159723,1,0.561142
0.165975,1,0.615145
0.110428,1,0.285176
0.063322,1,0.126364
0.113851,1,0.295744
0.098203,1,0.315596
0.138564,1,0.314530
0.135919,1,0.562213
0.051972,1,0.033577
0.201637,0,0.321791
0.145889,1,0.325213
0.075653,1,0.023061
0.101372,1,0.046892
0.106539,1,0.202599
0.114529,1,0.236381
0.091625,1,0.052513
0.138361,1,0.519501
0.125355,1,0.307778
0.139269,1,0.518104
0.208060,0,0.609943
0.167655,1,0.202340
0.174839,1,0.303066
0.170121,1,0.310619
0.121147,1,0.293097
0.198166,1,0.603024
0.092004,1,0.202527
0.099799,1,0.038148
0.110550,1,0.223527
0.138164,1,0.356543
0.102881,1,0.329908
0.075579,1,0.024856
0.140086,1,0.281216
0.123263,1,0.288353
0.112828,1,0.173736
0.147452,1,0.091155
0.154376,1,0.330326
0.085149,1,0.012194
0.103639,1,0.030976
0.114444,1,0.136377
0.102863,1,0.051810
0.056650,1,0.003531
0.091527,1,0.117097
0.133939,1,0.213013
0.212234,0,0.187405
0.132084,1,0.150693
0.095134,1,0.020330
0.087624,1,0.050496
0.075396,1,0.020483
0.090159,1,0.097345
0.120164,1,0.120333
0.086728,1,0.047906
0.081673,1,0.021687
0.190076,1,0.046192
0.093442,1,0.003860
0.131751,1,0.047451
0.126279,1,0.011693
0.117794,1,0.104335
0.158968,1,0.154491
0.142196,1,0.180982
0.122896,1,0.043675
0.116404,1,0.173755
0.161177,1,0.106171
0.100719,1,0.072127
0.113405,1,0.097782
0.156447,1,0.033150
0.089328,1,0.097205
0.064769,1,0.019592
0.057477,1,0.016558
0.076785,1,0.010934
0.082353,1,0.099520
0.187068,1,0.277094
0.117924,1,0.090730
0.187068,1,0.277094
0.117763,1,0.075456
0.128107,1,0.019366
0.167707,1,0.074364
0.121876,1,0.138482
0.148182,1,0.143032
0.113324,1,0.033043
0.120298,1,0.242005
0.165711,1,0.185023
0.084066,1,0.074282
0.111129,1,0.117146
0.114287,1,0.023450
0.129629,1,0.041534
0.183413,1,0.043516
0.209412,0,0.281626
0.170299,1,0.255458
0.195619,1,0.350644
0.139184,1,0.393550
0.101764,1,0.111317
0.157611,1,0.289832
0.174543,1,0.014407
0.125008,1,0.231712
0.089222,1,0.134871
0.144888,1,0.492372
0.135490,1,0.364100
0.114352,1,0.201971
0.144850,1,0.071592
0.145810,1,0.368734
0.141957,1,0.243455
0.194770,1,0.316662
0.134326,1,0.232615
0.126446,1,0.098845
0.132494,1,0.380111
0.146413,1,0.435909
0.142999,1,0.351193
0.204802,0,0.226737
0.137492,1,0.310426
0.170062,1,0.297932
0.109940,1,0.099417
0.154374,1,0.153415
0.175964,1,0.480606
0.195473,1,0.657344
0.152100,1,0.121246
0.223929,0,0.689414
0.186387,1,0.187089
0.200646,0,0.130075
0.169335,1,0.180416
0.134318,1,0.251679
0.125433,1,0.253473
0.154321,1,0.096046
0.169215,1,0.721674
0.105398,1,0.059689
0.096932,1,0.149909
0.133307,1,0.197219
0.139740,1,0.461400
0.140920,1,0.078441
0.096926,1,0.035606
0.137602,1,0.193199
0.136698,1,0.439592
0.207684,0,0.281514
0.134566,1,0.487041
0.155844,1,0.412833
0.166428,1,0.727028
0.099705,1,0.127582
0.148289,1,0.225536
0.186539,1,0.385332
0.111354,1,0.061463
0.211702,0,0.360112
0.216609,0,0.197572
0.197379,1,0.088860
0.215892,0,0.126553
0.115080,1,0.013207
0.187345,1,0.376276
0.233603,0,0.379933
0.196078,1,0.092316
0.249573,0,0.202641
0.143873,1,0.042623
0.218393,0,0.252487
0.179516,1,0.346182
0.224876,0,0.161058
0.115131,1,0.026564
0.207143,0,0.379913
0.165122,1,0.098368
0.076575,1,0.039842
0.165819,1,0.302829
0.083323,1,0.226322
0.244237,0,0.469686
0.123185,1,0.055672
0.211006,0,0.342833
0.203909,0,0.342941
0.207119,0,0.351447
0.269998,0,0.308075
0.164658,1,0.330342
0.207721,0,0.431575
0.197073,1,0.229040
0.147257,1,0.304262
0.185780,1,0.361493
0.212495,0,0.391642
0.079366,1,0.082518
0.115586,1,0.082209
0.227847,0,0.433352
0.234493,0,0.254641
0.196749,1,0.146364
0.213048,0,0.402135
0.147257,1,0.304262
0.174383,1,0.155112
0.221840,0,0.111621
0.072495,1,0.196385
0.124199,1,0.056619
0.213048,0,0.402135
0.222057,0,0.257264
0.197875,1,0.307585
0.222918,0,0.252950
0.151699,1,0.079811
0.081507,1,0.299648
0.179994,1,0.332876
0.096838,1,0.106236
0.164929,1,0.411984
0.180848,1,0.478335
0.114491,1,0.075184
0.125003,1,0.214449
0.135526,1,0.290314
0.091547,1,0.156781
0.158048,1,0.327863
0.110702,1,0.165890
0.121537,1,0.247020
0.084242,1,0.211232
0.085847,1,0.161823
0.243389,0,0.364404
0.064113,1,0.112188
0.159215,1,0.303988
0.118647,1,0.325037
0.067787,1,0.045184
0.107656,1,0.225264
0.071463,1,0.119071
0.254084,0,0.491902
0.106508,1,0.131969
0.067128,1,0.175923
0.113921,1,0.092643
0.153119,1,0.385162
0.177838,1,0.396785
0.223395,0,0.318813
0.093992,1,0.050579
0.098950,1,0.110504
0.112981,1,0.247365
0.088507,1,0.140486
0.157811,1,0.321088
0.081901,1,0.138273
0.071472,1,0.089401
0.135348,1,0.304382
0.120646,1,0.116368
0.114462,1,0.163242
0.058655,1,0.014895
0.092892,1,0.038124
0.063580,1,0.108490
0.150087,1,0.188219
0.062256,1,0.099716
0.073236,1,0.275592
0.194072,1,0.530246
0.174963,1,0.388190
0.074141,1,0.006529
0.180887,1,0.201743
0.203703,0,0.229691
0.063273,1,0.002693
0.114363,1,0.114552
0.146129,1,0.187652
0.191669,1,0.266464
0.117742,1,0.059578
0.230307,0,0.388538
0.213610,0,0.230604
0.227727,0,0.372166
0.199495,1,0.263203
0.147513,1,0.156526
0.195132,1,0.149704
0.139424,1,0.332873
0.261059,0,0.509588
0.188728,1,0.184587
0.263159,0,0.421989
0.113242,1,0.121132
0.143514,1,0.228436
0.192177,1,0.423364
0.129014,1,0.106968
0.180635,1,0.211755
0.090829,1,0.071452
0.204675,0,0.145223
0.183709,1,0.257191
0.107700,1,0.150604
0.153935,1,0.078486
0.263852,0,0.419034
0.248944,0,0.415486
0.269622,0,0.380277
0.117312,1,0.198786
0.209432,0,0.340163
0.171795,1,0.375213
0.198769,1,0.281228
0.186260,1,0.236054
0.249765,0,0.504569
0.220662,0,0.267758
0.206914,0,0.438242
0.171961,1,0.159994
0.168939,1,0.134179
0.186321,1,0.246872
0.191578,1,0.312339
0.190038,1,0.307907
0.101399,1,0.114698
0.079215,1,0.013189
0.101102,1,0.027132
0.126668,1,0.258741
0.189459,1,0.348587
0.217977,0,0.263648
0.238053,0,0.435287
0.065448,1,0.012414
0.109815,1,0.053767
0.250005,0,0.348623
0.251024,0,0.381663
0.165309,1,0.165350
0.174749,1,0.120681
0.136818,1,0.069628
0.214313,0,0.525341
0.244857,0,0.241779
0.204225,0,0.110299
0.240065,0,0.306160
0.178476,1,0.218545
0.103253,1,0.170683
0.127449,1,0.070371
0.171664,1,0.213505
0.151290,1,0.178105
0.256066,0,0.488855
0.080993,1,0.007883
0.116479,1,0.063983
0.168162,1,0.151000
0.140709,1,0.193407
0.247648,0,0.464662
0.185374,1,0.291703
0.146585,1,0.166790
0.143156,1,0.143523
0.208211,0,0.254944
0.266754,0,0.477198
0.182456,1,0.230822
0.252575,0,0.468878
0.295060,0,0.500001
0.149338,1,0.153478
0.146406,1,0.050326
0.139080,1,0.165760
0.135365,1,0.184886
0.162018,1,0.128926
0.146108,1,0.169433
0.159177,1,0.124606
0.147251,1,0.165618
0.268451,0,0.514450
0.133979,1,0.075280
0.203248,0,0.425501
0.169378,1,0.206921
0.205597,0,0.608879
0.127041,1,0.000053
0.235230,0,0.563191
0.160994,1,0.141765
0.162410,1,0.268438
0.230322,0,0.609136
0.153697,1,0.141473
0.099522,1,0.030084
0.223545,0,0.584727
0.195855,1,0.164049
0.134165,1,0.203290
0.124172,1,0.097103
0.097778,1,0.028230
0.073143,1,0.022384
0.073859,1,0.116872
0.067576,1,0.072724
0.105650,1,0.017954
0.077905,1,0.017451
0.070230,1,0.061769
0.092962,1,0.070432
0.066948,1,0.039706
0.089458,1,0.001402
0.085691,1,0.024203
0.080146,1,0.227358
0.080300,1,0.007475
0.091123,1,0.257276
0.074535,1,0.123827
0.085832,1,0.030067
0.090755,1,0.037566
0.088743,1,0.033527
0.088667,1,0.027560
0.085229,1,0.005146
0.089340,1,0.018565
0.072366,1,0.033322
0.072717,1,0.000011
0.109857,1,0.116900
0.082001,1,0.009072
0.100802,1,0.066491
0.086179,1,0.152888
0.073209,1,0.017778
0.070405,1,0.001048
0.117350,1,0.239970
0.100138,1,0.204982
0.066595,1,0.084406
0.083630,1,0.006465
0.058280,1,0.004724
0.073413,1,0.176280
0.087810,1,0.013043
0.079317,1,0.018719
0.075895,1,0.010134
0.115418,1,0.006413
0.088770,1,0.213808
0.064531,1,0.015455
0.078138,1,0.085769
0.068098,1,0.000010
0.077723,1,0.000004
0.060364,1,0.104709
0.111762,1,0.015395
0.068695,1,0.001311
0.073475,1,0.041649
0.077148,1,0.008933
0.098879,1,0.095966
0.176219,1,0.451496
0.181282,1,0.376194
0.095669,1,0.133098
0.144305,1,0.446142
0.180314,1,0.437972
0.137407,1,0.191316
0.151594,1,0.481227
0.184684,1,0.450875
0.114071,1,0.092884
0.072880,1,0.031771
0.162816,1,0.397199
0.088298,1,0.208496
0.091929,1,0.064014
0.158874,1,0.477718
0.103922,1,0.176417
0.062413,1,0.053089
0.075366,1,0.016057
0.086158,1,0.145100
0.145939,1,0.315555
0.174328,1,0.451526
0.070176,1,0.034556
0.086302,1,0.032829
0.104568,1,0.106355
0.182391,1,0.315460
0.184145,1,0.339955
0.112523,1,0.182344
0.149316,1,0.329892
0.072492,1,0.042368
0.080709,1,0.037715
0.150255,1,0.316272
0.151978,1,0.320913
0.063687,1,0.014791
0.172705,1,0.396590
0.073415,1,0.012614
0.146483,1,0.315870
0.133132,1,0.385795
0.105949,1,0.059627
0.156059,1,0.491525
0.172233,1,0.501309
0.150835,1,0.465937
0.136136,1,0.276859
0.045912,1,0.000014
0.173058,1,0.452759
0.066691,1,0.159192
0.145939,1,0.315555
0.087761,1,0.107993
0.186833,1,0.491895
0.107844,1,0.080290
0.063687,1,0.014791
0.143387,1,0.036332
0.188205,1,0.283221
0.330754,0,0.228181
0.257782,0,0.273187
0.287152,0,0.248561
0.129339,1,0.084183
0.199154,1,0.415397
0.280105,0,0.244811
0.116762,1,0.048882
0.260175,0,0.205341
0.306063,0,0.246967
0.174661,1,0.177605
0.202947,0,0.134649
0.242635,0,0.309085
0.300441,0,0.262890
0.293855,0,0.276567
0.124220,1,0.128719
0.233728,0,0.401139
0.354301,0,0.270187
0.223085,0,0.343509
0.274556,0,0.218670
0.232479,0,0.194832
0.156193,1,0.126610
0.062492,1,0.003830
0.199447,1,0.195397
0.294314,0,0.228993
0.149453,1,0.178980
0.312867,0,0.254874
0.136857,1,0.081294
0.171604,1,0.119508
0.115349,1,0.105851
0.250564,0,0.312445
0.164122,1,0.119196
0.080850,1,0.047671
0.301754,0,0.257631
0.247874,0,0.278308
0.076858,1,0.001626
0.296515,0,0.289653
0.181780,1,0.210875
0.191017,1,0.191933
0.246188,0,0.341781
0.132859,1,0.110316
0.101519,1,0.044593
0.198399,1,0.199755
0.162176,1,0.152609
0.083095,1,0.028905
0.071018,1,0.010302
0.183141,1,0.286081
0.304498,0,0.313826
0.259332,0,0.189081
0.283683,0,0.421457
0.274970,0,0.247736
0.105262,1,0.014879
0.148532,1,0.082138
0.260642,0,0.238861
0.150851,1,0.053489
0.205055,0,0.138327
0.062319,1,0.007967
0.175280,1,0.137607
0.143174,1,0.101121
0.263203,0,0.532097
0.122554,1,0.080523
0.147483,1,0.062844
0.118272,1,0.054628
0.122887,1,0.050809
0.127272,1,0.380782
0.156400,1,0.084480
0.102881,1,0.062564
0.097120,1,0.004569
0.306122,0,0.365359
0.171165,1,0.126369
0.146612,1,0.083913
0.307971,0,0.303687
0.084588,1,0.003873
0.171230,1,0.073545
0.065891,1,0.040457
0.132696,1,0.072060
0.102595,1,0.029918
0.165407,1,0.093407
0.136587,1,0.142502
0.113166,1,0.259306
0.156059,1,0.093953
0.096939,1,0.045024
0.275354,0,0.419610
0.152334,1,0.093559
0.172608,1,0.064178
0.158636,1,0.062377
0.195855,1,0.108383
0.091046,1,0.024917
0.167526,1,0.078359
0.251462,0,0.167564
0.289847,0,0.240946
0.103305,1,0.182584
0.084637,1,0.041453
0.312505,0,0.361842
0.138524,1,0.063526
0.240376,0,0.506487
0.162119,1,0.105768
0.165550,1,0.103508
0.105722,1,0.192379
0.072553,1,0.011894
0.051217,1,0.006590
0.071865,1,0.014705
0.096073,1,0.288676
0.070571,1,0.060705
0.072696,1,0.252856
0.063921,1,0.142082
0.060219,1,0.129043
0.075871,1,0.103002
0.051436,1,0.031638
0.050481,1,0.015943
0.071722,1,0.110264
0.074955,1,0.151455
0.079586,1,0.166259
0.076459,1,0.088423
0.055674,1,0.000659
0.060917,1,0.009067
0.061911,1,0.152211
0.072153,1,0.005904
0.069279,1,0.005120
0.066833,1,0.028030
0.073814,1,0.025498
0.058378,1,0.016569
0.057441,1,0.005361
0.065643,1,0.083111
0.061666,1,0.164531
0.073001,1,0.193542
0.053697,1,0.090558
0.085526,1,0.029762
0.095629,1,0.221282
0.075666,1,0.084354
0.108254,1,0.146787
0.056971,1,0.051558
0.085822,1,0.090567
0.055575,1,0.004007
0.096175,1,0.294441
0.110435,1,0.254408
0.078771,1,0.045812
0.099834,1,0.169113
0.078932,1,0.109614
0.100151,1,0.203250
0.060284,1,0.033178
0.084650,1,0.201853
0.062723,1,0.030611
0.053076,1,0.018468
0.073912,1,0.229478
0.104138,1,0.082455
0.073395,1,0.006498
0.087837,1,0.079603
0.067639,1,0.086111
0.149687,1,0.117553
0.088323,1,0.017728
0.295366,0,0.202283
0.278173,0,0.194373
0.237931,0,0.223841
0.172276,1,0.195222
0.203207,0,0.123224
0.237567,0,0.178976
0.146078,1,0.106068
0.243605,0,0.208392
0.121762,1,0.074219
0.275500,0,0.212520
0.210457,0,0.215968
0.128936,1,0.040517
0.227707,0,0.255872
0.158200,1,0.148939
0.329278,0,0.290647
0.130630,1,0.085936
0.279190,0,0.220818
0.176962,1,0.212722
0.127817,1,0.080905
0.197635,1,0.104283
0.316111,0,0.257099
0.255710,0,0.190318
0.250435,0,0.223211
0.227544,0,0.169505
0.208298,0,0.207858
0.231096,0,0.194952
0.062162,1,0.066392
0.109005,1,0.092142
0.121143,1,0.059194
0.120448,1,0.031358
0.085571,1,0.018372
0.255597,0,0.189790
0.272789,0,0.263506
0.222631,0,0.279493
0.236792,0,0.153587
0.200501,0,0.124813
0.186373,1,0.100139
0.090129,1,0.003326
0.228552,0,0.217152
0.269667,0,0.222269
0.064547,1,0.016209
0.051545,1,0.008469
0.236033,0,0.340227
0.230321,0,0.161195
0.234704,0,0.252301
0.165512,1,0.056862
0.273760,0,0.260625
0.108553,1,0.093956
0.189462,1,0.334911
0.090718,1,0.253651
0.204290,0,0.424518
0.076979,1,0.078064
0.048823,1,0.022058
0.253074,0,0.428079
0.192293,1,0.775783
0.062161,1,0.465390
0.140860,1,0.080938
0.097044,1,0.289710
0.180140,1,0.177617
0.068883,1,0.443899
0.106683,1,0.343639
0.103976,1,0.634316
0.256160,0,0.399438
0.206553,0,0.493086
0.120406,1,0.119277
0.130084,1,0.468156
0.131899,1,0.168101
0.117160,1,0.296991
0.098046,1,0.102802
0.109176,1,0.651446
0.105942,1,0.661383
0.061629,1,0.038510
0.112433,1,0.542489
0.094785,1,0.474628
0.066604,1,0.600431
0.061401,1,0.065255
0.097987,1,0.078011
0.107235,1,0.361877
0.146463,1,0.222711
0.124954,1,0.153484
0.071153,1,0.610129
0.084832,1,0.488182
0.096332,1,0.194801
0.076459,1,0.286536
0.096534,1,0.319261
0.091861,1,0.155407
0.094701,1,0.210509
0.079972,1,0.222894
0.077462,1,0.606383
0.087836,1,0.391567
0.096261,1,0.063998
0.064186,1,0.410763
0.087955,1,0.153316
0.118760,1,0.286212
0.248638,0,0.567910
0.079378,1,0.042221
0.053832,1,0.213040
0.087770,1,0.167525
0.291726,0,0.369470
0.260379,0,0.214371
0.270652,0,0.252069
0.243561,0,0.235225
0.199920,1,0.289490
0.143365,1,0.129750
0.147377,1,0.108824
0.224831,0,0.174128
0.251091,0,0.257004
0.141745,1,0.165365
0.175829,1,0.281158
0.168845,1,0.199076
0.317979,0,0.380264
0.142670,1,0.221269
0.248673,0,0.205114
0.232886,0,0.243219
0.317314,0,0.356889
0.182228,1,0.269072
0.186863,1,0.167469
0.234029,0,0.159004
0.257070,0,0.344693
0.182781,1,0.301055
0.128482,1,0.130733
0.133357,1,0.098101
0.190124,1,0.166030
0.324460,0,0.332104
0.140313,1,0.078521
0.230442,0,0.299940
0.311291,0,0.334352
0.211626,0,0.136066
0.279934,0,0.218894
0.102856,1,0.177978
0.209509,0,0.204911
0.319580,0,0.373875
0.306234,0,0.328405
0.294852,0,0.385059
0.128341,1,0.041116
0.127925,1,0.104450
0.227273,0,0.183260
0.334567,0,0.415265
0.200631,0,0.307217
0.219929,0,0.199640
0.209150,0,0.172935
0.226569,0,0.234139
0.171620,1,0.166964
0.250689,0,0.212940
0.136001,1,0.076235
0.177723,1,0.169073
0.177723,1,0.169073
0.323459,0,0.316887
0.263839,0,0.207908
0.195934,1,0.201498
0.086988,1,0.117397
0.144354,1,0.371086
0.117528,1,0.240919
0.189852,1,0.171163
0.139915,1,0.091320
0.085992,1,0.036354
0.140700,1,0.184460
0.074744,1,0.021559
0.112590,1,0.449567
0.139750,1,0.154352
0.099126,1,0.005442
0.188537,1,0.277377
0.174245,1,0.189384
0.151795,1,0.316870
0.106025,1,0.109415
0.111775,1,0.228271
0.075816,1,0.047490
0.113689,1,0.083839
0.103951,1,0.082624
0.116855,1,0.116070
0.176084,1,0.078928
0.126356,1,0.453663
0.127130,1,0.047322
0.121345,1,0.110774
0.134725,1,0.138764
0.097556,1,0.017655
0.042684,1,0.008608
0.091373,1,0.002103
0.156828,1,0.198194
0.143312,1,0.299376
0.189852,1,0.171163
0.128498,1,0.185198
0.118313,1,0.221782
0.149508,1,0.081486
0.162275,1,0.459657
0.097260,1,0.110979
0.202699,0,0.068932
0.158121,1,0.175377
0.105047,1,0.167728
0.180782,1,0.154028
0.120715,1,0.165334
0.104148,1,0.098388
0.062473,1,0.110573
0.129407,1,0.062746
0.142511,1,0.161743
0.133541,1,0.052226
0.129407,1,0.062746
0.126357,1,0.467941
0.302352,0,0.291744
0.227495,0,0.138877
0.269019,0,0.206133
0.339465,0,0.531532
0.270375,0,0.165162
0.267800,0,0.089914
0.251644,0,0.304792
0.301894,0,0.275940
0.289735,0,0.207115
0.260485,0,0.301532
0.108964,1,0.064801
0.190418,1,0.114815
0.372918,0,0.295621
0.090313,1,0.004353
0.253923,0,0.197539
0.276444,0,0.239615
0.367975,0,0.234708
0.191007,1,0.031656
0.217195,0,0.221781
0.321661,0,0.260647
0.156324,1,0.093764
0.372918,0,0.295621
0.359901,0,0.282016
0.311690,0,0.242659
0.205084,0,0.085304
0.087108,1,0.006344
0.322155,0,0.533248
0.242815,0,0.209370
0.261913,0,0.086936
0.272399,0,0.357542
0.288273,0,0.295402
0.293022,0,0.410257
0.294996,0,0.280809
0.214616,0,0.215275
0.222364,0,0.324976
0.173894,1,0.195647
0.107607,1,0.052934
0.313752,0,0.242721
0.107663,1,0.070625
0.137127,1,0.057995
0.267857,0,0.361262
0.318256,0,0.327416
0.320613,0,0.164646
0.124967,1,0.053309
0.207018,0,0.137842
0.141180,1,0.069921
0.290253,0,0.187083
0.172123,1,0.025627
0.376145,0,0.286559
0.316070,0,0.195784
0.064887,1,0.049353
0.073192,1,0.183642
0.057051,1,0.078040
0.097676,1,0.088012
0.080247,1,0.089551
0.065632,1,0.227356
0.066913,1,0.020068
0.149381,1,0.293691
0.063983,1,0.282628
0.071857,1,0.046683
0.072881,1,0.068493
0.068313,1,0.266304
0.204883,0,0.349005
0.102428,1,0.195719
0.082815,1,0.170613
0.066492,1,0.176267
0.112204,1,0.018964
0.095477,1,0.172880
0.074456,1,0.212740
0.100192,1,0.300369
0.122223,1,0.238190
0.122666,1,0.253190
0.089420,1,0.204462
0.086545,1,0.074552
0.072804,1,0.077631
0.077159,1,0.014933
0.057809,1,0.039900
0.158467,1,0.301403
0.075759,1,0.185588
0.075219,1,0.197734
0.073837,1,0.167962
0.094012,1,0.101923
0.091370,1,0.204817
0.199844,1,0.293851
0.058590,1,0.011569
0.087547,1,0.156554
0.078293,1,0.190545
0.103561,1,0.307041
0.154385,1,0.280228
0.071531,1,0.153981
0.076647,1,0.185451
0.074225,1,0.190220
0.099717,1,0.244212
0.091255,1,0.238357
0.146386,1,0.210860
0.083904,1,0.229083
0.105267,1,0.093435
0.071383,1,0.075746
0.091296,1,0.185823
0.085853,1,0.301347
0.088605,1,0.155429
0.103212,1,0.021644
0.094280,1,0.042111
0.152558,1,0.109151
0.112606,1,0.153270
0.087057,1,0.019959
0.292055,0,0.055051
0.142331,1,0.089752
0.100193,1,0.096857
0.129852,1,0.093156
0.111932,1,0.144682
0.117984,1,0.103638
0.102935,1,0.038288
0.166477,1,0.333892
0.084054,1,0.013652
0.109959,1,0.024396
0.128472,1,0.156389
0.143323,1,0.319336
0.096536,1,0.021259
0.163999,1,0.358983
0.098490,1,0.016714
0.301325,0,0.031801
0.105170,1,0.086209
0.111932,1,0.144682
0.116524,1,0.132357
0.152063,1,0.353327
0.136207,1,0.089842
0.115729,1,0.079054
0.085645,1,0.088167
0.114664,1,0.011524
0.100173,1,0.023795
0.166477,1,0.333892
0.173028,1,0.281047
0.145973,1,0.183992
0.078203,1,0.007379
0.091726,1,0.052237
0.110831,1,0.008735
0.120921,1,0.023689
0.167003,1,0.341977
0.105784,1,0.068485
0.102466,1,0.022204
0.314421,0,0.019708
0.108338,1,0.022967
0.121391,1,0.165403
0.166191,1,0.211015
0.108031,1,0.021026
0.120921,1,0.023689
0.110358,1,0.050767
0.117694,1,0.015177
0.112036,1,0.144740
0.358170,0,0.310275
0.139940,1,0.152559
0.217865,0,0.184525
0.121810,1,0.168153
0.173670,1,0.363102
0.302473,0,0.081047
0.329598,0,0.275953
0.179877,1,0.367935
0.136798,1,0.113488
0.267506,0,0.297263
0.293851,0,0.261420
0.179924,1,0.318384
0.250425,0,0.259459
0.378006,0,0.323417
0.264469,0,0.139105
0.306289,0,0.163877
0.326894,0,0.304840
0.083870,1,0.053801
0.135053,1,0.038764
0.079753,1,0.024892
0.370637,0,0.275911
0.179750,1,0.049270
0.270395,0,0.104653
0.378666,0,0.335500
0.378666,0,0.335500
0.339111,0,0.118384
0.263379,0,0.251892
0.269992,0,0.088003
0.369663,0,0.238481
0.098751,1,0.033788
0.216896,0,0.167014
0.115133,1,0.178350
0.266706,0,0.089527
0.172116,1,0.256316
0.104210,1,0.023729
0.294224,0,0.100879
0.175891,1,0.389591
0.258267,0,0.201199
0.277617,0,0.263271
0.164401,1,0.135284
0.317342,0,0.163004
0.305995,0,0.134921
0.261501,0,0.234306
0.257049,0,0.146588
0.292572,0,0.258110
0.194594,1,0.152714
0.262702,0,0.094712
0.135059,1,0.097969
0.239803,0,0.132851
0.343765,0,0.252783
0.043909,1,0.011274
0.049709,1,0.078705
0.126261,1,0.045648
0.115852,1,0.135919
0.091183,1,0.192798
0.113874,1,0.186977
0.081765,1,0.125606
0.092618,1,0.119925
0.105457,1,0.096790
0.101523,1,0.158555
0.131578,1,0.532038
0.086824,1,0.014546
0.131578,1,0.532038
0.154341,1,0.290616
0.093583,1,0.052498
0.113902,1,0.249098
0.088927,1,0.062947
0.066258,1,0.180844
0.072566,1,0.041951
0.065718,1,0.047444
0.130661,1,0.172643
0.060430,1,0.019906
0.119644,1,0.311424
0.113195,1,0.284211
0.061800,1,0.015226
0.106084,1,0.139093
0.085091,1,0.097297
0.069224,1,0.044357
0.059277,1,0.005971
0.081174,1,0.081534
0.082940,1,0.002860
0.094791,1,0.150697
0.122329,1,0.173004
0.099677,1,0.122586
0.101654,1,0.091603
0.131672,1,0.312822
0.104979,1,0.045074
0.079713,1,0.078809
0.073399,1,0.005589
0.081036,1,0.198469
0.092977,1,0.082614
0.091605,1,0.041982
0.055923,1,0.261671
0.076823,1,0.032178
0.156617,1,0.335675
0.066781,1,0.022219
0.141482,1,0.167055
0.047218,1,0.052267
0.081062,1,0.025298
0.089573,1,0.067085
0.176997,1,0.017950
0.228710,0,0.279326
0.113897,1,0.026989
0.119391,1,0.031693
0.184985,1,0.330348
0.134239,1,0.056224
0.096219,1,0.021566
0.161605,1,0.065636
0.108793,1,0.080129
0.140102,1,0.041696
0.125201,1,0.045649
0.106803,1,0.026501
0.078109,1,0.051190
0.188821,1,0.106287
0.104313,1,0.046973
0.093985,1,0.040115
0.136647,1,0.158151
0.202200,0,0.317274
0.160677,1,0.138146
0.105539,1,0.021850
0.183191,1,0.319940
0.188871,1,0.236377
0.200058,0,0.174851
0.171518,1,0.309300
0.141450,1,0.033800
0.171838,1,0.240090
0.069621,1,0.013029
0.161426,1,0.045991
0.135782,1,0.087293
0.086461,1,0.014903
0.119850,1,0.067673
0.162707,1,0.246068
0.146561,1,0.204962
0.124655,1,0.102275
0.173723,1,0.326410
0.131160,1,0.178871
0.233989,0,0.170552
0.100174,1,0.024653
0.158022,1,0.064895
0.159296,1,0.068294
0.059772,1,0.009023
0.170984,1,0.252260
0.106789,1,0.065510
0.068561,1,0.012035
0.179405,1,0.203770
0.186607,1,0.371659
0.188030,1,0.341384
0.113930,1,0.054026
0.080315,1,0.041647
0.268806,0,0.375804
0.092286,1,0.299362
0.080021,1,0.077609
0.079472,1,0.277466
0.051585,1,0.044600
0.100341,1,0.121434
0.093324,1,0.280457
0.055966,1,0.224170
0.088925,1,0.376549
0.132409,1,0.234021
0.090991,1,0.367499
0.060428,1,0.269860
0.086547,1,0.282534
0.087725,1,0.015353
0.075870,1,0.293305
0.061767,1,0.130092
0.085197,1,0.051403
0.072722,1,0.127282
0.100865,1,0.067447
0.104687,1,0.051753
0.105316,1,0.269105
0.080707,1,0.215097
0.126762,1,0.336149
0.079674,1,0.063569
0.096034,1,0.146328
0.061767,1,0.130092
0.092097,1,0.290803
0.078929,1,0.317584
0.087194,1,0.118881
0.082295,1,0.148863
0.094474,1,0.179536
0.075768,1,0.279825
0.100928,1,0.298500
0.084193,1,0.104235
0.062959,1,0.018195
0.056144,1,0.221515
0.097099,1,0.032989
0.098517,1,0.228810
0.067784,1,0.252101
0.077421,1,0.079209
0.080859,1,0.096011
0.081086,1,0.079971
0.077232,1,0.094749
0.082780,1,0.043698
0.062944,1,0.289358
0.091440,1,0.028992
0.050842,1,0.118827
0.087159,1,0.068242
0.070791,1,0.227561
0.092743,1,0.050620
0.079265,1,0.138693
0.059976,1,0.049318
0.079291,1,0.424029
0.069512,1,0.204531
0.063222,1,0.173438
0.060626,1,0.030440
0.079032,1,0.144733
0.066116,1,0.467370
0.054550,1,0.220979
0.079020,1,0.175390
0.072045,1,0.467086
0.061294,1,0.296681
0.060706,1,0.019710
0.063181,1,0.348090
0.063234,1,0.222659
0.060680,1,0.134002
0.065538,1,0.080510
0.075877,1,0.054997
0.100873,1,0.126882
0.066948,1,0.071298
0.067164,1,0.034944
0.058970,1,0.217023
0.065628,1,0.193553
0.082798,1,0.165585
0.098362,1,0.380773
0.066078,1,0.246490
0.058469,1,0.011214
0.080943,1,0.209527
0.070130,1,0.178989
0.073708,1,0.169677
0.068130,1,0.229144
0.064741,1,0.212212
0.076122,1,0.252432
0.059976,1,0.049318
0.060035,1,0.429380
0.081905,1,0.245497
0.062383,1,0.135622
0.069882,1,0.042253
0.066857,1,0.016026
0.055214,1,0.034662
0.086711,1,0.088293
0.071969,1,0.125623
0.077710,1,0.460636
0.074572,1,0.201945
0.084967,1,0.202475
0.060160,1,0.156907
0.064836,1,0.137280
0.059118,1,0.035147
0.072152,1,0.445403
0.063703,1,0.016406
0.071425,1,0.430532
0.151909,1,0.455599
0.130220,1,0.156451
0.140847,1,0.443718
0.096581,1,0.125297
0.110378,1,0.254164
0.103619,1,0.081038
0.081117,1,0.109452
0.102676,1,0.100670
0.074248,1,0.044666
0.092952,1,0.178803
0.152017,1,0.409382
0.075703,1,0.044467
0.058905,1,0.030768
0.092628,1,0.097090
0.150472,1,0.454033
0.108390,1,0.105636
0.150363,1,0.404730
0.103000,1,0.066428
0.102037,1,0.121376
0.129728,1,0.292630
0.134490,1,0.443720
0.079862,1,0.089478
0.167150,1,0.455706
0.120973,1,0.125285
0.075680,1,0.070664
0.159451,1,0.339616
0.092951,1,0.053752
0.101185,1,0.198565
0.129708,1,0.391394
0.146694,1,0.189243
0.051153,1,0.000011
0.178580,1,0.451137
0.088906,1,0.107242
0.134049,1,0.430050
0.114455,1,0.220506
0.110521,1,0.145238
0.103101,1,0.207838
0.179729,1,0.162357
0.090856,1,0.112147
0.104324,1,0.427427
0.142826,1,0.061492
0.096421,1,0.159873
0.104441,1,0.292035
0.148947,1,0.201913
0.102864,1,0.160145
0.117226,1,0.114234
0.182149,1,0.451137
0.088824,1,0.134825
0.167150,1,0.455706
0.111650,1,0.159871
0.237855,0,0.463201
0.162272,1,0.230497
0.157499,1,0.182513
0.186821,1,0.093063
0.269134,0,0.430633
0.137152,1,0.150694
0.115403,1,0.137451
0.135362,1,0.234245
0.135860,1,0.124713
0.149208,1,0.153489
0.142617,1,0.142841
0.147407,1,0.087894
0.224458,0,0.276283
0.108011,1,0.058488
0.138915,1,0.243095
0.109201,1,0.034272
0.146168,1,0.115260
0.163179,1,0.255198
0.292410,0,0.203372
0.203023,0,0.306209
0.150579,1,0.165424
0.168242,1,0.174284
0.155082,1,0.211876
0.096542,1,0.053955
0.238550,0,0.064567
0.129687,1,0.127701
0.207607,0,0.120609
0.209122,0,0.254252
0.216869,0,0.286504
0.272721,0,0.363652
0.159448,1,0.158516
0.226031,0,0.299647
0.173476,1,0.187129
0.160923,1,0.109523
0.111188,1,0.041212
0.190117,1,0.249367
0.186810,1,0.260668
0.115096,1,0.054530
0.180889,1,0.272550
0.147978,1,0.184952
0.231041,0,0.447477
0.172232,1,0.303996
0.193659,1,0.241105
0.195863,1,0.284993
0.195043,1,0.206010
0.194048,1,0.265957
0.160336,1,0.143128
0.177767,1,0.232976
0.117338,1,0.086680
0.188462,1,0.170227
0.143520,1,0.166427
0.146377,1,0.445533
0.116020,1,0.226170
0.103259,1,0.158572
0.131544,1,0.317091
0.154783,1,0.462269
0.114311,1,0.229560
0.146622,1,0.369823
0.059014,1,0.033325
0.125909,1,0.099565
0.072454,1,0.033141
0.235420,0,0.370316
0.187812,1,0.378191
0.099152,1,0.189160
0.118505,1,0.357356
0.112178,1,0.109720
0.212213,0,0.266358
0.067765,1,0.052062
0.125524,1,0.151761
0.214992,0,0.116085
0.096079,1,0.043888
0.107428,1,0.091621
0.125878,1,0.300511
0.157868,1,0.283478
0.078825,1,0.025106
0.137534,1,0.424387
0.146821,1,0.343893
0.114188,1,0.088737
0.097350,1,0.072228
0.171109,1,0.235279
0.169713,1,0.332014
0.117846,1,0.407810
0.234909,0,0.352196
0.223076,0,0.373944
0.246006,0,0.228210
0.122985,1,0.374357
0.131080,1,0.226553
0.154083,1,0.375908
0.177020,1,0.376039
0.132772,1,0.097301
0.161884,1,0.177600
0.240387,0,0.203320
0.137843,1,0.421699
0.214263,0,0.363733
0.120733,1,0.386309
0.153073,1,0.431872
0.231640,0,0.369326
0.121889,1,0.203408
0.099171,1,0.106331
0.107369,1,0.369898
0.158264,1,0.216675
0.219769,0,0.316608
0.104714,1,0.119406
0.141092,1,0.204451
0.073314,1,0.008929
0.106360,1,0.135134
0.166160,1,0.291429
0.196165,1,0.334889
0.075240,1,0.011075
0.133093,1,0.226274
0.136831,1,0.233778
0.261022,0,0.226420
0.123400,1,0.102721
0.250270,0,0.176499
0.159335,1,0.217408
0.125215,1,0.183480
0.121680,1,0.057518
0.142204,1,0.117907
0.210620,0,0.072496
0.201040,0,0.335090
0.113391,1,0.086652
0.226695,0,0.251000
0.233611,0,0.336195
0.092282,1,0.034258
0.144654,1,0.236965
0.145022,1,0.192223
0.161580,1,0.005964
0.207069,0,0.314228
0.150624,1,0.076264
0.195982,1,0.333571
0.067843,1,0.029246
0.157290,1,0.191472
0.170130,1,0.141925
0.187576,1,0.334785
0.158515,1,0.061908
0.203797,0,0.325991
0.172621,1,0.319923
0.082685,1,0.011023
0.208624,0,0.057643
0.175305,1,0.106406
0.173038,1,0.290672
0.195282,1,0.006660
0.104086,1,0.000310
0.216344,0,0.315889
0.148468,1,0.042489
0.185314,1,0.165594
0.166903,1,0.223007
0.139168,1,0.108431
0.234375,0,0.320356
0.054160,1,0.003520
0.231662,0,0.239782
0.259827,0,0.163267
0.289323,0,0.361130
0.108779,1,0.008367
0.138215,1,0.104683
0.137747,1,0.034744
0.171800,1,0.104683
0.247351,0,0.263937
0.273358,0,0.217011
0.274119,0,0.194728
0.090020,1,0.027094
0.188061,1,0.190311
0.232722,0,0.344627
0.091909,1,0.019587
0.200228,0,0.238226
0.199498,1,0.198895
0.172658,1,0.304367
0.295479,0,0.356183
0.304417,0,0.219382
0.207855,0,0.238192
0.210156,0,0.163741
0.284927,0,0.344374
0.260832,0,0.292952
0.238439,0,0.231872
0.289323,0,0.361130
0.152019,1,0.130522
0.242082,0,0.202387
0.144789,1,0.116426
0.190116,1,0.096145
0.228208,0,0.186829
0.176325,1,0.145044
0.214832,0,0.149037
0.168665,1,0.124401
0.219350,0,0.138638
0.198044,1,0.273771
0.267441,0,0.412473
0.178778,1,0.103073
0.245181,0,0.240632
0.161614,1,0.098753
0.239638,0,0.293962
0.194347,1,0.245224
0.259942,0,0.258898
0.263308,0,0.238525
0.282952,0,0.364182
0.272415,0,0.401251
0.194212,1,0.244624
0.319391,0,0.434910
0.222839,0,0.254612
0.192542,1,0.214217
0.275701,0,0.350683
0.071785,1,0.053592
0.068245,1,0.116624
0.069368,1,0.050552
0.067339,1,0.071664
0.064943,1,0.057356
0.067896,1,0.033685
0.090352,1,0.387307
0.057299,1,0.015735
0.069125,1,0.213108
0.054887,1,0.046310
0.052418,1,0.237337
0.083340,1,0.069625
0.082051,1,0.213915
0.079427,1,0.106950
0.102898,1,0.156963
0.043588,1,0.024227
0.088097,1,0.046750
0.068494,1,0.123168
0.050261,1,0.063656
0.062135,1,0.026526
0.058558,1,0.095337
0.094520,1,0.105894
0.088647,1,0.076511
0.082651,1,0.166599
0.062576,1,0.131566
0.075316,1,0.080305
0.078376,1,0.283446
0.086571,1,0.333268
0.073980,1,0.122952
0.072685,1,0.115059
0.097474,1,0.248687
0.075000,1,0.140901
0.078899,1,0.086245
0.098647,1,0.132886
0.091284,1,0.128766
0.074848,1,0.061306
0.083648,1,0.060145
0.076240,1,0.060822
0.081316,1,0.020128
0.117112,1,0.087519
0.081795,1,0.066961
0.089008,1,0.072171
0.070816,1,0.092913
0.094469,1,0.226712
0.105184,1,0.200948
0.090099,1,0.171872
0.115337,1,0.213032
0.070951,1,0.131937
0.050125,1,0.042543
0.080554,1,0.094251
0.200952,0,0.252624
0.155938,1,0.195915
0.163045,1,0.074651
0.235744,0,0.367889
0.270098,0,0.432790
0.069533,1,0.076575
0.061971,1,0.001033
0.282986,0,0.339366
0.141715,1,0.070723
0.264514,0,0.433873
0.214217,0,0.252507
0.186854,1,0.182218
0.190414,1,0.145205
0.121937,1,0.031592
0.266544,0,0.471788
0.120252,1,0.076946
0.213054,0,0.192133
0.152758,1,0.166437
0.205469,0,0.252378
0.155923,1,0.154949
0.045485,1,0.008232
0.215399,0,0.165389
0.164705,1,0.134945
0.187078,1,0.273560
0.177411,1,0.128167
0.160861,1,0.165303
0.201685,0,0.239291
0.192922,1,0.238398
0.172409,1,0.194111
0.131339,1,0.019346
0.183521,1,0.244845
0.119568,1,0.019875
0.186058,1,0.248294
0.139594,1,0.088250
0.207059,0,0.224700
0.120252,1,0.076946
0.200047,0,0.257035
0.202906,0,0.261653
0.264514,0,0.433873
0.175562,1,0.206405
0.186537,1,0.260710
0.179204,1,0.075314
0.169720,1,0.191714
0.083526,1,0.153045
0.239625,0,0.325841
0.237808,0,0.275517
0.259060,0,0.518541
0.164427,1,0.154208
0.145597,1,0.076209
0.077139,1,0.036167
0.144231,1,0.557258
0.130111,1,0.332578
0.151779,1,0.152251
0.117089,1,0.483323
0.123368,1,0.328627
0.129623,1,0.344366
0.141848,1,0.291736
0.070301,1,0.391027
0.117089,1,0.483323
0.096279,1,0.540287
0.133128,1,0.644078
0.125051,1,0.067168
0.129616,1,0.312674
0.122061,1,0.308197
0.119811,1,0.517686
0.085950,1,0.074910
0.150821,1,0.602662
0.123697,1,0.488991
0.106038,1,0.109452
0.137163,1,0.653051
0.079528,1,0.028023
0.112964,1,0.158332
0.185187,1,0.326513
0.126411,1,0.130387
0.142677,1,0.328942
0.131023,1,0.545692
0.163106,1,0.315519
0.118034,1,0.237568
0.171669,1,0.383230
0.153901,1,0.388937
0.183726,1,0.325953
0.152166,1,0.198274
0.135523,1,0.324183
0.131067,1,0.653053
0.124664,1,0.460720
0.121493,1,0.226123
0.149508,1,0.663007
0.117083,1,0.130035
0.116171,1,0.170942
0.111431,1,0.096529
0.141224,1,0.581567
0.144343,1,0.294937
0.126893,1,0.336837
0.115708,1,0.213154
0.114810,1,0.253856
0.151291,1,0.311189
0.121584,1,0.210045
0.127472,1,0.669062
0.129219,1,0.663005
0.145552,1,0.274142
0.135086,1,0.167739
0.069109,1,0.091933
0.060933,1,0.017660
0.060907,1,0.049956
0.160712,1,0.398751
0.108381,1,0.090958
0.046727,1,0.080598
0.046319,1,0.318680
0.060339,1,0.033063
0.142465,1,0.214024
0.080089,1,0.082296
0.165538,1,0.136012
0.056521,1,0.073454
0.089259,1,0.182400
0.135549,1,0.310391
0.139496,1,0.132988
0.057186,1,0.159611
0.170554,1,0.339572
0.077363,1,0.258893
0.107999,1,0.024257
0.092937,1,0.075423
0.068032,1,0.014816
0.061467,1,0.052947
0.174696,1,0.360926
0.180629,1,0.265079
0.047478,1,0.013840
0.173884,1,0.292515
0.143315,1,0.213897
0.176469,1,0.174228
0.149907,1,0.179096
0.107473,1,0.055421
0.081576,1,0.052503
0.156750,1,0.159357
0.078552,1,0.132229
0.180455,1,0.193965
0.190644,1,0.382257
0.054100,1,0.012412
0.068056,1,0.043685
0.051836,1,0.002686
0.057233,1,0.009254
0.067716,1,0.018278
0.147478,1,0.127413
0.140925,1,0.212085
0.145907,1,0.130332
0.101628,1,0.045259
0.214039,0,0.185900
0.078821,1,0.030122
0.152914,1,0.081564
0.150197,1,0.307007
0.075856,1,0.125426
0.145900,1,0.414447
0.171613,1,0.094031
0.180108,1,0.029033
0.160611,1,0.037391
0.159868,1,0.084380
0.151022,1,0.074226
0.199949,1,0.339200
0.134962,1,0.022049
0.205130,0,0.117182
0.127666,1,0.357646
0.181228,1,0.072149
0.175376,1,0.289734
0.137680,1,0.401739
0.121689,1,0.094891
0.210885,0,0.272306
0.153808,1,0.080057
0.170489,1,0.369011
0.180306,1,0.064649
0.151100,1,0.031647
0.170489,1,0.369011
0.094578,1,0.230586
0.156793,1,0.032528
0.206352,0,0.282739
0.173224,1,0.063016
0.155436,1,0.045174
0.149850,1,0.020085
0.159470,1,0.340011
0.151560,1,0.021669
0.079303,1,0.051175
0.139591,1,0.393425
0.173862,1,0.375166
0.177179,1,0.325325
0.163997,1,0.028410
0.157882,1,0.033028
0.198132,1,0.318693
0.180209,1,0.144558
0.195933,1,0.374222
0.168330,1,0.041050
0.079454,1,0.229673
0.177587,1,0.372330
0.141159,1,0.048789
0.211327,0,0.411293
0.173084,1,0.090635
0.096989,1,0.054210
0.172137,1,0.185542
0.165642,1,0.303174
0.165843,1,0.067018
0.153422,1,0.119201
0.178993,1,0.346690
0.140294,1,0.303926
0.101091,1,0.153319
0.101268,1,0.035468
0.048295,1,0.024023
0.108878,1,0.359851
0.067861,1,0.029973
0.096243,1,0.111212
0.091905,1,0.301716
0.066234,1,0.008083
0.099842,1,0.370176
0.072895,1,0.042401
0.121246,1,0.295921
0.084704,1,0.047168
0.103987,1,0.316832
0.093701,1,0.113604
0.085335,1,0.150551
0.076241,1,0.303691
0.081785,1,0.109551
0.072532,1,0.095817
0.081112,1,0.096206
0.086990,1,0.149741
0.074721,1,0.051009
0.092325,1,0.096543
0.103332,1,0.364829
0.102084,1,0.161661
0.076387,1,0.108427
0.074446,1,0.061225
0.059157,1,0.142299
0.067454,1,0.057008
0.071892,1,0.072007
0.107901,1,0.341335
0.094714,1,0.022630
0.095943,1,0.035389
0.068832,1,0.044405
0.108878,1,0.359851
0.109960,1,0.246976
0.070794,1,0.033431
0.073977,1,0.005995
0.085557,1,0.207450
0.119307,1,0.040848
0.071576,1,0.039348
0.070511,1,0.073953
0.092800,1,0.029705
0.070661,1,0.112712
0.091943,1,0.054472
0.075427,1,0.079925
0.161471,1,0.327101
0.060125,1,0.021071
0.072334,1,0.126300
0.068832,1,0.044405
0.068561,1,0.043154
0.242281,0,0.197529
0.305685,0,0.429429
0.305685,0,0.429429
0.305685,0,0.429429
0.299628,0,0.427082
0.305685,0,0.429429
0.305685,0,0.429429
0.238585,0,0.193125
0.135444,1,0.255663
0.172405,1,0.038670
0.221968,0,0.413071
0.092482,1,0.131146
0.267328,0,0.408810
0.305685,0,0.429429
0.305685,0,0.429429
0.245300,0,0.208986
0.249105,0,0.178147
0.305685,0,0.429429
0.085804,1,0.211814
0.169706,1,0.130488
0.305685,0,0.429429
0.305685,0,0.429429
0.261573,0,0.194587
0.305685,0,0.429429
0.092377,1,0.139697
0.157702,1,0.474267
0.262358,0,0.287886
0.266600,0,0.181214
0.273281,0,0.188875
0.305685,0,0.429429
0.305685,0,0.429429
0.294351,0,0.406255
0.305685,0,0.429429
0.253023,0,0.204810
0.305685,0,0.429429
0.179101,1,0.083789
0.132790,1,0.027758
0.305685,0,0.429429
0.120251,1,0.419519
0.151921,1,0.485769
0.305685,0,0.429429
0.258995,0,0.234659
0.305685,0,0.429429
0.141247,1,0.483367
0.207509,0,0.189098
0.305685,0,0.429429
0.305685,0,0.429429
0.281529,0,0.403991
0.192218,1,0.071844
0.142982,1,0.340587
0.150288,1,0.205049
0.150905,1,0.384872
0.231025,0,0.524707
0.104033,1,0.102243
0.125718,1,0.210664
0.125616,1,0.132052
0.118953,1,0.148969
0.134096,1,0.140168
0.121777,1,0.038260
0.212159,0,0.501655
0.138617,1,0.218442
0.173907,1,0.246595
0.138793,1,0.229687
0.080534,1,0.013346
0.132371,1,0.312288
0.203980,0,0.494862
0.079866,1,0.037370
0.179544,1,0.431734
0.110249,1,0.008413
0.165087,1,0.148298
0.111469,1,0.181578
0.154319,1,0.357076
0.109424,1,0.117927
0.159526,1,0.435846
0.146453,1,0.234680
0.062475,1,0.052651
0.173907,1,0.246595
0.106981,1,0.066377
0.130442,1,0.140522
0.100288,1,0.056263
0.110225,1,0.157388
0.101375,1,0.089929
0.086008,1,0.027078
0.188367,1,0.414270
0.109424,1,0.117927
0.140005,1,0.192246
0.085708,1,0.021683
0.163030,1,0.381703
0.135926,1,0.149882
0.182979,1,0.513210
0.181882,1,0.426139
0.092678,1,0.054914
0.114199,1,0.186582
0.109853,1,0.137651
0.100008,1,0.051413
0.171442,1,0.441075
0.179249,1,0.450300
0.138641,1,0.220365
0.099262,1,0.055101
0.082394,1,0.046144
0.074332,1,0.018630
0.162579,1,0.182943
0.109997,1,0.138087
0.154790,1,0.229624
0.073342,1,0.014516
0.082543,1,0.047123
0.092344,1,0.148280
0.103965,1,0.117313
0.139407,1,0.398533
0.084238,1,0.294296
0.109823,1,0.136271
0.144308,1,0.069483
0.123356,1,0.515284
0.136075,1,0.154717
0.098894,1,0.042617
0.057748,1,0.000160
0.092059,1,0.103763
0.102406,1,0.100962
0.100027,1,0.058831
0.082203,1,0.107825
0.108397,1,0.099673
0.153985,1,0.203387
0.100027,1,0.058831
0.099430,1,0.135425
0.082688,1,0.091884
0.065573,1,0.041064
0.075776,1,0.091239
0.108333,1,0.101527
0.073518,1,0.116493
0.103722,1,0.216769
0.150372,1,0.230127
0.114316,1,0.196737
0.104165,1,0.130944
0.103559,1,0.137203
0.068482,1,0.036691
0.081931,1,0.076037
0.091953,1,0.135166
0.101212,1,0.117263
0.116142,1,0.329665
0.097283,1,0.070531
0.099249,1,0.123849
0.063572,1,0.035830
0.079111,1,0.043729
0.126727,1,0.547293
0.150313,1,0.454133
0.094952,1,0.212129
0.168390,1,0.464350
0.065537,1,0.149299
0.102512,1,0.123517
0.092784,1,0.039121
0.076872,1,0.015791
0.124307,1,0.112431
0.110460,1,0.238521
0.139502,1,0.233119
0.095427,1,0.150380
0.061734,1,0.007271
0.063345,1,0.004933
0.111269,1,0.031188
0.111592,1,0.146985
0.141794,1,0.223214
0.184111,1,0.261590
0.087039,1,0.091758
0.118972,1,0.298885
0.095871,1,0.217290
0.147924,1,0.360558
0.155141,1,0.260869
0.109357,1,0.053792
0.119523,1,0.115208
0.084831,1,0.061979
0.145595,1,0.130113
0.123816,1,0.154698
0.143067,1,0.284320
0.086833,1,0.033388
0.123474,1,0.031724
0.162206,1,0.230185
0.166293,1,0.259991
0.149975,1,0.219541
0.096134,1,0.038429
0.116396,1,0.249278
0.166389,1,0.205422
0.175062,1,0.273503
0.098042,1,0.102818
0.067109,1,0.025381
0.092586,1,0.038339
0.115580,1,0.069010
0.115081,1,0.210950
0.154324,1,0.155355
0.132341,1,0.279641
0.186427,1,0.270668
0.090215,1,0.112609
0.126732,1,0.222568
0.143406,1,0.257828
0.112513,1,0.138366
0.138951,1,0.237832
0.074790,1,0.029040
0.095206,1,0.104986
0.093903,1,0.039974
0.058010,1,0.016667
0.138474,1,0.350904
0.063822,1,0.016465
0.063083,1,0.018544
0.075895,1,0.025036
0.068480,1,0.017686
0.097353,1,0.063962
0.147874,1,0.600271
0.150949,1,0.280130
0.158480,1,0.221573
0.111604,1,0.180859
0.076763,1,0.001684
0.090075,1,0.141999
0.082467,1,0.115702
0.153048,1,0.213877
0.108227,1,0.152105
0.060320,1,0.004625
0.070789,1,0.016448
0.102858,1,0.114784
0.106625,1,0.130937
0.077068,1,0.183818
0.112019,1,0.196553
0.133417,1,0.223613
0.084624,1,0.014135
0.091744,1,0.166109
0.139026,1,0.225564
0.134050,1,0.175488
0.141048,1,0.486753
0.082092,1,0.129735
0.143732,1,0.201619
0.081089,1,0.176945
0.113689,1,0.132760
0.067907,1,0.083837
0.086960,1,0.010817
0.084985,1,0.081301
0.061666,1,0.020836
0.082360,1,0.046557
0.071547,1,0.021920
0.057321,1,0.018078
0.075943,1,0.010319
0.064113,1,0.005167
0.092069,1,0.057346
0.090289,1,0.136487
0.120015,1,0.231704
0.082083,1,0.093104
0.113484,1,0.107264
0.092782,1,0.076529
0.110350,1,0.130825
0.083490,1,0.093995
0.088745,1,0.124130
0.071009,1,0.011511
0.064113,1,0.005167
0.127620,1,0.226797
0.091995,1,0.032121
0.050003,1,0.001593
0.113799,1,0.150609
0.081248,1,0.114373
0.057261,1,0.005377
0.102760,1,0.151274
0.113744,1,0.076019
0.119452,1,0.239991
0.108237,1,0.046490
0.077981,1,0.032398
0.116566,1,0.125457
0.148244,1,0.168661
0.093921,1,0.121656
0.123745,1,0.160817
0.204097,0,0.387525
0.094177,1,0.025962
0.136909,1,0.143214
0.092211,1,0.230629
0.075111,1,0.045331
0.111066,1,0.079258
0.099613,1,0.127330
0.074611,1,0.024275
0.112512,1,0.029344
0.086058,1,0.041610
0.065278,1,0.020414
0.127141,1,0.122046
0.078978,1,0.045351
0.174146,1,0.152488
0.111420,1,0.120464
0.151453,1,0.314702
0.073068,1,0.039480
0.119793,1,0.288295
0.102409,1,0.055566
0.137006,1,0.090043
0.185917,1,0.294858
0.106451,1,0.141106
0.103336,1,0.291027
0.085158,1,0.085948
0.116684,1,0.207250
0.070147,1,0.011045
0.073936,1,0.057591
0.130371,1,0.434300
0.123844,1,0.023113
0.108641,1,0.022483
0.101065,1,0.163211
0.134729,1,0.292478
0.126739,1,0.079049
0.147967,1,0.109867
0.161339,1,0.136195
0.122818,1,0.258070
0.075124,1,0.113179
0.073116,1,0.127547
0.100623,1,0.152764
0.063344,1,0.127601
0.078188,1,0.178000
0.060048,1,0.158029
0.086139,1,0.292468
0.082257,1,0.326608
0.098979,1,0.325197
0.105036,1,0.144457
0.099194,1,0.101535
0.063588,1,0.065086
0.096190,1,0.187423
0.085878,1,0.150359
0.083729,1,0.124999
0.110452,1,0.214463
0.085396,1,0.264502
0.101998,1,0.174301
0.069909,1,0.059134
0.078788,1,0.217636
0.093796,1,0.239824
0.069168,1,0.000062
0.065198,1,0.052746
0.062744,1,0.000494
0.078030,1,0.000062
0.099266,1,0.280324
0.074872,1,0.062565
0.070526,1,0.158291
0.099169,1,0.190611
0.112326,1,0.338309
0.058614,1,0.039764
0.114040,1,0.077348
0.093333,1,0.125568
0.095193,1,0.046960
0.073199,1,0.232463
0.081054,1,0.047271
0.065107,1,0.059586
0.084676,1,0.204327
0.084881,1,0.070451
0.076147,1,0.150161
0.073177,1,0.014593
0.084635,1,0.279207
0.079506,1,0.070322
0.064207,1,0.178000
0.097305,1,0.065065
0.090251,1,0.047830
0.064197,1,0.021568
0.095193,1,0.046960
0.106361,1,0.058643
0.061044,1,0.000008
0.085420,1,0.181805
0.101264,1,0.244917
0.072453,1,0.203664
0.104247,1,0.227571
0.079769,1,0.110322
0.065939,1,0.139626
0.071071,1,0.134162
0.077613,1,0.223482
0.066915,1,0.296112
0.064545,1,0.230675
0.071867,1,0.190920
0.063457,1,0.131581
0.065939,1,0.139626
0.138861,1,0.276754
0.055539,1,0.014975
0.086800,1,0.202727
0.081154,1,0.072161
0.079218,1,0.223608
0.080017,1,0.126172
0.104247,1,0.227571
0.075459,1,0.088047
0.079051,1,0.088933
0.084949,1,0.164782
0.066223,1,0.150903
0.089611,1,0.137919
0.067955,1,0.250483
0.073125,1,0.296317
0.078991,1,0.121604
0.094193,1,0.186227
0.065396,1,0.126615
0.081885,1,0.193103
0.102477,1,0.202927
0.092318,1,0.338234
0.075795,1,0.218224
0.100059,1,0.192972
0.041733,1,0.009178
0.096150,1,0.279589
0.133722,1,0.352109
0.114842,1,0.342101
0.067225,1,0.168173
0.094424,1,0.119049
0.068926,1,0.185130
0.081855,1,0.201319
0.072347,1,0.186353
0.084257,1,0.236050
0.054033,1,0.031095
0.105720,1,0.179192
0.068085,1,0.140771
0.093056,1,0.165749
0.075581,1,0.008325
0.104301,1,0.058076
0.141939,1,0.073377
0.212547,0,0.254789
0.093965,1,0.030250
0.085266,1,0.037966
0.090707,1,0.039340
0.202404,0,0.133636
0.077025,1,0.019682
0.133440,1,0.086322
0.157165,1,0.020345
0.105962,1,0.037372
0.170577,1,0.178152
0.133860,1,0.050706
0.107376,1,0.030194
0.086966,1,0.037073
0.149982,1,0.050854
0.088065,1,0.039821
0.071759,1,0.004161
0.216491,0,0.094790
0.157773,1,0.154045
0.173858,1,0.034387
0.085247,1,0.013191
0.153237,1,0.059448
0.106585,1,0.050717
0.121525,1,0.073735
0.115692,1,0.052879
0.125473,1,0.048212
0.089871,1,0.053172
0.112970,1,0.056286
0.217469,0,0.337929
0.101764,1,0.016315
0.097927,1,0.062100
0.105962,1,0.037372
0.101279,1,0.045035
0.065082,1,0.011732
0.057622,1,0.000033
0.095555,1,0.041617
0.125473,1,0.048212
0.128569,1,0.050184
0.140922,1,0.055533
0.121269,1,0.040876
0.151071,1,0.062980
0.127202,1,0.080256
0.096970,1,0.032482
0.099677,1,0.040378
0.135998,1,0.051739
0.110151,1,0.061362
0.132635,1,0.027147
0.144508,1,0.064773
0.108911,1,0.060355
0.267998,0,0.379852
0.104009,1,0.154760
0.107500,1,0.066315
0.109914,1,0.089984
0.114865,1,0.087262
0.108912,1,0.079475
0.076346,1,0.060652
0.193378,1,0.353678
0.204512,0,0.410106
0.191931,1,0.223337
0.178589,1,0.460801
0.211293,0,0.160754
0.108511,1,0.161894
0.118140,1,0.109982
0.210973,0,0.252447
0.101483,1,0.114637
0.163325,1,0.291359
0.218277,0,0.109076
0.197966,1,0.242847
0.125252,1,0.069745
0.312396,0,0.348818
0.135179,1,0.269642
0.165020,1,0.377949
0.162575,1,0.121782
0.101961,1,0.018762
0.174240,1,0.440440
0.124196,1,0.068630
0.153210,1,0.164395
0.147373,1,0.178298
0.096698,1,0.051258
0.070075,1,0.008598
0.207419,0,0.191722
0.134493,1,0.196114
0.125567,1,0.249710
0.179701,1,0.361005
0.175477,1,0.206237
0.130571,1,0.136005
0.133976,1,0.169707
0.137685,1,0.115819
0.147972,1,0.128607
0.137206,1,0.182934
0.179060,1,0.210018
0.140219,1,0.133080
0.127185,1,0.108274
0.214324,0,0.245115
0.070788,1,0.179237
0.161561,1,0.134480
0.238455,0,0.185078
0.158089,1,0.113147
0.120969,1,0.122610
0.081077,1,0.062531
0.098881,1,0.047763
0.133349,1,0.285591
0.077522,1,0.123755
0.090677,1,0.076665
0.055714,1,0.036951
0.107853,1,0.435371
0.127385,1,0.201405
0.060768,1,0.026380
0.102538,1,0.067205
0.201016,0,0.176396
0.069745,1,0.241108
0.130970,1,0.252547
0.135597,1,0.183655
0.223556,0,0.392894
0.104233,1,0.078077
0.108767,1,0.176306
0.047247,1,0.001638
0.095383,1,0.567967
0.076351,1,0.052439
0.143662,1,0.024373
0.073693,1,0.072667
0.139499,1,0.170527
0.071690,1,0.135873
0.130820,1,0.099605
0.092397,1,0.264426
0.062252,1,0.029794
0.071795,1,0.495828
0.070704,1,0.313057
0.085368,1,0.071279
0.170658,1,0.196920
0.107698,1,0.072581
0.106908,1,0.212884
0.102948,1,0.204246
0.097348,1,0.189596
0.076249,1,0.267044
0.049777,1,0.021451
0.105337,1,0.077818
0.070050,1,0.033842
0.082701,1,0.043680
0.118094,1,0.050799
0.086295,1,0.009455
0.093577,1,0.066991
0.099817,1,0.131870
0.147286,1,0.130829
0.093781,1,0.269624
0.178354,1,0.372698
0.110781,1,0.190650
0.116153,1,0.126456
0.071930,1,0.021828
0.127440,1,0.171257
0.137302,1,0.259630
0.138682,1,0.190594
0.118904,1,0.321681
0.090657,1,0.154477
0.141753,1,0.126750
0.101165,1,0.272238
0.068520,1,0.090620
0.079146,1,0.129842
0.108422,1,0.311876
0.110473,1,0.091076
0.139396,1,0.202726
0.096812,1,0.098663
0.088443,1,0.391028
0.115364,1,0.373251
0.108398,1,0.341515
0.086621,1,0.058744
0.077683,1,0.054550
0.102037,1,0.206925
0.102783,1,0.389756
0.117129,1,0.205953
0.093164,1,0.176349
0.094973,1,0.079422
0.074125,1,0.060849
0.076013,1,0.035077
0.109996,1,0.128000
0.108277,1,0.185405
0.094750,1,0.127553
0.080210,1,0.105205
0.108601,1,0.188670
0.088320,1,0.132585
0.092422,1,0.120758
0.084602,1,0.182670
0.110128,1,0.322595
0.127446,1,0.336077
0.107242,1,0.081049
0.108273,1,0.118777
0.128560,1,0.140104
0.102846,1,0.237510
0.106975,1,0.133706
0.104165,1,0.052334
0.078711,1,0.034922
0.108101,1,0.247276
0.154410,1,0.306659
0.124441,1,0.134429
0.122529,1,0.351445
0.127446,1,0.336077
0.136275,1,0.379272
0.079672,1,0.122893
0.128263,1,0.376282
0.174655,1,0.186213
0.094843,1,0.137063
0.151622,1,0.344026
0.067130,1,0.010321
0.127923,1,0.131572
0.117112,1,0.133310
0.103148,1,0.105791
0.070500,1,0.011791
0.101442,1,0.024759
0.117338,1,0.102716
0.138927,1,0.182552
0.059802,1,0.015261
0.145037,1,0.161024
0.103588,1,0.097087
0.113638,1,0.174026
0.152185,1,0.160103
0.117903,1,0.281419
0.070951,1,0.021335
0.116893,1,0.165035
0.193504,1,0.369694
0.164640,1,0.331207
0.107606,1,0.117776
0.107352,1,0.079005
0.127830,1,0.167266
0.095077,1,0.125658
0.109591,1,0.111134
0.129541,1,0.168758
0.132735,1,0.193343
0.088205,1,0.024015
0.074715,1,0.017843
0.128123,1,0.145504
0.126717,1,0.023815
0.083427,1,0.096250
0.125530,1,0.072661
0.167640,1,0.237023
0.128206,1,0.134300
0.102354,1,0.086527
0.099510,1,0.052203
0.102151,1,0.093811
0.088536,1,0.114610
0.108803,1,0.164156
0.107606,1,0.117776
0.077871,1,0.030800
0.113195,1,0.192791
0.102716,1,0.176208
0.116718,1,0.159938
0.087437,1,0.091243
0.118828,1,0.182604
0.122103,1,0.195271
0.137464,1,0.129472
0.193874,1,0.256429
0.184554,1,0.061324
0.173877,1,0.262023
0.221336,0,0.286284
0.172842,1,0.273571
0.222245,0,0.111351
0.244558,0,0.285669
0.162923,1,0.213800
0.221164,0,0.086933
0.191402,1,0.188687
0.188596,1,0.172964
0.172783,1,0.151360
0.131740,1,0.084267
0.192405,1,0.162965
0.158500,1,0.163022
0.234890,0,0.126470
0.198700,1,0.109325
0.144196,1,0.089863
0.167034,1,0.222818
0.094723,1,0.004701
0.117015,1,0.012449
0.222484,0,0.166509
0.229138,0,0.133966
0.190952,1,0.046592
0.224736,0,0.277103
0.182224,1,0.222774
0.119460,1,0.072602
0.185588,1,0.104424
0.199197,1,0.090917
0.193430,1,0.122812
0.204326,0,0.114949
0.224766,0,0.188326
0.098482,1,0.053387
0.246023,0,0.127244
0.206372,0,0.235279
0.077529,1,0.016022
0.188509,1,0.031590
0.121278,1,0.086025
0.187284,1,0.148299
0.138058,1,0.011249
0.198305,1,0.156837
0.151523,1,0.073256
0.223079,0,0.278105
0.267306,0,0.130247
0.130296,1,0.100558
0.119932,1,0.078572
0.172347,1,0.286887
0.122204,1,0.015048
0.166036,1,0.201447
0.210604,0,0.189885
0.046641,1,0.004610
0.156426,1,0.130941
0.077758,1,0.004792
0.121736,1,0.129212
0.113554,1,0.074408
0.340406,0,0.169513
0.192401,1,0.086411
0.092929,1,0.000002
0.102660,1,0.106271
0.094057,1,0.108478
0.344271,0,0.238808
0.078391,1,0.014848
0.114393,1,0.082593
0.420623,0,0.148590
0.104939,1,0.049789
0.091361,1,0.020584
0.347797,0,0.209608
0.060300,1,0.000006
0.355660,0,0.242504
0.176183,1,0.100487
0.139952,1,0.042293
0.127708,1,0.112073
0.188414,1,0.162771
0.096364,1,0.011064
0.116299,1,0.076282
0.158123,1,0.061054
0.176363,1,0.097336
0.140250,1,0.098185
0.340264,0,0.218488
0.119724,1,0.012272
0.362207,0,0.228851
0.152600,1,0.041348
0.224897,0,0.060473
0.146623,1,0.052059
0.377405,0,0.259116
0.132616,1,0.028291
0.122148,1,0.091046
0.289609,0,0.121668
0.155610,1,0.147783
0.074413,1,0.000004
0.090851,1,0.016360
0.076563,1,0.007078
0.100798,1,0.019313
0.173221,1,0.135749
0.127211,1,0.106560
0.063033,1,0.000004
0.098292,1,0.122789
0.178957,1,0.134338
0.131787,1,0.134068
0.097003,1,0.075298
0.085211,1,0.084120
0.075620,1,0.089998
0.050568,1,0.034044
0.060876,1,0.102135
0.092981,1,0.365966
0.063939,1,0.087591
0.061858,1,0.091929
0.111308,1,0.278678
0.079569,1,0.048281
0.058061,1,0.287294
0.057633,1,0.088385
0.091250,1,0.249852
0.065298,1,0.108806
0.061845,1,0.062708
0.086712,1,0.109149
0.065781,1,0.109243
0.086104,1,0.357080
0.066366,1,0.089968
0.067424,1,0.151380
0.057936,1,0.093779
0.070602,1,0.076707
0.069238,1,0.223899
0.061998,1,0.025618
0.080232,1,0.074202
0.068771,1,0.051669
0.066665,1,0.053698
0.061092,1,0.049933
0.067891,1,0.057247
0.061616,1,0.118917
0.081320,1,0.133346
0.095966,1,0.236991
0.072119,1,0.086950
0.082868,1,0.088957
0.069205,1,0.199101
0.073152,1,0.166062
0.080660,1,0.067982
0.059583,1,0.047734
0.075693,1,0.185284
0.076280,1,0.202061
0.071734,1,0.087984
0.053149,1,0.020000
0.067805,1,0.121092
0.069625,1,0.091990
0.069240,1,0.076013
0.097681,1,0.317567
0.080087,1,0.203152
0.064875,1,0.072671
0.066825,1,0.057586
0.084614,1,0.386802
0.058634,1,0.062828
0.156249,1,0.083873
0.306723,0,0.600375
0.164375,1,0.030514
0.094626,1,0.001931
0.311652,0,0.607191
0.320220,0,0.610175
0.156997,1,0.080473
0.251991,0,0.281211
0.243185,0,0.394258
0.283940,0,0.601481
0.309145,0,0.535820
0.340551,0,0.607521
0.191174,1,0.120573
0.322602,0,0.579319
0.297742,0,0.314996
0.297742,0,0.314996
0.132535,1,0.012941
0.229292,0,0.194650
0.237570,0,0.205403
0.320220,0,0.610175
0.320220,0,0.610175
0.085964,1,0.005397
0.319138,0,0.604877
0.148795,1,0.025391
0.292200,0,0.527498
0.320220,0,0.610175
0.257394,0,0.338854
0.096605,1,0.033751
0.300398,0,0.378295
0.248061,0,0.342971
0.184782,1,0.155397
0.231713,0,0.321212
0.272454,0,0.203030
0.224063,0,0.283091
0.193032,1,0.274937
0.297048,0,0.475753
0.324961,0,0.471212
0.229813,0,0.319005
0.229644,0,0.238829
0.341043,0,0.610287
0.229292,0,0.194650
0.336537,0,0.602445
0.322772,0,0.414716
0.257088,0,0.465038
0.320220,0,0.610175
0.259616,0,0.456567
0.242891,0,0.286334
0.135025,1,0.005340
0.261395,0,0.234512
0.299482,0,0.586312
0.253366,0,0.241472
0.112615,1,0.063110
0.081220,1,0.088373
0.221132,0,0.165527
0.119651,1,0.084443
0.085460,1,0.006619
0.286810,0,0.139719
0.066607,1,0.036682
0.096247,1,0.094056
0.120353,1,0.382183
0.074926,1,0.027214
0.196292,1,0.216831
0.225210,0,0.173006
0.078991,1,0.033526
0.138301,1,0.110232
0.260523,0,0.255206
0.111784,1,0.127782
0.106825,1,0.104066
0.068616,1,0.014078
0.097171,1,0.025359
0.220702,0,0.204606
0.126360,1,0.084980
0.206357,0,0.051359
0.125494,1,0.118908
0.157048,1,0.193891
0.213723,0,0.115104
0.129983,1,0.185176
0.106250,1,0.073147
0.053584,1,0.002665
0.113133,1,0.141941
0.118028,1,0.042722
0.106980,1,0.074512
0.145692,1,0.114729
0.118695,1,0.126820
0.081376,1,0.075545
0.215113,0,0.188057
0.281966,0,0.218748
0.059041,1,0.046093
0.106362,1,0.070825
0.160665,1,0.175276
0.210635,0,0.201082
0.145134,1,0.212900
0.226361,0,0.155060
0.116208,1,0.059078
0.212883,0,0.217834
0.197226,1,0.134655
0.186235,1,0.205695
0.107187,1,0.115297
0.178135,1,0.103491
0.169462,1,0.176424
0.089047,1,0.221638
0.231798,0,0.222747
0.194084,1,0.228451
0.069014,1,0.119680
0.075101,1,0.257721
0.134174,1,0.191411
0.220936,0,0.223381
0.072973,1,0.052373
0.079943,1,0.170456
0.189167,1,0.164462
0.053692,1,0.010268
0.056202,1,0.111039
0.090037,1,0.058301
0.065800,1,0.002840
0.116392,1,0.252751
0.181802,1,0.281126
0.092088,1,0.212412
0.099696,1,0.292746
0.092974,1,0.404150
0.123081,1,0.036324
0.092344,1,0.097667
0.185094,1,0.241784
0.074069,1,0.033954
0.208556,0,0.196151
0.075824,1,0.036385
0.119790,1,0.096756
0.120992,1,0.354221
0.145393,1,0.359670
0.172171,1,0.199362
0.190293,1,0.176437
0.085383,1,0.043557
0.209700,0,0.228202
0.101048,1,0.406395
0.098017,1,0.052898
0.164241,1,0.172983
0.199321,1,0.050462
0.199360,1,0.231845
0.132624,1,0.049821
0.142765,1,0.313567
0.080658,1,0.097935
0.133788,1,0.134024
0.196977,1,0.237344
0.064126,1,0.001241
0.178162,1,0.093987
0.153095,1,0.052153
0.247676,0,0.262779
0.082530,1,0.240117
0.057884,1,0.118550
0.084562,1,0.176502
0.139232,1,0.155508
0.051919,1,0.107890
0.105268,1,0.221909
0.055881,1,0.083171
0.123638,1,0.238560
0.086108,1,0.242061
0.066519,1,0.124374
0.072835,1,0.005889
0.087906,1,0.269170
0.055310,1,0.006009
0.055468,1,0.275394
0.101517,1,0.188842
0.065746,1,0.212110
0.077578,1,0.187551
0.098723,1,0.322712
0.124696,1,0.225934
0.070936,1,0.161691
0.068117,1,0.227234
0.059117,1,0.286951
0.064085,1,0.289332
0.077595,1,0.204444
0.079832,1,0.290315
0.058880,1,0.120274
0.076712,1,0.059375
0.047281,1,0.029437
0.091088,1,0.268103
0.078952,1,0.273967
0.060609,1,0.313192
0.058406,1,0.279736
0.080450,1,0.132101
0.064080,1,0.321231
0.060609,1,0.313192
0.094527,1,0.031791
0.098723,1,0.322712
0.073082,1,0.095413
0.099492,1,0.212000
0.052019,1,0.110169
0.066004,1,0.285826
0.059117,1,0.286951
0.066598,1,0.059957
0.075508,1,0.220823
0.064587,1,0.238733
0.101325,1,0.064736
0.056170,1,0.085629
0.050578,1,0.233690
0.078635,1,0.056986
0.051793,1,0.212185
0.098513,1,0.178085
0.070074,1,0.335690
0.070015,1,0.047510
0.056889,1,0.045746
0.049451,1,0.000000
0.071582,1,0.002104
0.091915,1,0.001870
0.049580,1,0.001827
0.045948,1,0.001845
0.076638,1,0.001851
0.111755,1,0.000136
0.068940,1,0.002093
0.105795,1,0.001835
0.073225,1,0.000133
0.053571,1,0.001845
0.058321,1,0.001835
0.049160,1,0.001834
0.062211,1,0.000088
0.113538,1,0.001870
0.105213,1,0.000123
0.051035,1,0.000006
0.040553,1,0.000073
0.045644,1,0.001824
0.053053,1,0.001655
0.053571,1,0.001845
0.048764,1,0.001838
0.113538,1,0.001870
0.047810,1,0.000057
0.051097,1,0.001824
0.043593,1,0.000020
0.135639,1,0.001870
0.052277,1,0.000045
0.053890,1,0.000041
0.043593,1,0.000020
0.088579,1,0.000198
0.048359,1,0.001637
0.059516,1,0.002112
0.061535,1,0.010805
0.073861,1,0.000136
0.063575,1,0.002104
0.057927,1,0.000027
0.073136,1,0.000041
0.054434,1,0.003588
0.052159,1,0.003571
0.043734,1,0.000023
0.054145,1,0.002093
0.055386,1,0.000000
0.048478,1,0.000041
0.076227,1,0.001834
0.062464,1,0.001654
0.060707,1,0.009087
0.083628,1,0.002102
0.060914,1,0.001834
0.049765,1,0.000131
0.091594,1,0.036263
0.163752,1,0.299481
0.130427,1,0.134697
0.072190,1,0.023581
0.116714,1,0.137475
0.079328,1,0.043053
0.067285,1,0.011933
0.187781,1,0.157782
0.155826,1,0.201556
0.089143,1,0.031652
0.092027,1,0.133458
0.102156,1,0.040111
0.103173,1,0.099889
0.186862,1,0.347484
0.083078,1,0.012285
0.126622,1,0.104298
0.186030,1,0.367536
0.175477,1,0.380023
0.093207,1,0.023262
0.099603,1,0.254518
0.092081,1,0.028168
0.068042,1,0.181338
0.090426,1,0.030048
0.042731,1,0.000007
0.148057,1,0.286591
0.126331,1,0.074684
0.170626,1,0.390976
0.131804,1,0.131759
0.068643,1,0.018062
0.184458,1,0.381246
0.063578,1,0.001652
0.126804,1,0.132731
0.113559,1,0.071312
0.174148,1,0.115895
0.086022,1,0.032750
0.126173,1,0.140257
0.087136,1,0.081997
0.094689,1,0.096204
0.071536,1,0.011903
0.053111,1,0.000904
0.055967,1,0.028640
0.140322,1,0.139721
0.168357,1,0.156649
0.113315,1,0.037956
0.134229,1,0.080759
0.151695,1,0.179687
0.189210,1,0.347483
0.085526,1,0.088037
0.109000,1,0.039310
0.084694,1,0.051540
0.117180,1,0.247055
0.091691,1,0.117522
0.103454,1,0.089298
0.107950,1,0.102046
0.120080,1,0.077813
0.097803,1,0.112039
0.082956,1,0.074506
0.067350,1,0.044353
0.113138,1,0.228113
0.080054,1,0.078722
0.062448,1,0.083752
0.155420,1,0.080128
0.127741,1,0.056396
0.064115,1,0.008932
0.104412,1,0.071955
0.092606,1,0.108478
0.070527,1,0.070551
0.073795,1,0.080737
0.084907,1,0.055440
0.075854,1,0.003977
0.099122,1,0.040359
0.094004,1,0.011186
0.109335,1,0.107139
0.073603,1,0.018353
0.113368,1,0.189244
0.108165,1,0.226999
0.098553,1,0.038358
0.068574,1,0.004128
0.115997,1,0.206220
0.057157,1,0.008399
0.142003,1,0.032827
0.082091,1,0.054372
0.102026,1,0.056987
0.106560,1,0.113125
0.085611,1,0.071688
0.101296,1,0.219279
0.076700,1,0.055228
0.086995,1,0.057315
0.085438,1,0.115464
0.049300,1,0.053150
0.063354,1,0.009418
0.105626,1,0.096573
0.093444,1,0.081814
0.092383,1,0.054785
0.061808,1,0.006873
0.061168,1,0.029781
0.137885,1,0.214986
0.089220,1,0.072714
0.072077,1,0.003494
0.092214,1,0.011127
0.079584,1,0.175637
0.089959,1,0.148141
0.055304,1,0.032989
0.072313,1,0.036025
0.066033,1,0.257178
0.057843,1,0.203888
0.071945,1,0.060235
0.068995,1,0.042521
0.069366,1,0.163750
0.074813,1,0.184508
0.065452,1,0.157884
0.064903,1,0.270296
0.080149,1,0.148035
0.081838,1,0.121428
0.067098,1,0.027007
0.052717,1,0.008748
0.087174,1,0.261815
0.071379,1,0.155252
0.070672,1,0.046825
0.083817,1,0.088452
0.073653,1,0.181549
0.073782,1,0.247072
0.070441,1,0.162635
0.090053,1,0.167702
0.066309,1,0.015506
0.077515,1,0.125675
0.062711,1,0.050650
0.059982,1,0.190952
0.057685,1,0.085908
0.086597,1,0.044105
0.075320,1,0.111739
0.100232,1,0.207868
0.060886,1,0.014536
0.079318,1,0.164813
0.057303,1,0.049006
0.072313,1,0.036025
0.065659,1,0.177518
0.080839,1,0.020271
0.065056,1,0.098561
0.046401,1,0.002006
0.074732,1,0.198679
0.071540,1,0.192047
0.105262,1,0.148113
0.083895,1,0.218196
0.062362,1,0.167208
0.080356,1,0.058728
0.083379,1,0.119794
0.056756,1,0.109891
0.077084,1,0.052652
0.074360,1,0.061382
0.140014,1,0.308222
0.133437,1,0.045019
0.134948,1,0.061781
0.104817,1,0.056604
0.138724,1,0.084587
0.119418,1,0.049114
0.114546,1,0.311326
0.146807,1,0.115038
0.103966,1,0.262178
0.102036,1,0.006391
0.201340,0,0.195361
0.152294,1,0.113295
0.116237,1,0.125795
0.162625,1,0.049231
0.124868,1,0.092621
0.080578,1,0.276257
0.172324,1,0.136403
0.074470,1,0.081373
0.179914,1,0.208078
0.120415,1,0.360589
0.128690,1,0.126668
0.233534,0,0.194470
0.109285,1,0.119634
0.096414,1,0.030977
0.156523,1,0.156962
0.185419,1,0.094224
0.130763,1,0.093377
0.099814,1,0.042443
0.169055,1,0.100070
0.095120,1,0.320544
0.124877,1,0.012443
0.119143,1,0.037578
0.108993,1,0.043007
0.271476,0,0.164663
0.133890,1,0.080080
0.148304,1,0.093641
0.090169,1,0.039857
0.155511,1,0.156699
0.214907,0,0.194580
0.147386,1,0.052394
0.259705,0,0.187438
0.131534,1,0.168470
0.126722,1,0.308668
0.109802,1,0.083014
0.156284,1,0.138236
0.207060,0,0.139541
0.257619,0,0.168023
0.230967,0,0.173620
0.157262,1,0.065350
0.202548,0,0.163607
0.345332,0,0.332061
0.275829,0,0.270788
0.054111,1,0.001744
0.191541,1,0.193335
0.154384,1,0.171991
0.111166,1,0.121725
0.221821,0,0.200962
0.183302,1,0.148045
0.222757,0,0.259507
0.201441,0,0.207940
0.168724,1,0.148039
0.079202,1,0.010546
0.253026,0,0.284884
0.253824,0,0.238298
0.108711,1,0.046001
0.077859,1,0.012607
0.101978,1,0.043958
0.089695,1,0.044678
0.136040,1,0.116849
0.319117,0,0.367257
0.097074,1,0.032111
0.111572,1,0.051637
0.090605,1,0.039259
0.111320,1,0.048222
0.197654,1,0.149216
0.153161,1,0.088808
0.139014,1,0.147677
0.112109,1,0.059019
0.284312,0,0.265231
0.187105,1,0.215946
0.171950,1,0.181647
0.332395,0,0.389804
0.093904,1,0.018938
0.075705,1,0.045165
0.252057,0,0.256373
0.103528,1,0.057247
0.103215,1,0.034346
0.160470,1,0.188550
0.074066,1,0.010780
0.065207,1,0.026912
0.267610,0,0.249752
0.241087,0,0.257056
0.114524,1,0.068664
0.058870,1,0.002292
0.067335,1,0.042019
0.117402,1,0.090255
0.158289,1,0.216581
0.071919,1,0.039456
0.098853,1,0.039494
0.297248,0,0.253252
0.122588,1,0.026222
0.084207,1,0.000147
0.235639,0,0.263540
0.235408,0,0.263414
0.239733,0,0.263415
0.170780,1,0.247865
0.174205,1,0.223930
0.163037,1,0.247991
0.146221,1,0.092086
0.151473,1,0.114980
0.235639,0,0.263540
0.170780,1,0.247865
0.235639,0,0.263540
0.232520,0,0.263425
0.099544,1,0.031323
0.105471,1,0.026658
0.235639,0,0.263540
0.147086,1,0.126179
0.163037,1,0.247991
0.152959,1,0.150460
0.149010,1,0.138678
0.156250,1,0.131930
0.224903,0,0.228026
0.235639,0,0.263540
0.235639,0,0.263540
0.082008,1,0.000150
0.170444,1,0.196499
0.145497,1,0.051199
0.157672,1,0.115730
0.163037,1,0.247991
0.235639,0,0.263540
0.069979,1,0.001004
0.115121,1,0.069674
0.163200,1,0.196506
0.153630,1,0.149426
0.232520,0,0.263425
0.164057,1,0.196964
0.165057,1,0.182396
0.148146,1,0.131929
0.235639,0,0.263540
0.235639,0,0.263540
0.154066,1,0.132870
0.236669,0,0.234096
0.058679,1,0.000004
0.235639,0,0.263540
0.075488,1,0.001498
0.165606,1,0.128241
0.232520,0,0.263425
0.156398,1,0.127948
0.140288,1,0.146640
0.064078,1,0.185732
0.150741,1,0.184568
0.123207,1,0.447812
0.090969,1,0.089569
0.065070,1,0.080708
0.096757,1,0.187547
0.067961,1,0.249545
0.092434,1,0.073568
0.133226,1,0.160116
0.127698,1,0.162055
0.107448,1,0.343448
0.106248,1,0.358110
0.116351,1,0.202002
0.088878,1,0.177618
0.066914,1,0.015589
0.090380,1,0.421160
0.155518,1,0.314009
0.085810,1,0.219363
0.125961,1,0.451231
0.108068,1,0.090179
0.073920,1,0.112459
0.078615,1,0.136247
0.134858,1,0.293283
0.076668,1,0.051788
0.089709,1,0.156096
0.080059,1,0.159962
0.136065,1,0.076337
0.127261,1,0.175889
0.086022,1,0.155930
0.111705,1,0.402437
0.093328,1,0.467200
0.111622,1,0.219525
0.107793,1,0.331929
0.138134,1,0.008982
0.135114,1,0.490186
0.131129,1,0.503854
0.090164,1,0.147422
0.094912,1,0.110197
0.129006,1,0.372063
0.099177,1,0.245021
0.091002,1,0.476414
0.132938,1,0.166258
0.111017,1,0.088363
0.085358,1,0.093663
0.054450,1,0.040594
0.126072,1,0.218115
0.119883,1,0.467200
0.067614,1,0.050728
0.142533,1,0.220323
0.133518,1,0.108563
0.137820,1,0.271932
0.096168,1,0.164801
0.223584,0,0.307254
0.170452,1,0.206203
0.143622,1,0.100048
0.087961,1,0.169592
0.070604,1,0.084301
0.116783,1,0.085707
0.149730,1,0.109543
0.215910,0,0.345286
0.140253,1,0.098892
0.040689,1,0.001816
0.102328,1,0.209838
0.201743,0,0.221813
0.201788,0,0.236006
0.111695,1,0.203355
0.080330,1,0.039627
0.159809,1,0.087707
0.222391,0,0.316709
0.088233,1,0.077086
0.063087,1,0.009084
0.163808,1,0.213072
0.114305,1,0.048832
0.080736,1,0.097210
0.099792,1,0.048492
0.091169,1,0.015730
0.106741,1,0.146102
0.040474,1,0.002261
0.166248,1,0.407668
0.100439,1,0.099966
0.201949,0,0.286710
0.094459,1,0.196916
0.175182,1,0.151255
0.196580,1,0.291060
0.201743,0,0.221813
0.188104,1,0.167423
0.111495,1,0.058561
0.108972,1,0.066213
0.196541,1,0.226417
0.117890,1,0.282249
0.177519,1,0.275995
0.154001,1,0.114319
0.129468,1,0.279051
0.092762,1,0.244390
0.086341,1,0.172919
0.098087,1,0.018904
0.192202,1,0.238092
0.093776,1,0.238117
0.149392,1,0.145333
0.069006,1,0.041047
0.076167,1,0.013866
0.302237,0,0.374498
0.320419,0,0.405775
0.119822,1,0.105303
0.196324,1,0.141849
0.065564,1,0.007840
0.126196,1,0.123689
0.132439,1,0.176643
0.248413,0,0.349388
0.079347,1,0.025076
0.090337,1,0.046120
0.074648,1,0.021573
0.079092,1,0.057210
0.118330,1,0.211158
0.193433,1,0.278880
0.217283,0,0.249541
0.128922,1,0.224503
0.086979,1,0.051839
0.118722,1,0.137341
0.142751,1,0.159165
0.140135,1,0.096544
0.080822,1,0.145556
0.148366,1,0.069268
0.149680,1,0.098316
0.084350,1,0.019545
0.070356,1,0.020241
0.053112,1,0.013136
0.072182,1,0.244231
0.227359,0,0.173416
0.210803,0,0.261528
0.102662,1,0.095809
0.079347,1,0.025076
0.059474,1,0.000035
0.150069,1,0.086791
0.113546,1,0.035660
0.110099,1,0.022204
0.116123,1,0.330406
0.200303,0,0.238580
0.107683,1,0.102400
0.206278,0,0.297676
0.120737,1,0.067723
0.053379,1,0.019683
0.111102,1,0.152765
0.109285,1,0.082253
0.246002,0,0.162920
0.065815,1,0.022608
0.080683,1,0.065331
0.034385,1,0.000026
0.144778,1,0.159382
0.139427,1,0.087634
0.070990,1,0.033566
0.187658,1,0.239927
0.196287,1,0.249558
0.151839,1,0.189681
0.112802,1,0.036768
0.074522,1,0.002644
0.094028,1,0.037745
0.220160,0,0.248911
0.110194,1,0.153529
0.195928,1,0.234655
0.070411,1,0.011704
0.111975,1,0.247446
0.089737,1,0.128913
0.111390,1,0.052011
0.110188,1,0.107322
0.097245,1,0.024706
0.150052,1,0.111180
0.107684,1,0.136559
0.105932,1,0.076609
0.148669,1,0.192669
0.096164,1,0.048357
0.095708,1,0.083568
0.124996,1,0.176350
0.064454,1,0.000008
0.088737,1,0.030212
0.095940,1,0.133637
0.113722,1,0.138422
0.073344,1,0.009546
0.067607,1,0.000872
0.091940,1,0.050379
0.096115,1,0.114175
0.096516,1,0.043815
0.074275,1,0.011320
0.088075,1,0.120914
0.064542,1,0.005000
0.099791,1,0.092850
0.119982,1,0.129096
0.069538,1,0.017370
0.093748,1,0.065387
0.099266,1,0.150344
0.222588,0,0.240773
0.143450,1,0.218289
0.097500,1,0.014649
0.091847,1,0.071473
0.100018,1,0.038920
0.084809,1,0.064964
0.099067,1,0.026034
0.147280,1,0.234104
0.112794,1,0.161135
0.053627,1,0.004071
0.112252,1,0.144015
0.134788,1,0.055331
0.082679,1,0.007894
0.127097,1,0.010562
0.352836,0,0.324623
0.305021,0,0.198171
0.080199,1,0.017900
0.161609,1,0.052431
0.192243,1,0.062636
0.287594,0,0.086915
0.107741,1,0.117802
0.301875,0,0.321441
0.093864,1,0.023529
0.316212,0,0.129195
0.175480,1,0.185597
0.387860,0,0.114283
0.166962,1,0.036809
0.056991,1,0.001003
0.288142,0,0.290783
0.311872,0,0.265640
0.163887,1,0.168605
0.241316,0,0.094123
0.177344,1,0.027390
0.399696,0,0.118703
0.189879,1,0.027944
0.064782,1,0.002035
0.251398,0,0.075732
0.371549,0,0.043948
0.083515,1,0.013539
0.350820,0,0.082162
0.105077,1,0.020631
0.218503,0,0.018347
0.229326,0,0.069595
0.213337,0,0.053877
0.145167,1,0.096181
0.138202,1,0.033461
0.133453,1,0.023614
0.072341,1,0.001891
0.120864,1,0.124106
0.107112,1,0.045358
0.152645,1,0.028234
0.130270,1,0.021488
0.213567,0,0.075797
0.289640,0,0.177895
0.110531,1,0.092244
0.120090,1,0.002152
0.243450,0,0.183195
0.301172,0,0.020134
0.100775,1,0.013658
0.294254,0,0.243368
0.145846,1,0.226357
0.215354,0,0.184519
0.255681,0,0.154881
0.300658,0,0.509633
0.096520,1,0.014124
0.264701,0,0.493626
0.102000,1,0.072980
0.281287,0,0.462227
0.084097,1,0.027301
0.235254,0,0.172024
0.226428,0,0.449694
0.140047,1,0.168847
0.087671,1,0.052031
0.245585,0,0.223518
0.138969,1,0.075499
0.118645,1,0.048773
0.181791,1,0.221383
0.248943,0,0.388074
0.187740,1,0.187573
0.183070,1,0.101117
0.077666,1,0.019234
0.276716,0,0.299208
0.114589,1,0.082221
0.134882,1,0.091662
0.266298,0,0.178968
0.097899,1,0.091435
0.121692,1,0.236776
0.242459,0,0.198390
0.236231,0,0.326977
0.203861,0,0.164889
0.228135,0,0.178433
0.247496,0,0.180946
0.128722,1,0.242914
0.116049,1,0.128922
0.250620,0,0.175584
0.078637,1,0.162825
0.097450,1,0.107712
0.181708,1,0.151644
0.130012,1,0.268932
0.158478,1,0.052673
0.237714,0,0.196689
0.280263,0,0.141748
0.185194,1,0.169535
0.088273,1,0.091426
0.113949,1,0.036045
0.175497,1,0.147262
0.115620,1,0.060824
0.134063,1,0.191255
0.248710,0,0.216277
0.186563,1,0.189215
0.069279,1,0.015502
0.111399,1,0.089858
0.119139,1,0.257753
0.131863,1,0.287146
0.108522,1,0.210998
0.076739,1,0.047032
0.103148,1,0.205574
0.077496,1,0.051384
0.088269,1,0.116236
0.072740,1,0.098115
0.105840,1,0.201830
0.110445,1,0.145523
0.078047,1,0.100170
0.068680,1,0.026260
0.084211,1,0.228990
0.088323,1,0.062581
0.081840,1,0.042884
0.143550,1,0.278662
0.067503,1,0.014957
0.106450,1,0.073363
0.133910,1,0.226707
0.079419,1,0.381058
0.099057,1,0.079813
0.117056,1,0.203857
0.082312,1,0.069680
0.104388,1,0.064510
0.143174,1,0.281598
0.085080,1,0.047576
0.094296,1,0.205859
0.078489,1,0.045707
0.067503,1,0.014957
0.084048,1,0.048713
0.065783,1,0.000027
0.132661,1,0.298406
0.090892,1,0.108423
0.118969,1,0.238265
0.104120,1,0.170251
0.073004,1,0.151356
0.064848,1,0.030545
0.113996,1,0.277705
0.130242,1,0.216694
0.107468,1,0.213493
0.106946,1,0.262019
0.102680,1,0.286368
0.075549,1,0.097520
0.093769,1,0.144544
0.105391,1,0.231179
0.081834,1,0.137702
0.069299,1,0.059706
0.128810,1,0.262634
0.132508,1,0.227943
0.100580,1,0.222211
0.116311,1,0.189799
0.116317,1,0.201778
0.161539,1,0.382256
0.123794,1,0.104263
0.166012,1,0.369921
0.117368,1,0.346056
0.151409,1,0.207139
0.112961,1,0.160329
0.146177,1,0.218438
0.150397,1,0.115085
0.088363,1,0.090989
0.184296,1,0.461653
0.132280,1,0.335347
0.167600,1,0.404330
0.183417,1,0.553279
0.120575,1,0.059037
0.073291,1,0.027974
0.084864,1,0.111617
0.120430,1,0.083003
0.098691,1,0.052750
0.162517,1,0.486630
0.114454,1,0.191067
0.053737,1,0.013721
0.076034,1,0.057580
0.119966,1,0.068782
0.161424,1,0.180020
0.111044,1,0.193232
0.120954,1,0.188509
0.144778,1,0.192580
0.175662,1,0.398348
0.099813,1,0.039435
0.120575,1,0.059037
0.081147,1,0.041500
0.200249,0,0.582025
0.171448,1,0.502510
0.111395,1,0.148504
0.114697,1,0.213346
0.060545,1,0.007449
0.067010,1,0.040454
0.179968,1,0.196666
0.178610,1,0.591538
0.184713,1,0.547752
0.176511,1,0.128395
0.053990,1,0.016770
0.196079,1,0.566597
0.135549,1,0.163730
0.088334,1,0.119469
0.063605,1,0.083131
0.199505,1,0.234195
0.162608,1,0.390306
0.225181,0,0.378596
0.197148,1,0.163771
0.228837,0,0.563166
0.084304,1,0.220058
0.092270,1,0.112756
0.216633,0,0.556016
0.205657,0,0.214372
0.239692,0,0.561879
0.148800,1,0.201138
0.236613,0,0.402433
0.238119,0,0.306941
0.233455,0,0.564071
0.198422,1,0.560287
0.182670,1,0.303775
0.245539,0,0.218533
0.217199,0,0.256983
0.253765,0,0.302902
0.182240,1,0.219831
0.210225,0,0.361783
0.212270,0,0.345832
0.255633,0,0.284143
0.218437,0,0.547098
0.116667,1,0.355823
0.184353,1,0.302750
0.214232,0,0.306982
0.196597,1,0.427638
0.146560,1,0.136002
0.233246,0,0.281030
0.188445,1,0.169429
0.176231,1,0.231976
0.244923,0,0.406812
0.121481,1,0.135606
0.248159,0,0.578162
0.237125,0,0.276137
0.086436,1,0.003803
0.093341,1,0.329947
0.186076,1,0.195205
0.190078,1,0.244159
0.109579,1,0.033006
0.203503,0,0.233724
0.159748,1,0.295028
0.223892,0,0.274104
0.099064,1,0.144762
0.218503,0,0.567736
0.186886,1,0.349529
0.142505,1,0.130911
0.217181,0,0.543895
0.163675,1,0.223073
0.212404,0,0.382149
0.173820,1,0.289354
0.097780,1,0.003384
0.200168,0,0.369583
0.059930,1,0.002010
0.067867,1,0.145877
0.128113,1,0.027196
0.188171,1,0.490202
0.249919,0,0.675875
0.129207,1,0.027196
0.123899,1,0.017703
0.148723,1,0.158004
0.108433,1,0.045191
0.077903,1,0.005359
0.151977,1,0.086474
0.125735,1,0.059864
0.123899,1,0.017703
0.138034,1,0.091719
0.188177,1,0.103723
0.136509,1,0.373341
0.119899,1,0.013775
0.126536,1,0.069562
0.269081,0,0.655640
0.307588,0,0.481169
0.269858,0,0.533468
0.191768,1,0.550578
0.198961,1,0.075288
0.178473,1,0.395904
0.144556,1,0.060896
0.177049,1,0.074326
0.060603,1,0.145883
0.112455,1,0.033758
0.162030,1,0.325915
0.167685,1,0.153034
0.138028,1,0.142436
0.199094,1,0.197814
0.122777,1,0.053156
0.195624,1,0.243793
0.137488,1,0.020495
0.152199,1,0.018417
0.213556,0,0.642730
0.131119,1,0.018417
0.119089,1,0.021014
0.154294,1,0.018417
0.089196,1,0.009092
0.209548,0,0.603460
0.116179,1,0.020656
0.100966,1,0.043362
0.063069,1,0.004152
0.189772,1,0.428689
0.071984,1,0.210410
0.174598,1,0.018358
0.077894,1,0.048223
0.063369,1,0.029616
0.074432,1,0.092117
0.089088,1,0.025529
0.117429,1,0.195748
0.114340,1,0.213920
0.081974,1,0.040832
0.079931,1,0.018721
0.080479,1,0.047821
0.091490,1,0.163380
0.089435,1,0.228091
0.076296,1,0.075978
0.096280,1,0.374679
0.097896,1,0.139528
0.110002,1,0.038659
0.079215,1,0.049299
0.107264,1,0.128033
0.063690,1,0.085648
0.080572,1,0.107013
0.153904,1,0.327940
0.119059,1,0.116494
0.069135,1,0.020078
0.159301,1,0.089271
0.069677,1,0.071719
0.149851,1,0.576880
0.101806,1,0.024207
0.094640,1,0.373259
0.099469,1,0.066363
0.139742,1,0.098014
0.061238,1,0.006276
0.144225,1,0.086987
0.086412,1,0.043291
0.085634,1,0.082911
0.109990,1,0.029548
0.087356,1,0.181425
0.064231,1,0.021302
0.076751,1,0.101682
0.080625,1,0.030300
0.071243,1,0.017942
0.100156,1,0.109929
0.080648,1,0.075761
0.091341,1,0.093697
0.090991,1,0.025808
0.145370,1,0.213444
0.139157,1,0.001810
0.121835,1,0.036217
0.109009,1,0.177344
0.109688,1,0.311094
0.132028,1,0.060302
0.093716,1,0.072519
0.147584,1,0.143150
0.068013,1,0.015265
0.119686,1,0.047936
0.180556,1,0.223991
0.113758,1,0.079529
0.062225,1,0.011693
0.224376,0,0.247906
0.097067,1,0.025935
0.156897,1,0.402192
0.120537,1,0.107113
0.154135,1,0.202323
0.175569,1,0.211892
0.094952,1,0.061441
0.197233,1,0.107756
0.197433,1,0.234508
0.193471,1,0.162527
0.079711,1,0.044848
0.105949,1,0.087002
0.152741,1,0.158158
0.134306,1,0.079888
0.201161,0,0.229907
0.054836,1,0.017748
0.104330,1,0.109007
0.066100,1,0.013090
0.050028,1,0.001294
0.189022,1,0.132689
0.112999,1,0.109316
0.091794,1,0.004200
0.111984,1,0.054366
0.180914,1,0.115944
0.099886,1,0.019524
0.131749,1,0.135116
0.169325,1,0.207230
0.198889,1,0.150460
0.088393,1,0.008420
0.163900,1,0.095714
0.142575,1,0.018428
0.145193,1,0.147673
0.088364,1,0.034459
0.151571,1,0.192733
0.112596,1,0.043493
0.120911,1,0.201658
0.163483,1,0.199534
0.124963,1,0.196711
0.150692,1,0.165203
0.084540,1,0.001690
0.083261,1,0.021654
0.095502,1,0.022814
0.301517,0,0.214248
0.100506,1,0.113775
0.108346,1,0.058086
0.239834,0,0.090878
0.101498,1,0.362664
0.133631,1,0.075519
0.073723,1,0.097572
0.111352,1,0.035411
0.095481,1,0.046118
0.144243,1,0.118814
0.099681,1,0.080114
0.121645,1,0.068150
0.126905,1,0.131482
0.083815,1,0.044430
0.120203,1,0.076334
0.137319,1,0.046204
0.162292,1,0.159106
0.119813,1,0.147806
0.192454,1,0.300927
0.141179,1,0.109326
0.227385,0,0.238506
0.126266,1,0.083342
0.112459,1,0.042603
0.275175,0,0.257477
0.113235,1,0.089594
0.192698,1,0.351078
0.181580,1,0.291732
0.106507,1,0.280654
0.097778,1,0.046453
0.271957,0,0.249936
0.153115,1,0.236416
0.124915,1,0.051668
0.146429,1,0.241991
0.120807,1,0.067057
0.130145,1,0.077321
0.144486,1,0.077056
0.228951,0,0.094518
0.203742,0,0.308018
0.100557,1,0.050304
0.323015,0,0.189176
0.148620,1,0.181754
0.295952,0,0.142864
0.119516,1,0.065718
0.208513,0,0.178067
0.077258,1,0.109548
0.114875,1,0.122854
0.234344,0,0.267767
0.153989,1,0.218750
0.122855,1,0.055959
0.147520,1,0.089262
0.100157,1,0.228428
0.186591,1,0.304528
0.096803,1,0.066608
0.118585,1,0.247989
0.087890,1,0.131122
0.079778,1,0.189176
0.119434,1,0.305026
0.085105,1,0.053337
0.119093,1,0.290642
0.108747,1,0.038508
0.145074,1,0.268220
0.086038,1,0.067957
0.088777,1,0.208689
0.158995,1,0.429365
0.108070,1,0.256957
0.089094,1,0.097673
0.093601,1,0.103614
0.089305,1,0.271083
0.146909,1,0.329831
0.104515,1,0.105869
0.090796,1,0.214820
0.059926,1,0.007079
0.135819,1,0.241116
0.068272,1,0.047633
0.136753,1,0.261137
0.121627,1,0.305387
0.106809,1,0.236071
0.153465,1,0.443817
0.153719,1,0.305860
0.127080,1,0.046321
0.104477,1,0.220135
0.119298,1,0.128363
0.122661,1,0.308655
0.131701,1,0.217168
0.122755,1,0.280929
0.110586,1,0.207294
0.071390,1,0.002849
0.083916,1,0.024645
0.085681,1,0.177854
0.121377,1,0.339592
0.141710,1,0.179256
0.137572,1,0.443754
0.136416,1,0.232493
0.138691,1,0.458981
0.117871,1,0.247262
0.116512,1,0.296139
0.105694,1,0.195302
0.136416,1,0.232493
0.096854,1,0.075402
0.139062,1,0.303095
0.188275,1,0.137624
0.320260,0,0.225418
0.388943,0,0.485488
0.289932,0,0.250207
0.145863,1,0.075580
0.153449,1,0.097526
0.092634,1,0.006287
0.191868,1,0.089247
0.201589,0,0.205636
0.114152,1,0.019896
0.146279,1,0.073843
0.272070,0,0.022262
0.316508,0,0.378399
0.202218,0,0.048535
0.340196,0,0.127588
0.406005,0,0.523686
0.181441,1,0.102273
0.285879,0,0.050053
0.244080,0,0.122191
0.208869,0,0.199006
0.256672,0,0.115272
0.284500,0,0.114254
0.211314,0,0.184801
0.178310,1,0.142428
0.295602,0,0.138634
0.336873,0,0.295472
0.090062,1,0.008476
0.258934,0,0.213685
0.375113,0,0.172097
0.250049,0,0.273855
0.237047,0,0.055825
0.202169,0,0.079115
0.386903,0,0.486264
0.310471,0,0.170319
0.364820,0,0.195029
0.252344,0,0.211995
0.059657,1,0.002690
0.367548,0,0.229372
0.187742,1,0.074956
0.207238,0,0.153656
0.383893,0,0.276482
0.159785,1,0.066866
0.264595,0,0.121043
0.263013,0,0.158282
0.327466,0,0.288968
0.296632,0,0.162681
0.248665,0,0.055447
0.134639,1,0.085661
0.265480,0,0.016234
0.188484,1,0.130755
0.105152,1,0.118484
0.142333,1,0.285784
0.115917,1,0.211435
0.127090,1,0.255606
0.087143,1,0.079359
0.061617,1,0.034195
0.175128,1,0.141332
0.079720,1,0.019124
0.104506,1,0.092683
0.147095,1,0.309851
0.134492,1,0.270445
0.073223,1,0.223524
0.100803,1,0.138887
0.142543,1,0.283427
0.116200,1,0.051578
0.088156,1,0.074390
0.102059,1,0.315750
0.093837,1,0.281628
0.139108,1,0.209737
0.106977,1,0.224767
0.114290,1,0.264282
0.069507,1,0.227526
0.048661,1,0.031465
0.113270,1,0.239862
0.151464,1,0.217777
0.104031,1,0.250292
0.129451,1,0.015350
0.051914,1,0.105107
0.101529,1,0.043754
0.148554,1,0.152552
0.129135,1,0.243891
0.134521,1,0.306964
0.083337,1,0.053581
0.134129,1,0.313782
0.133458,1,0.131468
0.158751,1,0.110629
0.078211,1,0.245665
0.125548,1,0.207050
0.137866,1,0.298833
0.093456,1,0.206321
0.067684,1,0.080959
0.141022,1,0.257892
0.072911,1,0.162931
0.067189,1,0.093227
0.075869,1,0.234973
0.052284,1,0.073275
0.074120,1,0.012326
0.158751,1,0.110629
0.144808,1,0.066849
0.110512,1,0.247797
0.178547,1,0.161749
0.165460,1,0.164663
0.124741,1,0.098086
0.119484,1,0.253894
0.142253,1,0.147599
0.198551,1,0.327276
0.088665,1,0.060576
0.076675,1,0.023475
0.118485,1,0.118616
0.129212,1,0.078017
0.084688,1,0.028421
0.135979,1,0.125889
0.111348,1,0.311162
0.226272,0,0.340634
0.099819,1,0.298643
0.089875,1,0.089609
0.202681,0,0.225015
0.111540,1,0.072969
0.119106,1,0.047151
0.134711,1,0.079198
0.155139,1,0.178702
0.111583,1,0.123600
0.117265,1,0.281627
0.135429,1,0.057094
0.141050,1,0.191947
0.181100,1,0.174990
0.088232,1,0.083645
0.112588,1,0.156551
0.129212,1,0.078017
0.200884,0,0.330746
0.111149,1,0.052939
0.100914,1,0.249082
0.138820,1,0.206137
0.112588,1,0.156551
0.144077,1,0.082755
0.149984,1,0.134482
0.120561,1,0.058772
0.182978,1,0.113277
0.201651,0,0.323180
0.101328,1,0.110525
0.138764,1,0.063562
0.138820,1,0.206137
0.127441,1,0.092554
0.166430,1,0.170369
0.155504,1,0.126322
0.189958,1,0.226537
0.171500,1,0.266629
0.103980,1,0.043037
0.174196,1,0.133773
0.144706,1,0.212632
0.110885,1,0.127671
0.129321,1,0.169294
0.109223,1,0.122456
0.047989,1,0.000323
0.177773,1,0.270845
0.118998,1,0.109553
0.104200,1,0.026529
0.098659,1,0.071403
0.079106,1,0.010626
0.118479,1,0.015246
0.096321,1,0.018051
0.098838,1,0.050057
0.146509,1,0.049966
0.099260,1,0.061128
0.083159,1,0.029396
0.129795,1,0.148072
0.119045,1,0.074316
0.067218,1,0.006831
0.105897,1,0.029560
0.244728,0,0.384515
0.069874,1,0.006478
0.092222,1,0.020547
0.172825,1,0.210120
0.081074,1,0.026586
0.265247,0,0.387308
0.162314,1,0.283946
0.071505,1,0.014511
0.162831,1,0.285547
0.188624,1,0.089040
0.133151,1,0.170136
0.232466,0,0.356917
0.081024,1,0.011844
0.151329,1,0.171616
0.087071,1,0.009631
0.123512,1,0.061571
0.094967,1,0.023596
0.076382,1,0.009185
0.113956,1,0.040936
0.096013,1,0.023320
0.100278,1,0.014063
0.167356,1,0.166294
0.117573,1,0.105387
0.207206,0,0.316051
0.072919,1,0.005787
0.109464,1,0.037478
0.098910,1,0.029246
0.069660,1,0.007794
0.128416,1,0.162547
0.102174,1,0.012345
0.100554,1,0.033199
0.252697,0,0.226811
0.179642,1,0.122882
0.288004,0,0.176639
0.267506,0,0.217880
0.192401,1,0.114763
0.264666,0,0.095394
0.125551,1,0.018166
0.097305,1,0.096078
0.268688,0,0.194345
0.214093,0,0.163172
0.279947,0,0.444135
0.287760,0,0.234962
0.305429,0,0.453999
0.170330,1,0.142599
0.178014,1,0.040243
0.100814,1,0.035615
0.091104,1,0.041491
0.216624,0,0.183689
0.166133,1,0.223770
0.200009,0,0.109466
0.139855,1,0.056084
0.179317,1,0.126393
0.185383,1,0.145967
0.109270,1,0.070014
0.284462,0,0.332787
0.171079,1,0.129670
0.304879,0,0.162461
0.146980,1,0.112292
0.108406,1,0.072006
0.201012,0,0.145277
0.089127,1,0.021328
0.104922,1,0.108168
0.289146,0,0.161036
0.255180,0,0.162241
0.139137,1,0.055689
0.322591,0,0.151609
0.234155,0,0.162350
0.225301,0,0.167744
0.241717,0,0.090292
0.297747,0,0.248842
0.290584,0,0.249724
0.258894,0,0.170598
0.057097,1,0.002726
0.116938,1,0.021687
0.167192,1,0.104969
0.200032,0,0.119890
0.226606,0,0.132329
0.099122,1,0.014738
0.284703,0,0.271820
0.157723,1,0.017104
0.184787,1,0.609201
0.180160,1,0.348031
0.174471,1,0.500450
0.060584,1,0.003905
0.137028,1,0.052721
0.115469,1,0.224566
0.192766,1,0.596925
0.139648,1,0.061027
0.158328,1,0.534441
0.115895,1,0.347230
0.198768,1,0.522509
0.114973,1,0.382885
0.205633,0,0.591357
0.084778,1,0.059702
0.216195,0,0.408227
0.206585,0,0.443185
0.180702,1,0.609200
0.199503,1,0.606426
0.179200,1,0.465109
0.213639,0,0.512478
0.169771,1,0.528795
0.110503,1,0.226738
0.182581,1,0.446978
0.193420,1,0.566278
0.131107,1,0.076081
0.170540,1,0.408851
0.169150,1,0.129198
0.233764,0,0.552928
0.076725,1,0.023180
0.181504,1,0.459030
0.119063,1,0.393855
0.170271,1,0.223171
0.156052,1,0.240686
0.186310,1,0.593940
0.108517,1,0.089837
0.211219,0,0.512488
0.165073,1,0.562703
0.180160,1,0.348031
0.102432,1,0.122173
0.187155,1,0.211962
0.243673,0,0.426843
0.182656,1,0.597418
0.186310,1,0.593940
0.235541,0,0.275485
0.081179,1,0.024599
0.186721,1,0.465413
0.231629,0,0.479112
0.111169,1,0.042668
0.127500,1,0.202196
0.193591,1,0.484160
0.068648,1,0.060789
0.089961,1,0.103351
0.098552,1,0.399205
0.085713,1,0.112032
0.113439,1,0.230206
0.112571,1,0.106133
0.145008,1,0.150225
0.120531,1,0.219306
0.064505,1,0.000115
0.075068,1,0.138138
0.088883,1,0.107498
0.083924,1,0.298063
0.079995,1,0.050417
0.097161,1,0.189198
0.092572,1,0.332497
0.059949,1,0.168500
0.095039,1,0.415046
0.120043,1,0.223605
0.113581,1,0.154547
0.088017,1,0.014578
0.096620,1,0.073626
0.114996,1,0.182417
0.083881,1,0.121757
0.093204,1,0.172270
0.078987,1,0.324023
0.098877,1,0.393832
0.070615,1,0.065799
0.079905,1,0.151733
0.038477,1,0.006028
0.097969,1,0.144033
0.078150,1,0.204836
0.044665,1,0.030468
0.038477,1,0.006028
0.066059,1,0.173180
0.081833,1,0.085772
0.092892,1,0.139711
0.065334,1,0.052666
0.065362,1,0.030848
0.080501,1,0.164581
0.069434,1,0.083606
0.095292,1,0.362394
0.060988,1,0.033835
0.081746,1,0.091247
0.063453,1,0.135029
0.103845,1,0.128147
0.097078,1,0.276731
0.072211,1,0.046560
0.110295,1,0.323116
0.078198,1,0.038278
0.108461,1,0.274086
0.066024,1,0.063906
0.082144,1,0.016972
0.066336,1,0.113912
0.078053,1,0.102517
0.063206,1,0.017993
0.091613,1,0.101233
0.063032,1,0.050348
0.076903,1,0.019448
0.070633,1,0.088857
0.072836,1,0.164937
0.089478,1,0.221872
0.070111,1,0.116546
0.104624,1,0.109960
0.045514,1,0.007323
0.089345,1,0.097996
0.070491,1,0.013295
0.099790,1,0.426603
0.104449,1,0.163912
0.058467,1,0.018289
0.076688,1,0.017022
0.066855,1,0.016089
0.098357,1,0.051949
0.068725,1,0.026394
0.063687,1,0.052845
0.126513,1,0.047163
0.062707,1,0.089903
0.067043,1,0.027623
0.087646,1,0.134337
0.084137,1,0.084357
0.081544,1,0.152611
0.063285,1,0.070242
0.091811,1,0.351205
0.073368,1,0.026250
0.074787,1,0.112766
0.061625,1,0.012173
0.121292,1,0.607785
0.068197,1,0.162545
0.066433,1,0.004835
0.078781,1,0.083554
0.065257,1,0.034804
0.064317,1,0.071951
0.070157,1,0.058412
0.075334,1,0.026338
0.083260,1,0.169400
0.056928,1,0.034153
0.088872,1,0.679345
0.071903,1,0.005477
0.058516,1,0.016689
0.101693,1,0.104423
0.070558,1,0.076670
0.084025,1,0.212779
0.096723,1,0.172412
0.153386,1,0.297312
0.130967,1,0.291976
0.095147,1,0.077461
0.120117,1,0.231963
0.112708,1,0.188070
0.124188,1,0.319258
0.096670,1,0.210695
0.136090,1,0.292578
0.109025,1,0.228246
0.112708,1,0.188070
0.086768,1,0.029159
0.112930,1,0.292613
0.096539,1,0.261247
0.063207,1,0.061794
0.088283,1,0.112924
0.100666,1,0.199777
0.125594,1,0.267871
0.105180,1,0.213755
0.113521,1,0.193908
0.152332,1,0.258486
0.075497,1,0.037527
0.098894,1,0.228669
0.090430,1,0.130090
0.081497,1,0.128260
0.119867,1,0.228609
0.077432,1,0.153135
0.084448,1,0.126797
0.104022,1,0.198150
0.100647,1,0.152704
0.078753,1,0.078199
0.071107,1,0.035208
0.145842,1,0.271762
0.130547,1,0.243205
0.088283,1,0.112924
0.123419,1,0.251776
0.126348,1,0.292908
0.092814,1,0.161096
0.063411,1,0.133725
0.103043,1,0.207816
0.100620,1,0.212720
0.148105,1,0.223520
0.059345,1,0.061301
0.099541,1,0.103985
0.078875,1,0.069274
0.084429,1,0.096494
0.107012,1,0.099338
0.110537,1,0.155925
0.067099,1,0.080233
0.087269,1,0.045593
0.132083,1,0.030007
0.094249,1,0.116188
0.055044,1,0.021017
0.103811,1,0.085405
0.093316,1,0.082075
0.113950,1,0.093946
0.101862,1,0.077222
0.086483,1,0.076632
0.077953,1,0.105849
0.047094,1,0.001223
0.116723,1,0.162956
0.069038,1,0.036808
0.062762,1,0.036833
0.140229,1,0.115253
0.122255,1,0.102229
0.142358,1,0.249460
0.124745,1,0.204207
0.117791,1,0.233744
0.060712,1,0.043575
0.090040,1,0.065358
0.115117,1,0.186565
0.125999,1,0.222462
0.087590,1,0.160917
0.127323,1,0.221508
0.119379,1,0.168951
0.074441,1,0.059819
0.130697,1,0.232870
0.131950,1,0.224112
0.117116,1,0.171040
0.113717,1,0.146406
0.080191,1,0.022352
0.073890,1,0.106114
0.129419,1,0.072090
0.080909,1,0.048711
0.054366,1,0.022673
0.060871,1,0.016216
0.118467,1,0.105024
0.122423,1,0.161501
0.065545,1,0.030683
0.072904,1,0.018515
0.086092,1,0.135468
0.043698,1,0.006592
0.055693,1,0.017163
0.089971,1,0.032482
0.082263,1,0.090858
0.149669,1,0.233137
0.119712,1,0.210018
0.086879,1,0.067226
0.052000,1,0.019877
0.113632,1,0.132743
0.101208,1,0.337706
0.079214,1,0.021412
0.106051,1,0.285193
0.063618,1,0.003620
0.104692,1,0.253699
0.124137,1,0.292058
0.074090,1,0.075726
0.099093,1,0.221828
0.106035,1,0.281145
0.157897,1,0.129259
0.080313,1,0.086684
0.087754,1,0.107732
0.144190,1,0.477762
0.171396,1,0.243451
0.161557,1,0.172172
0.119576,1,0.351597
0.115253,1,0.276024
0.071946,1,0.005270
0.108701,1,0.469900
0.109316,1,0.107675
0.087985,1,0.026765
0.098616,1,0.028205
0.115379,1,0.176175
0.118407,1,0.215776
0.123495,1,0.147935
0.123518,1,0.156890
0.138294,1,0.460102
0.120849,1,0.431987
0.162484,1,0.410703
0.077172,1,0.137386
0.109291,1,0.147801
0.118521,1,0.413354
0.125338,1,0.349828
0.092573,1,0.206103
0.096142,1,0.387973
0.104073,1,0.140119
0.087037,1,0.245395
0.085995,1,0.149687
0.146564,1,0.122849
0.135934,1,0.202569
0.094097,1,0.089809
0.146354,1,0.432348
0.085921,1,0.016061
0.130087,1,0.085898
0.123495,1,0.147935
0.079629,1,0.003042
0.100728,1,0.239057
0.095382,1,0.081415
0.086882,1,0.289245
0.142421,1,0.147673
0.152629,1,0.069699
0.174327,1,0.068891
0.171565,1,0.191303
0.126078,1,0.110500
0.260722,0,0.338140
0.171144,1,0.086756
0.143423,1,0.088823
0.184268,1,0.067863
0.175182,1,0.074115
0.156831,1,0.049989
0.141588,1,0.014450
0.149884,1,0.160206
0.242234,0,0.117509
0.153282,1,0.132905
0.186915,1,0.186028
0.147345,1,0.091981
0.221407,0,0.253082
0.150176,1,0.107635
0.100193,1,0.061446
0.122436,1,0.070684
0.169303,1,0.058109
0.229353,0,0.242081
0.136374,1,0.166953
0.155759,1,0.011036
0.147506,1,0.197791
0.117212,1,0.065588
0.158579,1,0.135097
0.056416,1,0.000006
0.233700,0,0.178286
0.150718,1,0.167081
0.245010,0,0.212772
0.227214,0,0.149533
0.167800,1,0.137557
0.190695,1,0.138296
0.119359,1,0.073565
0.202680,0,0.172841
0.185596,1,0.170648
0.077927,1,0.056326
0.121880,1,0.070968
0.101910,1,0.072880
0.176920,1,0.167713
0.246018,0,0.273602
0.153015,1,0.174544
0.195731,1,0.158354
0.121305,1,0.021615
0.136432,1,0.151983
0.222098,0,0.060445
0.184787,1,0.078533
0.175365,1,0.129240
0.143254,1,0.170404
0.097794,1,0.048568
0.109767,1,0.069142
0.271989,0,0.462910
0.091203,1,0.099896
0.125370,1,0.183814
0.122163,1,0.393810
0.063423,1,0.027730
0.113666,1,0.178062
0.095126,1,0.179697
0.123602,1,0.123864
0.237081,0,0.269619
0.214466,0,0.174690
0.071754,1,0.278182
0.266705,0,0.433611
0.126070,1,0.329553
0.065968,1,0.065178
0.151787,1,0.405271
0.126542,1,0.294279
0.074716,1,0.207893
0.108162,1,0.050381
0.063301,1,0.035866
0.242809,0,0.238523
0.138515,1,0.423992
0.070063,1,0.010695
0.247811,0,0.451215
0.137899,1,0.369083
0.196474,1,0.452179
0.239579,0,0.221572
0.124824,1,0.331050
0.170202,1,0.292601
0.148752,1,0.370746
0.099124,1,0.268063
0.104979,1,0.241254
0.136785,1,0.158663
0.137199,1,0.334365
0.093901,1,0.178208
0.150511,1,0.435249
0.109952,1,0.350682
0.242588,0,0.480183
0.055867,1,0.049078
0.138652,1,0.257956
0.102586,1,0.267167
0.236164,0,0.174208
0.130131,1,0.286738
0.061181,1,0.042659
0.092709,1,0.273509
0.128543,1,0.354907
0.097969,1,0.273098
0.090397,1,0.063810
0.135277,1,0.018720
0.345044,0,0.397841
0.113611,1,0.063761
0.166267,1,0.325379
0.151356,1,0.044538
0.128999,1,0.063633
0.130324,1,0.366243
0.106116,1,0.022415
0.122344,1,0.102384
0.105739,1,0.051010
0.262449,0,0.322175
0.094342,1,0.033119
0.118466,1,0.072508
0.106532,1,0.032010
0.108178,1,0.070922
0.171758,1,0.133869
0.077062,1,0.010516
0.096191,1,0.011911
0.091456,1,0.009099
0.161125,1,0.028596
0.106438,1,0.069552
0.139719,1,0.198371
0.148582,1,0.080493
0.126258,1,0.280731
0.247885,0,0.630890
0.135428,1,0.084626
0.101918,1,0.027522
0.170470,1,0.141162
0.124801,1,0.082542
0.094792,1,0.124874
0.110787,1,0.060889
0.146469,1,0.180399
0.149486,1,0.090567
0.124309,1,0.084563
0.181755,1,0.103427
0.173708,1,0.073646
0.106643,1,0.042200
0.285662,0,0.629402
0.151066,1,0.076479
0.118679,1,0.081856
0.114030,1,0.046275
0.090078,1,0.006309
0.111979,1,0.080861
0.156658,1,0.137581
0.211467,0,0.617111
0.083863,1,0.043848
0.365441,0,0.203244
0.087655,1,0.043949
0.155205,1,0.507076
0.129156,1,0.050818
0.143447,1,0.206740
0.159003,1,0.222239
0.181731,1,0.235022
0.127172,1,0.222867
0.063764,1,0.002566
0.105001,1,0.045037
0.168819,1,0.175153
0.115351,1,0.071438
0.151719,1,0.205624
0.124038,1,0.206448
0.281869,0,0.196997
0.142397,1,0.130646
0.164282,1,0.179406
0.073425,1,0.068924
0.181870,1,0.111296
0.088434,1,0.051973
0.199140,1,0.218095
0.126506,1,0.006517
0.161354,1,0.212348
0.256187,0,0.206155
0.212901,0,0.265090
0.222768,0,0.242983
0.146295,1,0.083212
0.161138,1,0.239004
0.190720,1,0.267847
0.100776,1,0.008320
0.092102,1,0.032743
0.126085,1,0.120388
0.198291,1,0.206010
0.167235,1,0.218773
0.174493,1,0.183773
0.079592,1,0.012880
0.091345,1,0.057371
0.105097,1,0.022574
0.095213,1,0.021639
0.109892,1,0.070192
0.119329,1,0.098815
0.144789,1,0.188745
0.219926,0,0.269538
0.226166,0,0.192754
0.161332,1,0.195774
0.150292,1,0.204259
0.103915,1,0.066555
0.173409,1,0.252885
0.175360,1,0.239652
0.167235,1,0.218773
0.167903,1,0.230373
0.186632,1,0.189229
0.132272,1,0.214856
0.160462,1,0.130798
0.087626,1,0.216255
0.080713,1,0.206537
0.122038,1,0.385270
0.101090,1,0.209135
0.066108,1,0.005474
0.073512,1,0.026306
0.118356,1,0.429488
0.120449,1,0.389445
0.096892,1,0.025553
0.109515,1,0.193966
0.108894,1,0.421915
0.098825,1,0.200535
0.089218,1,0.027982
0.107290,1,0.114562
0.131024,1,0.415537
0.062479,1,0.010608
0.108085,1,0.191610
0.115507,1,0.082319
0.120305,1,0.411808
0.073512,1,0.026306
0.069769,1,0.079872
0.101331,1,0.208175
0.073040,1,0.125942
0.097942,1,0.224433
0.061783,1,0.008528
0.105965,1,0.356024
0.092045,1,0.054327
0.138044,1,0.181641
0.081386,1,0.228076
0.094179,1,0.271236
0.079470,1,0.172592
0.070350,1,0.001547
0.092813,1,0.220116
0.113886,1,0.410246
0.136957,1,0.290917
0.091411,1,0.206398
0.126340,1,0.230105
0.108540,1,0.121708
0.096419,1,0.331920
0.094179,1,0.271236
0.094225,1,0.217223
0.093605,1,0.212030
0.074719,1,0.049975
0.118356,1,0.429488
0.074351,1,0.146933
0.058793,1,0.014544
0.087626,1,0.216255
0.075607,1,0.021625
0.122981,1,0.280736
0.107803,1,0.282878
0.103483,1,0.054560
0.169304,1,0.398089
0.081358,1,0.070435
0.269125,0,0.335119
0.189765,1,0.407648
0.200778,0,0.367781
0.217620,0,0.324706
0.257142,0,0.516366
0.223535,0,0.477823
0.082452,1,0.020698
0.126110,1,0.408646
0.180066,1,0.184125
0.238050,0,0.287671
0.217074,0,0.260449
0.209269,0,0.476038
0.248060,0,0.505934
0.223535,0,0.477823
0.217233,0,0.268348
0.093351,1,0.070626
0.275840,0,0.337355
0.148724,1,0.408643
0.278128,0,0.503896
0.292850,0,0.516366
0.152858,1,0.174256
0.266263,0,0.314562
0.209711,0,0.283105
0.151332,1,0.123219
0.125993,1,0.334181
0.175876,1,0.459008
0.305880,0,0.503893
0.204313,0,0.254935
0.215410,0,0.465819
0.265835,0,0.293301
0.282836,0,0.516972
0.199178,1,0.465960
0.175461,1,0.336619
0.122142,1,0.348439
0.258322,0,0.244262
0.233911,0,0.469052
0.071431,1,0.262988
0.288090,0,0.353222
0.165421,1,0.446535
0.143754,1,0.158912
0.197628,1,0.469053
0.167997,1,0.230192
0.064807,1,0.063545
0.068628,1,0.167154
0.138364,1,0.368295
0.258322,0,0.244262
0.096668,1,0.303306
0.062780,1,0.067187
0.162181,1,0.324865
0.071218,1,0.065749
0.077579,1,0.473526
0.145424,1,0.429777
0.099285,1,0.099822
0.154892,1,0.308350
0.107678,1,0.192771
0.096595,1,0.009752
0.073954,1,0.211231
0.083107,1,0.037076
0.044490,1,0.026321
0.126146,1,0.360657
0.150030,1,0.062226
0.122647,1,0.156552
0.133331,1,0.368308
0.155613,1,0.328310
0.119423,1,0.373186
0.140544,1,0.431888
0.125318,1,0.024634
0.066424,1,0.213444
0.142881,1,0.430242
0.062775,1,0.358495
0.100704,1,0.231494
0.073618,1,0.211133
0.156277,1,0.266951
0.065307,1,0.147408
0.053044,1,0.006339
0.082742,1,0.075958
0.069936,1,0.288638
0.060627,1,0.083045
0.063221,1,0.064514
0.143400,1,0.332418
0.144848,1,0.323593
0.130475,1,0.053271
0.108600,1,0.404651
0.093100,1,0.166833
0.060990,1,0.248787
0.134869,1,0.206403
0.151571,1,0.294072
0.067795,1,0.207238
0.044514,1,0.012324
0.102033,1,0.047118
0.069180,1,0.090941
0.141034,1,0.307474
0.048975,1,0.003433
0.064725,1,0.075692
0.112352,1,0.040678
0.072592,1,0.399439
0.152433,1,0.425200
0.133540,1,0.158504
0.107010,1,0.066055
0.151879,1,0.158482
0.151879,1,0.158482
0.151879,1,0.158482
0.115318,1,0.094543
0.101838,1,0.027248
0.091819,1,0.101332
0.151879,1,0.158482
0.093203,1,0.051827
0.095523,1,0.032380
0.115367,1,0.029660
0.124544,1,0.048001
0.118810,1,0.163629
0.151879,1,0.158482
0.115367,1,0.029660
0.151879,1,0.158482
0.105288,1,0.047208
0.151879,1,0.158482
0.112533,1,0.072601
0.151879,1,0.158482
0.112092,1,0.127225
0.118198,1,0.128423
0.078766,1,0.068666
0.101485,1,0.059294
0.151879,1,0.158482
0.103026,1,0.159778
0.151879,1,0.158482
0.151879,1,0.158482
0.095401,1,0.029114
0.105288,1,0.047208
0.090701,1,0.091711
0.105221,1,0.125071
0.117530,1,0.128249
0.148627,1,0.158482
0.113152,1,0.122075
0.151879,1,0.158482
0.128361,1,0.062205
0.120696,1,0.158655
0.105288,1,0.047208
0.101047,1,0.085689
0.133540,1,0.158504
0.151879,1,0.158482
0.100936,1,0.065378
0.151879,1,0.158482
0.139187,1,0.158540
0.137788,1,0.158504
0.151879,1,0.158482
0.146938,1,0.040712
0.125054,1,0.095784
0.067698,1,0.403706
0.059556,1,0.233754
0.221713,0,0.173212
0.215188,0,0.310467
0.238847,0,0.516928
0.229995,0,0.087162
0.059235,1,0.460692
0.210612,0,0.387175
0.164460,1,0.340819
0.197862,1,0.527925
0.052769,1,0.029743
0.075328,1,0.284290
0.238847,0,0.516928
0.059481,1,0.063145
0.213666,0,0.451893
0.204739,0,0.529844
0.190759,1,0.524350
0.162976,1,0.530940
0.183530,1,0.321388
0.222572,0,0.484365
0.106517,1,0.034300
0.211901,0,0.537948
0.241626,0,0.308617
0.094610,1,0.509650
0.226682,0,0.286139
0.068152,1,0.238224
0.180623,1,0.176693
0.065459,1,0.410633
0.223469,0,0.332958
0.056219,1,0.264552
0.226086,0,0.253566
0.180674,1,0.252941
0.198500,1,0.526033
0.230886,0,0.533747
0.097232,1,0.301323
0.052420,1,0.225269
0.063045,1,0.494195
0.238678,0,0.322037
0.227646,0,0.531741
0.197750,1,0.080395
0.205365,0,0.529656
0.234678,0,0.259543
0.223321,0,0.484366
0.161683,1,0.040769
0.225962,0,0.237638
0.230886,0,0.533747
0.205851,0,0.309993
0.052500,1,0.126870
0.151704,1,0.183956
0.216026,0,0.287678
0.150048,1,0.270498
0.067627,1,0.142508
0.200003,0,0.250250
0.077547,1,0.220807
0.133182,1,0.267963
0.178914,1,0.264385
0.110305,1,0.098981
0.073447,1,0.146508
0.106462,1,0.230623
0.180895,1,0.263959
0.093161,1,0.112623
0.086760,1,0.220430
0.087715,1,0.202936
0.205685,0,0.264386
0.126740,1,0.183087
0.094563,1,0.012766
0.094521,1,0.271101
0.057620,1,0.102063
0.059933,1,0.084901
0.064453,1,0.020024
0.139482,1,0.122768
0.066591,1,0.050770
0.116976,1,0.258899
0.099027,1,0.017239
0.161669,1,0.180453
0.130777,1,0.074752
0.110230,1,0.266752
0.184973,1,0.258279
0.166517,1,0.188240
0.090966,1,0.039853
0.202257,0,0.136647
0.071113,1,0.140878
0.155995,1,0.192980
0.197451,1,0.226139
0.066396,1,0.071879
0.097119,1,0.199392
0.058903,1,0.160899
0.068448,1,0.107659
0.200003,0,0.250250
0.172041,1,0.268474
0.108491,1,0.008569
0.167264,1,0.114877
0.098713,1,0.227122
0.083685,1,0.144088
0.093125,1,0.180791
0.106869,1,0.267790
0.087394,1,0.036856
0.080998,1,0.260453
0.091515,1,0.109560
0.081887,1,0.188231
0.217508,0,0.235677
0.207851,0,0.242221
0.176774,1,0.264235
0.211178,0,0.177325
0.186004,1,0.328690
0.076213,1,0.024208
0.214391,0,0.333896
0.135304,1,0.287774
0.131646,1,0.207706
0.222208,0,0.180941
0.211546,0,0.364776
0.198472,1,0.357450
0.089608,1,0.084362
0.229940,0,0.296177
0.182791,1,0.232740
0.151405,1,0.343473
0.218751,0,0.221857
0.124023,1,0.036960
0.157926,1,0.201027
0.194115,1,0.352691
0.206738,0,0.359142
0.089630,1,0.130945
0.106213,1,0.061880
0.102765,1,0.046118
0.215547,0,0.310751
0.153901,1,0.028929
0.159275,1,0.330702
0.181652,1,0.111212
0.215294,0,0.221791
0.120248,1,0.240467
0.190173,1,0.222133
0.219602,0,0.258993
0.111088,1,0.179336
0.205052,0,0.312080
0.128137,1,0.256050
0.090729,1,0.018448
0.200350,0,0.340287
0.195335,1,0.295987
0.067038,1,0.007930
0.164878,1,0.145673
0.206379,0,0.232721
0.190173,1,0.222133
0.068142,1,0.010327
0.257825,0,0.239390
0.215918,0,0.366282
0.248900,0,0.240263
0.107931,1,0.024908
0.107931,1,0.024908
0.170761,1,0.195863
0.188184,1,0.261889
0.147188,1,0.316834
0.075268,1,0.062765
0.241688,0,0.084331
0.103533,1,0.100275
0.131963,1,0.237997
0.213380,0,0.282175
0.150430,1,0.295391
0.053266,1,0.011306
0.136926,1,0.153345
0.136022,1,0.218362
0.132123,1,0.075118
0.059262,1,0.008880
0.064998,1,0.031477
0.164114,1,0.339005
0.151306,1,0.156743
0.329603,0,0.262156
0.131669,1,0.094445
0.078338,1,0.185112
0.317140,0,0.343008
0.138051,1,0.261151
0.135386,1,0.063579
0.105892,1,0.241276
0.156304,1,0.101251
0.084891,1,0.080395
0.135097,1,0.130028
0.185997,1,0.257680
0.075898,1,0.012730
0.167831,1,0.275401
0.268528,0,0.284614
0.119645,1,0.125238
0.055266,1,0.020050
0.303374,0,0.156502
0.134184,1,0.068957
0.157580,1,0.346133
0.119627,1,0.006213
0.103922,1,0.155443
0.137065,1,0.271881
0.127070,1,0.271886
0.145902,1,0.118053
0.135223,1,0.323207
0.142700,1,0.041466
0.114362,1,0.126462
0.155086,1,0.107974
0.139928,1,0.011588
0.254734,0,0.307212
0.127189,1,0.274835
0.116377,1,0.221966
0.066784,1,0.002622
0.143248,1,0.236880
0.141280,1,0.236585
0.059586,1,0.000003
0.050799,1,0.000002
0.057999,1,0.000056
0.078680,1,0.000335
0.045594,1,0.000008
0.062882,1,0.000023
0.039161,1,0.000007
0.052108,1,0.000004
0.052126,1,0.000002
0.078680,1,0.000335
0.078680,1,0.000335
0.052108,1,0.000004
0.089022,1,0.000334
0.078680,1,0.000335
0.078680,1,0.000335
0.078680,1,0.000335
0.050948,1,0.000003
0.078680,1,0.000335
0.078680,1,0.000335
0.078680,1,0.000335
0.055520,1,0.000002
0.061991,1,0.000053
0.064042,1,0.000023
0.051816,1,0.000006
0.078680,1,0.000335
0.058956,1,0.000002
0.078680,1,0.000335
0.064511,1,0.000337
0.043846,1,0.000003
0.042841,1,0.000004
0.078680,1,0.000335
0.073928,1,0.000332
0.078680,1,0.000335
0.078680,1,0.000335
0.078680,1,0.000335
0.047845,1,0.000001
0.078680,1,0.000335
0.078680,1,0.000335
0.058325,1,0.000021
0.072425,1,0.000311
0.043625,1,0.000002
0.052047,1,0.000001
0.051637,1,0.000021
0.078680,1,0.000335
0.078680,1,0.000335
0.078680,1,0.000335
0.078680,1,0.000335
0.060028,1,0.000001
0.075338,1,0.000333
0.078680,1,0.000335
0.116452,1,0.179692
0.111004,1,0.203492
0.135587,1,0.492697
0.156072,1,0.185083
0.094913,1,0.296287
0.170630,1,0.109274
0.129556,1,0.081534
0.108502,1,0.459573
0.109021,1,0.484791
0.099811,1,0.029400
0.136342,1,0.041918
0.115978,1,0.212898
0.139412,1,0.285579
0.080338,1,0.186308
0.148328,1,0.478027
0.133306,1,0.321029
0.198839,1,0.269089
0.126319,1,0.497400
0.141536,1,0.302684
0.113064,1,0.435133
0.092473,1,0.286131
0.091405,1,0.384970
0.143555,1,0.188600
0.084938,1,0.417010
0.103051,1,0.147250
0.108227,1,0.337754
0.092473,1,0.286131
0.095971,1,0.212905
0.136530,1,0.480933
0.110094,1,0.109981
0.127553,1,0.450203
0.104583,1,0.300581
0.130838,1,0.009129
0.092473,1,0.286131
0.083491,1,0.334879
0.156562,1,0.355841
0.131077,1,0.451944
0.086403,1,0.512708
0.103937,1,0.334893
0.095214,1,0.317828
0.128126,1,0.440815
0.132019,1,0.093949
0.114716,1,0.183381
0.138659,1,0.417451
0.087746,1,0.502980
0.144222,1,0.251681
0.133653,1,0.143481
0.093470,1,0.356974
0.176131,1,0.075860
0.056452,1,0.028973
0.131599,1,0.099805
0.234352,0,0.161369
0.164087,1,0.101667
0.126411,1,0.050788
0.128729,1,0.042325
0.252415,0,0.321743
0.114430,1,0.018195
0.140825,1,0.085215
0.163723,1,0.127826
0.149359,1,0.102049
0.171001,1,0.112761
0.169191,1,0.101663
0.144506,1,0.124499
0.110577,1,0.016464
0.161082,1,0.145273
0.241429,0,0.298845
0.119357,1,0.051606
0.092979,1,0.025217
0.113456,1,0.046176
0.158326,1,0.106567
0.181145,1,0.110444
0.188413,1,0.150699
0.169191,1,0.101663
0.252415,0,0.321743
0.096675,1,0.010019
0.116915,1,0.041012
0.144237,1,0.149313
0.157914,1,0.097481
0.131220,1,0.066771
0.171127,1,0.157478
0.107866,1,0.049547
0.180578,1,0.166135
0.112870,1,0.020677
0.074101,1,0.005995
0.136496,1,0.128522
0.137658,1,0.143467
0.115079,1,0.063550
0.108398,1,0.050483
0.106509,1,0.036681
0.079875,1,0.073212
0.098847,1,0.024221
0.163791,1,0.114039
0.155733,1,0.094265
0.173649,1,0.121944
0.093211,1,0.035061
0.067933,1,0.010565
0.162560,1,0.153741
0.189520,1,0.189591
0.143026,1,0.047291
0.152183,1,0.118062
0.075278,1,0.011487
0.122426,1,0.356607
0.116783,1,0.248248
0.067019,1,0.088161
0.112603,1,0.171762
0.080140,1,0.038511
0.111306,1,0.170789
0.111989,1,0.348073
0.125209,1,0.084625
0.104861,1,0.185409
0.144845,1,0.109901
0.124521,1,0.175335
0.120803,1,0.121828
0.077639,1,0.025595
0.060744,1,0.019865
0.116892,1,0.195586
0.100744,1,0.155721
0.125359,1,0.157114
0.056353,1,0.066748
0.057038,1,0.035106
0.102986,1,0.188991
0.104861,1,0.185409
0.088744,1,0.047719
0.054383,1,0.050486
0.161557,1,0.202928
0.086698,1,0.025828
0.087372,1,0.070974
0.140976,1,0.141884
0.075796,1,0.056517
0.137014,1,0.261944
0.066760,1,0.051697
0.126462,1,0.093464
0.075433,1,0.023720
0.115812,1,0.243307
0.071487,1,0.108053
0.119163,1,0.220996
0.118267,1,0.258905
0.089904,1,0.009556
0.131151,1,0.180509
0.095005,1,0.159606
0.107388,1,0.217957
0.072211,1,0.179630
0.120141,1,0.183135
0.094645,1,0.179505
0.110818,1,0.177096
0.137345,1,0.142587
0.073698,1,0.050695
0.174161,1,0.149277
0.146105,1,0.151227
0.098849,1,0.344655
0.061827,1,0.044706
0.083430,1,0.073441
0.122570,1,0.334855
0.082687,1,0.277423
0.097328,1,0.176395
0.098154,1,0.091763
0.083486,1,0.232209
0.130254,1,0.406644
0.056795,1,0.009626
0.086980,1,0.101845
0.117537,1,0.196041
0.085750,1,0.279364
0.085900,1,0.305457
0.063753,1,0.071283
0.070862,1,0.032690
0.101631,1,0.252467
0.054639,1,0.030844
0.102844,1,0.053107
0.083477,1,0.485811
0.071543,1,0.000007
0.074181,1,0.091125
0.132890,1,0.139707
0.121642,1,0.286254
0.144812,1,0.404349
0.092090,1,0.142298
0.089901,1,0.201482
0.102741,1,0.291957
0.072188,1,0.028289
0.074473,1,0.215126
0.088024,1,0.524841
0.091561,1,0.320533
0.092254,1,0.162828
0.084125,1,0.037182
0.078007,1,0.136911
0.102456,1,0.515253
0.071513,1,0.105777
0.051737,1,0.000011
0.082662,1,0.357390
0.079054,1,0.469748
0.076545,1,0.289339
0.094055,1,0.193317
0.051262,1,0.005015
0.096909,1,0.000090
0.081176,1,0.192727
0.096807,1,0.071011
0.086697,1,0.022508
0.106280,1,0.248732
0.092006,1,0.050087
0.115358,1,0.366401
0.104379,1,0.108215
0.070638,1,0.179223
0.133538,1,0.268709
0.144654,1,0.289015
0.075575,1,0.072953
0.131281,1,0.202360
0.065864,1,0.115580
0.175093,1,0.149530
0.072972,1,0.107456
0.105050,1,0.183941
0.095551,1,0.081788
0.167549,1,0.278711
0.082172,1,0.085284
0.107569,1,0.285323
0.117837,1,0.275999
0.169269,1,0.274627
0.170925,1,0.154372
0.153693,1,0.116077
0.149391,1,0.349628
0.094942,1,0.098449
0.081401,1,0.049099
0.128108,1,0.254709
0.094001,1,0.194447
0.062234,1,0.080517
0.112775,1,0.262733
0.097284,1,0.123753
0.153730,1,0.188218
0.156878,1,0.298461
0.066242,1,0.093802
0.128426,1,0.129503
0.076052,1,0.005764
0.073425,1,0.022705
0.184308,1,0.217935
0.086482,1,0.041664
0.097356,1,0.129840
0.089118,1,0.163749
0.098210,1,0.032041
0.121271,1,0.180818
0.046878,1,0.002506
0.093797,1,0.123109
0.044033,1,0.008489
0.093869,1,0.032528
0.092556,1,0.168275
0.066887,1,0.025432
0.121044,1,0.135523
0.157458,1,0.143487
0.085020,1,0.055863
0.066242,1,0.093802
0.122995,1,0.226274
0.179245,1,0.152633
0.181597,1,0.184131
0.137064,1,0.305053
0.085572,1,0.294901
0.173504,1,0.249227
0.219323,0,0.278177
0.111290,1,0.107870
0.154396,1,0.093642
0.181707,1,0.266846
0.166366,1,0.179824
0.228764,0,0.283771
0.174898,1,0.169620
0.212392,0,0.312635
0.178945,1,0.185170
0.159806,1,0.053214
0.220663,0,0.438421
0.068271,1,0.198442
0.170363,1,0.178873
0.131369,1,0.110129
0.167921,1,0.407017
0.159416,1,0.281688
0.144084,1,0.416600
0.075316,1,0.024161
0.172289,1,0.265845
0.189317,1,0.309354
0.204751,0,0.347733
0.173266,1,0.220220
0.181431,1,0.422030
0.208898,0,0.249259
0.060262,1,0.189579
0.075416,1,0.018558
0.063879,1,0.239099
0.061051,1,0.033510
0.058025,1,0.016382
0.069133,1,0.188379
0.211736,0,0.452485
0.151727,1,0.275907
0.136971,1,0.035356
0.215137,0,0.453843
0.212301,0,0.277460
0.101580,1,0.185873
0.201439,0,0.468100
0.151958,1,0.139779
0.072188,1,0.212857
0.223532,0,0.325387
0.200219,0,0.305761
0.213588,0,0.209675
0.130549,1,0.113858
0.105007,1,0.108317
0.195958,1,0.444598
0.187059,1,0.291489
0.171256,1,0.320654
0.058181,1,0.281308
0.066674,1,0.627447
0.075688,1,0.192695
0.081292,1,0.491709
0.065042,1,0.373459
0.123532,1,0.659924
0.133981,1,0.187971
0.080377,1,0.227954
0.095439,1,0.371331
0.092493,1,0.230374
0.053474,1,0.050835
0.062072,1,0.082940
0.065147,1,0.035287
0.071797,1,0.173967
0.072959,1,0.264856
0.065208,1,0.082630
0.064671,1,0.106038
0.072959,1,0.264856
0.061460,1,0.000174
0.109908,1,0.448089
0.078306,1,0.242265
0.078914,1,0.527619
0.073798,1,0.650089
0.070648,1,0.601853
0.055312,1,0.018985
0.052828,1,0.072150
0.078306,1,0.242265
0.085160,1,0.364702
0.065408,1,0.350646
0.094652,1,0.529738
0.070648,1,0.601853
0.072419,1,0.527098
0.086586,1,0.660330
0.048403,1,0.007486
0.086458,1,0.232790
0.063695,1,0.047315
0.065830,1,0.595153
0.070609,1,0.036934
0.067598,1,0.132535
0.087953,1,0.200754
0.064977,1,0.348437
0.058932,1,0.107148
0.111956,1,0.538163
0.086698,1,0.523715
0.075556,1,0.207056
0.072979,1,0.173415
0.066734,1,0.236902
0.083446,1,0.505322
0.083355,1,0.467555
0.069687,1,0.535972
0.076342,1,0.185405
0.058770,1,0.174631
0.086429,1,0.284249
0.117351,1,0.264514
0.057833,1,0.093466
0.053406,1,0.072660
0.090469,1,0.059877
0.069505,1,0.124301
0.076880,1,0.055323
0.062706,1,0.214428
0.060146,1,0.166149
0.077298,1,0.246760
0.074351,1,0.062093
0.067589,1,0.175409
0.119150,1,0.189041
0.058071,1,0.195417
0.107555,1,0.288453
0.064734,1,0.236844
0.093974,1,0.275524
0.097338,1,0.167652
0.126321,1,0.204410
0.069505,1,0.124301
0.061614,1,0.144236
0.058829,1,0.072758
0.107572,1,0.115472
0.070129,1,0.105757
0.096582,1,0.090150
0.094947,1,0.116727
0.097369,1,0.222319
0.116008,1,0.250943
0.061280,1,0.227223
0.083907,1,0.060790
0.078803,1,0.046099
0.068862,1,0.214430
0.070129,1,0.105757
0.059735,1,0.039680
0.094599,1,0.279807
0.096202,1,0.086112
0.072021,1,0.000005
0.090310,1,0.275931
0.104364,1,0.282105
0.103461,1,0.113080
0.077202,1,0.246756
0.105549,1,0.107078
0.107572,1,0.115472
0.068577,1,0.000006
0.081886,1,0.261761
0.130442,1,0.291039
0.088800,1,0.112667
0.089408,1,0.166450
0.058414,1,0.043405
0.215949,0,0.069683
0.236551,0,0.381955
0.186914,1,0.139628
0.100391,1,0.271563
0.072215,1,0.414689
0.188882,1,0.273124
0.097071,1,0.483429
0.090119,1,0.034988
0.168589,1,0.140654
0.057313,1,0.000004
0.170952,1,0.361772
0.076659,1,0.284731
0.079398,1,0.000133
0.202260,0,0.331334
0.174884,1,0.024258
0.172108,1,0.429895
0.072316,1,0.392745
0.068401,1,0.310549
0.157994,1,0.154383
0.200780,0,0.386985
0.077276,1,0.414687
0.118743,1,0.271563
0.256617,0,0.405584
0.217409,0,0.347030
0.150506,1,0.016146
0.243769,0,0.417367
0.090405,1,0.271472
0.073684,1,0.133019
0.186706,1,0.330633
0.089399,1,0.237659
0.205827,0,0.333806
0.225991,0,0.388871
0.108500,1,0.151150
0.183058,1,0.400849
0.235447,0,0.392852
0.269730,0,0.336677
0.133817,1,0.169162
0.071682,1,0.123313
0.320769,0,0.411241
0.093033,1,0.150259
0.068460,1,0.002790
0.152051,1,0.393076
0.177184,1,0.283081
0.227263,0,0.389815
0.149076,1,0.107123
0.224546,0,0.400928
0.263395,0,0.391959
0.091137,1,0.143996
0.120010,1,0.087207
0.095012,1,0.108895
0.064476,1,0.100106
0.071133,1,0.147412
0.075371,1,0.100087
0.102841,1,0.121957
0.062347,1,0.068608
0.057981,1,0.024016
0.067296,1,0.056088
0.065364,1,0.083595
0.065564,1,0.016895
0.099986,1,0.119956
0.086641,1,0.098864
0.074195,1,0.107287
0.065175,1,0.082331
0.086280,1,0.049375
0.087404,1,0.129437
0.084794,1,0.109735
0.096958,1,0.131161
0.073811,1,0.134298
0.056898,1,0.076412
0.067336,1,0.119866
0.078200,1,0.116735
0.070488,1,0.002067
0.090356,1,0.119522
0.063593,1,0.093251
0.093934,1,0.119454
0.094629,1,0.187819
0.098122,1,0.129033
0.078998,1,0.050347
0.088536,1,0.070014
0.060468,1,0.105541
0.065542,1,0.099985
0.074079,1,0.139827
0.116642,1,0.112491
0.073024,1,0.122449
0.094131,1,0.110876
0.093985,1,0.136666
0.099287,1,0.110097
0.082670,1,0.188571
0.060742,1,0.106676
0.080320,1,0.084676
0.067940,1,0.061668
0.068668,1,0.030301
0.073024,1,0.122449
0.076995,1,0.093161
0.067534,1,0.173975
0.056719,1,0.004989
0.086315,1,0.126137
0.078676,1,0.127042
0.076011,1,0.096862
0.175057,1,0.079775
0.172947,1,0.187588
0.135293,1,0.083874
0.190663,1,0.198962
0.172592,1,0.123990
0.133573,1,0.071845
0.220029,0,0.195045
0.158895,1,0.245311
0.217808,0,0.195062
0.131507,1,0.164658
0.202900,0,0.179152
0.213601,0,0.326676
0.218797,0,0.195808
0.204740,0,0.337292
0.116113,1,0.055132
0.175174,1,0.214335
0.153683,1,0.116620
0.178913,1,0.182941
0.214049,0,0.248544
0.169024,1,0.228636
0.085305,1,0.007410
0.188550,1,0.206755
0.100482,1,0.020923
0.188550,1,0.206755
0.221219,0,0.191428
0.225895,0,0.298218
0.267220,0,0.357215
0.262036,0,0.386706
0.053435,1,0.016632
0.152199,1,0.123387
0.210881,0,0.198933
0.126731,1,0.059330
0.187437,1,0.127969
0.122088,1,0.032502
0.193244,1,0.185689
0.121773,1,0.048900
0.116076,1,0.011735
0.254856,0,0.358911
0.145118,1,0.043004
0.178690,1,0.212171
0.227728,0,0.315674
0.228523,0,0.383901
0.228523,0,0.383901
0.112196,1,0.238556
0.171412,1,0.101089
0.170213,1,0.148750
0.065091,1,0.093203
0.213601,0,0.326676
0.182650,1,0.141817
0.174909,1,0.212778
0.213514,0,0.436755
0.150741,1,0.165967
0.121641,1,0.196205
0.058571,1,0.039685
0.145468,1,0.234529
0.210760,0,0.431531
0.095489,1,0.024246
0.100726,1,0.163613
0.107150,1,0.251593
0.179195,1,0.273443
0.149962,1,0.196379
0.169978,1,0.215127
0.167763,1,0.220455
0.147566,1,0.208162
0.183586,1,0.172919
0.117922,1,0.080698
0.150621,1,0.227520
0.120630,1,0.166499
0.157799,1,0.200916
0.167195,1,0.214557
0.165000,1,0.151373
0.213690,0,0.215777
0.174897,1,0.200122
0.192441,1,0.099605
0.162047,1,0.217431
0.107732,1,0.183986
0.124767,1,0.165385
0.131799,1,0.142635
0.176654,1,0.162205
0.147566,1,0.048718
0.182301,1,0.325614
0.102525,1,0.183881
0.174841,1,0.233163
0.138240,1,0.116384
0.142542,1,0.246761
0.179320,1,0.226315
0.078091,1,0.048107
0.164268,1,0.072364
0.146839,1,0.223285
0.182968,1,0.289516
0.221210,0,0.328082
0.181498,1,0.233945
0.104726,1,0.037649
0.156057,1,0.257319
0.220682,0,0.407067
0.127117,1,0.102146
0.107732,1,0.183986
0.133747,1,0.117169
0.061400,1,0.009489
0.129783,1,0.173487
0.232614,0,0.567789
0.265078,0,0.403274
0.129770,1,0.115226
0.077670,1,0.079798
0.088677,1,0.094108
0.267468,0,0.366469
0.103801,1,0.253850
0.140408,1,0.073401
0.173245,1,0.180977
0.102245,1,0.286659
0.072493,1,0.091852
0.078028,1,0.171585
0.098671,1,0.015090
0.079805,1,0.245597
0.269476,0,0.568895
0.091387,1,0.309216
0.154955,1,0.029361
0.209401,0,0.460373
0.092727,1,0.022716
0.084076,1,0.135343
0.096559,1,0.089685
0.078077,1,0.216841
0.124801,1,0.081159
0.119460,1,0.179762
0.092108,1,0.121232
0.217309,0,0.318334
0.194463,1,0.164262
0.092486,1,0.195219
0.196412,1,0.399571
0.079613,1,0.105657
0.070962,1,0.032185
0.128530,1,0.450877
0.265086,0,0.590307
0.107008,1,0.115228
0.081301,1,0.098362
0.127699,1,0.257635
0.108850,1,0.380863
0.094468,1,0.251114
0.261706,0,0.609839
0.066090,1,0.033395
0.108674,1,0.124999
0.136168,1,0.030096
0.265574,0,0.544750
0.083098,1,0.038311
0.190551,1,0.250606
0.097218,1,0.153502
0.089788,1,0.210683
0.217456,0,0.342158
0.115760,1,0.259178
0.062606,1,0.044075
0.218715,0,0.197877
0.185137,1,0.105231
0.087886,1,0.029985
0.150693,1,0.084760
0.245127,0,0.193230
0.159023,1,0.110535
0.108192,1,0.057133
0.157595,1,0.104213
0.220330,0,0.130164
0.209862,0,0.279154
0.140531,1,0.088138
0.153487,1,0.195860
0.097539,1,0.115836
0.121000,1,0.039945
0.074723,1,0.016703
0.091134,1,0.036141
0.185196,1,0.222185
0.077599,1,0.017596
0.166900,1,0.104884
0.075525,1,0.021271
0.223197,0,0.189816
0.116000,1,0.094760
0.167916,1,0.116847
0.197391,1,0.191645
0.085964,1,0.032866
0.152533,1,0.110261
0.148593,1,0.186921
0.137255,1,0.065124
0.062386,1,0.009628
0.092465,1,0.039366
0.129910,1,0.102435
0.172632,1,0.132214
0.186925,1,0.260520
0.089839,1,0.037835
0.110546,1,0.059938
0.135964,1,0.089080
0.104011,1,0.089452
0.142206,1,0.214321
0.187008,1,0.245137
0.154111,1,0.160453
0.121925,1,0.049070
0.070441,1,0.061480
0.115428,1,0.101307
0.167808,1,0.098454
0.148207,1,0.094172
0.172632,1,0.132214
0.069829,1,0.017179
0.167922,1,0.207405
0.161446,1,0.234056
0.214505,0,0.264908
0.076218,1,0.021450
0.172504,1,0.290877
0.098634,1,0.084195
0.227153,0,0.420566
0.138713,1,0.113629
0.250398,0,0.433686
0.183738,1,0.338510
0.136484,1,0.059317
0.105652,1,0.125433
0.134779,1,0.165318
0.178154,1,0.207877
0.065003,1,0.015037
0.141500,1,0.129064
0.163363,1,0.117116
0.171579,1,0.439577
0.088995,1,0.046515
0.112912,1,0.157247
0.096461,1,0.044295
0.181670,1,0.160588
0.146872,1,0.124493
0.154660,1,0.283567
0.145926,1,0.110145
0.176043,1,0.423229
0.161203,1,0.268498
0.182529,1,0.121100
0.082738,1,0.058078
0.095443,1,0.063508
0.198945,1,0.155093
0.162956,1,0.426474
0.169655,1,0.442635
0.165137,1,0.322587
0.162303,1,0.282283
0.119189,1,0.168898
0.079517,1,0.018000
0.150299,1,0.142746
0.150745,1,0.369529
0.227878,0,0.375568
0.161495,1,0.188805
0.172267,1,0.412574
0.125674,1,0.234956
0.122727,1,0.139121
0.213059,0,0.137270
0.132911,1,0.284761
0.182529,1,0.121100
0.200271,0,0.172315
0.092467,1,0.124953
0.142292,1,0.135911
0.155887,1,0.264809
0.110194,1,0.036600
0.084514,1,0.038845
0.176969,1,0.301731
0.091642,1,0.013037
0.207497,0,0.088555
0.111098,1,0.052363
0.106245,1,0.042545
0.130260,1,0.125483
0.142949,1,0.049998
0.107073,1,0.046202
0.164508,1,0.020682
0.080771,1,0.002260
0.263772,0,0.058515
0.104789,1,0.095355
0.145541,1,0.024489
0.154703,1,0.059364
0.121539,1,0.083366
0.208501,0,0.098116
0.090080,1,0.024167
0.177997,1,0.154230
0.109782,1,0.037579
0.212104,0,0.058327
0.155492,1,0.127783
0.134754,1,0.021123
0.103076,1,0.043754
0.168459,1,0.022856
0.106997,1,0.027871
0.092319,1,0.028576
0.187405,1,0.078352
0.138793,1,0.056443
0.127821,1,0.046463
0.101683,1,0.055096
0.172452,1,0.187259
0.146925,1,0.157874
0.212295,0,0.423883
0.095053,1,0.060775
0.123028,1,0.024984
0.103107,1,0.203062
0.101248,1,0.060209
0.161444,1,0.093265
0.184943,1,0.061477
0.188011,1,0.100738
0.112911,1,0.063226
0.099819,1,0.004052
0.109657,1,0.067079
0.093176,1,0.036983
0.090740,1,0.056418
0.130447,1,0.054404
0.080834,1,0.020309
0.090069,1,0.044076
0.126684,1,0.059936
0.077193,1,0.011850
0.155049,1,0.205721
0.159439,1,0.062172
0.220836,0,0.173326
0.253501,0,0.238856
0.149788,1,0.072808
0.183069,1,0.244960
0.103812,1,0.184559
0.268987,0,0.321909
0.102235,1,0.036141
0.096773,1,0.073800
0.112894,1,0.048523
0.236355,0,0.267142
0.141283,1,0.249578
0.104942,1,0.072362
0.200436,0,0.306899
0.142530,1,0.136764
0.243513,0,0.321569
0.181569,1,0.215531
0.163279,1,0.164428
0.095617,1,0.057983
0.334182,0,0.403336
0.140625,1,0.144170
0.216188,0,0.150588
0.254567,0,0.270932
0.065139,1,0.004446
0.332483,0,0.450960
0.107509,1,0.063976
0.189653,1,0.182212
0.152204,1,0.092220
0.238366,0,0.252273
0.257507,0,0.295142
0.233504,0,0.254781
0.073236,1,0.038848
0.075549,1,0.028060
0.120344,1,0.080921
0.230255,0,0.249449
0.292188,0,0.295313
0.177153,1,0.071439
0.168219,1,0.189305
0.305251,0,0.395838
0.134129,1,0.151301
0.265071,0,0.259034
0.265996,0,0.281775
0.279741,0,0.263639
0.283826,0,0.451066
0.080658,1,0.132865
0.269283,0,0.300432
0.239873,0,0.270317
0.143222,1,0.244616
0.223179,0,0.287455
0.136984,1,0.110757
0.083191,1,0.055644
0.181774,1,0.087068
0.063299,1,0.008163
0.183219,1,0.048632
0.117421,1,0.249464
0.202460,0,0.132529
0.107184,1,0.316405
0.188824,1,0.122973
0.113756,1,0.393735
0.097812,1,0.133018
0.241369,0,0.089016
0.139918,1,0.123025
0.172771,1,0.106689
0.179313,1,0.140605
0.074858,1,0.296737
0.206696,0,0.111184
0.140661,1,0.143985
0.088146,1,0.148218
0.148482,1,0.236676
0.165805,1,0.095733
0.180991,1,0.031482
0.208921,0,0.087407
0.177165,1,0.100170
0.078859,1,0.078806
0.085831,1,0.242071
0.133475,1,0.147205
0.081687,1,0.363048
0.225737,0,0.115508
0.103477,1,0.397219
0.081891,1,0.062444
0.095490,1,0.087008
0.068592,1,0.013243
0.131849,1,0.424409
0.099460,1,0.130658
0.217366,0,0.053747
0.105942,1,0.270516
0.168776,1,0.245894
0.111631,1,0.225663
0.108242,1,0.147182
0.185186,1,0.105528
0.101092,1,0.076911
0.268393,0,0.115508
0.178247,1,0.074141
0.089700,1,0.067008
0.134294,1,0.067091
0.083341,1,0.027981
0.159232,1,0.056092
0.155838,1,0.085158
0.143039,1,0.257088
0.082793,1,0.356891
0.062983,1,0.154374
0.070625,1,0.310473
0.062983,1,0.154374
0.120483,1,0.019700
0.064109,1,0.140612
0.067907,1,0.282505
0.070615,1,0.084443
0.084958,1,0.020528
0.068789,1,0.144728
0.066352,1,0.078150
0.079362,1,0.365791
0.070592,1,0.204190
0.099607,1,0.226598
0.066261,1,0.048052
0.105792,1,0.263529
0.089469,1,0.119901
0.082008,1,0.187868
0.061505,1,0.036088
0.079515,1,0.042925
0.089249,1,0.168538
0.087108,1,0.270409
0.127739,1,0.363453
0.072403,1,0.260198
0.067467,1,0.172828
0.058908,1,0.324407
0.081401,1,0.349948
0.115606,1,0.329710
0.143823,1,0.276979
0.061012,1,0.282886
0.101100,1,0.198780
0.071949,1,0.146354
0.058259,1,0.023689
0.060242,1,0.110090
0.090260,1,0.104283
0.102965,1,0.381068
0.059173,1,0.326918
0.075974,1,0.242573
0.081573,1,0.380499
0.085966,1,0.241289
0.062054,1,0.130833
0.094385,1,0.082863
0.074208,1,0.227034
0.098967,1,0.340793
0.068513,1,0.117762
0.073733,1,0.241599
0.114610,1,0.334075
0.074026,1,0.272987
0.063526,1,0.208799
0.085465,1,0.103898
0.174982,1,0.098804
0.108968,1,0.080852
0.076613,1,0.049552
0.057758,1,0.015124
0.071546,1,0.066446
0.076339,1,0.039813
0.124776,1,0.168871
0.114823,1,0.156677
0.106165,1,0.438368
0.086702,1,0.020736
0.102413,1,0.088638
0.123131,1,0.059431
0.124776,1,0.168871
0.102761,1,0.252027
0.122244,1,0.181704
0.092801,1,0.435779
0.127578,1,0.147921
0.087470,1,0.278764
0.095220,1,0.309890
0.154329,1,0.167418
0.077325,1,0.416374
0.111169,1,0.378370
0.098628,1,0.032650
0.124542,1,0.197101
0.116476,1,0.403624
0.095340,1,0.022790
0.068634,1,0.170492
0.146970,1,0.035926
0.133808,1,0.007434
0.091999,1,0.241116
0.097613,1,0.384487
0.132472,1,0.288953
0.079109,1,0.225004
0.173829,1,0.357269
0.134324,1,0.035033
0.091785,1,0.299233
0.111746,1,0.144721
0.113767,1,0.251082
0.107618,1,0.010323
0.080433,1,0.439606
0.114221,1,0.416369
0.106013,1,0.198745
0.228391,0,0.073797
0.120932,1,0.389609
0.143041,1,0.439119
0.084631,1,0.127500
0.108696,1,0.020941
0.087870,1,0.243399
0.088395,1,0.217905
0.102357,1,0.134677
0.157911,1,0.204487
0.180683,1,0.168078
0.181322,1,0.145432
0.295577,0,0.061784
0.252277,0,0.314320
0.174451,1,0.202190
0.156983,1,0.190778
0.099297,1,0.022609
0.141941,1,0.121590
0.225647,0,0.214374
0.178308,1,0.208806
0.209316,0,0.144542
0.087593,1,0.000725
0.325692,0,0.320244
0.148768,1,0.174903
0.175311,1,0.211762
0.156947,1,0.253830
0.181322,1,0.145432
0.210964,0,0.214547
0.135170,1,0.175006
0.272143,0,0.214913
0.257170,0,0.052687
0.108169,1,0.040941
0.185148,1,0.205848
0.117432,1,0.037476
0.213402,0,0.087542
0.208892,0,0.165391
0.228086,0,0.147435
0.228714,0,0.151047
0.162115,1,0.137998
0.163369,1,0.199901
0.317965,0,0.131030
0.140230,1,0.134292
0.163286,1,0.157484
0.112269,1,0.024151
0.219994,0,0.241499
0.363583,0,0.240923
0.304334,0,0.112449
0.376961,0,0.133673
0.137194,1,0.187047
0.223318,0,0.208194
0.081319,1,0.011361
0.205339,0,0.143367
0.299757,0,0.185460
0.309692,0,0.246829
0.223829,0,0.210617
0.150053,1,0.149287
0.460753,0,0.290166
0.207089,0,0.101106
0.226825,0,0.237022
0.089587,1,0.288107
0.066085,1,0.174337
0.110883,1,0.171474
0.098343,1,0.320402
0.076486,1,0.092516
0.119279,1,0.334254
0.059121,1,0.022482
0.086354,1,0.337966
0.108081,1,0.322538
0.076425,1,0.312596
0.125812,1,0.134572
0.074912,1,0.187505
0.102997,1,0.265496
0.083995,1,0.013527
0.060328,1,0.026052
0.082115,1,0.160700
0.062317,1,0.271853
0.127316,1,0.047705
0.049172,1,0.000011
0.070601,1,0.010724
0.104824,1,0.274866
0.071425,1,0.280674
0.062582,1,0.107515
0.068106,1,0.079258
0.081885,1,0.330620
0.093626,1,0.291430
0.127044,1,0.239777
0.085081,1,0.219910
0.073922,1,0.105508
0.112462,1,0.115138
0.092028,1,0.241891
0.071913,1,0.199744
0.071481,1,0.325427
0.195685,1,0.218437
0.048695,1,0.073498
0.087825,1,0.080516
0.110867,1,0.322551
0.061747,1,0.126059
0.077371,1,0.280552
0.099078,1,0.176171
0.084298,1,0.236692
0.095466,1,0.322658
0.073276,1,0.246999
0.137854,1,0.050646
0.101281,1,0.234936
0.085434,1,0.102540
0.083995,1,0.013527
0.080408,1,0.236320
0.137857,1,0.338397
0.104941,1,0.092388
0.081923,1,0.302519
0.105638,1,0.280442
0.162288,1,0.318973
0.085070,1,0.289765
0.106584,1,0.215467
0.135049,1,0.341230
0.064646,1,0.000446
0.106302,1,0.433112
0.048329,1,0.089329
0.075691,1,0.202651
0.089500,1,0.412845
0.111973,1,0.148639
0.135363,1,0.339407
0.101395,1,0.160982
0.076621,1,0.202662
0.094760,1,0.383075
0.100410,1,0.231279
0.085973,1,0.259065
0.096764,1,0.408391
0.096670,1,0.263368
0.083148,1,0.078147
0.095250,1,0.257648
0.080649,1,0.216600
0.125236,1,0.304320
0.110220,1,0.258068
0.080649,1,0.216600
0.078283,1,0.017918
0.090932,1,0.201208
0.100879,1,0.079349
0.097242,1,0.326631
0.080237,1,0.103933
0.083545,1,0.432938
0.126749,1,0.222504
0.084230,1,0.245903
0.122914,1,0.229939
0.138698,1,0.338035
0.098571,1,0.371485
0.089589,1,0.084617
0.075565,1,0.248614
0.093217,1,0.208150
0.096764,1,0.408391
0.099405,1,0.383308
0.094065,1,0.299678
0.106925,1,0.386643
0.087487,1,0.276643
0.094474,1,0.388156
0.060520,1,0.059790
0.129886,1,0.326580
0.083545,1,0.432938
0.066691,1,0.002001
0.272892,0,0.157087
0.140805,1,0.058594
0.338802,0,0.245562
0.331181,0,0.233336
0.115651,1,0.022742
0.254830,0,0.111522
0.293230,0,0.160983
0.251723,0,0.147043
0.091650,1,0.018962
0.251959,0,0.189259
0.082795,1,0.034245
0.259112,0,0.170710
0.217830,0,0.065164
0.287576,0,0.166298
0.291118,0,0.312019
0.123242,1,0.035362
0.089737,1,0.008809
0.304988,0,0.342120
0.266818,0,0.189398
0.086903,1,0.000960
0.252591,0,0.148690
0.194483,1,0.140494
0.121327,1,0.039352
0.256391,0,0.148332
0.256263,0,0.183343
0.337544,0,0.303321
0.144814,1,0.026701
0.277667,0,0.168035
0.129395,1,0.061710
0.299472,0,0.286560
0.063797,1,0.000828
0.145740,1,0.047618
0.226014,0,0.111101
0.269339,0,0.159329
0.366337,0,0.334442
0.270547,0,0.292816
0.278455,0,0.156360
0.236507,0,0.134451
0.243097,0,0.194493
0.262366,0,0.138206
0.276342,0,0.134843
0.083802,1,0.012270
0.091297,1,0.025295
0.280294,0,0.251896
0.229363,0,0.293097
0.235485,0,0.144296
0.113262,1,0.035986
0.266818,0,0.189398
0.242375,0,0.143117
0.116014,1,0.052657
0.070113,1,0.216063
0.083577,1,0.188238
0.079823,1,0.165907
0.117176,1,0.292322
0.085799,1,0.202373
0.057267,1,0.020412
0.074194,1,0.147401
0.095800,1,0.243319
0.084353,1,0.112726
0.093095,1,0.104286
0.052698,1,0.033268
0.114501,1,0.133841
0.090578,1,0.267183
0.092284,1,0.341379
0.098521,1,0.205348
0.077152,1,0.123450
0.068637,1,0.029385
0.132485,1,0.193224
0.086614,1,0.196005
0.090593,1,0.196878
0.114967,1,0.326862
0.105715,1,0.087519
0.093079,1,0.318898
0.089628,1,0.153098
0.075904,1,0.185498
0.113132,1,0.327535
0.095066,1,0.165549
0.077809,1,0.056300
0.088720,1,0.161699
0.080176,1,0.111851
0.060421,1,0.095142
0.082304,1,0.047541
0.096418,1,0.171030
0.084353,1,0.112726
0.060676,1,0.025739
0.094431,1,0.104354
0.089018,1,0.087533
0.102475,1,0.037399
0.081392,1,0.031293
0.098501,1,0.329732
0.100978,1,0.090650
0.091652,1,0.337406
0.058663,1,0.014206
0.118715,1,0.343481
0.115222,1,0.052392
0.078047,1,0.073854
0.112320,1,0.264508
0.114121,1,0.227301
0.109513,1,0.327889
0.075661,1,0.063326
0.188191,1,0.373952
0.141221,1,0.288463
0.071309,1,0.046096
0.140122,1,0.254003
0.089612,1,0.037255
0.144279,1,0.148776
0.100000,1,0.055015
0.102717,1,0.110346
0.086198,1,0.049646
0.173705,1,0.332539
0.200262,0,0.423590
0.196251,1,0.389918
0.071309,1,0.046096
0.082467,1,0.055211
0.080067,1,0.017953
0.152143,1,0.147052
0.169404,1,0.258593
0.100000,1,0.055015
0.127608,1,0.136576
0.150116,1,0.150391
0.220097,0,0.426366
0.213290,0,0.401614
0.076963,1,0.043577
0.093190,1,0.044126
0.102424,1,0.059109
0.199483,1,0.346414
0.108472,1,0.098226
0.103098,1,0.141449
0.137205,1,0.162845
0.161447,1,0.164179
0.136152,1,0.141740
0.178192,1,0.380338
0.182189,1,0.428205
0.188447,1,0.462290
0.191464,1,0.418842
0.110431,1,0.113734
0.104444,1,0.194331
0.115574,1,0.022910
0.158378,1,0.193659
0.109694,1,0.087429
0.186789,1,0.405838
0.141873,1,0.136028
0.098407,1,0.032704
0.155468,1,0.160402
0.130472,1,0.117431
0.187739,1,0.295382
0.097273,1,0.055034
0.146686,1,0.173688
0.174058,1,0.314918
0.108639,1,0.063549
0.229953,0,0.358070
0.183419,1,0.377276
0.201284,0,0.365826
0.152204,1,0.142879
0.219399,0,0.359230
0.177822,1,0.197794
0.178885,1,0.337844
0.178242,1,0.341579
0.266846,0,0.362038
0.129961,1,0.124628
0.243358,0,0.355324
0.188636,1,0.093498
0.135671,1,0.269977
0.153930,1,0.215391
0.116847,1,0.122794
0.211486,0,0.339945
0.165907,1,0.362029
0.196237,1,0.063451
0.141422,1,0.063453
0.146913,1,0.110301
0.138558,1,0.145422
0.185744,1,0.377539
0.158354,1,0.170741
0.266846,0,0.362038
0.137001,1,0.132914
0.184828,1,0.317688
0.268365,0,0.345615
0.135688,1,0.041358
0.266846,0,0.362038
0.171250,1,0.330796
0.148781,1,0.150517
0.204960,0,0.362040
0.223388,0,0.373044
0.266846,0,0.362038
0.252288,0,0.362039
0.113214,1,0.001188
0.132681,1,0.049357
0.170930,1,0.168946
0.267863,0,0.374934
0.122210,1,0.109770
0.219624,0,0.377096
0.148870,1,0.207309
0.160896,1,0.186151
0.216861,0,0.361762
0.266846,0,0.362038
0.211410,0,0.377359
0.164362,1,0.323021
0.221108,0,0.377537
0.154431,1,0.238829
0.135671,1,0.269977
0.239869,0,0.407130
0.193915,1,0.417542
0.130360,1,0.323956
0.122375,1,0.091513
0.175037,1,0.304578
0.120855,1,0.240331
0.204067,0,0.437022
0.096064,1,0.004920
0.229567,0,0.405531
0.183737,1,0.388548
0.113831,1,0.206441
0.109216,1,0.063701
0.110210,1,0.139586
0.219442,0,0.240679
0.234188,0,0.410701
0.170649,1,0.424698
0.136072,1,0.226652
0.131708,1,0.100640
0.104020,1,0.192712
0.185508,1,0.414081
0.123962,1,0.202827
0.160064,1,0.365970
0.120122,1,0.015403
0.085278,1,0.025219
0.218694,0,0.413215
0.172405,1,0.275598
0.215753,0,0.409648
0.167407,1,0.437849
0.153591,1,0.434932
0.155926,1,0.162942
0.194365,1,0.289705
0.068151,1,0.018003
0.126218,1,0.212986
0.096695,1,0.020678
0.185079,1,0.291531
0.204143,0,0.412853
0.209860,0,0.263471
0.193033,1,0.146877
0.096886,1,0.304663
0.155587,1,0.437782
0.122940,1,0.240220
0.202810,0,0.416160
0.071907,1,0.108367
0.200057,0,0.411528
0.130360,1,0.323956
0.073364,1,0.163389
0.126662,1,0.299345
0.184528,1,0.441415
0.085346,1,0.057433
0.168335,1,0.375218
0.149056,1,0.269776
0.088049,1,0.034336
0.082135,1,0.098056
0.071182,1,0.157510
0.108808,1,0.133769
0.063961,1,0.005813
0.082049,1,0.252499
0.073057,1,0.168650
0.055634,1,0.021387
0.066833,1,0.029704
0.070583,1,0.057739
0.098048,1,0.076562
0.105165,1,0.125354
0.103376,1,0.061696
0.079430,1,0.098234
0.124213,1,0.166119
0.066240,1,0.051665
0.076537,1,0.076754
0.092066,1,0.076142
0.074794,1,0.112221
0.072208,1,0.027553
0.085162,1,0.175737
0.101382,1,0.143169
0.064561,1,0.053918
0.092282,1,0.045143
0.078582,1,0.189733
0.056479,1,0.028255
0.092692,1,0.186182
0.066182,1,0.011381
0.137911,1,0.125745
0.085767,1,0.221706
0.145790,1,0.267934
0.074416,1,0.133898
0.109456,1,0.116290
0.105323,1,0.111742
0.065718,1,0.137570
0.075944,1,0.105365
0.061754,1,0.059410
0.085189,1,0.198601
0.052719,1,0.013365
0.072016,1,0.025752
0.078629,1,0.066371
0.056860,1,0.009939
0.077248,1,0.125182
0.087625,1,0.141902
0.057593,1,0.024042
0.107761,1,0.105218
0.092698,1,0.094893
0.067660,1,0.015082
0.113339,1,0.055724
0.164032,1,0.236438
0.110400,1,0.242670
0.139953,1,0.114061
0.148171,1,0.242024
0.142139,1,0.387479
0.188247,1,0.187332
0.148766,1,0.319587
0.137553,1,0.368399
0.129496,1,0.253090
0.100100,1,0.049681
0.157218,1,0.327003
0.156199,1,0.308908
0.171379,1,0.235819
0.135803,1,0.109688
0.076925,1,0.039007
0.164364,1,0.360305
0.183217,1,0.177276
0.150536,1,0.124305
0.118916,1,0.071724
0.150540,1,0.318907
0.139200,1,0.292162
0.098057,1,0.146478
0.163282,1,0.215104
0.137677,1,0.204642
0.194278,1,0.240145
0.159032,1,0.266765
0.064679,1,0.042726
0.137741,1,0.095792
0.109488,1,0.226340
0.093429,1,0.040205
0.171379,1,0.235819
0.115564,1,0.070420
0.111317,1,0.126654
0.103690,1,0.048467
0.146255,1,0.067905
0.094463,1,0.039521
0.161416,1,0.093517
0.164032,1,0.236438
0.128112,1,0.096395
0.142606,1,0.104709
0.109491,1,0.118235
0.145221,1,0.197616
0.115297,1,0.104318
0.113509,1,0.272448
0.145505,1,0.093509
0.188247,1,0.187332
0.153697,1,0.319585
0.135080,1,0.386820
0.154041,1,0.369362
0.113586,1,0.270373
0.082010,1,0.043054
0.129183,1,0.127839
0.099593,1,0.130346
0.072800,1,0.022815
0.123934,1,0.129113
0.086419,1,0.041456
0.105819,1,0.102476
0.157018,1,0.129188
0.134627,1,0.047043
0.097352,1,0.120721
0.126231,1,0.021013
0.100878,1,0.120929
0.100970,1,0.047769
0.124817,1,0.133781
0.075218,1,0.016306
0.153502,1,0.135569
0.092804,1,0.047166
0.139317,1,0.260638
0.095541,1,0.042142
0.126569,1,0.164702
0.170318,1,0.137575
0.158566,1,0.161899
0.115973,1,0.041725
0.100920,1,0.089570
0.130369,1,0.071343
0.095987,1,0.036970
0.151292,1,0.374182
0.086419,1,0.041456
0.117083,1,0.018121
0.090372,1,0.089639
0.089956,1,0.088704
0.075084,1,0.106385
0.079327,1,0.024530
0.084933,1,0.090259
0.099032,1,0.124290
0.157881,1,0.140546
0.100853,1,0.153936
0.085747,1,0.110050
0.139141,1,0.043883
0.105598,1,0.097700
0.139464,1,0.113024
0.096389,1,0.007453
0.223247,0,0.131448
0.104056,1,0.102011
0.091566,1,0.077705
0.092955,1,0.080043
0.096428,1,0.076718
0.140101,1,0.125757
0.087725,1,0.018067
0.107030,1,0.093790
0.099625,1,0.189695
0.092721,1,0.072536
0.065028,1,0.001219
0.135534,1,0.108902
0.122560,1,0.150275
0.131277,1,0.104481
0.143973,1,0.107858
0.084711,1,0.042213
0.135249,1,0.073509
0.064798,1,0.034751
0.094935,1,0.060441
0.050310,1,0.007734
0.080831,1,0.015650
0.053171,1,0.001310
0.097097,1,0.139349
0.138096,1,0.096150
0.133331,1,0.131704
0.072125,1,0.033074
0.057817,1,0.009710
0.081630,1,0.006725
0.086219,1,0.042050
0.095915,1,0.044511
0.130173,1,0.087824
0.135740,1,0.081441
0.102737,1,0.084362
0.100899,1,0.093773
0.127781,1,0.025494
0.084963,1,0.064841
0.046936,1,0.010652
0.047582,1,0.002192
0.126982,1,0.184894
0.121147,1,0.062578
0.113843,1,0.087882
0.096812,1,0.030611
0.094154,1,0.037743
0.101153,1,0.108196
0.132522,1,0.114266
0.129810,1,0.150623
0.114620,1,0.194163
0.146921,1,0.093044
0.112560,1,0.003273
0.114011,1,0.048980
0.105651,1,0.040200
0.088738,1,0.030599
0.150345,1,0.203765
0.104829,1,0.060737
0.077317,1,0.108247
0.095218,1,0.079961
0.070887,1,0.038169
0.079403,1,0.035383
0.120707,1,0.060591
0.119532,1,0.096633
0.226160,0,0.184445
0.150826,1,0.084146
0.148111,1,0.100281
0.219703,0,0.185669
0.194764,1,0.134285
0.184890,1,0.171947
0.168641,1,0.063636
0.204151,0,0.176133
0.119393,1,0.058204
0.075914,1,0.010506
0.082359,1,0.018305
0.184625,1,0.115493
0.156404,1,0.115635
0.180149,1,0.104390
0.087542,1,0.044510
0.197254,1,0.183232
0.204512,0,0.238080
0.198597,1,0.129749
0.129092,1,0.061046
0.141609,1,0.082402
0.173186,1,0.165686
0.173216,1,0.100715
0.224995,0,0.137773
0.156382,1,0.082966
0.133655,1,0.095710
0.238403,0,0.171992
0.135524,1,0.132325
0.122800,1,0.043731
0.115973,1,0.037515
0.101610,1,0.031378
0.207338,0,0.244360
0.137264,1,0.024387
0.207846,0,0.150565
0.201579,0,0.159017
0.158983,1,0.099845
0.164640,1,0.087966
0.222406,0,0.182359
0.127166,1,0.042261
0.207952,0,0.125574
0.177191,1,0.075461
0.226160,0,0.184445
0.199536,1,0.090970
0.182203,1,0.087063
0.208535,0,0.240752
0.209188,0,0.156205
0.110857,1,0.039565
0.115620,1,0.059895
0.203917,0,0.184853
0.087233,1,0.082328
0.246346,0,0.228406
0.170219,1,0.407876
0.121436,1,0.221930
0.156880,1,0.460191
0.136352,1,0.256071
0.323430,0,0.241466
0.152401,1,0.325151
0.102470,1,0.211773
0.099507,1,0.075724
0.249081,0,0.171968
0.078686,1,0.023597
0.098630,1,0.019370
0.093725,1,0.023364
0.078708,1,0.028736
0.064572,1,0.033076
0.241978,0,0.236357
0.167844,1,0.147189
0.154564,1,0.316133
0.089711,1,0.084046
0.105019,1,0.191727
0.170999,1,0.467750
0.210938,0,0.227434
0.126175,1,0.106914
0.149225,1,0.196086
0.280253,0,0.238735
0.170219,1,0.407876
0.270500,0,0.241038
0.142144,1,0.302293
0.132933,1,0.400294
0.129954,1,0.066220
0.266539,0,0.241831
0.131175,1,0.057093
0.291427,0,0.238809
0.125325,1,0.250132
0.302791,0,0.234978
0.109668,1,0.210446
0.114588,1,0.106095
0.115014,1,0.240800
0.133126,1,0.108292
0.100479,1,0.166671
0.137848,1,0.205205
0.145945,1,0.057424
0.129939,1,0.374432
0.126912,1,0.073868
0.115329,1,0.093057
0.137560,1,0.040345
0.317026,0,0.241091
0.110687,1,0.116294
0.219545,0,0.218443
0.156993,1,0.143990
0.072065,1,0.012683
0.167885,1,0.374389
0.091101,1,0.097088
0.095644,1,0.010975
0.238608,0,0.225775
0.081982,1,0.047016
0.103034,1,0.015330
0.173092,1,0.170637
0.113091,1,0.033868
0.064746,1,0.002567
0.106760,1,0.020179
0.155881,1,0.214706
0.056935,1,0.001666
0.081980,1,0.013802
0.090123,1,0.070002
0.079043,1,0.054979
0.173580,1,0.152905
0.095500,1,0.165798
0.154529,1,0.221247
0.063380,1,0.011594
0.162319,1,0.164917
0.163501,1,0.305381
0.104134,1,0.054361
0.123913,1,0.220068
0.078624,1,0.030630
0.072930,1,0.011785
0.150137,1,0.324507
0.173523,1,0.234292
0.152055,1,0.222264
0.064094,1,0.004979
0.136615,1,0.226336
0.239899,0,0.373078
0.140610,1,0.158820
0.069166,1,0.046914
0.093357,1,0.016828
0.058073,1,0.001451
0.075351,1,0.020761
0.090671,1,0.100409
0.057752,1,0.022309
0.063283,1,0.004334
0.075351,1,0.020761
0.061401,1,0.022922
0.134732,1,0.213967
0.075350,1,0.046146
0.077057,1,0.027434
0.176024,1,0.272148
0.155931,1,0.305849
0.179696,1,0.214331
0.042059,1,0.000985
0.171704,1,0.144531
0.116598,1,0.197043
0.174733,1,0.187447
0.172242,1,0.212195
0.206457,0,0.223141
0.156491,1,0.145076
0.077467,1,0.063261
0.189848,1,0.187646
0.159151,1,0.107708
0.130977,1,0.015197
0.193716,1,0.222088
0.082973,1,0.075481
0.179741,1,0.218041
0.140819,1,0.211339
0.184635,1,0.141038
0.093253,1,0.185065
0.124754,1,0.018321
0.195545,1,0.177090
0.178020,1,0.122539
0.160134,1,0.203885
0.136980,1,0.020671
0.114850,1,0.197650
0.174819,1,0.167732
0.114102,1,0.037530
0.127322,1,0.213635
0.180791,1,0.195326
0.207609,0,0.223757
0.170357,1,0.039448
0.215084,0,0.223348
0.188212,1,0.189052
0.108272,1,0.036576
0.169170,1,0.143604
0.083479,1,0.028515
0.161647,1,0.219163
0.172360,1,0.219365
0.087856,1,0.018558
0.210463,0,0.222889
0.198186,1,0.223936
0.098716,1,0.176563
0.099561,1,0.043452
0.176155,1,0.223003
0.128253,1,0.210114
0.201164,0,0.222893
0.206457,0,0.223141
0.081148,1,0.089979
0.173942,1,0.193625
0.090471,1,0.038889
0.109550,1,0.075221
0.127322,1,0.213635
0.138599,1,0.192940
0.225836,0,0.542396
0.120021,1,0.160107
0.058467,1,0.028799
0.179005,1,0.221213
0.195099,1,0.227339
0.117998,1,0.213424
0.079487,1,0.117377
0.150078,1,0.191756
0.188783,1,0.512377
0.107216,1,0.208513
0.138645,1,0.182695
0.209202,0,0.460758
0.085355,1,0.217977
0.076450,1,0.144531
0.206469,0,0.557348
0.087390,1,0.189714
0.222293,0,0.532736
0.109545,1,0.125795
0.198431,1,0.182121
0.095478,1,0.046621
0.218653,0,0.339255
0.231957,0,0.542980
0.108741,1,0.123013
0.093174,1,0.151132
0.105804,1,0.379536
0.072976,1,0.183560
0.100796,1,0.175421
0.106531,1,0.141849
0.174910,1,0.483111
0.094599,1,0.078872
0.090664,1,0.137280
0.090264,1,0.153705
0.097535,1,0.188864
0.078413,1,0.143609
0.223423,0,0.352755
0.198431,1,0.182121
0.100796,1,0.175421
0.275828,0,0.383295
0.169949,1,0.195312
0.102229,1,0.197597
0.280141,0,0.537175
0.147606,1,0.409351
0.231957,0,0.542980
0.203294,0,0.554182
0.189668,1,0.359579
0.222326,0,0.548838
0.129142,1,0.172048
0.091618,1,0.076269
0.088850,1,0.177844
0.223548,0,0.530053
0.071867,1,0.250586
0.099690,1,0.108014
0.066336,1,0.032863
0.060005,1,0.020527
0.091011,1,0.129219
0.080902,1,0.012362
0.075991,1,0.086817
0.099322,1,0.143563
0.083537,1,0.054068
0.089761,1,0.216187
0.069226,1,0.017111
0.076743,1,0.093239
0.071728,1,0.034303
0.095718,1,0.182370
0.088781,1,0.185964
0.066823,1,0.011300
0.059936,1,0.032706
0.064502,1,0.100264
0.066069,1,0.179275
0.084317,1,0.219217
0.090251,1,0.155956
0.071330,1,0.165860
0.102109,1,0.322747
0.101476,1,0.096998
0.080746,1,0.065729
0.100088,1,0.152005
0.078376,1,0.229598
0.060165,1,0.034179
0.074006,1,0.318449
0.066778,1,0.171285
0.114169,1,0.147543
0.083168,1,0.222288
0.069190,1,0.065060
0.110338,1,0.253435
0.065086,1,0.280235
0.087432,1,0.019877
0.065829,1,0.054009
0.112551,1,0.088607
0.072611,1,0.293581
0.065469,1,0.043244
0.112211,1,0.080484
0.058402,1,0.058152
0.056074,1,0.077850
0.103187,1,0.256557
0.066122,1,0.052759
0.075691,1,0.144938
0.066156,1,0.024220
0.070514,1,0.110865
0.064877,1,0.337024
0.078867,1,0.069739
0.107863,1,0.038538
0.121481,1,0.054770
0.183905,1,0.150324
0.098072,1,0.016430
0.055940,1,0.003409
0.059008,1,0.003235
0.142003,1,0.034763
0.187574,1,0.168189
0.113704,1,0.050967
0.075550,1,0.002544
0.142507,1,0.118265
0.123932,1,0.046749
0.132902,1,0.091128
0.113319,1,0.020340
0.115296,1,0.040237
0.195069,1,0.147472
0.097973,1,0.025446
0.121494,1,0.029625
0.057839,1,0.001914
0.230930,0,0.267031
0.123002,1,0.086789
0.152763,1,0.122759
0.098117,1,0.042867
0.288837,0,0.341172
0.160300,1,0.093624
0.175373,1,0.172309
0.053743,1,0.000104
0.142983,1,0.115566
0.099059,1,0.032858
0.182447,1,0.128661
0.098476,1,0.030356
0.170448,1,0.150590
0.123152,1,0.013954
0.107586,1,0.034118
0.192650,1,0.147626
0.076280,1,0.031447
0.183905,1,0.150324
0.262795,0,0.331945
0.172051,1,0.150642
0.115606,1,0.017128
0.179179,1,0.131352
0.104356,1,0.025502
0.210343,0,0.219171
0.192028,1,0.167837
0.190362,1,0.112592
0.184847,1,0.131853
0.121555,1,0.090314
0.096901,1,0.029620
0.082750,1,0.028591
0.211973,0,0.201258
0.080781,1,0.086189
0.076122,1,0.196912
0.064389,1,0.014806
0.057174,1,0.137883
0.075623,1,0.192667
0.053973,1,0.093015
0.058901,1,0.074427
0.056925,1,0.315757
0.081847,1,0.339336
0.055813,1,0.092155
0.066411,1,0.110055
0.056931,1,0.038215
0.075471,1,0.106865
0.079538,1,0.180134
0.075143,1,0.149719
0.074495,1,0.135488
0.063735,1,0.097894
0.076179,1,0.325391
0.073915,1,0.239771
0.064710,1,0.000078
0.074303,1,0.303565
0.066267,1,0.087615
0.058945,1,0.105569
0.065565,1,0.263705
0.067782,1,0.103953
0.067905,1,0.192574
0.055813,1,0.092155
0.046413,1,0.009368
0.082236,1,0.094890
0.059521,1,0.060444
0.076824,1,0.009108
0.092298,1,0.119989
0.078477,1,0.054076
0.059337,1,0.103129
0.071756,1,0.047299
0.060589,1,0.104010
0.051963,1,0.078753
0.084775,1,0.339596
0.077621,1,0.110065
0.046550,1,0.003285
0.062918,1,0.225123
0.060127,1,0.124522
0.069571,1,0.086640
0.059521,1,0.060444
0.061495,1,0.081579
0.082238,1,0.216626
0.073128,1,0.074572
0.059805,1,0.103669
0.058477,1,0.085130
0.058234,1,0.041023
0.177838,1,0.387235
0.174527,1,0.359220
0.162157,1,0.415631
0.120402,1,0.317439
0.139987,1,0.202397
0.185778,1,0.393817
0.090226,1,0.078230
0.091018,1,0.070543
0.140164,1,0.324900
0.191926,1,0.349310
0.086996,1,0.406294
0.070992,1,0.039489
0.076041,1,0.096621
0.065031,1,0.337768
0.085706,1,0.190476
0.218757,0,0.320136
0.178291,1,0.256147
0.153457,1,0.404936
0.120624,1,0.352798
0.083516,1,0.198931
0.099028,1,0.311431
0.160830,1,0.297350
0.162648,1,0.418168
0.158757,1,0.312609
0.160630,1,0.245772
0.078911,1,0.050536
0.082826,1,0.120069
0.215204,0,0.185929
0.145260,1,0.222096
0.117379,1,0.133271
0.106932,1,0.211907
0.152781,1,0.231495
0.169045,1,0.353409
0.177701,1,0.153620
0.066097,1,0.148866
0.216782,0,0.391142
0.152451,1,0.216757
0.084448,1,0.051914
0.070418,1,0.076989
0.133372,1,0.046937
0.088151,1,0.230877
0.139644,1,0.299721
0.173333,1,0.433522
0.190778,1,0.388083
0.173333,1,0.433522
0.079950,1,0.195832
0.151348,1,0.430744
0.218926,0,0.329056
0.105452,1,0.249226
0.196035,1,0.241181
0.085447,1,0.183872
0.062761,1,0.159955
0.063293,1,0.208497
0.072860,1,0.113316
0.064765,1,0.179133
0.067323,1,0.017620
0.085335,1,0.069295
0.073441,1,0.142011
0.083624,1,0.129730
0.056067,1,0.080886
0.093184,1,0.176795
0.054525,1,0.074931
0.068519,1,0.106530
0.066735,1,0.116450
0.059831,1,0.110909
0.068320,1,0.128344
0.077130,1,0.120108
0.067078,1,0.037637
0.076637,1,0.040762
0.070780,1,0.117878
0.086584,1,0.131966
0.046576,1,0.017996
0.064989,1,0.147679
0.049704,1,0.150260
0.076299,1,0.135005
0.075335,1,0.118649
0.073272,1,0.186824
0.072397,1,0.156094
0.068842,1,0.071381
0.088358,1,0.159600
0.088358,1,0.159600
0.076299,1,0.135005
0.073272,1,0.186824
0.088015,1,0.158878
0.056399,1,0.092527
0.068681,1,0.082236
0.067748,1,0.100455
0.063643,1,0.040860
0.080301,1,0.117686
0.057976,1,0.164349
0.084374,1,0.124986
0.071763,1,0.090506
0.073813,1,0.132413
0.068214,1,0.116142
0.065565,1,0.088204
0.071006,1,0.134461
0.062194,1,0.039262
0.066948,1,0.194694
0.066499,1,0.167407
0.058101,1,0.009114
0.138103,1,0.248581
0.270206,0,0.210640
0.103992,1,0.179141
0.181697,1,0.274631
0.141068,1,0.282458
0.150138,1,0.328572
0.208451,0,0.210608
0.140707,1,0.172230
0.099929,1,0.120601
0.168024,1,0.281994
0.176256,1,0.303588
0.124095,1,0.203041
0.141400,1,0.241523
0.255973,0,0.209538
0.221505,0,0.213415
0.106482,1,0.143299
0.272386,0,0.218311
0.076288,1,0.004668
0.195718,1,0.324042
0.168798,1,0.245155
0.140836,1,0.292886
0.197670,1,0.294757
0.198374,1,0.350400
0.134373,1,0.320677
0.158764,1,0.251042
0.091829,1,0.182585
0.188972,1,0.205768
0.137664,1,0.341341
0.140345,1,0.258137
0.181697,1,0.274631
0.089006,1,0.029345
0.163515,1,0.338299
0.142442,1,0.217242
0.137664,1,0.341341
0.123192,1,0.175129
0.163975,1,0.243484
0.155124,1,0.214934
0.199398,1,0.317240
0.171471,1,0.330555
0.188188,1,0.303387
0.125840,1,0.100877
0.143202,1,0.331763
0.297392,0,0.218323
0.144723,1,0.313078
0.158826,1,0.336683
0.225037,0,0.210797
0.144910,1,0.361291
0.193969,1,0.207884
0.158575,1,0.298913
0.144910,1,0.361291
0.140786,1,0.078649
0.288597,0,0.252885
0.066315,1,0.000090
0.091596,1,0.022710
0.075286,1,0.005552
0.216644,0,0.143954
0.098392,1,0.125063
0.125235,1,0.141873
0.069866,1,0.024636
0.256324,0,0.273166
0.239311,0,0.269100
0.064597,1,0.330587
0.318654,0,0.355239
0.158756,1,0.105234
0.075003,1,0.108369
0.089753,1,0.136726
0.262785,0,0.171609
0.079150,1,0.008264
0.250909,0,0.190071
0.303789,0,0.429648
0.295997,0,0.277100
0.123003,1,0.104344
0.196734,1,0.158611
0.071603,1,0.006515
0.260515,0,0.250402
0.169596,1,0.180104
0.124748,1,0.077410
0.243892,0,0.210387
0.120693,1,0.056117
0.242688,0,0.262533
0.102107,1,0.107751
0.090984,1,0.047446
0.065204,1,0.001288
0.081520,1,0.013515
0.317118,0,0.291984
0.212118,0,0.155015
0.160769,1,0.109213
0.096450,1,0.026923
0.219995,0,0.146890
0.253047,0,0.255057
0.110650,1,0.122881
0.262544,0,0.194440
0.154813,1,0.111493
0.096038,1,0.017289
0.246849,0,0.302181
0.259926,0,0.269900
0.237973,0,0.260757
0.278250,0,0.376229
0.312567,0,0.480910
0.339175,0,0.458551
0.110415,1,0.165706
0.127245,1,0.209635
0.110740,1,0.162393
0.071809,1,0.077032
0.136278,1,0.182997
0.064762,1,0.097833
0.135883,1,0.246624
0.126770,1,0.213369
0.086595,1,0.183670
0.089611,1,0.115756
0.136847,1,0.213155
0.130719,1,0.193317
0.116335,1,0.194423
0.105763,1,0.143224
0.109359,1,0.074100
0.108655,1,0.161304
0.080773,1,0.206177
0.134878,1,0.171333
0.129567,1,0.193187
0.118132,1,0.237400
0.122532,1,0.016835
0.191004,1,0.579657
0.100023,1,0.170636
0.126768,1,0.220771
0.135695,1,0.149460
0.132081,1,0.266184
0.140167,1,0.371957
0.118045,1,0.192971
0.159468,1,0.371915
0.109157,1,0.184806
0.133832,1,0.191600
0.191304,1,0.540622
0.133012,1,0.258135
0.149685,1,0.342018
0.122692,1,0.219916
0.107714,1,0.031405
0.097325,1,0.047809
0.083720,1,0.165615
0.121578,1,0.198516
0.100586,1,0.073972
0.099745,1,0.160651
0.092882,1,0.119000
0.117236,1,0.160979
0.124172,1,0.196969
0.115946,1,0.119214
0.124997,1,0.191816
0.164129,1,0.385954
0.095928,1,0.143718
0.118132,1,0.237400
0.166289,1,0.455392
0.067977,1,0.033968
0.075339,1,0.254684
0.106562,1,0.066814
0.114223,1,0.235319
0.103946,1,0.065644
0.062153,1,0.112028
0.097068,1,0.235212
0.114223,1,0.235319
0.117383,1,0.230391
0.069857,1,0.025484
0.102312,1,0.194043
0.058399,1,0.104382
0.080386,1,0.079692
0.071058,1,0.253511
0.118019,1,0.087811
0.098037,1,0.264254
0.112183,1,0.230442
0.114811,1,0.234686
0.071835,1,0.209938
0.069857,1,0.025484
0.086524,1,0.253600
0.065563,1,0.156752
0.086722,1,0.161325
0.057979,1,0.079250
0.067196,1,0.052011
0.118402,1,0.079174
0.114488,1,0.082543
0.068171,1,0.209970
0.114732,1,0.071993
0.066429,1,0.138482
0.077251,1,0.264130
0.118638,1,0.083704
0.067151,1,0.105899
0.066199,1,0.048736
0.093349,1,0.182332
0.046930,1,0.078413
0.114223,1,0.235319
0.082409,1,0.263945
0.060528,1,0.200662
0.044485,1,0.002183
0.089220,1,0.205891
0.066840,1,0.018812
0.067154,1,0.182746
0.070124,1,0.016912
0.099039,1,0.254033
0.070361,1,0.145002
0.115694,1,0.228795
0.043214,1,0.001468
0.061184,1,0.263692
0.124033,1,0.069331
0.123310,1,0.287187
0.167009,1,0.362020
0.158017,1,0.261694
0.130522,1,0.194725
0.109710,1,0.185274
0.183931,1,0.466145
0.150942,1,0.264800
0.131774,1,0.268333
0.152957,1,0.289640
0.134608,1,0.152360
0.142944,1,0.320994
0.122954,1,0.187824
0.136589,1,0.315318
0.129699,1,0.192065
0.130271,1,0.289294
0.117617,1,0.099884
0.064402,1,0.049701
0.140445,1,0.209502
0.103761,1,0.212920
0.140852,1,0.337902
0.197854,1,0.339491
0.136334,1,0.202402
0.170579,1,0.474665
0.134710,1,0.109814
0.063012,1,0.002537
0.153692,1,0.296695
0.063758,1,0.005779
0.161946,1,0.253497
0.155375,1,0.197342
0.143644,1,0.194488
0.130463,1,0.092552
0.155213,1,0.167208
0.198774,1,0.478796
0.087249,1,0.137395
0.085662,1,0.132106
0.117543,1,0.091714
0.088464,1,0.018667
0.184054,1,0.513036
0.159836,1,0.284201
0.117520,1,0.094887
0.147278,1,0.180150
0.138015,1,0.246252
0.124126,1,0.132753
0.161128,1,0.481608
0.175062,1,0.512930
0.118698,1,0.138145
0.090333,1,0.086667
0.086883,1,0.068560
0.117749,1,0.162293
0.119920,1,0.194460
0.188045,1,0.332226
0.072361,1,0.040151
0.159654,1,0.262938
0.083988,1,0.110409
0.075643,1,0.022999
0.083436,1,0.084297
0.092031,1,0.028192
0.173185,1,0.148219
0.181162,1,0.333246
0.103644,1,0.047655
0.115383,1,0.219822
0.163303,1,0.292993
0.060214,1,0.001281
0.097993,1,0.168185
0.210405,0,0.357445
0.088149,1,0.168511
0.119754,1,0.220020
0.150960,1,0.200905
0.117658,1,0.259023
0.148480,1,0.271799
0.105795,1,0.112667
0.104059,1,0.175222
0.137789,1,0.176056
0.123730,1,0.215324
0.199395,1,0.328885
0.158112,1,0.334992
0.070056,1,0.025564
0.175869,1,0.231737
0.160243,1,0.408969
0.141211,1,0.303686
0.148361,1,0.278566
0.100496,1,0.073394
0.086146,1,0.125731
0.108672,1,0.100347
0.177862,1,0.351563
0.146779,1,0.336605
0.156675,1,0.307458
0.106383,1,0.134472
0.096504,1,0.093049
0.104747,1,0.036919
0.112049,1,0.119289
0.085591,1,0.024500
0.157788,1,0.389165
0.087073,1,0.126508
0.146690,1,0.347091
0.224616,0,0.203076
0.147865,1,0.267820
0.182885,1,0.355501
0.100597,1,0.168896
0.106867,1,0.162193
0.102474,1,0.298231
0.064773,1,0.024975
0.149081,1,0.215082
0.102654,1,0.170918
0.111975,1,0.202066
0.101850,1,0.241886
0.069321,1,0.039798
0.099905,1,0.123573
0.131079,1,0.226398
0.104601,1,0.126968
0.140117,1,0.082008
0.089426,1,0.110483
0.086974,1,0.164008
0.122483,1,0.086986
0.105813,1,0.261971
0.086309,1,0.046685
0.110335,1,0.295383
0.110063,1,0.197269
0.111991,1,0.222142
0.086528,1,0.170479
0.101358,1,0.290505
0.091045,1,0.155260
0.093942,1,0.163430
0.134275,1,0.319939
0.147699,1,0.286855
0.111887,1,0.167505
0.135052,1,0.248312
0.112068,1,0.200275
0.104663,1,0.118679
0.114845,1,0.179170
0.095351,1,0.130558
0.081495,1,0.022209
0.095268,1,0.018514
0.114826,1,0.222709
0.114548,1,0.299963
0.084854,1,0.073708
0.072158,1,0.127634
0.115635,1,0.106022
0.142115,1,0.249020
0.069606,1,0.053051
0.126145,1,0.180453
0.117846,1,0.127088
0.069571,1,0.038827
0.071797,1,0.107102
0.109407,1,0.273451
0.084145,1,0.143506
0.088383,1,0.070512
0.107558,1,0.086965
0.065901,1,0.027336
0.085263,1,0.092116
0.059340,1,0.088398
0.087184,1,0.027304
0.140834,1,0.323994
0.175242,1,0.493913
0.140645,1,0.519870
0.147185,1,0.451645
0.080275,1,0.236628
0.121602,1,0.180521
0.150593,1,0.410986
0.140889,1,0.494078
0.129268,1,0.347192
0.064225,1,0.060191
0.098930,1,0.381440
0.129449,1,0.126625
0.092188,1,0.066001
0.091024,1,0.094070
0.057501,1,0.146064
0.117976,1,0.388611
0.110368,1,0.283477
0.112698,1,0.190925
0.056713,1,0.150910
0.117218,1,0.458946
0.084050,1,0.279289
0.131752,1,0.329555
0.097021,1,0.216251
0.121317,1,0.508601
0.117935,1,0.461362
0.065241,1,0.060021
0.139909,1,0.451121
0.129365,1,0.169431
0.070687,1,0.091253
0.106039,1,0.300165
0.073991,1,0.085353
0.075466,1,0.202687
0.100993,1,0.084137
0.180349,1,0.208405
0.070227,1,0.118442
0.144241,1,0.445044
0.073778,1,0.149447
0.116457,1,0.351449
0.067379,1,0.135640
0.065756,1,0.040195
0.144241,1,0.445044
0.103300,1,0.515582
0.078172,1,0.132794
0.103686,1,0.509673
0.117701,1,0.526912
0.160457,1,0.472436
0.106155,1,0.127759
0.135136,1,0.062866
0.129311,1,0.220239
0.067968,1,0.028334
0.085645,1,0.155518
0.072750,1,0.207590
0.148612,1,0.255150
0.091787,1,0.207829
0.103754,1,0.044290
0.092829,1,0.087045
0.119771,1,0.000013
0.120342,1,0.126633
0.072203,1,0.072253
0.127417,1,0.092651
0.134382,1,0.063788
0.164197,1,0.030979
0.074869,1,0.198268
0.140413,1,0.162309
0.156804,1,0.176017
0.080837,1,0.003899
0.168481,1,0.250589
0.121535,1,0.169684
0.057018,1,0.023059
0.100362,1,0.146528
0.102431,1,0.055255
0.067694,1,0.022916
0.101648,1,0.120813
0.116303,1,0.188449
0.049983,1,0.042216
0.150675,1,0.055786
0.118178,1,0.136815
0.181263,1,0.230323
0.071981,1,0.110118
0.101999,1,0.215769
0.121085,1,0.116740
0.135437,1,0.030106
0.131974,1,0.095255
0.102102,1,0.058223
0.095492,1,0.087807
0.114717,1,0.155669
0.119892,1,0.021445
0.111112,1,0.175933
0.098999,1,0.263978
0.117659,1,0.040195
0.076113,1,0.144411
0.071731,1,0.044394
0.082101,1,0.146304
0.102712,1,0.155872
0.111803,1,0.190720
0.131905,1,0.067674
0.115869,1,0.149431
0.075056,1,0.035448
0.191119,1,0.242172
0.120463,1,0.266953
0.166398,1,0.272159
0.085426,1,0.218200
0.088444,1,0.368321
0.101122,1,0.438939
0.068355,1,0.020246
0.081060,1,0.268348
0.090454,1,0.177146
0.126429,1,0.186297
0.174304,1,0.414603
0.071066,1,0.251053
0.191365,1,0.203775
0.108726,1,0.183709
0.078399,1,0.247929
0.084275,1,0.276546
0.136401,1,0.332475
0.076744,1,0.371476
0.094549,1,0.328469
0.106450,1,0.312918
0.103208,1,0.338049
0.078399,1,0.247929
0.165212,1,0.175688
0.048781,1,0.055200
0.133305,1,0.398943
0.058697,1,0.222995
0.118421,1,0.118810
0.054286,1,0.096607
0.106450,1,0.312918
0.058065,1,0.124995
0.166398,1,0.272159
0.099569,1,0.205930
0.199063,1,0.291053
0.126596,1,0.301114
0.116158,1,0.267815
0.097265,1,0.141403
0.135243,1,0.371818
0.083250,1,0.382570
0.189864,1,0.478895
0.077556,1,0.256850
0.062426,1,0.034037
0.098177,1,0.071570
0.060657,1,0.141531
0.070325,1,0.140715
0.086482,1,0.238360
0.131486,1,0.194468
0.074045,1,0.093752
0.138438,1,0.296578
0.171718,1,0.264408
0.074102,1,0.347102
0.154135,1,0.034449
0.097780,1,0.192319
0.182785,1,0.179781
0.131945,1,0.292832
0.130378,1,0.102993
0.128724,1,0.042389
0.193154,1,0.323607
0.166509,1,0.063302
0.096239,1,0.004404
0.132120,1,0.047725
0.102712,1,0.155418
0.071257,1,0.001033
0.124034,1,0.077937
0.091827,1,0.047809
0.209966,0,0.129522
0.109086,1,0.070289
0.091707,1,0.058160
0.126589,1,0.152346
0.179262,1,0.365020
0.106476,1,0.160087
0.072246,1,0.009774
0.140349,1,0.098587
0.149543,1,0.052184
0.174206,1,0.154995
0.228103,0,0.147348
0.216906,0,0.039238
0.098099,1,0.062976
0.201800,0,0.250367
0.168885,1,0.061300
0.177565,1,0.371270
0.136478,1,0.053181
0.154519,1,0.108463
0.193288,1,0.280289
0.122368,1,0.048954
0.093259,1,0.114279
0.173287,1,0.192334
0.132311,1,0.120351
0.105458,1,0.045449
0.101978,1,0.053191
0.125704,1,0.006915
0.213008,0,0.041260
0.220564,0,0.027046
0.186285,1,0.182208
0.119231,1,0.064888
0.066682,1,0.007295
0.169141,1,0.068517
0.130966,1,0.169125
0.152623,1,0.043849
0.199361,1,0.009724
0.133662,1,0.213387
0.188433,1,0.276879
0.132261,1,0.255384
0.088424,1,0.008544
0.125751,1,0.042703
0.202246,0,0.204642
0.195758,1,0.326670
0.187808,1,0.118821
0.122658,1,0.047857
0.113708,1,0.036680
0.187302,1,0.322760
0.197863,1,0.326458
0.105213,1,0.021239
0.122728,1,0.012354
0.053924,1,0.002256
0.188289,1,0.096482
0.092986,1,0.028512
0.159069,1,0.095233
0.104301,1,0.015736
0.144710,1,0.087061
0.192547,1,0.291422
0.115789,1,0.035094
0.201934,0,0.323717
0.195404,1,0.235588
0.204143,0,0.322442
0.196253,1,0.277711
0.129537,1,0.040014
0.085493,1,0.007288
0.193564,1,0.323717
0.094647,1,0.014722
0.247165,0,0.203508
0.247566,0,0.165639
0.204609,0,0.152776
0.204257,0,0.235529
0.181730,1,0.326669
0.171647,1,0.277502
0.191193,1,0.326654
0.197863,1,0.326458
0.232633,0,0.321965
0.223159,0,0.167041
0.226846,0,0.198253
0.194126,1,0.326655
0.090678,1,0.027386
0.111027,1,0.016524
0.193380,1,0.326654
0.207897,0,0.311908
0.233822,0,0.169849
0.183434,1,0.056209
0.188465,1,0.302811
0.213406,0,0.298233
0.127476,1,0.012122
0.160305,1,0.275731
0.166593,1,0.282198
0.058461,1,0.058494
0.073506,1,0.017530
0.120639,1,0.217521
0.103102,1,0.201734
0.075974,1,0.148147
0.077758,1,0.136991
0.085817,1,0.310687
0.051139,1,0.018715
0.057423,1,0.061776
0.106377,1,0.209945
0.069545,1,0.074713
0.068017,1,0.039625
0.072508,1,0.128134
0.062509,1,0.130056
0.133517,1,0.000012
0.128668,1,0.207915
0.089988,1,0.059885
0.063990,1,0.080942
0.083076,1,0.044250
0.061259,1,0.084598
0.065418,1,0.121163
0.054735,1,0.083545
0.079589,1,0.075764
0.079237,1,0.050375
0.072016,1,0.251458
0.067864,1,0.242063
0.074199,1,0.047737
0.061402,1,0.045661
0.073432,1,0.007236
0.050016,1,0.038900
0.097093,1,0.290412
0.109287,1,0.064849
0.066812,1,0.037514
0.066123,1,0.126154
0.073431,1,0.008037
0.099217,1,0.302491
0.041774,1,0.036599
0.061202,1,0.000008
0.070066,1,0.058534
0.068533,1,0.045181
0.182096,1,0.182459
0.061137,1,0.004349
0.064518,1,0.037344
0.159916,1,0.232235
0.061574,1,0.017382
0.068490,1,0.277814
0.091786,1,0.033153
0.079183,1,0.035065
0.098233,1,0.049499
0.085402,1,0.023016
0.119906,1,0.082571
0.153346,1,0.119384
0.144098,1,0.112259
0.103047,1,0.092378
0.140551,1,0.275781
0.125378,1,0.121802
0.091495,1,0.043617
0.131038,1,0.105721
0.136165,1,0.170146
0.163013,1,0.127288
0.163005,1,0.124905
0.135773,1,0.038379
0.083407,1,0.019783
0.147911,1,0.123212
0.087394,1,0.095477
0.100310,1,0.083602
0.135219,1,0.036222
0.118330,1,0.135816
0.107201,1,0.058037
0.044657,1,0.001362
0.173193,1,0.385070
0.166852,1,0.336039
0.125585,1,0.142943
0.061197,1,0.004537
0.179687,1,0.357225
0.110550,1,0.016246
0.163119,1,0.195057
0.164190,1,0.196879
0.113141,1,0.093210
0.104650,1,0.061021
0.157468,1,0.202851
0.087466,1,0.046397
0.161415,1,0.123768
0.130432,1,0.178130
0.122425,1,0.079618
0.129374,1,0.132985
0.098021,1,0.072153
0.161415,1,0.123768
0.196252,1,0.342529
0.113134,1,0.112969
0.131868,1,0.274609
0.130405,1,0.050233
0.130384,1,0.114271
0.127914,1,0.094054
0.133342,1,0.063892
0.091003,1,0.034619
0.144014,1,0.276516
0.107843,1,0.026742
