/lustre/home/ha676/le-wm/.venv/lib/python3.11/site-packages/timm/models/layers/__init__.py:49: FutureWarning: Importing from timm.models.layers is deprecated, please import via timm.layers
  warnings.warn(f"Importing from {__name__} is deprecated, please import via timm.layers", FutureWarning)
/gpfs/ts0/shared/software/Anaconda3/2023.07-2/lib/python3.11/contextlib.py:105: FutureWarning: `torch.backends.cuda.sdp_kernel()` is deprecated. In the future, this context manager will be removed. Please see `torch.nn.attention.sdpa_kernel()` for the new context manager, with updated signature.
  self.gen = func(*args, **kwds)
/gpfs/ts0/shared/software/Anaconda3/2023.07-2/lib/python3.11/contextlib.py:105: FutureWarning: `torch.backends.cuda.sdp_kernel()` is deprecated. In the future, this context manager will be removed. Please see `torch.nn.attention.sdpa_kernel()` for the new context manager, with updated signature.
  self.gen = func(*args, **kwds)
[INFO    ][2026-07-23 12:02:28][utils.mpc_utils     ][cem                      ] new mean: tensor([ 0.0120,  0.0117,  0.0140, -0.2389], device='cuda:0') tensor([0.1308, 0.1354, 0.1346, 0.9181], device='cuda:0')
[INFO    ][2026-07-23 12:02:34][utils.mpc_utils     ][cem                      ] new mean: tensor([ 0.0115,  0.0066,  0.0047, -0.3402], device='cuda:0') tensor([0.1149, 0.1220, 0.1249, 0.7517], device='cuda:0')
[INFO    ][2026-07-23 12:02:41][utils.mpc_utils     ][cem                      ] new mean: tensor([ 0.0376, -0.0092, -0.0305, -0.3203], device='cuda:0') tensor([0.1043, 0.1126, 0.1082, 0.7064], device='cuda:0')
[INFO    ][2026-07-23 12:02:47][utils.mpc_utils     ][cem                      ] new mean: tensor([ 0.0461, -0.0184, -0.0391, -0.3660], device='cuda:0') tensor([0.0958, 0.0989, 0.0974, 0.6421], device='cuda:0')
[INFO    ][2026-07-23 12:02:53][utils.mpc_utils     ][cem                      ] new mean: tensor([ 0.0371, -0.0130, -0.0399, -0.3336], device='cuda:0') tensor([0.0876, 0.0874, 0.0889, 0.4608], device='cuda:0')
[INFO    ][2026-07-23 12:03:00][utils.mpc_utils     ][cem                      ] new mean: tensor([-0.0386,  0.0357,  0.0394, -0.5578], device='cuda:0') tensor([0.1272, 0.1328, 0.1332, 0.9105], device='cuda:0')
[INFO    ][2026-07-23 12:03:07][utils.mpc_utils     ][cem                      ] new mean: tensor([ 1.8499e-04,  2.3316e-02,  2.1881e-02, -5.9643e-01], device='cuda:0') tensor([0.1142, 0.1163, 0.1195, 0.6003], device='cuda:0')
[INFO    ][2026-07-23 12:03:13][utils.mpc_utils     ][cem                      ] new mean: tensor([ 0.0063,  0.0254,  0.0284, -0.5732], device='cuda:0') tensor([0.1017, 0.1036, 0.1023, 0.4138], device='cuda:0')
[INFO    ][2026-07-23 12:03:20][utils.mpc_utils     ][cem                      ] new mean: tensor([ 0.0055,  0.0393,  0.0292, -0.6129], device='cuda:0') tensor([0.0928, 0.0957, 0.0919, 0.4006], device='cuda:0')
[INFO    ][2026-07-23 12:03:26][utils.mpc_utils     ][cem                      ] new mean: tensor([ 0.0163,  0.0415,  0.0286, -0.5215], device='cuda:0') tensor([0.0838, 0.0864, 0.0847, 0.2767], device='cuda:0')

==== C*-V2 LADDERS: droid_ep000.npz (T=56) ====
  self-floor: pooled=0.3482  token=0.3101
     t |  pooled   p-cal |   token   t-cal | raw pooled dist
[INFO    ][2026-07-23 12:03:33][utils.mpc_utils     ][cem                      ] new mean: tensor([-0.0554,  0.0231,  0.0477, -0.6707], device='cuda:0') tensor([0.1383, 0.1256, 0.1306, 0.8956], device='cuda:0')
[INFO    ][2026-07-23 12:03:39][utils.mpc_utils     ][cem                      ] new mean: tensor([-0.0949,  0.0289,  0.0575, -0.5240], device='cuda:0') tensor([0.1226, 0.1094, 0.1183, 0.7820], device='cuda:0')
[INFO    ][2026-07-23 12:03:46][utils.mpc_utils     ][cem                      ] new mean: tensor([-0.0751,  0.0517,  0.0697, -0.6606], device='cuda:0') tensor([0.1074, 0.0949, 0.1031, 0.5852], device='cuda:0')
[INFO    ][2026-07-23 12:03:53][utils.mpc_utils     ][cem                      ] new mean: tensor([-0.0574,  0.0735,  0.0559, -0.6386], device='cuda:0') tensor([0.0949, 0.0839, 0.0855, 0.5005], device='cuda:0')
[INFO    ][2026-07-23 12:03:59][utils.mpc_utils     ][cem                      ] new mean: tensor([-0.0676,  0.1070,  0.0565, -0.7271], device='cuda:0') tensor([0.0861, 0.0724, 0.0754, 0.3779], device='cuda:0')
[INFO    ][2026-07-23 12:04:06][utils.mpc_utils     ][cem                      ] new mean: tensor([-0.0008,  0.0476,  0.0030, -0.6640], device='cuda:0') tensor([0.1344, 0.1320, 0.1351, 0.9105], device='cuda:0')
[INFO    ][2026-07-23 12:04:12][utils.mpc_utils     ][cem                      ] new mean: tensor([-0.0286,  0.0651,  0.0265, -0.6043], device='cuda:0') tensor([0.1246, 0.1200, 0.1197, 0.6288], device='cuda:0')
[INFO    ][2026-07-23 12:04:19][utils.mpc_utils     ][cem                      ] new mean: tensor([-0.0813,  0.0715,  0.0523, -0.6508], device='cuda:0') tensor([0.1067, 0.0971, 0.1018, 0.5044], device='cuda:0')
[INFO    ][2026-07-23 12:04:25][utils.mpc_utils     ][cem                      ] new mean: tensor([-0.0912,  0.0956,  0.0563, -0.7243], device='cuda:0') tensor([0.0917, 0.0798, 0.0848, 0.5320], device='cuda:0')
[INFO    ][2026-07-23 12:04:32][utils.mpc_utils     ][cem                      ] new mean: tensor([-0.0839,  0.1139,  0.0383, -0.7150], device='cuda:0') tensor([0.0778, 0.0651, 0.0727, 0.4469], device='cuda:0')
     1 |  0.3596 +0.0114 |  0.3500 +0.0398 |          0.0514
[INFO    ][2026-07-23 12:04:39][utils.mpc_utils     ][cem                      ] new mean: tensor([ 0.0171,  0.0058,  0.0376, -0.3705], device='cuda:0') tensor([0.1372, 0.1428, 0.1330, 0.8509], device='cuda:0')
[INFO    ][2026-07-23 12:04:45][utils.mpc_utils     ][cem                      ] new mean: tensor([ 0.0169,  0.0407,  0.0351, -0.5267], device='cuda:0') tensor([0.1277, 0.1312, 0.1256, 0.6316], device='cuda:0')
[INFO    ][2026-07-23 12:04:52][utils.mpc_utils     ][cem                      ] new mean: tensor([-0.0046,  0.0494,  0.0241, -0.5160], device='cuda:0') tensor([0.1156, 0.1132, 0.1161, 0.5412], device='cuda:0')
[INFO    ][2026-07-23 12:04:58][utils.mpc_utils     ][cem                      ] new mean: tensor([ 0.0090,  0.0141, -0.0096, -0.5707], device='cuda:0') tensor([0.0974, 0.1003, 0.1034, 0.5172], device='cuda:0')
[INFO    ][2026-07-23 12:05:05][utils.mpc_utils     ][cem                      ] new mean: tensor([ 2.6304e-02, -4.3161e-04, -1.9391e-02, -7.2301e-01], device='cuda:0') tensor([0.0879, 0.0940, 0.0932, 0.5142], device='cuda:0')
[INFO    ][2026-07-23 12:05:12][utils.mpc_utils     ][cem                      ] new mean: tensor([ 0.0364,  0.0143,  0.0107, -0.6085], device='cuda:0') tensor([0.1334, 0.1350, 0.1363, 0.9573], device='cuda:0')
[INFO    ][2026-07-23 12:05:18][utils.mpc_utils     ][cem                      ] new mean: tensor([ 0.0300,  0.0598, -0.0112, -0.8907], device='cuda:0') tensor([0.1204, 0.1190, 0.1198, 0.5209], device='cuda:0')
[INFO    ][2026-07-23 12:05:25][utils.mpc_utils     ][cem                      ] new mean: tensor([ 0.0232,  0.0498, -0.0328, -0.7389], device='cuda:0') tensor([0.1084, 0.1050, 0.1062, 0.4944], device='cuda:0')
[INFO    ][2026-07-23 12:05:32][utils.mpc_utils     ][cem                      ] new mean: tensor([ 0.0189,  0.0455, -0.0449, -0.7644], device='cuda:0') tensor([0.0960, 0.0940, 0.0944, 0.4394], device='cuda:0')
[INFO    ][2026-07-23 12:05:38][utils.mpc_utils     ][cem                      ] new mean: tensor([ 0.0116,  0.0504, -0.0501, -0.8504], device='cuda:0') tensor([0.0847, 0.0854, 0.0808, 0.4177], device='cuda:0')
     2 |  0.3627 +0.0144 |  0.3521 +0.0420 |          0.0611
[INFO    ][2026-07-23 12:05:45][utils.mpc_utils     ][cem                      ] new mean: tensor([ 0.0125,  0.0353,  0.0442, -0.7902], device='cuda:0') tensor([0.1407, 0.1326, 0.1363, 0.8465], device='cuda:0')
[INFO    ][2026-07-23 12:05:51][utils.mpc_utils     ][cem                      ] new mean: tensor([-0.0326,  0.0664,  0.0905, -0.8232], device='cuda:0') tensor([0.1223, 0.1127, 0.1191, 0.6337], device='cuda:0')
[INFO    ][2026-07-23 12:05:58][utils.mpc_utils     ][cem                      ] new mean: tensor([-0.0401,  0.0883,  0.0759, -0.8825], device='cuda:0') tensor([0.1031, 0.0943, 0.1052, 0.3986], device='cuda:0')
[INFO    ][2026-07-23 12:06:05][utils.mpc_utils     ][cem                      ] new mean: tensor([-0.0553,  0.1091,  0.0619, -0.8421], device='cuda:0') tensor([0.0871, 0.0804, 0.0929, 0.3391], device='cuda:0')
[INFO    ][2026-07-23 12:06:11][utils.mpc_utils     ][cem                      ] new mean: tensor([-0.0492,  0.1250,  0.0578, -0.9159], device='cuda:0') tensor([0.0735, 0.0675, 0.0767, 0.3677], device='cuda:0')
[INFO    ][2026-07-23 12:06:18][utils.mpc_utils     ][cem                      ] new mean: tensor([ 0.0086,  0.0469,  0.0203, -0.8031], device='cuda:0') tensor([0.1377, 0.1359, 0.1376, 0.8101], device='cuda:0')
[INFO    ][2026-07-23 12:06:25][utils.mpc_utils     ][cem                      ] new mean: tensor([-0.0305,  0.0625,  0.0434, -0.9664], device='cuda:0') tensor([0.1241, 0.1188, 0.1199, 0.5622], device='cuda:0')
[INFO    ][2026-07-23 12:06:31][utils.mpc_utils     ][cem                      ] new mean: tensor([-0.0854,  0.0883,  0.0519, -1.0347], device='cuda:0') tensor([0.1088, 0.1027, 0.1031, 0.4479], device='cuda:0')
[INFO    ][2026-07-23 12:06:38][utils.mpc_utils     ][cem                      ] new mean: tensor([-0.0750,  0.0987,  0.0576, -1.0174], device='cuda:0') tensor([0.0944, 0.0884, 0.0842, 0.3724], device='cuda:0')
[INFO    ][2026-07-23 12:06:44][utils.mpc_utils     ][cem                      ] new mean: tensor([-0.0844,  0.1143,  0.0617, -1.0005], device='cuda:0') tensor([0.0779, 0.0739, 0.0749, 0.2923], device='cuda:0')
     4 |  0.3859 +0.0377 |  0.3743 +0.0641 |          0.0915
[INFO    ][2026-07-23 12:06:51][utils.mpc_utils     ][cem                      ] new mean: tensor([-0.0418,  0.0005, -0.0114, -0.0687], device='cuda:0') tensor([0.1339, 0.1380, 0.1388, 1.1690], device='cuda:0')
[INFO    ][2026-07-23 12:06:58][utils.mpc_utils     ][cem                      ] new mean: tensor([-0.0463, -0.0053, -0.0779, -0.3818], device='cuda:0') tensor([0.1197, 0.1231, 0.1211, 0.8569], device='cuda:0')
[INFO    ][2026-07-23 12:07:04][utils.mpc_utils     ][cem                      ] new mean: tensor([-0.0639,  0.0286, -0.0691, -0.0858], device='cuda:0') tensor([0.1030, 0.1123, 0.1093, 0.7221], device='cuda:0')
[INFO    ][2026-07-23 12:07:11][utils.mpc_utils     ][cem                      ] new mean: tensor([-0.0540,  0.0359, -0.0940, -0.0570], device='cuda:0') tensor([0.0914, 0.1025, 0.0966, 0.4634], device='cuda:0')
[INFO    ][2026-07-23 12:07:17][utils.mpc_utils     ][cem                      ] new mean: tensor([-0.0453,  0.0202, -0.0895,  0.0210], device='cuda:0') tensor([0.0838, 0.0903, 0.0885, 0.3343], device='cuda:0')
[INFO    ][2026-07-23 12:07:24][utils.mpc_utils     ][cem                      ] new mean: tensor([-0.0612, -0.0091, -0.0296, -0.8063], device='cuda:0') tensor([0.1314, 0.1387, 0.1366, 0.8844], device='cuda:0')
[INFO    ][2026-07-23 12:07:31][utils.mpc_utils     ][cem                      ] new mean: tensor([-0.0600, -0.0232, -0.0738, -0.8930], device='cuda:0') tensor([0.1199, 0.1283, 0.1137, 0.7292], device='cuda:0')
[INFO    ][2026-07-23 12:07:37][utils.mpc_utils     ][cem                      ] new mean: tensor([-0.0624, -0.0148, -0.0943, -0.8707], device='cuda:0') tensor([0.1055, 0.1187, 0.0977, 0.7295], device='cuda:0')
[INFO    ][2026-07-23 12:07:44][utils.mpc_utils     ][cem                      ] new mean: tensor([-0.0380, -0.0011, -0.0960, -0.8320], device='cuda:0') tensor([0.0951, 0.1073, 0.0862, 0.7286], device='cuda:0')
[INFO    ][2026-07-23 12:07:51][utils.mpc_utils     ][cem                      ] new mean: tensor([-0.0473,  0.0117, -0.1043, -0.8891], device='cuda:0') tensor([0.0894, 0.1002, 0.0774, 0.6375], device='cuda:0')
     8 |  0.3948 +0.0466 |  0.3863 +0.0761 |          0.1191
[INFO    ][2026-07-23 12:07:57][utils.mpc_utils     ][cem                      ] new mean: tensor([-0.0557,  0.0385, -0.0608,  0.7355], device='cuda:0') tensor([0.1323, 0.1305, 0.1343, 0.9540], device='cuda:0')
[INFO    ][2026-07-23 12:08:04][utils.mpc_utils     ][cem                      ] new mean: tensor([-0.0589,  0.0686, -0.0940,  0.7929], device='cuda:0') tensor([0.1130, 0.1136, 0.1133, 0.6079], device='cuda:0')
[INFO    ][2026-07-23 12:08:10][utils.mpc_utils     ][cem                      ] new mean: tensor([-0.0560,  0.0738, -0.1190,  0.4167], device='cuda:0') tensor([0.0953, 0.0982, 0.0961, 0.5213], device='cuda:0')
[INFO    ][2026-07-23 12:08:17][utils.mpc_utils     ][cem                      ] new mean: tensor([-0.0496,  0.0983, -0.1196,  0.2595], device='cuda:0') tensor([0.0811, 0.0829, 0.0787, 0.3267], device='cuda:0')
[INFO    ][2026-07-23 12:08:24][utils.mpc_utils     ][cem                      ] new mean: tensor([-0.0572,  0.1115, -0.1274,  0.2541], device='cuda:0') tensor([0.0701, 0.0682, 0.0650, 0.2823], device='cuda:0')
[INFO    ][2026-07-23 12:08:30][utils.mpc_utils     ][cem                      ] new mean: tensor([-0.0329,  0.0158, -0.0394,  0.5717], device='cuda:0') tensor([0.1331, 0.1292, 0.1366, 0.9135], device='cuda:0')
[INFO    ][2026-07-23 12:08:37][utils.mpc_utils     ][cem                      ] new mean: tensor([-0.0457,  0.0482, -0.0580,  0.4622], device='cuda:0') tensor([0.1161, 0.1175, 0.1153, 0.6917], device='cuda:0')
[INFO    ][2026-07-23 12:08:44][utils.mpc_utils     ][cem                      ] new mean: tensor([-0.0720,  0.0704, -0.0636,  0.2796], device='cuda:0') tensor([0.0978, 0.1003, 0.0993, 0.5683], device='cuda:0')
[INFO    ][2026-07-23 12:08:50][utils.mpc_utils     ][cem                      ] new mean: tensor([-0.0412,  0.0748, -0.0732,  0.2813], device='cuda:0') tensor([0.0841, 0.0896, 0.0860, 0.4580], device='cuda:0')
[INFO    ][2026-07-23 12:08:57][utils.mpc_utils     ][cem                      ] new mean: tensor([-0.0272,  0.0791, -0.1202,  0.2152], device='cuda:0') tensor([0.0721, 0.0726, 0.0719, 0.3849], device='cuda:0')
    16 |  0.4014 +0.0532 |  0.4030 +0.0928 |          0.1568
[INFO    ][2026-07-23 12:09:03][utils.mpc_utils     ][cem                      ] new mean: tensor([-0.0561,  0.0446, -0.0625,  0.3355], device='cuda:0') tensor([0.1342, 0.1320, 0.1275, 0.9567], device='cuda:0')
[INFO    ][2026-07-23 12:09:10][utils.mpc_utils     ][cem                      ] new mean: tensor([-0.0762,  0.0378, -0.0935,  0.4842], device='cuda:0') tensor([0.1192, 0.1156, 0.1086, 0.7915], device='cuda:0')
[INFO    ][2026-07-23 12:09:17][utils.mpc_utils     ][cem                      ] new mean: tensor([-0.0675,  0.0636, -0.1045,  0.4280], device='cuda:0') tensor([0.1019, 0.0972, 0.0898, 0.5991], device='cuda:0')
[INFO    ][2026-07-23 12:09:23][utils.mpc_utils     ][cem                      ] new mean: tensor([-0.0604,  0.0995, -0.1001,  0.3449], device='cuda:0') tensor([0.0900, 0.0824, 0.0764, 0.2910], device='cuda:0')
[INFO    ][2026-07-23 12:09:30][utils.mpc_utils     ][cem                      ] new mean: tensor([-0.0486,  0.1271, -0.1231,  0.3126], device='cuda:0') tensor([0.0817, 0.0684, 0.0639, 0.2158], device='cuda:0')
[INFO    ][2026-07-23 12:09:36][utils.mpc_utils     ][cem                      ] new mean: tensor([-0.0296,  0.0420, -0.0209,  0.5748], device='cuda:0') tensor([0.1344, 0.1281, 0.1372, 1.0422], device='cuda:0')
[INFO    ][2026-07-23 12:09:43][utils.mpc_utils     ][cem                      ] new mean: tensor([-0.0675,  0.0762, -0.0510,  0.9291], device='cuda:0') tensor([0.1173, 0.1070, 0.1166, 0.5540], device='cuda:0')
[INFO    ][2026-07-23 12:09:50][utils.mpc_utils     ][cem                      ] new mean: tensor([-0.0722,  0.0967, -0.0810,  0.8318], device='cuda:0') tensor([0.1005, 0.0914, 0.1003, 0.4949], device='cuda:0')
[INFO    ][2026-07-23 12:09:56][utils.mpc_utils     ][cem                      ] new mean: tensor([-0.0601,  0.1083, -0.1247,  0.7360], device='cuda:0') tensor([0.0907, 0.0795, 0.0794, 0.4660], device='cuda:0')
[INFO    ][2026-07-23 12:10:03][utils.mpc_utils     ][cem                      ] new mean: tensor([-0.0408,  0.1268, -0.1239,  0.5994], device='cuda:0') tensor([0.0798, 0.0678, 0.0659, 0.3809], device='cuda:0')
    32 |  0.3699 +0.0217 |  0.4086 +0.0984 |          0.1337
[INFO    ][2026-07-23 12:10:10][utils.mpc_utils     ][cem                      ] new mean: tensor([-0.0673,  0.0344, -0.0485,  0.6809], device='cuda:0') tensor([0.1256, 0.1256, 0.1330, 0.9169], device='cuda:0')
[INFO    ][2026-07-23 12:10:16][utils.mpc_utils     ][cem                      ] new mean: tensor([-0.0594,  0.0672, -0.1019,  0.5855], device='cuda:0') tensor([0.1089, 0.1061, 0.1135, 0.5784], device='cuda:0')
[INFO    ][2026-07-23 12:10:23][utils.mpc_utils     ][cem                      ] new mean: tensor([-0.0611,  0.1109, -0.1199,  0.5746], device='cuda:0') tensor([0.0959, 0.0875, 0.0913, 0.6115], device='cuda:0')
[INFO    ][2026-07-23 12:10:29][utils.mpc_utils     ][cem                      ] new mean: tensor([-0.0523,  0.1216, -0.1301,  0.4320], device='cuda:0') tensor([0.0858, 0.0742, 0.0737, 0.3934], device='cuda:0')
[INFO    ][2026-07-23 12:10:36][utils.mpc_utils     ][cem                      ] new mean: tensor([-0.0336,  0.1364, -0.1366,  0.4000], device='cuda:0') tensor([0.0741, 0.0589, 0.0592, 0.2901], device='cuda:0')
[INFO    ][2026-07-23 12:10:43][utils.mpc_utils     ][cem                      ] new mean: tensor([-0.0464,  0.0451, -0.0592,  0.6881], device='cuda:0') tensor([0.1345, 0.1341, 0.1331, 0.9287], device='cuda:0')
[INFO    ][2026-07-23 12:10:49][utils.mpc_utils     ][cem                      ] new mean: tensor([-0.0763,  0.0445, -0.0904,  0.8352], device='cuda:0') tensor([0.1162, 0.1166, 0.1122, 0.5558], device='cuda:0')
[INFO    ][2026-07-23 12:10:56][utils.mpc_utils     ][cem                      ] new mean: tensor([-0.0890,  0.0627, -0.1097,  0.9172], device='cuda:0') tensor([0.0983, 0.1001, 0.0945, 0.4064], device='cuda:0')
[INFO    ][2026-07-23 12:11:02][utils.mpc_utils     ][cem                      ] new mean: tensor([-0.0522,  0.0923, -0.1377,  0.6588], device='cuda:0') tensor([0.0867, 0.0792, 0.0740, 0.3067], device='cuda:0')
[INFO    ][2026-07-23 12:11:09][utils.mpc_utils     ][cem                      ] new mean: tensor([-0.0288,  0.1177, -0.1471,  0.5951], device='cuda:0') tensor([0.0754, 0.0669, 0.0562, 0.1812], device='cuda:0')
    55 |  0.3967 +0.0485 |  0.4153 +0.1052 |          0.1357
  (v2 verdict wants a column that RISES with t, spread >> jitter; flat everywhere = certificate stays dead on this substrate)
[INFO    ][2026-07-23 12:11:19][utils.mpc_utils     ][cem                      ] new mean: tensor([-0.0179,  0.0337,  0.0216, -0.4535], device='cuda:0') tensor([0.1377, 0.1330, 0.1400, 1.0476], device='cuda:0')
[INFO    ][2026-07-23 12:11:25][utils.mpc_utils     ][cem                      ] new mean: tensor([-0.0250,  0.0377,  0.0272, -0.6213], device='cuda:0') tensor([0.1238, 0.1126, 0.1265, 0.7710], device='cuda:0')
[INFO    ][2026-07-23 12:11:32][utils.mpc_utils     ][cem                      ] new mean: tensor([-0.0272,  0.0444,  0.0231, -0.8227], device='cuda:0') tensor([0.1116, 0.1000, 0.1176, 0.6354], device='cuda:0')
[INFO    ][2026-07-23 12:11:39][utils.mpc_utils     ][cem                      ] new mean: tensor([-0.0255,  0.0362,  0.0127, -0.7425], device='cuda:0') tensor([0.0993, 0.0838, 0.1096, 0.4608], device='cuda:0')
[INFO    ][2026-07-23 12:11:45][utils.mpc_utils     ][cem                      ] new mean: tensor([-0.0266,  0.0325,  0.0029, -0.8134], device='cuda:0') tensor([0.0892, 0.0753, 0.0976, 0.3683], device='cuda:0')
[INFO    ][2026-07-23 12:11:52][utils.mpc_utils     ][cem                      ] new mean: tensor([-0.0248,  0.0545,  0.0207, -0.6490], device='cuda:0') tensor([0.1355, 0.1306, 0.1424, 1.1903], device='cuda:0')
[INFO    ][2026-07-23 12:11:58][utils.mpc_utils     ][cem                      ] new mean: tensor([-0.0277,  0.0517,  0.0227, -0.9105], device='cuda:0') tensor([0.1237, 0.1138, 0.1335, 0.6422], device='cuda:0')
[INFO    ][2026-07-23 12:12:05][utils.mpc_utils     ][cem                      ] new mean: tensor([-0.0297,  0.0430,  0.0257, -1.0424], device='cuda:0') tensor([0.1141, 0.1020, 0.1240, 0.6140], device='cuda:0')
[INFO    ][2026-07-23 12:12:12][utils.mpc_utils     ][cem                      ] new mean: tensor([-0.0139,  0.0388,  0.0257, -1.0203], device='cuda:0') tensor([0.1038, 0.0872, 0.1165, 0.6097], device='cuda:0')
[INFO    ][2026-07-23 12:12:18][utils.mpc_utils     ][cem                      ] new mean: tensor([-0.0139,  0.0344,  0.0151, -1.0819], device='cuda:0') tensor([0.0984, 0.0754, 0.1049, 0.4841], device='cuda:0')

==== C*-V2 LADDERS: droid_ep001.npz (T=80) ====
  self-floor: pooled=0.3798  token=0.3561
     t |  pooled   p-cal |   token   t-cal | raw pooled dist
[INFO    ][2026-07-23 12:12:25][utils.mpc_utils     ][cem                      ] new mean: tensor([-0.0096,  0.0502,  0.0445, -0.3790], device='cuda:0') tensor([0.1327, 0.1363, 0.1330, 1.0896], device='cuda:0')
[INFO    ][2026-07-23 12:12:32][utils.mpc_utils     ][cem                      ] new mean: tensor([-0.0016,  0.0330,  0.0623, -0.5022], device='cuda:0') tensor([0.1213, 0.1235, 0.1199, 0.7840], device='cuda:0')
[INFO    ][2026-07-23 12:12:38][utils.mpc_utils     ][cem                      ] new mean: tensor([-0.0009,  0.0340,  0.0412, -0.5996], device='cuda:0') tensor([0.1034, 0.1116, 0.1115, 0.5760], device='cuda:0')
[INFO    ][2026-07-23 12:12:45][utils.mpc_utils     ][cem                      ] new mean: tensor([-0.0166,  0.0276,  0.0330, -0.6128], device='cuda:0') tensor([0.0903, 0.0963, 0.1015, 0.6575], device='cuda:0')
[INFO    ][2026-07-23 12:12:51][utils.mpc_utils     ][cem                      ] new mean: tensor([ 1.7955e-04,  3.5178e-02,  4.3894e-02, -8.8784e-01], device='cuda:0') tensor([0.0780, 0.0894, 0.0969, 0.4691], device='cuda:0')
[INFO    ][2026-07-23 12:12:58][utils.mpc_utils     ][cem                      ] new mean: tensor([ 0.0097,  0.0364,  0.0246, -0.6868], device='cuda:0') tensor([0.1325, 0.1320, 0.1400, 1.1068], device='cuda:0')
[INFO    ][2026-07-23 12:13:05][utils.mpc_utils     ][cem                      ] new mean: tensor([-0.0049,  0.0406,  0.0562, -1.0231], device='cuda:0') tensor([0.1192, 0.1185, 0.1282, 0.5114], device='cuda:0')
[INFO    ][2026-07-23 12:13:11][utils.mpc_utils     ][cem                      ] new mean: tensor([ 0.0038,  0.0380,  0.0332, -0.9533], device='cuda:0') tensor([0.1028, 0.1103, 0.1187, 0.3892], device='cuda:0')
[INFO    ][2026-07-23 12:13:18][utils.mpc_utils     ][cem                      ] new mean: tensor([ 0.0189,  0.0406,  0.0501, -1.0311], device='cuda:0') tensor([0.0882, 0.1047, 0.1083, 0.3513], device='cuda:0')
[INFO    ][2026-07-23 12:13:24][utils.mpc_utils     ][cem                      ] new mean: tensor([-0.0017,  0.0393,  0.0247, -1.0092], device='cuda:0') tensor([0.0730, 0.0906, 0.0937, 0.2459], device='cuda:0')
     1 |  0.3977 +0.0179 |  0.4013 +0.0451 |          0.1054
[INFO    ][2026-07-23 12:13:31][utils.mpc_utils     ][cem                      ] new mean: tensor([-0.0125,  0.0398,  0.0331, -0.2760], device='cuda:0') tensor([0.1324, 0.1327, 0.1411, 1.2060], device='cuda:0')
[INFO    ][2026-07-23 12:13:38][utils.mpc_utils     ][cem                      ] new mean: tensor([-0.0270,  0.0440,  0.0468, -0.5233], device='cuda:0') tensor([0.1185, 0.1190, 0.1264, 0.7290], device='cuda:0')
[INFO    ][2026-07-23 12:13:44][utils.mpc_utils     ][cem                      ] new mean: tensor([-0.0272,  0.0428,  0.0681, -0.7071], device='cuda:0') tensor([0.1080, 0.1087, 0.1113, 0.6311], device='cuda:0')
[INFO    ][2026-07-23 12:13:51][utils.mpc_utils     ][cem                      ] new mean: tensor([-0.0371,  0.0388,  0.0640, -0.7349], device='cuda:0') tensor([0.0986, 0.1026, 0.1033, 0.3717], device='cuda:0')
[INFO    ][2026-07-23 12:13:57][utils.mpc_utils     ][cem                      ] new mean: tensor([-0.0206,  0.0259,  0.0541, -0.7472], device='cuda:0') tensor([0.0887, 0.0902, 0.0946, 0.2717], device='cuda:0')
[INFO    ][2026-07-23 12:14:04][utils.mpc_utils     ][cem                      ] new mean: tensor([-0.0079,  0.0304,  0.0540, -0.4274], device='cuda:0') tensor([0.1364, 0.1341, 0.1279, 1.2432], device='cuda:0')
[INFO    ][2026-07-23 12:14:11][utils.mpc_utils     ][cem                      ] new mean: tensor([-0.0258,  0.0199,  0.0870, -0.1409], device='cuda:0') tensor([0.1221, 0.1170, 0.1101, 0.9819], device='cuda:0')
[INFO    ][2026-07-23 12:14:17][utils.mpc_utils     ][cem                      ] new mean: tensor([-0.0388,  0.0227,  0.0775,  0.0694], device='cuda:0') tensor([0.1086, 0.1047, 0.1038, 0.7254], device='cuda:0')
[INFO    ][2026-07-23 12:14:24][utils.mpc_utils     ][cem                      ] new mean: tensor([-0.0300,  0.0240,  0.0534,  0.0327], device='cuda:0') tensor([0.1003, 0.0891, 0.1022, 0.6565], device='cuda:0')
[INFO    ][2026-07-23 12:14:31][utils.mpc_utils     ][cem                      ] new mean: tensor([-0.0145,  0.0159,  0.0442,  0.1856], device='cuda:0') tensor([0.0930, 0.0817, 0.0991, 0.6533], device='cuda:0')
     2 |  0.4077 +0.0279 |  0.3986 +0.0425 |          0.1207
[INFO    ][2026-07-23 12:14:37][utils.mpc_utils     ][cem                      ] new mean: tensor([-0.0419,  0.0189,  0.0409, -0.4403], device='cuda:0') tensor([0.1352, 0.1389, 0.1370, 1.2960], device='cuda:0')
[INFO    ][2026-07-23 12:14:44][utils.mpc_utils     ][cem                      ] new mean: tensor([-0.0265,  0.0256,  0.0611, -0.7477], device='cuda:0') tensor([0.1242, 0.1261, 0.1259, 0.8861], device='cuda:0')
[INFO    ][2026-07-23 12:14:51][utils.mpc_utils     ][cem                      ] new mean: tensor([-0.0128,  0.0024,  0.0532, -0.8824], device='cuda:0') tensor([0.1066, 0.1093, 0.1095, 0.5822], device='cuda:0')
[INFO    ][2026-07-23 12:14:57][utils.mpc_utils     ][cem                      ] new mean: tensor([-0.0271, -0.0087,  0.0632, -0.9361], device='cuda:0') tensor([0.0921, 0.0975, 0.0910, 0.4900], device='cuda:0')
[INFO    ][2026-07-23 12:15:04][utils.mpc_utils     ][cem                      ] new mean: tensor([-0.0014, -0.0169,  0.0544, -1.1206], device='cuda:0') tensor([0.0807, 0.0839, 0.0751, 0.3878], device='cuda:0')
[INFO    ][2026-07-23 12:15:10][utils.mpc_utils     ][cem                      ] new mean: tensor([-0.0022,  0.0042,  0.0454, -0.0398], device='cuda:0') tensor([0.1321, 0.1353, 0.1389, 1.3514], device='cuda:0')
[INFO    ][2026-07-23 12:15:17][utils.mpc_utils     ][cem                      ] new mean: tensor([-0.0166,  0.0017,  0.0602, -0.2300], device='cuda:0') tensor([0.1192, 0.1222, 0.1281, 1.0855], device='cuda:0')
[INFO    ][2026-07-23 12:15:24][utils.mpc_utils     ][cem                      ] new mean: tensor([-0.0163,  0.0080,  0.0711, -0.5691], device='cuda:0') tensor([0.1047, 0.1193, 0.1166, 0.9249], device='cuda:0')
[INFO    ][2026-07-23 12:15:30][utils.mpc_utils     ][cem                      ] new mean: tensor([-0.0191,  0.0029,  0.0535, -0.6572], device='cuda:0') tensor([0.0893, 0.1111, 0.1103, 0.6547], device='cuda:0')
[INFO    ][2026-07-23 12:15:37][utils.mpc_utils     ][cem                      ] new mean: tensor([-0.0052, -0.0014,  0.0579, -0.7334], device='cuda:0') tensor([0.0774, 0.1052, 0.1003, 0.6882], device='cuda:0')
     4 |  0.3804 +0.0006 |  0.4014 +0.0452 |          0.1012
[INFO    ][2026-07-23 12:15:44][utils.mpc_utils     ][cem                      ] new mean: tensor([-0.0133,  0.0337, -0.0059, -0.6516], device='cuda:0') tensor([0.1401, 0.1325, 0.1356, 1.0148], device='cuda:0')
[INFO    ][2026-07-23 12:15:50][utils.mpc_utils     ][cem                      ] new mean: tensor([-0.0374,  0.0307, -0.0280, -0.6500], device='cuda:0') tensor([0.1210, 0.1177, 0.1237, 0.6951], device='cuda:0')
[INFO    ][2026-07-23 12:15:57][utils.mpc_utils     ][cem                      ] new mean: tensor([-0.0226,  0.0137, -0.0132, -0.5580], device='cuda:0') tensor([0.0989, 0.0947, 0.1162, 0.5422], device='cuda:0')
[INFO    ][2026-07-23 12:16:03][utils.mpc_utils     ][cem                      ] new mean: tensor([-0.0074,  0.0047, -0.0248, -0.5060], device='cuda:0') tensor([0.0921, 0.0802, 0.1097, 0.4248], device='cuda:0')
[INFO    ][2026-07-23 12:16:10][utils.mpc_utils     ][cem                      ] new mean: tensor([-0.0085,  0.0125, -0.0338, -0.6770], device='cuda:0') tensor([0.0832, 0.0638, 0.1038, 0.3259], device='cuda:0')
[INFO    ][2026-07-23 12:16:17][utils.mpc_utils     ][cem                      ] new mean: tensor([-0.0157,  0.0238, -0.0119, -0.2873], device='cuda:0') tensor([0.1379, 0.1371, 0.1428, 1.2980], device='cuda:0')
[INFO    ][2026-07-23 12:16:23][utils.mpc_utils     ][cem                      ] new mean: tensor([-0.0229,  0.0300,  0.0082, -0.2198], device='cuda:0') tensor([0.1257, 0.1256, 0.1308, 1.0560], device='cuda:0')
[INFO    ][2026-07-23 12:16:30][utils.mpc_utils     ][cem                      ] new mean: tensor([-0.0120,  0.0168,  0.0138, -0.6132], device='cuda:0') tensor([0.1193, 0.1163, 0.1201, 0.7034], device='cuda:0')
[INFO    ][2026-07-23 12:16:36][utils.mpc_utils     ][cem                      ] new mean: tensor([-0.0100,  0.0033,  0.0109, -0.8046], device='cuda:0') tensor([0.1139, 0.1029, 0.1185, 0.5342], device='cuda:0')
[INFO    ][2026-07-23 12:16:43][utils.mpc_utils     ][cem                      ] new mean: tensor([-0.0246,  0.0229, -0.0467, -0.7265], device='cuda:0') tensor([0.1075, 0.0945, 0.1070, 0.5550], device='cuda:0')
     8 |  0.3889 +0.0092 |  0.4147 +0.0585 |          0.1126
[INFO    ][2026-07-23 12:16:50][utils.mpc_utils     ][cem                      ] new mean: tensor([-0.0239,  0.0385, -0.0151, -0.1605], device='cuda:0') tensor([0.1355, 0.1368, 0.1435, 1.2145], device='cuda:0')
[INFO    ][2026-07-23 12:16:56][utils.mpc_utils     ][cem                      ] new mean: tensor([-0.0366,  0.0828, -0.0171, -0.1879], device='cuda:0') tensor([0.1210, 0.1188, 0.1370, 0.8052], device='cuda:0')
[INFO    ][2026-07-23 12:17:03][utils.mpc_utils     ][cem                      ] new mean: tensor([-0.0403,  0.0933, -0.0134, -0.2286], device='cuda:0') tensor([0.1011, 0.1074, 0.1322, 0.7144], device='cuda:0')
[INFO    ][2026-07-23 12:17:09][utils.mpc_utils     ][cem                      ] new mean: tensor([-0.0148,  0.0996, -0.0190, -0.3232], device='cuda:0') tensor([0.0905, 0.0977, 0.1309, 0.6916], device='cuda:0')
[INFO    ][2026-07-23 12:17:16][utils.mpc_utils     ][cem                      ] new mean: tensor([-0.0180,  0.1150, -0.0537, -0.4968], device='cuda:0') tensor([0.0844, 0.0851, 0.1211, 0.6410], device='cuda:0')
[INFO    ][2026-07-23 12:17:23][utils.mpc_utils     ][cem                      ] new mean: tensor([-1.8162e-02,  6.3459e-02, -5.2935e-05,  1.0029e-02], device='cuda:0') tensor([0.1414, 0.1307, 0.1429, 1.3111], device='cuda:0')
[INFO    ][2026-07-23 12:17:29][utils.mpc_utils     ][cem                      ] new mean: tensor([-0.0072,  0.0512, -0.0028, -0.2429], device='cuda:0') tensor([0.1316, 0.1232, 0.1374, 1.0229], device='cuda:0')
[INFO    ][2026-07-23 12:17:36][utils.mpc_utils     ][cem                      ] new mean: tensor([ 0.0030,  0.0543,  0.0187, -0.2105], device='cuda:0') tensor([0.1227, 0.1139, 0.1328, 0.8641], device='cuda:0')
[INFO    ][2026-07-23 12:17:42][utils.mpc_utils     ][cem                      ] new mean: tensor([ 0.0129,  0.0497,  0.0415, -0.4291], device='cuda:0') tensor([0.1076, 0.1030, 0.1247, 0.7284], device='cuda:0')
[INFO    ][2026-07-23 12:17:49][utils.mpc_utils     ][cem                      ] new mean: tensor([ 0.0171,  0.0646,  0.0200, -0.3526], device='cuda:0') tensor([0.0917, 0.0969, 0.1180, 0.7627], device='cuda:0')
    16 |  0.4028 +0.0230 |  0.4371 +0.0810 |          0.1685
[INFO    ][2026-07-23 12:17:56][utils.mpc_utils     ][cem                      ] new mean: tensor([-0.0114,  0.0332,  0.0117,  0.1368], device='cuda:0') tensor([0.1392, 0.1326, 0.1413, 1.1998], device='cuda:0')
[INFO    ][2026-07-23 12:18:02][utils.mpc_utils     ][cem                      ] new mean: tensor([-0.0059,  0.0475,  0.0088,  0.2081], device='cuda:0') tensor([0.1316, 0.1223, 0.1366, 1.1245], device='cuda:0')
[INFO    ][2026-07-23 12:18:09][utils.mpc_utils     ][cem                      ] new mean: tensor([-0.0088,  0.0597,  0.0191,  0.1340], device='cuda:0') tensor([0.1202, 0.1127, 0.1331, 0.8850], device='cuda:0')
[INFO    ][2026-07-23 12:18:15][utils.mpc_utils     ][cem                      ] new mean: tensor([0.0024, 0.0676, 0.0237, 0.0838], device='cuda:0') tensor([0.1062, 0.1063, 0.1236, 0.6685], device='cuda:0')
[INFO    ][2026-07-23 12:18:22][utils.mpc_utils     ][cem                      ] new mean: tensor([-0.0029,  0.0731,  0.0529, -0.1323], device='cuda:0') tensor([0.1029, 0.0922, 0.1136, 0.4479], device='cuda:0')
[INFO    ][2026-07-23 12:18:29][utils.mpc_utils     ][cem                      ] new mean: tensor([-0.0137,  0.0486,  0.0093,  0.1100], device='cuda:0') tensor([0.1387, 0.1359, 0.1428, 1.3498], device='cuda:0')
[INFO    ][2026-07-23 12:18:35][utils.mpc_utils     ][cem                      ] new mean: tensor([-0.0168,  0.0611,  0.0174,  0.0930], device='cuda:0') tensor([0.1272, 0.1237, 0.1373, 1.1302], device='cuda:0')
[INFO    ][2026-07-23 12:18:42][utils.mpc_utils     ][cem                      ] new mean: tensor([-0.0280,  0.0691,  0.0361,  0.1232], device='cuda:0') tensor([0.1239, 0.1126, 0.1296, 1.2062], device='cuda:0')
[INFO    ][2026-07-23 12:18:49][utils.mpc_utils     ][cem                      ] new mean: tensor([-0.0186,  0.0810,  0.0519, -0.1956], device='cuda:0') tensor([0.1115, 0.1054, 0.1204, 0.8961], device='cuda:0')
[INFO    ][2026-07-23 12:18:55][utils.mpc_utils     ][cem                      ] new mean: tensor([-0.0096,  0.0852,  0.0387, -0.3355], device='cuda:0') tensor([0.0982, 0.0978, 0.1176, 0.5743], device='cuda:0')
    32 |  0.3875 +0.0077 |  0.4347 +0.0786 |          0.1439
[INFO    ][2026-07-23 12:19:02][utils.mpc_utils     ][cem                      ] new mean: tensor([-0.0334, -0.0817,  0.0791, -0.6712], device='cuda:0') tensor([0.1291, 0.1262, 0.1279, 1.0880], device='cuda:0')
[INFO    ][2026-07-23 12:19:08][utils.mpc_utils     ][cem                      ] new mean: tensor([-0.0062, -0.1021,  0.1002, -0.7209], device='cuda:0') tensor([0.1241, 0.1079, 0.1099, 0.8761], device='cuda:0')
[INFO    ][2026-07-23 12:19:15][utils.mpc_utils     ][cem                      ] new mean: tensor([-0.0274, -0.0953,  0.0980, -0.7891], device='cuda:0') tensor([0.1131, 0.0976, 0.0924, 0.8377], device='cuda:0')
[INFO    ][2026-07-23 12:19:22][utils.mpc_utils     ][cem                      ] new mean: tensor([-0.0120, -0.0883,  0.1021, -0.8198], device='cuda:0') tensor([0.1022, 0.0814, 0.0827, 0.6173], device='cuda:0')
[INFO    ][2026-07-23 12:19:28][utils.mpc_utils     ][cem                      ] new mean: tensor([-0.0212, -0.0900,  0.1027, -0.4907], device='cuda:0') tensor([0.0890, 0.0662, 0.0741, 0.4481], device='cuda:0')
[INFO    ][2026-07-23 12:19:35][utils.mpc_utils     ][cem                      ] new mean: tensor([-0.0336, -0.0611,  0.0732, -0.0067], device='cuda:0') tensor([0.1400, 0.1343, 0.1276, 1.3127], device='cuda:0')
[INFO    ][2026-07-23 12:19:42][utils.mpc_utils     ][cem                      ] new mean: tensor([-0.0735, -0.0735,  0.1063, -0.2030], device='cuda:0') tensor([0.1283, 0.1209, 0.1052, 1.0695], device='cuda:0')
[INFO    ][2026-07-23 12:19:48][utils.mpc_utils     ][cem                      ] new mean: tensor([-0.0410, -0.0895,  0.0961, -0.5863], device='cuda:0') tensor([0.1160, 0.1066, 0.0891, 0.8491], device='cuda:0')
[INFO    ][2026-07-23 12:19:55][utils.mpc_utils     ][cem                      ] new mean: tensor([-0.0500, -0.0859,  0.1079, -0.6411], device='cuda:0') tensor([0.1117, 0.0913, 0.0763, 0.7655], device='cuda:0')
[INFO    ][2026-07-23 12:20:01][utils.mpc_utils     ][cem                      ] new mean: tensor([-0.0266, -0.0897,  0.0975, -0.5280], device='cuda:0') tensor([0.0954, 0.0751, 0.0694, 0.6095], device='cuda:0')
    64 |  0.4021 +0.0223 |  0.4173 +0.0612 |          0.1396
[INFO    ][2026-07-23 12:20:08][utils.mpc_utils     ][cem                      ] new mean: tensor([ 0.0116, -0.0334, -0.0279,  0.3628], device='cuda:0') tensor([0.1387, 0.1317, 0.1395, 1.2183], device='cuda:0')
[INFO    ][2026-07-23 12:20:15][utils.mpc_utils     ][cem                      ] new mean: tensor([-0.0025, -0.0365, -0.0298,  0.2563], device='cuda:0') tensor([0.1319, 0.1121, 0.1226, 1.0440], device='cuda:0')
[INFO    ][2026-07-23 12:20:21][utils.mpc_utils     ][cem                      ] new mean: tensor([-0.0056, -0.0338, -0.0391, -0.0861], device='cuda:0') tensor([0.1242, 0.0926, 0.1079, 0.9201], device='cuda:0')
[INFO    ][2026-07-23 12:20:28][utils.mpc_utils     ][cem                      ] new mean: tensor([-0.0028, -0.0334, -0.0390, -0.1420], device='cuda:0') tensor([0.1177, 0.0790, 0.0990, 0.7595], device='cuda:0')
[INFO    ][2026-07-23 12:20:34][utils.mpc_utils     ][cem                      ] new mean: tensor([ 0.0090, -0.0363, -0.0475, -0.0765], device='cuda:0') tensor([0.1087, 0.0667, 0.0905, 0.6309], device='cuda:0')
[INFO    ][2026-07-23 12:20:41][utils.mpc_utils     ][cem                      ] new mean: tensor([ 0.0372, -0.0453, -0.0129,  0.4077], device='cuda:0') tensor([0.1345, 0.1360, 0.1363, 1.3010], device='cuda:0')
[INFO    ][2026-07-23 12:20:48][utils.mpc_utils     ][cem                      ] new mean: tensor([ 0.0410, -0.0460, -0.0220,  0.3496], device='cuda:0') tensor([0.1242, 0.1255, 0.1253, 1.0472], device='cuda:0')
[INFO    ][2026-07-23 12:20:54][utils.mpc_utils     ][cem                      ] new mean: tensor([ 0.0197, -0.0395, -0.0210,  0.6498], device='cuda:0') tensor([0.1183, 0.1079, 0.1156, 0.7336], device='cuda:0')
[INFO    ][2026-07-23 12:21:01][utils.mpc_utils     ][cem                      ] new mean: tensor([ 0.0258, -0.0399, -0.0247,  0.5317], device='cuda:0') tensor([0.1140, 0.0967, 0.1070, 0.6821], device='cuda:0')
[INFO    ][2026-07-23 12:21:07][utils.mpc_utils     ][cem                      ] new mean: tensor([ 0.0305, -0.0410, -0.0327,  0.6188], device='cuda:0') tensor([0.1034, 0.0797, 0.0918, 0.7017], device='cuda:0')
    79 |  0.4098 +0.0300 |  0.4223 +0.0662 |          0.1624
  (v2 verdict wants a column that RISES with t, spread >> jitter; flat everywhere = certificate stays dead on this substrate)
[INFO    ][2026-07-23 12:21:16][utils.mpc_utils     ][cem                      ] new mean: tensor([-0.0156, -0.0192,  0.0209,  0.0251], device='cuda:0') tensor([0.1322, 0.1375, 0.1351, 1.1049], device='cuda:0')
[INFO    ][2026-07-23 12:21:23][utils.mpc_utils     ][cem                      ] new mean: tensor([-0.0150, -0.0202,  0.0171,  0.1511], device='cuda:0') tensor([0.1150, 0.1259, 0.1167, 1.0527], device='cuda:0')
[INFO    ][2026-07-23 12:21:29][utils.mpc_utils     ][cem                      ] new mean: tensor([-0.0153, -0.0061,  0.0083,  0.1736], device='cuda:0') tensor([0.0996, 0.1157, 0.1026, 1.0882], device='cuda:0')
[INFO    ][2026-07-23 12:21:36][utils.mpc_utils     ][cem                      ] new mean: tensor([-0.0035,  0.0030,  0.0028, -0.0291], device='cuda:0') tensor([0.0947, 0.1066, 0.0896, 0.9253], device='cuda:0')
[INFO    ][2026-07-23 12:21:42][utils.mpc_utils     ][cem                      ] new mean: tensor([0.0026, 0.0050, 0.0189, 0.0209], device='cuda:0') tensor([0.0884, 0.0944, 0.0841, 0.9973], device='cuda:0')
[INFO    ][2026-07-23 12:21:49][utils.mpc_utils     ][cem                      ] new mean: tensor([-0.0070, -0.0209,  0.0023, -0.2920], device='cuda:0') tensor([0.1304, 0.1350, 0.1313, 1.2532], device='cuda:0')
[INFO    ][2026-07-23 12:21:56][utils.mpc_utils     ][cem                      ] new mean: tensor([-0.0214, -0.0185,  0.0006, -0.1688], device='cuda:0') tensor([0.1163, 0.1187, 0.1141, 1.0683], device='cuda:0')
[INFO    ][2026-07-23 12:22:02][utils.mpc_utils     ][cem                      ] new mean: tensor([-0.0313, -0.0129,  0.0114, -0.2495], device='cuda:0') tensor([0.1032, 0.1122, 0.1035, 0.8445], device='cuda:0')
[INFO    ][2026-07-23 12:22:09][utils.mpc_utils     ][cem                      ] new mean: tensor([-0.0348, -0.0170, -0.0038, -0.0451], device='cuda:0') tensor([0.0906, 0.0994, 0.0914, 0.7187], device='cuda:0')
[INFO    ][2026-07-23 12:22:15][utils.mpc_utils     ][cem                      ] new mean: tensor([-0.0244, -0.0102, -0.0086, -0.1944], device='cuda:0') tensor([0.0830, 0.0908, 0.0778, 0.7090], device='cuda:0')

==== C*-V2 LADDERS: droid_ep002.npz (T=48) ====
  self-floor: pooled=0.3179  token=0.2692
     t |  pooled   p-cal |   token   t-cal | raw pooled dist
[INFO    ][2026-07-23 12:22:22][utils.mpc_utils     ][cem                      ] new mean: tensor([ 0.0216,  0.0200,  0.0177, -0.5721], device='cuda:0') tensor([0.1288, 0.1359, 0.1303, 1.2577], device='cuda:0')
[INFO    ][2026-07-23 12:22:29][utils.mpc_utils     ][cem                      ] new mean: tensor([ 1.2235e-02,  2.0817e-04,  3.1560e-02, -4.0095e-01], device='cuda:0') tensor([0.1140, 0.1228, 0.1114, 1.0666], device='cuda:0')
[INFO    ][2026-07-23 12:22:35][utils.mpc_utils     ][cem                      ] new mean: tensor([-1.0194e-04,  1.3439e-02,  3.7815e-02, -4.2008e-01], device='cuda:0') tensor([0.1018, 0.1107, 0.0983, 0.7783], device='cuda:0')
[INFO    ][2026-07-23 12:22:42][utils.mpc_utils     ][cem                      ] new mean: tensor([ 0.0180, -0.0028,  0.0385, -0.2770], device='cuda:0') tensor([0.0891, 0.1042, 0.0839, 0.5257], device='cuda:0')
[INFO    ][2026-07-23 12:22:48][utils.mpc_utils     ][cem                      ] new mean: tensor([ 0.0155, -0.0070,  0.0336, -0.1522], device='cuda:0') tensor([0.0807, 0.0977, 0.0749, 0.5032], device='cuda:0')
[INFO    ][2026-07-23 12:22:55][utils.mpc_utils     ][cem                      ] new mean: tensor([ 0.0022, -0.0380, -0.0118, -0.1123], device='cuda:0') tensor([0.1318, 0.1382, 0.1316, 1.1570], device='cuda:0')
[INFO    ][2026-07-23 12:23:02][utils.mpc_utils     ][cem                      ] new mean: tensor([-0.0110, -0.0568,  0.0096, -0.2268], device='cuda:0') tensor([0.1142, 0.1306, 0.1163, 0.9486], device='cuda:0')
[INFO    ][2026-07-23 12:23:08][utils.mpc_utils     ][cem                      ] new mean: tensor([ 0.0025, -0.0539,  0.0316, -0.0573], device='cuda:0') tensor([0.0990, 0.1206, 0.1017, 0.9330], device='cuda:0')
[INFO    ][2026-07-23 12:23:15][utils.mpc_utils     ][cem                      ] new mean: tensor([-0.0028, -0.0430,  0.0407, -0.2127], device='cuda:0') tensor([0.0857, 0.1107, 0.0881, 0.8052], device='cuda:0')
[INFO    ][2026-07-23 12:23:22][utils.mpc_utils     ][cem                      ] new mean: tensor([ 0.0034, -0.0564,  0.0457,  0.0976], device='cuda:0') tensor([0.0801, 0.1004, 0.0804, 0.7497], device='cuda:0')
     1 |  0.3139 -0.0040 |  0.3227 +0.0535 |          0.0538
[INFO    ][2026-07-23 12:23:28][utils.mpc_utils     ][cem                      ] new mean: tensor([-0.0111, -0.0544,  0.0192,  0.1194], device='cuda:0') tensor([0.1295, 0.1334, 0.1293, 1.1894], device='cuda:0')
[INFO    ][2026-07-23 12:23:35][utils.mpc_utils     ][cem                      ] new mean: tensor([ 0.0071, -0.0632,  0.0103, -0.1630], device='cuda:0') tensor([0.1162, 0.1180, 0.1113, 0.8492], device='cuda:0')
[INFO    ][2026-07-23 12:23:41][utils.mpc_utils     ][cem                      ] new mean: tensor([ 0.0255, -0.0349,  0.0316, -0.1673], device='cuda:0') tensor([0.1011, 0.1119, 0.0966, 0.7017], device='cuda:0')
[INFO    ][2026-07-23 12:23:48][utils.mpc_utils     ][cem                      ] new mean: tensor([ 0.0274, -0.0237,  0.0475, -0.0753], device='cuda:0') tensor([0.0869, 0.1038, 0.0823, 0.6662], device='cuda:0')
[INFO    ][2026-07-23 12:23:54][utils.mpc_utils     ][cem                      ] new mean: tensor([ 0.0203, -0.0252,  0.0527, -0.0747], device='cuda:0') tensor([0.0728, 0.0962, 0.0740, 0.6972], device='cuda:0')
[INFO    ][2026-07-23 12:24:01][utils.mpc_utils     ][cem                      ] new mean: tensor([ 0.0336, -0.0407,  0.0031, -0.1298], device='cuda:0') tensor([0.1298, 0.1361, 0.1316, 1.3366], device='cuda:0')
[INFO    ][2026-07-23 12:24:08][utils.mpc_utils     ][cem                      ] new mean: tensor([ 0.0318, -0.0725,  0.0028, -0.4959], device='cuda:0') tensor([0.1101, 0.1212, 0.1181, 1.0186], device='cuda:0')
[INFO    ][2026-07-23 12:24:14][utils.mpc_utils     ][cem                      ] new mean: tensor([ 0.0176, -0.0713,  0.0170, -0.4292], device='cuda:0') tensor([0.0999, 0.1086, 0.1048, 0.7918], device='cuda:0')
[INFO    ][2026-07-23 12:24:21][utils.mpc_utils     ][cem                      ] new mean: tensor([ 0.0268, -0.0490,  0.0023, -0.1810], device='cuda:0') tensor([0.0852, 0.1027, 0.0947, 0.6888], device='cuda:0')
[INFO    ][2026-07-23 12:24:28][utils.mpc_utils     ][cem                      ] new mean: tensor([ 2.7490e-02,  1.0270e-04, -1.3255e-02, -1.7694e-01], device='cuda:0') tensor([0.0764, 0.0941, 0.0872, 0.5871], device='cuda:0')
     2 |  0.3148 -0.0031 |  0.3225 +0.0533 |          0.0463
[INFO    ][2026-07-23 12:24:34][utils.mpc_utils     ][cem                      ] new mean: tensor([ 0.0534,  0.0100, -0.0012,  0.0505], device='cuda:0') tensor([0.1329, 0.1283, 0.1286, 1.2157], device='cuda:0')
[INFO    ][2026-07-23 12:24:41][utils.mpc_utils     ][cem                      ] new mean: tensor([ 0.0313, -0.0281,  0.0240, -0.0240], device='cuda:0') tensor([0.1160, 0.1148, 0.1118, 1.0197], device='cuda:0')
[INFO    ][2026-07-23 12:24:47][utils.mpc_utils     ][cem                      ] new mean: tensor([ 0.0311, -0.0379,  0.0336, -0.1672], device='cuda:0') tensor([0.1031, 0.1058, 0.0936, 0.8181], device='cuda:0')
[INFO    ][2026-07-23 12:24:54][utils.mpc_utils     ][cem                      ] new mean: tensor([ 0.0460, -0.0486,  0.0299, -0.0361], device='cuda:0') tensor([0.0921, 0.0969, 0.0867, 0.7099], device='cuda:0')
[INFO    ][2026-07-23 12:25:01][utils.mpc_utils     ][cem                      ] new mean: tensor([ 0.0570, -0.0620,  0.0294, -0.0658], device='cuda:0') tensor([0.0860, 0.0893, 0.0765, 0.6184], device='cuda:0')
[INFO    ][2026-07-23 12:25:07][utils.mpc_utils     ][cem                      ] new mean: tensor([ 0.0525, -0.0373, -0.0007, -0.2738], device='cuda:0') tensor([0.1307, 0.1342, 0.1281, 1.1615], device='cuda:0')
[INFO    ][2026-07-23 12:25:14][utils.mpc_utils     ][cem                      ] new mean: tensor([ 0.0261, -0.0496, -0.0022,  0.0151], device='cuda:0') tensor([0.1173, 0.1235, 0.1098, 0.7743], device='cuda:0')
[INFO    ][2026-07-23 12:25:20][utils.mpc_utils     ][cem                      ] new mean: tensor([ 0.0181, -0.0385, -0.0089,  0.3280], device='cuda:0') tensor([0.1054, 0.1157, 0.0998, 0.6577], device='cuda:0')
[INFO    ][2026-07-23 12:25:27][utils.mpc_utils     ][cem                      ] new mean: tensor([ 0.0322, -0.0339,  0.0211,  0.1452], device='cuda:0') tensor([0.0929, 0.1066, 0.0857, 0.6025], device='cuda:0')
[INFO    ][2026-07-23 12:25:34][utils.mpc_utils     ][cem                      ] new mean: tensor([ 0.0228, -0.0303,  0.0181,  0.1068], device='cuda:0') tensor([0.0816, 0.0974, 0.0759, 0.4446], device='cuda:0')
     4 |  0.3289 +0.0110 |  0.3547 +0.0854 |          0.0700
[INFO    ][2026-07-23 12:25:40][utils.mpc_utils     ][cem                      ] new mean: tensor([ 0.0703,  0.0424, -0.0493,  0.3053], device='cuda:0') tensor([0.1282, 0.1365, 0.1312, 1.1932], device='cuda:0')
[INFO    ][2026-07-23 12:25:47][utils.mpc_utils     ][cem                      ] new mean: tensor([ 0.0691,  0.0428, -0.0568, -0.3070], device='cuda:0') tensor([0.1095, 0.1259, 0.1108, 0.8980], device='cuda:0')
[INFO    ][2026-07-23 12:25:54][utils.mpc_utils     ][cem                      ] new mean: tensor([ 0.0605,  0.0338, -0.0597, -0.5900], device='cuda:0') tensor([0.0970, 0.1156, 0.0981, 0.6618], device='cuda:0')
[INFO    ][2026-07-23 12:26:00][utils.mpc_utils     ][cem                      ] new mean: tensor([ 0.0855,  0.0617, -0.0458, -0.6370], device='cuda:0') tensor([0.0871, 0.1063, 0.0865, 0.6168], device='cuda:0')
[INFO    ][2026-07-23 12:26:07][utils.mpc_utils     ][cem                      ] new mean: tensor([ 0.0730,  0.0490, -0.0555, -0.8211], device='cuda:0') tensor([0.0788, 0.1020, 0.0749, 0.5089], device='cuda:0')
[INFO    ][2026-07-23 12:26:13][utils.mpc_utils     ][cem                      ] new mean: tensor([ 0.0683, -0.0109, -0.0691, -0.2260], device='cuda:0') tensor([0.1287, 0.1366, 0.1253, 1.2410], device='cuda:0')
[INFO    ][2026-07-23 12:26:20][utils.mpc_utils     ][cem                      ] new mean: tensor([ 0.0577, -0.0032, -0.0644, -0.2065], device='cuda:0') tensor([0.1127, 0.1218, 0.1058, 0.8733], device='cuda:0')
[INFO    ][2026-07-23 12:26:27][utils.mpc_utils     ][cem                      ] new mean: tensor([ 0.0853, -0.0033, -0.0761, -0.3073], device='cuda:0') tensor([0.0996, 0.1122, 0.0927, 0.4954], device='cuda:0')
[INFO    ][2026-07-23 12:26:33][utils.mpc_utils     ][cem                      ] new mean: tensor([ 0.0657, -0.0025, -0.0846, -0.4794], device='cuda:0') tensor([0.0915, 0.1020, 0.0813, 0.3742], device='cuda:0')
[INFO    ][2026-07-23 12:26:40][utils.mpc_utils     ][cem                      ] new mean: tensor([ 0.0651,  0.0034, -0.0961, -0.4652], device='cuda:0') tensor([0.0859, 0.0950, 0.0691, 0.3529], device='cuda:0')
     8 |  0.3541 +0.0362 |  0.3982 +0.1290 |          0.1533
[INFO    ][2026-07-23 12:26:46][utils.mpc_utils     ][cem                      ] new mean: tensor([ 0.0686,  0.0462, -0.0517,  0.1346], device='cuda:0') tensor([0.1275, 0.1320, 0.1259, 1.4420], device='cuda:0')
[INFO    ][2026-07-23 12:26:53][utils.mpc_utils     ][cem                      ] new mean: tensor([ 0.0880,  0.0973, -0.0550,  0.0522], device='cuda:0') tensor([0.1044, 0.1103, 0.1112, 1.0546], device='cuda:0')
[INFO    ][2026-07-23 12:27:00][utils.mpc_utils     ][cem                      ] new mean: tensor([ 0.0752,  0.0752, -0.0740, -0.3517], device='cuda:0') tensor([0.0930, 0.0953, 0.0965, 0.8069], device='cuda:0')
[INFO    ][2026-07-23 12:27:06][utils.mpc_utils     ][cem                      ] new mean: tensor([ 0.0807,  0.0521, -0.0850, -0.7088], device='cuda:0') tensor([0.0834, 0.0838, 0.0835, 0.6846], device='cuda:0')
[INFO    ][2026-07-23 12:27:13][utils.mpc_utils     ][cem                      ] new mean: tensor([ 0.0742,  0.0809, -0.0911, -0.5660], device='cuda:0') tensor([0.0713, 0.0735, 0.0757, 0.4990], device='cuda:0')
[INFO    ][2026-07-23 12:27:19][utils.mpc_utils     ][cem                      ] new mean: tensor([ 0.0400,  0.0198, -0.0538,  0.0081], device='cuda:0') tensor([0.1346, 0.1402, 0.1296, 1.3595], device='cuda:0')
[INFO    ][2026-07-23 12:27:26][utils.mpc_utils     ][cem                      ] new mean: tensor([ 0.0655,  0.0461, -0.0593, -0.4342], device='cuda:0') tensor([0.1152, 0.1250, 0.1097, 1.0446], device='cuda:0')
[INFO    ][2026-07-23 12:27:33][utils.mpc_utils     ][cem                      ] new mean: tensor([ 0.0660,  0.0629, -0.0787, -0.9029], device='cuda:0') tensor([0.0972, 0.1094, 0.0952, 0.6345], device='cuda:0')
[INFO    ][2026-07-23 12:27:39][utils.mpc_utils     ][cem                      ] new mean: tensor([ 0.0405,  0.0890, -0.0866, -0.8133], device='cuda:0') tensor([0.0823, 0.0918, 0.0817, 0.4112], device='cuda:0')
[INFO    ][2026-07-23 12:27:46][utils.mpc_utils     ][cem                      ] new mean: tensor([ 0.0586,  0.0959, -0.1029, -1.0570], device='cuda:0') tensor([0.0729, 0.0826, 0.0719, 0.3177], device='cuda:0')
    16 |  0.3701 +0.0522 |  0.4295 +0.1602 |          0.2057
[INFO    ][2026-07-23 12:27:53][utils.mpc_utils     ][cem                      ] new mean: tensor([-0.0809, -0.0158, -0.0615, -0.4527], device='cuda:0') tensor([0.1286, 0.1377, 0.1299, 1.1960], device='cuda:0')
[INFO    ][2026-07-23 12:27:59][utils.mpc_utils     ][cem                      ] new mean: tensor([-0.0662,  0.0050, -0.0671, -0.3958], device='cuda:0') tensor([0.1171, 0.1292, 0.1156, 0.9239], device='cuda:0')
[INFO    ][2026-07-23 12:28:06][utils.mpc_utils     ][cem                      ] new mean: tensor([-0.0714,  0.0460, -0.0643, -0.3148], device='cuda:0') tensor([0.1059, 0.1165, 0.1007, 0.8695], device='cuda:0')
[INFO    ][2026-07-23 12:28:12][utils.mpc_utils     ][cem                      ] new mean: tensor([-0.0526,  0.0747, -0.0539, -0.4855], device='cuda:0') tensor([0.0957, 0.1017, 0.0915, 0.7247], device='cuda:0')
[INFO    ][2026-07-23 12:28:19][utils.mpc_utils     ][cem                      ] new mean: tensor([-0.0598,  0.0871, -0.0628, -0.4518], device='cuda:0') tensor([0.0841, 0.0885, 0.0796, 0.5802], device='cuda:0')
[INFO    ][2026-07-23 12:28:26][utils.mpc_utils     ][cem                      ] new mean: tensor([ 0.0108,  0.0305, -0.0365, -0.0177], device='cuda:0') tensor([0.1406, 0.1405, 0.1310, 1.1495], device='cuda:0')
[INFO    ][2026-07-23 12:28:32][utils.mpc_utils     ][cem                      ] new mean: tensor([ 0.0577,  0.0703, -0.0504, -0.5018], device='cuda:0') tensor([0.1291, 0.1230, 0.1102, 0.8752], device='cuda:0')
[INFO    ][2026-07-23 12:28:39][utils.mpc_utils     ][cem                      ] new mean: tensor([ 0.0864,  0.0926, -0.0432, -0.7214], device='cuda:0') tensor([0.1100, 0.1010, 0.0910, 0.5698], device='cuda:0')
[INFO    ][2026-07-23 12:28:45][utils.mpc_utils     ][cem                      ] new mean: tensor([ 0.0875,  0.0940, -0.0464, -0.6704], device='cuda:0') tensor([0.0980, 0.0911, 0.0799, 0.4354], device='cuda:0')
[INFO    ][2026-07-23 12:28:52][utils.mpc_utils     ][cem                      ] new mean: tensor([ 0.0920,  0.1111, -0.0513, -0.7772], device='cuda:0') tensor([0.0867, 0.0814, 0.0707, 0.3485], device='cuda:0')
    32 |  0.3496 +0.0318 |  0.4389 +0.1697 |          0.1811
[INFO    ][2026-07-23 12:28:59][utils.mpc_utils     ][cem                      ] new mean: tensor([-0.0124,  0.0141, -0.0470, -0.1438], device='cuda:0') tensor([0.1262, 0.1414, 0.1315, 1.3394], device='cuda:0')
[INFO    ][2026-07-23 12:29:05][utils.mpc_utils     ][cem                      ] new mean: tensor([ 0.0075,  0.0150, -0.0646, -0.3183], device='cuda:0') tensor([0.1101, 0.1316, 0.1093, 1.0840], device='cuda:0')
[INFO    ][2026-07-23 12:29:12][utils.mpc_utils     ][cem                      ] new mean: tensor([-0.0112,  0.0344, -0.0560, -0.0739], device='cuda:0') tensor([0.0974, 0.1246, 0.0948, 0.8431], device='cuda:0')
[INFO    ][2026-07-23 12:29:18][utils.mpc_utils     ][cem                      ] new mean: tensor([-0.0089,  0.0481, -0.0413,  0.0025], device='cuda:0') tensor([0.0880, 0.1230, 0.0821, 0.8432], device='cuda:0')
[INFO    ][2026-07-23 12:29:25][utils.mpc_utils     ][cem                      ] new mean: tensor([-0.0249,  0.0425, -0.0324, -0.0631], device='cuda:0') tensor([0.0802, 0.1193, 0.0725, 0.6736], device='cuda:0')
[INFO    ][2026-07-23 12:29:32][utils.mpc_utils     ][cem                      ] new mean: tensor([ 0.0009,  0.0326, -0.0583, -0.2282], device='cuda:0') tensor([0.1307, 0.1387, 0.1319, 1.1261], device='cuda:0')
[INFO    ][2026-07-23 12:29:38][utils.mpc_utils     ][cem                      ] new mean: tensor([ 0.0174,  0.0421, -0.0695, -0.1556], device='cuda:0') tensor([0.1150, 0.1285, 0.1131, 0.9242], device='cuda:0')
[INFO    ][2026-07-23 12:29:45][utils.mpc_utils     ][cem                      ] new mean: tensor([ 0.0398,  0.0181, -0.0607, -0.1401], device='cuda:0') tensor([0.0967, 0.1237, 0.0994, 0.8857], device='cuda:0')
[INFO    ][2026-07-23 12:29:51][utils.mpc_utils     ][cem                      ] new mean: tensor([ 0.0396, -0.0070, -0.0429,  0.0457], device='cuda:0') tensor([0.0857, 0.1197, 0.0885, 0.7529], device='cuda:0')
[INFO    ][2026-07-23 12:29:58][utils.mpc_utils     ][cem                      ] new mean: tensor([ 0.0360, -0.0282, -0.0692, -0.0397], device='cuda:0') tensor([0.0769, 0.1141, 0.0791, 0.7679], device='cuda:0')
    47 |  0.3311 +0.0132 |  0.3987 +0.1295 |          0.1171
  (v2 verdict wants a column that RISES with t, spread >> jitter; flat everywhere = certificate stays dead on this substrate)
[INFO    ][2026-07-23 12:30:08][utils.mpc_utils     ][cem                      ] new mean: tensor([ 0.0017,  0.0359,  0.0102, -0.0112], device='cuda:0') tensor([0.1352, 0.1308, 0.1324, 1.3245], device='cuda:0')
[INFO    ][2026-07-23 12:30:14][utils.mpc_utils     ][cem                      ] new mean: tensor([ 0.0030,  0.0136,  0.0180, -0.0180], device='cuda:0') tensor([0.1215, 0.1118, 0.1147, 1.1292], device='cuda:0')
[INFO    ][2026-07-23 12:30:21][utils.mpc_utils     ][cem                      ] new mean: tensor([ 0.0015,  0.0224,  0.0403, -0.1646], device='cuda:0') tensor([0.1050, 0.1037, 0.0965, 0.9368], device='cuda:0')
[INFO    ][2026-07-23 12:30:27][utils.mpc_utils     ][cem                      ] new mean: tensor([-0.0382,  0.0262,  0.0521, -0.3162], device='cuda:0') tensor([0.0916, 0.0920, 0.0806, 1.0020], device='cuda:0')
[INFO    ][2026-07-23 12:30:34][utils.mpc_utils     ][cem                      ] new mean: tensor([-0.0280,  0.0253,  0.0515, -0.1088], device='cuda:0') tensor([0.0830, 0.0814, 0.0683, 0.8657], device='cuda:0')
[INFO    ][2026-07-23 12:30:41][utils.mpc_utils     ][cem                      ] new mean: tensor([ 0.0171,  0.0216, -0.0170,  0.0956], device='cuda:0') tensor([0.1360, 0.1299, 0.1281, 1.3059], device='cuda:0')
[INFO    ][2026-07-23 12:30:47][utils.mpc_utils     ][cem                      ] new mean: tensor([ 0.0050,  0.0128, -0.0178,  0.1007], device='cuda:0') tensor([0.1234, 0.1155, 0.1082, 1.0222], device='cuda:0')
[INFO    ][2026-07-23 12:30:54][utils.mpc_utils     ][cem                      ] new mean: tensor([-0.0098,  0.0538, -0.0237,  0.0914], device='cuda:0') tensor([0.1110, 0.1032, 0.0959, 0.9447], device='cuda:0')
[INFO    ][2026-07-23 12:31:00][utils.mpc_utils     ][cem                      ] new mean: tensor([-0.0286,  0.0318, -0.0212,  0.0838], device='cuda:0') tensor([0.1016, 0.0924, 0.0883, 0.9365], device='cuda:0')
[INFO    ][2026-07-23 12:31:07][utils.mpc_utils     ][cem                      ] new mean: tensor([-0.0293,  0.0321, -0.0176, -0.0265], device='cuda:0') tensor([0.0900, 0.0836, 0.0803, 0.9715], device='cuda:0')

==== C*-V2 LADDERS: droid_ep003.npz (T=69) ====
  self-floor: pooled=0.2409  token=0.2725
     t |  pooled   p-cal |   token   t-cal | raw pooled dist
[INFO    ][2026-07-23 12:31:14][utils.mpc_utils     ][cem                      ] new mean: tensor([-0.0183, -0.0044,  0.0068, -0.0072], device='cuda:0') tensor([0.1384, 0.1303, 0.1304, 1.3824], device='cuda:0')
[INFO    ][2026-07-23 12:31:20][utils.mpc_utils     ][cem                      ] new mean: tensor([-0.0464,  0.0228, -0.0202,  0.0452], device='cuda:0') tensor([0.1207, 0.1123, 0.1130, 1.0502], device='cuda:0')
[INFO    ][2026-07-23 12:31:27][utils.mpc_utils     ][cem                      ] new mean: tensor([-0.0543,  0.0284, -0.0421, -0.2630], device='cuda:0') tensor([0.1078, 0.1041, 0.0985, 1.0358], device='cuda:0')
[INFO    ][2026-07-23 12:31:33][utils.mpc_utils     ][cem                      ] new mean: tensor([-0.0518,  0.0370, -0.0330, -0.3972], device='cuda:0') tensor([0.0952, 0.0947, 0.0855, 0.7911], device='cuda:0')
[INFO    ][2026-07-23 12:31:40][utils.mpc_utils     ][cem                      ] new mean: tensor([-0.0520,  0.0177, -0.0007, -0.2253], device='cuda:0') tensor([0.0849, 0.0860, 0.0800, 0.8150], device='cuda:0')
[INFO    ][2026-07-23 12:31:47][utils.mpc_utils     ][cem                      ] new mean: tensor([ 0.0074,  0.0104, -0.0068,  0.0382], device='cuda:0') tensor([0.1347, 0.1283, 0.1307, 1.3259], device='cuda:0')
[INFO    ][2026-07-23 12:31:53][utils.mpc_utils     ][cem                      ] new mean: tensor([ 0.0106, -0.0008, -0.0088, -0.0548], device='cuda:0') tensor([0.1229, 0.1147, 0.1142, 0.9868], device='cuda:0')
[INFO    ][2026-07-23 12:32:00][utils.mpc_utils     ][cem                      ] new mean: tensor([ 0.0046, -0.0172, -0.0066,  0.0123], device='cuda:0') tensor([0.1115, 0.1025, 0.1016, 1.0608], device='cuda:0')
[INFO    ][2026-07-23 12:32:06][utils.mpc_utils     ][cem                      ] new mean: tensor([ 0.0122, -0.0182, -0.0020,  0.0213], device='cuda:0') tensor([0.0985, 0.0922, 0.0922, 0.9598], device='cuda:0')
[INFO    ][2026-07-23 12:32:13][utils.mpc_utils     ][cem                      ] new mean: tensor([-0.0126, -0.0174,  0.0096,  0.1068], device='cuda:0') tensor([0.0869, 0.0807, 0.0847, 0.8828], device='cuda:0')
     1 |  0.2568 +0.0159 |  0.3327 +0.0602 |          0.0672
[INFO    ][2026-07-23 12:32:20][utils.mpc_utils     ][cem                      ] new mean: tensor([ 0.0253, -0.0248, -0.0036, -0.0663], device='cuda:0') tensor([0.1384, 0.1353, 0.1309, 1.3173], device='cuda:0')
[INFO    ][2026-07-23 12:32:26][utils.mpc_utils     ][cem                      ] new mean: tensor([ 0.0095, -0.0099,  0.0060, -0.1913], device='cuda:0') tensor([0.1259, 0.1164, 0.1115, 1.0202], device='cuda:0')
[INFO    ][2026-07-23 12:32:33][utils.mpc_utils     ][cem                      ] new mean: tensor([-0.0021,  0.0039, -0.0123, -0.4402], device='cuda:0') tensor([0.1109, 0.1047, 0.1017, 0.6431], device='cuda:0')
[INFO    ][2026-07-23 12:32:39][utils.mpc_utils     ][cem                      ] new mean: tensor([-0.0029, -0.0082,  0.0056, -0.4108], device='cuda:0') tensor([0.0951, 0.0947, 0.0932, 0.6610], device='cuda:0')
[INFO    ][2026-07-23 12:32:46][utils.mpc_utils     ][cem                      ] new mean: tensor([-0.0129, -0.0145,  0.0088, -0.4075], device='cuda:0') tensor([0.0890, 0.0841, 0.0869, 0.5873], device='cuda:0')
[INFO    ][2026-07-23 12:32:53][utils.mpc_utils     ][cem                      ] new mean: tensor([ 0.0153,  0.0212,  0.0204, -0.3773], device='cuda:0') tensor([0.1352, 0.1342, 0.1355, 1.1964], device='cuda:0')
[INFO    ][2026-07-23 12:32:59][utils.mpc_utils     ][cem                      ] new mean: tensor([-0.0193,  0.0036,  0.0009, -0.4121], device='cuda:0') tensor([0.1247, 0.1201, 0.1192, 1.0336], device='cuda:0')
[INFO    ][2026-07-23 12:33:06][utils.mpc_utils     ][cem                      ] new mean: tensor([-0.0234,  0.0007,  0.0037, -0.5101], device='cuda:0') tensor([0.1134, 0.1042, 0.1047, 1.0104], device='cuda:0')
[INFO    ][2026-07-23 12:33:12][utils.mpc_utils     ][cem                      ] new mean: tensor([-0.0062, -0.0250,  0.0126, -0.3055], device='cuda:0') tensor([0.1012, 0.0915, 0.0947, 0.8545], device='cuda:0')
[INFO    ][2026-07-23 12:33:19][utils.mpc_utils     ][cem                      ] new mean: tensor([ 0.0084, -0.0190, -0.0084, -0.3309], device='cuda:0') tensor([0.0850, 0.0839, 0.0849, 0.7752], device='cuda:0')
     2 |  0.2597 +0.0188 |  0.3378 +0.0653 |          0.0690
[INFO    ][2026-07-23 12:33:26][utils.mpc_utils     ][cem                      ] new mean: tensor([-0.0071,  0.0588, -0.0143, -0.0138], device='cuda:0') tensor([0.1346, 0.1307, 0.1273, 1.3032], device='cuda:0')
[INFO    ][2026-07-23 12:33:32][utils.mpc_utils     ][cem                      ] new mean: tensor([-0.0083,  0.0678, -0.0074,  0.1283], device='cuda:0') tensor([0.1213, 0.1150, 0.1106, 1.0730], device='cuda:0')
[INFO    ][2026-07-23 12:33:39][utils.mpc_utils     ][cem                      ] new mean: tensor([-0.0092,  0.0550, -0.0034, -0.0800], device='cuda:0') tensor([0.1136, 0.1021, 0.0975, 0.9910], device='cuda:0')
[INFO    ][2026-07-23 12:33:46][utils.mpc_utils     ][cem                      ] new mean: tensor([-0.0016,  0.0458, -0.0034, -0.1567], device='cuda:0') tensor([0.0971, 0.0932, 0.0911, 0.7625], device='cuda:0')
[INFO    ][2026-07-23 12:33:52][utils.mpc_utils     ][cem                      ] new mean: tensor([-0.0111,  0.0561, -0.0090, -0.1121], device='cuda:0') tensor([0.0904, 0.0817, 0.0840, 0.5309], device='cuda:0')
[INFO    ][2026-07-23 12:33:59][utils.mpc_utils     ][cem                      ] new mean: tensor([-0.0279,  0.0089, -0.0199, -0.0212], device='cuda:0') tensor([0.1361, 0.1317, 0.1283, 1.3323], device='cuda:0')
[INFO    ][2026-07-23 12:34:05][utils.mpc_utils     ][cem                      ] new mean: tensor([-0.0220,  0.0331, -0.0376, -0.1434], device='cuda:0') tensor([0.1243, 0.1164, 0.1117, 1.0788], device='cuda:0')
[INFO    ][2026-07-23 12:34:12][utils.mpc_utils     ][cem                      ] new mean: tensor([ 0.0025,  0.0339, -0.0315, -0.4259], device='cuda:0') tensor([0.1086, 0.1048, 0.1026, 0.8058], device='cuda:0')
[INFO    ][2026-07-23 12:34:19][utils.mpc_utils     ][cem                      ] new mean: tensor([ 1.0762e-04,  4.5250e-03, -5.7698e-03, -4.5723e-01], device='cuda:0') tensor([0.1026, 0.0985, 0.0917, 0.6231], device='cuda:0')
[INFO    ][2026-07-23 12:34:25][utils.mpc_utils     ][cem                      ] new mean: tensor([ 0.0044,  0.0144, -0.0149, -0.3444], device='cuda:0') tensor([0.0888, 0.0906, 0.0861, 0.5459], device='cuda:0')
     4 |  0.2599 +0.0190 |  0.3640 +0.0915 |          0.0776
[INFO    ][2026-07-23 12:34:32][utils.mpc_utils     ][cem                      ] new mean: tensor([-0.0187,  0.0142, -0.0416,  0.3247], device='cuda:0') tensor([0.1397, 0.1371, 0.1292, 1.3008], device='cuda:0')
[INFO    ][2026-07-23 12:34:39][utils.mpc_utils     ][cem                      ] new mean: tensor([-0.0363,  0.0332, -0.0659,  0.0378], device='cuda:0') tensor([0.1282, 0.1227, 0.1088, 0.9789], device='cuda:0')
[INFO    ][2026-07-23 12:34:45][utils.mpc_utils     ][cem                      ] new mean: tensor([-0.0235,  0.0602, -0.0512, -0.3518], device='cuda:0') tensor([0.1155, 0.1116, 0.0924, 0.9100], device='cuda:0')
[INFO    ][2026-07-23 12:34:52][utils.mpc_utils     ][cem                      ] new mean: tensor([-0.0049,  0.0551, -0.0396, -0.5415], device='cuda:0') tensor([0.1004, 0.0987, 0.0806, 0.6620], device='cuda:0')
[INFO    ][2026-07-23 12:34:58][utils.mpc_utils     ][cem                      ] new mean: tensor([ 0.0020,  0.0665, -0.0397, -0.4491], device='cuda:0') tensor([0.0897, 0.0879, 0.0736, 0.5750], device='cuda:0')
[INFO    ][2026-07-23 12:35:05][utils.mpc_utils     ][cem                      ] new mean: tensor([-0.0626,  0.0275, -0.0538, -0.5411], device='cuda:0') tensor([0.1324, 0.1354, 0.1271, 1.2184], device='cuda:0')
[INFO    ][2026-07-23 12:35:12][utils.mpc_utils     ][cem                      ] new mean: tensor([-0.0688,  0.0559, -0.0704, -0.5801], device='cuda:0') tensor([0.1173, 0.1218, 0.1074, 0.9013], device='cuda:0')
[INFO    ][2026-07-23 12:35:18][utils.mpc_utils     ][cem                      ] new mean: tensor([-0.0574,  0.0621, -0.0765, -0.6770], device='cuda:0') tensor([0.1062, 0.1050, 0.0937, 0.5931], device='cuda:0')
[INFO    ][2026-07-23 12:35:25][utils.mpc_utils     ][cem                      ] new mean: tensor([-0.0543,  0.0605, -0.0719, -0.7333], device='cuda:0') tensor([0.0995, 0.0920, 0.0831, 0.4104], device='cuda:0')
[INFO    ][2026-07-23 12:35:31][utils.mpc_utils     ][cem                      ] new mean: tensor([-0.0532,  0.0439, -0.0774, -0.5465], device='cuda:0') tensor([0.0956, 0.0863, 0.0747, 0.3499], device='cuda:0')
     8 |  0.2802 +0.0392 |  0.3834 +0.1109 |          0.0906
[INFO    ][2026-07-23 12:35:38][utils.mpc_utils     ][cem                      ] new mean: tensor([-0.0032,  0.0302, -0.0017,  0.2270], device='cuda:0') tensor([0.1384, 0.1363, 0.1301, 1.3498], device='cuda:0')
[INFO    ][2026-07-23 12:35:45][utils.mpc_utils     ][cem                      ] new mean: tensor([-0.0291,  0.0635, -0.0373, -0.1832], device='cuda:0') tensor([0.1274, 0.1219, 0.1207, 0.9749], device='cuda:0')
[INFO    ][2026-07-23 12:35:51][utils.mpc_utils     ][cem                      ] new mean: tensor([-0.0008,  0.0774, -0.0617, -0.2635], device='cuda:0') tensor([0.1252, 0.1093, 0.1078, 0.7706], device='cuda:0')
[INFO    ][2026-07-23 12:35:58][utils.mpc_utils     ][cem                      ] new mean: tensor([-0.0154,  0.0686, -0.0720, -0.3680], device='cuda:0') tensor([0.1143, 0.0993, 0.1015, 0.7447], device='cuda:0')
[INFO    ][2026-07-23 12:36:04][utils.mpc_utils     ][cem                      ] new mean: tensor([-0.0153,  0.0631, -0.0332, -0.4884], device='cuda:0') tensor([0.1158, 0.0941, 0.1008, 0.6585], device='cuda:0')
[INFO    ][2026-07-23 12:36:11][utils.mpc_utils     ][cem                      ] new mean: tensor([-0.0031,  0.0434, -0.0196, -0.4299], device='cuda:0') tensor([0.1413, 0.1323, 0.1341, 1.0834], device='cuda:0')
[INFO    ][2026-07-23 12:36:18][utils.mpc_utils     ][cem                      ] new mean: tensor([ 0.0052,  0.0547,  0.0049, -0.4052], device='cuda:0') tensor([0.1340, 0.1241, 0.1211, 0.9104], device='cuda:0')
[INFO    ][2026-07-23 12:36:24][utils.mpc_utils     ][cem                      ] new mean: tensor([ 0.0288,  0.0441, -0.0066, -0.6261], device='cuda:0') tensor([0.1282, 0.1164, 0.1116, 0.6607], device='cuda:0')
[INFO    ][2026-07-23 12:36:31][utils.mpc_utils     ][cem                      ] new mean: tensor([-0.0121,  0.0218, -0.0163, -0.7480], device='cuda:0') tensor([0.1190, 0.1105, 0.1053, 0.5125], device='cuda:0')
[INFO    ][2026-07-23 12:36:37][utils.mpc_utils     ][cem                      ] new mean: tensor([ 0.0194,  0.0189, -0.0290, -0.9460], device='cuda:0') tensor([0.0991, 0.1030, 0.0997, 0.3821], device='cuda:0')
    16 |  0.2764 +0.0355 |  0.4205 +0.1480 |          0.1204
[INFO    ][2026-07-23 12:36:44][utils.mpc_utils     ][cem                      ] new mean: tensor([0.0393, 0.0329, 0.0241, 0.0815], device='cuda:0') tensor([0.1323, 0.1389, 0.1382, 1.4976], device='cuda:0')
[INFO    ][2026-07-23 12:36:51][utils.mpc_utils     ][cem                      ] new mean: tensor([ 0.0468,  0.0394,  0.0505, -0.2928], device='cuda:0') tensor([0.1223, 0.1305, 0.1218, 1.1546], device='cuda:0')
[INFO    ][2026-07-23 12:36:57][utils.mpc_utils     ][cem                      ] new mean: tensor([ 0.0551, -0.0023,  0.0489, -0.3939], device='cuda:0') tensor([0.1048, 0.1264, 0.1134, 0.9490], device='cuda:0')
[INFO    ][2026-07-23 12:37:04][utils.mpc_utils     ][cem                      ] new mean: tensor([ 0.0331, -0.0097,  0.0525, -0.4570], device='cuda:0') tensor([0.0859, 0.1215, 0.1060, 0.8251], device='cuda:0')
[INFO    ][2026-07-23 12:37:11][utils.mpc_utils     ][cem                      ] new mean: tensor([ 0.0331, -0.0047,  0.0395, -0.3307], device='cuda:0') tensor([0.0756, 0.1093, 0.0962, 0.6983], device='cuda:0')
[INFO    ][2026-07-23 12:37:17][utils.mpc_utils     ][cem                      ] new mean: tensor([-0.0131,  0.0107,  0.0153, -0.4421], device='cuda:0') tensor([0.1447, 0.1412, 0.1362, 1.2540], device='cuda:0')
[INFO    ][2026-07-23 12:37:24][utils.mpc_utils     ][cem                      ] new mean: tensor([-1.7216e-04, -1.1392e-02,  1.4007e-02, -4.6427e-01], device='cuda:0') tensor([0.1292, 0.1326, 0.1190, 0.9591], device='cuda:0')
[INFO    ][2026-07-23 12:37:30][utils.mpc_utils     ][cem                      ] new mean: tensor([ 0.0265, -0.0171,  0.0143, -0.7196], device='cuda:0') tensor([0.1102, 0.1255, 0.1103, 0.7200], device='cuda:0')
[INFO    ][2026-07-23 12:37:37][utils.mpc_utils     ][cem                      ] new mean: tensor([ 0.0120, -0.0217,  0.0077, -0.6375], device='cuda:0') tensor([0.0895, 0.1141, 0.1047, 0.5557], device='cuda:0')
[INFO    ][2026-07-23 12:37:44][utils.mpc_utils     ][cem                      ] new mean: tensor([ 0.0194, -0.0081,  0.0210, -0.4739], device='cuda:0') tensor([0.0748, 0.1073, 0.0971, 0.4687], device='cuda:0')
    32 |  0.3132 +0.0722 |  0.4218 +0.1493 |          0.1394
[INFO    ][2026-07-23 12:37:50][utils.mpc_utils     ][cem                      ] new mean: tensor([ 0.0185, -0.0184, -0.0330,  0.1643], device='cuda:0') tensor([0.1435, 0.1309, 0.1444, 1.2737], device='cuda:0')
[INFO    ][2026-07-23 12:37:57][utils.mpc_utils     ][cem                      ] new mean: tensor([ 0.0570, -0.0274, -0.0150,  0.0076], device='cuda:0') tensor([0.1215, 0.1105, 0.1384, 1.1571], device='cuda:0')
[INFO    ][2026-07-23 12:38:03][utils.mpc_utils     ][cem                      ] new mean: tensor([ 0.0377, -0.0168, -0.0377,  0.0052], device='cuda:0') tensor([0.1047, 0.0985, 0.1269, 1.0055], device='cuda:0')
[INFO    ][2026-07-23 12:38:10][utils.mpc_utils     ][cem                      ] new mean: tensor([ 0.0376, -0.0196, -0.0413, -0.2487], device='cuda:0') tensor([0.0862, 0.0854, 0.1188, 0.8487], device='cuda:0')
[INFO    ][2026-07-23 12:38:17][utils.mpc_utils     ][cem                      ] new mean: tensor([ 0.0422, -0.0208, -0.0402, -0.4932], device='cuda:0') tensor([0.0762, 0.0766, 0.1064, 0.7751], device='cuda:0')
[INFO    ][2026-07-23 12:38:23][utils.mpc_utils     ][cem                      ] new mean: tensor([ 0.0347, -0.0311,  0.0161, -0.3884], device='cuda:0') tensor([0.1365, 0.1334, 0.1417, 1.3066], device='cuda:0')
[INFO    ][2026-07-23 12:38:30][utils.mpc_utils     ][cem                      ] new mean: tensor([ 0.0417, -0.0344,  0.0059, -0.6525], device='cuda:0') tensor([0.1129, 0.1162, 0.1320, 0.9805], device='cuda:0')
[INFO    ][2026-07-23 12:38:37][utils.mpc_utils     ][cem                      ] new mean: tensor([ 0.0334, -0.0222, -0.0306, -0.9072], device='cuda:0') tensor([0.0978, 0.1014, 0.1159, 0.5706], device='cuda:0')
[INFO    ][2026-07-23 12:38:43][utils.mpc_utils     ][cem                      ] new mean: tensor([ 0.0175, -0.0267, -0.0488, -1.1039], device='cuda:0') tensor([0.0812, 0.0903, 0.1075, 0.3703], device='cuda:0')
[INFO    ][2026-07-23 12:38:50][utils.mpc_utils     ][cem                      ] new mean: tensor([ 0.0071, -0.0419, -0.0594, -1.1245], device='cuda:0') tensor([0.0642, 0.0855, 0.0948, 0.3078], device='cuda:0')
    64 |  0.3144 +0.0734 |  0.4481 +0.1756 |          0.1713
[INFO    ][2026-07-23 12:38:56][utils.mpc_utils     ][cem                      ] new mean: tensor([-0.0498, -0.0310, -0.0367, -0.2065], device='cuda:0') tensor([0.1415, 0.1395, 0.1370, 1.1797], device='cuda:0')
[INFO    ][2026-07-23 12:39:03][utils.mpc_utils     ][cem                      ] new mean: tensor([-0.0672, -0.0179, -0.0837,  0.1091], device='cuda:0') tensor([0.1231, 0.1209, 0.1166, 0.7348], device='cuda:0')
[INFO    ][2026-07-23 12:39:10][utils.mpc_utils     ][cem                      ] new mean: tensor([-8.4747e-02, -1.9329e-05, -9.3081e-02,  1.9092e-01], device='cuda:0') tensor([0.1065, 0.1070, 0.0997, 0.6945], device='cuda:0')
[INFO    ][2026-07-23 12:39:16][utils.mpc_utils     ][cem                      ] new mean: tensor([-0.0915, -0.0082, -0.0853,  0.0458], device='cuda:0') tensor([0.0921, 0.0944, 0.0872, 0.7176], device='cuda:0')
[INFO    ][2026-07-23 12:39:23][utils.mpc_utils     ][cem                      ] new mean: tensor([-0.0809,  0.0072, -0.0846,  0.1963], device='cuda:0') tensor([0.0847, 0.0863, 0.0818, 0.5625], device='cuda:0')
[INFO    ][2026-07-23 12:39:30][utils.mpc_utils     ][cem                      ] new mean: tensor([-0.0128, -0.0470, -0.0485,  0.0630], device='cuda:0') tensor([0.1415, 0.1340, 0.1363, 1.3219], device='cuda:0')
[INFO    ][2026-07-23 12:39:36][utils.mpc_utils     ][cem                      ] new mean: tensor([-0.0689, -0.0114, -0.0613,  0.3562], device='cuda:0') tensor([0.1195, 0.1206, 0.1122, 1.0625], device='cuda:0')
[INFO    ][2026-07-23 12:39:43][utils.mpc_utils     ][cem                      ] new mean: tensor([-0.0975, -0.0335, -0.0597,  0.3720], device='cuda:0') tensor([0.1032, 0.1028, 0.0981, 0.8981], device='cuda:0')
[INFO    ][2026-07-23 12:39:49][utils.mpc_utils     ][cem                      ] new mean: tensor([-0.1130, -0.0376, -0.0417,  0.5565], device='cuda:0') tensor([0.0855, 0.0892, 0.0811, 0.5770], device='cuda:0')
[INFO    ][2026-07-23 12:39:56][utils.mpc_utils     ][cem                      ] new mean: tensor([-0.0966, -0.0368, -0.0390,  0.6449], device='cuda:0') tensor([0.0764, 0.0795, 0.0727, 0.3495], device='cuda:0')
    68 |  0.2837 +0.0427 |  0.4522 +0.1797 |          0.1761
  (v2 verdict wants a column that RISES with t, spread >> jitter; flat everywhere = certificate stays dead on this substrate)
[INFO    ][2026-07-23 12:40:05][utils.mpc_utils     ][cem                      ] new mean: tensor([-0.0376,  0.0305, -0.0067, -0.2362], device='cuda:0') tensor([0.1244, 0.1282, 0.1285, 1.2806], device='cuda:0')
[INFO    ][2026-07-23 12:40:12][utils.mpc_utils     ][cem                      ] new mean: tensor([-0.0353,  0.0346,  0.0085, -0.5162], device='cuda:0') tensor([0.1136, 0.1151, 0.1182, 0.8762], device='cuda:0')
[INFO    ][2026-07-23 12:40:19][utils.mpc_utils     ][cem                      ] new mean: tensor([-0.0283,  0.0436, -0.0158, -0.4408], device='cuda:0') tensor([0.1012, 0.1017, 0.1042, 0.7368], device='cuda:0')
[INFO    ][2026-07-23 12:40:25][utils.mpc_utils     ][cem                      ] new mean: tensor([-0.0397,  0.0270, -0.0114, -0.4528], device='cuda:0') tensor([0.0891, 0.0950, 0.0908, 0.6078], device='cuda:0')
[INFO    ][2026-07-23 12:40:32][utils.mpc_utils     ][cem                      ] new mean: tensor([-0.0428,  0.0314, -0.0114, -0.3077], device='cuda:0') tensor([0.0771, 0.0842, 0.0802, 0.5196], device='cuda:0')
[INFO    ][2026-07-23 12:40:38][utils.mpc_utils     ][cem                      ] new mean: tensor([-0.0192,  0.0013,  0.0164,  0.2167], device='cuda:0') tensor([0.1274, 0.1354, 0.1291, 1.2359], device='cuda:0')
[INFO    ][2026-07-23 12:40:45][utils.mpc_utils     ][cem                      ] new mean: tensor([ 0.0089,  0.0059, -0.0070,  0.1344], device='cuda:0') tensor([0.1071, 0.1203, 0.1144, 1.1128], device='cuda:0')
[INFO    ][2026-07-23 12:40:52][utils.mpc_utils     ][cem                      ] new mean: tensor([ 0.0079,  0.0064, -0.0089,  0.1561], device='cuda:0') tensor([0.0970, 0.1044, 0.1047, 0.9387], device='cuda:0')
[INFO    ][2026-07-23 12:40:58][utils.mpc_utils     ][cem                      ] new mean: tensor([-0.0043, -0.0142,  0.0056,  0.2090], device='cuda:0') tensor([0.0863, 0.0909, 0.0949, 0.6089], device='cuda:0')
[INFO    ][2026-07-23 12:41:05][utils.mpc_utils     ][cem                      ] new mean: tensor([ 0.0123, -0.0118, -0.0021,  0.1199], device='cuda:0') tensor([0.0752, 0.0821, 0.0847, 0.5352], device='cuda:0')

==== C*-V2 LADDERS: droid_ep004.npz (T=71) ====
  self-floor: pooled=0.3047  token=0.3026
     t |  pooled   p-cal |   token   t-cal | raw pooled dist
[INFO    ][2026-07-23 12:41:11][utils.mpc_utils     ][cem                      ] new mean: tensor([-0.0077,  0.0061,  0.0315, -0.3926], device='cuda:0') tensor([0.1270, 0.1328, 0.1372, 1.0706], device='cuda:0')
[INFO    ][2026-07-23 12:41:18][utils.mpc_utils     ][cem                      ] new mean: tensor([ 0.0183,  0.0128, -0.0017, -0.4575], device='cuda:0') tensor([0.1106, 0.1193, 0.1206, 0.7573], device='cuda:0')
[INFO    ][2026-07-23 12:41:25][utils.mpc_utils     ][cem                      ] new mean: tensor([ 0.0103,  0.0106,  0.0261, -0.3318], device='cuda:0') tensor([0.0970, 0.1037, 0.1120, 0.6882], device='cuda:0')
[INFO    ][2026-07-23 12:41:31][utils.mpc_utils     ][cem                      ] new mean: tensor([ 0.0170,  0.0317, -0.0038, -0.4704], device='cuda:0') tensor([0.0868, 0.0963, 0.1018, 0.5324], device='cuda:0')
[INFO    ][2026-07-23 12:41:38][utils.mpc_utils     ][cem                      ] new mean: tensor([ 0.0042,  0.0406,  0.0100, -0.3560], device='cuda:0') tensor([0.0778, 0.0860, 0.0952, 0.4274], device='cuda:0')
[INFO    ][2026-07-23 12:41:44][utils.mpc_utils     ][cem                      ] new mean: tensor([-0.0290, -0.0003,  0.0046, -0.2675], device='cuda:0') tensor([0.1331, 0.1332, 0.1361, 1.1725], device='cuda:0')
[INFO    ][2026-07-23 12:41:51][utils.mpc_utils     ][cem                      ] new mean: tensor([-0.0071, -0.0007,  0.0042, -0.5536], device='cuda:0') tensor([0.1155, 0.1123, 0.1190, 0.9097], device='cuda:0')
[INFO    ][2026-07-23 12:41:58][utils.mpc_utils     ][cem                      ] new mean: tensor([-0.0031, -0.0024,  0.0024, -0.5686], device='cuda:0') tensor([0.1009, 0.1024, 0.1035, 0.7672], device='cuda:0')
[INFO    ][2026-07-23 12:42:04][utils.mpc_utils     ][cem                      ] new mean: tensor([-0.0116, -0.0160, -0.0189, -0.5347], device='cuda:0') tensor([0.0895, 0.0885, 0.0937, 0.5892], device='cuda:0')
[INFO    ][2026-07-23 12:42:11][utils.mpc_utils     ][cem                      ] new mean: tensor([-0.0162, -0.0440, -0.0186, -0.3999], device='cuda:0') tensor([0.0845, 0.0764, 0.0816, 0.6017], device='cuda:0')
     1 |  0.3087 +0.0040 |  0.3591 +0.0564 |          0.0623
[INFO    ][2026-07-23 12:42:18][utils.mpc_utils     ][cem                      ] new mean: tensor([-0.0158,  0.0056,  0.0009, -0.5680], device='cuda:0') tensor([0.1213, 0.1331, 0.1337, 1.0514], device='cuda:0')
[INFO    ][2026-07-23 12:42:24][utils.mpc_utils     ][cem                      ] new mean: tensor([ 0.0241,  0.0055,  0.0227, -0.5657], device='cuda:0') tensor([0.1038, 0.1204, 0.1148, 0.8612], device='cuda:0')
[INFO    ][2026-07-23 12:42:31][utils.mpc_utils     ][cem                      ] new mean: tensor([-3.8636e-04,  1.9922e-02,  5.1524e-02, -6.0751e-01], device='cuda:0') tensor([0.0933, 0.1110, 0.0958, 0.8319], device='cuda:0')
[INFO    ][2026-07-23 12:42:37][utils.mpc_utils     ][cem                      ] new mean: tensor([ 0.0143,  0.0243,  0.0457, -0.6374], device='cuda:0') tensor([0.0825, 0.0982, 0.0853, 0.6438], device='cuda:0')
[INFO    ][2026-07-23 12:42:44][utils.mpc_utils     ][cem                      ] new mean: tensor([ 0.0223,  0.0277,  0.0395, -0.6694], device='cuda:0') tensor([0.0734, 0.0904, 0.0750, 0.5128], device='cuda:0')
[INFO    ][2026-07-23 12:42:51][utils.mpc_utils     ][cem                      ] new mean: tensor([ 0.0057,  0.0163,  0.0140, -0.4443], device='cuda:0') tensor([0.1299, 0.1375, 0.1333, 1.1120], device='cuda:0')
[INFO    ][2026-07-23 12:42:57][utils.mpc_utils     ][cem                      ] new mean: tensor([-0.0085, -0.0157,  0.0190, -0.6467], device='cuda:0') tensor([0.1150, 0.1205, 0.1216, 0.8733], device='cuda:0')
[INFO    ][2026-07-23 12:43:04][utils.mpc_utils     ][cem                      ] new mean: tensor([-0.0195, -0.0186, -0.0096, -0.5107], device='cuda:0') tensor([0.0991, 0.1071, 0.1080, 0.8706], device='cuda:0')
[INFO    ][2026-07-23 12:43:10][utils.mpc_utils     ][cem                      ] new mean: tensor([ 0.0057, -0.0016, -0.0107, -0.5571], device='cuda:0') tensor([0.0860, 0.0896, 0.0922, 0.7278], device='cuda:0')
[INFO    ][2026-07-23 12:43:17][utils.mpc_utils     ][cem                      ] new mean: tensor([ 0.0036,  0.0017,  0.0138, -0.6609], device='cuda:0') tensor([0.0777, 0.0823, 0.0812, 0.4334], device='cuda:0')
     2 |  0.3036 -0.0011 |  0.3663 +0.0637 |          0.0646
[INFO    ][2026-07-23 12:43:24][utils.mpc_utils     ][cem                      ] new mean: tensor([-0.0009, -0.0065,  0.0053, -0.5472], device='cuda:0') tensor([0.1333, 0.1331, 0.1345, 0.9576], device='cuda:0')
[INFO    ][2026-07-23 12:43:30][utils.mpc_utils     ][cem                      ] new mean: tensor([-0.0089, -0.0449,  0.0135, -0.3191], device='cuda:0') tensor([0.1157, 0.1105, 0.1144, 0.7588], device='cuda:0')
[INFO    ][2026-07-23 12:43:37][utils.mpc_utils     ][cem                      ] new mean: tensor([-0.0045, -0.0294,  0.0167, -0.2954], device='cuda:0') tensor([0.1016, 0.0970, 0.1017, 0.6330], device='cuda:0')
[INFO    ][2026-07-23 12:43:43][utils.mpc_utils     ][cem                      ] new mean: tensor([-0.0197, -0.0267, -0.0059, -0.3494], device='cuda:0') tensor([0.0916, 0.0861, 0.0915, 0.5708], device='cuda:0')
[INFO    ][2026-07-23 12:43:50][utils.mpc_utils     ][cem                      ] new mean: tensor([-0.0186, -0.0247, -0.0017, -0.3390], device='cuda:0') tensor([0.0851, 0.0795, 0.0811, 0.6238], device='cuda:0')
[INFO    ][2026-07-23 12:43:57][utils.mpc_utils     ][cem                      ] new mean: tensor([-0.0291,  0.0026,  0.0034, -0.3088], device='cuda:0') tensor([0.1347, 0.1315, 0.1379, 1.0469], device='cuda:0')
[INFO    ][2026-07-23 12:44:03][utils.mpc_utils     ][cem                      ] new mean: tensor([-0.0073, -0.0141,  0.0369, -0.2627], device='cuda:0') tensor([0.1154, 0.1175, 0.1229, 0.7813], device='cuda:0')
[INFO    ][2026-07-23 12:44:10][utils.mpc_utils     ][cem                      ] new mean: tensor([ 0.0059, -0.0058,  0.0254, -0.2765], device='cuda:0') tensor([0.1018, 0.1097, 0.1103, 0.6812], device='cuda:0')
[INFO    ][2026-07-23 12:44:16][utils.mpc_utils     ][cem                      ] new mean: tensor([-0.0016,  0.0115,  0.0235, -0.3960], device='cuda:0') tensor([0.0944, 0.1008, 0.0983, 0.6463], device='cuda:0')
[INFO    ][2026-07-23 12:44:23][utils.mpc_utils     ][cem                      ] new mean: tensor([-0.0088,  0.0198,  0.0225, -0.1833], device='cuda:0') tensor([0.0845, 0.0918, 0.0867, 0.5607], device='cuda:0')
     4 |  0.3091 +0.0043 |  0.3674 +0.0647 |          0.0698
[INFO    ][2026-07-23 12:44:30][utils.mpc_utils     ][cem                      ] new mean: tensor([-0.0244,  0.0091,  0.0087, -0.3756], device='cuda:0') tensor([0.1345, 0.1375, 0.1298, 1.3041], device='cuda:0')
[INFO    ][2026-07-23 12:44:36][utils.mpc_utils     ][cem                      ] new mean: tensor([-0.0092,  0.0057,  0.0126, -0.4498], device='cuda:0') tensor([0.1191, 0.1197, 0.1133, 0.8785], device='cuda:0')
[INFO    ][2026-07-23 12:44:43][utils.mpc_utils     ][cem                      ] new mean: tensor([-0.0054,  0.0036,  0.0132, -0.5460], device='cuda:0') tensor([0.1027, 0.1073, 0.1014, 0.7052], device='cuda:0')
[INFO    ][2026-07-23 12:44:50][utils.mpc_utils     ][cem                      ] new mean: tensor([-0.0241,  0.0198, -0.0082, -0.5851], device='cuda:0') tensor([0.0921, 0.0946, 0.0912, 0.7198], device='cuda:0')
[INFO    ][2026-07-23 12:44:56][utils.mpc_utils     ][cem                      ] new mean: tensor([-0.0114,  0.0340, -0.0008, -0.7452], device='cuda:0') tensor([0.0857, 0.0880, 0.0809, 0.5623], device='cuda:0')
[INFO    ][2026-07-23 12:45:03][utils.mpc_utils     ][cem                      ] new mean: tensor([ 0.0267,  0.0030,  0.0264, -0.5844], device='cuda:0') tensor([0.1288, 0.1377, 0.1323, 0.8574], device='cuda:0')
[INFO    ][2026-07-23 12:45:09][utils.mpc_utils     ][cem                      ] new mean: tensor([-0.0023, -0.0067,  0.0249, -0.6048], device='cuda:0') tensor([0.1132, 0.1251, 0.1155, 0.6750], device='cuda:0')
[INFO    ][2026-07-23 12:45:16][utils.mpc_utils     ][cem                      ] new mean: tensor([ 0.0069, -0.0217,  0.0259, -0.7100], device='cuda:0') tensor([0.1008, 0.1117, 0.0991, 0.4202], device='cuda:0')
[INFO    ][2026-07-23 12:45:23][utils.mpc_utils     ][cem                      ] new mean: tensor([ 0.0143, -0.0293,  0.0115, -0.7619], device='cuda:0') tensor([0.0877, 0.1006, 0.0881, 0.4323], device='cuda:0')
[INFO    ][2026-07-23 12:45:29][utils.mpc_utils     ][cem                      ] new mean: tensor([ 2.2083e-03, -4.8587e-02, -3.7146e-04, -8.7265e-01], device='cuda:0') tensor([0.0780, 0.0844, 0.0790, 0.3685], device='cuda:0')
     8 |  0.3121 +0.0074 |  0.3773 +0.0746 |          0.1029
[INFO    ][2026-07-23 12:45:36][utils.mpc_utils     ][cem                      ] new mean: tensor([-0.0681, -0.0275,  0.0235, -0.8165], device='cuda:0') tensor([0.1304, 0.1339, 0.1300, 0.7537], device='cuda:0')
[INFO    ][2026-07-23 12:45:42][utils.mpc_utils     ][cem                      ] new mean: tensor([-0.0903, -0.0410,  0.0173, -0.9086], device='cuda:0') tensor([0.1095, 0.1202, 0.1145, 0.6599], device='cuda:0')
[INFO    ][2026-07-23 12:45:49][utils.mpc_utils     ][cem                      ] new mean: tensor([-0.0924, -0.0266,  0.0108, -0.9363], device='cuda:0') tensor([0.0931, 0.1101, 0.1034, 0.5604], device='cuda:0')
[INFO    ][2026-07-23 12:45:56][utils.mpc_utils     ][cem                      ] new mean: tensor([-0.0881,  0.0081,  0.0097, -0.8864], device='cuda:0') tensor([0.0824, 0.0953, 0.0936, 0.5285], device='cuda:0')
[INFO    ][2026-07-23 12:46:02][utils.mpc_utils     ][cem                      ] new mean: tensor([-0.0583,  0.0201, -0.0177, -1.0402], device='cuda:0') tensor([0.0739, 0.0830, 0.0797, 0.4067], device='cuda:0')
[INFO    ][2026-07-23 12:46:09][utils.mpc_utils     ][cem                      ] new mean: tensor([-0.0566,  0.0147,  0.0081, -0.6257], device='cuda:0') tensor([0.1295, 0.1374, 0.1313, 0.9321], device='cuda:0')
[INFO    ][2026-07-23 12:46:15][utils.mpc_utils     ][cem                      ] new mean: tensor([-0.0879,  0.0188,  0.0204, -0.6650], device='cuda:0') tensor([0.1179, 0.1192, 0.1170, 0.6705], device='cuda:0')
[INFO    ][2026-07-23 12:46:22][utils.mpc_utils     ][cem                      ] new mean: tensor([-0.0907,  0.0199, -0.0105, -0.7469], device='cuda:0') tensor([0.1040, 0.1010, 0.1023, 0.6730], device='cuda:0')
[INFO    ][2026-07-23 12:46:29][utils.mpc_utils     ][cem                      ] new mean: tensor([-0.0843,  0.0021, -0.0173, -0.5394], device='cuda:0') tensor([0.0902, 0.0925, 0.0906, 0.3859], device='cuda:0')
[INFO    ][2026-07-23 12:46:35][utils.mpc_utils     ][cem                      ] new mean: tensor([-0.0800,  0.0022, -0.0186, -0.5840], device='cuda:0') tensor([0.0837, 0.0831, 0.0775, 0.4018], device='cuda:0')
    16 |  0.3689 +0.0642 |  0.4500 +0.1474 |          0.2614
[INFO    ][2026-07-23 12:46:42][utils.mpc_utils     ][cem                      ] new mean: tensor([-0.0749,  0.0409, -0.0572, -0.7944], device='cuda:0') tensor([0.1290, 0.1369, 0.1334, 0.8396], device='cuda:0')
[INFO    ][2026-07-23 12:46:49][utils.mpc_utils     ][cem                      ] new mean: tensor([-0.0943,  0.0725, -0.0810, -0.7637], device='cuda:0') tensor([0.1091, 0.1209, 0.1225, 0.5806], device='cuda:0')
[INFO    ][2026-07-23 12:46:55][utils.mpc_utils     ][cem                      ] new mean: tensor([-0.0895,  0.0765, -0.0774, -0.6563], device='cuda:0') tensor([0.0938, 0.1056, 0.1103, 0.5366], device='cuda:0')
[INFO    ][2026-07-23 12:47:02][utils.mpc_utils     ][cem                      ] new mean: tensor([-0.1074,  0.0454, -0.1069, -0.5742], device='cuda:0') tensor([0.0856, 0.0930, 0.0934, 0.4261], device='cuda:0')
[INFO    ][2026-07-23 12:47:08][utils.mpc_utils     ][cem                      ] new mean: tensor([-0.1399,  0.0580, -0.1011, -0.6519], device='cuda:0') tensor([0.0666, 0.0831, 0.0784, 0.3240], device='cuda:0')
[INFO    ][2026-07-23 12:47:15][utils.mpc_utils     ][cem                      ] new mean: tensor([-0.0653,  0.0520, -0.0270, -0.7084], device='cuda:0') tensor([0.1322, 0.1312, 0.1384, 0.9731], device='cuda:0')
[INFO    ][2026-07-23 12:47:22][utils.mpc_utils     ][cem                      ] new mean: tensor([-0.0851,  0.0667, -0.0623, -0.9171], device='cuda:0') tensor([0.1140, 0.1149, 0.1279, 0.5459], device='cuda:0')
[INFO    ][2026-07-23 12:47:28][utils.mpc_utils     ][cem                      ] new mean: tensor([-0.1086,  0.0719, -0.0945, -0.8909], device='cuda:0') tensor([0.0978, 0.0972, 0.1076, 0.4560], device='cuda:0')
[INFO    ][2026-07-23 12:47:35][utils.mpc_utils     ][cem                      ] new mean: tensor([-0.1221,  0.0483, -0.1114, -0.8483], device='cuda:0') tensor([0.0848, 0.0827, 0.0870, 0.3727], device='cuda:0')
[INFO    ][2026-07-23 12:47:41][utils.mpc_utils     ][cem                      ] new mean: tensor([-0.1329,  0.0660, -0.1138, -0.8416], device='cuda:0') tensor([0.0704, 0.0708, 0.0703, 0.3186], device='cuda:0')
    32 |  0.3680 +0.0632 |  0.4598 +0.1571 |          0.2628
[INFO    ][2026-07-23 12:47:48][utils.mpc_utils     ][cem                      ] new mean: tensor([-0.0618, -0.0338,  0.0341, -0.7663], device='cuda:0') tensor([0.1313, 0.1331, 0.1339, 0.9873], device='cuda:0')
[INFO    ][2026-07-23 12:47:55][utils.mpc_utils     ][cem                      ] new mean: tensor([-0.1004, -0.0582,  0.0746, -0.7935], device='cuda:0') tensor([0.1086, 0.1180, 0.1169, 0.5980], device='cuda:0')
[INFO    ][2026-07-23 12:48:01][utils.mpc_utils     ][cem                      ] new mean: tensor([-0.0731, -0.0453,  0.0915, -0.7388], device='cuda:0') tensor([0.1017, 0.1060, 0.1041, 0.6321], device='cuda:0')
[INFO    ][2026-07-23 12:48:08][utils.mpc_utils     ][cem                      ] new mean: tensor([-0.0701, -0.0536,  0.0599, -0.5308], device='cuda:0') tensor([0.0917, 0.0937, 0.0968, 0.5009], device='cuda:0')
[INFO    ][2026-07-23 12:48:15][utils.mpc_utils     ][cem                      ] new mean: tensor([-0.0488, -0.0506,  0.0516, -0.6311], device='cuda:0') tensor([0.0794, 0.0859, 0.0901, 0.4015], device='cuda:0')
[INFO    ][2026-07-23 12:48:21][utils.mpc_utils     ][cem                      ] new mean: tensor([-0.0460, -0.0277,  0.0381, -0.5406], device='cuda:0') tensor([0.1317, 0.1323, 0.1293, 0.8789], device='cuda:0')
[INFO    ][2026-07-23 12:48:28][utils.mpc_utils     ][cem                      ] new mean: tensor([-0.0618, -0.0429,  0.0592, -0.7917], device='cuda:0') tensor([0.1142, 0.1154, 0.1160, 0.4976], device='cuda:0')
[INFO    ][2026-07-23 12:48:35][utils.mpc_utils     ][cem                      ] new mean: tensor([-0.0586, -0.0393,  0.0490, -0.6963], device='cuda:0') tensor([0.0983, 0.0968, 0.1004, 0.4996], device='cuda:0')
[INFO    ][2026-07-23 12:48:41][utils.mpc_utils     ][cem                      ] new mean: tensor([-0.0567, -0.0366,  0.0286, -0.7031], device='cuda:0') tensor([0.0893, 0.0866, 0.0888, 0.4063], device='cuda:0')
[INFO    ][2026-07-23 12:48:48][utils.mpc_utils     ][cem                      ] new mean: tensor([-0.0283, -0.0376,  0.0162, -0.6643], device='cuda:0') tensor([0.0756, 0.0778, 0.0792, 0.4086], device='cuda:0')
    64 |  0.3633 +0.0586 |  0.4455 +0.1428 |          0.2268
[INFO    ][2026-07-23 12:48:54][utils.mpc_utils     ][cem                      ] new mean: tensor([-0.0578, -0.0171,  0.0322, -0.6517], device='cuda:0') tensor([0.1347, 0.1352, 0.1288, 0.9604], device='cuda:0')
[INFO    ][2026-07-23 12:49:01][utils.mpc_utils     ][cem                      ] new mean: tensor([-0.0458, -0.0128,  0.0282, -0.5952], device='cuda:0') tensor([0.1245, 0.1179, 0.1140, 0.7596], device='cuda:0')
[INFO    ][2026-07-23 12:49:08][utils.mpc_utils     ][cem                      ] new mean: tensor([-0.0442, -0.0038,  0.0446, -0.8895], device='cuda:0') tensor([0.1170, 0.1036, 0.1008, 0.7024], device='cuda:0')
[INFO    ][2026-07-23 12:49:14][utils.mpc_utils     ][cem                      ] new mean: tensor([-0.0428, -0.0057,  0.0574, -0.8871], device='cuda:0') tensor([0.1075, 0.0928, 0.0907, 0.4791], device='cuda:0')
[INFO    ][2026-07-23 12:49:21][utils.mpc_utils     ][cem                      ] new mean: tensor([-0.0512,  0.0093,  0.0353, -0.8769], device='cuda:0') tensor([0.0981, 0.0847, 0.0811, 0.4016], device='cuda:0')
[INFO    ][2026-07-23 12:49:28][utils.mpc_utils     ][cem                      ] new mean: tensor([-0.0282,  0.0178,  0.0359, -0.5354], device='cuda:0') tensor([0.1328, 0.1324, 0.1301, 0.9909], device='cuda:0')
[INFO    ][2026-07-23 12:49:34][utils.mpc_utils     ][cem                      ] new mean: tensor([-0.0247,  0.0032,  0.0383, -0.7824], device='cuda:0') tensor([0.1163, 0.1198, 0.1150, 0.7888], device='cuda:0')
[INFO    ][2026-07-23 12:49:41][utils.mpc_utils     ][cem                      ] new mean: tensor([-0.0400,  0.0211,  0.0553, -0.6546], device='cuda:0') tensor([0.1088, 0.1050, 0.1008, 0.6546], device='cuda:0')
[INFO    ][2026-07-23 12:49:47][utils.mpc_utils     ][cem                      ] new mean: tensor([ 8.8498e-05,  1.6637e-02,  4.6432e-02, -7.3441e-01], device='cuda:0') tensor([0.0970, 0.0906, 0.0861, 0.5586], device='cuda:0')
[INFO    ][2026-07-23 12:49:54][utils.mpc_utils     ][cem                      ] new mean: tensor([-0.0066,  0.0111,  0.0299, -0.8859], device='cuda:0') tensor([0.0890, 0.0826, 0.0794, 0.3742], device='cuda:0')
    70 |  0.3433 +0.0385 |  0.4347 +0.1321 |          0.2040
  (v2 verdict wants a column that RISES with t, spread >> jitter; flat everywhere = certificate stays dead on this substrate)
[INFO    ][2026-07-23 12:50:02][utils.mpc_utils     ][cem                      ] new mean: tensor([-0.0214,  0.0190,  0.0063,  0.3845], device='cuda:0') tensor([0.1386, 0.1285, 0.1288, 1.2814], device='cuda:0')
[INFO    ][2026-07-23 12:50:08][utils.mpc_utils     ][cem                      ] new mean: tensor([-0.0095,  0.0043,  0.0295,  0.2379], device='cuda:0') tensor([0.1195, 0.1013, 0.1058, 0.8283], device='cuda:0')
[INFO    ][2026-07-23 12:50:15][utils.mpc_utils     ][cem                      ] new mean: tensor([-0.0136,  0.0008,  0.0318,  0.4079], device='cuda:0') tensor([0.1015, 0.0776, 0.0869, 0.6168], device='cuda:0')
[INFO    ][2026-07-23 12:50:22][utils.mpc_utils     ][cem                      ] new mean: tensor([-2.3776e-02,  3.2663e-04,  1.6750e-02,  6.9706e-01], device='cuda:0') tensor([0.0899, 0.0586, 0.0709, 0.5216], device='cuda:0')
[INFO    ][2026-07-23 12:50:28][utils.mpc_utils     ][cem                      ] new mean: tensor([-2.4773e-02, -2.5779e-06,  7.9568e-03,  7.9138e-01], device='cuda:0') tensor([0.0808, 0.0440, 0.0566, 0.3229], device='cuda:0')
[INFO    ][2026-07-23 12:50:35][utils.mpc_utils     ][cem                      ] new mean: tensor([-0.0265,  0.0006,  0.0184, -0.1038], device='cuda:0') tensor([0.1348, 0.1229, 0.1346, 1.4091], device='cuda:0')
[INFO    ][2026-07-23 12:50:41][utils.mpc_utils     ][cem                      ] new mean: tensor([-4.7800e-02, -1.8726e-04,  3.3066e-02,  2.5591e-01], device='cuda:0') tensor([0.1250, 0.0923, 0.1101, 1.0564], device='cuda:0')
[INFO    ][2026-07-23 12:50:48][utils.mpc_utils     ][cem                      ] new mean: tensor([-4.2765e-02, -4.7274e-05,  2.4814e-02,  4.3158e-01], device='cuda:0') tensor([0.1110, 0.0710, 0.0910, 0.5904], device='cuda:0')
[INFO    ][2026-07-23 12:50:55][utils.mpc_utils     ][cem                      ] new mean: tensor([-3.9658e-02,  1.7443e-04,  1.7339e-02,  5.7742e-01], device='cuda:0') tensor([0.0950, 0.0536, 0.0718, 0.4203], device='cuda:0')
[INFO    ][2026-07-23 12:51:01][utils.mpc_utils     ][cem                      ] new mean: tensor([-4.2356e-02, -8.8893e-05,  1.0980e-02,  8.3746e-01], device='cuda:0') tensor([0.0847, 0.0408, 0.0603, 0.3209], device='cuda:0')

==== C*-V2 LADDERS: droid_ep005.npz (T=29) ====
  self-floor: pooled=0.3986  token=0.3524
     t |  pooled   p-cal |   token   t-cal | raw pooled dist
[INFO    ][2026-07-23 12:51:08][utils.mpc_utils     ][cem                      ] new mean: tensor([-0.0225, -0.0053,  0.0231,  0.1125], device='cuda:0') tensor([0.1377, 0.1337, 0.1286, 1.2517], device='cuda:0')
[INFO    ][2026-07-23 12:51:15][utils.mpc_utils     ][cem                      ] new mean: tensor([-0.0105, -0.0130,  0.0130,  0.0874], device='cuda:0') tensor([0.1246, 0.1086, 0.1114, 0.9013], device='cuda:0')
[INFO    ][2026-07-23 12:51:21][utils.mpc_utils     ][cem                      ] new mean: tensor([-0.0115,  0.0012,  0.0217,  0.1859], device='cuda:0') tensor([0.1076, 0.0836, 0.0916, 0.7155], device='cuda:0')
[INFO    ][2026-07-23 12:51:28][utils.mpc_utils     ][cem                      ] new mean: tensor([-0.0074, -0.0025,  0.0157,  0.0515], device='cuda:0') tensor([0.0927, 0.0651, 0.0791, 0.5305], device='cuda:0')
[INFO    ][2026-07-23 12:51:34][utils.mpc_utils     ][cem                      ] new mean: tensor([-2.1572e-02, -7.7114e-06,  3.0117e-02,  1.4770e-03], device='cuda:0') tensor([0.0833, 0.0504, 0.0669, 0.3395], device='cuda:0')
[INFO    ][2026-07-23 12:51:41][utils.mpc_utils     ][cem                      ] new mean: tensor([-0.0194, -0.0082,  0.0386,  0.1377], device='cuda:0') tensor([0.1325, 0.1346, 0.1241, 1.1878], device='cuda:0')
[INFO    ][2026-07-23 12:51:48][utils.mpc_utils     ][cem                      ] new mean: tensor([-0.0486, -0.0171,  0.0320,  0.3410], device='cuda:0') tensor([0.1175, 0.1120, 0.1044, 0.8548], device='cuda:0')
[INFO    ][2026-07-23 12:51:54][utils.mpc_utils     ][cem                      ] new mean: tensor([-0.0220, -0.0070,  0.0339,  0.1845], device='cuda:0') tensor([0.1061, 0.0886, 0.0863, 0.6933], device='cuda:0')
[INFO    ][2026-07-23 12:52:01][utils.mpc_utils     ][cem                      ] new mean: tensor([-0.0293, -0.0041,  0.0316,  0.0705], device='cuda:0') tensor([0.0928, 0.0705, 0.0729, 0.5421], device='cuda:0')
[INFO    ][2026-07-23 12:52:08][utils.mpc_utils     ][cem                      ] new mean: tensor([-0.0177, -0.0037,  0.0248, -0.0573], device='cuda:0') tensor([0.0798, 0.0557, 0.0602, 0.3450], device='cuda:0')
     1 |  0.4133 +0.0147 |  0.3958 +0.0433 |          0.0764
[INFO    ][2026-07-23 12:52:14][utils.mpc_utils     ][cem                      ] new mean: tensor([-0.0006,  0.0114,  0.0472,  0.2397], device='cuda:0') tensor([0.1378, 0.1389, 0.1309, 1.1541], device='cuda:0')
[INFO    ][2026-07-23 12:52:21][utils.mpc_utils     ][cem                      ] new mean: tensor([0.0100, 0.0121, 0.0440, 0.4461], device='cuda:0') tensor([0.1190, 0.1249, 0.1092, 0.8135], device='cuda:0')
[INFO    ][2026-07-23 12:52:27][utils.mpc_utils     ][cem                      ] new mean: tensor([ 0.0140, -0.0071,  0.0293,  0.6321], device='cuda:0') tensor([0.1017, 0.1046, 0.0920, 0.6627], device='cuda:0')
[INFO    ][2026-07-23 12:52:34][utils.mpc_utils     ][cem                      ] new mean: tensor([ 0.0115, -0.0035,  0.0203,  0.7799], device='cuda:0') tensor([0.0861, 0.0893, 0.0753, 0.4412], device='cuda:0')
[INFO    ][2026-07-23 12:52:41][utils.mpc_utils     ][cem                      ] new mean: tensor([ 0.0227, -0.0078,  0.0362,  0.9825], device='cuda:0') tensor([0.0726, 0.0714, 0.0617, 0.4115], device='cuda:0')
[INFO    ][2026-07-23 12:52:47][utils.mpc_utils     ][cem                      ] new mean: tensor([0.0016, 0.0204, 0.0267, 0.5234], device='cuda:0') tensor([0.1334, 0.1345, 0.1399, 1.0470], device='cuda:0')
[INFO    ][2026-07-23 12:52:54][utils.mpc_utils     ][cem                      ] new mean: tensor([0.0150, 0.0123, 0.0350, 0.3949], device='cuda:0') tensor([0.1195, 0.1241, 0.1173, 0.6440], device='cuda:0')
[INFO    ][2026-07-23 12:53:01][utils.mpc_utils     ][cem                      ] new mean: tensor([ 0.0105, -0.0091,  0.0286,  0.5587], device='cuda:0') tensor([0.1010, 0.0983, 0.1022, 0.5841], device='cuda:0')
[INFO    ][2026-07-23 12:53:07][utils.mpc_utils     ][cem                      ] new mean: tensor([ 0.0213, -0.0104,  0.0239,  0.7366], device='cuda:0') tensor([0.0855, 0.0781, 0.0857, 0.5042], device='cuda:0')
[INFO    ][2026-07-23 12:53:14][utils.mpc_utils     ][cem                      ] new mean: tensor([ 0.0133, -0.0105,  0.0310,  0.9167], device='cuda:0') tensor([0.0745, 0.0639, 0.0736, 0.4376], device='cuda:0')
     2 |  0.4321 +0.0335 |  0.4007 +0.0482 |          0.1153
[INFO    ][2026-07-23 12:53:21][utils.mpc_utils     ][cem                      ] new mean: tensor([-0.0347,  0.0320,  0.0262,  0.3861], device='cuda:0') tensor([0.1432, 0.1367, 0.1327, 1.1431], device='cuda:0')
[INFO    ][2026-07-23 12:53:27][utils.mpc_utils     ][cem                      ] new mean: tensor([-0.0696,  0.0110,  0.0156,  0.4921], device='cuda:0') tensor([0.1330, 0.1120, 0.1143, 0.7996], device='cuda:0')
[INFO    ][2026-07-23 12:53:34][utils.mpc_utils     ][cem                      ] new mean: tensor([-0.0578,  0.0024,  0.0283,  0.8200], device='cuda:0') tensor([0.1150, 0.0857, 0.0919, 0.4545], device='cuda:0')
[INFO    ][2026-07-23 12:53:40][utils.mpc_utils     ][cem                      ] new mean: tensor([-0.0670,  0.0011,  0.0308,  0.8617], device='cuda:0') tensor([0.0959, 0.0650, 0.0787, 0.3208], device='cuda:0')
[INFO    ][2026-07-23 12:53:47][utils.mpc_utils     ][cem                      ] new mean: tensor([-7.1247e-02, -3.0100e-04,  1.9229e-02,  9.8662e-01], device='cuda:0') tensor([0.0820, 0.0497, 0.0666, 0.2440], device='cuda:0')
[INFO    ][2026-07-23 12:53:54][utils.mpc_utils     ][cem                      ] new mean: tensor([-4.8515e-02, -9.3666e-03,  6.0445e-05,  3.4253e-01], device='cuda:0') tensor([0.1401, 0.1364, 0.1334, 0.9157], device='cuda:0')
[INFO    ][2026-07-23 12:54:00][utils.mpc_utils     ][cem                      ] new mean: tensor([-0.0626,  0.0067,  0.0040,  0.4694], device='cuda:0') tensor([0.1314, 0.1077, 0.1168, 0.7673], device='cuda:0')
[INFO    ][2026-07-23 12:54:07][utils.mpc_utils     ][cem                      ] new mean: tensor([-7.3845e-02,  2.1491e-04,  2.6223e-02,  6.9117e-01], device='cuda:0') tensor([0.1164, 0.0813, 0.1024, 0.4573], device='cuda:0')
[INFO    ][2026-07-23 12:54:13][utils.mpc_utils     ][cem                      ] new mean: tensor([-4.8681e-02,  4.8802e-04,  2.4445e-02,  8.8935e-01], device='cuda:0') tensor([0.1146, 0.0625, 0.0944, 0.2998], device='cuda:0')
[INFO    ][2026-07-23 12:54:20][utils.mpc_utils     ][cem                      ] new mean: tensor([-6.4293e-02,  7.9290e-04,  2.8624e-02,  9.3105e-01], device='cuda:0') tensor([0.1001, 0.0486, 0.0789, 0.2374], device='cuda:0')
     4 |  0.4115 +0.0129 |  0.3986 +0.0462 |          0.0620
[INFO    ][2026-07-23 12:54:27][utils.mpc_utils     ][cem                      ] new mean: tensor([ 0.0163, -0.0165,  0.0036,  0.2761], device='cuda:0') tensor([0.1377, 0.1465, 0.1402, 1.2564], device='cuda:0')
[INFO    ][2026-07-23 12:54:33][utils.mpc_utils     ][cem                      ] new mean: tensor([ 0.0110, -0.0331,  0.0336,  0.7859], device='cuda:0') tensor([0.1168, 0.1404, 0.1190, 0.7193], device='cuda:0')
[INFO    ][2026-07-23 12:54:40][utils.mpc_utils     ][cem                      ] new mean: tensor([ 0.0179, -0.0252,  0.0358,  0.8039], device='cuda:0') tensor([0.0983, 0.1334, 0.1040, 0.5381], device='cuda:0')
[INFO    ][2026-07-23 12:54:47][utils.mpc_utils     ][cem                      ] new mean: tensor([0.0121, 0.0048, 0.0352, 0.8468], device='cuda:0') tensor([0.0838, 0.1088, 0.0901, 0.3947], device='cuda:0')
[INFO    ][2026-07-23 12:54:53][utils.mpc_utils     ][cem                      ] new mean: tensor([0.0089, 0.0022, 0.0193, 0.9608], device='cuda:0') tensor([0.0689, 0.0836, 0.0743, 0.3224], device='cuda:0')
[INFO    ][2026-07-23 12:55:00][utils.mpc_utils     ][cem                      ] new mean: tensor([-0.0036,  0.0016, -0.0045,  0.3474], device='cuda:0') tensor([0.1341, 0.1421, 0.1366, 1.3276], device='cuda:0')
[INFO    ][2026-07-23 12:55:06][utils.mpc_utils     ][cem                      ] new mean: tensor([-2.6145e-03,  3.2371e-04,  1.5036e-02,  8.0714e-01], device='cuda:0') tensor([0.1123, 0.1234, 0.1304, 0.8487], device='cuda:0')
[INFO    ][2026-07-23 12:55:13][utils.mpc_utils     ][cem                      ] new mean: tensor([0.0108, 0.0063, 0.0175, 0.7914], device='cuda:0') tensor([0.0936, 0.1050, 0.1178, 0.7796], device='cuda:0')
[INFO    ][2026-07-23 12:55:20][utils.mpc_utils     ][cem                      ] new mean: tensor([ 0.0085, -0.0016,  0.0397,  0.8491], device='cuda:0') tensor([0.0786, 0.0814, 0.1015, 0.4894], device='cuda:0')
[INFO    ][2026-07-23 12:55:26][utils.mpc_utils     ][cem                      ] new mean: tensor([ 0.0130, -0.0022,  0.0357,  0.8517], device='cuda:0') tensor([0.0624, 0.0625, 0.0844, 0.3617], device='cuda:0')
     8 |  0.4473 +0.0487 |  0.4429 +0.0904 |          0.2030
[INFO    ][2026-07-23 12:55:33][utils.mpc_utils     ][cem                      ] new mean: tensor([-0.0265, -0.0223,  0.0573,  0.2304], device='cuda:0') tensor([0.1407, 0.1458, 0.1312, 0.9859], device='cuda:0')
[INFO    ][2026-07-23 12:55:40][utils.mpc_utils     ][cem                      ] new mean: tensor([-0.0093, -0.0155,  0.0519,  0.0823], device='cuda:0') tensor([0.1203, 0.1295, 0.1101, 0.7151], device='cuda:0')
[INFO    ][2026-07-23 12:55:46][utils.mpc_utils     ][cem                      ] new mean: tensor([ 0.0033, -0.0044,  0.0424,  0.0935], device='cuda:0') tensor([0.0938, 0.1213, 0.0939, 0.6314], device='cuda:0')
[INFO    ][2026-07-23 12:55:53][utils.mpc_utils     ][cem                      ] new mean: tensor([0.0066, 0.0018, 0.0231, 0.1210], device='cuda:0') tensor([0.0750, 0.0983, 0.0763, 0.5713], device='cuda:0')
[INFO    ][2026-07-23 12:55:59][utils.mpc_utils     ][cem                      ] new mean: tensor([ 0.0050, -0.0003,  0.0176,  0.0712], device='cuda:0') tensor([0.0594, 0.0749, 0.0630, 0.5064], device='cuda:0')
[INFO    ][2026-07-23 12:56:06][utils.mpc_utils     ][cem                      ] new mean: tensor([0.0054, 0.0067, 0.0325, 0.3242], device='cuda:0') tensor([0.1374, 0.1411, 0.1287, 1.0919], device='cuda:0')
[INFO    ][2026-07-23 12:56:13][utils.mpc_utils     ][cem                      ] new mean: tensor([-0.0083,  0.0203,  0.0338,  0.2459], device='cuda:0') tensor([0.1129, 0.1378, 0.1090, 0.7646], device='cuda:0')
[INFO    ][2026-07-23 12:56:19][utils.mpc_utils     ][cem                      ] new mean: tensor([0.0027, 0.0109, 0.0373, 0.3426], device='cuda:0') tensor([0.0933, 0.1337, 0.0906, 0.5475], device='cuda:0')
[INFO    ][2026-07-23 12:56:26][utils.mpc_utils     ][cem                      ] new mean: tensor([0.0072, 0.0073, 0.0148, 0.3383], device='cuda:0') tensor([0.0749, 0.1234, 0.0760, 0.5771], device='cuda:0')
[INFO    ][2026-07-23 12:56:33][utils.mpc_utils     ][cem                      ] new mean: tensor([ 0.0001, -0.0004,  0.0241,  0.1241], device='cuda:0') tensor([0.0585, 0.0935, 0.0658, 0.5289], device='cuda:0')
    16 |  0.4501 +0.0515 |  0.4487 +0.0962 |          0.1732
[INFO    ][2026-07-23 12:56:39][utils.mpc_utils     ][cem                      ] new mean: tensor([ 0.0946,  0.0498, -0.0658,  0.0071], device='cuda:0') tensor([0.1241, 0.1362, 0.1377, 1.2601], device='cuda:0')
[INFO    ][2026-07-23 12:56:46][utils.mpc_utils     ][cem                      ] new mean: tensor([ 0.1317,  0.0881, -0.1013,  0.0366], device='cuda:0') tensor([0.0994, 0.1163, 0.1199, 0.9359], device='cuda:0')
[INFO    ][2026-07-23 12:56:53][utils.mpc_utils     ][cem                      ] new mean: tensor([ 0.1272,  0.1125, -0.1377,  0.3079], device='cuda:0') tensor([0.0819, 0.0971, 0.0933, 0.8340], device='cuda:0')
[INFO    ][2026-07-23 12:56:59][utils.mpc_utils     ][cem                      ] new mean: tensor([ 0.1297,  0.1255, -0.1452,  0.3884], device='cuda:0') tensor([0.0673, 0.0796, 0.0727, 0.5518], device='cuda:0')
[INFO    ][2026-07-23 12:57:06][utils.mpc_utils     ][cem                      ] new mean: tensor([ 0.1327,  0.1412, -0.1477,  0.4496], device='cuda:0') tensor([0.0562, 0.0622, 0.0561, 0.3724], device='cuda:0')
[INFO    ][2026-07-23 12:57:12][utils.mpc_utils     ][cem                      ] new mean: tensor([ 0.1094,  0.0624, -0.0243,  0.1754], device='cuda:0') tensor([0.1206, 0.1336, 0.1293, 1.2426], device='cuda:0')
[INFO    ][2026-07-23 12:57:19][utils.mpc_utils     ][cem                      ] new mean: tensor([ 0.1266,  0.1210, -0.0896,  0.2694], device='cuda:0') tensor([0.0989, 0.1083, 0.1136, 0.8997], device='cuda:0')
[INFO    ][2026-07-23 12:57:26][utils.mpc_utils     ][cem                      ] new mean: tensor([ 0.1303,  0.1319, -0.1297,  0.3220], device='cuda:0') tensor([0.0821, 0.0885, 0.0910, 0.7174], device='cuda:0')
[INFO    ][2026-07-23 12:57:32][utils.mpc_utils     ][cem                      ] new mean: tensor([ 0.1353,  0.1347, -0.1447,  0.5166], device='cuda:0') tensor([0.0667, 0.0717, 0.0696, 0.4510], device='cuda:0')
[INFO    ][2026-07-23 12:57:39][utils.mpc_utils     ][cem                      ] new mean: tensor([ 0.1335,  0.1397, -0.1461,  0.5180], device='cuda:0') tensor([0.0563, 0.0581, 0.0538, 0.2789], device='cuda:0')
    28 |  0.4558 +0.0573 |  0.4753 +0.1229 |          0.2826
  (v2 verdict wants a column that RISES with t, spread >> jitter; flat everywhere = certificate stays dead on this substrate)
[INFO    ][2026-07-23 12:57:48][utils.mpc_utils     ][cem                      ] new mean: tensor([ 0.0005,  0.0108, -0.0284, -0.1509], device='cuda:0') tensor([0.1317, 0.1321, 0.1331, 1.1272], device='cuda:0')
[INFO    ][2026-07-23 12:57:55][utils.mpc_utils     ][cem                      ] new mean: tensor([ 0.0405,  0.0102,  0.0008, -0.0036], device='cuda:0') tensor([0.1154, 0.1196, 0.1164, 0.7685], device='cuda:0')
[INFO    ][2026-07-23 12:58:01][utils.mpc_utils     ][cem                      ] new mean: tensor([ 0.0276,  0.0162, -0.0042, -0.1283], device='cuda:0') tensor([0.1018, 0.1040, 0.1050, 0.6788], device='cuda:0')
[INFO    ][2026-07-23 12:58:08][utils.mpc_utils     ][cem                      ] new mean: tensor([ 0.0027,  0.0145,  0.0007, -0.1701], device='cuda:0') tensor([0.0923, 0.0947, 0.0930, 0.6012], device='cuda:0')
[INFO    ][2026-07-23 12:58:14][utils.mpc_utils     ][cem                      ] new mean: tensor([ 0.0105,  0.0232, -0.0261, -0.2509], device='cuda:0') tensor([0.0853, 0.0809, 0.0896, 0.4912], device='cuda:0')
[INFO    ][2026-07-23 12:58:21][utils.mpc_utils     ][cem                      ] new mean: tensor([ 0.0610, -0.0222, -0.0433, -0.4168], device='cuda:0') tensor([0.1288, 0.1347, 0.1288, 1.1571], device='cuda:0')
[INFO    ][2026-07-23 12:58:28][utils.mpc_utils     ][cem                      ] new mean: tensor([ 0.0377, -0.0019, -0.0130, -0.5570], device='cuda:0') tensor([0.1129, 0.1176, 0.1122, 0.8776], device='cuda:0')
[INFO    ][2026-07-23 12:58:34][utils.mpc_utils     ][cem                      ] new mean: tensor([ 0.0476,  0.0027, -0.0041, -0.4291], device='cuda:0') tensor([0.0996, 0.1038, 0.1016, 0.7898], device='cuda:0')
[INFO    ][2026-07-23 12:58:41][utils.mpc_utils     ][cem                      ] new mean: tensor([ 0.0461,  0.0009, -0.0110, -0.5249], device='cuda:0') tensor([0.0862, 0.0943, 0.0930, 0.6453], device='cuda:0')
[INFO    ][2026-07-23 12:58:47][utils.mpc_utils     ][cem                      ] new mean: tensor([ 0.0509,  0.0053,  0.0064, -0.6876], device='cuda:0') tensor([0.0727, 0.0845, 0.0833, 0.6752], device='cuda:0')

==== C*-V2 LADDERS: droid_ep006.npz (T=61) ====
  self-floor: pooled=0.2914  token=0.2937
     t |  pooled   p-cal |   token   t-cal | raw pooled dist
[INFO    ][2026-07-23 12:58:54][utils.mpc_utils     ][cem                      ] new mean: tensor([ 0.0307, -0.0223, -0.0199, -0.3799], device='cuda:0') tensor([0.1309, 0.1359, 0.1311, 1.1849], device='cuda:0')
[INFO    ][2026-07-23 12:59:01][utils.mpc_utils     ][cem                      ] new mean: tensor([ 0.0435, -0.0304, -0.0054, -0.6570], device='cuda:0') tensor([0.1184, 0.1185, 0.1111, 0.7789], device='cuda:0')
[INFO    ][2026-07-23 12:59:07][utils.mpc_utils     ][cem                      ] new mean: tensor([ 4.7336e-02, -3.3484e-02,  3.5445e-04, -9.8275e-01], device='cuda:0') tensor([0.1066, 0.1053, 0.0938, 0.6308], device='cuda:0')
[INFO    ][2026-07-23 12:59:14][utils.mpc_utils     ][cem                      ] new mean: tensor([ 0.0645, -0.0060,  0.0036, -0.9973], device='cuda:0') tensor([0.0992, 0.0926, 0.0847, 0.5252], device='cuda:0')
[INFO    ][2026-07-23 12:59:20][utils.mpc_utils     ][cem                      ] new mean: tensor([ 0.0717,  0.0093, -0.0066, -1.0605], device='cuda:0') tensor([0.0904, 0.0829, 0.0760, 0.3909], device='cuda:0')
[INFO    ][2026-07-23 12:59:27][utils.mpc_utils     ][cem                      ] new mean: tensor([ 0.0377, -0.0249, -0.0474, -0.4775], device='cuda:0') tensor([0.1333, 0.1335, 0.1311, 1.0613], device='cuda:0')
[INFO    ][2026-07-23 12:59:34][utils.mpc_utils     ][cem                      ] new mean: tensor([ 0.0390, -0.0349, -0.0485, -0.7329], device='cuda:0') tensor([0.1173, 0.1167, 0.1171, 0.7101], device='cuda:0')
[INFO    ][2026-07-23 12:59:40][utils.mpc_utils     ][cem                      ] new mean: tensor([ 0.0607, -0.0313, -0.0623, -0.6884], device='cuda:0') tensor([0.1048, 0.1032, 0.1001, 0.4280], device='cuda:0')
[INFO    ][2026-07-23 12:59:47][utils.mpc_utils     ][cem                      ] new mean: tensor([ 0.0678, -0.0245, -0.0524, -0.8414], device='cuda:0') tensor([0.0958, 0.0935, 0.0879, 0.4185], device='cuda:0')
[INFO    ][2026-07-23 12:59:54][utils.mpc_utils     ][cem                      ] new mean: tensor([ 0.0693, -0.0106, -0.0434, -0.8183], device='cuda:0') tensor([0.0878, 0.0831, 0.0782, 0.3618], device='cuda:0')
     1 |  0.2890 -0.0024 |  0.3546 +0.0609 |          0.0611
[INFO    ][2026-07-23 13:00:00][utils.mpc_utils     ][cem                      ] new mean: tensor([ 0.0757, -0.0487, -0.0279, -0.4310], device='cuda:0') tensor([0.1313, 0.1311, 0.1332, 1.3033], device='cuda:0')
[INFO    ][2026-07-23 13:00:07][utils.mpc_utils     ][cem                      ] new mean: tensor([ 0.0786, -0.0424, -0.0153, -0.5047], device='cuda:0') tensor([0.1212, 0.1173, 0.1139, 0.8418], device='cuda:0')
[INFO    ][2026-07-23 13:00:13][utils.mpc_utils     ][cem                      ] new mean: tensor([ 0.0850, -0.0558, -0.0239, -0.5709], device='cuda:0') tensor([0.1110, 0.1074, 0.1023, 0.6758], device='cuda:0')
[INFO    ][2026-07-23 13:00:20][utils.mpc_utils     ][cem                      ] new mean: tensor([ 0.0804, -0.0363, -0.0172, -0.5678], device='cuda:0') tensor([0.0982, 0.0965, 0.0945, 0.6441], device='cuda:0')
[INFO    ][2026-07-23 13:00:27][utils.mpc_utils     ][cem                      ] new mean: tensor([ 0.0705, -0.0007,  0.0007, -0.6805], device='cuda:0') tensor([0.0889, 0.0879, 0.0813, 0.4387], device='cuda:0')
[INFO    ][2026-07-23 13:00:33][utils.mpc_utils     ][cem                      ] new mean: tensor([ 0.0472, -0.0369, -0.0385, -0.5259], device='cuda:0') tensor([0.1357, 0.1360, 0.1295, 1.0919], device='cuda:0')
[INFO    ][2026-07-23 13:00:40][utils.mpc_utils     ][cem                      ] new mean: tensor([ 0.0905, -0.0776, -0.0465, -0.4610], device='cuda:0') tensor([0.1197, 0.1192, 0.1133, 0.9127], device='cuda:0')
[INFO    ][2026-07-23 13:00:47][utils.mpc_utils     ][cem                      ] new mean: tensor([ 0.1111, -0.0614, -0.0472, -0.3555], device='cuda:0') tensor([0.1019, 0.1038, 0.1014, 0.7348], device='cuda:0')
[INFO    ][2026-07-23 13:00:53][utils.mpc_utils     ][cem                      ] new mean: tensor([ 0.1031, -0.0611, -0.0339, -0.7747], device='cuda:0') tensor([0.0868, 0.0948, 0.0927, 0.5988], device='cuda:0')
[INFO    ][2026-07-23 13:01:00][utils.mpc_utils     ][cem                      ] new mean: tensor([ 0.0870, -0.0567, -0.0080, -0.7654], device='cuda:0') tensor([0.0779, 0.0865, 0.0767, 0.4598], device='cuda:0')
     2 |  0.2931 +0.0017 |  0.3614 +0.0678 |          0.0673
[INFO    ][2026-07-23 13:01:06][utils.mpc_utils     ][cem                      ] new mean: tensor([ 0.0077, -0.0062, -0.0114, -0.3644], device='cuda:0') tensor([0.1314, 0.1315, 0.1321, 1.1442], device='cuda:0')
[INFO    ][2026-07-23 13:01:13][utils.mpc_utils     ][cem                      ] new mean: tensor([ 0.0406, -0.0032, -0.0023, -0.3888], device='cuda:0') tensor([0.1176, 0.1162, 0.1165, 0.8562], device='cuda:0')
[INFO    ][2026-07-23 13:01:20][utils.mpc_utils     ][cem                      ] new mean: tensor([ 0.0189,  0.0051, -0.0303, -0.6958], device='cuda:0') tensor([0.1000, 0.1075, 0.1035, 0.7159], device='cuda:0')
[INFO    ][2026-07-23 13:01:26][utils.mpc_utils     ][cem                      ] new mean: tensor([ 0.0302, -0.0021, -0.0281, -0.6521], device='cuda:0') tensor([0.0896, 0.0992, 0.0980, 0.5286], device='cuda:0')
[INFO    ][2026-07-23 13:01:33][utils.mpc_utils     ][cem                      ] new mean: tensor([ 0.0061,  0.0009, -0.0133, -0.6220], device='cuda:0') tensor([0.0836, 0.0904, 0.0887, 0.5159], device='cuda:0')
[INFO    ][2026-07-23 13:01:39][utils.mpc_utils     ][cem                      ] new mean: tensor([ 3.1848e-02,  5.3077e-04, -2.9976e-02, -5.4775e-01], device='cuda:0') tensor([0.1348, 0.1336, 0.1327, 1.0531], device='cuda:0')
[INFO    ][2026-07-23 13:01:46][utils.mpc_utils     ][cem                      ] new mean: tensor([ 0.0341,  0.0009, -0.0210, -0.3940], device='cuda:0') tensor([0.1241, 0.1205, 0.1197, 0.7967], device='cuda:0')
[INFO    ][2026-07-23 13:01:53][utils.mpc_utils     ][cem                      ] new mean: tensor([ 0.0490, -0.0275, -0.0332, -0.4716], device='cuda:0') tensor([0.1111, 0.1072, 0.1055, 0.5320], device='cuda:0')
[INFO    ][2026-07-23 13:01:59][utils.mpc_utils     ][cem                      ] new mean: tensor([ 0.0468, -0.0261, -0.0212, -0.7505], device='cuda:0') tensor([0.1029, 0.0943, 0.0944, 0.4960], device='cuda:0')
[INFO    ][2026-07-23 13:02:06][utils.mpc_utils     ][cem                      ] new mean: tensor([ 0.0104,  0.0090, -0.0199, -0.8817], device='cuda:0') tensor([0.0939, 0.0888, 0.0884, 0.3499], device='cuda:0')
     4 |  0.2840 -0.0074 |  0.3616 +0.0679 |          0.0748
[INFO    ][2026-07-23 13:02:12][utils.mpc_utils     ][cem                      ] new mean: tensor([ 0.0582, -0.0332, -0.0026, -0.2473], device='cuda:0') tensor([0.1331, 0.1319, 0.1311, 0.9240], device='cuda:0')
[INFO    ][2026-07-23 13:02:19][utils.mpc_utils     ][cem                      ] new mean: tensor([ 0.0650, -0.0445, -0.0222, -0.3916], device='cuda:0') tensor([0.1166, 0.1168, 0.1129, 0.6112], device='cuda:0')
[INFO    ][2026-07-23 13:02:26][utils.mpc_utils     ][cem                      ] new mean: tensor([ 0.0619, -0.0369, -0.0345, -0.6004], device='cuda:0') tensor([0.1026, 0.1068, 0.0963, 0.5017], device='cuda:0')
[INFO    ][2026-07-23 13:02:32][utils.mpc_utils     ][cem                      ] new mean: tensor([ 0.0648, -0.0597, -0.0161, -0.8534], device='cuda:0') tensor([0.0924, 0.0990, 0.0856, 0.4852], device='cuda:0')
[INFO    ][2026-07-23 13:02:39][utils.mpc_utils     ][cem                      ] new mean: tensor([ 5.8635e-02, -4.2573e-02, -1.0224e-03, -1.0246e+00], device='cuda:0') tensor([0.0870, 0.0877, 0.0772, 0.4081], device='cuda:0')
[INFO    ][2026-07-23 13:02:45][utils.mpc_utils     ][cem                      ] new mean: tensor([ 0.0773, -0.0145, -0.0056, -0.2108], device='cuda:0') tensor([0.1318, 0.1334, 0.1337, 0.7862], device='cuda:0')
[INFO    ][2026-07-23 13:02:52][utils.mpc_utils     ][cem                      ] new mean: tensor([ 0.0702, -0.0410, -0.0051, -0.3935], device='cuda:0') tensor([0.1112, 0.1181, 0.1185, 0.5037], device='cuda:0')
[INFO    ][2026-07-23 13:02:59][utils.mpc_utils     ][cem                      ] new mean: tensor([ 0.0873, -0.0295, -0.0166, -0.3277], device='cuda:0') tensor([0.0999, 0.1045, 0.1025, 0.3299], device='cuda:0')
[INFO    ][2026-07-23 13:03:05][utils.mpc_utils     ][cem                      ] new mean: tensor([ 0.0828, -0.0339, -0.0281, -0.5529], device='cuda:0') tensor([0.0890, 0.0917, 0.0911, 0.2152], device='cuda:0')
[INFO    ][2026-07-23 13:03:12][utils.mpc_utils     ][cem                      ] new mean: tensor([ 0.0724, -0.0145, -0.0197, -0.6015], device='cuda:0') tensor([0.0803, 0.0822, 0.0822, 0.1714], device='cuda:0')
     8 |  0.3007 +0.0093 |  0.3718 +0.0782 |          0.0694
[INFO    ][2026-07-23 13:03:18][utils.mpc_utils     ][cem                      ] new mean: tensor([ 0.0545, -0.0100,  0.0267, -0.7114], device='cuda:0') tensor([0.1349, 0.1362, 0.1353, 1.0475], device='cuda:0')
[INFO    ][2026-07-23 13:03:25][utils.mpc_utils     ][cem                      ] new mean: tensor([ 0.0516, -0.0159,  0.0241, -0.8968], device='cuda:0') tensor([0.1160, 0.1241, 0.1186, 0.6118], device='cuda:0')
[INFO    ][2026-07-23 13:03:32][utils.mpc_utils     ][cem                      ] new mean: tensor([ 0.0405,  0.0364,  0.0053, -0.7593], device='cuda:0') tensor([0.1000, 0.1091, 0.1035, 0.4795], device='cuda:0')
[INFO    ][2026-07-23 13:03:38][utils.mpc_utils     ][cem                      ] new mean: tensor([ 0.0272,  0.0363, -0.0162, -0.6158], device='cuda:0') tensor([0.0880, 0.0956, 0.0917, 0.4101], device='cuda:0')
[INFO    ][2026-07-23 13:03:45][utils.mpc_utils     ][cem                      ] new mean: tensor([ 0.0461,  0.0346, -0.0101, -0.4795], device='cuda:0') tensor([0.0783, 0.0836, 0.0806, 0.3341], device='cuda:0')
[INFO    ][2026-07-23 13:03:51][utils.mpc_utils     ][cem                      ] new mean: tensor([ 0.0483, -0.0341, -0.0038, -0.3653], device='cuda:0') tensor([0.1335, 0.1334, 0.1312, 0.7794], device='cuda:0')
[INFO    ][2026-07-23 13:03:58][utils.mpc_utils     ][cem                      ] new mean: tensor([ 0.0430, -0.0102, -0.0062, -0.4530], device='cuda:0') tensor([0.1202, 0.1220, 0.1176, 0.6107], device='cuda:0')
[INFO    ][2026-07-23 13:04:05][utils.mpc_utils     ][cem                      ] new mean: tensor([ 0.0304,  0.0008, -0.0090, -0.3824], device='cuda:0') tensor([0.1082, 0.1114, 0.1030, 0.4683], device='cuda:0')
[INFO    ][2026-07-23 13:04:11][utils.mpc_utils     ][cem                      ] new mean: tensor([ 0.0371,  0.0175, -0.0185, -0.4959], device='cuda:0') tensor([0.0964, 0.0983, 0.0939, 0.4619], device='cuda:0')
[INFO    ][2026-07-23 13:04:18][utils.mpc_utils     ][cem                      ] new mean: tensor([ 0.0375,  0.0356, -0.0259, -0.4841], device='cuda:0') tensor([0.0877, 0.0888, 0.0831, 0.2742], device='cuda:0')
    16 |  0.2959 +0.0045 |  0.3988 +0.1051 |          0.1083
[INFO    ][2026-07-23 13:04:25][utils.mpc_utils     ][cem                      ] new mean: tensor([0.0234, 0.0670, 0.0020, 0.2569], device='cuda:0') tensor([0.1390, 0.1278, 0.1401, 1.2319], device='cuda:0')
[INFO    ][2026-07-23 13:04:31][utils.mpc_utils     ][cem                      ] new mean: tensor([ 0.0571,  0.0704, -0.0444,  0.5446], device='cuda:0') tensor([0.1187, 0.1125, 0.1235, 0.8658], device='cuda:0')
[INFO    ][2026-07-23 13:04:38][utils.mpc_utils     ][cem                      ] new mean: tensor([ 0.0534,  0.0851, -0.0574,  0.4600], device='cuda:0') tensor([0.1018, 0.0979, 0.1064, 0.6715], device='cuda:0')
[INFO    ][2026-07-23 13:04:44][utils.mpc_utils     ][cem                      ] new mean: tensor([ 0.0483,  0.1017, -0.0782,  0.4632], device='cuda:0') tensor([0.0891, 0.0876, 0.0923, 0.5464], device='cuda:0')
[INFO    ][2026-07-23 13:04:51][utils.mpc_utils     ][cem                      ] new mean: tensor([ 0.0641,  0.1128, -0.0967,  0.5947], device='cuda:0') tensor([0.0826, 0.0779, 0.0797, 0.4114], device='cuda:0')
[INFO    ][2026-07-23 13:04:58][utils.mpc_utils     ][cem                      ] new mean: tensor([ 0.0326,  0.0477, -0.0206,  0.8535], device='cuda:0') tensor([0.1404, 0.1276, 0.1392, 1.0877], device='cuda:0')
[INFO    ][2026-07-23 13:05:04][utils.mpc_utils     ][cem                      ] new mean: tensor([ 0.0733,  0.0640, -0.0418,  0.9221], device='cuda:0') tensor([0.1232, 0.1103, 0.1187, 0.7938], device='cuda:0')
[INFO    ][2026-07-23 13:05:11][utils.mpc_utils     ][cem                      ] new mean: tensor([ 0.0732,  0.0457, -0.0266,  0.9736], device='cuda:0') tensor([0.1051, 0.0930, 0.0985, 0.5638], device='cuda:0')
[INFO    ][2026-07-23 13:05:17][utils.mpc_utils     ][cem                      ] new mean: tensor([ 0.0657,  0.0485, -0.0466,  0.9898], device='cuda:0') tensor([0.0915, 0.0824, 0.0856, 0.4662], device='cuda:0')
[INFO    ][2026-07-23 13:05:24][utils.mpc_utils     ][cem                      ] new mean: tensor([ 0.0561,  0.0583, -0.0579,  1.0787], device='cuda:0') tensor([0.0810, 0.0762, 0.0739, 0.3314], device='cuda:0')
    32 |  0.3973 +0.1059 |  0.4893 +0.1957 |          0.3277
[INFO    ][2026-07-23 13:05:31][utils.mpc_utils     ][cem                      ] new mean: tensor([-0.0556, -0.0047,  0.0504, -0.8977], device='cuda:0') tensor([0.1375, 0.1375, 0.1324, 0.7918], device='cuda:0')
[INFO    ][2026-07-23 13:05:37][utils.mpc_utils     ][cem                      ] new mean: tensor([-0.0758, -0.0376,  0.0677, -0.9955], device='cuda:0') tensor([0.1197, 0.1209, 0.1164, 0.5640], device='cuda:0')
[INFO    ][2026-07-23 13:05:44][utils.mpc_utils     ][cem                      ] new mean: tensor([-0.0870, -0.0116,  0.0609, -1.1174], device='cuda:0') tensor([0.1002, 0.0948, 0.0989, 0.4641], device='cuda:0')
[INFO    ][2026-07-23 13:05:50][utils.mpc_utils     ][cem                      ] new mean: tensor([-0.1179, -0.0140,  0.0789, -1.1546], device='cuda:0') tensor([0.0857, 0.0758, 0.0865, 0.3474], device='cuda:0')
[INFO    ][2026-07-23 13:05:57][utils.mpc_utils     ][cem                      ] new mean: tensor([-0.1173, -0.0121,  0.0865, -1.2668], device='cuda:0') tensor([0.0718, 0.0625, 0.0778, 0.2161], device='cuda:0')
[INFO    ][2026-07-23 13:06:04][utils.mpc_utils     ][cem                      ] new mean: tensor([-0.0419, -0.0423,  0.0450, -0.5454], device='cuda:0') tensor([0.1297, 0.1341, 0.1323, 0.8791], device='cuda:0')
[INFO    ][2026-07-23 13:06:10][utils.mpc_utils     ][cem                      ] new mean: tensor([-0.0438, -0.0660,  0.0503, -0.5709], device='cuda:0') tensor([0.1145, 0.1195, 0.1119, 0.5106], device='cuda:0')
[INFO    ][2026-07-23 13:06:17][utils.mpc_utils     ][cem                      ] new mean: tensor([-0.0548, -0.0546,  0.0588, -0.7233], device='cuda:0') tensor([0.1006, 0.0999, 0.0965, 0.3487], device='cuda:0')
[INFO    ][2026-07-23 13:06:24][utils.mpc_utils     ][cem                      ] new mean: tensor([-0.0830, -0.0416,  0.0627, -0.9073], device='cuda:0') tensor([0.0894, 0.0831, 0.0850, 0.3425], device='cuda:0')
[INFO    ][2026-07-23 13:06:30][utils.mpc_utils     ][cem                      ] new mean: tensor([-0.1222, -0.0439,  0.0691, -1.0470], device='cuda:0') tensor([0.0735, 0.0707, 0.0749, 0.3103], device='cuda:0')
    60 |  0.3191 +0.0276 |  0.4296 +0.1360 |          0.1588
  (v2 verdict wants a column that RISES with t, spread >> jitter; flat everywhere = certificate stays dead on this substrate)
[INFO    ][2026-07-23 13:06:44][utils.mpc_utils     ][cem                      ] new mean: tensor([ 0.0118,  0.0231,  0.0100, -0.0743], device='cuda:0') tensor([0.1299, 0.1344, 0.1296, 1.3708], device='cuda:0')
[INFO    ][2026-07-23 13:06:51][utils.mpc_utils     ][cem                      ] new mean: tensor([ 0.0069,  0.0161,  0.0020, -0.3684], device='cuda:0') tensor([0.1149, 0.1210, 0.1107, 1.0990], device='cuda:0')
[INFO    ][2026-07-23 13:06:58][utils.mpc_utils     ][cem                      ] new mean: tensor([ 0.0106,  0.0329,  0.0041, -0.2171], device='cuda:0') tensor([0.1011, 0.1077, 0.1008, 0.9776], device='cuda:0')
[INFO    ][2026-07-23 13:07:04][utils.mpc_utils     ][cem                      ] new mean: tensor([ 0.0149,  0.0334,  0.0140, -0.2168], device='cuda:0') tensor([0.0915, 0.0949, 0.0937, 0.7975], device='cuda:0')
[INFO    ][2026-07-23 13:07:11][utils.mpc_utils     ][cem                      ] new mean: tensor([0.0131, 0.0141, 0.0140, 0.0129], device='cuda:0') tensor([0.0830, 0.0860, 0.0849, 0.8786], device='cuda:0')
[INFO    ][2026-07-23 13:07:17][utils.mpc_utils     ][cem                      ] new mean: tensor([0.0194, 0.0228, 0.0010, 0.0795], device='cuda:0') tensor([0.1356, 0.1313, 0.1289, 1.3248], device='cuda:0')
[INFO    ][2026-07-23 13:07:24][utils.mpc_utils     ][cem                      ] new mean: tensor([ 0.0110,  0.0284, -0.0059,  0.4746], device='cuda:0') tensor([0.1215, 0.1189, 0.1102, 0.9373], device='cuda:0')
[INFO    ][2026-07-23 13:07:33][utils.mpc_utils     ][cem                      ] new mean: tensor([-0.0054,  0.0434, -0.0390,  0.4210], device='cuda:0') tensor([0.1101, 0.1055, 0.0956, 0.7339], device='cuda:0')
[INFO    ][2026-07-23 13:07:40][utils.mpc_utils     ][cem                      ] new mean: tensor([ 0.0129,  0.0066, -0.0363,  0.3871], device='cuda:0') tensor([0.0990, 0.0944, 0.0860, 0.7275], device='cuda:0')
[INFO    ][2026-07-23 13:07:47][utils.mpc_utils     ][cem                      ] new mean: tensor([ 0.0083,  0.0128, -0.0223,  0.4839], device='cuda:0') tensor([0.0896, 0.0878, 0.0808, 0.6811], device='cuda:0')

==== C*-V2 LADDERS: droid_ep007.npz (T=199) ====
  self-floor: pooled=0.3585  token=0.3138
     t |  pooled   p-cal |   token   t-cal | raw pooled dist
[INFO    ][2026-07-23 13:07:54][utils.mpc_utils     ][cem                      ] new mean: tensor([ 0.0043,  0.0164, -0.0143, -0.3658], device='cuda:0') tensor([0.1338, 0.1392, 0.1289, 1.1644], device='cuda:0')
[INFO    ][2026-07-23 13:08:00][utils.mpc_utils     ][cem                      ] new mean: tensor([ 0.0095, -0.0030, -0.0281, -0.4773], device='cuda:0') tensor([0.1217, 0.1255, 0.1129, 1.0131], device='cuda:0')
[INFO    ][2026-07-23 13:08:07][utils.mpc_utils     ][cem                      ] new mean: tensor([-0.0053, -0.0060, -0.0160, -0.2179], device='cuda:0') tensor([0.1075, 0.1099, 0.0991, 0.7555], device='cuda:0')
[INFO    ][2026-07-23 13:08:13][utils.mpc_utils     ][cem                      ] new mean: tensor([ 0.0067,  0.0116, -0.0303, -0.3076], device='cuda:0') tensor([0.0989, 0.1020, 0.0900, 0.5996], device='cuda:0')
[INFO    ][2026-07-23 13:08:20][utils.mpc_utils     ][cem                      ] new mean: tensor([ 0.0011,  0.0114, -0.0360, -0.4290], device='cuda:0') tensor([0.0893, 0.0967, 0.0798, 0.4354], device='cuda:0')
[INFO    ][2026-07-23 13:08:27][utils.mpc_utils     ][cem                      ] new mean: tensor([ 0.0150, -0.0124,  0.0225, -0.0109], device='cuda:0') tensor([0.1311, 0.1320, 0.1298, 1.3159], device='cuda:0')
[INFO    ][2026-07-23 13:08:34][utils.mpc_utils     ][cem                      ] new mean: tensor([ 0.0380, -0.0245,  0.0346, -0.2100], device='cuda:0') tensor([0.1155, 0.1185, 0.1124, 0.8079], device='cuda:0')
[INFO    ][2026-07-23 13:08:40][utils.mpc_utils     ][cem                      ] new mean: tensor([ 0.0244, -0.0211,  0.0328, -0.1740], device='cuda:0') tensor([0.1016, 0.1037, 0.0942, 0.5945], device='cuda:0')
[INFO    ][2026-07-23 13:08:47][utils.mpc_utils     ][cem                      ] new mean: tensor([ 0.0221,  0.0084,  0.0338, -0.1171], device='cuda:0') tensor([0.0892, 0.0926, 0.0839, 0.4541], device='cuda:0')
[INFO    ][2026-07-23 13:08:53][utils.mpc_utils     ][cem                      ] new mean: tensor([-0.0166, -0.0024,  0.0238, -0.0146], device='cuda:0') tensor([0.0809, 0.0837, 0.0712, 0.3819], device='cuda:0')
     1 |  0.3952 +0.0367 |  0.3525 +0.0387 |          0.0773
[INFO    ][2026-07-23 13:09:00][utils.mpc_utils     ][cem                      ] new mean: tensor([ 0.0141, -0.0055,  0.0081, -0.3089], device='cuda:0') tensor([0.1324, 0.1299, 0.1290, 1.3815], device='cuda:0')
[INFO    ][2026-07-23 13:09:07][utils.mpc_utils     ][cem                      ] new mean: tensor([ 0.0182, -0.0042,  0.0252, -0.1070], device='cuda:0') tensor([0.1194, 0.1172, 0.1090, 1.1887], device='cuda:0')
[INFO    ][2026-07-23 13:09:13][utils.mpc_utils     ][cem                      ] new mean: tensor([-0.0020, -0.0046,  0.0180, -0.0854], device='cuda:0') tensor([0.1048, 0.1022, 0.0938, 0.9956], device='cuda:0')
[INFO    ][2026-07-23 13:09:20][utils.mpc_utils     ][cem                      ] new mean: tensor([-0.0268,  0.0154, -0.0065,  0.0173], device='cuda:0') tensor([0.0945, 0.0929, 0.0846, 0.6327], device='cuda:0')
[INFO    ][2026-07-23 13:09:26][utils.mpc_utils     ][cem                      ] new mean: tensor([ 0.0196, -0.0074,  0.0207,  0.0211], device='cuda:0') tensor([0.0849, 0.0863, 0.0758, 0.6973], device='cuda:0')
[INFO    ][2026-07-23 13:09:33][utils.mpc_utils     ][cem                      ] new mean: tensor([ 0.0009, -0.0031,  0.0185,  0.2532], device='cuda:0') tensor([0.1329, 0.1364, 0.1287, 1.3363], device='cuda:0')
[INFO    ][2026-07-23 13:09:40][utils.mpc_utils     ][cem                      ] new mean: tensor([0.0005, 0.0075, 0.0195, 0.2537], device='cuda:0') tensor([0.1205, 0.1215, 0.1108, 1.1136], device='cuda:0')
[INFO    ][2026-07-23 13:09:46][utils.mpc_utils     ][cem                      ] new mean: tensor([-0.0002, -0.0065,  0.0339,  0.1356], device='cuda:0') tensor([0.1101, 0.1093, 0.0964, 0.8896], device='cuda:0')
[INFO    ][2026-07-23 13:09:53][utils.mpc_utils     ][cem                      ] new mean: tensor([ 0.0177, -0.0239,  0.0345,  0.2375], device='cuda:0') tensor([0.0973, 0.0985, 0.0878, 0.8228], device='cuda:0')
[INFO    ][2026-07-23 13:09:59][utils.mpc_utils     ][cem                      ] new mean: tensor([ 0.0211, -0.0259,  0.0141,  0.4556], device='cuda:0') tensor([0.0892, 0.0870, 0.0802, 0.5725], device='cuda:0')
     2 |  0.3628 +0.0043 |  0.3465 +0.0327 |          0.0454
[INFO    ][2026-07-23 13:10:06][utils.mpc_utils     ][cem                      ] new mean: tensor([ 0.0194, -0.0142, -0.0241, -0.1052], device='cuda:0') tensor([0.1315, 0.1328, 0.1289, 1.2745], device='cuda:0')
[INFO    ][2026-07-23 13:10:13][utils.mpc_utils     ][cem                      ] new mean: tensor([ 0.0250, -0.0012, -0.0059,  0.1919], device='cuda:0') tensor([0.1172, 0.1204, 0.1162, 1.0130], device='cuda:0')
[INFO    ][2026-07-23 13:10:19][utils.mpc_utils     ][cem                      ] new mean: tensor([ 0.0070, -0.0022,  0.0250,  0.2211], device='cuda:0') tensor([0.1042, 0.1065, 0.1022, 0.8735], device='cuda:0')
[INFO    ][2026-07-23 13:10:26][utils.mpc_utils     ][cem                      ] new mean: tensor([-0.0012,  0.0077,  0.0238,  0.1037], device='cuda:0') tensor([0.0956, 0.0937, 0.0891, 0.9135], device='cuda:0')
[INFO    ][2026-07-23 13:10:32][utils.mpc_utils     ][cem                      ] new mean: tensor([0.0096, 0.0150, 0.0150, 0.0997], device='cuda:0') tensor([0.0862, 0.0835, 0.0822, 0.7726], device='cuda:0')
[INFO    ][2026-07-23 13:10:39][utils.mpc_utils     ][cem                      ] new mean: tensor([-0.0101, -0.0201, -0.0364, -0.0550], device='cuda:0') tensor([0.1326, 0.1351, 0.1262, 1.2777], device='cuda:0')
[INFO    ][2026-07-23 13:10:46][utils.mpc_utils     ][cem                      ] new mean: tensor([ 0.0033,  0.0082, -0.0108, -0.1722], device='cuda:0') tensor([0.1188, 0.1228, 0.1136, 1.0408], device='cuda:0')
[INFO    ][2026-07-23 13:10:52][utils.mpc_utils     ][cem                      ] new mean: tensor([-0.0022,  0.0146,  0.0167, -0.0367], device='cuda:0') tensor([0.1029, 0.1070, 0.0952, 0.7200], device='cuda:0')
[INFO    ][2026-07-23 13:10:59][utils.mpc_utils     ][cem                      ] new mean: tensor([ 0.0006, -0.0005,  0.0215, -0.0322], device='cuda:0') tensor([0.0959, 0.1003, 0.0868, 0.7065], device='cuda:0')
[INFO    ][2026-07-23 13:11:06][utils.mpc_utils     ][cem                      ] new mean: tensor([-0.0049, -0.0042,  0.0082,  0.0635], device='cuda:0') tensor([0.0885, 0.0904, 0.0761, 0.5168], device='cuda:0')
     4 |  0.3847 +0.0262 |  0.3541 +0.0403 |          0.0629
[INFO    ][2026-07-23 13:11:12][utils.mpc_utils     ][cem                      ] new mean: tensor([ 0.0264,  0.0228,  0.0075, -0.1595], device='cuda:0') tensor([0.1337, 0.1355, 0.1311, 1.3148], device='cuda:0')
[INFO    ][2026-07-23 13:11:19][utils.mpc_utils     ][cem                      ] new mean: tensor([ 0.0157,  0.0178, -0.0039, -0.4860], device='cuda:0') tensor([0.1169, 0.1242, 0.1128, 1.0942], device='cuda:0')
[INFO    ][2026-07-23 13:11:25][utils.mpc_utils     ][cem                      ] new mean: tensor([ 0.0114,  0.0129, -0.0080, -0.1456], device='cuda:0') tensor([0.0996, 0.1087, 0.1009, 0.9344], device='cuda:0')
[INFO    ][2026-07-23 13:11:32][utils.mpc_utils     ][cem                      ] new mean: tensor([ 0.0007,  0.0263,  0.0046, -0.2877], device='cuda:0') tensor([0.0879, 0.0953, 0.0885, 0.8279], device='cuda:0')
[INFO    ][2026-07-23 13:11:39][utils.mpc_utils     ][cem                      ] new mean: tensor([ 0.0131,  0.0154, -0.0009, -0.2007], device='cuda:0') tensor([0.0786, 0.0884, 0.0799, 0.8452], device='cuda:0')
[INFO    ][2026-07-23 13:11:45][utils.mpc_utils     ][cem                      ] new mean: tensor([0.0031, 0.0056, 0.0111, 0.0398], device='cuda:0') tensor([0.1331, 0.1357, 0.1303, 1.3157], device='cuda:0')
[INFO    ][2026-07-23 13:11:52][utils.mpc_utils     ][cem                      ] new mean: tensor([-1.6671e-02,  1.4820e-04,  5.6655e-03,  2.1712e-01], device='cuda:0') tensor([0.1180, 0.1247, 0.1153, 1.0849], device='cuda:0')
[INFO    ][2026-07-23 13:11:59][utils.mpc_utils     ][cem                      ] new mean: tensor([-0.0099,  0.0036, -0.0047, -0.0299], device='cuda:0') tensor([0.1032, 0.1113, 0.0999, 0.9902], device='cuda:0')
[INFO    ][2026-07-23 13:12:05][utils.mpc_utils     ][cem                      ] new mean: tensor([ 0.0021, -0.0031,  0.0199,  0.0674], device='cuda:0') tensor([0.0933, 0.0979, 0.0873, 0.8230], device='cuda:0')
[INFO    ][2026-07-23 13:12:12][utils.mpc_utils     ][cem                      ] new mean: tensor([-0.0108, -0.0004,  0.0314, -0.0527], device='cuda:0') tensor([0.0821, 0.0906, 0.0777, 0.7331], device='cuda:0')
     8 |  0.3954 +0.0369 |  0.3552 +0.0414 |          0.0825
[INFO    ][2026-07-23 13:12:18][utils.mpc_utils     ][cem                      ] new mean: tensor([-0.0714,  0.0189, -0.0263, -0.0383], device='cuda:0') tensor([0.1294, 0.1391, 0.1296, 1.4558], device='cuda:0')
[INFO    ][2026-07-23 13:12:25][utils.mpc_utils     ][cem                      ] new mean: tensor([-0.0846,  0.0148, -0.0162,  0.2113], device='cuda:0') tensor([0.1119, 0.1250, 0.1090, 1.1549], device='cuda:0')
[INFO    ][2026-07-23 13:12:32][utils.mpc_utils     ][cem                      ] new mean: tensor([-8.0808e-02, -3.8213e-03, -1.1247e-04,  3.9436e-01], device='cuda:0') tensor([0.1009, 0.1147, 0.0870, 0.9638], device='cuda:0')
[INFO    ][2026-07-23 13:12:38][utils.mpc_utils     ][cem                      ] new mean: tensor([-0.0900, -0.0005,  0.0013,  0.5099], device='cuda:0') tensor([0.0884, 0.1024, 0.0695, 0.5973], device='cuda:0')
[INFO    ][2026-07-23 13:12:45][utils.mpc_utils     ][cem                      ] new mean: tensor([-0.1127, -0.0129,  0.0083,  0.5522], device='cuda:0') tensor([0.0797, 0.0935, 0.0583, 0.4760], device='cuda:0')
[INFO    ][2026-07-23 13:12:52][utils.mpc_utils     ][cem                      ] new mean: tensor([-0.0590,  0.0270, -0.0651,  0.1463], device='cuda:0') tensor([0.1277, 0.1310, 0.1318, 1.2443], device='cuda:0')
[INFO    ][2026-07-23 13:12:58][utils.mpc_utils     ][cem                      ] new mean: tensor([-0.0683, -0.0058, -0.0769,  0.3804], device='cuda:0') tensor([0.1123, 0.1196, 0.1155, 0.6881], device='cuda:0')
[INFO    ][2026-07-23 13:13:05][utils.mpc_utils     ][cem                      ] new mean: tensor([-0.0702,  0.0248, -0.0332,  0.4141], device='cuda:0') tensor([0.1007, 0.1056, 0.0970, 0.4496], device='cuda:0')
[INFO    ][2026-07-23 13:13:11][utils.mpc_utils     ][cem                      ] new mean: tensor([-0.0787,  0.0106, -0.0073,  0.1682], device='cuda:0') tensor([0.0886, 0.0970, 0.0799, 0.3440], device='cuda:0')
[INFO    ][2026-07-23 13:13:18][utils.mpc_utils     ][cem                      ] new mean: tensor([-0.0995,  0.0247,  0.0109,  0.2122], device='cuda:0') tensor([0.0793, 0.0901, 0.0642, 0.2664], device='cuda:0')
    16 |  0.4021 +0.0436 |  0.4428 +0.1290 |          0.1264
[INFO    ][2026-07-23 13:13:25][utils.mpc_utils     ][cem                      ] new mean: tensor([-0.0166,  0.0042, -0.0728,  0.0740], device='cuda:0') tensor([0.1321, 0.1414, 0.1290, 1.3639], device='cuda:0')
[INFO    ][2026-07-23 13:13:32][utils.mpc_utils     ][cem                      ] new mean: tensor([-0.0722,  0.0597, -0.0839,  0.3619], device='cuda:0') tensor([0.1143, 0.1248, 0.1115, 1.0036], device='cuda:0')
[INFO    ][2026-07-23 13:13:38][utils.mpc_utils     ][cem                      ] new mean: tensor([-0.1009,  0.0816, -0.1190,  0.2883], device='cuda:0') tensor([0.0961, 0.1071, 0.0908, 0.7358], device='cuda:0')
[INFO    ][2026-07-23 13:13:45][utils.mpc_utils     ][cem                      ] new mean: tensor([-0.1161,  0.0644, -0.0874,  0.3315], device='cuda:0') tensor([0.0825, 0.0936, 0.0792, 0.6456], device='cuda:0')
[INFO    ][2026-07-23 13:13:52][utils.mpc_utils     ][cem                      ] new mean: tensor([-0.1071,  0.0697, -0.0725,  0.2862], device='cuda:0') tensor([0.0724, 0.0825, 0.0704, 0.5223], device='cuda:0')
[INFO    ][2026-07-23 13:13:58][utils.mpc_utils     ][cem                      ] new mean: tensor([-0.0790,  0.0529, -0.0555, -0.0562], device='cuda:0') tensor([0.1283, 0.1345, 0.1282, 1.3378], device='cuda:0')
[INFO    ][2026-07-23 13:14:05][utils.mpc_utils     ][cem                      ] new mean: tensor([-0.0886,  0.0464, -0.0622,  0.2707], device='cuda:0') tensor([0.1094, 0.1206, 0.1115, 0.9835], device='cuda:0')
[INFO    ][2026-07-23 13:14:12][utils.mpc_utils     ][cem                      ] new mean: tensor([-0.0762,  0.0578, -0.0415,  0.3250], device='cuda:0') tensor([0.0918, 0.1001, 0.0959, 0.7558], device='cuda:0')
[INFO    ][2026-07-23 13:14:18][utils.mpc_utils     ][cem                      ] new mean: tensor([-0.0892,  0.0547, -0.0406,  0.2639], device='cuda:0') tensor([0.0843, 0.0875, 0.0823, 0.5674], device='cuda:0')
[INFO    ][2026-07-23 13:14:25][utils.mpc_utils     ][cem                      ] new mean: tensor([-0.1256,  0.0735, -0.0294,  0.2862], device='cuda:0') tensor([0.0698, 0.0772, 0.0713, 0.5172], device='cuda:0')
    32 |  0.4119 +0.0534 |  0.4737 +0.1599 |          0.1462
[INFO    ][2026-07-23 13:14:31][utils.mpc_utils     ][cem                      ] new mean: tensor([ 0.0557,  0.0764, -0.0744,  0.0711], device='cuda:0') tensor([0.1332, 0.1314, 0.1279, 1.2669], device='cuda:0')
[INFO    ][2026-07-23 13:14:38][utils.mpc_utils     ][cem                      ] new mean: tensor([ 0.0383,  0.0937, -0.0721, -0.0144], device='cuda:0') tensor([0.1178, 0.1134, 0.1135, 0.6360], device='cuda:0')
[INFO    ][2026-07-23 13:14:45][utils.mpc_utils     ][cem                      ] new mean: tensor([ 0.0661,  0.1193, -0.0906, -0.0900], device='cuda:0') tensor([0.0990, 0.0934, 0.1001, 0.4708], device='cuda:0')
[INFO    ][2026-07-23 13:14:51][utils.mpc_utils     ][cem                      ] new mean: tensor([ 0.0711,  0.1152, -0.0860, -0.0635], device='cuda:0') tensor([0.0817, 0.0785, 0.0840, 0.3854], device='cuda:0')
[INFO    ][2026-07-23 13:14:58][utils.mpc_utils     ][cem                      ] new mean: tensor([ 0.0763,  0.0955, -0.0904, -0.0964], device='cuda:0') tensor([0.0691, 0.0691, 0.0759, 0.3267], device='cuda:0')
[INFO    ][2026-07-23 13:15:04][utils.mpc_utils     ][cem                      ] new mean: tensor([ 0.0379,  0.0683, -0.0548,  0.2390], device='cuda:0') tensor([0.1290, 0.1324, 0.1283, 1.1131], device='cuda:0')
[INFO    ][2026-07-23 13:15:11][utils.mpc_utils     ][cem                      ] new mean: tensor([ 0.0648,  0.0874, -0.0413,  0.0043], device='cuda:0') tensor([0.1111, 0.1140, 0.1107, 0.6860], device='cuda:0')
[INFO    ][2026-07-23 13:15:18][utils.mpc_utils     ][cem                      ] new mean: tensor([ 0.0559,  0.0878, -0.0609, -0.2551], device='cuda:0') tensor([0.0981, 0.0996, 0.1001, 0.5744], device='cuda:0')
[INFO    ][2026-07-23 13:15:24][utils.mpc_utils     ][cem                      ] new mean: tensor([ 0.0636,  0.0903, -0.0523, -0.4238], device='cuda:0') tensor([0.0841, 0.0816, 0.0870, 0.4959], device='cuda:0')
[INFO    ][2026-07-23 13:15:31][utils.mpc_utils     ][cem                      ] new mean: tensor([ 0.0673,  0.1036, -0.0566, -0.4414], device='cuda:0') tensor([0.0700, 0.0698, 0.0788, 0.3398], device='cuda:0')
    64 |  0.4162 +0.0577 |  0.4456 +0.1318 |          0.1535
[INFO    ][2026-07-23 13:15:38][utils.mpc_utils     ][cem                      ] new mean: tensor([-0.0306, -0.0527,  0.0745, -0.0292], device='cuda:0') tensor([0.1390, 0.1323, 0.1292, 1.3409], device='cuda:0')
[INFO    ][2026-07-23 13:15:44][utils.mpc_utils     ][cem                      ] new mean: tensor([-0.0543, -0.0894,  0.1022,  0.2947], device='cuda:0') tensor([0.1340, 0.1177, 0.1088, 0.7652], device='cuda:0')
[INFO    ][2026-07-23 13:15:51][utils.mpc_utils     ][cem                      ] new mean: tensor([-0.0962, -0.0952,  0.1315,  0.4551], device='cuda:0') tensor([0.1259, 0.1008, 0.0894, 0.5298], device='cuda:0')
[INFO    ][2026-07-23 13:15:57][utils.mpc_utils     ][cem                      ] new mean: tensor([-0.1394, -0.0649,  0.1454,  0.5959], device='cuda:0') tensor([0.0967, 0.1001, 0.0685, 0.4246], device='cuda:0')
[INFO    ][2026-07-23 13:16:04][utils.mpc_utils     ][cem                      ] new mean: tensor([-0.1426, -0.0442,  0.1364,  0.6531], device='cuda:0') tensor([0.0761, 0.0889, 0.0552, 0.4022], device='cuda:0')
[INFO    ][2026-07-23 13:16:11][utils.mpc_utils     ][cem                      ] new mean: tensor([-0.0017, -0.0029,  0.0657,  0.4432], device='cuda:0') tensor([0.1462, 0.1337, 0.1250, 1.0397], device='cuda:0')
[INFO    ][2026-07-23 13:16:17][utils.mpc_utils     ][cem                      ] new mean: tensor([-0.0499, -0.0125,  0.0709,  0.6139], device='cuda:0') tensor([0.1391, 0.1228, 0.1072, 0.7854], device='cuda:0')
[INFO    ][2026-07-23 13:16:24][utils.mpc_utils     ][cem                      ] new mean: tensor([-0.0919, -0.0129,  0.1094,  0.7389], device='cuda:0') tensor([0.1189, 0.1155, 0.0899, 0.6034], device='cuda:0')
[INFO    ][2026-07-23 13:16:30][utils.mpc_utils     ][cem                      ] new mean: tensor([-0.1237, -0.0160,  0.1290,  0.8581], device='cuda:0') tensor([0.0971, 0.1115, 0.0767, 0.3936], device='cuda:0')
[INFO    ][2026-07-23 13:16:37][utils.mpc_utils     ][cem                      ] new mean: tensor([-0.1416, -0.0019,  0.1464,  0.7895], device='cuda:0') tensor([0.0750, 0.1063, 0.0579, 0.3808], device='cuda:0')
   198 |  0.4412 +0.0827 |  0.4732 +0.1595 |          0.2706
  (v2 verdict wants a column that RISES with t, spread >> jitter; flat everywhere = certificate stays dead on this substrate)
[INFO    ][2026-07-23 13:16:47][utils.mpc_utils     ][cem                      ] new mean: tensor([-0.0238,  0.0201,  0.0431, -0.4900], device='cuda:0') tensor([0.1276, 0.1377, 0.1287, 0.9058], device='cuda:0')
[INFO    ][2026-07-23 13:16:53][utils.mpc_utils     ][cem                      ] new mean: tensor([-0.0341,  0.0181,  0.0520, -0.4862], device='cuda:0') tensor([0.1084, 0.1211, 0.1173, 0.6045], device='cuda:0')
[INFO    ][2026-07-23 13:17:00][utils.mpc_utils     ][cem                      ] new mean: tensor([-0.0436, -0.0035,  0.0524, -0.4389], device='cuda:0') tensor([0.0947, 0.1052, 0.1057, 0.4598], device='cuda:0')
[INFO    ][2026-07-23 13:17:07][utils.mpc_utils     ][cem                      ] new mean: tensor([-0.0315, -0.0037,  0.0396, -0.4820], device='cuda:0') tensor([0.0867, 0.0963, 0.0947, 0.4268], device='cuda:0')
[INFO    ][2026-07-23 13:17:13][utils.mpc_utils     ][cem                      ] new mean: tensor([-0.0175, -0.0131,  0.0255, -0.5562], device='cuda:0') tensor([0.0772, 0.0875, 0.0869, 0.4107], device='cuda:0')
[INFO    ][2026-07-23 13:17:20][utils.mpc_utils     ][cem                      ] new mean: tensor([-0.0322, -0.0072,  0.0932, -0.3515], device='cuda:0') tensor([0.1307, 0.1313, 0.1274, 0.8524], device='cuda:0')
[INFO    ][2026-07-23 13:17:27][utils.mpc_utils     ][cem                      ] new mean: tensor([ 0.0008,  0.0450,  0.0769, -0.6437], device='cuda:0') tensor([0.1084, 0.1133, 0.1118, 0.6768], device='cuda:0')
[INFO    ][2026-07-23 13:17:33][utils.mpc_utils     ][cem                      ] new mean: tensor([-0.0142,  0.0285,  0.0523, -0.7620], device='cuda:0') tensor([0.0951, 0.0967, 0.0987, 0.5854], device='cuda:0')
[INFO    ][2026-07-23 13:17:40][utils.mpc_utils     ][cem                      ] new mean: tensor([ 0.0192,  0.0240,  0.0381, -0.8486], device='cuda:0') tensor([0.0836, 0.0885, 0.0880, 0.5735], device='cuda:0')
[INFO    ][2026-07-23 13:17:46][utils.mpc_utils     ][cem                      ] new mean: tensor([ 0.0083,  0.0343,  0.0389, -0.8481], device='cuda:0') tensor([0.0768, 0.0762, 0.0797, 0.4900], device='cuda:0')

==== C*-V2 LADDERS: droid_ep008.npz (T=38) ====
  self-floor: pooled=0.2886  token=0.2859
     t |  pooled   p-cal |   token   t-cal | raw pooled dist
[INFO    ][2026-07-23 13:17:53][utils.mpc_utils     ][cem                      ] new mean: tensor([-0.0151,  0.0403,  0.0763, -0.6005], device='cuda:0') tensor([0.1315, 0.1409, 0.1293, 0.9307], device='cuda:0')
[INFO    ][2026-07-23 13:18:00][utils.mpc_utils     ][cem                      ] new mean: tensor([-1.9492e-04,  7.7735e-02,  8.4338e-02, -7.9278e-01], device='cuda:0') tensor([0.1164, 0.1224, 0.1145, 0.5648], device='cuda:0')
[INFO    ][2026-07-23 13:18:06][utils.mpc_utils     ][cem                      ] new mean: tensor([-0.0014,  0.0896,  0.0465, -0.8152], device='cuda:0') tensor([0.1025, 0.1064, 0.0940, 0.4028], device='cuda:0')
[INFO    ][2026-07-23 13:18:13][utils.mpc_utils     ][cem                      ] new mean: tensor([-0.0072,  0.0758,  0.0578, -0.8410], device='cuda:0') tensor([0.0922, 0.0940, 0.0820, 0.3605], device='cuda:0')
[INFO    ][2026-07-23 13:18:19][utils.mpc_utils     ][cem                      ] new mean: tensor([-7.3436e-04,  6.7921e-02,  5.0436e-02, -9.9631e-01], device='cuda:0') tensor([0.0788, 0.0845, 0.0723, 0.2800], device='cuda:0')
[INFO    ][2026-07-23 13:18:26][utils.mpc_utils     ][cem                      ] new mean: tensor([-0.0652,  0.0548,  0.0272, -0.5684], device='cuda:0') tensor([0.1336, 0.1373, 0.1263, 0.9267], device='cuda:0')
[INFO    ][2026-07-23 13:18:33][utils.mpc_utils     ][cem                      ] new mean: tensor([-0.0402,  0.0822,  0.0514, -0.6769], device='cuda:0') tensor([0.1192, 0.1222, 0.1095, 0.7784], device='cuda:0')
[INFO    ][2026-07-23 13:18:39][utils.mpc_utils     ][cem                      ] new mean: tensor([-0.0355,  0.0870,  0.0660, -0.5604], device='cuda:0') tensor([0.1054, 0.1070, 0.0941, 0.5608], device='cuda:0')
[INFO    ][2026-07-23 13:18:46][utils.mpc_utils     ][cem                      ] new mean: tensor([-0.0232,  0.0973,  0.0605, -0.6701], device='cuda:0') tensor([0.0937, 0.0919, 0.0809, 0.5009], device='cuda:0')
[INFO    ][2026-07-23 13:18:52][utils.mpc_utils     ][cem                      ] new mean: tensor([-0.0232,  0.1134,  0.0416, -0.7382], device='cuda:0') tensor([0.0830, 0.0776, 0.0704, 0.3991], device='cuda:0')
     1 |  0.3006 +0.0121 |  0.3479 +0.0620 |          0.0687
[INFO    ][2026-07-23 13:18:59][utils.mpc_utils     ][cem                      ] new mean: tensor([-0.0429,  0.0468,  0.0583, -0.6672], device='cuda:0') tensor([0.1325, 0.1338, 0.1312, 0.9998], device='cuda:0')
[INFO    ][2026-07-23 13:19:06][utils.mpc_utils     ][cem                      ] new mean: tensor([-0.0342,  0.0528,  0.0854, -0.9585], device='cuda:0') tensor([0.1176, 0.1152, 0.1139, 0.6298], device='cuda:0')
[INFO    ][2026-07-23 13:19:12][utils.mpc_utils     ][cem                      ] new mean: tensor([-0.0498,  0.0462,  0.0930, -1.0545], device='cuda:0') tensor([0.1057, 0.0996, 0.0992, 0.3556], device='cuda:0')
[INFO    ][2026-07-23 13:19:19][utils.mpc_utils     ][cem                      ] new mean: tensor([-0.0263,  0.0811,  0.0712, -1.0752], device='cuda:0') tensor([0.0912, 0.0866, 0.0878, 0.2707], device='cuda:0')
[INFO    ][2026-07-23 13:19:25][utils.mpc_utils     ][cem                      ] new mean: tensor([-0.0224,  0.0734,  0.0910, -1.0283], device='cuda:0') tensor([0.0799, 0.0760, 0.0760, 0.2500], device='cuda:0')
[INFO    ][2026-07-23 13:19:32][utils.mpc_utils     ][cem                      ] new mean: tensor([-0.0292,  0.0277,  0.0462, -0.4238], device='cuda:0') tensor([0.1356, 0.1432, 0.1291, 0.9264], device='cuda:0')
[INFO    ][2026-07-23 13:19:39][utils.mpc_utils     ][cem                      ] new mean: tensor([-0.0307,  0.0573,  0.0370, -0.4986], device='cuda:0') tensor([0.1154, 0.1234, 0.1105, 0.6884], device='cuda:0')
[INFO    ][2026-07-23 13:19:45][utils.mpc_utils     ][cem                      ] new mean: tensor([-0.0234,  0.0616,  0.0318, -0.5864], device='cuda:0') tensor([0.1015, 0.1056, 0.0934, 0.5377], device='cuda:0')
[INFO    ][2026-07-23 13:19:52][utils.mpc_utils     ][cem                      ] new mean: tensor([ 0.0020,  0.0578,  0.0315, -0.7410], device='cuda:0') tensor([0.0906, 0.0942, 0.0826, 0.5911], device='cuda:0')
[INFO    ][2026-07-23 13:19:59][utils.mpc_utils     ][cem                      ] new mean: tensor([ 0.0231,  0.0823,  0.0336, -0.7198], device='cuda:0') tensor([0.0767, 0.0811, 0.0730, 0.6376], device='cuda:0')
     2 |  0.2903 +0.0017 |  0.3429 +0.0571 |          0.0656
[INFO    ][2026-07-23 13:20:05][utils.mpc_utils     ][cem                      ] new mean: tensor([-0.0571,  0.0712,  0.0382, -0.7325], device='cuda:0') tensor([0.1331, 0.1366, 0.1330, 0.8152], device='cuda:0')
[INFO    ][2026-07-23 13:20:12][utils.mpc_utils     ][cem                      ] new mean: tensor([-0.0557,  0.0955,  0.0506, -0.6257], device='cuda:0') tensor([0.1083, 0.1147, 0.1138, 0.4827], device='cuda:0')
[INFO    ][2026-07-23 13:20:18][utils.mpc_utils     ][cem                      ] new mean: tensor([-0.0525,  0.1022,  0.0560, -0.6148], device='cuda:0') tensor([0.1013, 0.0981, 0.0968, 0.3463], device='cuda:0')
[INFO    ][2026-07-23 13:20:25][utils.mpc_utils     ][cem                      ] new mean: tensor([-0.0457,  0.1165,  0.0479, -0.7049], device='cuda:0') tensor([0.0901, 0.0819, 0.0818, 0.2180], device='cuda:0')
[INFO    ][2026-07-23 13:20:32][utils.mpc_utils     ][cem                      ] new mean: tensor([-0.0362,  0.0927,  0.0409, -0.6466], device='cuda:0') tensor([0.0823, 0.0755, 0.0676, 0.1852], device='cuda:0')
[INFO    ][2026-07-23 13:20:38][utils.mpc_utils     ][cem                      ] new mean: tensor([-0.0381,  0.0051,  0.0568, -0.7052], device='cuda:0') tensor([0.1343, 0.1408, 0.1355, 0.8387], device='cuda:0')
[INFO    ][2026-07-23 13:20:45][utils.mpc_utils     ][cem                      ] new mean: tensor([-0.0486,  0.0427,  0.0881, -0.6413], device='cuda:0') tensor([0.1213, 0.1235, 0.1183, 0.6381], device='cuda:0')
[INFO    ][2026-07-23 13:20:52][utils.mpc_utils     ][cem                      ] new mean: tensor([-0.0495,  0.0661,  0.0794, -0.9179], device='cuda:0') tensor([0.1097, 0.1043, 0.0991, 0.4264], device='cuda:0')
[INFO    ][2026-07-23 13:20:58][utils.mpc_utils     ][cem                      ] new mean: tensor([-0.0332,  0.0854,  0.0711, -0.8212], device='cuda:0') tensor([0.0967, 0.0890, 0.0900, 0.2464], device='cuda:0')
[INFO    ][2026-07-23 13:21:05][utils.mpc_utils     ][cem                      ] new mean: tensor([-0.0258,  0.0854,  0.0639, -0.8274], device='cuda:0') tensor([0.0872, 0.0800, 0.0801, 0.3191], device='cuda:0')
     4 |  0.3104 +0.0219 |  0.3572 +0.0714 |          0.1026
[INFO    ][2026-07-23 13:21:11][utils.mpc_utils     ][cem                      ] new mean: tensor([-0.0207, -0.0012,  0.0361, -0.7376], device='cuda:0') tensor([0.1380, 0.1432, 0.1416, 0.9818], device='cuda:0')
[INFO    ][2026-07-23 13:21:18][utils.mpc_utils     ][cem                      ] new mean: tensor([-0.0496, -0.0718,  0.0854, -0.6769], device='cuda:0') tensor([0.1247, 0.1193, 0.1170, 0.5841], device='cuda:0')
[INFO    ][2026-07-23 13:21:25][utils.mpc_utils     ][cem                      ] new mean: tensor([-0.0871, -0.0924,  0.0700, -0.8864], device='cuda:0') tensor([0.1067, 0.1024, 0.1011, 0.3925], device='cuda:0')
[INFO    ][2026-07-23 13:21:31][utils.mpc_utils     ][cem                      ] new mean: tensor([-0.0767, -0.0777,  0.0676, -1.0909], device='cuda:0') tensor([0.0928, 0.0867, 0.0849, 0.3200], device='cuda:0')
[INFO    ][2026-07-23 13:21:38][utils.mpc_utils     ][cem                      ] new mean: tensor([-0.0553, -0.0504,  0.0593, -1.1783], device='cuda:0') tensor([0.0752, 0.0759, 0.0760, 0.2666], device='cuda:0')
[INFO    ][2026-07-23 13:21:44][utils.mpc_utils     ][cem                      ] new mean: tensor([-0.0122,  0.0075,  0.0716, -0.5656], device='cuda:0') tensor([0.1340, 0.1433, 0.1309, 0.8851], device='cuda:0')
[INFO    ][2026-07-23 13:21:51][utils.mpc_utils     ][cem                      ] new mean: tensor([-0.0701, -0.0166,  0.0916, -0.6871], device='cuda:0') tensor([0.1164, 0.1169, 0.1131, 0.6604], device='cuda:0')
[INFO    ][2026-07-23 13:21:58][utils.mpc_utils     ][cem                      ] new mean: tensor([-0.0925, -0.0282,  0.0938, -0.8603], device='cuda:0') tensor([0.1002, 0.0968, 0.0987, 0.5934], device='cuda:0')
[INFO    ][2026-07-23 13:22:04][utils.mpc_utils     ][cem                      ] new mean: tensor([-0.0832, -0.0238,  0.0725, -1.1658], device='cuda:0') tensor([0.0892, 0.0783, 0.0891, 0.4003], device='cuda:0')
[INFO    ][2026-07-23 13:22:11][utils.mpc_utils     ][cem                      ] new mean: tensor([-0.0724, -0.0278,  0.0589, -1.1886], device='cuda:0') tensor([0.0758, 0.0631, 0.0787, 0.3010], device='cuda:0')
     8 |  0.3026 +0.0140 |  0.3614 +0.0755 |          0.1301
[INFO    ][2026-07-23 13:22:17][utils.mpc_utils     ][cem                      ] new mean: tensor([ 0.0461,  0.0389,  0.0192, -0.5184], device='cuda:0') tensor([0.1294, 0.1358, 0.1409, 0.9705], device='cuda:0')
[INFO    ][2026-07-23 13:22:24][utils.mpc_utils     ][cem                      ] new mean: tensor([ 0.0545,  0.0544,  0.0523, -0.7551], device='cuda:0') tensor([0.1119, 0.1229, 0.1230, 0.6145], device='cuda:0')
[INFO    ][2026-07-23 13:22:31][utils.mpc_utils     ][cem                      ] new mean: tensor([ 0.0476,  0.0698,  0.0645, -0.8010], device='cuda:0') tensor([0.1014, 0.1121, 0.1068, 0.4446], device='cuda:0')
[INFO    ][2026-07-23 13:22:37][utils.mpc_utils     ][cem                      ] new mean: tensor([ 0.0306,  0.1048,  0.0582, -0.8188], device='cuda:0') tensor([0.0900, 0.0952, 0.0963, 0.3176], device='cuda:0')
[INFO    ][2026-07-23 13:22:44][utils.mpc_utils     ][cem                      ] new mean: tensor([ 0.0352,  0.0922,  0.0722, -0.7359], device='cuda:0') tensor([0.0814, 0.0816, 0.0872, 0.3033], device='cuda:0')
[INFO    ][2026-07-23 13:22:51][utils.mpc_utils     ][cem                      ] new mean: tensor([ 0.0396,  0.0227,  0.0194, -0.4515], device='cuda:0') tensor([0.1381, 0.1387, 0.1449, 0.9040], device='cuda:0')
[INFO    ][2026-07-23 13:22:57][utils.mpc_utils     ][cem                      ] new mean: tensor([ 0.0723,  0.0374,  0.0264, -0.5481], device='cuda:0') tensor([0.1166, 0.1230, 0.1282, 0.5635], device='cuda:0')
[INFO    ][2026-07-23 13:23:04][utils.mpc_utils     ][cem                      ] new mean: tensor([ 0.0658,  0.0570,  0.0573, -0.5669], device='cuda:0') tensor([0.1008, 0.1081, 0.1120, 0.4161], device='cuda:0')
[INFO    ][2026-07-23 13:23:10][utils.mpc_utils     ][cem                      ] new mean: tensor([ 0.0627,  0.0645,  0.0653, -0.6629], device='cuda:0') tensor([0.0857, 0.0955, 0.0984, 0.4349], device='cuda:0')
[INFO    ][2026-07-23 13:23:17][utils.mpc_utils     ][cem                      ] new mean: tensor([ 0.0510,  0.0818,  0.0527, -0.6670], device='cuda:0') tensor([0.0734, 0.0881, 0.0828, 0.4577], device='cuda:0')
    16 |  0.3387 +0.0501 |  0.3955 +0.1097 |          0.1755
[INFO    ][2026-07-23 13:23:24][utils.mpc_utils     ][cem                      ] new mean: tensor([ 0.0273,  0.0417,  0.0610, -0.4103], device='cuda:0') tensor([0.1393, 0.1340, 0.1310, 1.1088], device='cuda:0')
[INFO    ][2026-07-23 13:23:30][utils.mpc_utils     ][cem                      ] new mean: tensor([ 0.0899,  0.0543,  0.0686, -0.9217], device='cuda:0') tensor([0.1158, 0.1208, 0.1137, 0.6356], device='cuda:0')
[INFO    ][2026-07-23 13:23:37][utils.mpc_utils     ][cem                      ] new mean: tensor([ 0.0932,  0.0354,  0.0439, -0.9711], device='cuda:0') tensor([0.0999, 0.1097, 0.1028, 0.4912], device='cuda:0')
[INFO    ][2026-07-23 13:23:44][utils.mpc_utils     ][cem                      ] new mean: tensor([ 0.0966,  0.0285,  0.0305, -0.9820], device='cuda:0') tensor([0.0878, 0.0984, 0.0882, 0.3505], device='cuda:0')
[INFO    ][2026-07-23 13:23:50][utils.mpc_utils     ][cem                      ] new mean: tensor([ 0.0786,  0.0264,  0.0336, -1.0560], device='cuda:0') tensor([0.0771, 0.0841, 0.0747, 0.2345], device='cuda:0')
[INFO    ][2026-07-23 13:23:57][utils.mpc_utils     ][cem                      ] new mean: tensor([ 0.0431,  0.0178,  0.0653, -0.5592], device='cuda:0') tensor([0.1342, 0.1305, 0.1352, 1.1392], device='cuda:0')
[INFO    ][2026-07-23 13:24:03][utils.mpc_utils     ][cem                      ] new mean: tensor([ 0.0640,  0.0130,  0.0710, -0.5895], device='cuda:0') tensor([0.1160, 0.1176, 0.1187, 0.6533], device='cuda:0')
[INFO    ][2026-07-23 13:24:10][utils.mpc_utils     ][cem                      ] new mean: tensor([ 0.0299,  0.0168,  0.0819, -0.8040], device='cuda:0') tensor([0.0941, 0.1041, 0.1053, 0.4328], device='cuda:0')
[INFO    ][2026-07-23 13:24:17][utils.mpc_utils     ][cem                      ] new mean: tensor([ 0.0263,  0.0353,  0.0756, -0.8703], device='cuda:0') tensor([0.0823, 0.0932, 0.0903, 0.4880], device='cuda:0')
[INFO    ][2026-07-23 13:24:23][utils.mpc_utils     ][cem                      ] new mean: tensor([ 0.0272,  0.0512,  0.0579, -0.7288], device='cuda:0') tensor([0.0733, 0.0834, 0.0796, 0.3899], device='cuda:0')
    32 |  0.3176 +0.0290 |  0.4015 +0.1157 |          0.1314
[INFO    ][2026-07-23 13:24:30][utils.mpc_utils     ][cem                      ] new mean: tensor([ 0.0639,  0.0308,  0.0344, -0.7665], device='cuda:0') tensor([0.1331, 0.1369, 0.1325, 0.8278], device='cuda:0')
[INFO    ][2026-07-23 13:24:36][utils.mpc_utils     ][cem                      ] new mean: tensor([ 0.0948,  0.0866,  0.0562, -0.7138], device='cuda:0') tensor([0.1141, 0.1175, 0.1155, 0.5930], device='cuda:0')
[INFO    ][2026-07-23 13:24:43][utils.mpc_utils     ][cem                      ] new mean: tensor([ 0.0871,  0.0935,  0.0621, -0.6526], device='cuda:0') tensor([0.1028, 0.1037, 0.0990, 0.4731], device='cuda:0')
[INFO    ][2026-07-23 13:24:50][utils.mpc_utils     ][cem                      ] new mean: tensor([ 0.0930,  0.1036,  0.0547, -0.7178], device='cuda:0') tensor([0.0920, 0.0896, 0.0859, 0.4521], device='cuda:0')
[INFO    ][2026-07-23 13:24:56][utils.mpc_utils     ][cem                      ] new mean: tensor([ 0.0855,  0.1233,  0.0473, -0.5485], device='cuda:0') tensor([0.0789, 0.0770, 0.0740, 0.4170], device='cuda:0')
[INFO    ][2026-07-23 13:25:03][utils.mpc_utils     ][cem                      ] new mean: tensor([ 0.0354,  0.0166,  0.0411, -0.5353], device='cuda:0') tensor([0.1411, 0.1396, 0.1310, 0.9102], device='cuda:0')
[INFO    ][2026-07-23 13:25:09][utils.mpc_utils     ][cem                      ] new mean: tensor([ 0.0815,  0.0485,  0.0233, -0.5959], device='cuda:0') tensor([0.1211, 0.1205, 0.1050, 0.8032], device='cuda:0')
[INFO    ][2026-07-23 13:25:16][utils.mpc_utils     ][cem                      ] new mean: tensor([ 0.0725,  0.0346,  0.0209, -0.9601], device='cuda:0') tensor([0.1022, 0.0997, 0.0873, 0.4340], device='cuda:0')
[INFO    ][2026-07-23 13:25:23][utils.mpc_utils     ][cem                      ] new mean: tensor([ 0.0746,  0.0358,  0.0283, -1.1176], device='cuda:0') tensor([0.0897, 0.0850, 0.0767, 0.4398], device='cuda:0')
[INFO    ][2026-07-23 13:25:29][utils.mpc_utils     ][cem                      ] new mean: tensor([ 0.0389,  0.0571,  0.0451, -1.2118], device='cuda:0') tensor([0.0815, 0.0772, 0.0707, 0.2991], device='cuda:0')
    37 |  0.3238 +0.0353 |  0.3914 +0.1055 |          0.1419
  (v2 verdict wants a column that RISES with t, spread >> jitter; flat everywhere = certificate stays dead on this substrate)
[INFO    ][2026-07-23 13:25:40][utils.mpc_utils     ][cem                      ] new mean: tensor([-0.0124,  0.0058,  0.0133, -0.4140], device='cuda:0') tensor([0.1328, 0.1361, 0.1310, 1.2323], device='cuda:0')
[INFO    ][2026-07-23 13:25:47][utils.mpc_utils     ][cem                      ] new mean: tensor([-0.0272, -0.0122, -0.0100, -0.4238], device='cuda:0') tensor([0.1118, 0.1216, 0.1150, 0.8884], device='cuda:0')
[INFO    ][2026-07-23 13:25:53][utils.mpc_utils     ][cem                      ] new mean: tensor([-1.3991e-04,  1.0625e-02, -7.8403e-03, -3.5356e-01], device='cuda:0') tensor([0.1007, 0.1106, 0.1069, 0.7656], device='cuda:0')
[INFO    ][2026-07-23 13:26:00][utils.mpc_utils     ][cem                      ] new mean: tensor([-0.0069, -0.0235, -0.0131, -0.2659], device='cuda:0') tensor([0.0914, 0.1005, 0.0956, 0.6432], device='cuda:0')
[INFO    ][2026-07-23 13:26:07][utils.mpc_utils     ][cem                      ] new mean: tensor([-0.0163,  0.0081, -0.0302, -0.1494], device='cuda:0') tensor([0.0803, 0.0924, 0.0871, 0.6901], device='cuda:0')
[INFO    ][2026-07-23 13:26:13][utils.mpc_utils     ][cem                      ] new mean: tensor([ 0.0185, -0.0112,  0.0188, -0.1334], device='cuda:0') tensor([0.1303, 0.1375, 0.1304, 1.3214], device='cuda:0')
[INFO    ][2026-07-23 13:26:20][utils.mpc_utils     ][cem                      ] new mean: tensor([ 0.0123, -0.0045,  0.0201, -0.0322], device='cuda:0') tensor([0.1141, 0.1243, 0.1122, 1.0847], device='cuda:0')
[INFO    ][2026-07-23 13:26:27][utils.mpc_utils     ][cem                      ] new mean: tensor([0.0028, 0.0294, 0.0197, 0.1064], device='cuda:0') tensor([0.1025, 0.1104, 0.1025, 0.9974], device='cuda:0')
[INFO    ][2026-07-23 13:26:33][utils.mpc_utils     ][cem                      ] new mean: tensor([ 0.0103,  0.0222,  0.0332, -0.1127], device='cuda:0') tensor([0.0915, 0.0995, 0.0906, 0.7766], device='cuda:0')
[INFO    ][2026-07-23 13:26:40][utils.mpc_utils     ][cem                      ] new mean: tensor([ 0.0364,  0.0162,  0.0372, -0.1784], device='cuda:0') tensor([0.0788, 0.0850, 0.0810, 0.6604], device='cuda:0')

==== C*-V2 LADDERS: droid_ep009.npz (T=120) ====
  self-floor: pooled=0.2963  token=0.3005
     t |  pooled   p-cal |   token   t-cal | raw pooled dist
[INFO    ][2026-07-23 13:26:46][utils.mpc_utils     ][cem                      ] new mean: tensor([ 0.0177, -0.0478, -0.0103,  0.0018], device='cuda:0') tensor([0.1253, 0.1386, 0.1305, 1.0871], device='cuda:0')
[INFO    ][2026-07-23 13:26:53][utils.mpc_utils     ][cem                      ] new mean: tensor([ 0.0244, -0.0679, -0.0032, -0.1892], device='cuda:0') tensor([0.1095, 0.1249, 0.1156, 0.9814], device='cuda:0')
[INFO    ][2026-07-23 13:27:00][utils.mpc_utils     ][cem                      ] new mean: tensor([ 0.0161, -0.0850, -0.0055, -0.4485], device='cuda:0') tensor([0.0956, 0.1109, 0.1013, 0.5818], device='cuda:0')
[INFO    ][2026-07-23 13:27:06][utils.mpc_utils     ][cem                      ] new mean: tensor([ 0.0294, -0.0427,  0.0139, -0.5761], device='cuda:0') tensor([0.0850, 0.1043, 0.0866, 0.4874], device='cuda:0')
[INFO    ][2026-07-23 13:27:13][utils.mpc_utils     ][cem                      ] new mean: tensor([ 0.0081, -0.0149,  0.0280, -0.5536], device='cuda:0') tensor([0.0768, 0.0954, 0.0773, 0.4704], device='cuda:0')
[INFO    ][2026-07-23 13:27:19][utils.mpc_utils     ][cem                      ] new mean: tensor([-0.0316, -0.0168, -0.0087,  0.2219], device='cuda:0') tensor([0.1287, 0.1390, 0.1320, 1.3086], device='cuda:0')
[INFO    ][2026-07-23 13:27:26][utils.mpc_utils     ][cem                      ] new mean: tensor([-0.0203, -0.0356, -0.0230,  0.4546], device='cuda:0') tensor([0.1122, 0.1242, 0.1147, 0.9654], device='cuda:0')
[INFO    ][2026-07-23 13:27:33][utils.mpc_utils     ][cem                      ] new mean: tensor([-0.0075, -0.0116, -0.0391,  0.5334], device='cuda:0') tensor([0.0954, 0.1159, 0.0968, 0.7444], device='cuda:0')
[INFO    ][2026-07-23 13:27:39][utils.mpc_utils     ][cem                      ] new mean: tensor([-0.0051, -0.0171, -0.0382,  0.2602], device='cuda:0') tensor([0.0852, 0.1081, 0.0843, 0.6475], device='cuda:0')
[INFO    ][2026-07-23 13:27:46][utils.mpc_utils     ][cem                      ] new mean: tensor([-0.0173, -0.0186, -0.0446,  0.0913], device='cuda:0') tensor([0.0778, 0.1002, 0.0743, 0.7006], device='cuda:0')
     1 |  0.3048 +0.0084 |  0.3582 +0.0577 |          0.0590
[INFO    ][2026-07-23 13:27:52][utils.mpc_utils     ][cem                      ] new mean: tensor([-0.0139,  0.0087,  0.0018, -0.3433], device='cuda:0') tensor([0.1304, 0.1417, 0.1286, 1.2171], device='cuda:0')
[INFO    ][2026-07-23 13:27:59][utils.mpc_utils     ][cem                      ] new mean: tensor([-0.0068, -0.0023, -0.0119, -0.3928], device='cuda:0') tensor([0.1150, 0.1262, 0.1149, 0.9117], device='cuda:0')
[INFO    ][2026-07-23 13:28:06][utils.mpc_utils     ][cem                      ] new mean: tensor([ 0.0129, -0.0158, -0.0089, -0.6992], device='cuda:0') tensor([0.1014, 0.1128, 0.1055, 0.6720], device='cuda:0')
[INFO    ][2026-07-23 13:28:12][utils.mpc_utils     ][cem                      ] new mean: tensor([-0.0045, -0.0086,  0.0105, -0.6948], device='cuda:0') tensor([0.0886, 0.1050, 0.0941, 0.6628], device='cuda:0')
[INFO    ][2026-07-23 13:28:19][utils.mpc_utils     ][cem                      ] new mean: tensor([ 0.0142, -0.0157,  0.0193, -0.9576], device='cuda:0') tensor([0.0844, 0.0947, 0.0853, 0.5632], device='cuda:0')
[INFO    ][2026-07-23 13:28:25][utils.mpc_utils     ][cem                      ] new mean: tensor([ 0.0061,  0.0071, -0.0011, -0.1890], device='cuda:0') tensor([0.1305, 0.1405, 0.1290, 1.2670], device='cuda:0')
[INFO    ][2026-07-23 13:28:32][utils.mpc_utils     ][cem                      ] new mean: tensor([ 0.0115, -0.0325, -0.0100, -0.5048], device='cuda:0') tensor([0.1149, 0.1309, 0.1134, 1.0227], device='cuda:0')
[INFO    ][2026-07-23 13:28:39][utils.mpc_utils     ][cem                      ] new mean: tensor([-0.0125, -0.0491,  0.0053, -0.4295], device='cuda:0') tensor([0.1030, 0.1174, 0.0997, 0.8181], device='cuda:0')
[INFO    ][2026-07-23 13:28:45][utils.mpc_utils     ][cem                      ] new mean: tensor([-0.0311, -0.0277,  0.0116, -0.1308], device='cuda:0') tensor([0.0882, 0.1048, 0.0910, 0.6822], device='cuda:0')
[INFO    ][2026-07-23 13:28:52][utils.mpc_utils     ][cem                      ] new mean: tensor([-0.0098, -0.0280,  0.0214, -0.3565], device='cuda:0') tensor([0.0798, 0.0946, 0.0828, 0.6243], device='cuda:0')
     2 |  0.2945 -0.0019 |  0.3597 +0.0592 |          0.0587
[INFO    ][2026-07-23 13:28:59][utils.mpc_utils     ][cem                      ] new mean: tensor([ 0.0137, -0.0124, -0.0218,  0.1487], device='cuda:0') tensor([0.1295, 0.1365, 0.1305, 1.2045], device='cuda:0')
[INFO    ][2026-07-23 13:29:05][utils.mpc_utils     ][cem                      ] new mean: tensor([ 0.0132, -0.0401, -0.0347, -0.0772], device='cuda:0') tensor([0.1090, 0.1239, 0.1180, 0.8403], device='cuda:0')
[INFO    ][2026-07-23 13:29:12][utils.mpc_utils     ][cem                      ] new mean: tensor([ 0.0168, -0.0514, -0.0475, -0.0518], device='cuda:0') tensor([0.0960, 0.1136, 0.1002, 0.6814], device='cuda:0')
[INFO    ][2026-07-23 13:29:18][utils.mpc_utils     ][cem                      ] new mean: tensor([ 0.0369, -0.0547, -0.0781, -0.0669], device='cuda:0') tensor([0.0852, 0.1030, 0.0869, 0.6846], device='cuda:0')
[INFO    ][2026-07-23 13:29:25][utils.mpc_utils     ][cem                      ] new mean: tensor([ 0.0155, -0.0356, -0.0709, -0.3474], device='cuda:0') tensor([0.0737, 0.0913, 0.0736, 0.5183], device='cuda:0')
[INFO    ][2026-07-23 13:29:32][utils.mpc_utils     ][cem                      ] new mean: tensor([ 0.0377, -0.0034, -0.0375,  0.1086], device='cuda:0') tensor([0.1328, 0.1281, 0.1317, 1.4015], device='cuda:0')
[INFO    ][2026-07-23 13:29:38][utils.mpc_utils     ][cem                      ] new mean: tensor([ 0.0486, -0.0217, -0.0299,  0.1243], device='cuda:0') tensor([0.1177, 0.1156, 0.1120, 0.9624], device='cuda:0')
[INFO    ][2026-07-23 13:29:45][utils.mpc_utils     ][cem                      ] new mean: tensor([ 0.0553, -0.0449, -0.0473, -0.0850], device='cuda:0') tensor([0.1037, 0.1051, 0.0993, 0.9034], device='cuda:0')
[INFO    ][2026-07-23 13:29:51][utils.mpc_utils     ][cem                      ] new mean: tensor([ 0.0631, -0.0635, -0.0631,  0.1632], device='cuda:0') tensor([0.0921, 0.0930, 0.0898, 0.8024], device='cuda:0')
[INFO    ][2026-07-23 13:29:58][utils.mpc_utils     ][cem                      ] new mean: tensor([ 0.0825, -0.0408, -0.0656,  0.2470], device='cuda:0') tensor([0.0784, 0.0890, 0.0836, 0.6411], device='cuda:0')
     4 |  0.3023 +0.0060 |  0.3726 +0.0721 |          0.0713
[INFO    ][2026-07-23 13:30:05][utils.mpc_utils     ][cem                      ] new mean: tensor([ 0.0495, -0.0514, -0.0807,  0.5038], device='cuda:0') tensor([0.1289, 0.1371, 0.1265, 1.2429], device='cuda:0')
[INFO    ][2026-07-23 13:30:11][utils.mpc_utils     ][cem                      ] new mean: tensor([ 0.0493, -0.0627, -0.0838,  0.4336], device='cuda:0') tensor([0.1115, 0.1182, 0.1110, 1.0256], device='cuda:0')
[INFO    ][2026-07-23 13:30:18][utils.mpc_utils     ][cem                      ] new mean: tensor([ 0.0574, -0.0536, -0.1012,  0.1165], device='cuda:0') tensor([0.1009, 0.1067, 0.0962, 0.7951], device='cuda:0')
[INFO    ][2026-07-23 13:30:24][utils.mpc_utils     ][cem                      ] new mean: tensor([ 0.0685, -0.0868, -0.0974,  0.4822], device='cuda:0') tensor([0.0869, 0.0954, 0.0839, 0.6193], device='cuda:0')
[INFO    ][2026-07-23 13:30:31][utils.mpc_utils     ][cem                      ] new mean: tensor([ 0.0786, -0.0605, -0.0791,  0.4167], device='cuda:0') tensor([0.0740, 0.0900, 0.0742, 0.4287], device='cuda:0')
[INFO    ][2026-07-23 13:30:38][utils.mpc_utils     ][cem                      ] new mean: tensor([ 0.0728,  0.0131, -0.0362,  0.0674], device='cuda:0') tensor([0.1262, 0.1423, 0.1279, 1.1417], device='cuda:0')
[INFO    ][2026-07-23 13:30:44][utils.mpc_utils     ][cem                      ] new mean: tensor([ 0.0975, -0.0355, -0.0538, -0.1677], device='cuda:0') tensor([0.1063, 0.1272, 0.1081, 0.6652], device='cuda:0')
[INFO    ][2026-07-23 13:30:51][utils.mpc_utils     ][cem                      ] new mean: tensor([ 0.1030, -0.0744, -0.0480, -0.3134], device='cuda:0') tensor([0.0914, 0.1126, 0.0920, 0.4087], device='cuda:0')
[INFO    ][2026-07-23 13:30:57][utils.mpc_utils     ][cem                      ] new mean: tensor([ 0.0875, -0.0266, -0.0371, -0.2214], device='cuda:0') tensor([0.0840, 0.0999, 0.0775, 0.3315], device='cuda:0')
[INFO    ][2026-07-23 13:31:04][utils.mpc_utils     ][cem                      ] new mean: tensor([ 0.0989, -0.0209, -0.0662, -0.2700], device='cuda:0') tensor([0.0748, 0.0890, 0.0716, 0.3630], device='cuda:0')
     8 |  0.2963 -0.0001 |  0.3960 +0.0955 |          0.1082
[INFO    ][2026-07-23 13:31:11][utils.mpc_utils     ][cem                      ] new mean: tensor([ 0.0139, -0.0019, -0.0395, -0.4004], device='cuda:0') tensor([0.1285, 0.1393, 0.1314, 1.1043], device='cuda:0')
[INFO    ][2026-07-23 13:31:17][utils.mpc_utils     ][cem                      ] new mean: tensor([ 0.0209,  0.0215, -0.0411, -0.5169], device='cuda:0') tensor([0.1079, 0.1307, 0.1211, 0.7277], device='cuda:0')
[INFO    ][2026-07-23 13:31:24][utils.mpc_utils     ][cem                      ] new mean: tensor([ 0.0122,  0.0413, -0.0642, -0.6959], device='cuda:0') tensor([0.0944, 0.1139, 0.1068, 0.6580], device='cuda:0')
[INFO    ][2026-07-23 13:31:30][utils.mpc_utils     ][cem                      ] new mean: tensor([-0.0148,  0.0397, -0.0700, -0.8515], device='cuda:0') tensor([0.0810, 0.1018, 0.0943, 0.5407], device='cuda:0')
[INFO    ][2026-07-23 13:31:37][utils.mpc_utils     ][cem                      ] new mean: tensor([-0.0174,  0.0711, -0.0829, -0.8973], device='cuda:0') tensor([0.0708, 0.0911, 0.0826, 0.4386], device='cuda:0')
[INFO    ][2026-07-23 13:31:44][utils.mpc_utils     ][cem                      ] new mean: tensor([-0.0190, -0.0149, -0.0462, -0.7934], device='cuda:0') tensor([0.1359, 0.1401, 0.1328, 0.8862], device='cuda:0')
[INFO    ][2026-07-23 13:31:50][utils.mpc_utils     ][cem                      ] new mean: tensor([-0.0149,  0.0103, -0.0346, -1.1694], device='cuda:0') tensor([0.1175, 0.1312, 0.1164, 0.4105], device='cuda:0')
[INFO    ][2026-07-23 13:31:57][utils.mpc_utils     ][cem                      ] new mean: tensor([ 0.0100,  0.0694, -0.0561, -1.1566], device='cuda:0') tensor([0.0997, 0.1169, 0.1082, 0.3173], device='cuda:0')
[INFO    ][2026-07-23 13:32:03][utils.mpc_utils     ][cem                      ] new mean: tensor([ 0.0110,  0.0640, -0.0554, -1.1765], device='cuda:0') tensor([0.0862, 0.1053, 0.0994, 0.2627], device='cuda:0')
[INFO    ][2026-07-23 13:32:10][utils.mpc_utils     ][cem                      ] new mean: tensor([ 0.0068,  0.0583, -0.0588, -1.1955], device='cuda:0') tensor([0.0751, 0.0993, 0.0876, 0.2487], device='cuda:0')
    16 |  0.3104 +0.0140 |  0.4054 +0.1049 |          0.1173
[INFO    ][2026-07-23 13:32:17][utils.mpc_utils     ][cem                      ] new mean: tensor([-0.0233, -0.0240,  0.0203, -0.7337], device='cuda:0') tensor([0.1309, 0.1356, 0.1285, 0.8321], device='cuda:0')
[INFO    ][2026-07-23 13:32:23][utils.mpc_utils     ][cem                      ] new mean: tensor([-0.0493, -0.0156,  0.0029, -0.8022], device='cuda:0') tensor([0.1161, 0.1274, 0.1103, 0.6034], device='cuda:0')
[INFO    ][2026-07-23 13:32:30][utils.mpc_utils     ][cem                      ] new mean: tensor([-5.4517e-02,  3.9454e-04, -4.4465e-03, -5.9542e-01], device='cuda:0') tensor([0.1023, 0.1226, 0.0995, 0.5482], device='cuda:0')
[INFO    ][2026-07-23 13:32:37][utils.mpc_utils     ][cem                      ] new mean: tensor([-5.1502e-02, -6.7147e-03,  2.3113e-04, -5.4925e-01], device='cuda:0') tensor([0.0928, 0.1130, 0.0881, 0.4810], device='cuda:0')
[INFO    ][2026-07-23 13:32:43][utils.mpc_utils     ][cem                      ] new mean: tensor([-0.0424,  0.0062,  0.0065, -0.7222], device='cuda:0') tensor([0.0820, 0.1080, 0.0786, 0.3762], device='cuda:0')
[INFO    ][2026-07-23 13:32:50][utils.mpc_utils     ][cem                      ] new mean: tensor([-0.0509,  0.0153, -0.0032, -0.2734], device='cuda:0') tensor([0.1287, 0.1417, 0.1339, 1.0442], device='cuda:0')
[INFO    ][2026-07-23 13:32:57][utils.mpc_utils     ][cem                      ] new mean: tensor([-0.0611,  0.0040, -0.0395, -0.5996], device='cuda:0') tensor([0.1134, 0.1270, 0.1191, 0.7493], device='cuda:0')
[INFO    ][2026-07-23 13:33:03][utils.mpc_utils     ][cem                      ] new mean: tensor([-0.0521,  0.0052, -0.0209, -0.5885], device='cuda:0') tensor([0.0982, 0.1182, 0.1077, 0.6283], device='cuda:0')
[INFO    ][2026-07-23 13:33:10][utils.mpc_utils     ][cem                      ] new mean: tensor([-0.0428,  0.0100, -0.0121, -0.8559], device='cuda:0') tensor([0.0923, 0.1104, 0.0934, 0.4859], device='cuda:0')
[INFO    ][2026-07-23 13:33:16][utils.mpc_utils     ][cem                      ] new mean: tensor([-0.0276,  0.0396, -0.0300, -0.7802], device='cuda:0') tensor([0.0840, 0.1041, 0.0869, 0.4338], device='cuda:0')
    32 |  0.3081 +0.0118 |  0.4171 +0.1166 |          0.1223
[INFO    ][2026-07-23 13:33:23][utils.mpc_utils     ][cem                      ] new mean: tensor([ 0.0149, -0.0290, -0.0714, -0.0484], device='cuda:0') tensor([0.1308, 0.1371, 0.1288, 1.3668], device='cuda:0')
[INFO    ][2026-07-23 13:33:30][utils.mpc_utils     ][cem                      ] new mean: tensor([ 0.0323, -0.0747, -0.0834, -0.1709], device='cuda:0') tensor([0.1097, 0.1178, 0.1101, 0.9043], device='cuda:0')
[INFO    ][2026-07-23 13:33:36][utils.mpc_utils     ][cem                      ] new mean: tensor([ 0.0405, -0.0592, -0.0603, -0.0411], device='cuda:0') tensor([0.0901, 0.1049, 0.0957, 0.5647], device='cuda:0')
[INFO    ][2026-07-23 13:33:43][utils.mpc_utils     ][cem                      ] new mean: tensor([ 0.0654, -0.0348, -0.0698, -0.1498], device='cuda:0') tensor([0.0773, 0.0908, 0.0877, 0.5033], device='cuda:0')
[INFO    ][2026-07-23 13:33:49][utils.mpc_utils     ][cem                      ] new mean: tensor([ 0.0823, -0.0196, -0.0898, -0.2473], device='cuda:0') tensor([0.0708, 0.0771, 0.0785, 0.3990], device='cuda:0')
[INFO    ][2026-07-23 13:33:56][utils.mpc_utils     ][cem                      ] new mean: tensor([ 0.0475, -0.0307, -0.0454,  0.0126], device='cuda:0') tensor([0.1292, 0.1317, 0.1274, 1.2860], device='cuda:0')
[INFO    ][2026-07-23 13:34:03][utils.mpc_utils     ][cem                      ] new mean: tensor([ 0.0343, -0.0486, -0.0581, -0.1720], device='cuda:0') tensor([0.1062, 0.1147, 0.1078, 0.7665], device='cuda:0')
[INFO    ][2026-07-23 13:34:09][utils.mpc_utils     ][cem                      ] new mean: tensor([ 0.0629, -0.0513, -0.0789, -0.2430], device='cuda:0') tensor([0.0928, 0.1016, 0.0918, 0.6450], device='cuda:0')
[INFO    ][2026-07-23 13:34:16][utils.mpc_utils     ][cem                      ] new mean: tensor([ 0.0839, -0.0276, -0.0946, -0.4187], device='cuda:0') tensor([0.0852, 0.0856, 0.0767, 0.3582], device='cuda:0')
[INFO    ][2026-07-23 13:34:22][utils.mpc_utils     ][cem                      ] new mean: tensor([ 0.1260, -0.0293, -0.0942, -0.3195], device='cuda:0') tensor([0.0683, 0.0772, 0.0702, 0.3177], device='cuda:0')
    64 |  0.3118 +0.0154 |  0.4217 +0.1212 |          0.1274
[INFO    ][2026-07-23 13:34:29][utils.mpc_utils     ][cem                      ] new mean: tensor([ 0.0081, -0.0126, -0.0369, -0.0102], device='cuda:0') tensor([0.1281, 0.1374, 0.1288, 1.2923], device='cuda:0')
[INFO    ][2026-07-23 13:34:36][utils.mpc_utils     ][cem                      ] new mean: tensor([ 0.0253, -0.0510, -0.0596, -0.3213], device='cuda:0') tensor([0.1093, 0.1256, 0.1172, 0.8916], device='cuda:0')
[INFO    ][2026-07-23 13:34:42][utils.mpc_utils     ][cem                      ] new mean: tensor([ 0.0225, -0.0590, -0.0632, -0.3770], device='cuda:0') tensor([0.0911, 0.1075, 0.1017, 0.6747], device='cuda:0')
[INFO    ][2026-07-23 13:34:49][utils.mpc_utils     ][cem                      ] new mean: tensor([ 0.0300, -0.0632, -0.0648, -0.4368], device='cuda:0') tensor([0.0776, 0.0946, 0.0902, 0.4699], device='cuda:0')
[INFO    ][2026-07-23 13:34:55][utils.mpc_utils     ][cem                      ] new mean: tensor([ 0.0350, -0.0694, -0.0847, -0.4254], device='cuda:0') tensor([0.0728, 0.0856, 0.0804, 0.6266], device='cuda:0')
[INFO    ][2026-07-23 13:35:02][utils.mpc_utils     ][cem                      ] new mean: tensor([ 0.0070, -0.0017, -0.0060, -0.2395], device='cuda:0') tensor([0.1288, 0.1409, 0.1327, 1.3578], device='cuda:0')
[INFO    ][2026-07-23 13:35:09][utils.mpc_utils     ][cem                      ] new mean: tensor([ 0.0020, -0.0196, -0.0115, -0.2066], device='cuda:0') tensor([0.1102, 0.1317, 0.1173, 0.9474], device='cuda:0')
[INFO    ][2026-07-23 13:35:15][utils.mpc_utils     ][cem                      ] new mean: tensor([ 0.0068, -0.0598, -0.0249, -0.3765], device='cuda:0') tensor([0.0969, 0.1149, 0.0954, 0.9102], device='cuda:0')
[INFO    ][2026-07-23 13:35:22][utils.mpc_utils     ][cem                      ] new mean: tensor([ 0.0258, -0.0892, -0.0513, -0.7105], device='cuda:0') tensor([0.0850, 0.0966, 0.0857, 0.5803], device='cuda:0')
[INFO    ][2026-07-23 13:35:28][utils.mpc_utils     ][cem                      ] new mean: tensor([ 0.0124, -0.0848, -0.0316, -0.5994], device='cuda:0') tensor([0.0775, 0.0882, 0.0764, 0.5970], device='cuda:0')
   119 |  0.3438 +0.0474 |  0.4307 +0.1302 |          0.1929
  (v2 verdict wants a column that RISES with t, spread >> jitter; flat everywhere = certificate stays dead on this substrate)
[INFO    ][2026-07-23 13:35:40][utils.mpc_utils     ][cem                      ] new mean: tensor([ 0.0062, -0.0247, -0.0163, -0.0844], device='cuda:0') tensor([0.1316, 0.1318, 0.1279, 1.3308], device='cuda:0')
[INFO    ][2026-07-23 13:35:46][utils.mpc_utils     ][cem                      ] new mean: tensor([ 0.0257, -0.0220, -0.0202,  0.2737], device='cuda:0') tensor([0.1150, 0.1220, 0.1123, 1.0507], device='cuda:0')
[INFO    ][2026-07-23 13:35:53][utils.mpc_utils     ][cem                      ] new mean: tensor([ 0.0521, -0.0237, -0.0036,  0.1412], device='cuda:0') tensor([0.0999, 0.1136, 0.0977, 0.7876], device='cuda:0')
[INFO    ][2026-07-23 13:35:59][utils.mpc_utils     ][cem                      ] new mean: tensor([ 0.0317, -0.0361,  0.0056,  0.0252], device='cuda:0') tensor([0.0869, 0.1074, 0.0879, 0.7159], device='cuda:0')
[INFO    ][2026-07-23 13:36:06][utils.mpc_utils     ][cem                      ] new mean: tensor([ 0.0236, -0.0102,  0.0202,  0.0429], device='cuda:0') tensor([0.0788, 0.0953, 0.0782, 0.7784], device='cuda:0')
[INFO    ][2026-07-23 13:36:13][utils.mpc_utils     ][cem                      ] new mean: tensor([ 0.0220, -0.0033, -0.0165, -0.1348], device='cuda:0') tensor([0.1271, 0.1365, 0.1281, 1.3326], device='cuda:0')
[INFO    ][2026-07-23 13:36:19][utils.mpc_utils     ][cem                      ] new mean: tensor([ 0.0111, -0.0199,  0.0016,  0.1340], device='cuda:0') tensor([0.1111, 0.1247, 0.1131, 1.0051], device='cuda:0')
[INFO    ][2026-07-23 13:36:26][utils.mpc_utils     ][cem                      ] new mean: tensor([ 0.0270, -0.0520, -0.0162, -0.1483], device='cuda:0') tensor([0.1003, 0.1099, 0.0983, 0.8194], device='cuda:0')
[INFO    ][2026-07-23 13:36:32][utils.mpc_utils     ][cem                      ] new mean: tensor([ 0.0343, -0.0247, -0.0193, -0.0830], device='cuda:0') tensor([0.0885, 0.1010, 0.0859, 0.8313], device='cuda:0')
[INFO    ][2026-07-23 13:36:39][utils.mpc_utils     ][cem                      ] new mean: tensor([ 0.0468, -0.0059, -0.0016, -0.0818], device='cuda:0') tensor([0.0776, 0.0912, 0.0791, 0.7843], device='cuda:0')

==== C*-V2 LADDERS: droid_ep010.npz (T=119) ====
  self-floor: pooled=0.2998  token=0.3024
     t |  pooled   p-cal |   token   t-cal | raw pooled dist
[INFO    ][2026-07-23 13:36:46][utils.mpc_utils     ][cem                      ] new mean: tensor([-0.0132,  0.0217, -0.0250, -0.0359], device='cuda:0') tensor([0.1329, 0.1396, 0.1307, 1.3913], device='cuda:0')
[INFO    ][2026-07-23 13:36:52][utils.mpc_utils     ][cem                      ] new mean: tensor([-0.0285,  0.0417, -0.0236,  0.3702], device='cuda:0') tensor([0.1189, 0.1257, 0.1139, 0.9050], device='cuda:0')
[INFO    ][2026-07-23 13:36:59][utils.mpc_utils     ][cem                      ] new mean: tensor([-0.0433,  0.0220, -0.0151,  0.4253], device='cuda:0') tensor([0.1005, 0.1192, 0.0994, 0.9148], device='cuda:0')
[INFO    ][2026-07-23 13:37:05][utils.mpc_utils     ][cem                      ] new mean: tensor([-0.0291,  0.0108,  0.0070,  0.4332], device='cuda:0') tensor([0.0937, 0.1106, 0.0829, 0.8149], device='cuda:0')
[INFO    ][2026-07-23 13:37:12][utils.mpc_utils     ][cem                      ] new mean: tensor([-0.0016,  0.0109,  0.0004,  0.0982], device='cuda:0') tensor([0.0873, 0.0994, 0.0757, 0.6179], device='cuda:0')
[INFO    ][2026-07-23 13:37:19][utils.mpc_utils     ][cem                      ] new mean: tensor([-0.0079,  0.0190, -0.0028, -0.0992], device='cuda:0') tensor([0.1325, 0.1399, 0.1283, 1.3310], device='cuda:0')
[INFO    ][2026-07-23 13:37:25][utils.mpc_utils     ][cem                      ] new mean: tensor([ 0.0090,  0.0084,  0.0191, -0.0312], device='cuda:0') tensor([0.1190, 0.1326, 0.1120, 1.0744], device='cuda:0')
[INFO    ][2026-07-23 13:37:32][utils.mpc_utils     ][cem                      ] new mean: tensor([-0.0073, -0.0232,  0.0181, -0.2145], device='cuda:0') tensor([0.1058, 0.1205, 0.0954, 0.7467], device='cuda:0')
[INFO    ][2026-07-23 13:37:38][utils.mpc_utils     ][cem                      ] new mean: tensor([ 0.0015,  0.0017,  0.0025, -0.2179], device='cuda:0') tensor([0.0917, 0.1105, 0.0825, 0.5747], device='cuda:0')
[INFO    ][2026-07-23 13:37:45][utils.mpc_utils     ][cem                      ] new mean: tensor([-0.0069,  0.0121,  0.0074, -0.2371], device='cuda:0') tensor([0.0845, 0.1014, 0.0779, 0.4973], device='cuda:0')
     1 |  0.2802 -0.0196 |  0.3406 +0.0382 |          0.0823
[INFO    ][2026-07-23 13:37:52][utils.mpc_utils     ][cem                      ] new mean: tensor([-0.0035, -0.0196, -0.0053,  0.2282], device='cuda:0') tensor([0.1313, 0.1352, 0.1295, 1.2154], device='cuda:0')
[INFO    ][2026-07-23 13:37:58][utils.mpc_utils     ][cem                      ] new mean: tensor([-0.0194, -0.0082, -0.0111, -0.2505], device='cuda:0') tensor([0.1180, 0.1274, 0.1127, 0.8832], device='cuda:0')
[INFO    ][2026-07-23 13:38:05][utils.mpc_utils     ][cem                      ] new mean: tensor([-0.0107, -0.0153, -0.0037, -0.2001], device='cuda:0') tensor([0.1071, 0.1187, 0.0996, 0.6796], device='cuda:0')
[INFO    ][2026-07-23 13:38:11][utils.mpc_utils     ][cem                      ] new mean: tensor([-0.0088, -0.0346,  0.0064, -0.2345], device='cuda:0') tensor([0.0956, 0.1120, 0.0910, 0.5736], device='cuda:0')
[INFO    ][2026-07-23 13:38:18][utils.mpc_utils     ][cem                      ] new mean: tensor([-0.0012, -0.0170,  0.0021, -0.1640], device='cuda:0') tensor([0.0867, 0.1018, 0.0802, 0.5975], device='cuda:0')
[INFO    ][2026-07-23 13:38:25][utils.mpc_utils     ][cem                      ] new mean: tensor([ 0.0044, -0.0336,  0.0057, -0.2954], device='cuda:0') tensor([0.1302, 0.1365, 0.1266, 1.2059], device='cuda:0')
[INFO    ][2026-07-23 13:38:31][utils.mpc_utils     ][cem                      ] new mean: tensor([-0.0139, -0.0462,  0.0196, -0.3461], device='cuda:0') tensor([0.1135, 0.1195, 0.1102, 0.8502], device='cuda:0')
[INFO    ][2026-07-23 13:38:38][utils.mpc_utils     ][cem                      ] new mean: tensor([-0.0238, -0.0228,  0.0141, -0.3966], device='cuda:0') tensor([0.1014, 0.1106, 0.0965, 0.6688], device='cuda:0')
[INFO    ][2026-07-23 13:38:44][utils.mpc_utils     ][cem                      ] new mean: tensor([-0.0142, -0.0271,  0.0046, -0.3138], device='cuda:0') tensor([0.0923, 0.1055, 0.0878, 0.5898], device='cuda:0')
[INFO    ][2026-07-23 13:38:51][utils.mpc_utils     ][cem                      ] new mean: tensor([-0.0083,  0.0042,  0.0149, -0.2685], device='cuda:0') tensor([0.0835, 0.0983, 0.0799, 0.4817], device='cuda:0')
     2 |  0.2984 -0.0014 |  0.3475 +0.0451 |          0.0838
[INFO    ][2026-07-23 13:38:58][utils.mpc_utils     ][cem                      ] new mean: tensor([-0.0172, -0.0126, -0.0018, -0.1407], device='cuda:0') tensor([0.1321, 0.1399, 0.1297, 1.3729], device='cuda:0')
[INFO    ][2026-07-23 13:39:04][utils.mpc_utils     ][cem                      ] new mean: tensor([-0.0275,  0.0126, -0.0262,  0.0209], device='cuda:0') tensor([0.1146, 0.1315, 0.1118, 1.0369], device='cuda:0')
[INFO    ][2026-07-23 13:39:11][utils.mpc_utils     ][cem                      ] new mean: tensor([-0.0178,  0.0124, -0.0172,  0.2076], device='cuda:0') tensor([0.0990, 0.1214, 0.0983, 0.8306], device='cuda:0')
[INFO    ][2026-07-23 13:39:17][utils.mpc_utils     ][cem                      ] new mean: tensor([-0.0048,  0.0049, -0.0140, -0.0613], device='cuda:0') tensor([0.0942, 0.1127, 0.0881, 0.7527], device='cuda:0')
[INFO    ][2026-07-23 13:39:24][utils.mpc_utils     ][cem                      ] new mean: tensor([-0.0111,  0.0074, -0.0052,  0.1462], device='cuda:0') tensor([0.0882, 0.1047, 0.0748, 0.8173], device='cuda:0')
[INFO    ][2026-07-23 13:39:31][utils.mpc_utils     ][cem                      ] new mean: tensor([-0.0265,  0.0050, -0.0037, -0.2710], device='cuda:0') tensor([0.1330, 0.1398, 0.1288, 1.2906], device='cuda:0')
[INFO    ][2026-07-23 13:39:37][utils.mpc_utils     ][cem                      ] new mean: tensor([-0.0250,  0.0327, -0.0161,  0.1155], device='cuda:0') tensor([0.1158, 0.1248, 0.1110, 0.9921], device='cuda:0')
[INFO    ][2026-07-23 13:39:44][utils.mpc_utils     ][cem                      ] new mean: tensor([-0.0023,  0.0423, -0.0114,  0.0839], device='cuda:0') tensor([0.1030, 0.1122, 0.1005, 0.9616], device='cuda:0')
[INFO    ][2026-07-23 13:39:51][utils.mpc_utils     ][cem                      ] new mean: tensor([0.0049, 0.0172, 0.0010, 0.1572], device='cuda:0') tensor([0.0948, 0.1032, 0.0904, 0.8656], device='cuda:0')
[INFO    ][2026-07-23 13:39:57][utils.mpc_utils     ][cem                      ] new mean: tensor([ 0.0220,  0.0216, -0.0116,  0.1437], device='cuda:0') tensor([0.0841, 0.0933, 0.0827, 0.7948], device='cuda:0')
     4 |  0.3207 +0.0209 |  0.3670 +0.0646 |          0.0870
[INFO    ][2026-07-23 13:40:04][utils.mpc_utils     ][cem                      ] new mean: tensor([0.0634, 0.0359, 0.0788, 0.1545], device='cuda:0') tensor([0.1314, 0.1373, 0.1297, 1.3418], device='cuda:0')
[INFO    ][2026-07-23 13:40:11][utils.mpc_utils     ][cem                      ] new mean: tensor([0.0775, 0.0736, 0.0800, 0.1162], device='cuda:0') tensor([0.1169, 0.1195, 0.1100, 1.0814], device='cuda:0')
[INFO    ][2026-07-23 13:40:17][utils.mpc_utils     ][cem                      ] new mean: tensor([0.0465, 0.0701, 0.0697, 0.3366], device='cuda:0') tensor([0.1012, 0.1092, 0.0982, 0.9118], device='cuda:0')
[INFO    ][2026-07-23 13:40:24][utils.mpc_utils     ][cem                      ] new mean: tensor([0.0525, 0.0612, 0.0439, 0.0661], device='cuda:0') tensor([0.0872, 0.0968, 0.0877, 0.9063], device='cuda:0')
[INFO    ][2026-07-23 13:40:30][utils.mpc_utils     ][cem                      ] new mean: tensor([0.0591, 0.0453, 0.0436, 0.0091], device='cuda:0') tensor([0.0791, 0.0864, 0.0755, 0.7497], device='cuda:0')
[INFO    ][2026-07-23 13:40:37][utils.mpc_utils     ][cem                      ] new mean: tensor([0.0230, 0.0488, 0.0133, 0.0846], device='cuda:0') tensor([0.1273, 0.1349, 0.1261, 1.4075], device='cuda:0')
[INFO    ][2026-07-23 13:40:44][utils.mpc_utils     ][cem                      ] new mean: tensor([0.0311, 0.0705, 0.0212, 0.2865], device='cuda:0') tensor([0.1104, 0.1235, 0.1087, 0.9710], device='cuda:0')
[INFO    ][2026-07-23 13:40:50][utils.mpc_utils     ][cem                      ] new mean: tensor([0.0514, 0.0596, 0.0214, 0.2218], device='cuda:0') tensor([0.0906, 0.1139, 0.0954, 0.9312], device='cuda:0')
[INFO    ][2026-07-23 13:40:57][utils.mpc_utils     ][cem                      ] new mean: tensor([0.0413, 0.0317, 0.0211, 0.2098], device='cuda:0') tensor([0.0770, 0.0963, 0.0836, 0.7797], device='cuda:0')
[INFO    ][2026-07-23 13:41:03][utils.mpc_utils     ][cem                      ] new mean: tensor([0.0579, 0.0503, 0.0177, 0.3271], device='cuda:0') tensor([0.0681, 0.0924, 0.0737, 0.7617], device='cuda:0')
     8 |  0.3261 +0.0263 |  0.4166 +0.1142 |          0.1352
[INFO    ][2026-07-23 13:41:10][utils.mpc_utils     ][cem                      ] new mean: tensor([-0.0258,  0.0118,  0.0394, -0.3632], device='cuda:0') tensor([0.1394, 0.1399, 0.1259, 1.2679], device='cuda:0')
[INFO    ][2026-07-23 13:41:17][utils.mpc_utils     ][cem                      ] new mean: tensor([ 0.0359,  0.0670,  0.0592, -0.0875], device='cuda:0') tensor([0.1306, 0.1217, 0.1096, 0.6969], device='cuda:0')
[INFO    ][2026-07-23 13:41:23][utils.mpc_utils     ][cem                      ] new mean: tensor([ 0.0681,  0.0778,  0.0556, -0.2976], device='cuda:0') tensor([0.1112, 0.1079, 0.0945, 0.5284], device='cuda:0')
[INFO    ][2026-07-23 13:41:30][utils.mpc_utils     ][cem                      ] new mean: tensor([ 0.0661,  0.0977,  0.0445, -0.4360], device='cuda:0') tensor([0.1002, 0.0932, 0.0784, 0.4190], device='cuda:0')
[INFO    ][2026-07-23 13:41:36][utils.mpc_utils     ][cem                      ] new mean: tensor([ 0.0680,  0.1241,  0.0223, -0.4892], device='cuda:0') tensor([0.0892, 0.0756, 0.0648, 0.3438], device='cuda:0')
[INFO    ][2026-07-23 13:41:43][utils.mpc_utils     ][cem                      ] new mean: tensor([ 0.0445,  0.0417,  0.0532, -0.1394], device='cuda:0') tensor([0.1360, 0.1325, 0.1270, 1.3612], device='cuda:0')
[INFO    ][2026-07-23 13:41:50][utils.mpc_utils     ][cem                      ] new mean: tensor([ 0.0620,  0.0678,  0.0689, -0.6602], device='cuda:0') tensor([0.1120, 0.1146, 0.1082, 0.8922], device='cuda:0')
[INFO    ][2026-07-23 13:41:56][utils.mpc_utils     ][cem                      ] new mean: tensor([ 0.0778,  0.0874,  0.0590, -0.8530], device='cuda:0') tensor([0.1000, 0.1013, 0.0934, 0.5921], device='cuda:0')
[INFO    ][2026-07-23 13:42:03][utils.mpc_utils     ][cem                      ] new mean: tensor([ 0.0639,  0.0838,  0.0322, -0.8181], device='cuda:0') tensor([0.0903, 0.0899, 0.0785, 0.4698], device='cuda:0')
[INFO    ][2026-07-23 13:42:09][utils.mpc_utils     ][cem                      ] new mean: tensor([ 0.0575,  0.1055,  0.0213, -1.0144], device='cuda:0') tensor([0.0822, 0.0789, 0.0666, 0.3580], device='cuda:0')
    16 |  0.3811 +0.0814 |  0.4804 +0.1780 |          0.2591
[INFO    ][2026-07-23 13:42:16][utils.mpc_utils     ][cem                      ] new mean: tensor([0.0540, 0.0169, 0.0498, 0.2905], device='cuda:0') tensor([0.1258, 0.1407, 0.1342, 1.2736], device='cuda:0')
[INFO    ][2026-07-23 13:42:23][utils.mpc_utils     ][cem                      ] new mean: tensor([ 0.0710,  0.0165,  0.0210, -0.0913], device='cuda:0') tensor([0.1057, 0.1340, 0.1154, 0.9693], device='cuda:0')
[INFO    ][2026-07-23 13:42:29][utils.mpc_utils     ][cem                      ] new mean: tensor([0.0723, 0.0705, 0.0123, 0.0008], device='cuda:0') tensor([0.0890, 0.1209, 0.1075, 0.8556], device='cuda:0')
[INFO    ][2026-07-23 13:42:36][utils.mpc_utils     ][cem                      ] new mean: tensor([ 0.0724,  0.1132,  0.0202, -0.1215], device='cuda:0') tensor([0.0800, 0.1022, 0.0959, 0.7451], device='cuda:0')
[INFO    ][2026-07-23 13:42:42][utils.mpc_utils     ][cem                      ] new mean: tensor([0.0812, 0.0875, 0.0112, 0.0239], device='cuda:0') tensor([0.0722, 0.0906, 0.0851, 0.6257], device='cuda:0')
[INFO    ][2026-07-23 13:42:49][utils.mpc_utils     ][cem                      ] new mean: tensor([ 0.0557,  0.0588,  0.0545, -0.0479], device='cuda:0') tensor([0.1303, 0.1352, 0.1267, 1.1185], device='cuda:0')
[INFO    ][2026-07-23 13:42:56][utils.mpc_utils     ][cem                      ] new mean: tensor([ 0.0806,  0.0625,  0.0306, -0.1591], device='cuda:0') tensor([0.1112, 0.1260, 0.1115, 0.8930], device='cuda:0')
[INFO    ][2026-07-23 13:43:02][utils.mpc_utils     ][cem                      ] new mean: tensor([ 0.0733,  0.0518,  0.0422, -0.2057], device='cuda:0') tensor([0.0993, 0.1218, 0.1005, 0.7585], device='cuda:0')
[INFO    ][2026-07-23 13:43:09][utils.mpc_utils     ][cem                      ] new mean: tensor([ 0.0792,  0.0580,  0.0025, -0.1251], device='cuda:0') tensor([0.0887, 0.1130, 0.0871, 0.6956], device='cuda:0')
[INFO    ][2026-07-23 13:43:15][utils.mpc_utils     ][cem                      ] new mean: tensor([ 0.0613,  0.0650,  0.0018, -0.0925], device='cuda:0') tensor([0.0800, 0.1059, 0.0825, 0.6183], device='cuda:0')
    32 |  0.4157 +0.1159 |  0.5007 +0.1983 |          0.3472
[INFO    ][2026-07-23 13:43:22][utils.mpc_utils     ][cem                      ] new mean: tensor([ 0.0704,  0.0340,  0.0106, -0.1437], device='cuda:0') tensor([0.1284, 0.1397, 0.1321, 1.2643], device='cuda:0')
[INFO    ][2026-07-23 13:43:29][utils.mpc_utils     ][cem                      ] new mean: tensor([ 0.0827,  0.0793, -0.0138, -0.4355], device='cuda:0') tensor([0.1101, 0.1203, 0.1156, 0.8717], device='cuda:0')
[INFO    ][2026-07-23 13:43:35][utils.mpc_utils     ][cem                      ] new mean: tensor([ 0.0803,  0.1065, -0.0147, -0.3722], device='cuda:0') tensor([0.0981, 0.1032, 0.1010, 0.6298], device='cuda:0')
[INFO    ][2026-07-23 13:43:42][utils.mpc_utils     ][cem                      ] new mean: tensor([ 0.0713,  0.1009, -0.0042, -0.3436], device='cuda:0') tensor([0.0902, 0.0887, 0.0911, 0.5622], device='cuda:0')
[INFO    ][2026-07-23 13:43:48][utils.mpc_utils     ][cem                      ] new mean: tensor([ 0.0565,  0.0877, -0.0136, -0.1300], device='cuda:0') tensor([0.0778, 0.0762, 0.0837, 0.4869], device='cuda:0')
[INFO    ][2026-07-23 13:43:55][utils.mpc_utils     ][cem                      ] new mean: tensor([ 0.0888,  0.0070, -0.0090, -0.3059], device='cuda:0') tensor([0.1265, 0.1405, 0.1417, 1.1777], device='cuda:0')
[INFO    ][2026-07-23 13:44:02][utils.mpc_utils     ][cem                      ] new mean: tensor([ 0.0927,  0.0162, -0.0065, -0.2036], device='cuda:0') tensor([0.1039, 0.1298, 0.1279, 0.9354], device='cuda:0')
[INFO    ][2026-07-23 13:44:08][utils.mpc_utils     ][cem                      ] new mean: tensor([ 0.0900,  0.0466, -0.0321, -0.1818], device='cuda:0') tensor([0.0898, 0.1106, 0.1044, 0.8179], device='cuda:0')
[INFO    ][2026-07-23 13:44:15][utils.mpc_utils     ][cem                      ] new mean: tensor([ 0.0946,  0.0561, -0.0252,  0.0257], device='cuda:0') tensor([0.0758, 0.0961, 0.0906, 0.6789], device='cuda:0')
[INFO    ][2026-07-23 13:44:21][utils.mpc_utils     ][cem                      ] new mean: tensor([ 0.0718,  0.0542, -0.0368,  0.1409], device='cuda:0') tensor([0.0681, 0.0841, 0.0836, 0.6423], device='cuda:0')
    64 |  0.4295 +0.1297 |  0.5175 +0.2151 |          0.3935
[INFO    ][2026-07-23 13:44:28][utils.mpc_utils     ][cem                      ] new mean: tensor([ 0.0466,  0.0511, -0.0019, -0.0043], device='cuda:0') tensor([0.1265, 0.1294, 0.1305, 1.3073], device='cuda:0')
[INFO    ][2026-07-23 13:44:35][utils.mpc_utils     ][cem                      ] new mean: tensor([ 0.0755,  0.0744, -0.0057,  0.0923], device='cuda:0') tensor([0.1092, 0.1104, 0.1164, 1.2071], device='cuda:0')
[INFO    ][2026-07-23 13:44:41][utils.mpc_utils     ][cem                      ] new mean: tensor([0.0685, 0.0537, 0.0130, 0.2421], device='cuda:0') tensor([0.0946, 0.0919, 0.1039, 0.9434], device='cuda:0')
[INFO    ][2026-07-23 13:44:48][utils.mpc_utils     ][cem                      ] new mean: tensor([0.0566, 0.0411, 0.0274, 0.0542], device='cuda:0') tensor([0.0831, 0.0814, 0.0887, 0.8740], device='cuda:0')
[INFO    ][2026-07-23 13:44:54][utils.mpc_utils     ][cem                      ] new mean: tensor([0.0758, 0.0602, 0.0270, 0.3807], device='cuda:0') tensor([0.0747, 0.0754, 0.0769, 0.9172], device='cuda:0')
[INFO    ][2026-07-23 13:45:01][utils.mpc_utils     ][cem                      ] new mean: tensor([0.0525, 0.0197, 0.0466, 0.2823], device='cuda:0') tensor([0.1288, 0.1321, 0.1334, 1.2112], device='cuda:0')
[INFO    ][2026-07-23 13:45:08][utils.mpc_utils     ][cem                      ] new mean: tensor([0.0387, 0.0402, 0.0328, 0.2469], device='cuda:0') tensor([0.1055, 0.1139, 0.1152, 0.8486], device='cuda:0')
[INFO    ][2026-07-23 13:45:14][utils.mpc_utils     ][cem                      ] new mean: tensor([0.0521, 0.0482, 0.0211, 0.3669], device='cuda:0') tensor([0.0912, 0.0963, 0.0998, 0.5044], device='cuda:0')
[INFO    ][2026-07-23 13:45:21][utils.mpc_utils     ][cem                      ] new mean: tensor([ 0.0628,  0.0434, -0.0049,  0.3929], device='cuda:0') tensor([0.0815, 0.0822, 0.0879, 0.4671], device='cuda:0')
[INFO    ][2026-07-23 13:45:27][utils.mpc_utils     ][cem                      ] new mean: tensor([ 0.0575,  0.0435, -0.0073,  0.4401], device='cuda:0') tensor([0.0723, 0.0729, 0.0780, 0.3023], device='cuda:0')
   118 |  0.3256 +0.0258 |  0.4356 +0.1332 |          0.1414
  (v2 verdict wants a column that RISES with t, spread >> jitter; flat everywhere = certificate stays dead on this substrate)
[INFO    ][2026-07-23 13:45:39][utils.mpc_utils     ][cem                      ] new mean: tensor([-0.0128, -0.0169,  0.0043, -0.1043], device='cuda:0') tensor([0.1311, 0.1339, 0.1291, 1.3301], device='cuda:0')
[INFO    ][2026-07-23 13:45:46][utils.mpc_utils     ][cem                      ] new mean: tensor([-0.0024, -0.0208, -0.0021, -0.3631], device='cuda:0') tensor([0.1128, 0.1227, 0.1149, 1.0693], device='cuda:0')
[INFO    ][2026-07-23 13:45:52][utils.mpc_utils     ][cem                      ] new mean: tensor([-0.0104, -0.0192, -0.0237, -0.4176], device='cuda:0') tensor([0.1014, 0.1116, 0.0999, 0.8504], device='cuda:0')
[INFO    ][2026-07-23 13:45:59][utils.mpc_utils     ][cem                      ] new mean: tensor([ 0.0047, -0.0136, -0.0084, -0.3406], device='cuda:0') tensor([0.0879, 0.1010, 0.0925, 0.7463], device='cuda:0')
[INFO    ][2026-07-23 13:46:05][utils.mpc_utils     ][cem                      ] new mean: tensor([ 0.0102, -0.0182, -0.0058, -0.3447], device='cuda:0') tensor([0.0790, 0.0952, 0.0818, 0.6632], device='cuda:0')
[INFO    ][2026-07-23 13:46:12][utils.mpc_utils     ][cem                      ] new mean: tensor([ 0.0173, -0.0195,  0.0505,  0.0093], device='cuda:0') tensor([0.1273, 0.1293, 0.1320, 1.4205], device='cuda:0')
[INFO    ][2026-07-23 13:46:19][utils.mpc_utils     ][cem                      ] new mean: tensor([ 0.0246, -0.0112,  0.0482, -0.1511], device='cuda:0') tensor([0.1100, 0.1220, 0.1169, 1.0540], device='cuda:0')
[INFO    ][2026-07-23 13:46:25][utils.mpc_utils     ][cem                      ] new mean: tensor([ 0.0468, -0.0124,  0.0387, -0.3567], device='cuda:0') tensor([0.0968, 0.1131, 0.0980, 0.8071], device='cuda:0')
[INFO    ][2026-07-23 13:46:32][utils.mpc_utils     ][cem                      ] new mean: tensor([ 0.0343, -0.0112,  0.0245, -0.5719], device='cuda:0') tensor([0.0873, 0.1058, 0.0896, 0.8576], device='cuda:0')
[INFO    ][2026-07-23 13:46:39][utils.mpc_utils     ][cem                      ] new mean: tensor([ 0.0347, -0.0147,  0.0298, -0.6074], device='cuda:0') tensor([0.0824, 0.0925, 0.0814, 0.7299], device='cuda:0')

==== C*-V2 LADDERS: droid_ep011.npz (T=135) ====
  self-floor: pooled=0.3133  token=0.2887
     t |  pooled   p-cal |   token   t-cal | raw pooled dist
[INFO    ][2026-07-23 13:46:45][utils.mpc_utils     ][cem                      ] new mean: tensor([-0.0035, -0.0042, -0.0141, -0.0358], device='cuda:0') tensor([0.1326, 0.1362, 0.1279, 1.2853], device='cuda:0')
[INFO    ][2026-07-23 13:46:52][utils.mpc_utils     ][cem                      ] new mean: tensor([ 0.0038, -0.0087,  0.0117, -0.0563], device='cuda:0') tensor([0.1150, 0.1260, 0.1132, 0.9120], device='cuda:0')
[INFO    ][2026-07-23 13:46:59][utils.mpc_utils     ][cem                      ] new mean: tensor([-0.0031, -0.0071, -0.0082, -0.1646], device='cuda:0') tensor([0.0975, 0.1158, 0.1024, 0.8790], device='cuda:0')
[INFO    ][2026-07-23 13:47:05][utils.mpc_utils     ][cem                      ] new mean: tensor([-0.0035,  0.0065, -0.0129, -0.1143], device='cuda:0') tensor([0.0902, 0.1089, 0.0937, 0.8189], device='cuda:0')
[INFO    ][2026-07-23 13:47:12][utils.mpc_utils     ][cem                      ] new mean: tensor([-0.0257,  0.0144, -0.0071, -0.1471], device='cuda:0') tensor([0.0796, 0.0991, 0.0859, 0.9016], device='cuda:0')
[INFO    ][2026-07-23 13:47:18][utils.mpc_utils     ][cem                      ] new mean: tensor([ 0.0211, -0.0103,  0.0190,  0.0560], device='cuda:0') tensor([0.1292, 0.1308, 0.1278, 1.2306], device='cuda:0')
[INFO    ][2026-07-23 13:47:25][utils.mpc_utils     ][cem                      ] new mean: tensor([ 0.0254, -0.0372,  0.0567,  0.1562], device='cuda:0') tensor([0.1148, 0.1205, 0.1098, 1.0667], device='cuda:0')
[INFO    ][2026-07-23 13:47:32][utils.mpc_utils     ][cem                      ] new mean: tensor([ 0.0434, -0.0272, -0.0068,  0.1014], device='cuda:0') tensor([0.0983, 0.1059, 0.0976, 0.9006], device='cuda:0')
[INFO    ][2026-07-23 13:47:38][utils.mpc_utils     ][cem                      ] new mean: tensor([ 0.0343, -0.0273,  0.0106,  0.0643], device='cuda:0') tensor([0.0904, 0.0985, 0.0879, 0.7952], device='cuda:0')
[INFO    ][2026-07-23 13:47:45][utils.mpc_utils     ][cem                      ] new mean: tensor([ 0.0411, -0.0313, -0.0012, -0.1411], device='cuda:0') tensor([0.0813, 0.0929, 0.0827, 0.7725], device='cuda:0')
     1 |  0.3309 +0.0176 |  0.3549 +0.0661 |          0.0657
[INFO    ][2026-07-23 13:47:52][utils.mpc_utils     ][cem                      ] new mean: tensor([-0.0058,  0.0082,  0.0185,  0.1357], device='cuda:0') tensor([0.1286, 0.1342, 0.1339, 1.1688], device='cuda:0')
[INFO    ][2026-07-23 13:47:58][utils.mpc_utils     ][cem                      ] new mean: tensor([-0.0245, -0.0180,  0.0179,  0.0459], device='cuda:0') tensor([0.1128, 0.1285, 0.1158, 1.2110], device='cuda:0')
[INFO    ][2026-07-23 13:48:05][utils.mpc_utils     ][cem                      ] new mean: tensor([ 0.0175, -0.0385, -0.0042, -0.0122], device='cuda:0') tensor([0.1021, 0.1186, 0.1059, 1.0298], device='cuda:0')
[INFO    ][2026-07-23 13:48:11][utils.mpc_utils     ][cem                      ] new mean: tensor([ 0.0097, -0.0594, -0.0194, -0.1891], device='cuda:0') tensor([0.0920, 0.1083, 0.0928, 0.8519], device='cuda:0')
[INFO    ][2026-07-23 13:48:18][utils.mpc_utils     ][cem                      ] new mean: tensor([-0.0165, -0.0386, -0.0128, -0.3336], device='cuda:0') tensor([0.0768, 0.0996, 0.0821, 0.7851], device='cuda:0')
[INFO    ][2026-07-23 13:48:25][utils.mpc_utils     ][cem                      ] new mean: tensor([ 7.2050e-05,  1.4883e-02,  6.4897e-03, -4.0816e-01], device='cuda:0') tensor([0.1295, 0.1383, 0.1319, 1.3966], device='cuda:0')
[INFO    ][2026-07-23 13:48:31][utils.mpc_utils     ][cem                      ] new mean: tensor([ 0.0129,  0.0201, -0.0203, -0.4233], device='cuda:0') tensor([0.1133, 0.1302, 0.1204, 1.0620], device='cuda:0')
[INFO    ][2026-07-23 13:48:38][utils.mpc_utils     ][cem                      ] new mean: tensor([ 2.0296e-03, -3.9997e-04, -3.3601e-02, -5.4198e-01], device='cuda:0') tensor([0.1015, 0.1178, 0.1008, 0.8403], device='cuda:0')
[INFO    ][2026-07-23 13:48:44][utils.mpc_utils     ][cem                      ] new mean: tensor([ 0.0139,  0.0090, -0.0257, -0.6532], device='cuda:0') tensor([0.0949, 0.1081, 0.0876, 0.6830], device='cuda:0')
[INFO    ][2026-07-23 13:48:51][utils.mpc_utils     ][cem                      ] new mean: tensor([ 0.0089,  0.0151, -0.0267, -0.6238], device='cuda:0') tensor([0.0827, 0.0982, 0.0770, 0.5825], device='cuda:0')
     2 |  0.3363 +0.0230 |  0.3548 +0.0660 |          0.0884
[INFO    ][2026-07-23 13:48:58][utils.mpc_utils     ][cem                      ] new mean: tensor([0.0011, 0.0038, 0.0147, 0.0075], device='cuda:0') tensor([0.1269, 0.1372, 0.1308, 1.1759], device='cuda:0')
[INFO    ][2026-07-23 13:49:04][utils.mpc_utils     ][cem                      ] new mean: tensor([ 1.5177e-04,  1.1871e-02,  1.7992e-02, -1.5232e-01], device='cuda:0') tensor([0.1149, 0.1288, 0.1164, 0.9539], device='cuda:0')
[INFO    ][2026-07-23 13:49:11][utils.mpc_utils     ][cem                      ] new mean: tensor([ 0.0013,  0.0177,  0.0073, -0.4103], device='cuda:0') tensor([0.1015, 0.1118, 0.1040, 0.9802], device='cuda:0')
[INFO    ][2026-07-23 13:49:18][utils.mpc_utils     ][cem                      ] new mean: tensor([-0.0022,  0.0262,  0.0245, -0.5672], device='cuda:0') tensor([0.0894, 0.1022, 0.0976, 0.8108], device='cuda:0')
[INFO    ][2026-07-23 13:49:24][utils.mpc_utils     ][cem                      ] new mean: tensor([ 0.0020,  0.0102,  0.0231, -0.7973], device='cuda:0') tensor([0.0809, 0.0915, 0.0907, 0.5762], device='cuda:0')
[INFO    ][2026-07-23 13:49:31][utils.mpc_utils     ][cem                      ] new mean: tensor([ 0.0118,  0.0293,  0.0194, -0.7056], device='cuda:0') tensor([0.1324, 0.1347, 0.1308, 1.1405], device='cuda:0')
[INFO    ][2026-07-23 13:49:38][utils.mpc_utils     ][cem                      ] new mean: tensor([-0.0026, -0.0309,  0.0062, -0.4842], device='cuda:0') tensor([0.1182, 0.1260, 0.1155, 1.0524], device='cuda:0')
[INFO    ][2026-07-23 13:49:44][utils.mpc_utils     ][cem                      ] new mean: tensor([-0.0015, -0.0452, -0.0033, -0.5254], device='cuda:0') tensor([0.1051, 0.1162, 0.1036, 0.7898], device='cuda:0')
[INFO    ][2026-07-23 13:49:51][utils.mpc_utils     ][cem                      ] new mean: tensor([-0.0039, -0.0267, -0.0129, -0.4569], device='cuda:0') tensor([0.0941, 0.1056, 0.0922, 0.6691], device='cuda:0')
[INFO    ][2026-07-23 13:49:57][utils.mpc_utils     ][cem                      ] new mean: tensor([ 0.0080, -0.0146, -0.0114, -0.5904], device='cuda:0') tensor([0.0885, 0.0966, 0.0811, 0.4993], device='cuda:0')
     4 |  0.3386 +0.0253 |  0.3662 +0.0774 |          0.0921
[INFO    ][2026-07-23 13:50:04][utils.mpc_utils     ][cem                      ] new mean: tensor([ 0.0056, -0.0012,  0.0021, -0.0930], device='cuda:0') tensor([0.1338, 0.1413, 0.1339, 1.2410], device='cuda:0')
[INFO    ][2026-07-23 13:50:11][utils.mpc_utils     ][cem                      ] new mean: tensor([-0.0291, -0.0065, -0.0169,  0.0234], device='cuda:0') tensor([0.1111, 0.1257, 0.1119, 0.7601], device='cuda:0')
[INFO    ][2026-07-23 13:50:17][utils.mpc_utils     ][cem                      ] new mean: tensor([-0.0206, -0.0025, -0.0186, -0.1176], device='cuda:0') tensor([0.1007, 0.1144, 0.1000, 0.6925], device='cuda:0')
[INFO    ][2026-07-23 13:50:24][utils.mpc_utils     ][cem                      ] new mean: tensor([-0.0288,  0.0176, -0.0061, -0.1537], device='cuda:0') tensor([0.0889, 0.1032, 0.0862, 0.6682], device='cuda:0')
[INFO    ][2026-07-23 13:50:30][utils.mpc_utils     ][cem                      ] new mean: tensor([-0.0113,  0.0214, -0.0217,  0.0163], device='cuda:0') tensor([0.0808, 0.0971, 0.0776, 0.4407], device='cuda:0')
[INFO    ][2026-07-23 13:50:37][utils.mpc_utils     ][cem                      ] new mean: tensor([0.0060, 0.0351, 0.0215, 0.3755], device='cuda:0') tensor([0.1319, 0.1344, 0.1327, 1.2960], device='cuda:0')
[INFO    ][2026-07-23 13:50:44][utils.mpc_utils     ][cem                      ] new mean: tensor([ 0.0246,  0.0238, -0.0095,  0.2273], device='cuda:0') tensor([0.1145, 0.1203, 0.1186, 1.0251], device='cuda:0')
[INFO    ][2026-07-23 13:50:50][utils.mpc_utils     ][cem                      ] new mean: tensor([-0.0009,  0.0428, -0.0114, -0.0074], device='cuda:0') tensor([0.1032, 0.1125, 0.1074, 0.9196], device='cuda:0')
[INFO    ][2026-07-23 13:50:57][utils.mpc_utils     ][cem                      ] new mean: tensor([-0.0086,  0.0258, -0.0307, -0.1251], device='cuda:0') tensor([0.0932, 0.1012, 0.0946, 0.7118], device='cuda:0')
[INFO    ][2026-07-23 13:51:03][utils.mpc_utils     ][cem                      ] new mean: tensor([ 2.2916e-02,  1.6265e-04, -3.2403e-02, -2.7287e-01], device='cuda:0') tensor([0.0809, 0.0915, 0.0828, 0.5811], device='cuda:0')
     8 |  0.3249 +0.0116 |  0.3804 +0.0916 |          0.0877
[INFO    ][2026-07-23 13:51:10][utils.mpc_utils     ][cem                      ] new mean: tensor([ 0.0192,  0.0439,  0.0484, -0.4203], device='cuda:0') tensor([0.1311, 0.1354, 0.1319, 1.1196], device='cuda:0')
[INFO    ][2026-07-23 13:51:17][utils.mpc_utils     ][cem                      ] new mean: tensor([ 0.0393,  0.0697,  0.0357, -0.7043], device='cuda:0') tensor([0.1195, 0.1271, 0.1150, 0.7815], device='cuda:0')
[INFO    ][2026-07-23 13:51:23][utils.mpc_utils     ][cem                      ] new mean: tensor([ 0.0623,  0.0912,  0.0472, -0.5809], device='cuda:0') tensor([0.1088, 0.1129, 0.0978, 0.6668], device='cuda:0')
[INFO    ][2026-07-23 13:51:30][utils.mpc_utils     ][cem                      ] new mean: tensor([ 0.0673,  0.0745,  0.0295, -0.4530], device='cuda:0') tensor([0.1008, 0.0982, 0.0896, 0.5044], device='cuda:0')
[INFO    ][2026-07-23 13:51:37][utils.mpc_utils     ][cem                      ] new mean: tensor([ 0.0518,  0.0638,  0.0321, -0.4591], device='cuda:0') tensor([0.0944, 0.0893, 0.0843, 0.3264], device='cuda:0')
[INFO    ][2026-07-23 13:51:43][utils.mpc_utils     ][cem                      ] new mean: tensor([ 0.0370,  0.0493,  0.0528, -0.6144], device='cuda:0') tensor([0.1374, 0.1326, 0.1292, 1.0030], device='cuda:0')
[INFO    ][2026-07-23 13:51:50][utils.mpc_utils     ][cem                      ] new mean: tensor([ 0.0508,  0.0690,  0.0514, -0.7071], device='cuda:0') tensor([0.1255, 0.1190, 0.1140, 0.7876], device='cuda:0')
[INFO    ][2026-07-23 13:51:56][utils.mpc_utils     ][cem                      ] new mean: tensor([ 0.0451,  0.0651,  0.0208, -0.5874], device='cuda:0') tensor([0.1142, 0.1029, 0.1022, 0.7034], device='cuda:0')
[INFO    ][2026-07-23 13:52:03][utils.mpc_utils     ][cem                      ] new mean: tensor([ 0.0210,  0.0877,  0.0214, -0.4434], device='cuda:0') tensor([0.1035, 0.0923, 0.0943, 0.6772], device='cuda:0')
[INFO    ][2026-07-23 13:52:10][utils.mpc_utils     ][cem                      ] new mean: tensor([ 0.0059,  0.0761,  0.0273, -0.6030], device='cuda:0') tensor([0.0916, 0.0853, 0.0881, 0.6136], device='cuda:0')
    16 |  0.3621 +0.0488 |  0.4182 +0.1294 |          0.1225
[INFO    ][2026-07-23 13:52:16][utils.mpc_utils     ][cem                      ] new mean: tensor([-0.0598, -0.0608, -0.0444,  0.3801], device='cuda:0') tensor([0.1226, 0.1306, 0.1342, 1.2879], device='cuda:0')
[INFO    ][2026-07-23 13:52:23][utils.mpc_utils     ][cem                      ] new mean: tensor([-0.0694, -0.0565, -0.0651, -0.0065], device='cuda:0') tensor([0.1067, 0.1175, 0.1178, 0.9897], device='cuda:0')
[INFO    ][2026-07-23 13:52:30][utils.mpc_utils     ][cem                      ] new mean: tensor([-0.0668, -0.0385, -0.0432, -0.4572], device='cuda:0') tensor([0.0959, 0.1010, 0.0992, 0.7504], device='cuda:0')
[INFO    ][2026-07-23 13:52:36][utils.mpc_utils     ][cem                      ] new mean: tensor([-0.0687, -0.0287, -0.0509, -0.4858], device='cuda:0') tensor([0.0839, 0.0889, 0.0882, 0.6890], device='cuda:0')
[INFO    ][2026-07-23 13:52:43][utils.mpc_utils     ][cem                      ] new mean: tensor([-0.0651, -0.0114, -0.0726, -0.5291], device='cuda:0') tensor([0.0762, 0.0756, 0.0793, 0.5372], device='cuda:0')
[INFO    ][2026-07-23 13:52:49][utils.mpc_utils     ][cem                      ] new mean: tensor([-0.0830, -0.0566, -0.0173, -0.2914], device='cuda:0') tensor([0.1267, 0.1319, 0.1339, 1.0573], device='cuda:0')
[INFO    ][2026-07-23 13:52:56][utils.mpc_utils     ][cem                      ] new mean: tensor([-0.0827, -0.0697, -0.0508,  0.0138], device='cuda:0') tensor([0.1065, 0.1175, 0.1116, 0.8039], device='cuda:0')
[INFO    ][2026-07-23 13:53:03][utils.mpc_utils     ][cem                      ] new mean: tensor([-0.1169, -0.0625, -0.0401, -0.1832], device='cuda:0') tensor([0.0886, 0.1033, 0.0945, 0.6008], device='cuda:0')
[INFO    ][2026-07-23 13:53:09][utils.mpc_utils     ][cem                      ] new mean: tensor([-0.0997, -0.0497, -0.0416, -0.2418], device='cuda:0') tensor([0.0772, 0.0899, 0.0821, 0.4887], device='cuda:0')
[INFO    ][2026-07-23 13:53:16][utils.mpc_utils     ][cem                      ] new mean: tensor([-0.0845, -0.0438, -0.0303, -0.2819], device='cuda:0') tensor([0.0723, 0.0796, 0.0695, 0.4095], device='cuda:0')
    32 |  0.3599 +0.0466 |  0.4497 +0.1609 |          0.1618
[INFO    ][2026-07-23 13:53:22][utils.mpc_utils     ][cem                      ] new mean: tensor([-0.0685, -0.0130, -0.0566, -0.0821], device='cuda:0') tensor([0.1246, 0.1423, 0.1321, 1.3478], device='cuda:0')
[INFO    ][2026-07-23 13:53:29][utils.mpc_utils     ][cem                      ] new mean: tensor([-0.0794, -0.0235, -0.0773, -0.5448], device='cuda:0') tensor([0.1095, 0.1275, 0.1159, 0.9652], device='cuda:0')
[INFO    ][2026-07-23 13:53:36][utils.mpc_utils     ][cem                      ] new mean: tensor([-0.0638, -0.0068, -0.0876, -0.5988], device='cuda:0') tensor([0.0931, 0.1132, 0.1028, 0.7576], device='cuda:0')
[INFO    ][2026-07-23 13:53:42][utils.mpc_utils     ][cem                      ] new mean: tensor([-0.0389,  0.0146, -0.0954, -0.4891], device='cuda:0') tensor([0.0828, 0.1009, 0.0922, 0.6048], device='cuda:0')
[INFO    ][2026-07-23 13:53:49][utils.mpc_utils     ][cem                      ] new mean: tensor([-5.0739e-02, -4.8389e-04, -1.0203e-01, -6.2703e-01], device='cuda:0') tensor([0.0745, 0.0949, 0.0809, 0.5473], device='cuda:0')
[INFO    ][2026-07-23 13:53:56][utils.mpc_utils     ][cem                      ] new mean: tensor([-0.0699,  0.0067, -0.0501, -0.1211], device='cuda:0') tensor([0.1234, 0.1329, 0.1322, 1.3320], device='cuda:0')
[INFO    ][2026-07-23 13:54:02][utils.mpc_utils     ][cem                      ] new mean: tensor([-0.0977,  0.0011, -0.0899, -0.8014], device='cuda:0') tensor([0.1064, 0.1201, 0.1125, 0.8915], device='cuda:0')
[INFO    ][2026-07-23 13:54:09][utils.mpc_utils     ][cem                      ] new mean: tensor([-0.1031,  0.0123, -0.0884, -0.9422], device='cuda:0') tensor([0.0940, 0.1009, 0.0983, 0.6244], device='cuda:0')
[INFO    ][2026-07-23 13:54:15][utils.mpc_utils     ][cem                      ] new mean: tensor([-0.0953,  0.0111, -0.0643, -1.1240], device='cuda:0') tensor([0.0810, 0.0900, 0.0863, 0.3603], device='cuda:0')
[INFO    ][2026-07-23 13:54:22][utils.mpc_utils     ][cem                      ] new mean: tensor([-0.0743,  0.0169, -0.0567, -1.2114], device='cuda:0') tensor([0.0721, 0.0828, 0.0824, 0.2663], device='cuda:0')
    64 |  0.3766 +0.0633 |  0.4568 +0.1681 |          0.1986
[INFO    ][2026-07-23 13:54:29][utils.mpc_utils     ][cem                      ] new mean: tensor([ 0.0074,  0.0428, -0.0800, -0.1207], device='cuda:0') tensor([0.1319, 0.1264, 0.1277, 1.3488], device='cuda:0')
[INFO    ][2026-07-23 13:54:35][utils.mpc_utils     ][cem                      ] new mean: tensor([ 0.0179,  0.0339, -0.0750, -0.2684], device='cuda:0') tensor([0.1136, 0.1061, 0.1084, 1.0581], device='cuda:0')
[INFO    ][2026-07-23 13:54:42][utils.mpc_utils     ][cem                      ] new mean: tensor([ 0.0224,  0.0781, -0.0659, -0.2292], device='cuda:0') tensor([0.0970, 0.0935, 0.0945, 0.8790], device='cuda:0')
[INFO    ][2026-07-23 13:54:48][utils.mpc_utils     ][cem                      ] new mean: tensor([ 0.0151,  0.0766, -0.0786, -0.2396], device='cuda:0') tensor([0.0891, 0.0859, 0.0855, 0.7257], device='cuda:0')
[INFO    ][2026-07-23 13:54:55][utils.mpc_utils     ][cem                      ] new mean: tensor([ 0.0204,  0.0711, -0.0668, -0.0126], device='cuda:0') tensor([0.0831, 0.0787, 0.0758, 0.6596], device='cuda:0')
[INFO    ][2026-07-23 13:55:02][utils.mpc_utils     ][cem                      ] new mean: tensor([ 0.0751,  0.0400, -0.0637,  0.3679], device='cuda:0') tensor([0.1296, 0.1296, 0.1281, 1.3370], device='cuda:0')
[INFO    ][2026-07-23 13:55:08][utils.mpc_utils     ][cem                      ] new mean: tensor([ 0.0789,  0.0567, -0.0582,  0.1427], device='cuda:0') tensor([0.1081, 0.1109, 0.1081, 1.2559], device='cuda:0')
[INFO    ][2026-07-23 13:55:15][utils.mpc_utils     ][cem                      ] new mean: tensor([ 0.0463,  0.0678, -0.0690,  0.0113], device='cuda:0') tensor([0.0992, 0.0956, 0.0905, 1.0434], device='cuda:0')
[INFO    ][2026-07-23 13:55:21][utils.mpc_utils     ][cem                      ] new mean: tensor([ 0.0240,  0.0735, -0.0655, -0.1756], device='cuda:0') tensor([0.0882, 0.0867, 0.0827, 0.8161], device='cuda:0')
[INFO    ][2026-07-23 13:55:28][utils.mpc_utils     ][cem                      ] new mean: tensor([ 0.0224,  0.0852, -0.0787, -0.2427], device='cuda:0') tensor([0.0795, 0.0785, 0.0743, 0.7514], device='cuda:0')
   134 |  0.3780 +0.0647 |  0.4793 +0.1905 |          0.2794
  (v2 verdict wants a column that RISES with t, spread >> jitter; flat everywhere = certificate stays dead on this substrate)
[INFO    ][2026-07-23 13:55:38][utils.mpc_utils     ][cem                      ] new mean: tensor([-0.0068, -0.0148, -0.0446, -0.4435], device='cuda:0') tensor([0.1328, 0.1318, 0.1353, 0.9429], device='cuda:0')
[INFO    ][2026-07-23 13:55:44][utils.mpc_utils     ][cem                      ] new mean: tensor([-0.0147, -0.0164, -0.0458, -0.4778], device='cuda:0') tensor([0.1194, 0.1201, 0.1195, 0.6881], device='cuda:0')
[INFO    ][2026-07-23 13:55:51][utils.mpc_utils     ][cem                      ] new mean: tensor([-0.0152, -0.0284, -0.0293, -0.3045], device='cuda:0') tensor([0.1056, 0.1071, 0.1076, 0.4766], device='cuda:0')
[INFO    ][2026-07-23 13:55:57][utils.mpc_utils     ][cem                      ] new mean: tensor([ 0.0058,  0.0057, -0.0344, -0.3106], device='cuda:0') tensor([0.0962, 0.0940, 0.0984, 0.3230], device='cuda:0')
[INFO    ][2026-07-23 13:56:04][utils.mpc_utils     ][cem                      ] new mean: tensor([ 0.0080,  0.0169, -0.0116, -0.3489], device='cuda:0') tensor([0.0869, 0.0850, 0.0891, 0.4665], device='cuda:0')
[INFO    ][2026-07-23 13:56:11][utils.mpc_utils     ][cem                      ] new mean: tensor([ 0.0181, -0.0223, -0.0557, -0.3973], device='cuda:0') tensor([0.1346, 0.1301, 0.1322, 1.1860], device='cuda:0')
[INFO    ][2026-07-23 13:56:17][utils.mpc_utils     ][cem                      ] new mean: tensor([ 0.0094, -0.0216, -0.0703, -0.3072], device='cuda:0') tensor([0.1161, 0.1162, 0.1193, 0.6836], device='cuda:0')
[INFO    ][2026-07-23 13:56:24][utils.mpc_utils     ][cem                      ] new mean: tensor([ 0.0107, -0.0216, -0.0341, -0.3193], device='cuda:0') tensor([0.1043, 0.1060, 0.1015, 0.6742], device='cuda:0')
[INFO    ][2026-07-23 13:56:30][utils.mpc_utils     ][cem                      ] new mean: tensor([ 0.0212, -0.0067, -0.0125, -0.3656], device='cuda:0') tensor([0.0948, 0.0960, 0.0902, 0.4909], device='cuda:0')
[INFO    ][2026-07-23 13:56:37][utils.mpc_utils     ][cem                      ] new mean: tensor([ 0.0163, -0.0024, -0.0084, -0.3024], device='cuda:0') tensor([0.0828, 0.0909, 0.0802, 0.4556], device='cuda:0')

==== C*-V2 LADDERS: droid_ep012.npz (T=72) ====
  self-floor: pooled=0.2335  token=0.2698
     t |  pooled   p-cal |   token   t-cal | raw pooled dist
[INFO    ][2026-07-23 13:56:44][utils.mpc_utils     ][cem                      ] new mean: tensor([ 0.0012, -0.0282, -0.0657, -0.9286], device='cuda:0') tensor([0.1389, 0.1321, 0.1297, 0.7294], device='cuda:0')
[INFO    ][2026-07-23 13:56:50][utils.mpc_utils     ][cem                      ] new mean: tensor([-0.0288, -0.0397, -0.0493, -0.8959], device='cuda:0') tensor([0.1244, 0.1142, 0.1078, 0.6004], device='cuda:0')
[INFO    ][2026-07-23 13:56:57][utils.mpc_utils     ][cem                      ] new mean: tensor([-0.0128, -0.0352, -0.0615, -0.9049], device='cuda:0') tensor([0.1058, 0.1011, 0.0952, 0.3659], device='cuda:0')
[INFO    ][2026-07-23 13:57:03][utils.mpc_utils     ][cem                      ] new mean: tensor([-0.0094, -0.0217, -0.0744, -0.8696], device='cuda:0') tensor([0.0928, 0.0816, 0.0840, 0.2938], device='cuda:0')
[INFO    ][2026-07-23 13:57:10][utils.mpc_utils     ][cem                      ] new mean: tensor([-0.0084, -0.0172, -0.0722, -0.7800], device='cuda:0') tensor([0.0808, 0.0654, 0.0770, 0.1791], device='cuda:0')
[INFO    ][2026-07-23 13:57:17][utils.mpc_utils     ][cem                      ] new mean: tensor([ 0.0154, -0.0248, -0.0550, -0.8173], device='cuda:0') tensor([0.1397, 0.1360, 0.1246, 0.8300], device='cuda:0')
[INFO    ][2026-07-23 13:57:23][utils.mpc_utils     ][cem                      ] new mean: tensor([-0.0204, -0.0329, -0.0840, -0.9361], device='cuda:0') tensor([0.1292, 0.1162, 0.1030, 0.6416], device='cuda:0')
[INFO    ][2026-07-23 13:57:30][utils.mpc_utils     ][cem                      ] new mean: tensor([-0.0162, -0.0576, -0.0756, -0.6204], device='cuda:0') tensor([0.1077, 0.0989, 0.0878, 0.6234], device='cuda:0')
[INFO    ][2026-07-23 13:57:36][utils.mpc_utils     ][cem                      ] new mean: tensor([-0.0026, -0.0491, -0.0770, -0.3839], device='cuda:0') tensor([0.0963, 0.0857, 0.0779, 0.4135], device='cuda:0')
[INFO    ][2026-07-23 13:57:43][utils.mpc_utils     ][cem                      ] new mean: tensor([-0.0037, -0.0341, -0.0770, -0.4380], device='cuda:0') tensor([0.0832, 0.0752, 0.0673, 0.4577], device='cuda:0')
     1 |  0.2423 +0.0088 |  0.3349 +0.0650 |          0.0559
[INFO    ][2026-07-23 13:57:50][utils.mpc_utils     ][cem                      ] new mean: tensor([ 0.0230, -0.0376, -0.0433, -0.7067], device='cuda:0') tensor([0.1376, 0.1396, 0.1355, 0.9198], device='cuda:0')
[INFO    ][2026-07-23 13:57:56][utils.mpc_utils     ][cem                      ] new mean: tensor([ 0.0155, -0.0159, -0.0263, -0.7773], device='cuda:0') tensor([0.1197, 0.1254, 0.1215, 0.7000], device='cuda:0')
[INFO    ][2026-07-23 13:58:03][utils.mpc_utils     ][cem                      ] new mean: tensor([ 0.0121,  0.0118, -0.0168, -0.8692], device='cuda:0') tensor([0.1047, 0.1113, 0.1098, 0.4955], device='cuda:0')
[INFO    ][2026-07-23 13:58:09][utils.mpc_utils     ][cem                      ] new mean: tensor([ 0.0134,  0.0128, -0.0044, -0.8067], device='cuda:0') tensor([0.0920, 0.0981, 0.0905, 0.3840], device='cuda:0')
[INFO    ][2026-07-23 13:58:16][utils.mpc_utils     ][cem                      ] new mean: tensor([ 0.0114,  0.0124,  0.0034, -0.7454], device='cuda:0') tensor([0.0824, 0.0870, 0.0799, 0.4053], device='cuda:0')
[INFO    ][2026-07-23 13:58:23][utils.mpc_utils     ][cem                      ] new mean: tensor([ 0.0082, -0.0072, -0.0441, -0.7180], device='cuda:0') tensor([0.1301, 0.1381, 0.1323, 0.8286], device='cuda:0')
[INFO    ][2026-07-23 13:58:29][utils.mpc_utils     ][cem                      ] new mean: tensor([ 0.0206,  0.0294, -0.0305, -0.6723], device='cuda:0') tensor([0.1160, 0.1214, 0.1194, 0.6806], device='cuda:0')
[INFO    ][2026-07-23 13:58:36][utils.mpc_utils     ][cem                      ] new mean: tensor([ 0.0450,  0.0029, -0.0106, -0.7702], device='cuda:0') tensor([0.0996, 0.1057, 0.1083, 0.4920], device='cuda:0')
[INFO    ][2026-07-23 13:58:43][utils.mpc_utils     ][cem                      ] new mean: tensor([ 0.0375, -0.0031, -0.0075, -0.7266], device='cuda:0') tensor([0.0886, 0.0959, 0.0977, 0.3442], device='cuda:0')
[INFO    ][2026-07-23 13:58:49][utils.mpc_utils     ][cem                      ] new mean: tensor([ 0.0229,  0.0011, -0.0021, -0.7882], device='cuda:0') tensor([0.0805, 0.0834, 0.0871, 0.3208], device='cuda:0')
     2 |  0.2601 +0.0266 |  0.3327 +0.0629 |          0.0717
[INFO    ][2026-07-23 13:58:56][utils.mpc_utils     ][cem                      ] new mean: tensor([-0.0120,  0.0229, -0.0375, -0.6113], device='cuda:0') tensor([0.1340, 0.1319, 0.1264, 0.9398], device='cuda:0')
[INFO    ][2026-07-23 13:59:02][utils.mpc_utils     ][cem                      ] new mean: tensor([ 0.0077,  0.0071, -0.0267, -0.6954], device='cuda:0') tensor([0.1165, 0.1177, 0.1112, 0.6890], device='cuda:0')
[INFO    ][2026-07-23 13:59:09][utils.mpc_utils     ][cem                      ] new mean: tensor([ 0.0150,  0.0128, -0.0055, -0.7266], device='cuda:0') tensor([0.1011, 0.1058, 0.1001, 0.5382], device='cuda:0')
[INFO    ][2026-07-23 13:59:16][utils.mpc_utils     ][cem                      ] new mean: tensor([ 0.0143,  0.0240,  0.0054, -0.4675], device='cuda:0') tensor([0.0902, 0.0953, 0.0909, 0.5473], device='cuda:0')
[INFO    ][2026-07-23 13:59:22][utils.mpc_utils     ][cem                      ] new mean: tensor([ 0.0179,  0.0305,  0.0044, -0.3777], device='cuda:0') tensor([0.0803, 0.0869, 0.0830, 0.3997], device='cuda:0')
[INFO    ][2026-07-23 13:59:29][utils.mpc_utils     ][cem                      ] new mean: tensor([ 0.0156,  0.0151, -0.0185, -0.5066], device='cuda:0') tensor([0.1300, 0.1348, 0.1288, 0.9570], device='cuda:0')
[INFO    ][2026-07-23 13:59:35][utils.mpc_utils     ][cem                      ] new mean: tensor([ 0.0177,  0.0328, -0.0274, -0.8096], device='cuda:0') tensor([0.1116, 0.1187, 0.1161, 0.6736], device='cuda:0')
[INFO    ][2026-07-23 13:59:42][utils.mpc_utils     ][cem                      ] new mean: tensor([ 0.0293,  0.0206, -0.0077, -0.7987], device='cuda:0') tensor([0.0941, 0.1085, 0.1048, 0.5410], device='cuda:0')
[INFO    ][2026-07-23 13:59:49][utils.mpc_utils     ][cem                      ] new mean: tensor([ 0.0319,  0.0180, -0.0099, -0.8332], device='cuda:0') tensor([0.0819, 0.0965, 0.0945, 0.4653], device='cuda:0')
[INFO    ][2026-07-23 13:59:55][utils.mpc_utils     ][cem                      ] new mean: tensor([ 0.0235,  0.0219, -0.0166, -0.8719], device='cuda:0') tensor([0.0711, 0.0901, 0.0838, 0.4148], device='cuda:0')
     4 |  0.2371 +0.0036 |  0.3306 +0.0607 |          0.0601
[INFO    ][2026-07-23 14:00:02][utils.mpc_utils     ][cem                      ] new mean: tensor([ 0.0213,  0.0070, -0.0361, -0.2154], device='cuda:0') tensor([0.1303, 0.1326, 0.1361, 1.1550], device='cuda:0')
[INFO    ][2026-07-23 14:00:09][utils.mpc_utils     ][cem                      ] new mean: tensor([-0.0122,  0.0166, -0.0060, -0.6736], device='cuda:0') tensor([0.1142, 0.1202, 0.1244, 0.5633], device='cuda:0')
[INFO    ][2026-07-23 14:00:15][utils.mpc_utils     ][cem                      ] new mean: tensor([ 0.0008,  0.0290, -0.0075, -0.7119], device='cuda:0') tensor([0.1009, 0.1080, 0.1080, 0.4135], device='cuda:0')
[INFO    ][2026-07-23 14:00:22][utils.mpc_utils     ][cem                      ] new mean: tensor([ 0.0095,  0.0304, -0.0034, -0.6158], device='cuda:0') tensor([0.0906, 0.0946, 0.0980, 0.4984], device='cuda:0')
[INFO    ][2026-07-23 14:00:28][utils.mpc_utils     ][cem                      ] new mean: tensor([ 0.0151,  0.0290,  0.0129, -0.6902], device='cuda:0') tensor([0.0800, 0.0867, 0.0903, 0.3831], device='cuda:0')
[INFO    ][2026-07-23 14:00:35][utils.mpc_utils     ][cem                      ] new mean: tensor([ 0.0013,  0.0322,  0.0052, -0.6541], device='cuda:0') tensor([0.1311, 0.1279, 0.1316, 1.0442], device='cuda:0')
[INFO    ][2026-07-23 14:00:42][utils.mpc_utils     ][cem                      ] new mean: tensor([ 0.0128,  0.0629, -0.0070, -0.7400], device='cuda:0') tensor([0.1162, 0.1133, 0.1157, 0.6720], device='cuda:0')
[INFO    ][2026-07-23 14:00:48][utils.mpc_utils     ][cem                      ] new mean: tensor([ 0.0116,  0.0538,  0.0154, -0.6711], device='cuda:0') tensor([0.1025, 0.0985, 0.0997, 0.5240], device='cuda:0')
[INFO    ][2026-07-23 14:00:55][utils.mpc_utils     ][cem                      ] new mean: tensor([ 0.0147,  0.0460,  0.0046, -0.5666], device='cuda:0') tensor([0.0914, 0.0832, 0.0854, 0.4533], device='cuda:0')
[INFO    ][2026-07-23 14:01:01][utils.mpc_utils     ][cem                      ] new mean: tensor([ 0.0433,  0.0614,  0.0062, -0.5970], device='cuda:0') tensor([0.0825, 0.0718, 0.0757, 0.3103], device='cuda:0')
     8 |  0.2277 -0.0058 |  0.3316 +0.0617 |          0.0637
[INFO    ][2026-07-23 14:01:08][utils.mpc_utils     ][cem                      ] new mean: tensor([-0.0613, -0.0278, -0.0355, -0.4752], device='cuda:0') tensor([0.1285, 0.1376, 0.1384, 0.9630], device='cuda:0')
[INFO    ][2026-07-23 14:01:15][utils.mpc_utils     ][cem                      ] new mean: tensor([-0.0918, -0.0517, -0.0588, -0.4320], device='cuda:0') tensor([0.1063, 0.1185, 0.1192, 0.5346], device='cuda:0')
[INFO    ][2026-07-23 14:01:21][utils.mpc_utils     ][cem                      ] new mean: tensor([-0.1053, -0.0644, -0.0677, -0.5636], device='cuda:0') tensor([0.0907, 0.0987, 0.1055, 0.4024], device='cuda:0')
[INFO    ][2026-07-23 14:01:28][utils.mpc_utils     ][cem                      ] new mean: tensor([-0.0957, -0.0665, -0.0514, -0.6177], device='cuda:0') tensor([0.0778, 0.0850, 0.0939, 0.2490], device='cuda:0')
[INFO    ][2026-07-23 14:01:34][utils.mpc_utils     ][cem                      ] new mean: tensor([-0.0781, -0.0357, -0.0246, -0.6034], device='cuda:0') tensor([0.0679, 0.0719, 0.0744, 0.2239], device='cuda:0')
[INFO    ][2026-07-23 14:01:41][utils.mpc_utils     ][cem                      ] new mean: tensor([-0.0649, -0.0106, -0.0566, -0.6072], device='cuda:0') tensor([0.1324, 0.1433, 0.1271, 1.0334], device='cuda:0')
[INFO    ][2026-07-23 14:01:48][utils.mpc_utils     ][cem                      ] new mean: tensor([-0.1091, -0.0361, -0.0673, -0.8083], device='cuda:0') tensor([0.1096, 0.1298, 0.1088, 0.6593], device='cuda:0')
[INFO    ][2026-07-23 14:01:54][utils.mpc_utils     ][cem                      ] new mean: tensor([-0.1169, -0.0526, -0.0767, -0.7953], device='cuda:0') tensor([0.0934, 0.1100, 0.0950, 0.5112], device='cuda:0')
[INFO    ][2026-07-23 14:02:01][utils.mpc_utils     ][cem                      ] new mean: tensor([-0.0892, -0.0658, -0.0680, -0.8931], device='cuda:0') tensor([0.0811, 0.0934, 0.0810, 0.3824], device='cuda:0')
[INFO    ][2026-07-23 14:02:07][utils.mpc_utils     ][cem                      ] new mean: tensor([-0.0403, -0.0574, -0.0696, -1.0942], device='cuda:0') tensor([0.0701, 0.0799, 0.0747, 0.2470], device='cuda:0')
    16 |  0.2515 +0.0180 |  0.3743 +0.1044 |          0.0882
[INFO    ][2026-07-23 14:02:14][utils.mpc_utils     ][cem                      ] new mean: tensor([ 0.0061,  0.0416, -0.0887, -0.4764], device='cuda:0') tensor([0.1411, 0.1415, 0.1220, 0.8364], device='cuda:0')
[INFO    ][2026-07-23 14:02:21][utils.mpc_utils     ][cem                      ] new mean: tensor([ 0.0362,  0.0693, -0.1042, -0.4627], device='cuda:0') tensor([0.1221, 0.1213, 0.1030, 0.4901], device='cuda:0')
[INFO    ][2026-07-23 14:02:27][utils.mpc_utils     ][cem                      ] new mean: tensor([ 0.0441,  0.0804, -0.0887, -0.5835], device='cuda:0') tensor([0.1051, 0.1041, 0.0888, 0.4222], device='cuda:0')
[INFO    ][2026-07-23 14:02:34][utils.mpc_utils     ][cem                      ] new mean: tensor([ 0.0718,  0.1038, -0.0774, -0.6284], device='cuda:0') tensor([0.0876, 0.0919, 0.0752, 0.2638], device='cuda:0')
[INFO    ][2026-07-23 14:02:41][utils.mpc_utils     ][cem                      ] new mean: tensor([ 0.0853,  0.1026, -0.0825, -0.6526], device='cuda:0') tensor([0.0768, 0.0788, 0.0692, 0.2595], device='cuda:0')
[INFO    ][2026-07-23 14:02:47][utils.mpc_utils     ][cem                      ] new mean: tensor([ 0.0294,  0.0218, -0.0535, -0.7405], device='cuda:0') tensor([0.1428, 0.1373, 0.1241, 0.8741], device='cuda:0')
[INFO    ][2026-07-23 14:02:54][utils.mpc_utils     ][cem                      ] new mean: tensor([ 0.0563,  0.0726, -0.0536, -1.0137], device='cuda:0') tensor([0.1245, 0.1194, 0.1061, 0.5287], device='cuda:0')
[INFO    ][2026-07-23 14:03:01][utils.mpc_utils     ][cem                      ] new mean: tensor([ 0.0671,  0.0990, -0.0402, -0.9103], device='cuda:0') tensor([0.1072, 0.0985, 0.0912, 0.4254], device='cuda:0')
[INFO    ][2026-07-23 14:03:07][utils.mpc_utils     ][cem                      ] new mean: tensor([ 0.0540,  0.1230, -0.0327, -0.9132], device='cuda:0') tensor([0.0925, 0.0825, 0.0802, 0.3469], device='cuda:0')
[INFO    ][2026-07-23 14:03:14][utils.mpc_utils     ][cem                      ] new mean: tensor([ 0.0478,  0.1257, -0.0156, -0.7941], device='cuda:0') tensor([0.0791, 0.0696, 0.0638, 0.2383], device='cuda:0')
    32 |  0.2631 +0.0296 |  0.3951 +0.1253 |          0.1005
[INFO    ][2026-07-23 14:03:21][utils.mpc_utils     ][cem                      ] new mean: tensor([-0.0319,  0.0210, -0.0406, -0.6954], device='cuda:0') tensor([0.1340, 0.1402, 0.1346, 0.9465], device='cuda:0')
[INFO    ][2026-07-23 14:03:27][utils.mpc_utils     ][cem                      ] new mean: tensor([-0.0544,  0.0595, -0.0637, -0.7228], device='cuda:0') tensor([0.1178, 0.1183, 0.1240, 0.6377], device='cuda:0')
[INFO    ][2026-07-23 14:03:34][utils.mpc_utils     ][cem                      ] new mean: tensor([-0.0494,  0.0805, -0.0921, -0.7961], device='cuda:0') tensor([0.1031, 0.1020, 0.1080, 0.5598], device='cuda:0')
[INFO    ][2026-07-23 14:03:40][utils.mpc_utils     ][cem                      ] new mean: tensor([-0.0790,  0.1099, -0.1234, -0.6125], device='cuda:0') tensor([0.0901, 0.0859, 0.0941, 0.3998], device='cuda:0')
[INFO    ][2026-07-23 14:03:47][utils.mpc_utils     ][cem                      ] new mean: tensor([-0.0731,  0.1404, -0.1180, -0.6393], device='cuda:0') tensor([0.0808, 0.0665, 0.0821, 0.4288], device='cuda:0')
[INFO    ][2026-07-23 14:03:54][utils.mpc_utils     ][cem                      ] new mean: tensor([-6.6008e-02, -1.8681e-04, -2.1760e-02, -4.6410e-01], device='cuda:0') tensor([0.1356, 0.1391, 0.1366, 0.8466], device='cuda:0')
[INFO    ][2026-07-23 14:04:00][utils.mpc_utils     ][cem                      ] new mean: tensor([-0.0903,  0.0275, -0.0395, -0.4390], device='cuda:0') tensor([0.1134, 0.1194, 0.1257, 0.6016], device='cuda:0')
[INFO    ][2026-07-23 14:04:07][utils.mpc_utils     ][cem                      ] new mean: tensor([-0.1113,  0.0696, -0.0598, -0.4864], device='cuda:0') tensor([0.0927, 0.1026, 0.1168, 0.4055], device='cuda:0')
[INFO    ][2026-07-23 14:04:13][utils.mpc_utils     ][cem                      ] new mean: tensor([-0.1167,  0.1156, -0.0516, -0.5806], device='cuda:0') tensor([0.0810, 0.0839, 0.1036, 0.2892], device='cuda:0')
[INFO    ][2026-07-23 14:04:20][utils.mpc_utils     ][cem                      ] new mean: tensor([-0.1188,  0.1433, -0.0734, -0.6464], device='cuda:0') tensor([0.0688, 0.0642, 0.0925, 0.2088], device='cuda:0')
    64 |  0.3417 +0.1083 |  0.4655 +0.1957 |          0.2505
[INFO    ][2026-07-23 14:04:27][utils.mpc_utils     ][cem                      ] new mean: tensor([-0.0417,  0.0008, -0.0405, -0.3489], device='cuda:0') tensor([0.1299, 0.1351, 0.1314, 0.7718], device='cuda:0')
[INFO    ][2026-07-23 14:04:33][utils.mpc_utils     ][cem                      ] new mean: tensor([-0.0648,  0.0346, -0.0589, -0.6378], device='cuda:0') tensor([0.1110, 0.1287, 0.1115, 0.5676], device='cuda:0')
[INFO    ][2026-07-23 14:04:40][utils.mpc_utils     ][cem                      ] new mean: tensor([-0.0743,  0.0505, -0.0589, -0.6503], device='cuda:0') tensor([0.0945, 0.1107, 0.0989, 0.5499], device='cuda:0')
[INFO    ][2026-07-23 14:04:47][utils.mpc_utils     ][cem                      ] new mean: tensor([-0.0744,  0.0480, -0.0745, -0.6524], device='cuda:0') tensor([0.0840, 0.0967, 0.0873, 0.4012], device='cuda:0')
[INFO    ][2026-07-23 14:04:53][utils.mpc_utils     ][cem                      ] new mean: tensor([-0.0633,  0.0796, -0.0728, -0.5508], device='cuda:0') tensor([0.0757, 0.0834, 0.0770, 0.2865], device='cuda:0')
[INFO    ][2026-07-23 14:05:00][utils.mpc_utils     ][cem                      ] new mean: tensor([-0.0733,  0.0396, -0.0227, -0.4219], device='cuda:0') tensor([0.1304, 0.1331, 0.1353, 0.9142], device='cuda:0')
[INFO    ][2026-07-23 14:05:07][utils.mpc_utils     ][cem                      ] new mean: tensor([-0.0765,  0.0319, -0.0475, -0.7046], device='cuda:0') tensor([0.1141, 0.1283, 0.1188, 0.6484], device='cuda:0')
[INFO    ][2026-07-23 14:05:13][utils.mpc_utils     ][cem                      ] new mean: tensor([-0.0683,  0.0763, -0.0441, -0.8758], device='cuda:0') tensor([0.1001, 0.1122, 0.0983, 0.5238], device='cuda:0')
[INFO    ][2026-07-23 14:05:20][utils.mpc_utils     ][cem                      ] new mean: tensor([-0.0639,  0.0940, -0.0612, -0.8585], device='cuda:0') tensor([0.0872, 0.0947, 0.0836, 0.3725], device='cuda:0')
[INFO    ][2026-07-23 14:05:26][utils.mpc_utils     ][cem                      ] new mean: tensor([-0.0621,  0.1096, -0.0892, -0.7604], device='cuda:0') tensor([0.0787, 0.0833, 0.0724, 0.3549], device='cuda:0')
    71 |  0.3284 +0.0949 |  0.4546 +0.1848 |          0.2409
  (v2 verdict wants a column that RISES with t, spread >> jitter; flat everywhere = certificate stays dead on this substrate)
[INFO    ][2026-07-23 14:05:36][utils.mpc_utils     ][cem                      ] new mean: tensor([-0.0074, -0.0185, -0.0087, -0.1370], device='cuda:0') tensor([0.1305, 0.1371, 0.1333, 1.4757], device='cuda:0')
[INFO    ][2026-07-23 14:05:42][utils.mpc_utils     ][cem                      ] new mean: tensor([-0.0363, -0.0269, -0.0063, -0.1890], device='cuda:0') tensor([0.1118, 0.1210, 0.1180, 1.1914], device='cuda:0')
[INFO    ][2026-07-23 14:05:49][utils.mpc_utils     ][cem                      ] new mean: tensor([-0.0137, -0.0590, -0.0008, -0.1205], device='cuda:0') tensor([0.1018, 0.1133, 0.1046, 0.9602], device='cuda:0')
[INFO    ][2026-07-23 14:05:55][utils.mpc_utils     ][cem                      ] new mean: tensor([ 0.0048, -0.0596, -0.0013, -0.0944], device='cuda:0') tensor([0.0905, 0.1006, 0.0949, 0.8763], device='cuda:0')
[INFO    ][2026-07-23 14:06:02][utils.mpc_utils     ][cem                      ] new mean: tensor([ 0.0176, -0.0507,  0.0052, -0.2051], device='cuda:0') tensor([0.0822, 0.0927, 0.0863, 0.8498], device='cuda:0')
[INFO    ][2026-07-23 14:06:09][utils.mpc_utils     ][cem                      ] new mean: tensor([-0.0299, -0.0119, -0.0084, -0.0064], device='cuda:0') tensor([0.1327, 0.1369, 0.1313, 1.3037], device='cuda:0')
[INFO    ][2026-07-23 14:06:15][utils.mpc_utils     ][cem                      ] new mean: tensor([-0.0089, -0.0445,  0.0021,  0.0589], device='cuda:0') tensor([0.1151, 0.1233, 0.1169, 1.1478], device='cuda:0')
[INFO    ][2026-07-23 14:06:22][utils.mpc_utils     ][cem                      ] new mean: tensor([-0.0071, -0.0554, -0.0051,  0.2334], device='cuda:0') tensor([0.0989, 0.1174, 0.1071, 0.8742], device='cuda:0')
[INFO    ][2026-07-23 14:06:28][utils.mpc_utils     ][cem                      ] new mean: tensor([-0.0360, -0.0490, -0.0091,  0.4071], device='cuda:0') tensor([0.0885, 0.1078, 0.0967, 0.5985], device='cuda:0')
[INFO    ][2026-07-23 14:06:35][utils.mpc_utils     ][cem                      ] new mean: tensor([-0.0198, -0.0482, -0.0183,  0.1899], device='cuda:0') tensor([0.0793, 0.1002, 0.0891, 0.5392], device='cuda:0')

==== C*-V2 LADDERS: droid_ep013.npz (T=66) ====
  self-floor: pooled=0.3635  token=0.3291
     t |  pooled   p-cal |   token   t-cal | raw pooled dist
[INFO    ][2026-07-23 14:06:42][utils.mpc_utils     ][cem                      ] new mean: tensor([-0.0184,  0.0126, -0.0124, -0.2173], device='cuda:0') tensor([0.1342, 0.1294, 0.1378, 1.4186], device='cuda:0')
[INFO    ][2026-07-23 14:06:48][utils.mpc_utils     ][cem                      ] new mean: tensor([-0.0251, -0.0332, -0.0066, -0.1095], device='cuda:0') tensor([0.1177, 0.1138, 0.1236, 1.0855], device='cuda:0')
[INFO    ][2026-07-23 14:06:55][utils.mpc_utils     ][cem                      ] new mean: tensor([ 0.0055, -0.0202, -0.0022,  0.0131], device='cuda:0') tensor([0.1054, 0.1097, 0.1096, 1.1314], device='cuda:0')
[INFO    ][2026-07-23 14:07:01][utils.mpc_utils     ][cem                      ] new mean: tensor([ 0.0062, -0.0181, -0.0126,  0.1068], device='cuda:0') tensor([0.0919, 0.1083, 0.0972, 0.9841], device='cuda:0')
[INFO    ][2026-07-23 14:07:08][utils.mpc_utils     ][cem                      ] new mean: tensor([ 0.0117, -0.0267, -0.0237,  0.1735], device='cuda:0') tensor([0.0795, 0.1021, 0.0892, 0.8220], device='cuda:0')
[INFO    ][2026-07-23 14:07:15][utils.mpc_utils     ][cem                      ] new mean: tensor([-0.0285, -0.0206, -0.0243, -0.3077], device='cuda:0') tensor([0.1319, 0.1340, 0.1360, 1.2802], device='cuda:0')
[INFO    ][2026-07-23 14:07:21][utils.mpc_utils     ][cem                      ] new mean: tensor([-0.0456, -0.0216, -0.0073, -0.3937], device='cuda:0') tensor([0.1121, 0.1315, 0.1252, 0.9308], device='cuda:0')
[INFO    ][2026-07-23 14:07:28][utils.mpc_utils     ][cem                      ] new mean: tensor([-0.0383, -0.0511,  0.0048, -0.1601], device='cuda:0') tensor([0.0933, 0.1217, 0.1117, 0.8993], device='cuda:0')
[INFO    ][2026-07-23 14:07:35][utils.mpc_utils     ][cem                      ] new mean: tensor([-0.0564, -0.0438, -0.0263,  0.1787], device='cuda:0') tensor([0.0803, 0.1060, 0.0968, 0.7513], device='cuda:0')
[INFO    ][2026-07-23 14:07:41][utils.mpc_utils     ][cem                      ] new mean: tensor([-0.0570, -0.0465, -0.0464, -0.1363], device='cuda:0') tensor([0.0709, 0.1009, 0.0813, 0.6159], device='cuda:0')
     1 |  0.3582 -0.0053 |  0.3575 +0.0285 |          0.0496
[INFO    ][2026-07-23 14:07:48][utils.mpc_utils     ][cem                      ] new mean: tensor([-0.0323, -0.0121, -0.0148, -0.1387], device='cuda:0') tensor([0.1298, 0.1387, 0.1404, 1.3066], device='cuda:0')
[INFO    ][2026-07-23 14:07:55][utils.mpc_utils     ][cem                      ] new mean: tensor([-0.0320, -0.0138, -0.0058, -0.0276], device='cuda:0') tensor([0.1142, 0.1287, 0.1294, 1.0308], device='cuda:0')
[INFO    ][2026-07-23 14:08:01][utils.mpc_utils     ][cem                      ] new mean: tensor([-0.0316, -0.0325, -0.0062, -0.2036], device='cuda:0') tensor([0.1050, 0.1182, 0.1207, 1.0327], device='cuda:0')
[INFO    ][2026-07-23 14:08:08][utils.mpc_utils     ][cem                      ] new mean: tensor([-0.0348, -0.0319,  0.0082, -0.3349], device='cuda:0') tensor([0.0921, 0.1168, 0.1044, 0.7293], device='cuda:0')
[INFO    ][2026-07-23 14:08:14][utils.mpc_utils     ][cem                      ] new mean: tensor([-0.0202, -0.0361,  0.0038, -0.4492], device='cuda:0') tensor([0.0828, 0.1090, 0.0955, 0.5664], device='cuda:0')
[INFO    ][2026-07-23 14:08:21][utils.mpc_utils     ][cem                      ] new mean: tensor([-0.0111, -0.0068,  0.0102,  0.1450], device='cuda:0') tensor([0.1319, 0.1375, 0.1408, 1.3358], device='cuda:0')
[INFO    ][2026-07-23 14:08:28][utils.mpc_utils     ][cem                      ] new mean: tensor([-0.0177, -0.0092, -0.0107,  0.2517], device='cuda:0') tensor([0.1168, 0.1247, 0.1255, 1.0739], device='cuda:0')
[INFO    ][2026-07-23 14:08:34][utils.mpc_utils     ][cem                      ] new mean: tensor([-0.0196, -0.0109, -0.0144,  0.1467], device='cuda:0') tensor([0.1007, 0.1167, 0.1122, 1.1293], device='cuda:0')
[INFO    ][2026-07-23 14:08:41][utils.mpc_utils     ][cem                      ] new mean: tensor([-0.0115, -0.0590, -0.0122,  0.0606], device='cuda:0') tensor([0.0854, 0.1076, 0.0987, 0.8394], device='cuda:0')
[INFO    ][2026-07-23 14:08:47][utils.mpc_utils     ][cem                      ] new mean: tensor([-0.0106, -0.0598, -0.0108, -0.0123], device='cuda:0') tensor([0.0741, 0.1032, 0.0839, 0.7546], device='cuda:0')
     2 |  0.3658 +0.0023 |  0.3645 +0.0354 |          0.0443
[INFO    ][2026-07-23 14:08:54][utils.mpc_utils     ][cem                      ] new mean: tensor([0.0351, 0.0357, 0.0076, 0.0743], device='cuda:0') tensor([0.1305, 0.1332, 0.1316, 1.3641], device='cuda:0')
[INFO    ][2026-07-23 14:09:01][utils.mpc_utils     ][cem                      ] new mean: tensor([ 0.0439,  0.0386,  0.0055, -0.1641], device='cuda:0') tensor([0.1160, 0.1271, 0.1178, 1.1669], device='cuda:0')
[INFO    ][2026-07-23 14:09:07][utils.mpc_utils     ][cem                      ] new mean: tensor([ 0.0498,  0.0332,  0.0104, -0.1112], device='cuda:0') tensor([0.1048, 0.1166, 0.1095, 0.9936], device='cuda:0')
[INFO    ][2026-07-23 14:09:14][utils.mpc_utils     ][cem                      ] new mean: tensor([0.0510, 0.0350, 0.0103, 0.2119], device='cuda:0') tensor([0.0995, 0.1021, 0.0982, 0.8696], device='cuda:0')
[INFO    ][2026-07-23 14:09:20][utils.mpc_utils     ][cem                      ] new mean: tensor([0.0479, 0.0277, 0.0114, 0.2886], device='cuda:0') tensor([0.0891, 0.0879, 0.0905, 0.7327], device='cuda:0')
[INFO    ][2026-07-23 14:09:27][utils.mpc_utils     ][cem                      ] new mean: tensor([0.0501, 0.0338, 0.0066, 0.7652], device='cuda:0') tensor([0.1325, 0.1366, 0.1378, 0.9317], device='cuda:0')
[INFO    ][2026-07-23 14:09:34][utils.mpc_utils     ][cem                      ] new mean: tensor([0.0568, 0.0250, 0.0124, 0.9771], device='cuda:0') tensor([0.1170, 0.1222, 0.1306, 0.5467], device='cuda:0')
[INFO    ][2026-07-23 14:09:40][utils.mpc_utils     ][cem                      ] new mean: tensor([0.0555, 0.0254, 0.0115, 0.8961], device='cuda:0') tensor([0.1055, 0.1111, 0.1211, 0.4507], device='cuda:0')
[INFO    ][2026-07-23 14:09:47][utils.mpc_utils     ][cem                      ] new mean: tensor([0.0502, 0.0363, 0.0053, 0.8873], device='cuda:0') tensor([0.0956, 0.1062, 0.1176, 0.4046], device='cuda:0')
[INFO    ][2026-07-23 14:09:54][utils.mpc_utils     ][cem                      ] new mean: tensor([0.0569, 0.0318, 0.0091, 0.7798], device='cuda:0') tensor([0.0909, 0.1020, 0.1085, 0.4215], device='cuda:0')
     4 |  0.3872 +0.0237 |  0.3788 +0.0497 |          0.0968
[INFO    ][2026-07-23 14:10:00][utils.mpc_utils     ][cem                      ] new mean: tensor([0.0945, 0.0170, 0.0369, 0.1512], device='cuda:0') tensor([0.1283, 0.1383, 0.1322, 1.3919], device='cuda:0')
[INFO    ][2026-07-23 14:10:07][utils.mpc_utils     ][cem                      ] new mean: tensor([ 0.1306,  0.0666,  0.0146, -0.2449], device='cuda:0') tensor([0.1017, 0.1278, 0.1199, 1.1153], device='cuda:0')
[INFO    ][2026-07-23 14:10:13][utils.mpc_utils     ][cem                      ] new mean: tensor([ 0.1401,  0.0862,  0.0007, -0.5288], device='cuda:0') tensor([0.0796, 0.1104, 0.1104, 1.0084], device='cuda:0')
[INFO    ][2026-07-23 14:10:20][utils.mpc_utils     ][cem                      ] new mean: tensor([ 0.1462,  0.1057,  0.0038, -0.5423], device='cuda:0') tensor([0.0611, 0.0956, 0.0975, 0.6855], device='cuda:0')
[INFO    ][2026-07-23 14:10:27][utils.mpc_utils     ][cem                      ] new mean: tensor([ 0.1491,  0.1116, -0.0041, -0.6591], device='cuda:0') tensor([0.0460, 0.0826, 0.0921, 0.6771], device='cuda:0')
[INFO    ][2026-07-23 14:10:33][utils.mpc_utils     ][cem                      ] new mean: tensor([ 0.0955,  0.0520,  0.0363, -0.2380], device='cuda:0') tensor([0.1311, 0.1377, 0.1270, 1.2769], device='cuda:0')
[INFO    ][2026-07-23 14:10:40][utils.mpc_utils     ][cem                      ] new mean: tensor([0.1353, 0.0681, 0.0062, 0.2971], device='cuda:0') tensor([0.1034, 0.1273, 0.1138, 0.9017], device='cuda:0')
[INFO    ][2026-07-23 14:10:46][utils.mpc_utils     ][cem                      ] new mean: tensor([ 0.1458,  0.0934, -0.0040,  0.0590], device='cuda:0') tensor([0.0791, 0.1091, 0.0947, 0.7884], device='cuda:0')
[INFO    ][2026-07-23 14:10:53][utils.mpc_utils     ][cem                      ] new mean: tensor([ 0.1474,  0.1178, -0.0061,  0.1575], device='cuda:0') tensor([0.0607, 0.0913, 0.0745, 0.7639], device='cuda:0')
[INFO    ][2026-07-23 14:11:00][utils.mpc_utils     ][cem                      ] new mean: tensor([ 0.1495,  0.1215, -0.0062,  0.2969], device='cuda:0') tensor([0.0456, 0.0764, 0.0579, 0.6098], device='cuda:0')
     8 |  0.3798 +0.0163 |  0.4061 +0.0770 |          0.1612
[INFO    ][2026-07-23 14:11:06][utils.mpc_utils     ][cem                      ] new mean: tensor([ 0.0545,  0.0446, -0.0110, -0.4356], device='cuda:0') tensor([0.1369, 0.1353, 0.1376, 1.0533], device='cuda:0')
[INFO    ][2026-07-23 14:11:13][utils.mpc_utils     ][cem                      ] new mean: tensor([ 0.1093,  0.0801, -0.0335, -0.4093], device='cuda:0') tensor([0.1149, 0.1221, 0.1301, 0.8765], device='cuda:0')
[INFO    ][2026-07-23 14:11:20][utils.mpc_utils     ][cem                      ] new mean: tensor([ 0.1351,  0.1049, -0.0556, -0.4905], device='cuda:0') tensor([0.0910, 0.1025, 0.1191, 0.8473], device='cuda:0')
[INFO    ][2026-07-23 14:11:26][utils.mpc_utils     ][cem                      ] new mean: tensor([ 0.1444,  0.1004, -0.0627, -0.5739], device='cuda:0') tensor([0.0706, 0.0918, 0.1061, 0.8020], device='cuda:0')
[INFO    ][2026-07-23 14:11:33][utils.mpc_utils     ][cem                      ] new mean: tensor([ 0.1398,  0.1251, -0.0583, -0.5510], device='cuda:0') tensor([0.0565, 0.0770, 0.0954, 0.6390], device='cuda:0')
[INFO    ][2026-07-23 14:11:40][utils.mpc_utils     ][cem                      ] new mean: tensor([ 0.0565, -0.0020, -0.0115,  0.1394], device='cuda:0') tensor([0.1357, 0.1432, 0.1369, 1.3686], device='cuda:0')
[INFO    ][2026-07-23 14:11:46][utils.mpc_utils     ][cem                      ] new mean: tensor([ 0.1127,  0.0070, -0.0203,  0.2741], device='cuda:0') tensor([0.1165, 0.1309, 0.1269, 1.0378], device='cuda:0')
[INFO    ][2026-07-23 14:11:53][utils.mpc_utils     ][cem                      ] new mean: tensor([ 0.1326,  0.0058, -0.0397,  0.0100], device='cuda:0') tensor([0.0958, 0.1283, 0.1206, 0.8822], device='cuda:0')
[INFO    ][2026-07-23 14:11:59][utils.mpc_utils     ][cem                      ] new mean: tensor([ 0.1444,  0.0017, -0.0512, -0.0328], device='cuda:0') tensor([0.0737, 0.1277, 0.1066, 0.8264], device='cuda:0')
[INFO    ][2026-07-23 14:12:06][utils.mpc_utils     ][cem                      ] new mean: tensor([ 0.1440,  0.0492, -0.0573, -0.2208], device='cuda:0') tensor([0.0591, 0.1197, 0.0907, 0.9648], device='cuda:0')
    16 |  0.4051 +0.0416 |  0.4348 +0.1058 |          0.1759
[INFO    ][2026-07-23 14:12:13][utils.mpc_utils     ][cem                      ] new mean: tensor([-0.0085, -0.0256,  0.0028, -0.3905], device='cuda:0') tensor([0.1436, 0.1438, 0.1344, 1.1405], device='cuda:0')
[INFO    ][2026-07-23 14:12:19][utils.mpc_utils     ][cem                      ] new mean: tensor([-0.0379, -0.0647,  0.0189, -0.2498], device='cuda:0') tensor([0.1320, 0.1332, 0.1214, 0.8690], device='cuda:0')
[INFO    ][2026-07-23 14:12:26][utils.mpc_utils     ][cem                      ] new mean: tensor([-0.0583, -0.0757, -0.0019, -0.4701], device='cuda:0') tensor([0.1139, 0.1160, 0.1044, 0.7481], device='cuda:0')
[INFO    ][2026-07-23 14:12:33][utils.mpc_utils     ][cem                      ] new mean: tensor([-5.1831e-02, -6.2344e-02,  2.7564e-04, -4.7148e-01], device='cuda:0') tensor([0.1028, 0.1048, 0.0935, 0.7870], device='cuda:0')
[INFO    ][2026-07-23 14:12:39][utils.mpc_utils     ][cem                      ] new mean: tensor([-0.0959, -0.0705, -0.0100, -0.4692], device='cuda:0') tensor([0.0883, 0.0966, 0.0843, 0.6733], device='cuda:0')
[INFO    ][2026-07-23 14:12:46][utils.mpc_utils     ][cem                      ] new mean: tensor([-0.0093, -0.0152,  0.0341, -0.1215], device='cuda:0') tensor([0.1411, 0.1417, 0.1335, 1.2279], device='cuda:0')
[INFO    ][2026-07-23 14:12:53][utils.mpc_utils     ][cem                      ] new mean: tensor([-0.0159, -0.0163,  0.0382, -0.4243], device='cuda:0') tensor([0.1297, 0.1306, 0.1229, 1.1197], device='cuda:0')
[INFO    ][2026-07-23 14:12:59][utils.mpc_utils     ][cem                      ] new mean: tensor([ 0.0081, -0.0356,  0.0531, -0.3589], device='cuda:0') tensor([0.1168, 0.1245, 0.1110, 0.8313], device='cuda:0')
[INFO    ][2026-07-23 14:13:06][utils.mpc_utils     ][cem                      ] new mean: tensor([-0.0286, -0.0469,  0.0607, -0.5398], device='cuda:0') tensor([0.1067, 0.1150, 0.0998, 0.6303], device='cuda:0')
[INFO    ][2026-07-23 14:13:12][utils.mpc_utils     ][cem                      ] new mean: tensor([-0.0287, -0.0358,  0.0455, -0.6152], device='cuda:0') tensor([0.0917, 0.1024, 0.0880, 0.5611], device='cuda:0')
    32 |  0.3807 +0.0172 |  0.4411 +0.1120 |          0.1408
[INFO    ][2026-07-23 14:13:19][utils.mpc_utils     ][cem                      ] new mean: tensor([-0.0509, -0.0070, -0.0283, -0.5814], device='cuda:0') tensor([0.1310, 0.1349, 0.1295, 1.1553], device='cuda:0')
[INFO    ][2026-07-23 14:13:26][utils.mpc_utils     ][cem                      ] new mean: tensor([-0.0844, -0.0525, -0.0266, -0.5225], device='cuda:0') tensor([0.1140, 0.1199, 0.1092, 0.7475], device='cuda:0')
[INFO    ][2026-07-23 14:13:32][utils.mpc_utils     ][cem                      ] new mean: tensor([-0.0755, -0.0580, -0.0286, -0.6400], device='cuda:0') tensor([0.0997, 0.1079, 0.0944, 0.6631], device='cuda:0')
[INFO    ][2026-07-23 14:13:39][utils.mpc_utils     ][cem                      ] new mean: tensor([-0.0708, -0.0769, -0.0141, -0.7227], device='cuda:0') tensor([0.0907, 0.0988, 0.0807, 0.5088], device='cuda:0')
[INFO    ][2026-07-23 14:13:45][utils.mpc_utils     ][cem                      ] new mean: tensor([-0.0697, -0.0781, -0.0177, -0.5558], device='cuda:0') tensor([0.0790, 0.0884, 0.0741, 0.3770], device='cuda:0')
[INFO    ][2026-07-23 14:13:52][utils.mpc_utils     ][cem                      ] new mean: tensor([-0.0362,  0.0096,  0.0047, -0.1920], device='cuda:0') tensor([0.1403, 0.1344, 0.1322, 1.2508], device='cuda:0')
[INFO    ][2026-07-23 14:13:59][utils.mpc_utils     ][cem                      ] new mean: tensor([-0.0715, -0.0299,  0.0168, -0.4343], device='cuda:0') tensor([0.1194, 0.1209, 0.1164, 0.7723], device='cuda:0')
[INFO    ][2026-07-23 14:14:05][utils.mpc_utils     ][cem                      ] new mean: tensor([-0.0761, -0.0426,  0.0171, -0.3730], device='cuda:0') tensor([0.1030, 0.1051, 0.1041, 0.5828], device='cuda:0')
[INFO    ][2026-07-23 14:14:12][utils.mpc_utils     ][cem                      ] new mean: tensor([-0.0560, -0.0491, -0.0079, -0.4640], device='cuda:0') tensor([0.0907, 0.0929, 0.0918, 0.4583], device='cuda:0')
[INFO    ][2026-07-23 14:14:18][utils.mpc_utils     ][cem                      ] new mean: tensor([-0.0349, -0.0468, -0.0196, -0.5100], device='cuda:0') tensor([0.0771, 0.0891, 0.0822, 0.3856], device='cuda:0')
    64 |  0.3501 -0.0134 |  0.4081 +0.0791 |          0.1319
[INFO    ][2026-07-23 14:14:25][utils.mpc_utils     ][cem                      ] new mean: tensor([-0.0687, -0.0723,  0.0172, -0.1617], device='cuda:0') tensor([0.1349, 0.1315, 0.1355, 1.3348], device='cuda:0')
[INFO    ][2026-07-23 14:14:32][utils.mpc_utils     ][cem                      ] new mean: tensor([-0.1051, -0.0634,  0.0355, -0.2217], device='cuda:0') tensor([0.1129, 0.1137, 0.1181, 0.8661], device='cuda:0')
[INFO    ][2026-07-23 14:14:38][utils.mpc_utils     ][cem                      ] new mean: tensor([-1.0681e-01, -7.0820e-02, -2.7232e-04, -3.5897e-01], device='cuda:0') tensor([0.0960, 0.1008, 0.1005, 0.6234], device='cuda:0')
[INFO    ][2026-07-23 14:14:45][utils.mpc_utils     ][cem                      ] new mean: tensor([-0.1214, -0.0700, -0.0134, -0.2472], device='cuda:0') tensor([0.0794, 0.0912, 0.0889, 0.5529], device='cuda:0')
[INFO    ][2026-07-23 14:14:52][utils.mpc_utils     ][cem                      ] new mean: tensor([-0.1263, -0.0988, -0.0131, -0.5619], device='cuda:0') tensor([0.0696, 0.0780, 0.0764, 0.3605], device='cuda:0')
[INFO    ][2026-07-23 14:14:58][utils.mpc_utils     ][cem                      ] new mean: tensor([-0.0539, -0.0220,  0.0071, -0.2510], device='cuda:0') tensor([0.1280, 0.1329, 0.1300, 1.3259], device='cuda:0')
[INFO    ][2026-07-23 14:15:05][utils.mpc_utils     ][cem                      ] new mean: tensor([-0.0662, -0.0506,  0.0092, -0.4399], device='cuda:0') tensor([0.1102, 0.1210, 0.1163, 0.9582], device='cuda:0')
[INFO    ][2026-07-23 14:15:13][utils.mpc_utils     ][cem                      ] new mean: tensor([-0.0748, -0.0691,  0.0151, -0.9161], device='cuda:0') tensor([0.0967, 0.1075, 0.1059, 0.7461], device='cuda:0')
[INFO    ][2026-07-23 14:15:23][utils.mpc_utils     ][cem                      ] new mean: tensor([-0.0727, -0.0808,  0.0231, -1.0105], device='cuda:0') tensor([0.0887, 0.0982, 0.0941, 0.5235], device='cuda:0')
[INFO    ][2026-07-23 14:15:30][utils.mpc_utils     ][cem                      ] new mean: tensor([-0.1114, -0.1116,  0.0197, -0.9152], device='cuda:0') tensor([0.0764, 0.0865, 0.0860, 0.4362], device='cuda:0')
    65 |  0.3840 +0.0205 |  0.4155 +0.0864 |          0.1722
  (v2 verdict wants a column that RISES with t, spread >> jitter; flat everywhere = certificate stays dead on this substrate)
[INFO    ][2026-07-23 14:15:42][utils.mpc_utils     ][cem                      ] new mean: tensor([-0.0068,  0.0032, -0.0067, -0.3462], device='cuda:0') tensor([0.1321, 0.1371, 0.1281, 1.0173], device='cuda:0')
[INFO    ][2026-07-23 14:15:49][utils.mpc_utils     ][cem                      ] new mean: tensor([-0.0026,  0.0217, -0.0054, -0.3112], device='cuda:0') tensor([0.1194, 0.1256, 0.1153, 0.9297], device='cuda:0')
[INFO    ][2026-07-23 14:15:55][utils.mpc_utils     ][cem                      ] new mean: tensor([-0.0024,  0.0264, -0.0295, -0.3769], device='cuda:0') tensor([0.1063, 0.1137, 0.1016, 0.7414], device='cuda:0')
[INFO    ][2026-07-23 14:16:03][utils.mpc_utils     ][cem                      ] new mean: tensor([ 0.0024,  0.0104, -0.0016, -0.2162], device='cuda:0') tensor([0.0947, 0.1057, 0.0888, 0.6378], device='cuda:0')
[INFO    ][2026-07-23 14:16:10][utils.mpc_utils     ][cem                      ] new mean: tensor([ 0.0066,  0.0219,  0.0043, -0.2947], device='cuda:0') tensor([0.0870, 0.0979, 0.0792, 0.6030], device='cuda:0')
[INFO    ][2026-07-23 14:16:17][utils.mpc_utils     ][cem                      ] new mean: tensor([ 0.0167,  0.0129, -0.0018,  0.0112], device='cuda:0') tensor([0.1321, 0.1397, 0.1334, 1.3210], device='cuda:0')
[INFO    ][2026-07-23 14:16:23][utils.mpc_utils     ][cem                      ] new mean: tensor([ 0.0346, -0.0031,  0.0174, -0.3204], device='cuda:0') tensor([0.1121, 0.1320, 0.1181, 1.1163], device='cuda:0')
[INFO    ][2026-07-23 14:16:30][utils.mpc_utils     ][cem                      ] new mean: tensor([ 0.0211,  0.0048, -0.0006, -0.1209], device='cuda:0') tensor([0.0967, 0.1177, 0.1060, 0.9333], device='cuda:0')
[INFO    ][2026-07-23 14:16:37][utils.mpc_utils     ][cem                      ] new mean: tensor([ 0.0190,  0.0093,  0.0301, -0.1679], device='cuda:0') tensor([0.0863, 0.1047, 0.0925, 0.7693], device='cuda:0')
[INFO    ][2026-07-23 14:16:43][utils.mpc_utils     ][cem                      ] new mean: tensor([ 0.0353, -0.0103,  0.0396, -0.3130], device='cuda:0') tensor([0.0761, 0.0963, 0.0832, 0.7393], device='cuda:0')

==== C*-V2 LADDERS: droid_ep014.npz (T=119) ====
  self-floor: pooled=0.3141  token=0.3234
     t |  pooled   p-cal |   token   t-cal | raw pooled dist
[INFO    ][2026-07-23 14:16:50][utils.mpc_utils     ][cem                      ] new mean: tensor([ 0.0143, -0.0013, -0.0146,  0.0283], device='cuda:0') tensor([0.1354, 0.1416, 0.1370, 1.3181], device='cuda:0')
[INFO    ][2026-07-23 14:16:57][utils.mpc_utils     ][cem                      ] new mean: tensor([-0.0168,  0.0103, -0.0137,  0.0008], device='cuda:0') tensor([0.1235, 0.1301, 0.1233, 1.0051], device='cuda:0')
[INFO    ][2026-07-23 14:17:03][utils.mpc_utils     ][cem                      ] new mean: tensor([-0.0164,  0.0080, -0.0191, -0.0694], device='cuda:0') tensor([0.1094, 0.1160, 0.1120, 0.8438], device='cuda:0')
[INFO    ][2026-07-23 14:17:10][utils.mpc_utils     ][cem                      ] new mean: tensor([-0.0213, -0.0058, -0.0290,  0.2178], device='cuda:0') tensor([0.0958, 0.1084, 0.0988, 0.6582], device='cuda:0')
[INFO    ][2026-07-23 14:17:16][utils.mpc_utils     ][cem                      ] new mean: tensor([-0.0272,  0.0117, -0.0282,  0.3658], device='cuda:0') tensor([0.0812, 0.0988, 0.0864, 0.5402], device='cuda:0')
[INFO    ][2026-07-23 14:17:23][utils.mpc_utils     ][cem                      ] new mean: tensor([0.0288, 0.0156, 0.0068, 0.0455], device='cuda:0') tensor([0.1342, 0.1373, 0.1310, 1.3666], device='cuda:0')
[INFO    ][2026-07-23 14:17:30][utils.mpc_utils     ][cem                      ] new mean: tensor([0.0143, 0.0031, 0.0066, 0.0752], device='cuda:0') tensor([0.1186, 0.1228, 0.1155, 1.1599], device='cuda:0')
[INFO    ][2026-07-23 14:17:36][utils.mpc_utils     ][cem                      ] new mean: tensor([-0.0080,  0.0047, -0.0113, -0.0586], device='cuda:0') tensor([0.1039, 0.1168, 0.1032, 0.9769], device='cuda:0')
[INFO    ][2026-07-23 14:17:43][utils.mpc_utils     ][cem                      ] new mean: tensor([-0.0086,  0.0207, -0.0088, -0.2106], device='cuda:0') tensor([0.0957, 0.1083, 0.0965, 0.7595], device='cuda:0')
[INFO    ][2026-07-23 14:17:49][utils.mpc_utils     ][cem                      ] new mean: tensor([-0.0184, -0.0010, -0.0243, -0.1460], device='cuda:0') tensor([0.0865, 0.0971, 0.0813, 0.7512], device='cuda:0')
     1 |  0.2694 -0.0446 |  0.3736 +0.0501 |          0.0980
[INFO    ][2026-07-23 14:17:56][utils.mpc_utils     ][cem                      ] new mean: tensor([ 0.0018, -0.0099, -0.0143,  0.0745], device='cuda:0') tensor([0.1353, 0.1400, 0.1271, 1.3216], device='cuda:0')
[INFO    ][2026-07-23 14:18:10][utils.mpc_utils     ][cem                      ] new mean: tensor([ 0.0025, -0.0170, -0.0207, -0.0358], device='cuda:0') tensor([0.1261, 0.1287, 0.1190, 1.0900], device='cuda:0')
[INFO    ][2026-07-23 14:18:16][utils.mpc_utils     ][cem                      ] new mean: tensor([ 0.0060, -0.0124, -0.0381,  0.1182], device='cuda:0') tensor([0.1147, 0.1145, 0.1012, 1.0096], device='cuda:0')
[INFO    ][2026-07-23 14:18:23][utils.mpc_utils     ][cem                      ] new mean: tensor([-0.0255,  0.0074, -0.0158, -0.0816], device='cuda:0') tensor([0.1021, 0.1015, 0.0913, 0.8561], device='cuda:0')
[INFO    ][2026-07-23 14:18:30][utils.mpc_utils     ][cem                      ] new mean: tensor([ 0.0092,  0.0163, -0.0293, -0.3379], device='cuda:0') tensor([0.0909, 0.0942, 0.0817, 0.6909], device='cuda:0')
[INFO    ][2026-07-23 14:18:37][utils.mpc_utils     ][cem                      ] new mean: tensor([ 0.0046,  0.0122, -0.0179, -0.0603], device='cuda:0') tensor([0.1310, 0.1333, 0.1260, 1.3119], device='cuda:0')
[INFO    ][2026-07-23 14:18:43][utils.mpc_utils     ][cem                      ] new mean: tensor([-0.0109,  0.0048, -0.0398, -0.1266], device='cuda:0') tensor([0.1204, 0.1288, 0.1068, 1.1078], device='cuda:0')
[INFO    ][2026-07-23 14:18:50][utils.mpc_utils     ][cem                      ] new mean: tensor([ 0.0040,  0.0211, -0.0403, -0.2120], device='cuda:0') tensor([0.1095, 0.1151, 0.0972, 0.8376], device='cuda:0')
[INFO    ][2026-07-23 14:18:56][utils.mpc_utils     ][cem                      ] new mean: tensor([ 0.0012, -0.0138, -0.0278, -0.4716], device='cuda:0') tensor([0.0995, 0.1032, 0.0880, 0.7712], device='cuda:0')
[INFO    ][2026-07-23 14:19:03][utils.mpc_utils     ][cem                      ] new mean: tensor([ 0.0082, -0.0014, -0.0292, -0.1304], device='cuda:0') tensor([0.0856, 0.0943, 0.0797, 0.7627], device='cuda:0')
     2 |  0.2709 -0.0432 |  0.3703 +0.0468 |          0.1264
[INFO    ][2026-07-23 14:19:10][utils.mpc_utils     ][cem                      ] new mean: tensor([-0.0036, -0.0229, -0.0134, -0.0652], device='cuda:0') tensor([0.1309, 0.1392, 0.1279, 1.0830], device='cuda:0')
[INFO    ][2026-07-23 14:19:16][utils.mpc_utils     ][cem                      ] new mean: tensor([-0.0343, -0.0161, -0.0266,  0.2227], device='cuda:0') tensor([0.1129, 0.1291, 0.1120, 1.0984], device='cuda:0')
[INFO    ][2026-07-23 14:19:23][utils.mpc_utils     ][cem                      ] new mean: tensor([-0.0391, -0.0220, -0.0286, -0.0441], device='cuda:0') tensor([0.0960, 0.1146, 0.0974, 1.1218], device='cuda:0')
[INFO    ][2026-07-23 14:19:30][utils.mpc_utils     ][cem                      ] new mean: tensor([-0.0219, -0.0098, -0.0251, -0.0953], device='cuda:0') tensor([0.0874, 0.1042, 0.0840, 0.9317], device='cuda:0')
[INFO    ][2026-07-23 14:19:36][utils.mpc_utils     ][cem                      ] new mean: tensor([-0.0162, -0.0085, -0.0184, -0.2240], device='cuda:0') tensor([0.0813, 0.0960, 0.0753, 0.8714], device='cuda:0')
[INFO    ][2026-07-23 14:19:43][utils.mpc_utils     ][cem                      ] new mean: tensor([-0.0263, -0.0281, -0.0417, -0.2332], device='cuda:0') tensor([0.1332, 0.1395, 0.1272, 1.3237], device='cuda:0')
[INFO    ][2026-07-23 14:19:50][utils.mpc_utils     ][cem                      ] new mean: tensor([-0.0025, -0.0099, -0.0329,  0.0096], device='cuda:0') tensor([0.1192, 0.1283, 0.1141, 1.0949], device='cuda:0')
[INFO    ][2026-07-23 14:19:56][utils.mpc_utils     ][cem                      ] new mean: tensor([ 0.0123, -0.0189, -0.0580, -0.1194], device='cuda:0') tensor([0.1067, 0.1204, 0.0971, 0.8739], device='cuda:0')
[INFO    ][2026-07-23 14:20:03][utils.mpc_utils     ][cem                      ] new mean: tensor([ 0.0266, -0.0299, -0.0365, -0.1876], device='cuda:0') tensor([0.0971, 0.1102, 0.0825, 0.6559], device='cuda:0')
[INFO    ][2026-07-23 14:20:09][utils.mpc_utils     ][cem                      ] new mean: tensor([ 0.0343, -0.0448, -0.0469, -0.0464], device='cuda:0') tensor([0.0876, 0.1003, 0.0708, 0.6803], device='cuda:0')
     4 |  0.2926 -0.0214 |  0.3842 +0.0607 |          0.1326
[INFO    ][2026-07-23 14:20:16][utils.mpc_utils     ][cem                      ] new mean: tensor([ 0.0061,  0.0102,  0.0096, -0.3957], device='cuda:0') tensor([0.1344, 0.1350, 0.1273, 1.1457], device='cuda:0')
[INFO    ][2026-07-23 14:20:23][utils.mpc_utils     ][cem                      ] new mean: tensor([ 0.0167, -0.0267,  0.0108, -0.3050], device='cuda:0') tensor([0.1220, 0.1206, 0.1056, 1.0417], device='cuda:0')
[INFO    ][2026-07-23 14:20:29][utils.mpc_utils     ][cem                      ] new mean: tensor([ 0.0083, -0.0093,  0.0125, -0.3005], device='cuda:0') tensor([0.1124, 0.1144, 0.0911, 0.8009], device='cuda:0')
[INFO    ][2026-07-23 14:20:36][utils.mpc_utils     ][cem                      ] new mean: tensor([ 0.0180, -0.0127,  0.0299, -0.2698], device='cuda:0') tensor([0.1079, 0.1048, 0.0785, 0.7206], device='cuda:0')
[INFO    ][2026-07-23 14:20:43][utils.mpc_utils     ][cem                      ] new mean: tensor([ 0.0413, -0.0356,  0.0305, -0.3450], device='cuda:0') tensor([0.0956, 0.0921, 0.0696, 0.6808], device='cuda:0')
[INFO    ][2026-07-23 14:20:49][utils.mpc_utils     ][cem                      ] new mean: tensor([-0.0275,  0.0038, -0.0102, -0.2498], device='cuda:0') tensor([0.1309, 0.1416, 0.1340, 1.2162], device='cuda:0')
[INFO    ][2026-07-23 14:20:56][utils.mpc_utils     ][cem                      ] new mean: tensor([-0.0192,  0.0327, -0.0507, -0.1484], device='cuda:0') tensor([0.1159, 0.1335, 0.1148, 1.0354], device='cuda:0')
[INFO    ][2026-07-23 14:21:02][utils.mpc_utils     ][cem                      ] new mean: tensor([-0.0035, -0.0046, -0.0290, -0.6939], device='cuda:0') tensor([0.1045, 0.1238, 0.0988, 0.7219], device='cuda:0')
[INFO    ][2026-07-23 14:21:09][utils.mpc_utils     ][cem                      ] new mean: tensor([-0.0019,  0.0159, -0.0328, -0.6935], device='cuda:0') tensor([0.0968, 0.1108, 0.0893, 0.7080], device='cuda:0')
[INFO    ][2026-07-23 14:21:16][utils.mpc_utils     ][cem                      ] new mean: tensor([-0.0163,  0.0166, -0.0332, -0.6233], device='cuda:0') tensor([0.0876, 0.1053, 0.0804, 0.6638], device='cuda:0')
     8 |  0.2895 -0.0246 |  0.3980 +0.0746 |          0.1021
[INFO    ][2026-07-23 14:21:22][utils.mpc_utils     ][cem                      ] new mean: tensor([ 0.0712,  0.0089, -0.0494, -0.1622], device='cuda:0') tensor([0.1287, 0.1356, 0.1351, 1.2647], device='cuda:0')
[INFO    ][2026-07-23 14:21:29][utils.mpc_utils     ][cem                      ] new mean: tensor([ 0.1260, -0.0009, -0.0639, -0.1787], device='cuda:0') tensor([0.1014, 0.1264, 0.1160, 0.9755], device='cuda:0')
[INFO    ][2026-07-23 14:21:36][utils.mpc_utils     ][cem                      ] new mean: tensor([ 0.1367, -0.0231, -0.0790, -0.0595], device='cuda:0') tensor([0.0815, 0.1127, 0.0960, 0.5942], device='cuda:0')
[INFO    ][2026-07-23 14:21:42][utils.mpc_utils     ][cem                      ] new mean: tensor([ 0.1313, -0.0345, -0.0726, -0.0679], device='cuda:0') tensor([0.0677, 0.0975, 0.0815, 0.5084], device='cuda:0')
[INFO    ][2026-07-23 14:21:49][utils.mpc_utils     ][cem                      ] new mean: tensor([ 0.1262, -0.0418, -0.0753,  0.0452], device='cuda:0') tensor([0.0567, 0.0825, 0.0671, 0.5400], device='cuda:0')
[INFO    ][2026-07-23 14:21:56][utils.mpc_utils     ][cem                      ] new mean: tensor([ 0.0878, -0.0111, -0.0549,  0.0787], device='cuda:0') tensor([0.1273, 0.1337, 0.1359, 1.3805], device='cuda:0')
[INFO    ][2026-07-23 14:22:02][utils.mpc_utils     ][cem                      ] new mean: tensor([ 0.0923,  0.0101, -0.0722,  0.0572], device='cuda:0') tensor([0.1137, 0.1262, 0.1259, 1.1772], device='cuda:0')
[INFO    ][2026-07-23 14:22:09][utils.mpc_utils     ][cem                      ] new mean: tensor([ 0.0956,  0.0184, -0.1152,  0.2228], device='cuda:0') tensor([0.0974, 0.1166, 0.1048, 0.8705], device='cuda:0')
[INFO    ][2026-07-23 14:22:15][utils.mpc_utils     ][cem                      ] new mean: tensor([ 0.1173, -0.0065, -0.0852,  0.0343], device='cuda:0') tensor([0.0783, 0.1066, 0.0903, 0.7870], device='cuda:0')
[INFO    ][2026-07-23 14:22:22][utils.mpc_utils     ][cem                      ] new mean: tensor([ 0.1270, -0.0214, -0.0823,  0.0756], device='cuda:0') tensor([0.0636, 0.0971, 0.0762, 0.8371], device='cuda:0')
    16 |  0.3161 +0.0021 |  0.4081 +0.0847 |          0.1432
[INFO    ][2026-07-23 14:22:29][utils.mpc_utils     ][cem                      ] new mean: tensor([-0.0117,  0.0493, -0.0244, -0.0625], device='cuda:0') tensor([0.1352, 0.1377, 0.1437, 1.4658], device='cuda:0')
[INFO    ][2026-07-23 14:22:35][utils.mpc_utils     ][cem                      ] new mean: tensor([ 0.0012,  0.0367, -0.0656, -0.1506], device='cuda:0') tensor([0.1117, 0.1264, 0.1316, 0.9242], device='cuda:0')
[INFO    ][2026-07-23 14:22:42][utils.mpc_utils     ][cem                      ] new mean: tensor([-0.0034,  0.0235, -0.0855, -0.4377], device='cuda:0') tensor([0.0859, 0.1158, 0.1122, 0.7326], device='cuda:0')
[INFO    ][2026-07-23 14:22:48][utils.mpc_utils     ][cem                      ] new mean: tensor([ 0.0084,  0.0068, -0.0949, -0.1803], device='cuda:0') tensor([0.0693, 0.1003, 0.0963, 0.6247], device='cuda:0')
[INFO    ][2026-07-23 14:22:55][utils.mpc_utils     ][cem                      ] new mean: tensor([ 0.0075,  0.0032, -0.0857, -0.1004], device='cuda:0') tensor([0.0595, 0.0896, 0.0856, 0.4753], device='cuda:0')
[INFO    ][2026-07-23 14:23:02][utils.mpc_utils     ][cem                      ] new mean: tensor([-0.0078,  0.0240, -0.0265, -0.2854], device='cuda:0') tensor([0.1344, 0.1311, 0.1397, 1.3559], device='cuda:0')
[INFO    ][2026-07-23 14:23:08][utils.mpc_utils     ][cem                      ] new mean: tensor([-0.0067,  0.0392, -0.0658, -0.4765], device='cuda:0') tensor([0.1237, 0.1211, 0.1348, 0.9210], device='cuda:0')
[INFO    ][2026-07-23 14:23:15][utils.mpc_utils     ][cem                      ] new mean: tensor([ 4.4832e-04,  3.9051e-02, -6.9267e-02, -5.3333e-01], device='cuda:0') tensor([0.0994, 0.1067, 0.1244, 0.7339], device='cuda:0')
[INFO    ][2026-07-23 14:23:21][utils.mpc_utils     ][cem                      ] new mean: tensor([ 0.0081,  0.0186, -0.1002, -0.5459], device='cuda:0') tensor([0.0814, 0.0883, 0.1044, 0.7195], device='cuda:0')
[INFO    ][2026-07-23 14:23:28][utils.mpc_utils     ][cem                      ] new mean: tensor([ 0.0143,  0.0151, -0.0893, -0.4590], device='cuda:0') tensor([0.0672, 0.0763, 0.0924, 0.5472], device='cuda:0')
    32 |  0.3071 -0.0070 |  0.4298 +0.1064 |          0.1440
[INFO    ][2026-07-23 14:23:35][utils.mpc_utils     ][cem                      ] new mean: tensor([ 0.0751,  0.0566,  0.0365, -0.0887], device='cuda:0') tensor([0.1358, 0.1357, 0.1356, 1.4990], device='cuda:0')
[INFO    ][2026-07-23 14:23:41][utils.mpc_utils     ][cem                      ] new mean: tensor([0.1216, 0.0956, 0.0115, 0.2422], device='cuda:0') tensor([0.1098, 0.1182, 0.1229, 1.0575], device='cuda:0')
[INFO    ][2026-07-23 14:23:48][utils.mpc_utils     ][cem                      ] new mean: tensor([ 0.1359,  0.1172, -0.0226,  0.1166], device='cuda:0') tensor([0.0874, 0.0984, 0.1045, 0.9078], device='cuda:0')
[INFO    ][2026-07-23 14:23:54][utils.mpc_utils     ][cem                      ] new mean: tensor([ 0.1445,  0.1330, -0.0275,  0.2660], device='cuda:0') tensor([0.0679, 0.0815, 0.0878, 0.7596], device='cuda:0')
[INFO    ][2026-07-23 14:24:01][utils.mpc_utils     ][cem                      ] new mean: tensor([ 0.1437,  0.1397, -0.0148,  0.1230], device='cuda:0') tensor([0.0544, 0.0644, 0.0786, 0.7305], device='cuda:0')
[INFO    ][2026-07-23 14:24:08][utils.mpc_utils     ][cem                      ] new mean: tensor([ 0.0868,  0.0588, -0.0116, -0.2019], device='cuda:0') tensor([0.1303, 0.1294, 0.1349, 1.4129], device='cuda:0')
[INFO    ][2026-07-23 14:24:14][utils.mpc_utils     ][cem                      ] new mean: tensor([ 0.1215,  0.1060, -0.0186,  0.0722], device='cuda:0') tensor([0.1052, 0.1075, 0.1217, 1.2114], device='cuda:0')
[INFO    ][2026-07-23 14:24:21][utils.mpc_utils     ][cem                      ] new mean: tensor([ 0.1341,  0.1341, -0.0109, -0.1687], device='cuda:0') tensor([0.0855, 0.0854, 0.0990, 0.8518], device='cuda:0')
[INFO    ][2026-07-23 14:24:27][utils.mpc_utils     ][cem                      ] new mean: tensor([ 0.1375,  0.1391, -0.0111, -0.3871], device='cuda:0') tensor([0.0695, 0.0680, 0.0880, 0.7782], device='cuda:0')
[INFO    ][2026-07-23 14:24:34][utils.mpc_utils     ][cem                      ] new mean: tensor([ 0.1374,  0.1429, -0.0132, -0.4861], device='cuda:0') tensor([0.0590, 0.0534, 0.0805, 0.7132], device='cuda:0')
    64 |  0.3022 -0.0118 |  0.4705 +0.1470 |          0.2166
[INFO    ][2026-07-23 14:24:41][utils.mpc_utils     ][cem                      ] new mean: tensor([0.0645, 0.0498, 0.0422, 0.1411], device='cuda:0') tensor([0.1373, 0.1350, 0.1345, 1.2358], device='cuda:0')
[INFO    ][2026-07-23 14:24:47][utils.mpc_utils     ][cem                      ] new mean: tensor([0.1012, 0.0876, 0.0459, 0.0257], device='cuda:0') tensor([0.1198, 0.1139, 0.1188, 1.0954], device='cuda:0')
[INFO    ][2026-07-23 14:24:54][utils.mpc_utils     ][cem                      ] new mean: tensor([0.1168, 0.1141, 0.0185, 0.2495], device='cuda:0') tensor([0.1024, 0.0994, 0.1082, 0.8454], device='cuda:0')
[INFO    ][2026-07-23 14:25:01][utils.mpc_utils     ][cem                      ] new mean: tensor([0.1356, 0.1333, 0.0118, 0.1796], device='cuda:0') tensor([0.0812, 0.0799, 0.0968, 0.6382], device='cuda:0')
[INFO    ][2026-07-23 14:25:07][utils.mpc_utils     ][cem                      ] new mean: tensor([ 0.1443,  0.1392, -0.0110,  0.1341], device='cuda:0') tensor([0.0633, 0.0645, 0.0893, 0.5617], device='cuda:0')
[INFO    ][2026-07-23 14:25:14][utils.mpc_utils     ][cem                      ] new mean: tensor([ 0.0647,  0.0897,  0.0307, -0.0869], device='cuda:0') tensor([0.1309, 0.1285, 0.1376, 1.3450], device='cuda:0')
[INFO    ][2026-07-23 14:25:20][utils.mpc_utils     ][cem                      ] new mean: tensor([ 0.1116,  0.1116, -0.0228, -0.0827], device='cuda:0') tensor([0.1104, 0.1096, 0.1238, 1.2083], device='cuda:0')
[INFO    ][2026-07-23 14:25:27][utils.mpc_utils     ][cem                      ] new mean: tensor([ 0.1375,  0.1407, -0.0254, -0.0855], device='cuda:0') tensor([0.0854, 0.0839, 0.1154, 1.0085], device='cuda:0')
[INFO    ][2026-07-23 14:25:34][utils.mpc_utils     ][cem                      ] new mean: tensor([ 0.1471,  0.1440, -0.0235,  0.0205], device='cuda:0') tensor([0.0649, 0.0663, 0.1077, 0.8816], device='cuda:0')
[INFO    ][2026-07-23 14:25:40][utils.mpc_utils     ][cem                      ] new mean: tensor([ 0.1433,  0.1471, -0.0257, -0.0215], device='cuda:0') tensor([0.0522, 0.0513, 0.0916, 0.8647], device='cuda:0')
   118 |  0.3302 +0.0161 |  0.4773 +0.1539 |          0.2276
  (v2 verdict wants a column that RISES with t, spread >> jitter; flat everywhere = certificate stays dead on this substrate)
[INFO    ][2026-07-23 14:25:54][utils.mpc_utils     ][cem                      ] new mean: tensor([-0.0232,  0.0180, -0.0187, -0.0954], device='cuda:0') tensor([0.1371, 0.1365, 0.1344, 1.2941], device='cuda:0')
[INFO    ][2026-07-23 14:26:01][utils.mpc_utils     ][cem                      ] new mean: tensor([-0.0356,  0.0267,  0.0036, -0.5570], device='cuda:0') tensor([0.1148, 0.1220, 0.1209, 0.9349], device='cuda:0')
[INFO    ][2026-07-23 14:26:07][utils.mpc_utils     ][cem                      ] new mean: tensor([-0.0379,  0.0147,  0.0010, -0.7403], device='cuda:0') tensor([0.0963, 0.1063, 0.1068, 0.6854], device='cuda:0')
[INFO    ][2026-07-23 14:26:14][utils.mpc_utils     ][cem                      ] new mean: tensor([-0.0317,  0.0104, -0.0014, -0.7759], device='cuda:0') tensor([0.0770, 0.0959, 0.0935, 0.4899], device='cuda:0')
[INFO    ][2026-07-23 14:26:21][utils.mpc_utils     ][cem                      ] new mean: tensor([-0.0231,  0.0024, -0.0095, -0.7124], device='cuda:0') tensor([0.0654, 0.0833, 0.0754, 0.5277], device='cuda:0')
[INFO    ][2026-07-23 14:26:27][utils.mpc_utils     ][cem                      ] new mean: tensor([-0.0245,  0.0046, -0.0102,  0.1531], device='cuda:0') tensor([0.1309, 0.1323, 0.1418, 1.2636], device='cuda:0')
[INFO    ][2026-07-23 14:26:34][utils.mpc_utils     ][cem                      ] new mean: tensor([-0.0255,  0.0080, -0.0133, -0.2653], device='cuda:0') tensor([0.1153, 0.1209, 0.1261, 0.8779], device='cuda:0')
[INFO    ][2026-07-23 14:26:41][utils.mpc_utils     ][cem                      ] new mean: tensor([-0.0297,  0.0049,  0.0012, -0.3652], device='cuda:0') tensor([0.0955, 0.1080, 0.1110, 0.8085], device='cuda:0')
[INFO    ][2026-07-23 14:26:47][utils.mpc_utils     ][cem                      ] new mean: tensor([-0.0286,  0.0187,  0.0228, -0.2097], device='cuda:0') tensor([0.0865, 0.0999, 0.1001, 0.8434], device='cuda:0')
[INFO    ][2026-07-23 14:26:54][utils.mpc_utils     ][cem                      ] new mean: tensor([-0.0241,  0.0296,  0.0191, -0.3525], device='cuda:0') tensor([0.0783, 0.0911, 0.0941, 0.6755], device='cuda:0')

==== C*-V2 LADDERS: droid_ep015.npz (T=77) ====
  self-floor: pooled=0.3549  token=0.3470
     t |  pooled   p-cal |   token   t-cal | raw pooled dist
[INFO    ][2026-07-23 14:27:01][utils.mpc_utils     ][cem                      ] new mean: tensor([-0.0029, -0.0295, -0.0045, -0.1056], device='cuda:0') tensor([0.1354, 0.1347, 0.1386, 1.3160], device='cuda:0')
[INFO    ][2026-07-23 14:27:07][utils.mpc_utils     ][cem                      ] new mean: tensor([-1.9342e-02, -2.7587e-02, -2.5794e-04, -2.8953e-01], device='cuda:0') tensor([0.1192, 0.1218, 0.1273, 1.0229], device='cuda:0')
[INFO    ][2026-07-23 14:27:14][utils.mpc_utils     ][cem                      ] new mean: tensor([-0.0171, -0.0187,  0.0020, -0.2865], device='cuda:0') tensor([0.1087, 0.1162, 0.1127, 0.8382], device='cuda:0')
[INFO    ][2026-07-23 14:27:20][utils.mpc_utils     ][cem                      ] new mean: tensor([-2.2548e-02,  9.7327e-04, -1.2821e-04, -5.1793e-01], device='cuda:0') tensor([0.0987, 0.1085, 0.1013, 0.6929], device='cuda:0')
[INFO    ][2026-07-23 14:27:27][utils.mpc_utils     ][cem                      ] new mean: tensor([-0.0058, -0.0048, -0.0008, -0.6077], device='cuda:0') tensor([0.0887, 0.1084, 0.0924, 0.6307], device='cuda:0')
[INFO    ][2026-07-23 14:27:34][utils.mpc_utils     ][cem                      ] new mean: tensor([-0.0422,  0.0242,  0.0120, -0.2719], device='cuda:0') tensor([0.1264, 0.1382, 0.1350, 1.1578], device='cuda:0')
[INFO    ][2026-07-23 14:27:40][utils.mpc_utils     ][cem                      ] new mean: tensor([-0.0162,  0.0245,  0.0285, -0.2016], device='cuda:0') tensor([0.1142, 0.1291, 0.1244, 1.0430], device='cuda:0')
[INFO    ][2026-07-23 14:27:47][utils.mpc_utils     ][cem                      ] new mean: tensor([-0.0025,  0.0025,  0.0129, -0.1773], device='cuda:0') tensor([0.1078, 0.1233, 0.1152, 0.9774], device='cuda:0')
[INFO    ][2026-07-23 14:27:54][utils.mpc_utils     ][cem                      ] new mean: tensor([-0.0161,  0.0123,  0.0053, -0.2823], device='cuda:0') tensor([0.0976, 0.1162, 0.1031, 0.8378], device='cuda:0')
[INFO    ][2026-07-23 14:28:00][utils.mpc_utils     ][cem                      ] new mean: tensor([-0.0240,  0.0159,  0.0008, -0.3920], device='cuda:0') tensor([0.0858, 0.1094, 0.0873, 0.6483], device='cuda:0')
     1 |  0.3622 +0.0073 |  0.3897 +0.0427 |          0.0738
[INFO    ][2026-07-23 14:28:07][utils.mpc_utils     ][cem                      ] new mean: tensor([-0.0173,  0.0064, -0.0155, -0.0325], device='cuda:0') tensor([0.1399, 0.1360, 0.1349, 1.2963], device='cuda:0')
[INFO    ][2026-07-23 14:28:13][utils.mpc_utils     ][cem                      ] new mean: tensor([-0.0184, -0.0093, -0.0126, -0.3201], device='cuda:0') tensor([0.1286, 0.1286, 0.1223, 0.9227], device='cuda:0')
[INFO    ][2026-07-23 14:28:20][utils.mpc_utils     ][cem                      ] new mean: tensor([-0.0095,  0.0067,  0.0053, -0.2623], device='cuda:0') tensor([0.1176, 0.1153, 0.1099, 0.7972], device='cuda:0')
[INFO    ][2026-07-23 14:28:27][utils.mpc_utils     ][cem                      ] new mean: tensor([-0.0129, -0.0037,  0.0119,  0.0067], device='cuda:0') tensor([0.1100, 0.1062, 0.0953, 0.6076], device='cuda:0')
[INFO    ][2026-07-23 14:28:33][utils.mpc_utils     ][cem                      ] new mean: tensor([-3.2971e-02,  7.5769e-05,  1.5979e-02, -7.5012e-03], device='cuda:0') tensor([0.0895, 0.1012, 0.0783, 0.6776], device='cuda:0')
[INFO    ][2026-07-23 14:28:40][utils.mpc_utils     ][cem                      ] new mean: tensor([-0.0167,  0.0141,  0.0009, -0.3132], device='cuda:0') tensor([0.1254, 0.1382, 0.1357, 1.2538], device='cuda:0')
[INFO    ][2026-07-23 14:28:47][utils.mpc_utils     ][cem                      ] new mean: tensor([-0.0192,  0.0086,  0.0081, -0.4188], device='cuda:0') tensor([0.1135, 0.1178, 0.1208, 0.8205], device='cuda:0')
[INFO    ][2026-07-23 14:28:53][utils.mpc_utils     ][cem                      ] new mean: tensor([-0.0282,  0.0255,  0.0030, -0.5403], device='cuda:0') tensor([0.1025, 0.1102, 0.1116, 0.7411], device='cuda:0')
[INFO    ][2026-07-23 14:29:00][utils.mpc_utils     ][cem                      ] new mean: tensor([-0.0334,  0.0361,  0.0150, -0.4493], device='cuda:0') tensor([0.0912, 0.1032, 0.1021, 0.6298], device='cuda:0')
[INFO    ][2026-07-23 14:29:06][utils.mpc_utils     ][cem                      ] new mean: tensor([-0.0237,  0.0394,  0.0125, -0.4665], device='cuda:0') tensor([0.0833, 0.0989, 0.0934, 0.6831], device='cuda:0')
     2 |  0.3594 +0.0045 |  0.3823 +0.0353 |          0.0588
[INFO    ][2026-07-23 14:29:13][utils.mpc_utils     ][cem                      ] new mean: tensor([ 0.0053, -0.0110,  0.0310, -0.0178], device='cuda:0') tensor([0.1382, 0.1416, 0.1286, 1.3432], device='cuda:0')
[INFO    ][2026-07-23 14:29:20][utils.mpc_utils     ][cem                      ] new mean: tensor([ 0.0108, -0.0304,  0.0194, -0.1899], device='cuda:0') tensor([0.1250, 0.1287, 0.1100, 1.0869], device='cuda:0')
[INFO    ][2026-07-23 14:29:26][utils.mpc_utils     ][cem                      ] new mean: tensor([ 0.0180, -0.0471,  0.0205,  0.1501], device='cuda:0') tensor([0.1166, 0.1176, 0.0948, 1.0543], device='cuda:0')
[INFO    ][2026-07-23 14:29:33][utils.mpc_utils     ][cem                      ] new mean: tensor([-0.0050, -0.0362,  0.0287, -0.0722], device='cuda:0') tensor([0.1133, 0.1081, 0.0822, 0.7852], device='cuda:0')
[INFO    ][2026-07-23 14:29:40][utils.mpc_utils     ][cem                      ] new mean: tensor([ 0.0034, -0.0540,  0.0288, -0.1831], device='cuda:0') tensor([0.1066, 0.1017, 0.0761, 0.7871], device='cuda:0')
[INFO    ][2026-07-23 14:29:46][utils.mpc_utils     ][cem                      ] new mean: tensor([-0.0168, -0.0279,  0.0231, -0.0294], device='cuda:0') tensor([0.1402, 0.1366, 0.1379, 1.4040], device='cuda:0')
[INFO    ][2026-07-23 14:29:53][utils.mpc_utils     ][cem                      ] new mean: tensor([-0.0175, -0.0254,  0.0241,  0.2297], device='cuda:0') tensor([0.1320, 0.1295, 0.1221, 0.9612], device='cuda:0')
[INFO    ][2026-07-23 14:29:59][utils.mpc_utils     ][cem                      ] new mean: tensor([-0.0288, -0.0075,  0.0583, -0.0167], device='cuda:0') tensor([0.1232, 0.1219, 0.1037, 0.8230], device='cuda:0')
[INFO    ][2026-07-23 14:30:06][utils.mpc_utils     ][cem                      ] new mean: tensor([-0.0298, -0.0271,  0.0642,  0.0299], device='cuda:0') tensor([0.1157, 0.1116, 0.0890, 0.7525], device='cuda:0')
[INFO    ][2026-07-23 14:30:13][utils.mpc_utils     ][cem                      ] new mean: tensor([-0.0296, -0.0253,  0.0692, -0.0653], device='cuda:0') tensor([0.0985, 0.1048, 0.0791, 0.7184], device='cuda:0')
     4 |  0.3527 -0.0022 |  0.4054 +0.0584 |          0.1118
[INFO    ][2026-07-23 14:30:19][utils.mpc_utils     ][cem                      ] new mean: tensor([-0.0216,  0.0045,  0.0342, -0.0599], device='cuda:0') tensor([0.1389, 0.1388, 0.1396, 1.3432], device='cuda:0')
[INFO    ][2026-07-23 14:30:26][utils.mpc_utils     ][cem                      ] new mean: tensor([-0.0039,  0.0202,  0.0349, -0.0871], device='cuda:0') tensor([0.1264, 0.1335, 0.1239, 1.0302], device='cuda:0')
[INFO    ][2026-07-23 14:30:33][utils.mpc_utils     ][cem                      ] new mean: tensor([-0.0217,  0.0479,  0.0593,  0.0755], device='cuda:0') tensor([0.1174, 0.1273, 0.1086, 0.8017], device='cuda:0')
[INFO    ][2026-07-23 14:30:39][utils.mpc_utils     ][cem                      ] new mean: tensor([-0.0288,  0.0594,  0.0617,  0.0722], device='cuda:0') tensor([0.1080, 0.1182, 0.1012, 0.5840], device='cuda:0')
[INFO    ][2026-07-23 14:30:46][utils.mpc_utils     ][cem                      ] new mean: tensor([-0.0326,  0.0424,  0.0497, -0.0318], device='cuda:0') tensor([0.0976, 0.1132, 0.0889, 0.5559], device='cuda:0')
[INFO    ][2026-07-23 14:30:53][utils.mpc_utils     ][cem                      ] new mean: tensor([ 0.0046, -0.0122,  0.0380,  0.1081], device='cuda:0') tensor([0.1296, 0.1399, 0.1316, 1.4504], device='cuda:0')
[INFO    ][2026-07-23 14:30:59][utils.mpc_utils     ][cem                      ] new mean: tensor([-0.0047, -0.0080,  0.0439,  0.0014], device='cuda:0') tensor([0.1129, 0.1342, 0.1128, 1.1267], device='cuda:0')
[INFO    ][2026-07-23 14:31:06][utils.mpc_utils     ][cem                      ] new mean: tensor([-0.0101, -0.0044,  0.0510, -0.2588], device='cuda:0') tensor([0.0973, 0.1279, 0.1001, 0.8517], device='cuda:0')
[INFO    ][2026-07-23 14:31:12][utils.mpc_utils     ][cem                      ] new mean: tensor([-0.0168,  0.0208,  0.0511, -0.3311], device='cuda:0') tensor([0.0876, 0.1156, 0.0844, 0.7764], device='cuda:0')
[INFO    ][2026-07-23 14:31:19][utils.mpc_utils     ][cem                      ] new mean: tensor([-0.0232,  0.0228,  0.0575, -0.4711], device='cuda:0') tensor([0.0721, 0.1009, 0.0718, 0.6814], device='cuda:0')
     8 |  0.3595 +0.0046 |  0.4114 +0.0644 |          0.1439
[INFO    ][2026-07-23 14:31:26][utils.mpc_utils     ][cem                      ] new mean: tensor([ 0.0199,  0.0165,  0.0277, -0.2341], device='cuda:0') tensor([0.1345, 0.1398, 0.1395, 1.1231], device='cuda:0')
[INFO    ][2026-07-23 14:31:32][utils.mpc_utils     ][cem                      ] new mean: tensor([-0.0005,  0.0122,  0.0849, -0.1687], device='cuda:0') tensor([0.1280, 0.1312, 0.1253, 1.0174], device='cuda:0')
[INFO    ][2026-07-23 14:31:39][utils.mpc_utils     ][cem                      ] new mean: tensor([-0.0135,  0.0266,  0.1185, -0.5927], device='cuda:0') tensor([0.1152, 0.1253, 0.1035, 0.8442], device='cuda:0')
[INFO    ][2026-07-23 14:31:45][utils.mpc_utils     ][cem                      ] new mean: tensor([ 0.0182,  0.0027,  0.1247, -0.6466], device='cuda:0') tensor([0.1066, 0.1198, 0.0841, 0.6512], device='cuda:0')
[INFO    ][2026-07-23 14:31:52][utils.mpc_utils     ][cem                      ] new mean: tensor([ 0.0213, -0.0154,  0.1344, -0.6004], device='cuda:0') tensor([0.0902, 0.1141, 0.0667, 0.6226], device='cuda:0')
[INFO    ][2026-07-23 14:31:59][utils.mpc_utils     ][cem                      ] new mean: tensor([0.0014, 0.0034, 0.0672, 0.1084], device='cuda:0') tensor([0.1393, 0.1442, 0.1365, 1.3193], device='cuda:0')
[INFO    ][2026-07-23 14:32:05][utils.mpc_utils     ][cem                      ] new mean: tensor([-0.0183, -0.0079,  0.1262, -0.1420], device='cuda:0') tensor([0.1175, 0.1382, 0.1068, 0.8676], device='cuda:0')
[INFO    ][2026-07-23 14:32:12][utils.mpc_utils     ][cem                      ] new mean: tensor([-0.0005, -0.0091,  0.1361, -0.2748], device='cuda:0') tensor([0.1001, 0.1296, 0.0839, 0.6445], device='cuda:0')
[INFO    ][2026-07-23 14:32:19][utils.mpc_utils     ][cem                      ] new mean: tensor([ 0.0032, -0.0179,  0.1415, -0.4141], device='cuda:0') tensor([0.0795, 0.1142, 0.0664, 0.5500], device='cuda:0')
[INFO    ][2026-07-23 14:32:25][utils.mpc_utils     ][cem                      ] new mean: tensor([ 0.0060, -0.0008,  0.1443, -0.5516], device='cuda:0') tensor([0.0654, 0.0943, 0.0529, 0.5459], device='cuda:0')
    16 |  0.3713 +0.0164 |  0.4389 +0.0920 |          0.2281
[INFO    ][2026-07-23 14:32:32][utils.mpc_utils     ][cem                      ] new mean: tensor([ 0.0392, -0.0244,  0.0368, -0.3083], device='cuda:0') tensor([0.1366, 0.1377, 0.1408, 1.2181], device='cuda:0')
[INFO    ][2026-07-23 14:32:39][utils.mpc_utils     ][cem                      ] new mean: tensor([ 0.0286, -0.0129,  0.0708, -0.6170], device='cuda:0') tensor([0.1233, 0.1310, 0.1258, 0.8294], device='cuda:0')
[INFO    ][2026-07-23 14:32:45][utils.mpc_utils     ][cem                      ] new mean: tensor([ 0.0228, -0.0094,  0.0981, -0.8325], device='cuda:0') tensor([0.1131, 0.1285, 0.1054, 0.5822], device='cuda:0')
[INFO    ][2026-07-23 14:32:52][utils.mpc_utils     ][cem                      ] new mean: tensor([ 0.0318, -0.0177,  0.1233, -0.8350], device='cuda:0') tensor([0.1044, 0.1208, 0.0860, 0.5985], device='cuda:0')
[INFO    ][2026-07-23 14:32:58][utils.mpc_utils     ][cem                      ] new mean: tensor([ 0.0203, -0.0079,  0.1082, -0.9507], device='cuda:0') tensor([0.1038, 0.1069, 0.0771, 0.4078], device='cuda:0')
[INFO    ][2026-07-23 14:33:05][utils.mpc_utils     ][cem                      ] new mean: tensor([ 0.0452,  0.0323,  0.0339, -0.4616], device='cuda:0') tensor([0.1338, 0.1366, 0.1336, 1.2748], device='cuda:0')
[INFO    ][2026-07-23 14:33:12][utils.mpc_utils     ][cem                      ] new mean: tensor([ 0.0009,  0.0448,  0.0697, -0.5473], device='cuda:0') tensor([0.1251, 0.1293, 0.1185, 0.9568], device='cuda:0')
[INFO    ][2026-07-23 14:33:18][utils.mpc_utils     ][cem                      ] new mean: tensor([-0.0084,  0.0441,  0.0979, -0.5392], device='cuda:0') tensor([0.1161, 0.1201, 0.1033, 0.8707], device='cuda:0')
[INFO    ][2026-07-23 14:33:25][utils.mpc_utils     ][cem                      ] new mean: tensor([ 0.0028,  0.0467,  0.1103, -0.5354], device='cuda:0') tensor([0.1045, 0.1118, 0.0878, 0.7541], device='cuda:0')
[INFO    ][2026-07-23 14:33:31][utils.mpc_utils     ][cem                      ] new mean: tensor([-0.0056,  0.0290,  0.1207, -0.3692], device='cuda:0') tensor([0.1000, 0.1001, 0.0746, 0.6945], device='cuda:0')
    32 |  0.3654 +0.0105 |  0.4314 +0.0844 |          0.2308
[INFO    ][2026-07-23 14:33:38][utils.mpc_utils     ][cem                      ] new mean: tensor([ 0.0503,  0.0947, -0.0592, -0.3638], device='cuda:0') tensor([0.1335, 0.1303, 0.1389, 1.2033], device='cuda:0')
[INFO    ][2026-07-23 14:33:45][utils.mpc_utils     ][cem                      ] new mean: tensor([ 0.1025,  0.0923, -0.1308, -0.6648], device='cuda:0') tensor([0.1133, 0.1137, 0.1079, 0.9620], device='cuda:0')
[INFO    ][2026-07-23 14:33:51][utils.mpc_utils     ][cem                      ] new mean: tensor([ 0.1069,  0.1282, -0.1405, -0.6986], device='cuda:0') tensor([0.0949, 0.0904, 0.0842, 0.7201], device='cuda:0')
[INFO    ][2026-07-23 14:33:58][utils.mpc_utils     ][cem                      ] new mean: tensor([ 0.1045,  0.1377, -0.1444, -0.9164], device='cuda:0') tensor([0.0812, 0.0717, 0.0651, 0.4095], device='cuda:0')
[INFO    ][2026-07-23 14:34:05][utils.mpc_utils     ][cem                      ] new mean: tensor([ 0.1051,  0.1340, -0.1473, -1.0098], device='cuda:0') tensor([0.0646, 0.0595, 0.0501, 0.2664], device='cuda:0')
[INFO    ][2026-07-23 14:34:11][utils.mpc_utils     ][cem                      ] new mean: tensor([-0.0170,  0.0315,  0.0261, -0.3673], device='cuda:0') tensor([0.1363, 0.1430, 0.1418, 1.3517], device='cuda:0')
[INFO    ][2026-07-23 14:34:18][utils.mpc_utils     ][cem                      ] new mean: tensor([ 0.0062,  0.0675,  0.0848, -0.6022], device='cuda:0') tensor([0.1199, 0.1268, 0.1292, 0.9259], device='cuda:0')
[INFO    ][2026-07-23 14:34:24][utils.mpc_utils     ][cem                      ] new mean: tensor([ 0.0368,  0.0625,  0.1074, -0.5264], device='cuda:0') tensor([0.1081, 0.1145, 0.1205, 0.8445], device='cuda:0')
[INFO    ][2026-07-23 14:34:31][utils.mpc_utils     ][cem                      ] new mean: tensor([ 0.0332,  0.0547,  0.1384, -0.6329], device='cuda:0') tensor([0.0980, 0.1026, 0.0931, 0.7053], device='cuda:0')
[INFO    ][2026-07-23 14:34:38][utils.mpc_utils     ][cem                      ] new mean: tensor([ 0.0241,  0.0574,  0.1465, -0.6736], device='cuda:0') tensor([0.0891, 0.0931, 0.0707, 0.5741], device='cuda:0')
    64 |  0.3755 +0.0206 |  0.4485 +0.1015 |          0.2921
[INFO    ][2026-07-23 14:34:44][utils.mpc_utils     ][cem                      ] new mean: tensor([-0.0655,  0.0080, -0.0145, -0.4821], device='cuda:0') tensor([0.1317, 0.1423, 0.1456, 1.1284], device='cuda:0')
[INFO    ][2026-07-23 14:34:51][utils.mpc_utils     ][cem                      ] new mean: tensor([-0.0795, -0.0073, -0.0233, -0.7830], device='cuda:0') tensor([0.1223, 0.1318, 0.1342, 0.8608], device='cuda:0')
[INFO    ][2026-07-23 14:34:58][utils.mpc_utils     ][cem                      ] new mean: tensor([-0.0902, -0.0069,  0.0020, -0.9052], device='cuda:0') tensor([0.1115, 0.1280, 0.1329, 0.6526], device='cuda:0')
[INFO    ][2026-07-23 14:35:04][utils.mpc_utils     ][cem                      ] new mean: tensor([-0.1036, -0.0503,  0.0505, -0.9836], device='cuda:0') tensor([0.1004, 0.1207, 0.1275, 0.4435], device='cuda:0')
[INFO    ][2026-07-23 14:35:11][utils.mpc_utils     ][cem                      ] new mean: tensor([-0.1148, -0.0850,  0.0693, -0.9363], device='cuda:0') tensor([0.0820, 0.1070, 0.1127, 0.4425], device='cuda:0')
[INFO    ][2026-07-23 14:35:17][utils.mpc_utils     ][cem                      ] new mean: tensor([-0.0247,  0.0164, -0.0557, -0.5561], device='cuda:0') tensor([0.1354, 0.1470, 0.1367, 0.9502], device='cuda:0')
[INFO    ][2026-07-23 14:35:24][utils.mpc_utils     ][cem                      ] new mean: tensor([-0.0242,  0.0488, -0.0791, -0.7371], device='cuda:0') tensor([0.1269, 0.1329, 0.1256, 0.6649], device='cuda:0')
[INFO    ][2026-07-23 14:35:31][utils.mpc_utils     ][cem                      ] new mean: tensor([ 0.0214,  0.1142, -0.1019, -0.8123], device='cuda:0') tensor([0.1184, 0.1106, 0.1103, 0.5936], device='cuda:0')
[INFO    ][2026-07-23 14:35:37][utils.mpc_utils     ][cem                      ] new mean: tensor([ 0.0231,  0.1316, -0.1175, -0.9441], device='cuda:0') tensor([0.1020, 0.0893, 0.0954, 0.4782], device='cuda:0')
[INFO    ][2026-07-23 14:35:44][utils.mpc_utils     ][cem                      ] new mean: tensor([ 0.0123,  0.1451, -0.1215, -1.0546], device='cuda:0') tensor([0.0867, 0.0687, 0.0807, 0.3245], device='cuda:0')
    76 |  0.3514 -0.0035 |  0.4380 +0.0910 |          0.2339
  (v2 verdict wants a column that RISES with t, spread >> jitter; flat everywhere = certificate stays dead on this substrate)
[INFO    ][2026-07-23 14:35:53][utils.mpc_utils     ][cem                      ] new mean: tensor([-0.0203,  0.0162, -0.0197, -0.1032], device='cuda:0') tensor([0.1271, 0.1312, 0.1317, 1.2839], device='cuda:0')
[INFO    ][2026-07-23 14:35:59][utils.mpc_utils     ][cem                      ] new mean: tensor([-0.0230,  0.0266, -0.0067, -0.2527], device='cuda:0') tensor([0.1098, 0.1171, 0.1188, 0.9911], device='cuda:0')
[INFO    ][2026-07-23 14:36:06][utils.mpc_utils     ][cem                      ] new mean: tensor([-0.0201,  0.0089,  0.0141, -0.3690], device='cuda:0') tensor([0.0908, 0.1053, 0.1023, 0.6861], device='cuda:0')
[INFO    ][2026-07-23 14:36:13][utils.mpc_utils     ][cem                      ] new mean: tensor([-0.0438,  0.0082,  0.0056, -0.2630], device='cuda:0') tensor([0.0787, 0.0958, 0.0910, 0.5925], device='cuda:0')
[INFO    ][2026-07-23 14:36:19][utils.mpc_utils     ][cem                      ] new mean: tensor([-0.0331,  0.0046, -0.0033, -0.3349], device='cuda:0') tensor([0.0725, 0.0872, 0.0816, 0.4356], device='cuda:0')
[INFO    ][2026-07-23 14:36:26][utils.mpc_utils     ][cem                      ] new mean: tensor([-0.0176,  0.0186,  0.0036,  0.3148], device='cuda:0') tensor([0.1294, 0.1333, 0.1352, 1.3086], device='cuda:0')
[INFO    ][2026-07-23 14:36:32][utils.mpc_utils     ][cem                      ] new mean: tensor([-0.0015,  0.0092,  0.0033,  0.1661], device='cuda:0') tensor([0.1162, 0.1157, 0.1165, 1.0404], device='cuda:0')
[INFO    ][2026-07-23 14:36:39][utils.mpc_utils     ][cem                      ] new mean: tensor([ 0.0356,  0.0089, -0.0154,  0.1867], device='cuda:0') tensor([0.0961, 0.1048, 0.1051, 0.9145], device='cuda:0')
[INFO    ][2026-07-23 14:36:46][utils.mpc_utils     ][cem                      ] new mean: tensor([ 0.0209, -0.0008, -0.0288, -0.0080], device='cuda:0') tensor([0.0853, 0.0968, 0.0914, 0.7208], device='cuda:0')
[INFO    ][2026-07-23 14:36:52][utils.mpc_utils     ][cem                      ] new mean: tensor([-0.0136,  0.0305, -0.0147, -0.0244], device='cuda:0') tensor([0.0775, 0.0852, 0.0845, 0.6731], device='cuda:0')

==== C*-V2 LADDERS: droid_ep016.npz (T=58) ====
  self-floor: pooled=0.2628  token=0.2792
     t |  pooled   p-cal |   token   t-cal | raw pooled dist
[INFO    ][2026-07-23 14:36:59][utils.mpc_utils     ][cem                      ] new mean: tensor([-0.0120,  0.0065,  0.0325, -0.1061], device='cuda:0') tensor([0.1297, 0.1365, 0.1338, 1.1089], device='cuda:0')
[INFO    ][2026-07-23 14:37:06][utils.mpc_utils     ][cem                      ] new mean: tensor([-0.0250,  0.0243,  0.0115, -0.1771], device='cuda:0') tensor([0.1161, 0.1215, 0.1189, 0.6288], device='cuda:0')
[INFO    ][2026-07-23 14:37:12][utils.mpc_utils     ][cem                      ] new mean: tensor([-0.0245,  0.0145,  0.0241, -0.3277], device='cuda:0') tensor([0.1028, 0.1069, 0.1010, 0.6023], device='cuda:0')
[INFO    ][2026-07-23 14:37:19][utils.mpc_utils     ][cem                      ] new mean: tensor([-0.0165,  0.0232,  0.0168, -0.2098], device='cuda:0') tensor([0.0911, 0.0966, 0.0881, 0.3823], device='cuda:0')
[INFO    ][2026-07-23 14:37:25][utils.mpc_utils     ][cem                      ] new mean: tensor([-0.0105,  0.0155, -0.0027, -0.3499], device='cuda:0') tensor([0.0834, 0.0931, 0.0824, 0.3137], device='cuda:0')
[INFO    ][2026-07-23 14:37:32][utils.mpc_utils     ][cem                      ] new mean: tensor([-0.0201,  0.0076, -0.0149,  0.2886], device='cuda:0') tensor([0.1295, 0.1351, 0.1319, 1.3088], device='cuda:0')
[INFO    ][2026-07-23 14:37:39][utils.mpc_utils     ][cem                      ] new mean: tensor([-0.0376,  0.0269, -0.0187, -0.0150], device='cuda:0') tensor([0.1108, 0.1182, 0.1145, 0.9977], device='cuda:0')
[INFO    ][2026-07-23 14:37:45][utils.mpc_utils     ][cem                      ] new mean: tensor([-0.0352,  0.0576, -0.0109,  0.1453], device='cuda:0') tensor([0.0979, 0.1067, 0.0998, 0.8307], device='cuda:0')
[INFO    ][2026-07-23 14:37:52][utils.mpc_utils     ][cem                      ] new mean: tensor([-0.0382,  0.0189, -0.0268,  0.0766], device='cuda:0') tensor([0.0839, 0.0973, 0.0925, 0.7355], device='cuda:0')
[INFO    ][2026-07-23 14:37:58][utils.mpc_utils     ][cem                      ] new mean: tensor([-0.0176,  0.0266, -0.0321,  0.0238], device='cuda:0') tensor([0.0769, 0.0905, 0.0827, 0.6960], device='cuda:0')
     1 |  0.2507 -0.0121 |  0.3325 +0.0534 |          0.0686
[INFO    ][2026-07-23 14:38:05][utils.mpc_utils     ][cem                      ] new mean: tensor([-0.0425,  0.0329,  0.0140,  0.1589], device='cuda:0') tensor([0.1289, 0.1296, 0.1321, 1.2521], device='cuda:0')
[INFO    ][2026-07-23 14:38:12][utils.mpc_utils     ][cem                      ] new mean: tensor([-0.0272,  0.0398,  0.0112, -0.0358], device='cuda:0') tensor([0.1123, 0.1133, 0.1181, 0.7607], device='cuda:0')
[INFO    ][2026-07-23 14:38:18][utils.mpc_utils     ][cem                      ] new mean: tensor([-0.0100,  0.0324, -0.0205,  0.0399], device='cuda:0') tensor([0.1004, 0.1045, 0.1051, 0.7615], device='cuda:0')
[INFO    ][2026-07-23 14:38:25][utils.mpc_utils     ][cem                      ] new mean: tensor([-0.0113,  0.0212, -0.0017, -0.0481], device='cuda:0') tensor([0.0931, 0.0928, 0.0956, 0.7726], device='cuda:0')
[INFO    ][2026-07-23 14:38:31][utils.mpc_utils     ][cem                      ] new mean: tensor([-0.0151,  0.0194,  0.0125, -0.2306], device='cuda:0') tensor([0.0856, 0.0853, 0.0843, 0.6446], device='cuda:0')
[INFO    ][2026-07-23 14:38:38][utils.mpc_utils     ][cem                      ] new mean: tensor([-0.0119,  0.0209,  0.0085,  0.5307], device='cuda:0') tensor([0.1311, 0.1377, 0.1290, 1.1261], device='cuda:0')
[INFO    ][2026-07-23 14:38:45][utils.mpc_utils     ][cem                      ] new mean: tensor([-0.0166,  0.0166,  0.0019,  0.2897], device='cuda:0') tensor([0.1156, 0.1153, 0.1150, 0.9186], device='cuda:0')
[INFO    ][2026-07-23 14:38:51][utils.mpc_utils     ][cem                      ] new mean: tensor([-0.0037,  0.0466,  0.0038, -0.0086], device='cuda:0') tensor([0.1047, 0.0965, 0.1022, 0.6354], device='cuda:0')
[INFO    ][2026-07-23 14:38:58][utils.mpc_utils     ][cem                      ] new mean: tensor([ 0.0018,  0.0486, -0.0009, -0.0996], device='cuda:0') tensor([0.0957, 0.0877, 0.0941, 0.4416], device='cuda:0')
[INFO    ][2026-07-23 14:39:05][utils.mpc_utils     ][cem                      ] new mean: tensor([-0.0093,  0.0174, -0.0023, -0.0774], device='cuda:0') tensor([0.0906, 0.0817, 0.0841, 0.4221], device='cuda:0')
     2 |  0.2299 -0.0329 |  0.3195 +0.0403 |          0.1103
[INFO    ][2026-07-23 14:39:12][utils.mpc_utils     ][cem                      ] new mean: tensor([-0.0152,  0.0217,  0.0307, -0.1372], device='cuda:0') tensor([0.1296, 0.1326, 0.1332, 1.2192], device='cuda:0')
[INFO    ][2026-07-23 14:39:18][utils.mpc_utils     ][cem                      ] new mean: tensor([-0.0181,  0.0190,  0.0274,  0.0128], device='cuda:0') tensor([0.1158, 0.1204, 0.1205, 1.0645], device='cuda:0')
[INFO    ][2026-07-23 14:39:25][utils.mpc_utils     ][cem                      ] new mean: tensor([-0.0355,  0.0311,  0.0232,  0.0854], device='cuda:0') tensor([0.1019, 0.1068, 0.1068, 0.9500], device='cuda:0')
[INFO    ][2026-07-23 14:39:32][utils.mpc_utils     ][cem                      ] new mean: tensor([-0.0311,  0.0445,  0.0431, -0.0610], device='cuda:0') tensor([0.0928, 0.0953, 0.0959, 0.9181], device='cuda:0')
[INFO    ][2026-07-23 14:39:38][utils.mpc_utils     ][cem                      ] new mean: tensor([-0.0382,  0.0539,  0.0499, -0.0644], device='cuda:0') tensor([0.0826, 0.0894, 0.0888, 0.8195], device='cuda:0')
[INFO    ][2026-07-23 14:39:45][utils.mpc_utils     ][cem                      ] new mean: tensor([-0.0399,  0.0352,  0.0249,  0.1121], device='cuda:0') tensor([0.1243, 0.1363, 0.1306, 1.3002], device='cuda:0')
[INFO    ][2026-07-23 14:39:51][utils.mpc_utils     ][cem                      ] new mean: tensor([-0.0269,  0.0222,  0.0209, -0.3397], device='cuda:0') tensor([0.1116, 0.1227, 0.1180, 0.8567], device='cuda:0')
[INFO    ][2026-07-23 14:39:58][utils.mpc_utils     ][cem                      ] new mean: tensor([-0.0176,  0.0434,  0.0009, -0.2851], device='cuda:0') tensor([0.0992, 0.1153, 0.1012, 0.6920], device='cuda:0')
[INFO    ][2026-07-23 14:40:05][utils.mpc_utils     ][cem                      ] new mean: tensor([-0.0276,  0.0326,  0.0096, -0.3483], device='cuda:0') tensor([0.0885, 0.1046, 0.0918, 0.6491], device='cuda:0')
[INFO    ][2026-07-23 14:40:11][utils.mpc_utils     ][cem                      ] new mean: tensor([-0.0211,  0.0112, -0.0058, -0.3719], device='cuda:0') tensor([0.0805, 0.0958, 0.0831, 0.5052], device='cuda:0')
     4 |  0.2665 +0.0037 |  0.3632 +0.0840 |          0.0929
[INFO    ][2026-07-23 14:40:18][utils.mpc_utils     ][cem                      ] new mean: tensor([0.0240, 0.0045, 0.0359, 0.3983], device='cuda:0') tensor([0.1301, 0.1428, 0.1288, 1.1764], device='cuda:0')
[INFO    ][2026-07-23 14:40:25][utils.mpc_utils     ][cem                      ] new mean: tensor([0.0444, 0.0356, 0.0435, 0.2112], device='cuda:0') tensor([0.1159, 0.1310, 0.1140, 0.7302], device='cuda:0')
[INFO    ][2026-07-23 14:40:31][utils.mpc_utils     ][cem                      ] new mean: tensor([0.0246, 0.0352, 0.0257, 0.2672], device='cuda:0') tensor([0.1012, 0.1197, 0.0994, 0.7206], device='cuda:0')
[INFO    ][2026-07-23 14:40:38][utils.mpc_utils     ][cem                      ] new mean: tensor([0.0382, 0.0307, 0.0264, 0.3107], device='cuda:0') tensor([0.0918, 0.1141, 0.0867, 0.6582], device='cuda:0')
[INFO    ][2026-07-23 14:40:44][utils.mpc_utils     ][cem                      ] new mean: tensor([0.0356, 0.0707, 0.0410, 0.4533], device='cuda:0') tensor([0.0856, 0.1057, 0.0817, 0.5798], device='cuda:0')
[INFO    ][2026-07-23 14:40:51][utils.mpc_utils     ][cem                      ] new mean: tensor([-0.0041,  0.0333,  0.0298,  0.5587], device='cuda:0') tensor([0.1319, 0.1388, 0.1311, 1.1663], device='cuda:0')
[INFO    ][2026-07-23 14:40:58][utils.mpc_utils     ][cem                      ] new mean: tensor([0.0272, 0.0573, 0.0567, 0.5617], device='cuda:0') tensor([0.1177, 0.1254, 0.1140, 0.8557], device='cuda:0')
[INFO    ][2026-07-23 14:41:04][utils.mpc_utils     ][cem                      ] new mean: tensor([0.0340, 0.0264, 0.0414, 0.6638], device='cuda:0') tensor([0.1054, 0.1125, 0.1038, 0.6553], device='cuda:0')
[INFO    ][2026-07-23 14:41:11][utils.mpc_utils     ][cem                      ] new mean: tensor([0.0519, 0.0588, 0.0491, 0.5940], device='cuda:0') tensor([0.0957, 0.1114, 0.0961, 0.6220], device='cuda:0')
[INFO    ][2026-07-23 14:41:17][utils.mpc_utils     ][cem                      ] new mean: tensor([0.0328, 0.0619, 0.0414, 0.6458], device='cuda:0') tensor([0.0846, 0.1052, 0.0897, 0.5709], device='cuda:0')
     8 |  0.2685 +0.0057 |  0.3682 +0.0890 |          0.1051
[INFO    ][2026-07-23 14:41:24][utils.mpc_utils     ][cem                      ] new mean: tensor([ 0.0615, -0.0024,  0.0126, -0.8191], device='cuda:0') tensor([0.1255, 0.1400, 0.1359, 1.0906], device='cuda:0')
[INFO    ][2026-07-23 14:41:31][utils.mpc_utils     ][cem                      ] new mean: tensor([ 0.0770, -0.0014,  0.0086, -1.0633], device='cuda:0') tensor([0.1069, 0.1328, 0.1222, 0.4888], device='cuda:0')
[INFO    ][2026-07-23 14:41:37][utils.mpc_utils     ][cem                      ] new mean: tensor([ 0.0818,  0.0045,  0.0137, -0.9192], device='cuda:0') tensor([0.0943, 0.1257, 0.1107, 0.5224], device='cuda:0')
[INFO    ][2026-07-23 14:41:44][utils.mpc_utils     ][cem                      ] new mean: tensor([ 0.0964,  0.0150,  0.0247, -1.0307], device='cuda:0') tensor([0.0807, 0.1113, 0.0992, 0.3742], device='cuda:0')
[INFO    ][2026-07-23 14:41:50][utils.mpc_utils     ][cem                      ] new mean: tensor([ 0.0906,  0.0634, -0.0055, -1.0585], device='cuda:0') tensor([0.0735, 0.0919, 0.0889, 0.2882], device='cuda:0')
[INFO    ][2026-07-23 14:41:57][utils.mpc_utils     ][cem                      ] new mean: tensor([ 0.0542,  0.0262,  0.0190, -0.3821], device='cuda:0') tensor([0.1270, 0.1419, 0.1409, 1.2669], device='cuda:0')
[INFO    ][2026-07-23 14:42:04][utils.mpc_utils     ][cem                      ] new mean: tensor([ 0.0503,  0.0373,  0.0033, -0.2380], device='cuda:0') tensor([0.1060, 0.1367, 0.1268, 0.5718], device='cuda:0')
[INFO    ][2026-07-23 14:42:10][utils.mpc_utils     ][cem                      ] new mean: tensor([ 0.0507,  0.0486, -0.0035, -0.3987], device='cuda:0') tensor([0.0903, 0.1310, 0.1134, 0.4255], device='cuda:0')
[INFO    ][2026-07-23 14:42:17][utils.mpc_utils     ][cem                      ] new mean: tensor([ 0.0616,  0.0774, -0.0045, -0.4083], device='cuda:0') tensor([0.0771, 0.1163, 0.1021, 0.3059], device='cuda:0')
[INFO    ][2026-07-23 14:42:23][utils.mpc_utils     ][cem                      ] new mean: tensor([ 0.0676,  0.1054,  0.0044, -0.3708], device='cuda:0') tensor([0.0670, 0.0982, 0.0929, 0.3108], device='cuda:0')
    16 |  0.2711 +0.0083 |  0.3864 +0.1072 |          0.1098
[INFO    ][2026-07-23 14:42:30][utils.mpc_utils     ][cem                      ] new mean: tensor([0.0537, 0.0481, 0.0177, 0.3364], device='cuda:0') tensor([0.1304, 0.1286, 0.1312, 1.3843], device='cuda:0')
[INFO    ][2026-07-23 14:42:37][utils.mpc_utils     ][cem                      ] new mean: tensor([0.0757, 0.0609, 0.0216, 0.4467], device='cuda:0') tensor([0.1142, 0.1138, 0.1162, 0.8481], device='cuda:0')
[INFO    ][2026-07-23 14:42:43][utils.mpc_utils     ][cem                      ] new mean: tensor([0.0503, 0.0661, 0.0376, 0.7256], device='cuda:0') tensor([0.1045, 0.1017, 0.1030, 0.5540], device='cuda:0')
[INFO    ][2026-07-23 14:42:50][utils.mpc_utils     ][cem                      ] new mean: tensor([0.0385, 0.0622, 0.0379, 0.8766], device='cuda:0') tensor([0.0980, 0.0926, 0.0968, 0.3354], device='cuda:0')
[INFO    ][2026-07-23 14:42:57][utils.mpc_utils     ][cem                      ] new mean: tensor([0.0386, 0.0434, 0.0500, 0.7999], device='cuda:0') tensor([0.0875, 0.0800, 0.0880, 0.2440], device='cuda:0')
[INFO    ][2026-07-23 14:43:03][utils.mpc_utils     ][cem                      ] new mean: tensor([0.0547, 0.0477, 0.0418, 0.3285], device='cuda:0') tensor([0.1348, 0.1359, 0.1273, 1.2868], device='cuda:0')
[INFO    ][2026-07-23 14:43:10][utils.mpc_utils     ][cem                      ] new mean: tensor([0.0658, 0.0640, 0.0205, 0.8527], device='cuda:0') tensor([0.1225, 0.1184, 0.1106, 0.8516], device='cuda:0')
[INFO    ][2026-07-23 14:43:16][utils.mpc_utils     ][cem                      ] new mean: tensor([0.0450, 0.0470, 0.0489, 1.1020], device='cuda:0') tensor([0.1137, 0.1042, 0.0969, 0.4714], device='cuda:0')
[INFO    ][2026-07-23 14:43:23][utils.mpc_utils     ][cem                      ] new mean: tensor([0.0207, 0.0424, 0.0413, 1.0750], device='cuda:0') tensor([0.1027, 0.0907, 0.0883, 0.3989], device='cuda:0')
[INFO    ][2026-07-23 14:43:30][utils.mpc_utils     ][cem                      ] new mean: tensor([0.0337, 0.0262, 0.0378, 1.0502], device='cuda:0') tensor([0.0911, 0.0790, 0.0806, 0.4184], device='cuda:0')
    32 |  0.2692 +0.0064 |  0.3803 +0.1011 |          0.0930
[INFO    ][2026-07-23 14:43:36][utils.mpc_utils     ][cem                      ] new mean: tensor([ 0.0155,  0.0348,  0.0147, -0.4308], device='cuda:0') tensor([0.1281, 0.1397, 0.1296, 1.2945], device='cuda:0')
[INFO    ][2026-07-23 14:43:43][utils.mpc_utils     ][cem                      ] new mean: tensor([ 0.0119,  0.0622,  0.0077, -0.6650], device='cuda:0') tensor([0.1112, 0.1226, 0.1170, 0.8956], device='cuda:0')
[INFO    ][2026-07-23 14:43:50][utils.mpc_utils     ][cem                      ] new mean: tensor([ 0.0088,  0.0676,  0.0202, -0.8007], device='cuda:0') tensor([0.1032, 0.1089, 0.1030, 0.7083], device='cuda:0')
[INFO    ][2026-07-23 14:43:56][utils.mpc_utils     ][cem                      ] new mean: tensor([ 6.3659e-04,  7.7201e-02,  1.3587e-02, -8.4550e-01], device='cuda:0') tensor([0.0921, 0.0959, 0.0938, 0.6518], device='cuda:0')
[INFO    ][2026-07-23 14:44:03][utils.mpc_utils     ][cem                      ] new mean: tensor([-0.0071,  0.0843,  0.0291, -0.9217], device='cuda:0') tensor([0.0845, 0.0916, 0.0842, 0.5619], device='cuda:0')
[INFO    ][2026-07-23 14:44:09][utils.mpc_utils     ][cem                      ] new mean: tensor([-0.0025,  0.0393,  0.0192,  0.0515], device='cuda:0') tensor([0.1311, 0.1379, 0.1337, 1.1486], device='cuda:0')
[INFO    ][2026-07-23 14:44:16][utils.mpc_utils     ][cem                      ] new mean: tensor([ 0.0096,  0.0515, -0.0150, -0.2397], device='cuda:0') tensor([0.1124, 0.1193, 0.1163, 0.8603], device='cuda:0')
[INFO    ][2026-07-23 14:44:23][utils.mpc_utils     ][cem                      ] new mean: tensor([ 0.0054,  0.0417, -0.0156, -0.7064], device='cuda:0') tensor([0.0946, 0.1065, 0.1055, 0.5617], device='cuda:0')
[INFO    ][2026-07-23 14:44:29][utils.mpc_utils     ][cem                      ] new mean: tensor([ 0.0056,  0.0586,  0.0094, -0.8318], device='cuda:0') tensor([0.0844, 0.0975, 0.0948, 0.5200], device='cuda:0')
[INFO    ][2026-07-23 14:44:36][utils.mpc_utils     ][cem                      ] new mean: tensor([ 0.0057,  0.0731,  0.0186, -0.7529], device='cuda:0') tensor([0.0764, 0.0856, 0.0856, 0.4080], device='cuda:0')
    57 |  0.3266 +0.0638 |  0.3989 +0.1197 |          0.2112
  (v2 verdict wants a column that RISES with t, spread >> jitter; flat everywhere = certificate stays dead on this substrate)
[INFO    ][2026-07-23 14:44:46][utils.mpc_utils     ][cem                      ] new mean: tensor([-0.0613, -0.0036, -0.0102,  0.4535], device='cuda:0') tensor([0.1299, 0.1380, 0.1350, 1.0222], device='cuda:0')
[INFO    ][2026-07-23 14:44:52][utils.mpc_utils     ][cem                      ] new mean: tensor([-0.0787, -0.0144,  0.0283,  0.5142], device='cuda:0') tensor([0.1149, 0.1274, 0.1174, 0.8149], device='cuda:0')
[INFO    ][2026-07-23 14:44:59][utils.mpc_utils     ][cem                      ] new mean: tensor([-0.0623,  0.0023,  0.0360,  0.3177], device='cuda:0') tensor([0.0990, 0.1150, 0.1050, 0.8525], device='cuda:0')
[INFO    ][2026-07-23 14:45:06][utils.mpc_utils     ][cem                      ] new mean: tensor([-0.0742,  0.0255,  0.0353,  0.3558], device='cuda:0') tensor([0.0860, 0.1042, 0.0959, 0.6986], device='cuda:0')
[INFO    ][2026-07-23 14:45:12][utils.mpc_utils     ][cem                      ] new mean: tensor([-0.0639,  0.0264,  0.0403,  0.2454], device='cuda:0') tensor([0.0728, 0.0953, 0.0855, 0.7136], device='cuda:0')
[INFO    ][2026-07-23 14:45:19][utils.mpc_utils     ][cem                      ] new mean: tensor([-0.0482, -0.0217,  0.0132,  0.3275], device='cuda:0') tensor([0.1368, 0.1326, 0.1292, 1.2081], device='cuda:0')
[INFO    ][2026-07-23 14:45:26][utils.mpc_utils     ][cem                      ] new mean: tensor([-0.0541, -0.0052,  0.0359,  0.6512], device='cuda:0') tensor([0.1193, 0.1239, 0.1160, 0.9510], device='cuda:0')
[INFO    ][2026-07-23 14:45:32][utils.mpc_utils     ][cem                      ] new mean: tensor([-0.0754,  0.0242,  0.0604,  0.5205], device='cuda:0') tensor([0.1067, 0.1121, 0.0976, 0.8096], device='cuda:0')
[INFO    ][2026-07-23 14:45:39][utils.mpc_utils     ][cem                      ] new mean: tensor([-0.0809,  0.0191,  0.0468,  0.6032], device='cuda:0') tensor([0.0924, 0.1040, 0.0843, 0.6140], device='cuda:0')
[INFO    ][2026-07-23 14:45:45][utils.mpc_utils     ][cem                      ] new mean: tensor([-0.0657,  0.0317,  0.0490,  0.6289], device='cuda:0') tensor([0.0781, 0.0940, 0.0723, 0.5432], device='cuda:0')

==== C*-V2 LADDERS: droid_ep017.npz (T=88) ====
  self-floor: pooled=0.3401  token=0.2946
     t |  pooled   p-cal |   token   t-cal | raw pooled dist
[INFO    ][2026-07-23 14:45:52][utils.mpc_utils     ][cem                      ] new mean: tensor([-0.0242, -0.0212,  0.0488, -0.5029], device='cuda:0') tensor([0.1347, 0.1324, 0.1251, 1.2087], device='cuda:0')
[INFO    ][2026-07-23 14:45:59][utils.mpc_utils     ][cem                      ] new mean: tensor([-0.0130, -0.0501,  0.0566, -0.3770], device='cuda:0') tensor([0.1245, 0.1204, 0.1049, 0.9937], device='cuda:0')
[INFO    ][2026-07-23 14:46:05][utils.mpc_utils     ][cem                      ] new mean: tensor([-0.0322, -0.0334,  0.0636, -0.4490], device='cuda:0') tensor([0.1101, 0.1046, 0.0906, 0.7965], device='cuda:0')
[INFO    ][2026-07-23 14:46:12][utils.mpc_utils     ][cem                      ] new mean: tensor([-0.0410, -0.0196,  0.0360, -0.4727], device='cuda:0') tensor([0.1041, 0.0959, 0.0813, 0.6340], device='cuda:0')
[INFO    ][2026-07-23 14:46:19][utils.mpc_utils     ][cem                      ] new mean: tensor([-0.0197, -0.0266,  0.0454, -0.5654], device='cuda:0') tensor([0.0914, 0.0867, 0.0703, 0.5764], device='cuda:0')
[INFO    ][2026-07-23 14:46:25][utils.mpc_utils     ][cem                      ] new mean: tensor([-0.0302,  0.0040,  0.0176, -0.0018], device='cuda:0') tensor([0.1361, 0.1396, 0.1353, 1.3153], device='cuda:0')
[INFO    ][2026-07-23 14:46:32][utils.mpc_utils     ][cem                      ] new mean: tensor([-0.0316,  0.0177,  0.0490,  0.0837], device='cuda:0') tensor([0.1243, 0.1259, 0.1103, 1.0539], device='cuda:0')
[INFO    ][2026-07-23 14:46:38][utils.mpc_utils     ][cem                      ] new mean: tensor([-0.0328,  0.0260,  0.0447,  0.1006], device='cuda:0') tensor([0.1183, 0.1113, 0.1014, 0.7453], device='cuda:0')
[INFO    ][2026-07-23 14:46:45][utils.mpc_utils     ][cem                      ] new mean: tensor([-0.0599,  0.0406,  0.0522,  0.0659], device='cuda:0') tensor([0.1062, 0.0972, 0.0925, 0.7325], device='cuda:0')
[INFO    ][2026-07-23 14:46:52][utils.mpc_utils     ][cem                      ] new mean: tensor([-0.0754,  0.0245,  0.0323, -0.0959], device='cuda:0') tensor([0.0935, 0.0885, 0.0880, 0.7092], device='cuda:0')
     1 |  0.3576 +0.0174 |  0.3562 +0.0616 |          0.0473
[INFO    ][2026-07-23 14:46:58][utils.mpc_utils     ][cem                      ] new mean: tensor([-0.0269,  0.0132,  0.0448,  0.0942], device='cuda:0') tensor([0.1375, 0.1360, 0.1300, 1.3327], device='cuda:0')
[INFO    ][2026-07-23 14:47:05][utils.mpc_utils     ][cem                      ] new mean: tensor([-0.0564,  0.0178,  0.0495,  0.1965], device='cuda:0') tensor([0.1220, 0.1234, 0.1183, 0.9287], device='cuda:0')
[INFO    ][2026-07-23 14:47:12][utils.mpc_utils     ][cem                      ] new mean: tensor([-0.0275,  0.0244,  0.0553,  0.2068], device='cuda:0') tensor([0.1082, 0.1119, 0.1008, 0.8401], device='cuda:0')
[INFO    ][2026-07-23 14:47:18][utils.mpc_utils     ][cem                      ] new mean: tensor([-0.0284,  0.0276,  0.0376,  0.4099], device='cuda:0') tensor([0.0992, 0.0996, 0.0904, 0.5616], device='cuda:0')
[INFO    ][2026-07-23 14:47:25][utils.mpc_utils     ][cem                      ] new mean: tensor([-0.0328,  0.0307,  0.0539,  0.2584], device='cuda:0') tensor([0.0862, 0.0853, 0.0835, 0.4713], device='cuda:0')
[INFO    ][2026-07-23 14:47:31][utils.mpc_utils     ][cem                      ] new mean: tensor([0.0313, 0.0260, 0.0058, 0.2680], device='cuda:0') tensor([0.1327, 0.1347, 0.1271, 1.1870], device='cuda:0')
[INFO    ][2026-07-23 14:47:38][utils.mpc_utils     ][cem                      ] new mean: tensor([ 1.2913e-02, -3.4343e-04,  1.8789e-02,  5.3294e-01], device='cuda:0') tensor([0.1203, 0.1247, 0.1127, 0.7056], device='cuda:0')
[INFO    ][2026-07-23 14:47:45][utils.mpc_utils     ][cem                      ] new mean: tensor([0.0205, 0.0073, 0.0200, 0.5650], device='cuda:0') tensor([0.1112, 0.1134, 0.0989, 0.7126], device='cuda:0')
[INFO    ][2026-07-23 14:47:51][utils.mpc_utils     ][cem                      ] new mean: tensor([0.0108, 0.0080, 0.0184, 0.4175], device='cuda:0') tensor([0.1021, 0.1060, 0.0862, 0.5957], device='cuda:0')
[INFO    ][2026-07-23 14:47:58][utils.mpc_utils     ][cem                      ] new mean: tensor([0.0055, 0.0119, 0.0331, 0.3294], device='cuda:0') tensor([0.0932, 0.0973, 0.0776, 0.4525], device='cuda:0')
     2 |  0.3502 +0.0101 |  0.3478 +0.0532 |          0.0496
[INFO    ][2026-07-23 14:48:05][utils.mpc_utils     ][cem                      ] new mean: tensor([-0.0526, -0.0047,  0.0113,  0.1776], device='cuda:0') tensor([0.1318, 0.1356, 0.1357, 1.0756], device='cuda:0')
[INFO    ][2026-07-23 14:48:11][utils.mpc_utils     ][cem                      ] new mean: tensor([-0.0184, -0.0038,  0.0223,  0.2883], device='cuda:0') tensor([0.1156, 0.1223, 0.1158, 0.8825], device='cuda:0')
[INFO    ][2026-07-23 14:48:18][utils.mpc_utils     ][cem                      ] new mean: tensor([-0.0256, -0.0039,  0.0389,  0.2932], device='cuda:0') tensor([0.1024, 0.1158, 0.0983, 0.6382], device='cuda:0')
[INFO    ][2026-07-23 14:48:24][utils.mpc_utils     ][cem                      ] new mean: tensor([-0.0214,  0.0088,  0.0420,  0.3545], device='cuda:0') tensor([0.0921, 0.1043, 0.0853, 0.5455], device='cuda:0')
[INFO    ][2026-07-23 14:48:31][utils.mpc_utils     ][cem                      ] new mean: tensor([-0.0103,  0.0031,  0.0327,  0.3025], device='cuda:0') tensor([0.0804, 0.0974, 0.0722, 0.4992], device='cuda:0')
[INFO    ][2026-07-23 14:48:38][utils.mpc_utils     ][cem                      ] new mean: tensor([-0.0180,  0.0068,  0.0017,  0.3842], device='cuda:0') tensor([0.1392, 0.1292, 0.1366, 1.3048], device='cuda:0')
[INFO    ][2026-07-23 14:48:44][utils.mpc_utils     ][cem                      ] new mean: tensor([-0.0361, -0.0205,  0.0135,  0.1662], device='cuda:0') tensor([0.1217, 0.1128, 0.1205, 0.9681], device='cuda:0')
[INFO    ][2026-07-23 14:48:51][utils.mpc_utils     ][cem                      ] new mean: tensor([-0.0257,  0.0094, -0.0023,  0.2852], device='cuda:0') tensor([0.1063, 0.1020, 0.1063, 0.7799], device='cuda:0')
[INFO    ][2026-07-23 14:48:57][utils.mpc_utils     ][cem                      ] new mean: tensor([-0.0079,  0.0394, -0.0074,  0.2041], device='cuda:0') tensor([0.0981, 0.0927, 0.0948, 0.6279], device='cuda:0')
[INFO    ][2026-07-23 14:49:04][utils.mpc_utils     ][cem                      ] new mean: tensor([-0.0143,  0.0490,  0.0265,  0.2183], device='cuda:0') tensor([0.0866, 0.0808, 0.0808, 0.5154], device='cuda:0')
     4 |  0.3655 +0.0254 |  0.3492 +0.0546 |          0.0485
[INFO    ][2026-07-23 14:49:11][utils.mpc_utils     ][cem                      ] new mean: tensor([ 0.0234, -0.0045,  0.0231,  0.0212], device='cuda:0') tensor([0.1295, 0.1365, 0.1324, 1.0640], device='cuda:0')
[INFO    ][2026-07-23 14:49:17][utils.mpc_utils     ][cem                      ] new mean: tensor([ 0.0111, -0.0115,  0.0386, -0.0557], device='cuda:0') tensor([0.1160, 0.1252, 0.1169, 0.9632], device='cuda:0')
[INFO    ][2026-07-23 14:49:24][utils.mpc_utils     ][cem                      ] new mean: tensor([-0.0233,  0.0097,  0.0395,  0.0861], device='cuda:0') tensor([0.0999, 0.1105, 0.0999, 0.7087], device='cuda:0')
[INFO    ][2026-07-23 14:49:31][utils.mpc_utils     ][cem                      ] new mean: tensor([-0.0407,  0.0150,  0.0399,  0.0981], device='cuda:0') tensor([0.0891, 0.1076, 0.0855, 0.6144], device='cuda:0')
[INFO    ][2026-07-23 14:49:37][utils.mpc_utils     ][cem                      ] new mean: tensor([-0.0416,  0.0049,  0.0423,  0.0404], device='cuda:0') tensor([0.0812, 0.0985, 0.0740, 0.5337], device='cuda:0')
[INFO    ][2026-07-23 14:49:44][utils.mpc_utils     ][cem                      ] new mean: tensor([-0.0695,  0.0025,  0.0169,  0.0972], device='cuda:0') tensor([0.1300, 0.1356, 0.1395, 1.2500], device='cuda:0')
[INFO    ][2026-07-23 14:49:51][utils.mpc_utils     ][cem                      ] new mean: tensor([-0.0586,  0.0002,  0.0479,  0.1958], device='cuda:0') tensor([0.1196, 0.1265, 0.1213, 0.8852], device='cuda:0')
[INFO    ][2026-07-23 14:49:57][utils.mpc_utils     ][cem                      ] new mean: tensor([-0.0541,  0.0200,  0.0225,  0.0919], device='cuda:0') tensor([0.1066, 0.1182, 0.1145, 0.8272], device='cuda:0')
[INFO    ][2026-07-23 14:50:04][utils.mpc_utils     ][cem                      ] new mean: tensor([-0.0610,  0.0215,  0.0323,  0.0579], device='cuda:0') tensor([0.0985, 0.1102, 0.0989, 0.8182], device='cuda:0')
[INFO    ][2026-07-23 14:50:10][utils.mpc_utils     ][cem                      ] new mean: tensor([-0.0509,  0.0308,  0.0250,  0.0943], device='cuda:0') tensor([0.0862, 0.0983, 0.0851, 0.6984], device='cuda:0')
     8 |  0.3450 +0.0049 |  0.3617 +0.0671 |          0.0482
[INFO    ][2026-07-23 14:50:17][utils.mpc_utils     ][cem                      ] new mean: tensor([ 0.0489,  0.0907, -0.0451,  0.0148], device='cuda:0') tensor([0.1322, 0.1247, 0.1379, 1.3842], device='cuda:0')
[INFO    ][2026-07-23 14:50:24][utils.mpc_utils     ][cem                      ] new mean: tensor([ 0.0534,  0.1307, -0.0973, -0.0031], device='cuda:0') tensor([0.1176, 0.0985, 0.1169, 1.0013], device='cuda:0')
[INFO    ][2026-07-23 14:50:30][utils.mpc_utils     ][cem                      ] new mean: tensor([ 0.0797,  0.1391, -0.1355, -0.1840], device='cuda:0') tensor([0.1023, 0.0794, 0.0912, 0.7660], device='cuda:0')
[INFO    ][2026-07-23 14:50:37][utils.mpc_utils     ][cem                      ] new mean: tensor([ 0.0697,  0.1448, -0.1443,  0.1289], device='cuda:0') tensor([0.0926, 0.0619, 0.0706, 0.6017], device='cuda:0')
[INFO    ][2026-07-23 14:50:43][utils.mpc_utils     ][cem                      ] new mean: tensor([ 0.0706,  0.1457, -0.1434,  0.1556], device='cuda:0') tensor([0.0841, 0.0488, 0.0573, 0.5737], device='cuda:0')
[INFO    ][2026-07-23 14:50:50][utils.mpc_utils     ][cem                      ] new mean: tensor([ 0.0404,  0.0378, -0.0888, -0.3000], device='cuda:0') tensor([0.1420, 0.1426, 0.1275, 1.3163], device='cuda:0')
[INFO    ][2026-07-23 14:50:57][utils.mpc_utils     ][cem                      ] new mean: tensor([ 0.0671,  0.1112, -0.1207, -0.6123], device='cuda:0') tensor([0.1218, 0.1202, 0.1081, 0.9919], device='cuda:0')
[INFO    ][2026-07-23 14:51:03][utils.mpc_utils     ][cem                      ] new mean: tensor([ 0.0620,  0.1344, -0.1371, -0.6217], device='cuda:0') tensor([0.1051, 0.0938, 0.0858, 0.8885], device='cuda:0')
[INFO    ][2026-07-23 14:51:10][utils.mpc_utils     ][cem                      ] new mean: tensor([ 0.0606,  0.1468, -0.1444, -0.6476], device='cuda:0') tensor([0.0895, 0.0710, 0.0662, 0.6916], device='cuda:0')
[INFO    ][2026-07-23 14:51:17][utils.mpc_utils     ][cem                      ] new mean: tensor([ 0.0617,  0.1475, -0.1450, -0.6300], device='cuda:0') tensor([0.0790, 0.0550, 0.0521, 0.6511], device='cuda:0')
    16 |  0.4543 +0.1142 |  0.4498 +0.1552 |          0.2505
[INFO    ][2026-07-23 14:51:23][utils.mpc_utils     ][cem                      ] new mean: tensor([-0.0345,  0.0519, -0.0647, -0.4154], device='cuda:0') tensor([0.1352, 0.1418, 0.1345, 1.0878], device='cuda:0')
[INFO    ][2026-07-23 14:51:30][utils.mpc_utils     ][cem                      ] new mean: tensor([-0.0055,  0.0871, -0.0878, -0.4731], device='cuda:0') tensor([0.1278, 0.1250, 0.1183, 0.9019], device='cuda:0')
[INFO    ][2026-07-23 14:51:37][utils.mpc_utils     ][cem                      ] new mean: tensor([-0.0102,  0.1265, -0.1096, -0.5829], device='cuda:0') tensor([0.1180, 0.1005, 0.1030, 0.6769], device='cuda:0')
[INFO    ][2026-07-23 14:51:43][utils.mpc_utils     ][cem                      ] new mean: tensor([-0.0072,  0.1392, -0.1389, -0.6035], device='cuda:0') tensor([0.1093, 0.0796, 0.0805, 0.6834], device='cuda:0')
[INFO    ][2026-07-23 14:51:50][utils.mpc_utils     ][cem                      ] new mean: tensor([ 0.0029,  0.1389, -0.1387, -0.7355], device='cuda:0') tensor([0.1001, 0.0657, 0.0669, 0.4519], device='cuda:0')
[INFO    ][2026-07-23 14:51:56][utils.mpc_utils     ][cem                      ] new mean: tensor([-0.0097,  0.0522, -0.0467,  0.1643], device='cuda:0') tensor([0.1334, 0.1334, 0.1327, 1.2196], device='cuda:0')
[INFO    ][2026-07-23 14:52:03][utils.mpc_utils     ][cem                      ] new mean: tensor([-0.0141,  0.0778, -0.0556,  0.4050], device='cuda:0') tensor([0.1157, 0.1146, 0.1220, 0.8545], device='cuda:0')
[INFO    ][2026-07-23 14:52:10][utils.mpc_utils     ][cem                      ] new mean: tensor([-0.0170,  0.0931, -0.1241,  0.3456], device='cuda:0') tensor([0.0929, 0.0957, 0.0980, 0.7901], device='cuda:0')
[INFO    ][2026-07-23 14:52:16][utils.mpc_utils     ][cem                      ] new mean: tensor([-0.0188,  0.1354, -0.1390,  0.2922], device='cuda:0') tensor([0.0786, 0.0758, 0.0786, 0.7258], device='cuda:0')
[INFO    ][2026-07-23 14:52:23][utils.mpc_utils     ][cem                      ] new mean: tensor([ 0.0010,  0.1385, -0.1380,  0.1361], device='cuda:0') tensor([0.0702, 0.0624, 0.0651, 0.5502], device='cuda:0')
    32 |  0.4202 +0.0801 |  0.4760 +0.1815 |          0.2170
[INFO    ][2026-07-23 14:52:29][utils.mpc_utils     ][cem                      ] new mean: tensor([ 0.0825,  0.0744, -0.0004,  0.2166], device='cuda:0') tensor([0.1305, 0.1291, 0.1435, 1.2375], device='cuda:0')
[INFO    ][2026-07-23 14:52:36][utils.mpc_utils     ][cem                      ] new mean: tensor([ 0.1264,  0.1199, -0.0068,  0.1667], device='cuda:0') tensor([0.1050, 0.1070, 0.1285, 1.2204], device='cuda:0')
[INFO    ][2026-07-23 14:52:43][utils.mpc_utils     ][cem                      ] new mean: tensor([ 0.1363,  0.1287, -0.0137,  0.3371], device='cuda:0') tensor([0.0845, 0.0880, 0.1172, 0.9152], device='cuda:0')
[INFO    ][2026-07-23 14:52:49][utils.mpc_utils     ][cem                      ] new mean: tensor([ 0.1441,  0.1408, -0.0188,  0.0643], device='cuda:0') tensor([0.0662, 0.0700, 0.1075, 0.7709], device='cuda:0')
[INFO    ][2026-07-23 14:52:56][utils.mpc_utils     ][cem                      ] new mean: tensor([ 0.1461,  0.1482, -0.0265,  0.0640], device='cuda:0') tensor([0.0509, 0.0529, 0.1025, 0.8102], device='cuda:0')
[INFO    ][2026-07-23 14:53:03][utils.mpc_utils     ][cem                      ] new mean: tensor([0.1011, 0.0760, 0.0051, 0.0846], device='cuda:0') tensor([0.1269, 0.1270, 0.1408, 1.2643], device='cuda:0')
[INFO    ][2026-07-23 14:53:09][utils.mpc_utils     ][cem                      ] new mean: tensor([ 0.1300,  0.1101, -0.0036, -0.1797], device='cuda:0') tensor([0.1036, 0.1069, 0.1342, 1.0566], device='cuda:0')
[INFO    ][2026-07-23 14:53:16][utils.mpc_utils     ][cem                      ] new mean: tensor([ 0.1462,  0.1337, -0.0137, -0.0040], device='cuda:0') tensor([0.0783, 0.0866, 0.1227, 0.9937], device='cuda:0')
[INFO    ][2026-07-23 14:53:22][utils.mpc_utils     ][cem                      ] new mean: tensor([ 0.1465,  0.1451, -0.0197,  0.0722], device='cuda:0') tensor([0.0604, 0.0669, 0.1087, 0.7606], device='cuda:0')
[INFO    ][2026-07-23 14:53:29][utils.mpc_utils     ][cem                      ] new mean: tensor([ 0.1472,  0.1446, -0.0103,  0.3166], device='cuda:0') tensor([0.0469, 0.0531, 0.0992, 0.6988], device='cuda:0')
    64 |  0.4592 +0.1191 |  0.4984 +0.2038 |          0.3070
[INFO    ][2026-07-23 14:53:35][utils.mpc_utils     ][cem                      ] new mean: tensor([-0.0888, -0.0169,  0.0183, -0.0329], device='cuda:0') tensor([0.1300, 0.1443, 0.1367, 1.1237], device='cuda:0')
[INFO    ][2026-07-23 14:53:42][utils.mpc_utils     ][cem                      ] new mean: tensor([-0.1224, -0.0267,  0.0240, -0.1781], device='cuda:0') tensor([0.1101, 0.1287, 0.1257, 0.8666], device='cuda:0')
[INFO    ][2026-07-23 14:53:49][utils.mpc_utils     ][cem                      ] new mean: tensor([-0.1290, -0.0117,  0.0668, -0.3652], device='cuda:0') tensor([0.0882, 0.1182, 0.1082, 0.7604], device='cuda:0')
[INFO    ][2026-07-23 14:53:55][utils.mpc_utils     ][cem                      ] new mean: tensor([-0.1319,  0.0187,  0.0713, -0.2783], device='cuda:0') tensor([0.0736, 0.1056, 0.0948, 0.6194], device='cuda:0')
[INFO    ][2026-07-23 14:54:02][utils.mpc_utils     ][cem                      ] new mean: tensor([-0.1285,  0.0049,  0.0491, -0.2868], device='cuda:0') tensor([0.0632, 0.0876, 0.0836, 0.6128], device='cuda:0')
[INFO    ][2026-07-23 14:54:09][utils.mpc_utils     ][cem                      ] new mean: tensor([-0.0648,  0.0010,  0.0027, -0.2755], device='cuda:0') tensor([0.1256, 0.1395, 0.1357, 1.1430], device='cuda:0')
[INFO    ][2026-07-23 14:54:15][utils.mpc_utils     ][cem                      ] new mean: tensor([-0.1028,  0.0045, -0.0033, -0.5033], device='cuda:0') tensor([0.1105, 0.1261, 0.1247, 0.8301], device='cuda:0')
[INFO    ][2026-07-23 14:54:22][utils.mpc_utils     ][cem                      ] new mean: tensor([-0.1249, -0.0176, -0.0086, -0.3422], device='cuda:0') tensor([0.0901, 0.1092, 0.1136, 0.6680], device='cuda:0')
[INFO    ][2026-07-23 14:54:28][utils.mpc_utils     ][cem                      ] new mean: tensor([-0.1280,  0.0036,  0.0308, -0.3427], device='cuda:0') tensor([0.0756, 0.0961, 0.1048, 0.6711], device='cuda:0')
[INFO    ][2026-07-23 14:54:35][utils.mpc_utils     ][cem                      ] new mean: tensor([-0.1371,  0.0170,  0.0541, -0.3893], device='cuda:0') tensor([0.0614, 0.0847, 0.0990, 0.6437], device='cuda:0')
    87 |  0.3965 +0.0564 |  0.4278 +0.1332 |          0.1460
  (v2 verdict wants a column that RISES with t, spread >> jitter; flat everywhere = certificate stays dead on this substrate)
[INFO    ][2026-07-23 14:54:44][utils.mpc_utils     ][cem                      ] new mean: tensor([-0.0107, -0.0381,  0.0154, -0.1148], device='cuda:0') tensor([0.1346, 0.1389, 0.1332, 1.3142], device='cuda:0')
[INFO    ][2026-07-23 14:54:51][utils.mpc_utils     ][cem                      ] new mean: tensor([-0.0012, -0.0452,  0.0160,  0.1777], device='cuda:0') tensor([0.1194, 0.1199, 0.1105, 0.8245], device='cuda:0')
[INFO    ][2026-07-23 14:54:57][utils.mpc_utils     ][cem                      ] new mean: tensor([-0.0016, -0.0211,  0.0123,  0.1230], device='cuda:0') tensor([0.1061, 0.1086, 0.0896, 0.5728], device='cuda:0')
[INFO    ][2026-07-23 14:55:04][utils.mpc_utils     ][cem                      ] new mean: tensor([ 0.0126, -0.0107,  0.0130,  0.1929], device='cuda:0') tensor([0.0935, 0.0984, 0.0754, 0.5222], device='cuda:0')
[INFO    ][2026-07-23 14:55:11][utils.mpc_utils     ][cem                      ] new mean: tensor([ 0.0295, -0.0125,  0.0221,  0.2782], device='cuda:0') tensor([0.0847, 0.0975, 0.0646, 0.5262], device='cuda:0')
[INFO    ][2026-07-23 14:55:17][utils.mpc_utils     ][cem                      ] new mean: tensor([ 0.0071, -0.0586,  0.0177,  0.0954], device='cuda:0') tensor([0.1397, 0.1311, 0.1292, 1.0231], device='cuda:0')
[INFO    ][2026-07-23 14:55:24][utils.mpc_utils     ][cem                      ] new mean: tensor([ 0.0098, -0.0476,  0.0158,  0.0142], device='cuda:0') tensor([0.1283, 0.1217, 0.1030, 0.6783], device='cuda:0')
[INFO    ][2026-07-23 14:55:31][utils.mpc_utils     ][cem                      ] new mean: tensor([ 0.0015, -0.0416,  0.0102,  0.1904], device='cuda:0') tensor([0.1162, 0.1136, 0.0850, 0.6168], device='cuda:0')
[INFO    ][2026-07-23 14:55:37][utils.mpc_utils     ][cem                      ] new mean: tensor([-0.0016, -0.0498,  0.0177,  0.2835], device='cuda:0') tensor([0.1066, 0.1066, 0.0681, 0.5505], device='cuda:0')
[INFO    ][2026-07-23 14:55:44][utils.mpc_utils     ][cem                      ] new mean: tensor([ 0.0055, -0.0423,  0.0168,  0.2583], device='cuda:0') tensor([0.0974, 0.0982, 0.0550, 0.5367], device='cuda:0')

==== C*-V2 LADDERS: droid_ep018.npz (T=64) ====
  self-floor: pooled=0.3383  token=0.3127
     t |  pooled   p-cal |   token   t-cal | raw pooled dist
[INFO    ][2026-07-23 14:55:50][utils.mpc_utils     ][cem                      ] new mean: tensor([ 0.0064, -0.0119,  0.0167, -0.2447], device='cuda:0') tensor([0.1349, 0.1427, 0.1402, 1.2259], device='cuda:0')
[INFO    ][2026-07-23 14:55:57][utils.mpc_utils     ][cem                      ] new mean: tensor([-0.0085, -0.0225,  0.0304, -0.1596], device='cuda:0') tensor([0.1193, 0.1302, 0.1313, 0.8760], device='cuda:0')
[INFO    ][2026-07-23 14:56:04][utils.mpc_utils     ][cem                      ] new mean: tensor([-0.0076, -0.0397,  0.0403, -0.5341], device='cuda:0') tensor([0.1079, 0.1221, 0.1199, 0.5674], device='cuda:0')
[INFO    ][2026-07-23 14:56:10][utils.mpc_utils     ][cem                      ] new mean: tensor([-0.0230, -0.0390,  0.0373, -0.3713], device='cuda:0') tensor([0.0991, 0.1113, 0.1052, 0.5079], device='cuda:0')
[INFO    ][2026-07-23 14:56:17][utils.mpc_utils     ][cem                      ] new mean: tensor([-0.0268, -0.0328,  0.0277, -0.3899], device='cuda:0') tensor([0.0932, 0.1058, 0.0866, 0.4258], device='cuda:0')
[INFO    ][2026-07-23 14:56:23][utils.mpc_utils     ][cem                      ] new mean: tensor([-0.0179, -0.0113,  0.0328, -0.1631], device='cuda:0') tensor([0.1411, 0.1383, 0.1365, 1.1728], device='cuda:0')
[INFO    ][2026-07-23 14:56:30][utils.mpc_utils     ][cem                      ] new mean: tensor([-0.0297, -0.0396,  0.0449, -0.4117], device='cuda:0') tensor([0.1264, 0.1268, 0.1225, 0.7030], device='cuda:0')
[INFO    ][2026-07-23 14:56:37][utils.mpc_utils     ][cem                      ] new mean: tensor([-0.0070, -0.0378,  0.0252, -0.3692], device='cuda:0') tensor([0.1142, 0.1169, 0.1085, 0.5813], device='cuda:0')
[INFO    ][2026-07-23 14:56:43][utils.mpc_utils     ][cem                      ] new mean: tensor([ 0.0018, -0.0481,  0.0295, -0.4225], device='cuda:0') tensor([0.1057, 0.1098, 0.1041, 0.5919], device='cuda:0')
[INFO    ][2026-07-23 14:56:50][utils.mpc_utils     ][cem                      ] new mean: tensor([-0.0037, -0.0613,  0.0377, -0.3339], device='cuda:0') tensor([0.1000, 0.1022, 0.0883, 0.4516], device='cuda:0')
     1 |  0.3470 +0.0087 |  0.3624 +0.0497 |          0.0642
[INFO    ][2026-07-23 14:56:56][utils.mpc_utils     ][cem                      ] new mean: tensor([-0.0279, -0.0106,  0.0371,  0.0024], device='cuda:0') tensor([0.1380, 0.1437, 0.1306, 1.2630], device='cuda:0')
[INFO    ][2026-07-23 14:57:03][utils.mpc_utils     ][cem                      ] new mean: tensor([-0.0735,  0.0191,  0.0339, -0.0985], device='cuda:0') tensor([0.1198, 0.1281, 0.1113, 0.9379], device='cuda:0')
[INFO    ][2026-07-23 14:57:10][utils.mpc_utils     ][cem                      ] new mean: tensor([-0.0738,  0.0404,  0.0243, -0.2956], device='cuda:0') tensor([0.1138, 0.1123, 0.0905, 0.5319], device='cuda:0')
[INFO    ][2026-07-23 14:57:16][utils.mpc_utils     ][cem                      ] new mean: tensor([-0.0822,  0.0081,  0.0242, -0.3411], device='cuda:0') tensor([0.1035, 0.0986, 0.0748, 0.5386], device='cuda:0')
[INFO    ][2026-07-23 14:57:23][utils.mpc_utils     ][cem                      ] new mean: tensor([-0.0437, -0.0271,  0.0159, -0.2925], device='cuda:0') tensor([0.0972, 0.0913, 0.0632, 0.5125], device='cuda:0')
[INFO    ][2026-07-23 14:57:29][utils.mpc_utils     ][cem                      ] new mean: tensor([-0.0098, -0.0468,  0.0296,  0.0026], device='cuda:0') tensor([0.1315, 0.1373, 0.1267, 1.2751], device='cuda:0')
[INFO    ][2026-07-23 14:57:36][utils.mpc_utils     ][cem                      ] new mean: tensor([ 0.0069, -0.0362,  0.0328,  0.2781], device='cuda:0') tensor([0.1205, 0.1277, 0.1013, 0.7728], device='cuda:0')
[INFO    ][2026-07-23 14:57:43][utils.mpc_utils     ][cem                      ] new mean: tensor([ 0.0106, -0.0160,  0.0146,  0.2355], device='cuda:0') tensor([0.0976, 0.1106, 0.0817, 0.5325], device='cuda:0')
[INFO    ][2026-07-23 14:57:49][utils.mpc_utils     ][cem                      ] new mean: tensor([ 0.0060, -0.0314,  0.0122,  0.1968], device='cuda:0') tensor([0.0767, 0.1004, 0.0665, 0.6107], device='cuda:0')
[INFO    ][2026-07-23 14:57:56][utils.mpc_utils     ][cem                      ] new mean: tensor([ 0.0055, -0.0049,  0.0051,  0.2759], device='cuda:0') tensor([0.0634, 0.0870, 0.0569, 0.5014], device='cuda:0')
     2 |  0.3515 +0.0132 |  0.3569 +0.0441 |          0.0548
[INFO    ][2026-07-23 14:58:02][utils.mpc_utils     ][cem                      ] new mean: tensor([-0.0130, -0.0151,  0.0304, -0.1673], device='cuda:0') tensor([0.1324, 0.1407, 0.1305, 1.2187], device='cuda:0')
[INFO    ][2026-07-23 14:58:09][utils.mpc_utils     ][cem                      ] new mean: tensor([-0.0707, -0.0114,  0.0472,  0.0718], device='cuda:0') tensor([0.1131, 0.1277, 0.1050, 1.0168], device='cuda:0')
[INFO    ][2026-07-23 14:58:16][utils.mpc_utils     ][cem                      ] new mean: tensor([-0.0870, -0.0091,  0.0649, -0.1947], device='cuda:0') tensor([0.0947, 0.1200, 0.0876, 0.8041], device='cuda:0')
[INFO    ][2026-07-23 14:58:22][utils.mpc_utils     ][cem                      ] new mean: tensor([-0.1004, -0.0050,  0.0665, -0.2442], device='cuda:0') tensor([0.0822, 0.1096, 0.0714, 0.7215], device='cuda:0')
[INFO    ][2026-07-23 14:58:29][utils.mpc_utils     ][cem                      ] new mean: tensor([-0.1141, -0.0111,  0.0629, -0.3748], device='cuda:0') tensor([0.0712, 0.1031, 0.0583, 0.4989], device='cuda:0')
[INFO    ][2026-07-23 14:58:35][utils.mpc_utils     ][cem                      ] new mean: tensor([-0.0644,  0.0173,  0.0522, -0.3750], device='cuda:0') tensor([0.1367, 0.1359, 0.1312, 1.0969], device='cuda:0')
[INFO    ][2026-07-23 14:58:42][utils.mpc_utils     ][cem                      ] new mean: tensor([-0.1071,  0.0205,  0.0586, -0.3424], device='cuda:0') tensor([0.1130, 0.1274, 0.1090, 0.8156], device='cuda:0')
[INFO    ][2026-07-23 14:58:49][utils.mpc_utils     ][cem                      ] new mean: tensor([-0.0892,  0.0157,  0.0541, -0.2153], device='cuda:0') tensor([0.1005, 0.1156, 0.0924, 0.7027], device='cuda:0')
[INFO    ][2026-07-23 14:58:55][utils.mpc_utils     ][cem                      ] new mean: tensor([-0.0838,  0.0049,  0.0579, -0.3112], device='cuda:0') tensor([0.0939, 0.1100, 0.0768, 0.4076], device='cuda:0')
[INFO    ][2026-07-23 14:59:02][utils.mpc_utils     ][cem                      ] new mean: tensor([-0.0931, -0.0103,  0.0590, -0.4203], device='cuda:0') tensor([0.0821, 0.0996, 0.0630, 0.3199], device='cuda:0')
     4 |  0.3473 +0.0091 |  0.3760 +0.0633 |          0.0751
[INFO    ][2026-07-23 14:59:08][utils.mpc_utils     ][cem                      ] new mean: tensor([-0.0168,  0.0144,  0.0070,  0.3223], device='cuda:0') tensor([0.1371, 0.1301, 0.1252, 1.2951], device='cuda:0')
[INFO    ][2026-07-23 14:59:15][utils.mpc_utils     ][cem                      ] new mean: tensor([-0.0852,  0.0074,  0.0183,  0.5938], device='cuda:0') tensor([0.1191, 0.1160, 0.1061, 0.9565], device='cuda:0')
[INFO    ][2026-07-23 14:59:22][utils.mpc_utils     ][cem                      ] new mean: tensor([-0.1131,  0.0114,  0.0215,  0.6770], device='cuda:0') tensor([0.0991, 0.1055, 0.0888, 0.6930], device='cuda:0')
[INFO    ][2026-07-23 14:59:28][utils.mpc_utils     ][cem                      ] new mean: tensor([-0.1190, -0.0082,  0.0293,  0.7480], device='cuda:0') tensor([0.0871, 0.0927, 0.0749, 0.5584], device='cuda:0')
[INFO    ][2026-07-23 14:59:35][utils.mpc_utils     ][cem                      ] new mean: tensor([-0.0960, -0.0013,  0.0207,  0.7521], device='cuda:0') tensor([0.0753, 0.0799, 0.0624, 0.4631], device='cuda:0')
[INFO    ][2026-07-23 14:59:41][utils.mpc_utils     ][cem                      ] new mean: tensor([-0.0374,  0.0041,  0.0094, -0.0090], device='cuda:0') tensor([0.1405, 0.1398, 0.1330, 1.2773], device='cuda:0')
[INFO    ][2026-07-23 14:59:48][utils.mpc_utils     ][cem                      ] new mean: tensor([-0.0409,  0.0220, -0.0013,  0.1063], device='cuda:0') tensor([0.1340, 0.1327, 0.1121, 1.0301], device='cuda:0')
[INFO    ][2026-07-23 14:59:54][utils.mpc_utils     ][cem                      ] new mean: tensor([-0.0674,  0.0048,  0.0212,  0.1234], device='cuda:0') tensor([0.1184, 0.1162, 0.0905, 0.8700], device='cuda:0')
[INFO    ][2026-07-23 15:00:01][utils.mpc_utils     ][cem                      ] new mean: tensor([-0.0637, -0.0068,  0.0162,  0.3190], device='cuda:0') tensor([0.1044, 0.1030, 0.0773, 0.7695], device='cuda:0')
[INFO    ][2026-07-23 15:00:08][utils.mpc_utils     ][cem                      ] new mean: tensor([-0.0895, -0.0082,  0.0182,  0.2156], device='cuda:0') tensor([0.0841, 0.0934, 0.0646, 0.5242], device='cuda:0')
     8 |  0.3538 +0.0155 |  0.4086 +0.0958 |          0.1137
[INFO    ][2026-07-23 15:00:14][utils.mpc_utils     ][cem                      ] new mean: tensor([ 0.0699,  0.0101, -0.0090, -0.3446], device='cuda:0') tensor([0.1363, 0.1393, 0.1279, 1.2638], device='cuda:0')
[INFO    ][2026-07-23 15:00:21][utils.mpc_utils     ][cem                      ] new mean: tensor([ 0.1023,  0.0556, -0.0244, -0.4136], device='cuda:0') tensor([0.1162, 0.1268, 0.1097, 0.8610], device='cuda:0')
[INFO    ][2026-07-23 15:00:28][utils.mpc_utils     ][cem                      ] new mean: tensor([ 0.0963,  0.0665, -0.0192, -0.3826], device='cuda:0') tensor([0.1038, 0.1146, 0.0913, 0.6396], device='cuda:0')
[INFO    ][2026-07-23 15:00:34][utils.mpc_utils     ][cem                      ] new mean: tensor([ 0.0788,  0.1019, -0.0266, -0.3882], device='cuda:0') tensor([0.0908, 0.1017, 0.0751, 0.6179], device='cuda:0')
[INFO    ][2026-07-23 15:00:41][utils.mpc_utils     ][cem                      ] new mean: tensor([ 0.0751,  0.1020, -0.0069, -0.2490], device='cuda:0') tensor([0.0816, 0.0854, 0.0593, 0.5930], device='cuda:0')
[INFO    ][2026-07-23 15:00:48][utils.mpc_utils     ][cem                      ] new mean: tensor([ 0.0397,  0.0375,  0.0019, -0.0580], device='cuda:0') tensor([0.1357, 0.1395, 0.1275, 1.1485], device='cuda:0')
[INFO    ][2026-07-23 15:00:54][utils.mpc_utils     ][cem                      ] new mean: tensor([0.0823, 0.0267, 0.0085, 0.1685], device='cuda:0') tensor([0.1165, 0.1276, 0.1053, 0.7737], device='cuda:0')
[INFO    ][2026-07-23 15:01:01][utils.mpc_utils     ][cem                      ] new mean: tensor([0.0896, 0.0474, 0.0016, 0.1703], device='cuda:0') tensor([0.0994, 0.1169, 0.0881, 0.5189], device='cuda:0')
[INFO    ][2026-07-23 15:01:07][utils.mpc_utils     ][cem                      ] new mean: tensor([ 0.0920,  0.0744, -0.0012,  0.0687], device='cuda:0') tensor([0.0875, 0.1004, 0.0750, 0.4015], device='cuda:0')
[INFO    ][2026-07-23 15:01:14][utils.mpc_utils     ][cem                      ] new mean: tensor([ 0.0753,  0.0943, -0.0092,  0.0587], device='cuda:0') tensor([0.0835, 0.0891, 0.0627, 0.5018], device='cuda:0')
    16 |  0.3567 +0.0184 |  0.4353 +0.1226 |          0.1832
[INFO    ][2026-07-23 15:01:21][utils.mpc_utils     ][cem                      ] new mean: tensor([ 0.0211,  0.0505, -0.0295,  0.3974], device='cuda:0') tensor([0.1432, 0.1332, 0.1372, 1.1868], device='cuda:0')
[INFO    ][2026-07-23 15:01:27][utils.mpc_utils     ][cem                      ] new mean: tensor([ 0.0928,  0.0828, -0.0665,  0.1755], device='cuda:0') tensor([0.1279, 0.1143, 0.1166, 0.8918], device='cuda:0')
[INFO    ][2026-07-23 15:01:34][utils.mpc_utils     ][cem                      ] new mean: tensor([ 0.1170,  0.1137, -0.0868, -0.0620], device='cuda:0') tensor([0.1070, 0.0973, 0.0974, 0.9287], device='cuda:0')
[INFO    ][2026-07-23 15:01:40][utils.mpc_utils     ][cem                      ] new mean: tensor([ 0.1164,  0.1231, -0.1026,  0.1137], device='cuda:0') tensor([0.0906, 0.0799, 0.0836, 0.8999], device='cuda:0')
[INFO    ][2026-07-23 15:01:47][utils.mpc_utils     ][cem                      ] new mean: tensor([ 0.1029,  0.1336, -0.0984,  0.0945], device='cuda:0') tensor([0.0775, 0.0654, 0.0719, 0.6192], device='cuda:0')
[INFO    ][2026-07-23 15:01:54][utils.mpc_utils     ][cem                      ] new mean: tensor([-0.0032,  0.0075,  0.0039,  0.1903], device='cuda:0') tensor([0.1447, 0.1402, 0.1362, 0.9502], device='cuda:0')
[INFO    ][2026-07-23 15:02:00][utils.mpc_utils     ][cem                      ] new mean: tensor([ 0.0156,  0.0574, -0.0029,  0.1037], device='cuda:0') tensor([0.1360, 0.1264, 0.1159, 0.9338], device='cuda:0')
[INFO    ][2026-07-23 15:02:07][utils.mpc_utils     ][cem                      ] new mean: tensor([ 0.0543,  0.0829, -0.0495,  0.0943], device='cuda:0') tensor([0.1273, 0.1095, 0.1084, 0.7721], device='cuda:0')
[INFO    ][2026-07-23 15:02:14][utils.mpc_utils     ][cem                      ] new mean: tensor([ 0.1123,  0.1098, -0.0632, -0.1582], device='cuda:0') tensor([0.1073, 0.0934, 0.0993, 0.5950], device='cuda:0')
[INFO    ][2026-07-23 15:02:20][utils.mpc_utils     ][cem                      ] new mean: tensor([ 0.1152,  0.1234, -0.0974, -0.2284], device='cuda:0') tensor([0.0944, 0.0772, 0.0839, 0.5374], device='cuda:0')
    32 |  0.4218 +0.0835 |  0.4513 +0.1385 |          0.2397
[INFO    ][2026-07-23 15:02:27][utils.mpc_utils     ][cem                      ] new mean: tensor([ 0.0990,  0.0302, -0.0388,  0.0438], device='cuda:0') tensor([0.1279, 0.1388, 0.1308, 1.2096], device='cuda:0')
[INFO    ][2026-07-23 15:02:34][utils.mpc_utils     ][cem                      ] new mean: tensor([ 0.0995,  0.0599, -0.0628,  0.2760], device='cuda:0') tensor([0.1118, 0.1225, 0.1088, 0.9950], device='cuda:0')
[INFO    ][2026-07-23 15:02:40][utils.mpc_utils     ][cem                      ] new mean: tensor([ 0.1088,  0.0537, -0.0665, -0.0246], device='cuda:0') tensor([0.0970, 0.1157, 0.0988, 0.8231], device='cuda:0')
[INFO    ][2026-07-23 15:02:47][utils.mpc_utils     ][cem                      ] new mean: tensor([ 0.1085,  0.0687, -0.0841,  0.1856], device='cuda:0') tensor([0.0861, 0.1038, 0.0896, 0.7160], device='cuda:0')
[INFO    ][2026-07-23 15:02:53][utils.mpc_utils     ][cem                      ] new mean: tensor([ 0.1238,  0.0586, -0.0989,  0.2535], device='cuda:0') tensor([0.0752, 0.0949, 0.0813, 0.5901], device='cuda:0')
[INFO    ][2026-07-23 15:03:00][utils.mpc_utils     ][cem                      ] new mean: tensor([ 0.0967,  0.0182, -0.0469,  0.3533], device='cuda:0') tensor([0.1279, 0.1395, 0.1315, 1.2002], device='cuda:0')
[INFO    ][2026-07-23 15:03:07][utils.mpc_utils     ][cem                      ] new mean: tensor([ 0.1203,  0.0394, -0.0730,  0.4058], device='cuda:0') tensor([0.1058, 0.1308, 0.1175, 0.7663], device='cuda:0')
[INFO    ][2026-07-23 15:03:13][utils.mpc_utils     ][cem                      ] new mean: tensor([ 0.1055,  0.0729, -0.0988,  0.2658], device='cuda:0') tensor([0.0981, 0.1147, 0.1027, 0.6677], device='cuda:0')
[INFO    ][2026-07-23 15:03:20][utils.mpc_utils     ][cem                      ] new mean: tensor([ 0.1043,  0.0762, -0.1112,  0.3033], device='cuda:0') tensor([0.0835, 0.1036, 0.0896, 0.5624], device='cuda:0')
[INFO    ][2026-07-23 15:03:26][utils.mpc_utils     ][cem                      ] new mean: tensor([ 0.1136,  0.0672, -0.1086,  0.2131], device='cuda:0') tensor([0.0758, 0.0983, 0.0792, 0.6195], device='cuda:0')
    63 |  0.4285 +0.0903 |  0.4623 +0.1495 |          0.2635
  (v2 verdict wants a column that RISES with t, spread >> jitter; flat everywhere = certificate stays dead on this substrate)
[INFO    ][2026-07-23 15:03:35][utils.mpc_utils     ][cem                      ] new mean: tensor([-0.0492,  0.0456,  0.0100,  0.2792], device='cuda:0') tensor([0.1278, 0.1393, 0.1360, 1.1488], device='cuda:0')
[INFO    ][2026-07-23 15:03:42][utils.mpc_utils     ][cem                      ] new mean: tensor([-0.0645,  0.0562,  0.0580,  0.2818], device='cuda:0') tensor([0.1139, 0.1279, 0.1177, 0.9298], device='cuda:0')
[INFO    ][2026-07-23 15:03:48][utils.mpc_utils     ][cem                      ] new mean: tensor([-0.0730,  0.0847,  0.0860,  0.2882], device='cuda:0') tensor([0.0975, 0.1141, 0.1067, 0.8689], device='cuda:0')
[INFO    ][2026-07-23 15:03:55][utils.mpc_utils     ][cem                      ] new mean: tensor([-0.0760,  0.0925,  0.0862,  0.0936], device='cuda:0') tensor([0.0912, 0.1000, 0.0959, 0.7693], device='cuda:0')
[INFO    ][2026-07-23 15:04:02][utils.mpc_utils     ][cem                      ] new mean: tensor([-0.0499,  0.0954,  0.1008,  0.0786], device='cuda:0') tensor([0.0832, 0.0898, 0.0842, 0.6359], device='cuda:0')
[INFO    ][2026-07-23 15:04:08][utils.mpc_utils     ][cem                      ] new mean: tensor([-0.0119,  0.0398,  0.0187, -0.2042], device='cuda:0') tensor([0.1374, 0.1302, 0.1345, 1.1041], device='cuda:0')
[INFO    ][2026-07-23 15:04:15][utils.mpc_utils     ][cem                      ] new mean: tensor([-0.0517,  0.0445,  0.0563, -0.0609], device='cuda:0') tensor([0.1226, 0.1155, 0.1205, 0.8118], device='cuda:0')
[INFO    ][2026-07-23 15:04:21][utils.mpc_utils     ][cem                      ] new mean: tensor([-0.0277,  0.0427,  0.0615, -0.0451], device='cuda:0') tensor([0.1072, 0.1029, 0.1056, 0.6676], device='cuda:0')
[INFO    ][2026-07-23 15:04:28][utils.mpc_utils     ][cem                      ] new mean: tensor([-0.0112,  0.0352,  0.0652,  0.1180], device='cuda:0') tensor([0.0940, 0.0909, 0.0971, 0.7001], device='cuda:0')
[INFO    ][2026-07-23 15:04:35][utils.mpc_utils     ][cem                      ] new mean: tensor([-0.0151,  0.0550,  0.0584,  0.0708], device='cuda:0') tensor([0.0833, 0.0811, 0.0856, 0.7673], device='cuda:0')

==== C*-V2 LADDERS: droid_ep019.npz (T=57) ====
  self-floor: pooled=0.3512  token=0.3603
     t |  pooled   p-cal |   token   t-cal | raw pooled dist
[INFO    ][2026-07-23 15:04:41][utils.mpc_utils     ][cem                      ] new mean: tensor([-0.0128,  0.0076,  0.0297, -0.2419], device='cuda:0') tensor([0.1414, 0.1413, 0.1371, 1.3499], device='cuda:0')
[INFO    ][2026-07-23 15:04:48][utils.mpc_utils     ][cem                      ] new mean: tensor([ 0.0008,  0.0175,  0.0108, -0.4488], device='cuda:0') tensor([0.1295, 0.1235, 0.1224, 1.0720], device='cuda:0')
[INFO    ][2026-07-23 15:04:54][utils.mpc_utils     ][cem                      ] new mean: tensor([-0.0050,  0.0140,  0.0277, -0.2484], device='cuda:0') tensor([0.1181, 0.1062, 0.1140, 0.8476], device='cuda:0')
[INFO    ][2026-07-23 15:05:01][utils.mpc_utils     ][cem                      ] new mean: tensor([-0.0017,  0.0150,  0.0350, -0.1543], device='cuda:0') tensor([0.1035, 0.1024, 0.1039, 0.7277], device='cuda:0')
[INFO    ][2026-07-23 15:05:08][utils.mpc_utils     ][cem                      ] new mean: tensor([ 0.0028,  0.0123,  0.0175, -0.2577], device='cuda:0') tensor([0.0950, 0.0935, 0.0934, 0.6073], device='cuda:0')
[INFO    ][2026-07-23 15:05:14][utils.mpc_utils     ][cem                      ] new mean: tensor([-0.0123,  0.0542,  0.0530, -0.0115], device='cuda:0') tensor([0.1362, 0.1356, 0.1364, 1.3225], device='cuda:0')
[INFO    ][2026-07-23 15:05:21][utils.mpc_utils     ][cem                      ] new mean: tensor([ 0.0092,  0.0642,  0.0433, -0.3040], device='cuda:0') tensor([0.1164, 0.1217, 0.1215, 1.1093], device='cuda:0')
[INFO    ][2026-07-23 15:05:27][utils.mpc_utils     ][cem                      ] new mean: tensor([ 0.0033,  0.0265,  0.0352, -0.0289], device='cuda:0') tensor([0.0982, 0.1106, 0.1094, 1.0318], device='cuda:0')
[INFO    ][2026-07-23 15:05:34][utils.mpc_utils     ][cem                      ] new mean: tensor([0.0033, 0.0009, 0.0316, 0.1861], device='cuda:0') tensor([0.0868, 0.1008, 0.1012, 0.8386], device='cuda:0')
[INFO    ][2026-07-23 15:05:41][utils.mpc_utils     ][cem                      ] new mean: tensor([ 0.0110,  0.0176, -0.0045,  0.0024], device='cuda:0') tensor([0.0819, 0.0898, 0.0882, 0.6555], device='cuda:0')
     1 |  0.3726 +0.0214 |  0.3976 +0.0373 |          0.0611
[INFO    ][2026-07-23 15:05:47][utils.mpc_utils     ][cem                      ] new mean: tensor([-0.0106,  0.0235,  0.0197, -0.0269], device='cuda:0') tensor([0.1357, 0.1310, 0.1308, 1.3340], device='cuda:0')
[INFO    ][2026-07-23 15:05:54][utils.mpc_utils     ][cem                      ] new mean: tensor([-0.0242,  0.0230,  0.0258,  0.1429], device='cuda:0') tensor([0.1226, 0.1220, 0.1216, 0.9236], device='cuda:0')
[INFO    ][2026-07-23 15:06:00][utils.mpc_utils     ][cem                      ] new mean: tensor([-0.0097,  0.0182,  0.0286,  0.3789], device='cuda:0') tensor([0.1104, 0.1158, 0.1115, 0.7167], device='cuda:0')
[INFO    ][2026-07-23 15:06:07][utils.mpc_utils     ][cem                      ] new mean: tensor([-0.0149,  0.0123,  0.0593,  0.4336], device='cuda:0') tensor([0.0990, 0.1006, 0.1006, 0.6082], device='cuda:0')
[INFO    ][2026-07-23 15:06:14][utils.mpc_utils     ][cem                      ] new mean: tensor([-0.0074,  0.0115,  0.0309,  0.3518], device='cuda:0') tensor([0.0929, 0.0934, 0.0934, 0.5681], device='cuda:0')
[INFO    ][2026-07-23 15:06:20][utils.mpc_utils     ][cem                      ] new mean: tensor([-0.0104,  0.0249,  0.0370,  0.1257], device='cuda:0') tensor([0.1338, 0.1388, 0.1310, 1.2785], device='cuda:0')
[INFO    ][2026-07-23 15:06:27][utils.mpc_utils     ][cem                      ] new mean: tensor([-0.0078,  0.0215,  0.0264,  0.1937], device='cuda:0') tensor([0.1191, 0.1307, 0.1193, 1.1414], device='cuda:0')
[INFO    ][2026-07-23 15:06:33][utils.mpc_utils     ][cem                      ] new mean: tensor([-0.0059,  0.0520,  0.0383,  0.2234], device='cuda:0') tensor([0.1076, 0.1203, 0.1062, 0.9264], device='cuda:0')
[INFO    ][2026-07-23 15:06:40][utils.mpc_utils     ][cem                      ] new mean: tensor([-0.0215,  0.0274,  0.0422,  0.0444], device='cuda:0') tensor([0.0964, 0.1057, 0.0956, 0.8596], device='cuda:0')
[INFO    ][2026-07-23 15:06:47][utils.mpc_utils     ][cem                      ] new mean: tensor([-0.0105,  0.0309,  0.0627, -0.0810], device='cuda:0') tensor([0.0885, 0.1002, 0.0877, 0.7302], device='cuda:0')
     2 |  0.3781 +0.0269 |  0.4081 +0.0478 |          0.0571
[INFO    ][2026-07-23 15:06:53][utils.mpc_utils     ][cem                      ] new mean: tensor([-0.0112,  0.0277,  0.0331,  0.0709], device='cuda:0') tensor([0.1344, 0.1360, 0.1338, 1.4830], device='cuda:0')
[INFO    ][2026-07-23 15:07:00][utils.mpc_utils     ][cem                      ] new mean: tensor([-0.0186,  0.0220,  0.0333,  0.0630], device='cuda:0') tensor([0.1238, 0.1250, 0.1240, 1.1206], device='cuda:0')
[INFO    ][2026-07-23 15:07:07][utils.mpc_utils     ][cem                      ] new mean: tensor([-0.0229,  0.0313,  0.0252,  0.2460], device='cuda:0') tensor([0.1146, 0.1199, 0.1130, 1.1736], device='cuda:0')
[INFO    ][2026-07-23 15:07:13][utils.mpc_utils     ][cem                      ] new mean: tensor([-0.0059,  0.0132,  0.0175,  0.3901], device='cuda:0') tensor([0.1060, 0.1129, 0.1044, 1.0567], device='cuda:0')
[INFO    ][2026-07-23 15:07:20][utils.mpc_utils     ][cem                      ] new mean: tensor([-1.4823e-02,  2.0740e-04,  2.9808e-02,  3.5110e-01], device='cuda:0') tensor([0.0917, 0.1042, 0.0910, 0.9162], device='cuda:0')
[INFO    ][2026-07-23 15:07:26][utils.mpc_utils     ][cem                      ] new mean: tensor([0.0029, 0.0039, 0.0204, 0.2784], device='cuda:0') tensor([0.1404, 0.1359, 0.1342, 1.3516], device='cuda:0')
[INFO    ][2026-07-23 15:07:33][utils.mpc_utils     ][cem                      ] new mean: tensor([-0.0068,  0.0277,  0.0282,  0.0691], device='cuda:0') tensor([0.1287, 0.1226, 0.1233, 1.1858], device='cuda:0')
[INFO    ][2026-07-23 15:07:40][utils.mpc_utils     ][cem                      ] new mean: tensor([-0.0112,  0.0255,  0.0332,  0.2586], device='cuda:0') tensor([0.1212, 0.1127, 0.1149, 1.0223], device='cuda:0')
[INFO    ][2026-07-23 15:07:46][utils.mpc_utils     ][cem                      ] new mean: tensor([ 0.0007, -0.0033,  0.0195,  0.4749], device='cuda:0') tensor([0.1035, 0.1028, 0.1056, 0.7875], device='cuda:0')
[INFO    ][2026-07-23 15:07:53][utils.mpc_utils     ][cem                      ] new mean: tensor([ 0.0062, -0.0017,  0.0411,  0.6464], device='cuda:0') tensor([0.0905, 0.0952, 0.0960, 0.7087], device='cuda:0')
     4 |  0.3669 +0.0156 |  0.3963 +0.0360 |          0.0730
[INFO    ][2026-07-23 15:08:00][utils.mpc_utils     ][cem                      ] new mean: tensor([ 0.0320, -0.0714, -0.0136,  0.1423], device='cuda:0') tensor([0.1394, 0.1276, 0.1419, 1.3255], device='cuda:0')
[INFO    ][2026-07-23 15:08:06][utils.mpc_utils     ][cem                      ] new mean: tensor([ 0.0114, -0.0930,  0.0099,  0.0309], device='cuda:0') tensor([0.1222, 0.1094, 0.1292, 1.1482], device='cuda:0')
[INFO    ][2026-07-23 15:08:13][utils.mpc_utils     ][cem                      ] new mean: tensor([ 0.0138, -0.1020, -0.0050,  0.2762], device='cuda:0') tensor([0.1103, 0.0999, 0.1203, 0.9924], device='cuda:0')
[INFO    ][2026-07-23 15:08:19][utils.mpc_utils     ][cem                      ] new mean: tensor([ 0.0212, -0.1155, -0.0113,  0.2708], device='cuda:0') tensor([0.1007, 0.0843, 0.1038, 0.8787], device='cuda:0')
[INFO    ][2026-07-23 15:08:26][utils.mpc_utils     ][cem                      ] new mean: tensor([ 0.0373, -0.1284, -0.0202,  0.2575], device='cuda:0') tensor([0.0937, 0.0710, 0.0898, 0.8787], device='cuda:0')
[INFO    ][2026-07-23 15:08:33][utils.mpc_utils     ][cem                      ] new mean: tensor([ 0.0093, -0.0667,  0.0004, -0.0355], device='cuda:0') tensor([0.1357, 0.1333, 0.1399, 1.3515], device='cuda:0')
[INFO    ][2026-07-23 15:08:39][utils.mpc_utils     ][cem                      ] new mean: tensor([ 0.0342, -0.1032, -0.0231,  0.2221], device='cuda:0') tensor([0.1238, 0.1125, 0.1201, 1.0351], device='cuda:0')
[INFO    ][2026-07-23 15:08:46][utils.mpc_utils     ][cem                      ] new mean: tensor([ 0.0520, -0.1265, -0.0200,  0.2391], device='cuda:0') tensor([0.1119, 0.0901, 0.1033, 0.8195], device='cuda:0')
[INFO    ][2026-07-23 15:08:52][utils.mpc_utils     ][cem                      ] new mean: tensor([ 0.0407, -0.1305, -0.0137,  0.2328], device='cuda:0') tensor([0.1002, 0.0764, 0.0947, 0.6924], device='cuda:0')
[INFO    ][2026-07-23 15:08:59][utils.mpc_utils     ][cem                      ] new mean: tensor([ 0.0388, -0.1185, -0.0118,  0.2029], device='cuda:0') tensor([0.0907, 0.0683, 0.0834, 0.6762], device='cuda:0')
     8 |  0.3862 +0.0350 |  0.4071 +0.0468 |          0.1099
[INFO    ][2026-07-23 15:09:06][utils.mpc_utils     ][cem                      ] new mean: tensor([-0.0838, -0.0896, -0.0248,  0.3374], device='cuda:0') tensor([0.1264, 0.1299, 0.1394, 1.3194], device='cuda:0')
[INFO    ][2026-07-23 15:09:12][utils.mpc_utils     ][cem                      ] new mean: tensor([-0.0952, -0.1148, -0.0524,  0.0237], device='cuda:0') tensor([0.1114, 0.1103, 0.1160, 1.0697], device='cuda:0')
[INFO    ][2026-07-23 15:09:19][utils.mpc_utils     ][cem                      ] new mean: tensor([-0.1142, -0.1273, -0.0593,  0.0938], device='cuda:0') tensor([0.0933, 0.0891, 0.1018, 0.7880], device='cuda:0')
[INFO    ][2026-07-23 15:09:26][utils.mpc_utils     ][cem                      ] new mean: tensor([-0.1282, -0.1227, -0.0698,  0.0433], device='cuda:0') tensor([0.0775, 0.0740, 0.0928, 0.6277], device='cuda:0')
[INFO    ][2026-07-23 15:09:32][utils.mpc_utils     ][cem                      ] new mean: tensor([-0.1185, -0.1248, -0.0751, -0.0084], device='cuda:0') tensor([0.0677, 0.0630, 0.0841, 0.5871], device='cuda:0')
[INFO    ][2026-07-23 15:09:39][utils.mpc_utils     ][cem                      ] new mean: tensor([-0.0661, -0.0873, -0.0356,  0.3178], device='cuda:0') tensor([0.1335, 0.1268, 0.1353, 1.3430], device='cuda:0')
[INFO    ][2026-07-23 15:09:45][utils.mpc_utils     ][cem                      ] new mean: tensor([-0.0912, -0.1271, -0.0550, -0.1465], device='cuda:0') tensor([0.1155, 0.1014, 0.1193, 1.0705], device='cuda:0')
[INFO    ][2026-07-23 15:09:52][utils.mpc_utils     ][cem                      ] new mean: tensor([-0.1152, -0.1257, -0.0568, -0.3070], device='cuda:0') tensor([0.0950, 0.0843, 0.1076, 0.9171], device='cuda:0')
[INFO    ][2026-07-23 15:09:59][utils.mpc_utils     ][cem                      ] new mean: tensor([-0.1167, -0.1234, -0.0659, -0.2028], device='cuda:0') tensor([0.0797, 0.0707, 0.0944, 0.8080], device='cuda:0')
[INFO    ][2026-07-23 15:10:05][utils.mpc_utils     ][cem                      ] new mean: tensor([-0.1186, -0.1282, -0.0684, -0.3776], device='cuda:0') tensor([0.0679, 0.0597, 0.0875, 0.7622], device='cuda:0')
    16 |  0.3980 +0.0468 |  0.4492 +0.0889 |          0.2966
[INFO    ][2026-07-23 15:10:12][utils.mpc_utils     ][cem                      ] new mean: tensor([-0.0336, -0.0701, -0.0480, -0.2178], device='cuda:0') tensor([0.1381, 0.1314, 0.1380, 1.2835], device='cuda:0')
[INFO    ][2026-07-23 15:10:19][utils.mpc_utils     ][cem                      ] new mean: tensor([-0.0713, -0.0904, -0.0712, -0.4609], device='cuda:0') tensor([0.1221, 0.1162, 0.1231, 0.9238], device='cuda:0')
[INFO    ][2026-07-23 15:10:25][utils.mpc_utils     ][cem                      ] new mean: tensor([-0.0929, -0.1171, -0.1116, -0.4357], device='cuda:0') tensor([0.1083, 0.0981, 0.1031, 0.8047], device='cuda:0')
[INFO    ][2026-07-23 15:10:32][utils.mpc_utils     ][cem                      ] new mean: tensor([-0.1097, -0.1253, -0.1101, -0.5363], device='cuda:0') tensor([0.0949, 0.0830, 0.0890, 0.6967], device='cuda:0')
[INFO    ][2026-07-23 15:10:38][utils.mpc_utils     ][cem                      ] new mean: tensor([-0.1158, -0.1109, -0.1000, -0.8257], device='cuda:0') tensor([0.0825, 0.0741, 0.0812, 0.4649], device='cuda:0')
[INFO    ][2026-07-23 15:10:45][utils.mpc_utils     ][cem                      ] new mean: tensor([-0.0610, -0.0861, -0.0576, -0.2639], device='cuda:0') tensor([0.1319, 0.1238, 0.1359, 1.4090], device='cuda:0')
[INFO    ][2026-07-23 15:10:52][utils.mpc_utils     ][cem                      ] new mean: tensor([-0.0791, -0.1048, -0.0854, -0.2961], device='cuda:0') tensor([0.1188, 0.1041, 0.1225, 1.0298], device='cuda:0')
[INFO    ][2026-07-23 15:10:58][utils.mpc_utils     ][cem                      ] new mean: tensor([-0.0901, -0.1146, -0.0985, -0.4331], device='cuda:0') tensor([0.1035, 0.0874, 0.1105, 0.8334], device='cuda:0')
[INFO    ][2026-07-23 15:11:05][utils.mpc_utils     ][cem                      ] new mean: tensor([-0.1087, -0.1253, -0.0916, -0.6489], device='cuda:0') tensor([0.0881, 0.0759, 0.1027, 0.6322], device='cuda:0')
[INFO    ][2026-07-23 15:11:12][utils.mpc_utils     ][cem                      ] new mean: tensor([-0.1118, -0.1387, -0.1304, -0.6276], device='cuda:0') tensor([0.0775, 0.0595, 0.0810, 0.5875], device='cuda:0')
    32 |  0.4262 +0.0749 |  0.4699 +0.1096 |          0.3421
[INFO    ][2026-07-23 15:11:18][utils.mpc_utils     ][cem                      ] new mean: tensor([-0.0428, -0.0832,  0.0319,  0.1101], device='cuda:0') tensor([0.1332, 0.1282, 0.1395, 1.4169], device='cuda:0')
[INFO    ][2026-07-23 15:11:25][utils.mpc_utils     ][cem                      ] new mean: tensor([-0.0334, -0.1211,  0.0182, -0.1746], device='cuda:0') tensor([0.1240, 0.1080, 0.1243, 1.0009], device='cuda:0')
[INFO    ][2026-07-23 15:11:31][utils.mpc_utils     ][cem                      ] new mean: tensor([-0.0462, -0.1331,  0.0184, -0.1304], device='cuda:0') tensor([0.1128, 0.0868, 0.1140, 1.0364], device='cuda:0')
[INFO    ][2026-07-23 15:11:38][utils.mpc_utils     ][cem                      ] new mean: tensor([-0.0412, -0.1389,  0.0177,  0.0353], device='cuda:0') tensor([0.0945, 0.0676, 0.1054, 0.9925], device='cuda:0')
[INFO    ][2026-07-23 15:11:45][utils.mpc_utils     ][cem                      ] new mean: tensor([-0.0587, -0.1295,  0.0303,  0.4072], device='cuda:0') tensor([0.0860, 0.0573, 0.1006, 0.8737], device='cuda:0')
[INFO    ][2026-07-23 15:11:51][utils.mpc_utils     ][cem                      ] new mean: tensor([-0.0138, -0.1017,  0.0194, -0.1498], device='cuda:0') tensor([0.1405, 0.1243, 0.1337, 1.4081], device='cuda:0')
[INFO    ][2026-07-23 15:11:58][utils.mpc_utils     ][cem                      ] new mean: tensor([-0.0152, -0.1363,  0.0158, -0.1932], device='cuda:0') tensor([0.1289, 0.0963, 0.1184, 1.2312], device='cuda:0')
[INFO    ][2026-07-23 15:12:04][utils.mpc_utils     ][cem                      ] new mean: tensor([-0.0266, -0.1370,  0.0067,  0.1112], device='cuda:0') tensor([0.1191, 0.0774, 0.1103, 1.0691], device='cuda:0')
[INFO    ][2026-07-23 15:12:11][utils.mpc_utils     ][cem                      ] new mean: tensor([-0.0316, -0.1365,  0.0094,  0.0798], device='cuda:0') tensor([0.1019, 0.0636, 0.1029, 0.9880], device='cuda:0')
[INFO    ][2026-07-23 15:12:18][utils.mpc_utils     ][cem                      ] new mean: tensor([-0.0314, -0.1277,  0.0085, -0.0999], device='cuda:0') tensor([0.1005, 0.0551, 0.0913, 0.7327], device='cuda:0')
    56 |  0.3927 +0.0415 |  0.4342 +0.0739 |          0.1375
  (v2 verdict wants a column that RISES with t, spread >> jitter; flat everywhere = certificate stays dead on this substrate)
