idx	env	arm	t	seed	log	cmd
0	pusht	blind2	25	42	logs/rbH_pusht_blind2_t25_seed42.log	python -m surveyor.envs.pusht.eval --subgoal dspark --no-refine --commit fixed --commit-k 2 --gdm-ckpt gdm_stride10.pt --gdm-steps 3 --horizon 2 --receding-horizon 2 --source pretrained --h5 pusht_c2222.h5 --device cuda --mode long --episodes-file episodes/pusht_c2222.episodes25.json --goal-offset 25 --eval-budget 50 --num-eval 256 --score block --angles 20 5 --seed 42 --cem-seed 42
1	pusht	ffjepa_s10k3	25	42	logs/rbH_pusht_ffjepa_s10k3_t25_seed42.log	python -m surveyor.envs.pusht.eval --subgoal ffjepa --gdm-ckpt gdm_stride10.pt --gdm-steps 3 --horizon 2 --receding-horizon 2 --source pretrained --h5 pusht_c2222.h5 --device cuda --mode long --episodes-file episodes/pusht_c2222.episodes25.json --goal-offset 25 --eval-budget 50 --num-eval 256 --score block --angles 20 5 --seed 42 --cem-seed 42
2	pusht	blindk	25	42	logs/rbH_pusht_blindk_t25_seed42.log	python -m surveyor.envs.pusht.eval --subgoal surveyor --gdm-ckpt gdm_stride10.pt --gdm-steps 3 --accept-tau 999 --horizon 2 --receding-horizon 2 --source pretrained --h5 pusht_c2222.h5 --device cuda --mode long --episodes-file episodes/pusht_c2222.episodes25.json --goal-offset 25 --eval-budget 50 --num-eval 256 --score block --angles 20 5 --seed 42 --cem-seed 42
3	pusht	icem_router	25	42	logs/rbH_pusht_icem_router_t25_seed42.log	python -m surveyor.envs.pusht.eval --solver icem --subgoal router+surveyor --gdm-ckpt gdm_stride10.pt --gdm-steps 3 --accept-tau 0.20 --horizon 2 --receding-horizon 2 --source pretrained --h5 pusht_c2222.h5 --device cuda --mode long --episodes-file episodes/pusht_c2222.episodes25.json --goal-offset 25 --eval-budget 50 --num-eval 256 --score block --angles 20 5 --seed 42 --cem-seed 42
4	pusht	icem_blindk	25	42	logs/rbH_pusht_icem_blindk_t25_seed42.log	python -m surveyor.envs.pusht.eval --solver icem --subgoal surveyor --gdm-ckpt gdm_stride10.pt --gdm-steps 3 --accept-tau 999 --horizon 2 --receding-horizon 2 --source pretrained --h5 pusht_c2222.h5 --device cuda --mode long --episodes-file episodes/pusht_c2222.episodes25.json --goal-offset 25 --eval-budget 50 --num-eval 256 --score block --angles 20 5 --seed 42 --cem-seed 42
5	pusht	mppi_router	25	42	logs/rbH_pusht_mppi_router_t25_seed42.log	python -m surveyor.envs.pusht.eval --solver mppi --subgoal router+surveyor --gdm-ckpt gdm_stride10.pt --gdm-steps 3 --accept-tau 0.20 --horizon 2 --receding-horizon 2 --source pretrained --h5 pusht_c2222.h5 --device cuda --mode long --episodes-file episodes/pusht_c2222.episodes25.json --goal-offset 25 --eval-budget 50 --num-eval 256 --score block --angles 20 5 --seed 42 --cem-seed 42
6	pusht	mppi_blindk	25	42	logs/rbH_pusht_mppi_blindk_t25_seed42.log	python -m surveyor.envs.pusht.eval --solver mppi --subgoal surveyor --gdm-ckpt gdm_stride10.pt --gdm-steps 3 --accept-tau 999 --horizon 2 --receding-horizon 2 --source pretrained --h5 pusht_c2222.h5 --device cuda --mode long --episodes-file episodes/pusht_c2222.episodes25.json --goal-offset 25 --eval-budget 50 --num-eval 256 --score block --angles 20 5 --seed 42 --cem-seed 42
7	pusht	blind2	25	43	logs/rbH_pusht_blind2_t25_seed43.log	python -m surveyor.envs.pusht.eval --subgoal dspark --no-refine --commit fixed --commit-k 2 --gdm-ckpt gdm_stride10.pt --gdm-steps 3 --horizon 2 --receding-horizon 2 --source pretrained --h5 pusht_c2222.h5 --device cuda --mode long --episodes-file episodes/pusht_c2222.episodes25.json --goal-offset 25 --eval-budget 50 --num-eval 256 --score block --angles 20 5 --seed 43 --cem-seed 43
8	pusht	ffjepa_s10k3	25	43	logs/rbH_pusht_ffjepa_s10k3_t25_seed43.log	python -m surveyor.envs.pusht.eval --subgoal ffjepa --gdm-ckpt gdm_stride10.pt --gdm-steps 3 --horizon 2 --receding-horizon 2 --source pretrained --h5 pusht_c2222.h5 --device cuda --mode long --episodes-file episodes/pusht_c2222.episodes25.json --goal-offset 25 --eval-budget 50 --num-eval 256 --score block --angles 20 5 --seed 43 --cem-seed 43
9	pusht	blindk	25	43	logs/rbH_pusht_blindk_t25_seed43.log	python -m surveyor.envs.pusht.eval --subgoal surveyor --gdm-ckpt gdm_stride10.pt --gdm-steps 3 --accept-tau 999 --horizon 2 --receding-horizon 2 --source pretrained --h5 pusht_c2222.h5 --device cuda --mode long --episodes-file episodes/pusht_c2222.episodes25.json --goal-offset 25 --eval-budget 50 --num-eval 256 --score block --angles 20 5 --seed 43 --cem-seed 43
10	pusht	icem_router	25	43	logs/rbH_pusht_icem_router_t25_seed43.log	python -m surveyor.envs.pusht.eval --solver icem --subgoal router+surveyor --gdm-ckpt gdm_stride10.pt --gdm-steps 3 --accept-tau 0.20 --horizon 2 --receding-horizon 2 --source pretrained --h5 pusht_c2222.h5 --device cuda --mode long --episodes-file episodes/pusht_c2222.episodes25.json --goal-offset 25 --eval-budget 50 --num-eval 256 --score block --angles 20 5 --seed 43 --cem-seed 43
11	pusht	icem_blindk	25	43	logs/rbH_pusht_icem_blindk_t25_seed43.log	python -m surveyor.envs.pusht.eval --solver icem --subgoal surveyor --gdm-ckpt gdm_stride10.pt --gdm-steps 3 --accept-tau 999 --horizon 2 --receding-horizon 2 --source pretrained --h5 pusht_c2222.h5 --device cuda --mode long --episodes-file episodes/pusht_c2222.episodes25.json --goal-offset 25 --eval-budget 50 --num-eval 256 --score block --angles 20 5 --seed 43 --cem-seed 43
12	pusht	mppi_router	25	43	logs/rbH_pusht_mppi_router_t25_seed43.log	python -m surveyor.envs.pusht.eval --solver mppi --subgoal router+surveyor --gdm-ckpt gdm_stride10.pt --gdm-steps 3 --accept-tau 0.20 --horizon 2 --receding-horizon 2 --source pretrained --h5 pusht_c2222.h5 --device cuda --mode long --episodes-file episodes/pusht_c2222.episodes25.json --goal-offset 25 --eval-budget 50 --num-eval 256 --score block --angles 20 5 --seed 43 --cem-seed 43
13	pusht	mppi_blindk	25	43	logs/rbH_pusht_mppi_blindk_t25_seed43.log	python -m surveyor.envs.pusht.eval --solver mppi --subgoal surveyor --gdm-ckpt gdm_stride10.pt --gdm-steps 3 --accept-tau 999 --horizon 2 --receding-horizon 2 --source pretrained --h5 pusht_c2222.h5 --device cuda --mode long --episodes-file episodes/pusht_c2222.episodes25.json --goal-offset 25 --eval-budget 50 --num-eval 256 --score block --angles 20 5 --seed 43 --cem-seed 43
14	pusht	blind2	25	44	logs/rbH_pusht_blind2_t25_seed44.log	python -m surveyor.envs.pusht.eval --subgoal dspark --no-refine --commit fixed --commit-k 2 --gdm-ckpt gdm_stride10.pt --gdm-steps 3 --horizon 2 --receding-horizon 2 --source pretrained --h5 pusht_c2222.h5 --device cuda --mode long --episodes-file episodes/pusht_c2222.episodes25.json --goal-offset 25 --eval-budget 50 --num-eval 256 --score block --angles 20 5 --seed 44 --cem-seed 44
15	pusht	ffjepa_s10k3	25	44	logs/rbH_pusht_ffjepa_s10k3_t25_seed44.log	python -m surveyor.envs.pusht.eval --subgoal ffjepa --gdm-ckpt gdm_stride10.pt --gdm-steps 3 --horizon 2 --receding-horizon 2 --source pretrained --h5 pusht_c2222.h5 --device cuda --mode long --episodes-file episodes/pusht_c2222.episodes25.json --goal-offset 25 --eval-budget 50 --num-eval 256 --score block --angles 20 5 --seed 44 --cem-seed 44
16	pusht	blindk	25	44	logs/rbH_pusht_blindk_t25_seed44.log	python -m surveyor.envs.pusht.eval --subgoal surveyor --gdm-ckpt gdm_stride10.pt --gdm-steps 3 --accept-tau 999 --horizon 2 --receding-horizon 2 --source pretrained --h5 pusht_c2222.h5 --device cuda --mode long --episodes-file episodes/pusht_c2222.episodes25.json --goal-offset 25 --eval-budget 50 --num-eval 256 --score block --angles 20 5 --seed 44 --cem-seed 44
17	pusht	icem_router	25	44	logs/rbH_pusht_icem_router_t25_seed44.log	python -m surveyor.envs.pusht.eval --solver icem --subgoal router+surveyor --gdm-ckpt gdm_stride10.pt --gdm-steps 3 --accept-tau 0.20 --horizon 2 --receding-horizon 2 --source pretrained --h5 pusht_c2222.h5 --device cuda --mode long --episodes-file episodes/pusht_c2222.episodes25.json --goal-offset 25 --eval-budget 50 --num-eval 256 --score block --angles 20 5 --seed 44 --cem-seed 44
18	pusht	icem_blindk	25	44	logs/rbH_pusht_icem_blindk_t25_seed44.log	python -m surveyor.envs.pusht.eval --solver icem --subgoal surveyor --gdm-ckpt gdm_stride10.pt --gdm-steps 3 --accept-tau 999 --horizon 2 --receding-horizon 2 --source pretrained --h5 pusht_c2222.h5 --device cuda --mode long --episodes-file episodes/pusht_c2222.episodes25.json --goal-offset 25 --eval-budget 50 --num-eval 256 --score block --angles 20 5 --seed 44 --cem-seed 44
19	pusht	mppi_router	25	44	logs/rbH_pusht_mppi_router_t25_seed44.log	python -m surveyor.envs.pusht.eval --solver mppi --subgoal router+surveyor --gdm-ckpt gdm_stride10.pt --gdm-steps 3 --accept-tau 0.20 --horizon 2 --receding-horizon 2 --source pretrained --h5 pusht_c2222.h5 --device cuda --mode long --episodes-file episodes/pusht_c2222.episodes25.json --goal-offset 25 --eval-budget 50 --num-eval 256 --score block --angles 20 5 --seed 44 --cem-seed 44
20	pusht	mppi_blindk	25	44	logs/rbH_pusht_mppi_blindk_t25_seed44.log	python -m surveyor.envs.pusht.eval --solver mppi --subgoal surveyor --gdm-ckpt gdm_stride10.pt --gdm-steps 3 --accept-tau 999 --horizon 2 --receding-horizon 2 --source pretrained --h5 pusht_c2222.h5 --device cuda --mode long --episodes-file episodes/pusht_c2222.episodes25.json --goal-offset 25 --eval-budget 50 --num-eval 256 --score block --angles 20 5 --seed 44 --cem-seed 44
21	pusht	blind2	25	45	logs/rbH_pusht_blind2_t25_seed45.log	python -m surveyor.envs.pusht.eval --subgoal dspark --no-refine --commit fixed --commit-k 2 --gdm-ckpt gdm_stride10.pt --gdm-steps 3 --horizon 2 --receding-horizon 2 --source pretrained --h5 pusht_c2222.h5 --device cuda --mode long --episodes-file episodes/pusht_c2222.episodes25.json --goal-offset 25 --eval-budget 50 --num-eval 256 --score block --angles 20 5 --seed 45 --cem-seed 45
22	pusht	ffjepa_s10k3	25	45	logs/rbH_pusht_ffjepa_s10k3_t25_seed45.log	python -m surveyor.envs.pusht.eval --subgoal ffjepa --gdm-ckpt gdm_stride10.pt --gdm-steps 3 --horizon 2 --receding-horizon 2 --source pretrained --h5 pusht_c2222.h5 --device cuda --mode long --episodes-file episodes/pusht_c2222.episodes25.json --goal-offset 25 --eval-budget 50 --num-eval 256 --score block --angles 20 5 --seed 45 --cem-seed 45
23	pusht	blindk	25	45	logs/rbH_pusht_blindk_t25_seed45.log	python -m surveyor.envs.pusht.eval --subgoal surveyor --gdm-ckpt gdm_stride10.pt --gdm-steps 3 --accept-tau 999 --horizon 2 --receding-horizon 2 --source pretrained --h5 pusht_c2222.h5 --device cuda --mode long --episodes-file episodes/pusht_c2222.episodes25.json --goal-offset 25 --eval-budget 50 --num-eval 256 --score block --angles 20 5 --seed 45 --cem-seed 45
24	pusht	icem_router	25	45	logs/rbH_pusht_icem_router_t25_seed45.log	python -m surveyor.envs.pusht.eval --solver icem --subgoal router+surveyor --gdm-ckpt gdm_stride10.pt --gdm-steps 3 --accept-tau 0.20 --horizon 2 --receding-horizon 2 --source pretrained --h5 pusht_c2222.h5 --device cuda --mode long --episodes-file episodes/pusht_c2222.episodes25.json --goal-offset 25 --eval-budget 50 --num-eval 256 --score block --angles 20 5 --seed 45 --cem-seed 45
25	pusht	icem_blindk	25	45	logs/rbH_pusht_icem_blindk_t25_seed45.log	python -m surveyor.envs.pusht.eval --solver icem --subgoal surveyor --gdm-ckpt gdm_stride10.pt --gdm-steps 3 --accept-tau 999 --horizon 2 --receding-horizon 2 --source pretrained --h5 pusht_c2222.h5 --device cuda --mode long --episodes-file episodes/pusht_c2222.episodes25.json --goal-offset 25 --eval-budget 50 --num-eval 256 --score block --angles 20 5 --seed 45 --cem-seed 45
26	pusht	mppi_router	25	45	logs/rbH_pusht_mppi_router_t25_seed45.log	python -m surveyor.envs.pusht.eval --solver mppi --subgoal router+surveyor --gdm-ckpt gdm_stride10.pt --gdm-steps 3 --accept-tau 0.20 --horizon 2 --receding-horizon 2 --source pretrained --h5 pusht_c2222.h5 --device cuda --mode long --episodes-file episodes/pusht_c2222.episodes25.json --goal-offset 25 --eval-budget 50 --num-eval 256 --score block --angles 20 5 --seed 45 --cem-seed 45
27	pusht	mppi_blindk	25	45	logs/rbH_pusht_mppi_blindk_t25_seed45.log	python -m surveyor.envs.pusht.eval --solver mppi --subgoal surveyor --gdm-ckpt gdm_stride10.pt --gdm-steps 3 --accept-tau 999 --horizon 2 --receding-horizon 2 --source pretrained --h5 pusht_c2222.h5 --device cuda --mode long --episodes-file episodes/pusht_c2222.episodes25.json --goal-offset 25 --eval-budget 50 --num-eval 256 --score block --angles 20 5 --seed 45 --cem-seed 45
28	pusht	blind2	25	46	logs/rbH_pusht_blind2_t25_seed46.log	python -m surveyor.envs.pusht.eval --subgoal dspark --no-refine --commit fixed --commit-k 2 --gdm-ckpt gdm_stride10.pt --gdm-steps 3 --horizon 2 --receding-horizon 2 --source pretrained --h5 pusht_c2222.h5 --device cuda --mode long --episodes-file episodes/pusht_c2222.episodes25.json --goal-offset 25 --eval-budget 50 --num-eval 256 --score block --angles 20 5 --seed 46 --cem-seed 46
29	pusht	ffjepa_s10k3	25	46	logs/rbH_pusht_ffjepa_s10k3_t25_seed46.log	python -m surveyor.envs.pusht.eval --subgoal ffjepa --gdm-ckpt gdm_stride10.pt --gdm-steps 3 --horizon 2 --receding-horizon 2 --source pretrained --h5 pusht_c2222.h5 --device cuda --mode long --episodes-file episodes/pusht_c2222.episodes25.json --goal-offset 25 --eval-budget 50 --num-eval 256 --score block --angles 20 5 --seed 46 --cem-seed 46
30	pusht	blindk	25	46	logs/rbH_pusht_blindk_t25_seed46.log	python -m surveyor.envs.pusht.eval --subgoal surveyor --gdm-ckpt gdm_stride10.pt --gdm-steps 3 --accept-tau 999 --horizon 2 --receding-horizon 2 --source pretrained --h5 pusht_c2222.h5 --device cuda --mode long --episodes-file episodes/pusht_c2222.episodes25.json --goal-offset 25 --eval-budget 50 --num-eval 256 --score block --angles 20 5 --seed 46 --cem-seed 46
31	pusht	icem_router	25	46	logs/rbH_pusht_icem_router_t25_seed46.log	python -m surveyor.envs.pusht.eval --solver icem --subgoal router+surveyor --gdm-ckpt gdm_stride10.pt --gdm-steps 3 --accept-tau 0.20 --horizon 2 --receding-horizon 2 --source pretrained --h5 pusht_c2222.h5 --device cuda --mode long --episodes-file episodes/pusht_c2222.episodes25.json --goal-offset 25 --eval-budget 50 --num-eval 256 --score block --angles 20 5 --seed 46 --cem-seed 46
32	pusht	icem_blindk	25	46	logs/rbH_pusht_icem_blindk_t25_seed46.log	python -m surveyor.envs.pusht.eval --solver icem --subgoal surveyor --gdm-ckpt gdm_stride10.pt --gdm-steps 3 --accept-tau 999 --horizon 2 --receding-horizon 2 --source pretrained --h5 pusht_c2222.h5 --device cuda --mode long --episodes-file episodes/pusht_c2222.episodes25.json --goal-offset 25 --eval-budget 50 --num-eval 256 --score block --angles 20 5 --seed 46 --cem-seed 46
33	pusht	mppi_router	25	46	logs/rbH_pusht_mppi_router_t25_seed46.log	python -m surveyor.envs.pusht.eval --solver mppi --subgoal router+surveyor --gdm-ckpt gdm_stride10.pt --gdm-steps 3 --accept-tau 0.20 --horizon 2 --receding-horizon 2 --source pretrained --h5 pusht_c2222.h5 --device cuda --mode long --episodes-file episodes/pusht_c2222.episodes25.json --goal-offset 25 --eval-budget 50 --num-eval 256 --score block --angles 20 5 --seed 46 --cem-seed 46
34	pusht	mppi_blindk	25	46	logs/rbH_pusht_mppi_blindk_t25_seed46.log	python -m surveyor.envs.pusht.eval --solver mppi --subgoal surveyor --gdm-ckpt gdm_stride10.pt --gdm-steps 3 --accept-tau 999 --horizon 2 --receding-horizon 2 --source pretrained --h5 pusht_c2222.h5 --device cuda --mode long --episodes-file episodes/pusht_c2222.episodes25.json --goal-offset 25 --eval-budget 50 --num-eval 256 --score block --angles 20 5 --seed 46 --cem-seed 46
35	pusht	blind2	25	47	logs/rbH_pusht_blind2_t25_seed47.log	python -m surveyor.envs.pusht.eval --subgoal dspark --no-refine --commit fixed --commit-k 2 --gdm-ckpt gdm_stride10.pt --gdm-steps 3 --horizon 2 --receding-horizon 2 --source pretrained --h5 pusht_c2222.h5 --device cuda --mode long --episodes-file episodes/pusht_c2222.episodes25.json --goal-offset 25 --eval-budget 50 --num-eval 256 --score block --angles 20 5 --seed 47 --cem-seed 47
36	pusht	ffjepa_s10k3	25	47	logs/rbH_pusht_ffjepa_s10k3_t25_seed47.log	python -m surveyor.envs.pusht.eval --subgoal ffjepa --gdm-ckpt gdm_stride10.pt --gdm-steps 3 --horizon 2 --receding-horizon 2 --source pretrained --h5 pusht_c2222.h5 --device cuda --mode long --episodes-file episodes/pusht_c2222.episodes25.json --goal-offset 25 --eval-budget 50 --num-eval 256 --score block --angles 20 5 --seed 47 --cem-seed 47
37	pusht	blindk	25	47	logs/rbH_pusht_blindk_t25_seed47.log	python -m surveyor.envs.pusht.eval --subgoal surveyor --gdm-ckpt gdm_stride10.pt --gdm-steps 3 --accept-tau 999 --horizon 2 --receding-horizon 2 --source pretrained --h5 pusht_c2222.h5 --device cuda --mode long --episodes-file episodes/pusht_c2222.episodes25.json --goal-offset 25 --eval-budget 50 --num-eval 256 --score block --angles 20 5 --seed 47 --cem-seed 47
38	pusht	icem_router	25	47	logs/rbH_pusht_icem_router_t25_seed47.log	python -m surveyor.envs.pusht.eval --solver icem --subgoal router+surveyor --gdm-ckpt gdm_stride10.pt --gdm-steps 3 --accept-tau 0.20 --horizon 2 --receding-horizon 2 --source pretrained --h5 pusht_c2222.h5 --device cuda --mode long --episodes-file episodes/pusht_c2222.episodes25.json --goal-offset 25 --eval-budget 50 --num-eval 256 --score block --angles 20 5 --seed 47 --cem-seed 47
39	pusht	icem_blindk	25	47	logs/rbH_pusht_icem_blindk_t25_seed47.log	python -m surveyor.envs.pusht.eval --solver icem --subgoal surveyor --gdm-ckpt gdm_stride10.pt --gdm-steps 3 --accept-tau 999 --horizon 2 --receding-horizon 2 --source pretrained --h5 pusht_c2222.h5 --device cuda --mode long --episodes-file episodes/pusht_c2222.episodes25.json --goal-offset 25 --eval-budget 50 --num-eval 256 --score block --angles 20 5 --seed 47 --cem-seed 47
40	pusht	mppi_router	25	47	logs/rbH_pusht_mppi_router_t25_seed47.log	python -m surveyor.envs.pusht.eval --solver mppi --subgoal router+surveyor --gdm-ckpt gdm_stride10.pt --gdm-steps 3 --accept-tau 0.20 --horizon 2 --receding-horizon 2 --source pretrained --h5 pusht_c2222.h5 --device cuda --mode long --episodes-file episodes/pusht_c2222.episodes25.json --goal-offset 25 --eval-budget 50 --num-eval 256 --score block --angles 20 5 --seed 47 --cem-seed 47
41	pusht	mppi_blindk	25	47	logs/rbH_pusht_mppi_blindk_t25_seed47.log	python -m surveyor.envs.pusht.eval --solver mppi --subgoal surveyor --gdm-ckpt gdm_stride10.pt --gdm-steps 3 --accept-tau 999 --horizon 2 --receding-horizon 2 --source pretrained --h5 pusht_c2222.h5 --device cuda --mode long --episodes-file episodes/pusht_c2222.episodes25.json --goal-offset 25 --eval-budget 50 --num-eval 256 --score block --angles 20 5 --seed 47 --cem-seed 47
42	pusht	blind2	25	48	logs/rbH_pusht_blind2_t25_seed48.log	python -m surveyor.envs.pusht.eval --subgoal dspark --no-refine --commit fixed --commit-k 2 --gdm-ckpt gdm_stride10.pt --gdm-steps 3 --horizon 2 --receding-horizon 2 --source pretrained --h5 pusht_c2222.h5 --device cuda --mode long --episodes-file episodes/pusht_c2222.episodes25.json --goal-offset 25 --eval-budget 50 --num-eval 256 --score block --angles 20 5 --seed 48 --cem-seed 48
43	pusht	ffjepa_s10k3	25	48	logs/rbH_pusht_ffjepa_s10k3_t25_seed48.log	python -m surveyor.envs.pusht.eval --subgoal ffjepa --gdm-ckpt gdm_stride10.pt --gdm-steps 3 --horizon 2 --receding-horizon 2 --source pretrained --h5 pusht_c2222.h5 --device cuda --mode long --episodes-file episodes/pusht_c2222.episodes25.json --goal-offset 25 --eval-budget 50 --num-eval 256 --score block --angles 20 5 --seed 48 --cem-seed 48
44	pusht	blindk	25	48	logs/rbH_pusht_blindk_t25_seed48.log	python -m surveyor.envs.pusht.eval --subgoal surveyor --gdm-ckpt gdm_stride10.pt --gdm-steps 3 --accept-tau 999 --horizon 2 --receding-horizon 2 --source pretrained --h5 pusht_c2222.h5 --device cuda --mode long --episodes-file episodes/pusht_c2222.episodes25.json --goal-offset 25 --eval-budget 50 --num-eval 256 --score block --angles 20 5 --seed 48 --cem-seed 48
45	pusht	icem_router	25	48	logs/rbH_pusht_icem_router_t25_seed48.log	python -m surveyor.envs.pusht.eval --solver icem --subgoal router+surveyor --gdm-ckpt gdm_stride10.pt --gdm-steps 3 --accept-tau 0.20 --horizon 2 --receding-horizon 2 --source pretrained --h5 pusht_c2222.h5 --device cuda --mode long --episodes-file episodes/pusht_c2222.episodes25.json --goal-offset 25 --eval-budget 50 --num-eval 256 --score block --angles 20 5 --seed 48 --cem-seed 48
46	pusht	icem_blindk	25	48	logs/rbH_pusht_icem_blindk_t25_seed48.log	python -m surveyor.envs.pusht.eval --solver icem --subgoal surveyor --gdm-ckpt gdm_stride10.pt --gdm-steps 3 --accept-tau 999 --horizon 2 --receding-horizon 2 --source pretrained --h5 pusht_c2222.h5 --device cuda --mode long --episodes-file episodes/pusht_c2222.episodes25.json --goal-offset 25 --eval-budget 50 --num-eval 256 --score block --angles 20 5 --seed 48 --cem-seed 48
47	pusht	mppi_router	25	48	logs/rbH_pusht_mppi_router_t25_seed48.log	python -m surveyor.envs.pusht.eval --solver mppi --subgoal router+surveyor --gdm-ckpt gdm_stride10.pt --gdm-steps 3 --accept-tau 0.20 --horizon 2 --receding-horizon 2 --source pretrained --h5 pusht_c2222.h5 --device cuda --mode long --episodes-file episodes/pusht_c2222.episodes25.json --goal-offset 25 --eval-budget 50 --num-eval 256 --score block --angles 20 5 --seed 48 --cem-seed 48
48	pusht	mppi_blindk	25	48	logs/rbH_pusht_mppi_blindk_t25_seed48.log	python -m surveyor.envs.pusht.eval --solver mppi --subgoal surveyor --gdm-ckpt gdm_stride10.pt --gdm-steps 3 --accept-tau 999 --horizon 2 --receding-horizon 2 --source pretrained --h5 pusht_c2222.h5 --device cuda --mode long --episodes-file episodes/pusht_c2222.episodes25.json --goal-offset 25 --eval-budget 50 --num-eval 256 --score block --angles 20 5 --seed 48 --cem-seed 48
49	pusht	blind2	25	49	logs/rbH_pusht_blind2_t25_seed49.log	python -m surveyor.envs.pusht.eval --subgoal dspark --no-refine --commit fixed --commit-k 2 --gdm-ckpt gdm_stride10.pt --gdm-steps 3 --horizon 2 --receding-horizon 2 --source pretrained --h5 pusht_c2222.h5 --device cuda --mode long --episodes-file episodes/pusht_c2222.episodes25.json --goal-offset 25 --eval-budget 50 --num-eval 256 --score block --angles 20 5 --seed 49 --cem-seed 49
50	pusht	ffjepa_s10k3	25	49	logs/rbH_pusht_ffjepa_s10k3_t25_seed49.log	python -m surveyor.envs.pusht.eval --subgoal ffjepa --gdm-ckpt gdm_stride10.pt --gdm-steps 3 --horizon 2 --receding-horizon 2 --source pretrained --h5 pusht_c2222.h5 --device cuda --mode long --episodes-file episodes/pusht_c2222.episodes25.json --goal-offset 25 --eval-budget 50 --num-eval 256 --score block --angles 20 5 --seed 49 --cem-seed 49
51	pusht	blindk	25	49	logs/rbH_pusht_blindk_t25_seed49.log	python -m surveyor.envs.pusht.eval --subgoal surveyor --gdm-ckpt gdm_stride10.pt --gdm-steps 3 --accept-tau 999 --horizon 2 --receding-horizon 2 --source pretrained --h5 pusht_c2222.h5 --device cuda --mode long --episodes-file episodes/pusht_c2222.episodes25.json --goal-offset 25 --eval-budget 50 --num-eval 256 --score block --angles 20 5 --seed 49 --cem-seed 49
52	pusht	icem_router	25	49	logs/rbH_pusht_icem_router_t25_seed49.log	python -m surveyor.envs.pusht.eval --solver icem --subgoal router+surveyor --gdm-ckpt gdm_stride10.pt --gdm-steps 3 --accept-tau 0.20 --horizon 2 --receding-horizon 2 --source pretrained --h5 pusht_c2222.h5 --device cuda --mode long --episodes-file episodes/pusht_c2222.episodes25.json --goal-offset 25 --eval-budget 50 --num-eval 256 --score block --angles 20 5 --seed 49 --cem-seed 49
53	pusht	icem_blindk	25	49	logs/rbH_pusht_icem_blindk_t25_seed49.log	python -m surveyor.envs.pusht.eval --solver icem --subgoal surveyor --gdm-ckpt gdm_stride10.pt --gdm-steps 3 --accept-tau 999 --horizon 2 --receding-horizon 2 --source pretrained --h5 pusht_c2222.h5 --device cuda --mode long --episodes-file episodes/pusht_c2222.episodes25.json --goal-offset 25 --eval-budget 50 --num-eval 256 --score block --angles 20 5 --seed 49 --cem-seed 49
54	pusht	mppi_router	25	49	logs/rbH_pusht_mppi_router_t25_seed49.log	python -m surveyor.envs.pusht.eval --solver mppi --subgoal router+surveyor --gdm-ckpt gdm_stride10.pt --gdm-steps 3 --accept-tau 0.20 --horizon 2 --receding-horizon 2 --source pretrained --h5 pusht_c2222.h5 --device cuda --mode long --episodes-file episodes/pusht_c2222.episodes25.json --goal-offset 25 --eval-budget 50 --num-eval 256 --score block --angles 20 5 --seed 49 --cem-seed 49
55	pusht	mppi_blindk	25	49	logs/rbH_pusht_mppi_blindk_t25_seed49.log	python -m surveyor.envs.pusht.eval --solver mppi --subgoal surveyor --gdm-ckpt gdm_stride10.pt --gdm-steps 3 --accept-tau 999 --horizon 2 --receding-horizon 2 --source pretrained --h5 pusht_c2222.h5 --device cuda --mode long --episodes-file episodes/pusht_c2222.episodes25.json --goal-offset 25 --eval-budget 50 --num-eval 256 --score block --angles 20 5 --seed 49 --cem-seed 49
56	pusht	blind2	50	42	logs/rbH_pusht_blind2_t50_seed42.log	python -m surveyor.envs.pusht.eval --subgoal dspark --no-refine --commit fixed --commit-k 2 --gdm-ckpt gdm_stride10.pt --gdm-steps 3 --horizon 2 --receding-horizon 2 --source pretrained --h5 pusht_c2222.h5 --device cuda --mode long --episodes-file episodes/pusht_c2222.episodes50.json --goal-offset 50 --eval-budget 100 --num-eval 256 --score block --angles 20 5 --seed 42 --cem-seed 42
57	pusht	ffjepa_s10k3	50	42	logs/rbH_pusht_ffjepa_s10k3_t50_seed42.log	python -m surveyor.envs.pusht.eval --subgoal ffjepa --gdm-ckpt gdm_stride10.pt --gdm-steps 3 --horizon 2 --receding-horizon 2 --source pretrained --h5 pusht_c2222.h5 --device cuda --mode long --episodes-file episodes/pusht_c2222.episodes50.json --goal-offset 50 --eval-budget 100 --num-eval 256 --score block --angles 20 5 --seed 42 --cem-seed 42
58	pusht	blindk	50	42	logs/rbH_pusht_blindk_t50_seed42.log	python -m surveyor.envs.pusht.eval --subgoal surveyor --gdm-ckpt gdm_stride10.pt --gdm-steps 3 --accept-tau 999 --horizon 2 --receding-horizon 2 --source pretrained --h5 pusht_c2222.h5 --device cuda --mode long --episodes-file episodes/pusht_c2222.episodes50.json --goal-offset 50 --eval-budget 100 --num-eval 256 --score block --angles 20 5 --seed 42 --cem-seed 42
59	pusht	icem_router	50	42	logs/rbH_pusht_icem_router_t50_seed42.log	python -m surveyor.envs.pusht.eval --solver icem --subgoal router+surveyor --gdm-ckpt gdm_stride10.pt --gdm-steps 3 --accept-tau 0.20 --horizon 2 --receding-horizon 2 --source pretrained --h5 pusht_c2222.h5 --device cuda --mode long --episodes-file episodes/pusht_c2222.episodes50.json --goal-offset 50 --eval-budget 100 --num-eval 256 --score block --angles 20 5 --seed 42 --cem-seed 42
60	pusht	icem_blindk	50	42	logs/rbH_pusht_icem_blindk_t50_seed42.log	python -m surveyor.envs.pusht.eval --solver icem --subgoal surveyor --gdm-ckpt gdm_stride10.pt --gdm-steps 3 --accept-tau 999 --horizon 2 --receding-horizon 2 --source pretrained --h5 pusht_c2222.h5 --device cuda --mode long --episodes-file episodes/pusht_c2222.episodes50.json --goal-offset 50 --eval-budget 100 --num-eval 256 --score block --angles 20 5 --seed 42 --cem-seed 42
61	pusht	mppi_router	50	42	logs/rbH_pusht_mppi_router_t50_seed42.log	python -m surveyor.envs.pusht.eval --solver mppi --subgoal router+surveyor --gdm-ckpt gdm_stride10.pt --gdm-steps 3 --accept-tau 0.20 --horizon 2 --receding-horizon 2 --source pretrained --h5 pusht_c2222.h5 --device cuda --mode long --episodes-file episodes/pusht_c2222.episodes50.json --goal-offset 50 --eval-budget 100 --num-eval 256 --score block --angles 20 5 --seed 42 --cem-seed 42
62	pusht	mppi_blindk	50	42	logs/rbH_pusht_mppi_blindk_t50_seed42.log	python -m surveyor.envs.pusht.eval --solver mppi --subgoal surveyor --gdm-ckpt gdm_stride10.pt --gdm-steps 3 --accept-tau 999 --horizon 2 --receding-horizon 2 --source pretrained --h5 pusht_c2222.h5 --device cuda --mode long --episodes-file episodes/pusht_c2222.episodes50.json --goal-offset 50 --eval-budget 100 --num-eval 256 --score block --angles 20 5 --seed 42 --cem-seed 42
63	pusht	blind2	50	43	logs/rbH_pusht_blind2_t50_seed43.log	python -m surveyor.envs.pusht.eval --subgoal dspark --no-refine --commit fixed --commit-k 2 --gdm-ckpt gdm_stride10.pt --gdm-steps 3 --horizon 2 --receding-horizon 2 --source pretrained --h5 pusht_c2222.h5 --device cuda --mode long --episodes-file episodes/pusht_c2222.episodes50.json --goal-offset 50 --eval-budget 100 --num-eval 256 --score block --angles 20 5 --seed 43 --cem-seed 43
64	pusht	ffjepa_s10k3	50	43	logs/rbH_pusht_ffjepa_s10k3_t50_seed43.log	python -m surveyor.envs.pusht.eval --subgoal ffjepa --gdm-ckpt gdm_stride10.pt --gdm-steps 3 --horizon 2 --receding-horizon 2 --source pretrained --h5 pusht_c2222.h5 --device cuda --mode long --episodes-file episodes/pusht_c2222.episodes50.json --goal-offset 50 --eval-budget 100 --num-eval 256 --score block --angles 20 5 --seed 43 --cem-seed 43
65	pusht	blindk	50	43	logs/rbH_pusht_blindk_t50_seed43.log	python -m surveyor.envs.pusht.eval --subgoal surveyor --gdm-ckpt gdm_stride10.pt --gdm-steps 3 --accept-tau 999 --horizon 2 --receding-horizon 2 --source pretrained --h5 pusht_c2222.h5 --device cuda --mode long --episodes-file episodes/pusht_c2222.episodes50.json --goal-offset 50 --eval-budget 100 --num-eval 256 --score block --angles 20 5 --seed 43 --cem-seed 43
66	pusht	icem_router	50	43	logs/rbH_pusht_icem_router_t50_seed43.log	python -m surveyor.envs.pusht.eval --solver icem --subgoal router+surveyor --gdm-ckpt gdm_stride10.pt --gdm-steps 3 --accept-tau 0.20 --horizon 2 --receding-horizon 2 --source pretrained --h5 pusht_c2222.h5 --device cuda --mode long --episodes-file episodes/pusht_c2222.episodes50.json --goal-offset 50 --eval-budget 100 --num-eval 256 --score block --angles 20 5 --seed 43 --cem-seed 43
67	pusht	icem_blindk	50	43	logs/rbH_pusht_icem_blindk_t50_seed43.log	python -m surveyor.envs.pusht.eval --solver icem --subgoal surveyor --gdm-ckpt gdm_stride10.pt --gdm-steps 3 --accept-tau 999 --horizon 2 --receding-horizon 2 --source pretrained --h5 pusht_c2222.h5 --device cuda --mode long --episodes-file episodes/pusht_c2222.episodes50.json --goal-offset 50 --eval-budget 100 --num-eval 256 --score block --angles 20 5 --seed 43 --cem-seed 43
68	pusht	mppi_router	50	43	logs/rbH_pusht_mppi_router_t50_seed43.log	python -m surveyor.envs.pusht.eval --solver mppi --subgoal router+surveyor --gdm-ckpt gdm_stride10.pt --gdm-steps 3 --accept-tau 0.20 --horizon 2 --receding-horizon 2 --source pretrained --h5 pusht_c2222.h5 --device cuda --mode long --episodes-file episodes/pusht_c2222.episodes50.json --goal-offset 50 --eval-budget 100 --num-eval 256 --score block --angles 20 5 --seed 43 --cem-seed 43
69	pusht	mppi_blindk	50	43	logs/rbH_pusht_mppi_blindk_t50_seed43.log	python -m surveyor.envs.pusht.eval --solver mppi --subgoal surveyor --gdm-ckpt gdm_stride10.pt --gdm-steps 3 --accept-tau 999 --horizon 2 --receding-horizon 2 --source pretrained --h5 pusht_c2222.h5 --device cuda --mode long --episodes-file episodes/pusht_c2222.episodes50.json --goal-offset 50 --eval-budget 100 --num-eval 256 --score block --angles 20 5 --seed 43 --cem-seed 43
70	pusht	blind2	50	44	logs/rbH_pusht_blind2_t50_seed44.log	python -m surveyor.envs.pusht.eval --subgoal dspark --no-refine --commit fixed --commit-k 2 --gdm-ckpt gdm_stride10.pt --gdm-steps 3 --horizon 2 --receding-horizon 2 --source pretrained --h5 pusht_c2222.h5 --device cuda --mode long --episodes-file episodes/pusht_c2222.episodes50.json --goal-offset 50 --eval-budget 100 --num-eval 256 --score block --angles 20 5 --seed 44 --cem-seed 44
71	pusht	ffjepa_s10k3	50	44	logs/rbH_pusht_ffjepa_s10k3_t50_seed44.log	python -m surveyor.envs.pusht.eval --subgoal ffjepa --gdm-ckpt gdm_stride10.pt --gdm-steps 3 --horizon 2 --receding-horizon 2 --source pretrained --h5 pusht_c2222.h5 --device cuda --mode long --episodes-file episodes/pusht_c2222.episodes50.json --goal-offset 50 --eval-budget 100 --num-eval 256 --score block --angles 20 5 --seed 44 --cem-seed 44
72	pusht	blindk	50	44	logs/rbH_pusht_blindk_t50_seed44.log	python -m surveyor.envs.pusht.eval --subgoal surveyor --gdm-ckpt gdm_stride10.pt --gdm-steps 3 --accept-tau 999 --horizon 2 --receding-horizon 2 --source pretrained --h5 pusht_c2222.h5 --device cuda --mode long --episodes-file episodes/pusht_c2222.episodes50.json --goal-offset 50 --eval-budget 100 --num-eval 256 --score block --angles 20 5 --seed 44 --cem-seed 44
73	pusht	icem_router	50	44	logs/rbH_pusht_icem_router_t50_seed44.log	python -m surveyor.envs.pusht.eval --solver icem --subgoal router+surveyor --gdm-ckpt gdm_stride10.pt --gdm-steps 3 --accept-tau 0.20 --horizon 2 --receding-horizon 2 --source pretrained --h5 pusht_c2222.h5 --device cuda --mode long --episodes-file episodes/pusht_c2222.episodes50.json --goal-offset 50 --eval-budget 100 --num-eval 256 --score block --angles 20 5 --seed 44 --cem-seed 44
74	pusht	icem_blindk	50	44	logs/rbH_pusht_icem_blindk_t50_seed44.log	python -m surveyor.envs.pusht.eval --solver icem --subgoal surveyor --gdm-ckpt gdm_stride10.pt --gdm-steps 3 --accept-tau 999 --horizon 2 --receding-horizon 2 --source pretrained --h5 pusht_c2222.h5 --device cuda --mode long --episodes-file episodes/pusht_c2222.episodes50.json --goal-offset 50 --eval-budget 100 --num-eval 256 --score block --angles 20 5 --seed 44 --cem-seed 44
75	pusht	mppi_router	50	44	logs/rbH_pusht_mppi_router_t50_seed44.log	python -m surveyor.envs.pusht.eval --solver mppi --subgoal router+surveyor --gdm-ckpt gdm_stride10.pt --gdm-steps 3 --accept-tau 0.20 --horizon 2 --receding-horizon 2 --source pretrained --h5 pusht_c2222.h5 --device cuda --mode long --episodes-file episodes/pusht_c2222.episodes50.json --goal-offset 50 --eval-budget 100 --num-eval 256 --score block --angles 20 5 --seed 44 --cem-seed 44
76	pusht	mppi_blindk	50	44	logs/rbH_pusht_mppi_blindk_t50_seed44.log	python -m surveyor.envs.pusht.eval --solver mppi --subgoal surveyor --gdm-ckpt gdm_stride10.pt --gdm-steps 3 --accept-tau 999 --horizon 2 --receding-horizon 2 --source pretrained --h5 pusht_c2222.h5 --device cuda --mode long --episodes-file episodes/pusht_c2222.episodes50.json --goal-offset 50 --eval-budget 100 --num-eval 256 --score block --angles 20 5 --seed 44 --cem-seed 44
77	pusht	blind2	50	45	logs/rbH_pusht_blind2_t50_seed45.log	python -m surveyor.envs.pusht.eval --subgoal dspark --no-refine --commit fixed --commit-k 2 --gdm-ckpt gdm_stride10.pt --gdm-steps 3 --horizon 2 --receding-horizon 2 --source pretrained --h5 pusht_c2222.h5 --device cuda --mode long --episodes-file episodes/pusht_c2222.episodes50.json --goal-offset 50 --eval-budget 100 --num-eval 256 --score block --angles 20 5 --seed 45 --cem-seed 45
78	pusht	ffjepa_s10k3	50	45	logs/rbH_pusht_ffjepa_s10k3_t50_seed45.log	python -m surveyor.envs.pusht.eval --subgoal ffjepa --gdm-ckpt gdm_stride10.pt --gdm-steps 3 --horizon 2 --receding-horizon 2 --source pretrained --h5 pusht_c2222.h5 --device cuda --mode long --episodes-file episodes/pusht_c2222.episodes50.json --goal-offset 50 --eval-budget 100 --num-eval 256 --score block --angles 20 5 --seed 45 --cem-seed 45
79	pusht	blindk	50	45	logs/rbH_pusht_blindk_t50_seed45.log	python -m surveyor.envs.pusht.eval --subgoal surveyor --gdm-ckpt gdm_stride10.pt --gdm-steps 3 --accept-tau 999 --horizon 2 --receding-horizon 2 --source pretrained --h5 pusht_c2222.h5 --device cuda --mode long --episodes-file episodes/pusht_c2222.episodes50.json --goal-offset 50 --eval-budget 100 --num-eval 256 --score block --angles 20 5 --seed 45 --cem-seed 45
80	pusht	icem_router	50	45	logs/rbH_pusht_icem_router_t50_seed45.log	python -m surveyor.envs.pusht.eval --solver icem --subgoal router+surveyor --gdm-ckpt gdm_stride10.pt --gdm-steps 3 --accept-tau 0.20 --horizon 2 --receding-horizon 2 --source pretrained --h5 pusht_c2222.h5 --device cuda --mode long --episodes-file episodes/pusht_c2222.episodes50.json --goal-offset 50 --eval-budget 100 --num-eval 256 --score block --angles 20 5 --seed 45 --cem-seed 45
81	pusht	icem_blindk	50	45	logs/rbH_pusht_icem_blindk_t50_seed45.log	python -m surveyor.envs.pusht.eval --solver icem --subgoal surveyor --gdm-ckpt gdm_stride10.pt --gdm-steps 3 --accept-tau 999 --horizon 2 --receding-horizon 2 --source pretrained --h5 pusht_c2222.h5 --device cuda --mode long --episodes-file episodes/pusht_c2222.episodes50.json --goal-offset 50 --eval-budget 100 --num-eval 256 --score block --angles 20 5 --seed 45 --cem-seed 45
82	pusht	mppi_router	50	45	logs/rbH_pusht_mppi_router_t50_seed45.log	python -m surveyor.envs.pusht.eval --solver mppi --subgoal router+surveyor --gdm-ckpt gdm_stride10.pt --gdm-steps 3 --accept-tau 0.20 --horizon 2 --receding-horizon 2 --source pretrained --h5 pusht_c2222.h5 --device cuda --mode long --episodes-file episodes/pusht_c2222.episodes50.json --goal-offset 50 --eval-budget 100 --num-eval 256 --score block --angles 20 5 --seed 45 --cem-seed 45
83	pusht	mppi_blindk	50	45	logs/rbH_pusht_mppi_blindk_t50_seed45.log	python -m surveyor.envs.pusht.eval --solver mppi --subgoal surveyor --gdm-ckpt gdm_stride10.pt --gdm-steps 3 --accept-tau 999 --horizon 2 --receding-horizon 2 --source pretrained --h5 pusht_c2222.h5 --device cuda --mode long --episodes-file episodes/pusht_c2222.episodes50.json --goal-offset 50 --eval-budget 100 --num-eval 256 --score block --angles 20 5 --seed 45 --cem-seed 45
84	pusht	blind2	50	46	logs/rbH_pusht_blind2_t50_seed46.log	python -m surveyor.envs.pusht.eval --subgoal dspark --no-refine --commit fixed --commit-k 2 --gdm-ckpt gdm_stride10.pt --gdm-steps 3 --horizon 2 --receding-horizon 2 --source pretrained --h5 pusht_c2222.h5 --device cuda --mode long --episodes-file episodes/pusht_c2222.episodes50.json --goal-offset 50 --eval-budget 100 --num-eval 256 --score block --angles 20 5 --seed 46 --cem-seed 46
85	pusht	ffjepa_s10k3	50	46	logs/rbH_pusht_ffjepa_s10k3_t50_seed46.log	python -m surveyor.envs.pusht.eval --subgoal ffjepa --gdm-ckpt gdm_stride10.pt --gdm-steps 3 --horizon 2 --receding-horizon 2 --source pretrained --h5 pusht_c2222.h5 --device cuda --mode long --episodes-file episodes/pusht_c2222.episodes50.json --goal-offset 50 --eval-budget 100 --num-eval 256 --score block --angles 20 5 --seed 46 --cem-seed 46
86	pusht	blindk	50	46	logs/rbH_pusht_blindk_t50_seed46.log	python -m surveyor.envs.pusht.eval --subgoal surveyor --gdm-ckpt gdm_stride10.pt --gdm-steps 3 --accept-tau 999 --horizon 2 --receding-horizon 2 --source pretrained --h5 pusht_c2222.h5 --device cuda --mode long --episodes-file episodes/pusht_c2222.episodes50.json --goal-offset 50 --eval-budget 100 --num-eval 256 --score block --angles 20 5 --seed 46 --cem-seed 46
87	pusht	icem_router	50	46	logs/rbH_pusht_icem_router_t50_seed46.log	python -m surveyor.envs.pusht.eval --solver icem --subgoal router+surveyor --gdm-ckpt gdm_stride10.pt --gdm-steps 3 --accept-tau 0.20 --horizon 2 --receding-horizon 2 --source pretrained --h5 pusht_c2222.h5 --device cuda --mode long --episodes-file episodes/pusht_c2222.episodes50.json --goal-offset 50 --eval-budget 100 --num-eval 256 --score block --angles 20 5 --seed 46 --cem-seed 46
88	pusht	icem_blindk	50	46	logs/rbH_pusht_icem_blindk_t50_seed46.log	python -m surveyor.envs.pusht.eval --solver icem --subgoal surveyor --gdm-ckpt gdm_stride10.pt --gdm-steps 3 --accept-tau 999 --horizon 2 --receding-horizon 2 --source pretrained --h5 pusht_c2222.h5 --device cuda --mode long --episodes-file episodes/pusht_c2222.episodes50.json --goal-offset 50 --eval-budget 100 --num-eval 256 --score block --angles 20 5 --seed 46 --cem-seed 46
89	pusht	mppi_router	50	46	logs/rbH_pusht_mppi_router_t50_seed46.log	python -m surveyor.envs.pusht.eval --solver mppi --subgoal router+surveyor --gdm-ckpt gdm_stride10.pt --gdm-steps 3 --accept-tau 0.20 --horizon 2 --receding-horizon 2 --source pretrained --h5 pusht_c2222.h5 --device cuda --mode long --episodes-file episodes/pusht_c2222.episodes50.json --goal-offset 50 --eval-budget 100 --num-eval 256 --score block --angles 20 5 --seed 46 --cem-seed 46
90	pusht	mppi_blindk	50	46	logs/rbH_pusht_mppi_blindk_t50_seed46.log	python -m surveyor.envs.pusht.eval --solver mppi --subgoal surveyor --gdm-ckpt gdm_stride10.pt --gdm-steps 3 --accept-tau 999 --horizon 2 --receding-horizon 2 --source pretrained --h5 pusht_c2222.h5 --device cuda --mode long --episodes-file episodes/pusht_c2222.episodes50.json --goal-offset 50 --eval-budget 100 --num-eval 256 --score block --angles 20 5 --seed 46 --cem-seed 46
91	pusht	blind2	50	47	logs/rbH_pusht_blind2_t50_seed47.log	python -m surveyor.envs.pusht.eval --subgoal dspark --no-refine --commit fixed --commit-k 2 --gdm-ckpt gdm_stride10.pt --gdm-steps 3 --horizon 2 --receding-horizon 2 --source pretrained --h5 pusht_c2222.h5 --device cuda --mode long --episodes-file episodes/pusht_c2222.episodes50.json --goal-offset 50 --eval-budget 100 --num-eval 256 --score block --angles 20 5 --seed 47 --cem-seed 47
92	pusht	ffjepa_s10k3	50	47	logs/rbH_pusht_ffjepa_s10k3_t50_seed47.log	python -m surveyor.envs.pusht.eval --subgoal ffjepa --gdm-ckpt gdm_stride10.pt --gdm-steps 3 --horizon 2 --receding-horizon 2 --source pretrained --h5 pusht_c2222.h5 --device cuda --mode long --episodes-file episodes/pusht_c2222.episodes50.json --goal-offset 50 --eval-budget 100 --num-eval 256 --score block --angles 20 5 --seed 47 --cem-seed 47
93	pusht	blindk	50	47	logs/rbH_pusht_blindk_t50_seed47.log	python -m surveyor.envs.pusht.eval --subgoal surveyor --gdm-ckpt gdm_stride10.pt --gdm-steps 3 --accept-tau 999 --horizon 2 --receding-horizon 2 --source pretrained --h5 pusht_c2222.h5 --device cuda --mode long --episodes-file episodes/pusht_c2222.episodes50.json --goal-offset 50 --eval-budget 100 --num-eval 256 --score block --angles 20 5 --seed 47 --cem-seed 47
94	pusht	icem_router	50	47	logs/rbH_pusht_icem_router_t50_seed47.log	python -m surveyor.envs.pusht.eval --solver icem --subgoal router+surveyor --gdm-ckpt gdm_stride10.pt --gdm-steps 3 --accept-tau 0.20 --horizon 2 --receding-horizon 2 --source pretrained --h5 pusht_c2222.h5 --device cuda --mode long --episodes-file episodes/pusht_c2222.episodes50.json --goal-offset 50 --eval-budget 100 --num-eval 256 --score block --angles 20 5 --seed 47 --cem-seed 47
95	pusht	icem_blindk	50	47	logs/rbH_pusht_icem_blindk_t50_seed47.log	python -m surveyor.envs.pusht.eval --solver icem --subgoal surveyor --gdm-ckpt gdm_stride10.pt --gdm-steps 3 --accept-tau 999 --horizon 2 --receding-horizon 2 --source pretrained --h5 pusht_c2222.h5 --device cuda --mode long --episodes-file episodes/pusht_c2222.episodes50.json --goal-offset 50 --eval-budget 100 --num-eval 256 --score block --angles 20 5 --seed 47 --cem-seed 47
96	pusht	mppi_router	50	47	logs/rbH_pusht_mppi_router_t50_seed47.log	python -m surveyor.envs.pusht.eval --solver mppi --subgoal router+surveyor --gdm-ckpt gdm_stride10.pt --gdm-steps 3 --accept-tau 0.20 --horizon 2 --receding-horizon 2 --source pretrained --h5 pusht_c2222.h5 --device cuda --mode long --episodes-file episodes/pusht_c2222.episodes50.json --goal-offset 50 --eval-budget 100 --num-eval 256 --score block --angles 20 5 --seed 47 --cem-seed 47
97	pusht	mppi_blindk	50	47	logs/rbH_pusht_mppi_blindk_t50_seed47.log	python -m surveyor.envs.pusht.eval --solver mppi --subgoal surveyor --gdm-ckpt gdm_stride10.pt --gdm-steps 3 --accept-tau 999 --horizon 2 --receding-horizon 2 --source pretrained --h5 pusht_c2222.h5 --device cuda --mode long --episodes-file episodes/pusht_c2222.episodes50.json --goal-offset 50 --eval-budget 100 --num-eval 256 --score block --angles 20 5 --seed 47 --cem-seed 47
98	pusht	blind2	50	48	logs/rbH_pusht_blind2_t50_seed48.log	python -m surveyor.envs.pusht.eval --subgoal dspark --no-refine --commit fixed --commit-k 2 --gdm-ckpt gdm_stride10.pt --gdm-steps 3 --horizon 2 --receding-horizon 2 --source pretrained --h5 pusht_c2222.h5 --device cuda --mode long --episodes-file episodes/pusht_c2222.episodes50.json --goal-offset 50 --eval-budget 100 --num-eval 256 --score block --angles 20 5 --seed 48 --cem-seed 48
99	pusht	ffjepa_s10k3	50	48	logs/rbH_pusht_ffjepa_s10k3_t50_seed48.log	python -m surveyor.envs.pusht.eval --subgoal ffjepa --gdm-ckpt gdm_stride10.pt --gdm-steps 3 --horizon 2 --receding-horizon 2 --source pretrained --h5 pusht_c2222.h5 --device cuda --mode long --episodes-file episodes/pusht_c2222.episodes50.json --goal-offset 50 --eval-budget 100 --num-eval 256 --score block --angles 20 5 --seed 48 --cem-seed 48
100	pusht	blindk	50	48	logs/rbH_pusht_blindk_t50_seed48.log	python -m surveyor.envs.pusht.eval --subgoal surveyor --gdm-ckpt gdm_stride10.pt --gdm-steps 3 --accept-tau 999 --horizon 2 --receding-horizon 2 --source pretrained --h5 pusht_c2222.h5 --device cuda --mode long --episodes-file episodes/pusht_c2222.episodes50.json --goal-offset 50 --eval-budget 100 --num-eval 256 --score block --angles 20 5 --seed 48 --cem-seed 48
101	pusht	icem_router	50	48	logs/rbH_pusht_icem_router_t50_seed48.log	python -m surveyor.envs.pusht.eval --solver icem --subgoal router+surveyor --gdm-ckpt gdm_stride10.pt --gdm-steps 3 --accept-tau 0.20 --horizon 2 --receding-horizon 2 --source pretrained --h5 pusht_c2222.h5 --device cuda --mode long --episodes-file episodes/pusht_c2222.episodes50.json --goal-offset 50 --eval-budget 100 --num-eval 256 --score block --angles 20 5 --seed 48 --cem-seed 48
102	pusht	icem_blindk	50	48	logs/rbH_pusht_icem_blindk_t50_seed48.log	python -m surveyor.envs.pusht.eval --solver icem --subgoal surveyor --gdm-ckpt gdm_stride10.pt --gdm-steps 3 --accept-tau 999 --horizon 2 --receding-horizon 2 --source pretrained --h5 pusht_c2222.h5 --device cuda --mode long --episodes-file episodes/pusht_c2222.episodes50.json --goal-offset 50 --eval-budget 100 --num-eval 256 --score block --angles 20 5 --seed 48 --cem-seed 48
103	pusht	mppi_router	50	48	logs/rbH_pusht_mppi_router_t50_seed48.log	python -m surveyor.envs.pusht.eval --solver mppi --subgoal router+surveyor --gdm-ckpt gdm_stride10.pt --gdm-steps 3 --accept-tau 0.20 --horizon 2 --receding-horizon 2 --source pretrained --h5 pusht_c2222.h5 --device cuda --mode long --episodes-file episodes/pusht_c2222.episodes50.json --goal-offset 50 --eval-budget 100 --num-eval 256 --score block --angles 20 5 --seed 48 --cem-seed 48
104	pusht	mppi_blindk	50	48	logs/rbH_pusht_mppi_blindk_t50_seed48.log	python -m surveyor.envs.pusht.eval --solver mppi --subgoal surveyor --gdm-ckpt gdm_stride10.pt --gdm-steps 3 --accept-tau 999 --horizon 2 --receding-horizon 2 --source pretrained --h5 pusht_c2222.h5 --device cuda --mode long --episodes-file episodes/pusht_c2222.episodes50.json --goal-offset 50 --eval-budget 100 --num-eval 256 --score block --angles 20 5 --seed 48 --cem-seed 48
105	pusht	blind2	50	49	logs/rbH_pusht_blind2_t50_seed49.log	python -m surveyor.envs.pusht.eval --subgoal dspark --no-refine --commit fixed --commit-k 2 --gdm-ckpt gdm_stride10.pt --gdm-steps 3 --horizon 2 --receding-horizon 2 --source pretrained --h5 pusht_c2222.h5 --device cuda --mode long --episodes-file episodes/pusht_c2222.episodes50.json --goal-offset 50 --eval-budget 100 --num-eval 256 --score block --angles 20 5 --seed 49 --cem-seed 49
106	pusht	ffjepa_s10k3	50	49	logs/rbH_pusht_ffjepa_s10k3_t50_seed49.log	python -m surveyor.envs.pusht.eval --subgoal ffjepa --gdm-ckpt gdm_stride10.pt --gdm-steps 3 --horizon 2 --receding-horizon 2 --source pretrained --h5 pusht_c2222.h5 --device cuda --mode long --episodes-file episodes/pusht_c2222.episodes50.json --goal-offset 50 --eval-budget 100 --num-eval 256 --score block --angles 20 5 --seed 49 --cem-seed 49
107	pusht	blindk	50	49	logs/rbH_pusht_blindk_t50_seed49.log	python -m surveyor.envs.pusht.eval --subgoal surveyor --gdm-ckpt gdm_stride10.pt --gdm-steps 3 --accept-tau 999 --horizon 2 --receding-horizon 2 --source pretrained --h5 pusht_c2222.h5 --device cuda --mode long --episodes-file episodes/pusht_c2222.episodes50.json --goal-offset 50 --eval-budget 100 --num-eval 256 --score block --angles 20 5 --seed 49 --cem-seed 49
108	pusht	icem_router	50	49	logs/rbH_pusht_icem_router_t50_seed49.log	python -m surveyor.envs.pusht.eval --solver icem --subgoal router+surveyor --gdm-ckpt gdm_stride10.pt --gdm-steps 3 --accept-tau 0.20 --horizon 2 --receding-horizon 2 --source pretrained --h5 pusht_c2222.h5 --device cuda --mode long --episodes-file episodes/pusht_c2222.episodes50.json --goal-offset 50 --eval-budget 100 --num-eval 256 --score block --angles 20 5 --seed 49 --cem-seed 49
109	pusht	icem_blindk	50	49	logs/rbH_pusht_icem_blindk_t50_seed49.log	python -m surveyor.envs.pusht.eval --solver icem --subgoal surveyor --gdm-ckpt gdm_stride10.pt --gdm-steps 3 --accept-tau 999 --horizon 2 --receding-horizon 2 --source pretrained --h5 pusht_c2222.h5 --device cuda --mode long --episodes-file episodes/pusht_c2222.episodes50.json --goal-offset 50 --eval-budget 100 --num-eval 256 --score block --angles 20 5 --seed 49 --cem-seed 49
110	pusht	mppi_router	50	49	logs/rbH_pusht_mppi_router_t50_seed49.log	python -m surveyor.envs.pusht.eval --solver mppi --subgoal router+surveyor --gdm-ckpt gdm_stride10.pt --gdm-steps 3 --accept-tau 0.20 --horizon 2 --receding-horizon 2 --source pretrained --h5 pusht_c2222.h5 --device cuda --mode long --episodes-file episodes/pusht_c2222.episodes50.json --goal-offset 50 --eval-budget 100 --num-eval 256 --score block --angles 20 5 --seed 49 --cem-seed 49
111	pusht	mppi_blindk	50	49	logs/rbH_pusht_mppi_blindk_t50_seed49.log	python -m surveyor.envs.pusht.eval --solver mppi --subgoal surveyor --gdm-ckpt gdm_stride10.pt --gdm-steps 3 --accept-tau 999 --horizon 2 --receding-horizon 2 --source pretrained --h5 pusht_c2222.h5 --device cuda --mode long --episodes-file episodes/pusht_c2222.episodes50.json --goal-offset 50 --eval-budget 100 --num-eval 256 --score block --angles 20 5 --seed 49 --cem-seed 49
112	pusht	blind2	75	42	logs/rbH_pusht_blind2_t75_seed42.log	python -m surveyor.envs.pusht.eval --subgoal dspark --no-refine --commit fixed --commit-k 2 --gdm-ckpt gdm_stride10.pt --gdm-steps 3 --horizon 2 --receding-horizon 2 --source pretrained --h5 pusht_c2222.h5 --device cuda --mode long --episodes-file episodes/pusht_c2222.episodes75.json --goal-offset 75 --eval-budget 150 --num-eval 256 --score block --angles 20 5 --seed 42 --cem-seed 42
113	pusht	ffjepa_s10k3	75	42	logs/rbH_pusht_ffjepa_s10k3_t75_seed42.log	python -m surveyor.envs.pusht.eval --subgoal ffjepa --gdm-ckpt gdm_stride10.pt --gdm-steps 3 --horizon 2 --receding-horizon 2 --source pretrained --h5 pusht_c2222.h5 --device cuda --mode long --episodes-file episodes/pusht_c2222.episodes75.json --goal-offset 75 --eval-budget 150 --num-eval 256 --score block --angles 20 5 --seed 42 --cem-seed 42
114	pusht	blindk	75	42	logs/rbH_pusht_blindk_t75_seed42.log	python -m surveyor.envs.pusht.eval --subgoal surveyor --gdm-ckpt gdm_stride10.pt --gdm-steps 3 --accept-tau 999 --horizon 2 --receding-horizon 2 --source pretrained --h5 pusht_c2222.h5 --device cuda --mode long --episodes-file episodes/pusht_c2222.episodes75.json --goal-offset 75 --eval-budget 150 --num-eval 256 --score block --angles 20 5 --seed 42 --cem-seed 42
115	pusht	icem_router	75	42	logs/rbH_pusht_icem_router_t75_seed42.log	python -m surveyor.envs.pusht.eval --solver icem --subgoal router+surveyor --gdm-ckpt gdm_stride10.pt --gdm-steps 3 --accept-tau 0.20 --horizon 2 --receding-horizon 2 --source pretrained --h5 pusht_c2222.h5 --device cuda --mode long --episodes-file episodes/pusht_c2222.episodes75.json --goal-offset 75 --eval-budget 150 --num-eval 256 --score block --angles 20 5 --seed 42 --cem-seed 42
116	pusht	icem_blindk	75	42	logs/rbH_pusht_icem_blindk_t75_seed42.log	python -m surveyor.envs.pusht.eval --solver icem --subgoal surveyor --gdm-ckpt gdm_stride10.pt --gdm-steps 3 --accept-tau 999 --horizon 2 --receding-horizon 2 --source pretrained --h5 pusht_c2222.h5 --device cuda --mode long --episodes-file episodes/pusht_c2222.episodes75.json --goal-offset 75 --eval-budget 150 --num-eval 256 --score block --angles 20 5 --seed 42 --cem-seed 42
117	pusht	mppi_router	75	42	logs/rbH_pusht_mppi_router_t75_seed42.log	python -m surveyor.envs.pusht.eval --solver mppi --subgoal router+surveyor --gdm-ckpt gdm_stride10.pt --gdm-steps 3 --accept-tau 0.20 --horizon 2 --receding-horizon 2 --source pretrained --h5 pusht_c2222.h5 --device cuda --mode long --episodes-file episodes/pusht_c2222.episodes75.json --goal-offset 75 --eval-budget 150 --num-eval 256 --score block --angles 20 5 --seed 42 --cem-seed 42
118	pusht	mppi_blindk	75	42	logs/rbH_pusht_mppi_blindk_t75_seed42.log	python -m surveyor.envs.pusht.eval --solver mppi --subgoal surveyor --gdm-ckpt gdm_stride10.pt --gdm-steps 3 --accept-tau 999 --horizon 2 --receding-horizon 2 --source pretrained --h5 pusht_c2222.h5 --device cuda --mode long --episodes-file episodes/pusht_c2222.episodes75.json --goal-offset 75 --eval-budget 150 --num-eval 256 --score block --angles 20 5 --seed 42 --cem-seed 42
119	pusht	blind2	75	43	logs/rbH_pusht_blind2_t75_seed43.log	python -m surveyor.envs.pusht.eval --subgoal dspark --no-refine --commit fixed --commit-k 2 --gdm-ckpt gdm_stride10.pt --gdm-steps 3 --horizon 2 --receding-horizon 2 --source pretrained --h5 pusht_c2222.h5 --device cuda --mode long --episodes-file episodes/pusht_c2222.episodes75.json --goal-offset 75 --eval-budget 150 --num-eval 256 --score block --angles 20 5 --seed 43 --cem-seed 43
120	pusht	ffjepa_s10k3	75	43	logs/rbH_pusht_ffjepa_s10k3_t75_seed43.log	python -m surveyor.envs.pusht.eval --subgoal ffjepa --gdm-ckpt gdm_stride10.pt --gdm-steps 3 --horizon 2 --receding-horizon 2 --source pretrained --h5 pusht_c2222.h5 --device cuda --mode long --episodes-file episodes/pusht_c2222.episodes75.json --goal-offset 75 --eval-budget 150 --num-eval 256 --score block --angles 20 5 --seed 43 --cem-seed 43
121	pusht	blindk	75	43	logs/rbH_pusht_blindk_t75_seed43.log	python -m surveyor.envs.pusht.eval --subgoal surveyor --gdm-ckpt gdm_stride10.pt --gdm-steps 3 --accept-tau 999 --horizon 2 --receding-horizon 2 --source pretrained --h5 pusht_c2222.h5 --device cuda --mode long --episodes-file episodes/pusht_c2222.episodes75.json --goal-offset 75 --eval-budget 150 --num-eval 256 --score block --angles 20 5 --seed 43 --cem-seed 43
122	pusht	icem_router	75	43	logs/rbH_pusht_icem_router_t75_seed43.log	python -m surveyor.envs.pusht.eval --solver icem --subgoal router+surveyor --gdm-ckpt gdm_stride10.pt --gdm-steps 3 --accept-tau 0.20 --horizon 2 --receding-horizon 2 --source pretrained --h5 pusht_c2222.h5 --device cuda --mode long --episodes-file episodes/pusht_c2222.episodes75.json --goal-offset 75 --eval-budget 150 --num-eval 256 --score block --angles 20 5 --seed 43 --cem-seed 43
123	pusht	icem_blindk	75	43	logs/rbH_pusht_icem_blindk_t75_seed43.log	python -m surveyor.envs.pusht.eval --solver icem --subgoal surveyor --gdm-ckpt gdm_stride10.pt --gdm-steps 3 --accept-tau 999 --horizon 2 --receding-horizon 2 --source pretrained --h5 pusht_c2222.h5 --device cuda --mode long --episodes-file episodes/pusht_c2222.episodes75.json --goal-offset 75 --eval-budget 150 --num-eval 256 --score block --angles 20 5 --seed 43 --cem-seed 43
124	pusht	mppi_router	75	43	logs/rbH_pusht_mppi_router_t75_seed43.log	python -m surveyor.envs.pusht.eval --solver mppi --subgoal router+surveyor --gdm-ckpt gdm_stride10.pt --gdm-steps 3 --accept-tau 0.20 --horizon 2 --receding-horizon 2 --source pretrained --h5 pusht_c2222.h5 --device cuda --mode long --episodes-file episodes/pusht_c2222.episodes75.json --goal-offset 75 --eval-budget 150 --num-eval 256 --score block --angles 20 5 --seed 43 --cem-seed 43
125	pusht	mppi_blindk	75	43	logs/rbH_pusht_mppi_blindk_t75_seed43.log	python -m surveyor.envs.pusht.eval --solver mppi --subgoal surveyor --gdm-ckpt gdm_stride10.pt --gdm-steps 3 --accept-tau 999 --horizon 2 --receding-horizon 2 --source pretrained --h5 pusht_c2222.h5 --device cuda --mode long --episodes-file episodes/pusht_c2222.episodes75.json --goal-offset 75 --eval-budget 150 --num-eval 256 --score block --angles 20 5 --seed 43 --cem-seed 43
126	pusht	blind2	75	44	logs/rbH_pusht_blind2_t75_seed44.log	python -m surveyor.envs.pusht.eval --subgoal dspark --no-refine --commit fixed --commit-k 2 --gdm-ckpt gdm_stride10.pt --gdm-steps 3 --horizon 2 --receding-horizon 2 --source pretrained --h5 pusht_c2222.h5 --device cuda --mode long --episodes-file episodes/pusht_c2222.episodes75.json --goal-offset 75 --eval-budget 150 --num-eval 256 --score block --angles 20 5 --seed 44 --cem-seed 44
127	pusht	ffjepa_s10k3	75	44	logs/rbH_pusht_ffjepa_s10k3_t75_seed44.log	python -m surveyor.envs.pusht.eval --subgoal ffjepa --gdm-ckpt gdm_stride10.pt --gdm-steps 3 --horizon 2 --receding-horizon 2 --source pretrained --h5 pusht_c2222.h5 --device cuda --mode long --episodes-file episodes/pusht_c2222.episodes75.json --goal-offset 75 --eval-budget 150 --num-eval 256 --score block --angles 20 5 --seed 44 --cem-seed 44
128	pusht	blindk	75	44	logs/rbH_pusht_blindk_t75_seed44.log	python -m surveyor.envs.pusht.eval --subgoal surveyor --gdm-ckpt gdm_stride10.pt --gdm-steps 3 --accept-tau 999 --horizon 2 --receding-horizon 2 --source pretrained --h5 pusht_c2222.h5 --device cuda --mode long --episodes-file episodes/pusht_c2222.episodes75.json --goal-offset 75 --eval-budget 150 --num-eval 256 --score block --angles 20 5 --seed 44 --cem-seed 44
129	pusht	icem_router	75	44	logs/rbH_pusht_icem_router_t75_seed44.log	python -m surveyor.envs.pusht.eval --solver icem --subgoal router+surveyor --gdm-ckpt gdm_stride10.pt --gdm-steps 3 --accept-tau 0.20 --horizon 2 --receding-horizon 2 --source pretrained --h5 pusht_c2222.h5 --device cuda --mode long --episodes-file episodes/pusht_c2222.episodes75.json --goal-offset 75 --eval-budget 150 --num-eval 256 --score block --angles 20 5 --seed 44 --cem-seed 44
130	pusht	icem_blindk	75	44	logs/rbH_pusht_icem_blindk_t75_seed44.log	python -m surveyor.envs.pusht.eval --solver icem --subgoal surveyor --gdm-ckpt gdm_stride10.pt --gdm-steps 3 --accept-tau 999 --horizon 2 --receding-horizon 2 --source pretrained --h5 pusht_c2222.h5 --device cuda --mode long --episodes-file episodes/pusht_c2222.episodes75.json --goal-offset 75 --eval-budget 150 --num-eval 256 --score block --angles 20 5 --seed 44 --cem-seed 44
131	pusht	mppi_router	75	44	logs/rbH_pusht_mppi_router_t75_seed44.log	python -m surveyor.envs.pusht.eval --solver mppi --subgoal router+surveyor --gdm-ckpt gdm_stride10.pt --gdm-steps 3 --accept-tau 0.20 --horizon 2 --receding-horizon 2 --source pretrained --h5 pusht_c2222.h5 --device cuda --mode long --episodes-file episodes/pusht_c2222.episodes75.json --goal-offset 75 --eval-budget 150 --num-eval 256 --score block --angles 20 5 --seed 44 --cem-seed 44
132	pusht	mppi_blindk	75	44	logs/rbH_pusht_mppi_blindk_t75_seed44.log	python -m surveyor.envs.pusht.eval --solver mppi --subgoal surveyor --gdm-ckpt gdm_stride10.pt --gdm-steps 3 --accept-tau 999 --horizon 2 --receding-horizon 2 --source pretrained --h5 pusht_c2222.h5 --device cuda --mode long --episodes-file episodes/pusht_c2222.episodes75.json --goal-offset 75 --eval-budget 150 --num-eval 256 --score block --angles 20 5 --seed 44 --cem-seed 44
133	pusht	blind2	75	45	logs/rbH_pusht_blind2_t75_seed45.log	python -m surveyor.envs.pusht.eval --subgoal dspark --no-refine --commit fixed --commit-k 2 --gdm-ckpt gdm_stride10.pt --gdm-steps 3 --horizon 2 --receding-horizon 2 --source pretrained --h5 pusht_c2222.h5 --device cuda --mode long --episodes-file episodes/pusht_c2222.episodes75.json --goal-offset 75 --eval-budget 150 --num-eval 256 --score block --angles 20 5 --seed 45 --cem-seed 45
134	pusht	ffjepa_s10k3	75	45	logs/rbH_pusht_ffjepa_s10k3_t75_seed45.log	python -m surveyor.envs.pusht.eval --subgoal ffjepa --gdm-ckpt gdm_stride10.pt --gdm-steps 3 --horizon 2 --receding-horizon 2 --source pretrained --h5 pusht_c2222.h5 --device cuda --mode long --episodes-file episodes/pusht_c2222.episodes75.json --goal-offset 75 --eval-budget 150 --num-eval 256 --score block --angles 20 5 --seed 45 --cem-seed 45
135	pusht	blindk	75	45	logs/rbH_pusht_blindk_t75_seed45.log	python -m surveyor.envs.pusht.eval --subgoal surveyor --gdm-ckpt gdm_stride10.pt --gdm-steps 3 --accept-tau 999 --horizon 2 --receding-horizon 2 --source pretrained --h5 pusht_c2222.h5 --device cuda --mode long --episodes-file episodes/pusht_c2222.episodes75.json --goal-offset 75 --eval-budget 150 --num-eval 256 --score block --angles 20 5 --seed 45 --cem-seed 45
136	pusht	icem_router	75	45	logs/rbH_pusht_icem_router_t75_seed45.log	python -m surveyor.envs.pusht.eval --solver icem --subgoal router+surveyor --gdm-ckpt gdm_stride10.pt --gdm-steps 3 --accept-tau 0.20 --horizon 2 --receding-horizon 2 --source pretrained --h5 pusht_c2222.h5 --device cuda --mode long --episodes-file episodes/pusht_c2222.episodes75.json --goal-offset 75 --eval-budget 150 --num-eval 256 --score block --angles 20 5 --seed 45 --cem-seed 45
137	pusht	icem_blindk	75	45	logs/rbH_pusht_icem_blindk_t75_seed45.log	python -m surveyor.envs.pusht.eval --solver icem --subgoal surveyor --gdm-ckpt gdm_stride10.pt --gdm-steps 3 --accept-tau 999 --horizon 2 --receding-horizon 2 --source pretrained --h5 pusht_c2222.h5 --device cuda --mode long --episodes-file episodes/pusht_c2222.episodes75.json --goal-offset 75 --eval-budget 150 --num-eval 256 --score block --angles 20 5 --seed 45 --cem-seed 45
138	pusht	mppi_router	75	45	logs/rbH_pusht_mppi_router_t75_seed45.log	python -m surveyor.envs.pusht.eval --solver mppi --subgoal router+surveyor --gdm-ckpt gdm_stride10.pt --gdm-steps 3 --accept-tau 0.20 --horizon 2 --receding-horizon 2 --source pretrained --h5 pusht_c2222.h5 --device cuda --mode long --episodes-file episodes/pusht_c2222.episodes75.json --goal-offset 75 --eval-budget 150 --num-eval 256 --score block --angles 20 5 --seed 45 --cem-seed 45
139	pusht	mppi_blindk	75	45	logs/rbH_pusht_mppi_blindk_t75_seed45.log	python -m surveyor.envs.pusht.eval --solver mppi --subgoal surveyor --gdm-ckpt gdm_stride10.pt --gdm-steps 3 --accept-tau 999 --horizon 2 --receding-horizon 2 --source pretrained --h5 pusht_c2222.h5 --device cuda --mode long --episodes-file episodes/pusht_c2222.episodes75.json --goal-offset 75 --eval-budget 150 --num-eval 256 --score block --angles 20 5 --seed 45 --cem-seed 45
140	pusht	blind2	75	46	logs/rbH_pusht_blind2_t75_seed46.log	python -m surveyor.envs.pusht.eval --subgoal dspark --no-refine --commit fixed --commit-k 2 --gdm-ckpt gdm_stride10.pt --gdm-steps 3 --horizon 2 --receding-horizon 2 --source pretrained --h5 pusht_c2222.h5 --device cuda --mode long --episodes-file episodes/pusht_c2222.episodes75.json --goal-offset 75 --eval-budget 150 --num-eval 256 --score block --angles 20 5 --seed 46 --cem-seed 46
141	pusht	ffjepa_s10k3	75	46	logs/rbH_pusht_ffjepa_s10k3_t75_seed46.log	python -m surveyor.envs.pusht.eval --subgoal ffjepa --gdm-ckpt gdm_stride10.pt --gdm-steps 3 --horizon 2 --receding-horizon 2 --source pretrained --h5 pusht_c2222.h5 --device cuda --mode long --episodes-file episodes/pusht_c2222.episodes75.json --goal-offset 75 --eval-budget 150 --num-eval 256 --score block --angles 20 5 --seed 46 --cem-seed 46
142	pusht	blindk	75	46	logs/rbH_pusht_blindk_t75_seed46.log	python -m surveyor.envs.pusht.eval --subgoal surveyor --gdm-ckpt gdm_stride10.pt --gdm-steps 3 --accept-tau 999 --horizon 2 --receding-horizon 2 --source pretrained --h5 pusht_c2222.h5 --device cuda --mode long --episodes-file episodes/pusht_c2222.episodes75.json --goal-offset 75 --eval-budget 150 --num-eval 256 --score block --angles 20 5 --seed 46 --cem-seed 46
143	pusht	icem_router	75	46	logs/rbH_pusht_icem_router_t75_seed46.log	python -m surveyor.envs.pusht.eval --solver icem --subgoal router+surveyor --gdm-ckpt gdm_stride10.pt --gdm-steps 3 --accept-tau 0.20 --horizon 2 --receding-horizon 2 --source pretrained --h5 pusht_c2222.h5 --device cuda --mode long --episodes-file episodes/pusht_c2222.episodes75.json --goal-offset 75 --eval-budget 150 --num-eval 256 --score block --angles 20 5 --seed 46 --cem-seed 46
144	pusht	icem_blindk	75	46	logs/rbH_pusht_icem_blindk_t75_seed46.log	python -m surveyor.envs.pusht.eval --solver icem --subgoal surveyor --gdm-ckpt gdm_stride10.pt --gdm-steps 3 --accept-tau 999 --horizon 2 --receding-horizon 2 --source pretrained --h5 pusht_c2222.h5 --device cuda --mode long --episodes-file episodes/pusht_c2222.episodes75.json --goal-offset 75 --eval-budget 150 --num-eval 256 --score block --angles 20 5 --seed 46 --cem-seed 46
145	pusht	mppi_router	75	46	logs/rbH_pusht_mppi_router_t75_seed46.log	python -m surveyor.envs.pusht.eval --solver mppi --subgoal router+surveyor --gdm-ckpt gdm_stride10.pt --gdm-steps 3 --accept-tau 0.20 --horizon 2 --receding-horizon 2 --source pretrained --h5 pusht_c2222.h5 --device cuda --mode long --episodes-file episodes/pusht_c2222.episodes75.json --goal-offset 75 --eval-budget 150 --num-eval 256 --score block --angles 20 5 --seed 46 --cem-seed 46
146	pusht	mppi_blindk	75	46	logs/rbH_pusht_mppi_blindk_t75_seed46.log	python -m surveyor.envs.pusht.eval --solver mppi --subgoal surveyor --gdm-ckpt gdm_stride10.pt --gdm-steps 3 --accept-tau 999 --horizon 2 --receding-horizon 2 --source pretrained --h5 pusht_c2222.h5 --device cuda --mode long --episodes-file episodes/pusht_c2222.episodes75.json --goal-offset 75 --eval-budget 150 --num-eval 256 --score block --angles 20 5 --seed 46 --cem-seed 46
147	pusht	blind2	75	47	logs/rbH_pusht_blind2_t75_seed47.log	python -m surveyor.envs.pusht.eval --subgoal dspark --no-refine --commit fixed --commit-k 2 --gdm-ckpt gdm_stride10.pt --gdm-steps 3 --horizon 2 --receding-horizon 2 --source pretrained --h5 pusht_c2222.h5 --device cuda --mode long --episodes-file episodes/pusht_c2222.episodes75.json --goal-offset 75 --eval-budget 150 --num-eval 256 --score block --angles 20 5 --seed 47 --cem-seed 47
148	pusht	ffjepa_s10k3	75	47	logs/rbH_pusht_ffjepa_s10k3_t75_seed47.log	python -m surveyor.envs.pusht.eval --subgoal ffjepa --gdm-ckpt gdm_stride10.pt --gdm-steps 3 --horizon 2 --receding-horizon 2 --source pretrained --h5 pusht_c2222.h5 --device cuda --mode long --episodes-file episodes/pusht_c2222.episodes75.json --goal-offset 75 --eval-budget 150 --num-eval 256 --score block --angles 20 5 --seed 47 --cem-seed 47
149	pusht	blindk	75	47	logs/rbH_pusht_blindk_t75_seed47.log	python -m surveyor.envs.pusht.eval --subgoal surveyor --gdm-ckpt gdm_stride10.pt --gdm-steps 3 --accept-tau 999 --horizon 2 --receding-horizon 2 --source pretrained --h5 pusht_c2222.h5 --device cuda --mode long --episodes-file episodes/pusht_c2222.episodes75.json --goal-offset 75 --eval-budget 150 --num-eval 256 --score block --angles 20 5 --seed 47 --cem-seed 47
150	pusht	icem_router	75	47	logs/rbH_pusht_icem_router_t75_seed47.log	python -m surveyor.envs.pusht.eval --solver icem --subgoal router+surveyor --gdm-ckpt gdm_stride10.pt --gdm-steps 3 --accept-tau 0.20 --horizon 2 --receding-horizon 2 --source pretrained --h5 pusht_c2222.h5 --device cuda --mode long --episodes-file episodes/pusht_c2222.episodes75.json --goal-offset 75 --eval-budget 150 --num-eval 256 --score block --angles 20 5 --seed 47 --cem-seed 47
151	pusht	icem_blindk	75	47	logs/rbH_pusht_icem_blindk_t75_seed47.log	python -m surveyor.envs.pusht.eval --solver icem --subgoal surveyor --gdm-ckpt gdm_stride10.pt --gdm-steps 3 --accept-tau 999 --horizon 2 --receding-horizon 2 --source pretrained --h5 pusht_c2222.h5 --device cuda --mode long --episodes-file episodes/pusht_c2222.episodes75.json --goal-offset 75 --eval-budget 150 --num-eval 256 --score block --angles 20 5 --seed 47 --cem-seed 47
152	pusht	mppi_router	75	47	logs/rbH_pusht_mppi_router_t75_seed47.log	python -m surveyor.envs.pusht.eval --solver mppi --subgoal router+surveyor --gdm-ckpt gdm_stride10.pt --gdm-steps 3 --accept-tau 0.20 --horizon 2 --receding-horizon 2 --source pretrained --h5 pusht_c2222.h5 --device cuda --mode long --episodes-file episodes/pusht_c2222.episodes75.json --goal-offset 75 --eval-budget 150 --num-eval 256 --score block --angles 20 5 --seed 47 --cem-seed 47
153	pusht	mppi_blindk	75	47	logs/rbH_pusht_mppi_blindk_t75_seed47.log	python -m surveyor.envs.pusht.eval --solver mppi --subgoal surveyor --gdm-ckpt gdm_stride10.pt --gdm-steps 3 --accept-tau 999 --horizon 2 --receding-horizon 2 --source pretrained --h5 pusht_c2222.h5 --device cuda --mode long --episodes-file episodes/pusht_c2222.episodes75.json --goal-offset 75 --eval-budget 150 --num-eval 256 --score block --angles 20 5 --seed 47 --cem-seed 47
154	pusht	blind2	75	48	logs/rbH_pusht_blind2_t75_seed48.log	python -m surveyor.envs.pusht.eval --subgoal dspark --no-refine --commit fixed --commit-k 2 --gdm-ckpt gdm_stride10.pt --gdm-steps 3 --horizon 2 --receding-horizon 2 --source pretrained --h5 pusht_c2222.h5 --device cuda --mode long --episodes-file episodes/pusht_c2222.episodes75.json --goal-offset 75 --eval-budget 150 --num-eval 256 --score block --angles 20 5 --seed 48 --cem-seed 48
155	pusht	ffjepa_s10k3	75	48	logs/rbH_pusht_ffjepa_s10k3_t75_seed48.log	python -m surveyor.envs.pusht.eval --subgoal ffjepa --gdm-ckpt gdm_stride10.pt --gdm-steps 3 --horizon 2 --receding-horizon 2 --source pretrained --h5 pusht_c2222.h5 --device cuda --mode long --episodes-file episodes/pusht_c2222.episodes75.json --goal-offset 75 --eval-budget 150 --num-eval 256 --score block --angles 20 5 --seed 48 --cem-seed 48
156	pusht	blindk	75	48	logs/rbH_pusht_blindk_t75_seed48.log	python -m surveyor.envs.pusht.eval --subgoal surveyor --gdm-ckpt gdm_stride10.pt --gdm-steps 3 --accept-tau 999 --horizon 2 --receding-horizon 2 --source pretrained --h5 pusht_c2222.h5 --device cuda --mode long --episodes-file episodes/pusht_c2222.episodes75.json --goal-offset 75 --eval-budget 150 --num-eval 256 --score block --angles 20 5 --seed 48 --cem-seed 48
157	pusht	icem_router	75	48	logs/rbH_pusht_icem_router_t75_seed48.log	python -m surveyor.envs.pusht.eval --solver icem --subgoal router+surveyor --gdm-ckpt gdm_stride10.pt --gdm-steps 3 --accept-tau 0.20 --horizon 2 --receding-horizon 2 --source pretrained --h5 pusht_c2222.h5 --device cuda --mode long --episodes-file episodes/pusht_c2222.episodes75.json --goal-offset 75 --eval-budget 150 --num-eval 256 --score block --angles 20 5 --seed 48 --cem-seed 48
158	pusht	icem_blindk	75	48	logs/rbH_pusht_icem_blindk_t75_seed48.log	python -m surveyor.envs.pusht.eval --solver icem --subgoal surveyor --gdm-ckpt gdm_stride10.pt --gdm-steps 3 --accept-tau 999 --horizon 2 --receding-horizon 2 --source pretrained --h5 pusht_c2222.h5 --device cuda --mode long --episodes-file episodes/pusht_c2222.episodes75.json --goal-offset 75 --eval-budget 150 --num-eval 256 --score block --angles 20 5 --seed 48 --cem-seed 48
159	pusht	mppi_router	75	48	logs/rbH_pusht_mppi_router_t75_seed48.log	python -m surveyor.envs.pusht.eval --solver mppi --subgoal router+surveyor --gdm-ckpt gdm_stride10.pt --gdm-steps 3 --accept-tau 0.20 --horizon 2 --receding-horizon 2 --source pretrained --h5 pusht_c2222.h5 --device cuda --mode long --episodes-file episodes/pusht_c2222.episodes75.json --goal-offset 75 --eval-budget 150 --num-eval 256 --score block --angles 20 5 --seed 48 --cem-seed 48
160	pusht	mppi_blindk	75	48	logs/rbH_pusht_mppi_blindk_t75_seed48.log	python -m surveyor.envs.pusht.eval --solver mppi --subgoal surveyor --gdm-ckpt gdm_stride10.pt --gdm-steps 3 --accept-tau 999 --horizon 2 --receding-horizon 2 --source pretrained --h5 pusht_c2222.h5 --device cuda --mode long --episodes-file episodes/pusht_c2222.episodes75.json --goal-offset 75 --eval-budget 150 --num-eval 256 --score block --angles 20 5 --seed 48 --cem-seed 48
161	pusht	blind2	75	49	logs/rbH_pusht_blind2_t75_seed49.log	python -m surveyor.envs.pusht.eval --subgoal dspark --no-refine --commit fixed --commit-k 2 --gdm-ckpt gdm_stride10.pt --gdm-steps 3 --horizon 2 --receding-horizon 2 --source pretrained --h5 pusht_c2222.h5 --device cuda --mode long --episodes-file episodes/pusht_c2222.episodes75.json --goal-offset 75 --eval-budget 150 --num-eval 256 --score block --angles 20 5 --seed 49 --cem-seed 49
162	pusht	ffjepa_s10k3	75	49	logs/rbH_pusht_ffjepa_s10k3_t75_seed49.log	python -m surveyor.envs.pusht.eval --subgoal ffjepa --gdm-ckpt gdm_stride10.pt --gdm-steps 3 --horizon 2 --receding-horizon 2 --source pretrained --h5 pusht_c2222.h5 --device cuda --mode long --episodes-file episodes/pusht_c2222.episodes75.json --goal-offset 75 --eval-budget 150 --num-eval 256 --score block --angles 20 5 --seed 49 --cem-seed 49
163	pusht	blindk	75	49	logs/rbH_pusht_blindk_t75_seed49.log	python -m surveyor.envs.pusht.eval --subgoal surveyor --gdm-ckpt gdm_stride10.pt --gdm-steps 3 --accept-tau 999 --horizon 2 --receding-horizon 2 --source pretrained --h5 pusht_c2222.h5 --device cuda --mode long --episodes-file episodes/pusht_c2222.episodes75.json --goal-offset 75 --eval-budget 150 --num-eval 256 --score block --angles 20 5 --seed 49 --cem-seed 49
164	pusht	icem_router	75	49	logs/rbH_pusht_icem_router_t75_seed49.log	python -m surveyor.envs.pusht.eval --solver icem --subgoal router+surveyor --gdm-ckpt gdm_stride10.pt --gdm-steps 3 --accept-tau 0.20 --horizon 2 --receding-horizon 2 --source pretrained --h5 pusht_c2222.h5 --device cuda --mode long --episodes-file episodes/pusht_c2222.episodes75.json --goal-offset 75 --eval-budget 150 --num-eval 256 --score block --angles 20 5 --seed 49 --cem-seed 49
165	pusht	icem_blindk	75	49	logs/rbH_pusht_icem_blindk_t75_seed49.log	python -m surveyor.envs.pusht.eval --solver icem --subgoal surveyor --gdm-ckpt gdm_stride10.pt --gdm-steps 3 --accept-tau 999 --horizon 2 --receding-horizon 2 --source pretrained --h5 pusht_c2222.h5 --device cuda --mode long --episodes-file episodes/pusht_c2222.episodes75.json --goal-offset 75 --eval-budget 150 --num-eval 256 --score block --angles 20 5 --seed 49 --cem-seed 49
166	pusht	mppi_router	75	49	logs/rbH_pusht_mppi_router_t75_seed49.log	python -m surveyor.envs.pusht.eval --solver mppi --subgoal router+surveyor --gdm-ckpt gdm_stride10.pt --gdm-steps 3 --accept-tau 0.20 --horizon 2 --receding-horizon 2 --source pretrained --h5 pusht_c2222.h5 --device cuda --mode long --episodes-file episodes/pusht_c2222.episodes75.json --goal-offset 75 --eval-budget 150 --num-eval 256 --score block --angles 20 5 --seed 49 --cem-seed 49
167	pusht	mppi_blindk	75	49	logs/rbH_pusht_mppi_blindk_t75_seed49.log	python -m surveyor.envs.pusht.eval --solver mppi --subgoal surveyor --gdm-ckpt gdm_stride10.pt --gdm-steps 3 --accept-tau 999 --horizon 2 --receding-horizon 2 --source pretrained --h5 pusht_c2222.h5 --device cuda --mode long --episodes-file episodes/pusht_c2222.episodes75.json --goal-offset 75 --eval-budget 150 --num-eval 256 --score block --angles 20 5 --seed 49 --cem-seed 49
168	pusht	blindk	100	42	logs/rbH_pusht_blindk_t100_seed42.log	python -m surveyor.envs.pusht.eval --subgoal surveyor --gdm-ckpt gdm_stride10.pt --gdm-steps 3 --accept-tau 999 --horizon 2 --receding-horizon 2 --source pretrained --h5 pusht_c2222.h5 --device cuda --mode long --episodes-file episodes/pusht_c2222.episodes100.json --goal-offset 100 --eval-budget 200 --num-eval 256 --score block --angles 20 5 --seed 42 --cem-seed 42
169	pusht	icem_router	100	42	logs/rbH_pusht_icem_router_t100_seed42.log	python -m surveyor.envs.pusht.eval --solver icem --subgoal router+surveyor --gdm-ckpt gdm_stride10.pt --gdm-steps 3 --accept-tau 0.20 --horizon 2 --receding-horizon 2 --source pretrained --h5 pusht_c2222.h5 --device cuda --mode long --episodes-file episodes/pusht_c2222.episodes100.json --goal-offset 100 --eval-budget 200 --num-eval 256 --score block --angles 20 5 --seed 42 --cem-seed 42
170	pusht	icem_blindk	100	42	logs/rbH_pusht_icem_blindk_t100_seed42.log	python -m surveyor.envs.pusht.eval --solver icem --subgoal surveyor --gdm-ckpt gdm_stride10.pt --gdm-steps 3 --accept-tau 999 --horizon 2 --receding-horizon 2 --source pretrained --h5 pusht_c2222.h5 --device cuda --mode long --episodes-file episodes/pusht_c2222.episodes100.json --goal-offset 100 --eval-budget 200 --num-eval 256 --score block --angles 20 5 --seed 42 --cem-seed 42
171	pusht	mppi_router	100	42	logs/rbH_pusht_mppi_router_t100_seed42.log	python -m surveyor.envs.pusht.eval --solver mppi --subgoal router+surveyor --gdm-ckpt gdm_stride10.pt --gdm-steps 3 --accept-tau 0.20 --horizon 2 --receding-horizon 2 --source pretrained --h5 pusht_c2222.h5 --device cuda --mode long --episodes-file episodes/pusht_c2222.episodes100.json --goal-offset 100 --eval-budget 200 --num-eval 256 --score block --angles 20 5 --seed 42 --cem-seed 42
172	pusht	mppi_blindk	100	42	logs/rbH_pusht_mppi_blindk_t100_seed42.log	python -m surveyor.envs.pusht.eval --solver mppi --subgoal surveyor --gdm-ckpt gdm_stride10.pt --gdm-steps 3 --accept-tau 999 --horizon 2 --receding-horizon 2 --source pretrained --h5 pusht_c2222.h5 --device cuda --mode long --episodes-file episodes/pusht_c2222.episodes100.json --goal-offset 100 --eval-budget 200 --num-eval 256 --score block --angles 20 5 --seed 42 --cem-seed 42
173	pusht	blindk	100	43	logs/rbH_pusht_blindk_t100_seed43.log	python -m surveyor.envs.pusht.eval --subgoal surveyor --gdm-ckpt gdm_stride10.pt --gdm-steps 3 --accept-tau 999 --horizon 2 --receding-horizon 2 --source pretrained --h5 pusht_c2222.h5 --device cuda --mode long --episodes-file episodes/pusht_c2222.episodes100.json --goal-offset 100 --eval-budget 200 --num-eval 256 --score block --angles 20 5 --seed 43 --cem-seed 43
174	pusht	icem_router	100	43	logs/rbH_pusht_icem_router_t100_seed43.log	python -m surveyor.envs.pusht.eval --solver icem --subgoal router+surveyor --gdm-ckpt gdm_stride10.pt --gdm-steps 3 --accept-tau 0.20 --horizon 2 --receding-horizon 2 --source pretrained --h5 pusht_c2222.h5 --device cuda --mode long --episodes-file episodes/pusht_c2222.episodes100.json --goal-offset 100 --eval-budget 200 --num-eval 256 --score block --angles 20 5 --seed 43 --cem-seed 43
175	pusht	icem_blindk	100	43	logs/rbH_pusht_icem_blindk_t100_seed43.log	python -m surveyor.envs.pusht.eval --solver icem --subgoal surveyor --gdm-ckpt gdm_stride10.pt --gdm-steps 3 --accept-tau 999 --horizon 2 --receding-horizon 2 --source pretrained --h5 pusht_c2222.h5 --device cuda --mode long --episodes-file episodes/pusht_c2222.episodes100.json --goal-offset 100 --eval-budget 200 --num-eval 256 --score block --angles 20 5 --seed 43 --cem-seed 43
176	pusht	mppi_router	100	43	logs/rbH_pusht_mppi_router_t100_seed43.log	python -m surveyor.envs.pusht.eval --solver mppi --subgoal router+surveyor --gdm-ckpt gdm_stride10.pt --gdm-steps 3 --accept-tau 0.20 --horizon 2 --receding-horizon 2 --source pretrained --h5 pusht_c2222.h5 --device cuda --mode long --episodes-file episodes/pusht_c2222.episodes100.json --goal-offset 100 --eval-budget 200 --num-eval 256 --score block --angles 20 5 --seed 43 --cem-seed 43
177	pusht	mppi_blindk	100	43	logs/rbH_pusht_mppi_blindk_t100_seed43.log	python -m surveyor.envs.pusht.eval --solver mppi --subgoal surveyor --gdm-ckpt gdm_stride10.pt --gdm-steps 3 --accept-tau 999 --horizon 2 --receding-horizon 2 --source pretrained --h5 pusht_c2222.h5 --device cuda --mode long --episodes-file episodes/pusht_c2222.episodes100.json --goal-offset 100 --eval-budget 200 --num-eval 256 --score block --angles 20 5 --seed 43 --cem-seed 43
178	pusht	blindk	100	44	logs/rbH_pusht_blindk_t100_seed44.log	python -m surveyor.envs.pusht.eval --subgoal surveyor --gdm-ckpt gdm_stride10.pt --gdm-steps 3 --accept-tau 999 --horizon 2 --receding-horizon 2 --source pretrained --h5 pusht_c2222.h5 --device cuda --mode long --episodes-file episodes/pusht_c2222.episodes100.json --goal-offset 100 --eval-budget 200 --num-eval 256 --score block --angles 20 5 --seed 44 --cem-seed 44
179	pusht	icem_router	100	44	logs/rbH_pusht_icem_router_t100_seed44.log	python -m surveyor.envs.pusht.eval --solver icem --subgoal router+surveyor --gdm-ckpt gdm_stride10.pt --gdm-steps 3 --accept-tau 0.20 --horizon 2 --receding-horizon 2 --source pretrained --h5 pusht_c2222.h5 --device cuda --mode long --episodes-file episodes/pusht_c2222.episodes100.json --goal-offset 100 --eval-budget 200 --num-eval 256 --score block --angles 20 5 --seed 44 --cem-seed 44
180	pusht	icem_blindk	100	44	logs/rbH_pusht_icem_blindk_t100_seed44.log	python -m surveyor.envs.pusht.eval --solver icem --subgoal surveyor --gdm-ckpt gdm_stride10.pt --gdm-steps 3 --accept-tau 999 --horizon 2 --receding-horizon 2 --source pretrained --h5 pusht_c2222.h5 --device cuda --mode long --episodes-file episodes/pusht_c2222.episodes100.json --goal-offset 100 --eval-budget 200 --num-eval 256 --score block --angles 20 5 --seed 44 --cem-seed 44
181	pusht	mppi_router	100	44	logs/rbH_pusht_mppi_router_t100_seed44.log	python -m surveyor.envs.pusht.eval --solver mppi --subgoal router+surveyor --gdm-ckpt gdm_stride10.pt --gdm-steps 3 --accept-tau 0.20 --horizon 2 --receding-horizon 2 --source pretrained --h5 pusht_c2222.h5 --device cuda --mode long --episodes-file episodes/pusht_c2222.episodes100.json --goal-offset 100 --eval-budget 200 --num-eval 256 --score block --angles 20 5 --seed 44 --cem-seed 44
182	pusht	mppi_blindk	100	44	logs/rbH_pusht_mppi_blindk_t100_seed44.log	python -m surveyor.envs.pusht.eval --solver mppi --subgoal surveyor --gdm-ckpt gdm_stride10.pt --gdm-steps 3 --accept-tau 999 --horizon 2 --receding-horizon 2 --source pretrained --h5 pusht_c2222.h5 --device cuda --mode long --episodes-file episodes/pusht_c2222.episodes100.json --goal-offset 100 --eval-budget 200 --num-eval 256 --score block --angles 20 5 --seed 44 --cem-seed 44
183	pusht	blindk	100	45	logs/rbH_pusht_blindk_t100_seed45.log	python -m surveyor.envs.pusht.eval --subgoal surveyor --gdm-ckpt gdm_stride10.pt --gdm-steps 3 --accept-tau 999 --horizon 2 --receding-horizon 2 --source pretrained --h5 pusht_c2222.h5 --device cuda --mode long --episodes-file episodes/pusht_c2222.episodes100.json --goal-offset 100 --eval-budget 200 --num-eval 256 --score block --angles 20 5 --seed 45 --cem-seed 45
184	pusht	icem_router	100	45	logs/rbH_pusht_icem_router_t100_seed45.log	python -m surveyor.envs.pusht.eval --solver icem --subgoal router+surveyor --gdm-ckpt gdm_stride10.pt --gdm-steps 3 --accept-tau 0.20 --horizon 2 --receding-horizon 2 --source pretrained --h5 pusht_c2222.h5 --device cuda --mode long --episodes-file episodes/pusht_c2222.episodes100.json --goal-offset 100 --eval-budget 200 --num-eval 256 --score block --angles 20 5 --seed 45 --cem-seed 45
185	pusht	icem_blindk	100	45	logs/rbH_pusht_icem_blindk_t100_seed45.log	python -m surveyor.envs.pusht.eval --solver icem --subgoal surveyor --gdm-ckpt gdm_stride10.pt --gdm-steps 3 --accept-tau 999 --horizon 2 --receding-horizon 2 --source pretrained --h5 pusht_c2222.h5 --device cuda --mode long --episodes-file episodes/pusht_c2222.episodes100.json --goal-offset 100 --eval-budget 200 --num-eval 256 --score block --angles 20 5 --seed 45 --cem-seed 45
186	pusht	mppi_router	100	45	logs/rbH_pusht_mppi_router_t100_seed45.log	python -m surveyor.envs.pusht.eval --solver mppi --subgoal router+surveyor --gdm-ckpt gdm_stride10.pt --gdm-steps 3 --accept-tau 0.20 --horizon 2 --receding-horizon 2 --source pretrained --h5 pusht_c2222.h5 --device cuda --mode long --episodes-file episodes/pusht_c2222.episodes100.json --goal-offset 100 --eval-budget 200 --num-eval 256 --score block --angles 20 5 --seed 45 --cem-seed 45
187	pusht	mppi_blindk	100	45	logs/rbH_pusht_mppi_blindk_t100_seed45.log	python -m surveyor.envs.pusht.eval --solver mppi --subgoal surveyor --gdm-ckpt gdm_stride10.pt --gdm-steps 3 --accept-tau 999 --horizon 2 --receding-horizon 2 --source pretrained --h5 pusht_c2222.h5 --device cuda --mode long --episodes-file episodes/pusht_c2222.episodes100.json --goal-offset 100 --eval-budget 200 --num-eval 256 --score block --angles 20 5 --seed 45 --cem-seed 45
188	pusht	blindk	100	46	logs/rbH_pusht_blindk_t100_seed46.log	python -m surveyor.envs.pusht.eval --subgoal surveyor --gdm-ckpt gdm_stride10.pt --gdm-steps 3 --accept-tau 999 --horizon 2 --receding-horizon 2 --source pretrained --h5 pusht_c2222.h5 --device cuda --mode long --episodes-file episodes/pusht_c2222.episodes100.json --goal-offset 100 --eval-budget 200 --num-eval 256 --score block --angles 20 5 --seed 46 --cem-seed 46
189	pusht	icem_router	100	46	logs/rbH_pusht_icem_router_t100_seed46.log	python -m surveyor.envs.pusht.eval --solver icem --subgoal router+surveyor --gdm-ckpt gdm_stride10.pt --gdm-steps 3 --accept-tau 0.20 --horizon 2 --receding-horizon 2 --source pretrained --h5 pusht_c2222.h5 --device cuda --mode long --episodes-file episodes/pusht_c2222.episodes100.json --goal-offset 100 --eval-budget 200 --num-eval 256 --score block --angles 20 5 --seed 46 --cem-seed 46
190	pusht	icem_blindk	100	46	logs/rbH_pusht_icem_blindk_t100_seed46.log	python -m surveyor.envs.pusht.eval --solver icem --subgoal surveyor --gdm-ckpt gdm_stride10.pt --gdm-steps 3 --accept-tau 999 --horizon 2 --receding-horizon 2 --source pretrained --h5 pusht_c2222.h5 --device cuda --mode long --episodes-file episodes/pusht_c2222.episodes100.json --goal-offset 100 --eval-budget 200 --num-eval 256 --score block --angles 20 5 --seed 46 --cem-seed 46
191	pusht	mppi_router	100	46	logs/rbH_pusht_mppi_router_t100_seed46.log	python -m surveyor.envs.pusht.eval --solver mppi --subgoal router+surveyor --gdm-ckpt gdm_stride10.pt --gdm-steps 3 --accept-tau 0.20 --horizon 2 --receding-horizon 2 --source pretrained --h5 pusht_c2222.h5 --device cuda --mode long --episodes-file episodes/pusht_c2222.episodes100.json --goal-offset 100 --eval-budget 200 --num-eval 256 --score block --angles 20 5 --seed 46 --cem-seed 46
192	pusht	mppi_blindk	100	46	logs/rbH_pusht_mppi_blindk_t100_seed46.log	python -m surveyor.envs.pusht.eval --solver mppi --subgoal surveyor --gdm-ckpt gdm_stride10.pt --gdm-steps 3 --accept-tau 999 --horizon 2 --receding-horizon 2 --source pretrained --h5 pusht_c2222.h5 --device cuda --mode long --episodes-file episodes/pusht_c2222.episodes100.json --goal-offset 100 --eval-budget 200 --num-eval 256 --score block --angles 20 5 --seed 46 --cem-seed 46
193	pusht	blindk	100	47	logs/rbH_pusht_blindk_t100_seed47.log	python -m surveyor.envs.pusht.eval --subgoal surveyor --gdm-ckpt gdm_stride10.pt --gdm-steps 3 --accept-tau 999 --horizon 2 --receding-horizon 2 --source pretrained --h5 pusht_c2222.h5 --device cuda --mode long --episodes-file episodes/pusht_c2222.episodes100.json --goal-offset 100 --eval-budget 200 --num-eval 256 --score block --angles 20 5 --seed 47 --cem-seed 47
194	pusht	icem_router	100	47	logs/rbH_pusht_icem_router_t100_seed47.log	python -m surveyor.envs.pusht.eval --solver icem --subgoal router+surveyor --gdm-ckpt gdm_stride10.pt --gdm-steps 3 --accept-tau 0.20 --horizon 2 --receding-horizon 2 --source pretrained --h5 pusht_c2222.h5 --device cuda --mode long --episodes-file episodes/pusht_c2222.episodes100.json --goal-offset 100 --eval-budget 200 --num-eval 256 --score block --angles 20 5 --seed 47 --cem-seed 47
195	pusht	icem_blindk	100	47	logs/rbH_pusht_icem_blindk_t100_seed47.log	python -m surveyor.envs.pusht.eval --solver icem --subgoal surveyor --gdm-ckpt gdm_stride10.pt --gdm-steps 3 --accept-tau 999 --horizon 2 --receding-horizon 2 --source pretrained --h5 pusht_c2222.h5 --device cuda --mode long --episodes-file episodes/pusht_c2222.episodes100.json --goal-offset 100 --eval-budget 200 --num-eval 256 --score block --angles 20 5 --seed 47 --cem-seed 47
196	pusht	mppi_router	100	47	logs/rbH_pusht_mppi_router_t100_seed47.log	python -m surveyor.envs.pusht.eval --solver mppi --subgoal router+surveyor --gdm-ckpt gdm_stride10.pt --gdm-steps 3 --accept-tau 0.20 --horizon 2 --receding-horizon 2 --source pretrained --h5 pusht_c2222.h5 --device cuda --mode long --episodes-file episodes/pusht_c2222.episodes100.json --goal-offset 100 --eval-budget 200 --num-eval 256 --score block --angles 20 5 --seed 47 --cem-seed 47
197	pusht	mppi_blindk	100	47	logs/rbH_pusht_mppi_blindk_t100_seed47.log	python -m surveyor.envs.pusht.eval --solver mppi --subgoal surveyor --gdm-ckpt gdm_stride10.pt --gdm-steps 3 --accept-tau 999 --horizon 2 --receding-horizon 2 --source pretrained --h5 pusht_c2222.h5 --device cuda --mode long --episodes-file episodes/pusht_c2222.episodes100.json --goal-offset 100 --eval-budget 200 --num-eval 256 --score block --angles 20 5 --seed 47 --cem-seed 47
198	pusht	blindk	100	48	logs/rbH_pusht_blindk_t100_seed48.log	python -m surveyor.envs.pusht.eval --subgoal surveyor --gdm-ckpt gdm_stride10.pt --gdm-steps 3 --accept-tau 999 --horizon 2 --receding-horizon 2 --source pretrained --h5 pusht_c2222.h5 --device cuda --mode long --episodes-file episodes/pusht_c2222.episodes100.json --goal-offset 100 --eval-budget 200 --num-eval 256 --score block --angles 20 5 --seed 48 --cem-seed 48
199	pusht	icem_router	100	48	logs/rbH_pusht_icem_router_t100_seed48.log	python -m surveyor.envs.pusht.eval --solver icem --subgoal router+surveyor --gdm-ckpt gdm_stride10.pt --gdm-steps 3 --accept-tau 0.20 --horizon 2 --receding-horizon 2 --source pretrained --h5 pusht_c2222.h5 --device cuda --mode long --episodes-file episodes/pusht_c2222.episodes100.json --goal-offset 100 --eval-budget 200 --num-eval 256 --score block --angles 20 5 --seed 48 --cem-seed 48
200	pusht	icem_blindk	100	48	logs/rbH_pusht_icem_blindk_t100_seed48.log	python -m surveyor.envs.pusht.eval --solver icem --subgoal surveyor --gdm-ckpt gdm_stride10.pt --gdm-steps 3 --accept-tau 999 --horizon 2 --receding-horizon 2 --source pretrained --h5 pusht_c2222.h5 --device cuda --mode long --episodes-file episodes/pusht_c2222.episodes100.json --goal-offset 100 --eval-budget 200 --num-eval 256 --score block --angles 20 5 --seed 48 --cem-seed 48
201	pusht	mppi_router	100	48	logs/rbH_pusht_mppi_router_t100_seed48.log	python -m surveyor.envs.pusht.eval --solver mppi --subgoal router+surveyor --gdm-ckpt gdm_stride10.pt --gdm-steps 3 --accept-tau 0.20 --horizon 2 --receding-horizon 2 --source pretrained --h5 pusht_c2222.h5 --device cuda --mode long --episodes-file episodes/pusht_c2222.episodes100.json --goal-offset 100 --eval-budget 200 --num-eval 256 --score block --angles 20 5 --seed 48 --cem-seed 48
202	pusht	mppi_blindk	100	48	logs/rbH_pusht_mppi_blindk_t100_seed48.log	python -m surveyor.envs.pusht.eval --solver mppi --subgoal surveyor --gdm-ckpt gdm_stride10.pt --gdm-steps 3 --accept-tau 999 --horizon 2 --receding-horizon 2 --source pretrained --h5 pusht_c2222.h5 --device cuda --mode long --episodes-file episodes/pusht_c2222.episodes100.json --goal-offset 100 --eval-budget 200 --num-eval 256 --score block --angles 20 5 --seed 48 --cem-seed 48
203	pusht	blindk	100	49	logs/rbH_pusht_blindk_t100_seed49.log	python -m surveyor.envs.pusht.eval --subgoal surveyor --gdm-ckpt gdm_stride10.pt --gdm-steps 3 --accept-tau 999 --horizon 2 --receding-horizon 2 --source pretrained --h5 pusht_c2222.h5 --device cuda --mode long --episodes-file episodes/pusht_c2222.episodes100.json --goal-offset 100 --eval-budget 200 --num-eval 256 --score block --angles 20 5 --seed 49 --cem-seed 49
204	pusht	icem_router	100	49	logs/rbH_pusht_icem_router_t100_seed49.log	python -m surveyor.envs.pusht.eval --solver icem --subgoal router+surveyor --gdm-ckpt gdm_stride10.pt --gdm-steps 3 --accept-tau 0.20 --horizon 2 --receding-horizon 2 --source pretrained --h5 pusht_c2222.h5 --device cuda --mode long --episodes-file episodes/pusht_c2222.episodes100.json --goal-offset 100 --eval-budget 200 --num-eval 256 --score block --angles 20 5 --seed 49 --cem-seed 49
205	pusht	icem_blindk	100	49	logs/rbH_pusht_icem_blindk_t100_seed49.log	python -m surveyor.envs.pusht.eval --solver icem --subgoal surveyor --gdm-ckpt gdm_stride10.pt --gdm-steps 3 --accept-tau 999 --horizon 2 --receding-horizon 2 --source pretrained --h5 pusht_c2222.h5 --device cuda --mode long --episodes-file episodes/pusht_c2222.episodes100.json --goal-offset 100 --eval-budget 200 --num-eval 256 --score block --angles 20 5 --seed 49 --cem-seed 49
206	pusht	mppi_router	100	49	logs/rbH_pusht_mppi_router_t100_seed49.log	python -m surveyor.envs.pusht.eval --solver mppi --subgoal router+surveyor --gdm-ckpt gdm_stride10.pt --gdm-steps 3 --accept-tau 0.20 --horizon 2 --receding-horizon 2 --source pretrained --h5 pusht_c2222.h5 --device cuda --mode long --episodes-file episodes/pusht_c2222.episodes100.json --goal-offset 100 --eval-budget 200 --num-eval 256 --score block --angles 20 5 --seed 49 --cem-seed 49
207	pusht	mppi_blindk	100	49	logs/rbH_pusht_mppi_blindk_t100_seed49.log	python -m surveyor.envs.pusht.eval --solver mppi --subgoal surveyor --gdm-ckpt gdm_stride10.pt --gdm-steps 3 --accept-tau 999 --horizon 2 --receding-horizon 2 --source pretrained --h5 pusht_c2222.h5 --device cuda --mode long --episodes-file episodes/pusht_c2222.episodes100.json --goal-offset 100 --eval-budget 200 --num-eval 256 --score block --angles 20 5 --seed 49 --cem-seed 49
208	pusht	blindk	150	42	logs/rbH_pusht_blindk_t150_seed42.log	python -m surveyor.envs.pusht.eval --subgoal surveyor --gdm-ckpt gdm_stride10.pt --gdm-steps 3 --accept-tau 999 --horizon 2 --receding-horizon 2 --source pretrained --h5 pusht_c2222.h5 --device cuda --mode long --episodes-file episodes/pusht_c2222.episodes150.json --goal-offset 150 --eval-budget 300 --num-eval 256 --score block --angles 20 5 --seed 42 --cem-seed 42
209	pusht	icem_router	150	42	logs/rbH_pusht_icem_router_t150_seed42.log	python -m surveyor.envs.pusht.eval --solver icem --subgoal router+surveyor --gdm-ckpt gdm_stride10.pt --gdm-steps 3 --accept-tau 0.20 --horizon 2 --receding-horizon 2 --source pretrained --h5 pusht_c2222.h5 --device cuda --mode long --episodes-file episodes/pusht_c2222.episodes150.json --goal-offset 150 --eval-budget 300 --num-eval 256 --score block --angles 20 5 --seed 42 --cem-seed 42
210	pusht	icem_blindk	150	42	logs/rbH_pusht_icem_blindk_t150_seed42.log	python -m surveyor.envs.pusht.eval --solver icem --subgoal surveyor --gdm-ckpt gdm_stride10.pt --gdm-steps 3 --accept-tau 999 --horizon 2 --receding-horizon 2 --source pretrained --h5 pusht_c2222.h5 --device cuda --mode long --episodes-file episodes/pusht_c2222.episodes150.json --goal-offset 150 --eval-budget 300 --num-eval 256 --score block --angles 20 5 --seed 42 --cem-seed 42
211	pusht	mppi_router	150	42	logs/rbH_pusht_mppi_router_t150_seed42.log	python -m surveyor.envs.pusht.eval --solver mppi --subgoal router+surveyor --gdm-ckpt gdm_stride10.pt --gdm-steps 3 --accept-tau 0.20 --horizon 2 --receding-horizon 2 --source pretrained --h5 pusht_c2222.h5 --device cuda --mode long --episodes-file episodes/pusht_c2222.episodes150.json --goal-offset 150 --eval-budget 300 --num-eval 256 --score block --angles 20 5 --seed 42 --cem-seed 42
212	pusht	mppi_blindk	150	42	logs/rbH_pusht_mppi_blindk_t150_seed42.log	python -m surveyor.envs.pusht.eval --solver mppi --subgoal surveyor --gdm-ckpt gdm_stride10.pt --gdm-steps 3 --accept-tau 999 --horizon 2 --receding-horizon 2 --source pretrained --h5 pusht_c2222.h5 --device cuda --mode long --episodes-file episodes/pusht_c2222.episodes150.json --goal-offset 150 --eval-budget 300 --num-eval 256 --score block --angles 20 5 --seed 42 --cem-seed 42
213	pusht	blindk	150	43	logs/rbH_pusht_blindk_t150_seed43.log	python -m surveyor.envs.pusht.eval --subgoal surveyor --gdm-ckpt gdm_stride10.pt --gdm-steps 3 --accept-tau 999 --horizon 2 --receding-horizon 2 --source pretrained --h5 pusht_c2222.h5 --device cuda --mode long --episodes-file episodes/pusht_c2222.episodes150.json --goal-offset 150 --eval-budget 300 --num-eval 256 --score block --angles 20 5 --seed 43 --cem-seed 43
214	pusht	icem_router	150	43	logs/rbH_pusht_icem_router_t150_seed43.log	python -m surveyor.envs.pusht.eval --solver icem --subgoal router+surveyor --gdm-ckpt gdm_stride10.pt --gdm-steps 3 --accept-tau 0.20 --horizon 2 --receding-horizon 2 --source pretrained --h5 pusht_c2222.h5 --device cuda --mode long --episodes-file episodes/pusht_c2222.episodes150.json --goal-offset 150 --eval-budget 300 --num-eval 256 --score block --angles 20 5 --seed 43 --cem-seed 43
215	pusht	icem_blindk	150	43	logs/rbH_pusht_icem_blindk_t150_seed43.log	python -m surveyor.envs.pusht.eval --solver icem --subgoal surveyor --gdm-ckpt gdm_stride10.pt --gdm-steps 3 --accept-tau 999 --horizon 2 --receding-horizon 2 --source pretrained --h5 pusht_c2222.h5 --device cuda --mode long --episodes-file episodes/pusht_c2222.episodes150.json --goal-offset 150 --eval-budget 300 --num-eval 256 --score block --angles 20 5 --seed 43 --cem-seed 43
216	pusht	mppi_router	150	43	logs/rbH_pusht_mppi_router_t150_seed43.log	python -m surveyor.envs.pusht.eval --solver mppi --subgoal router+surveyor --gdm-ckpt gdm_stride10.pt --gdm-steps 3 --accept-tau 0.20 --horizon 2 --receding-horizon 2 --source pretrained --h5 pusht_c2222.h5 --device cuda --mode long --episodes-file episodes/pusht_c2222.episodes150.json --goal-offset 150 --eval-budget 300 --num-eval 256 --score block --angles 20 5 --seed 43 --cem-seed 43
217	pusht	mppi_blindk	150	43	logs/rbH_pusht_mppi_blindk_t150_seed43.log	python -m surveyor.envs.pusht.eval --solver mppi --subgoal surveyor --gdm-ckpt gdm_stride10.pt --gdm-steps 3 --accept-tau 999 --horizon 2 --receding-horizon 2 --source pretrained --h5 pusht_c2222.h5 --device cuda --mode long --episodes-file episodes/pusht_c2222.episodes150.json --goal-offset 150 --eval-budget 300 --num-eval 256 --score block --angles 20 5 --seed 43 --cem-seed 43
218	pusht	blindk	150	44	logs/rbH_pusht_blindk_t150_seed44.log	python -m surveyor.envs.pusht.eval --subgoal surveyor --gdm-ckpt gdm_stride10.pt --gdm-steps 3 --accept-tau 999 --horizon 2 --receding-horizon 2 --source pretrained --h5 pusht_c2222.h5 --device cuda --mode long --episodes-file episodes/pusht_c2222.episodes150.json --goal-offset 150 --eval-budget 300 --num-eval 256 --score block --angles 20 5 --seed 44 --cem-seed 44
219	pusht	icem_router	150	44	logs/rbH_pusht_icem_router_t150_seed44.log	python -m surveyor.envs.pusht.eval --solver icem --subgoal router+surveyor --gdm-ckpt gdm_stride10.pt --gdm-steps 3 --accept-tau 0.20 --horizon 2 --receding-horizon 2 --source pretrained --h5 pusht_c2222.h5 --device cuda --mode long --episodes-file episodes/pusht_c2222.episodes150.json --goal-offset 150 --eval-budget 300 --num-eval 256 --score block --angles 20 5 --seed 44 --cem-seed 44
220	pusht	icem_blindk	150	44	logs/rbH_pusht_icem_blindk_t150_seed44.log	python -m surveyor.envs.pusht.eval --solver icem --subgoal surveyor --gdm-ckpt gdm_stride10.pt --gdm-steps 3 --accept-tau 999 --horizon 2 --receding-horizon 2 --source pretrained --h5 pusht_c2222.h5 --device cuda --mode long --episodes-file episodes/pusht_c2222.episodes150.json --goal-offset 150 --eval-budget 300 --num-eval 256 --score block --angles 20 5 --seed 44 --cem-seed 44
221	pusht	mppi_router	150	44	logs/rbH_pusht_mppi_router_t150_seed44.log	python -m surveyor.envs.pusht.eval --solver mppi --subgoal router+surveyor --gdm-ckpt gdm_stride10.pt --gdm-steps 3 --accept-tau 0.20 --horizon 2 --receding-horizon 2 --source pretrained --h5 pusht_c2222.h5 --device cuda --mode long --episodes-file episodes/pusht_c2222.episodes150.json --goal-offset 150 --eval-budget 300 --num-eval 256 --score block --angles 20 5 --seed 44 --cem-seed 44
222	pusht	mppi_blindk	150	44	logs/rbH_pusht_mppi_blindk_t150_seed44.log	python -m surveyor.envs.pusht.eval --solver mppi --subgoal surveyor --gdm-ckpt gdm_stride10.pt --gdm-steps 3 --accept-tau 999 --horizon 2 --receding-horizon 2 --source pretrained --h5 pusht_c2222.h5 --device cuda --mode long --episodes-file episodes/pusht_c2222.episodes150.json --goal-offset 150 --eval-budget 300 --num-eval 256 --score block --angles 20 5 --seed 44 --cem-seed 44
223	pusht	blindk	150	45	logs/rbH_pusht_blindk_t150_seed45.log	python -m surveyor.envs.pusht.eval --subgoal surveyor --gdm-ckpt gdm_stride10.pt --gdm-steps 3 --accept-tau 999 --horizon 2 --receding-horizon 2 --source pretrained --h5 pusht_c2222.h5 --device cuda --mode long --episodes-file episodes/pusht_c2222.episodes150.json --goal-offset 150 --eval-budget 300 --num-eval 256 --score block --angles 20 5 --seed 45 --cem-seed 45
224	pusht	icem_router	150	45	logs/rbH_pusht_icem_router_t150_seed45.log	python -m surveyor.envs.pusht.eval --solver icem --subgoal router+surveyor --gdm-ckpt gdm_stride10.pt --gdm-steps 3 --accept-tau 0.20 --horizon 2 --receding-horizon 2 --source pretrained --h5 pusht_c2222.h5 --device cuda --mode long --episodes-file episodes/pusht_c2222.episodes150.json --goal-offset 150 --eval-budget 300 --num-eval 256 --score block --angles 20 5 --seed 45 --cem-seed 45
225	pusht	icem_blindk	150	45	logs/rbH_pusht_icem_blindk_t150_seed45.log	python -m surveyor.envs.pusht.eval --solver icem --subgoal surveyor --gdm-ckpt gdm_stride10.pt --gdm-steps 3 --accept-tau 999 --horizon 2 --receding-horizon 2 --source pretrained --h5 pusht_c2222.h5 --device cuda --mode long --episodes-file episodes/pusht_c2222.episodes150.json --goal-offset 150 --eval-budget 300 --num-eval 256 --score block --angles 20 5 --seed 45 --cem-seed 45
226	pusht	mppi_router	150	45	logs/rbH_pusht_mppi_router_t150_seed45.log	python -m surveyor.envs.pusht.eval --solver mppi --subgoal router+surveyor --gdm-ckpt gdm_stride10.pt --gdm-steps 3 --accept-tau 0.20 --horizon 2 --receding-horizon 2 --source pretrained --h5 pusht_c2222.h5 --device cuda --mode long --episodes-file episodes/pusht_c2222.episodes150.json --goal-offset 150 --eval-budget 300 --num-eval 256 --score block --angles 20 5 --seed 45 --cem-seed 45
227	pusht	mppi_blindk	150	45	logs/rbH_pusht_mppi_blindk_t150_seed45.log	python -m surveyor.envs.pusht.eval --solver mppi --subgoal surveyor --gdm-ckpt gdm_stride10.pt --gdm-steps 3 --accept-tau 999 --horizon 2 --receding-horizon 2 --source pretrained --h5 pusht_c2222.h5 --device cuda --mode long --episodes-file episodes/pusht_c2222.episodes150.json --goal-offset 150 --eval-budget 300 --num-eval 256 --score block --angles 20 5 --seed 45 --cem-seed 45
228	pusht	blindk	150	46	logs/rbH_pusht_blindk_t150_seed46.log	python -m surveyor.envs.pusht.eval --subgoal surveyor --gdm-ckpt gdm_stride10.pt --gdm-steps 3 --accept-tau 999 --horizon 2 --receding-horizon 2 --source pretrained --h5 pusht_c2222.h5 --device cuda --mode long --episodes-file episodes/pusht_c2222.episodes150.json --goal-offset 150 --eval-budget 300 --num-eval 256 --score block --angles 20 5 --seed 46 --cem-seed 46
229	pusht	icem_router	150	46	logs/rbH_pusht_icem_router_t150_seed46.log	python -m surveyor.envs.pusht.eval --solver icem --subgoal router+surveyor --gdm-ckpt gdm_stride10.pt --gdm-steps 3 --accept-tau 0.20 --horizon 2 --receding-horizon 2 --source pretrained --h5 pusht_c2222.h5 --device cuda --mode long --episodes-file episodes/pusht_c2222.episodes150.json --goal-offset 150 --eval-budget 300 --num-eval 256 --score block --angles 20 5 --seed 46 --cem-seed 46
230	pusht	icem_blindk	150	46	logs/rbH_pusht_icem_blindk_t150_seed46.log	python -m surveyor.envs.pusht.eval --solver icem --subgoal surveyor --gdm-ckpt gdm_stride10.pt --gdm-steps 3 --accept-tau 999 --horizon 2 --receding-horizon 2 --source pretrained --h5 pusht_c2222.h5 --device cuda --mode long --episodes-file episodes/pusht_c2222.episodes150.json --goal-offset 150 --eval-budget 300 --num-eval 256 --score block --angles 20 5 --seed 46 --cem-seed 46
231	pusht	mppi_router	150	46	logs/rbH_pusht_mppi_router_t150_seed46.log	python -m surveyor.envs.pusht.eval --solver mppi --subgoal router+surveyor --gdm-ckpt gdm_stride10.pt --gdm-steps 3 --accept-tau 0.20 --horizon 2 --receding-horizon 2 --source pretrained --h5 pusht_c2222.h5 --device cuda --mode long --episodes-file episodes/pusht_c2222.episodes150.json --goal-offset 150 --eval-budget 300 --num-eval 256 --score block --angles 20 5 --seed 46 --cem-seed 46
232	pusht	mppi_blindk	150	46	logs/rbH_pusht_mppi_blindk_t150_seed46.log	python -m surveyor.envs.pusht.eval --solver mppi --subgoal surveyor --gdm-ckpt gdm_stride10.pt --gdm-steps 3 --accept-tau 999 --horizon 2 --receding-horizon 2 --source pretrained --h5 pusht_c2222.h5 --device cuda --mode long --episodes-file episodes/pusht_c2222.episodes150.json --goal-offset 150 --eval-budget 300 --num-eval 256 --score block --angles 20 5 --seed 46 --cem-seed 46
233	pusht	blindk	150	47	logs/rbH_pusht_blindk_t150_seed47.log	python -m surveyor.envs.pusht.eval --subgoal surveyor --gdm-ckpt gdm_stride10.pt --gdm-steps 3 --accept-tau 999 --horizon 2 --receding-horizon 2 --source pretrained --h5 pusht_c2222.h5 --device cuda --mode long --episodes-file episodes/pusht_c2222.episodes150.json --goal-offset 150 --eval-budget 300 --num-eval 256 --score block --angles 20 5 --seed 47 --cem-seed 47
234	pusht	icem_router	150	47	logs/rbH_pusht_icem_router_t150_seed47.log	python -m surveyor.envs.pusht.eval --solver icem --subgoal router+surveyor --gdm-ckpt gdm_stride10.pt --gdm-steps 3 --accept-tau 0.20 --horizon 2 --receding-horizon 2 --source pretrained --h5 pusht_c2222.h5 --device cuda --mode long --episodes-file episodes/pusht_c2222.episodes150.json --goal-offset 150 --eval-budget 300 --num-eval 256 --score block --angles 20 5 --seed 47 --cem-seed 47
235	pusht	icem_blindk	150	47	logs/rbH_pusht_icem_blindk_t150_seed47.log	python -m surveyor.envs.pusht.eval --solver icem --subgoal surveyor --gdm-ckpt gdm_stride10.pt --gdm-steps 3 --accept-tau 999 --horizon 2 --receding-horizon 2 --source pretrained --h5 pusht_c2222.h5 --device cuda --mode long --episodes-file episodes/pusht_c2222.episodes150.json --goal-offset 150 --eval-budget 300 --num-eval 256 --score block --angles 20 5 --seed 47 --cem-seed 47
236	pusht	mppi_router	150	47	logs/rbH_pusht_mppi_router_t150_seed47.log	python -m surveyor.envs.pusht.eval --solver mppi --subgoal router+surveyor --gdm-ckpt gdm_stride10.pt --gdm-steps 3 --accept-tau 0.20 --horizon 2 --receding-horizon 2 --source pretrained --h5 pusht_c2222.h5 --device cuda --mode long --episodes-file episodes/pusht_c2222.episodes150.json --goal-offset 150 --eval-budget 300 --num-eval 256 --score block --angles 20 5 --seed 47 --cem-seed 47
237	pusht	mppi_blindk	150	47	logs/rbH_pusht_mppi_blindk_t150_seed47.log	python -m surveyor.envs.pusht.eval --solver mppi --subgoal surveyor --gdm-ckpt gdm_stride10.pt --gdm-steps 3 --accept-tau 999 --horizon 2 --receding-horizon 2 --source pretrained --h5 pusht_c2222.h5 --device cuda --mode long --episodes-file episodes/pusht_c2222.episodes150.json --goal-offset 150 --eval-budget 300 --num-eval 256 --score block --angles 20 5 --seed 47 --cem-seed 47
238	pusht	blindk	150	48	logs/rbH_pusht_blindk_t150_seed48.log	python -m surveyor.envs.pusht.eval --subgoal surveyor --gdm-ckpt gdm_stride10.pt --gdm-steps 3 --accept-tau 999 --horizon 2 --receding-horizon 2 --source pretrained --h5 pusht_c2222.h5 --device cuda --mode long --episodes-file episodes/pusht_c2222.episodes150.json --goal-offset 150 --eval-budget 300 --num-eval 256 --score block --angles 20 5 --seed 48 --cem-seed 48
239	pusht	icem_router	150	48	logs/rbH_pusht_icem_router_t150_seed48.log	python -m surveyor.envs.pusht.eval --solver icem --subgoal router+surveyor --gdm-ckpt gdm_stride10.pt --gdm-steps 3 --accept-tau 0.20 --horizon 2 --receding-horizon 2 --source pretrained --h5 pusht_c2222.h5 --device cuda --mode long --episodes-file episodes/pusht_c2222.episodes150.json --goal-offset 150 --eval-budget 300 --num-eval 256 --score block --angles 20 5 --seed 48 --cem-seed 48
240	pusht	icem_blindk	150	48	logs/rbH_pusht_icem_blindk_t150_seed48.log	python -m surveyor.envs.pusht.eval --solver icem --subgoal surveyor --gdm-ckpt gdm_stride10.pt --gdm-steps 3 --accept-tau 999 --horizon 2 --receding-horizon 2 --source pretrained --h5 pusht_c2222.h5 --device cuda --mode long --episodes-file episodes/pusht_c2222.episodes150.json --goal-offset 150 --eval-budget 300 --num-eval 256 --score block --angles 20 5 --seed 48 --cem-seed 48
241	pusht	mppi_router	150	48	logs/rbH_pusht_mppi_router_t150_seed48.log	python -m surveyor.envs.pusht.eval --solver mppi --subgoal router+surveyor --gdm-ckpt gdm_stride10.pt --gdm-steps 3 --accept-tau 0.20 --horizon 2 --receding-horizon 2 --source pretrained --h5 pusht_c2222.h5 --device cuda --mode long --episodes-file episodes/pusht_c2222.episodes150.json --goal-offset 150 --eval-budget 300 --num-eval 256 --score block --angles 20 5 --seed 48 --cem-seed 48
242	pusht	mppi_blindk	150	48	logs/rbH_pusht_mppi_blindk_t150_seed48.log	python -m surveyor.envs.pusht.eval --solver mppi --subgoal surveyor --gdm-ckpt gdm_stride10.pt --gdm-steps 3 --accept-tau 999 --horizon 2 --receding-horizon 2 --source pretrained --h5 pusht_c2222.h5 --device cuda --mode long --episodes-file episodes/pusht_c2222.episodes150.json --goal-offset 150 --eval-budget 300 --num-eval 256 --score block --angles 20 5 --seed 48 --cem-seed 48
243	pusht	blindk	150	49	logs/rbH_pusht_blindk_t150_seed49.log	python -m surveyor.envs.pusht.eval --subgoal surveyor --gdm-ckpt gdm_stride10.pt --gdm-steps 3 --accept-tau 999 --horizon 2 --receding-horizon 2 --source pretrained --h5 pusht_c2222.h5 --device cuda --mode long --episodes-file episodes/pusht_c2222.episodes150.json --goal-offset 150 --eval-budget 300 --num-eval 256 --score block --angles 20 5 --seed 49 --cem-seed 49
244	pusht	icem_router	150	49	logs/rbH_pusht_icem_router_t150_seed49.log	python -m surveyor.envs.pusht.eval --solver icem --subgoal router+surveyor --gdm-ckpt gdm_stride10.pt --gdm-steps 3 --accept-tau 0.20 --horizon 2 --receding-horizon 2 --source pretrained --h5 pusht_c2222.h5 --device cuda --mode long --episodes-file episodes/pusht_c2222.episodes150.json --goal-offset 150 --eval-budget 300 --num-eval 256 --score block --angles 20 5 --seed 49 --cem-seed 49
245	pusht	icem_blindk	150	49	logs/rbH_pusht_icem_blindk_t150_seed49.log	python -m surveyor.envs.pusht.eval --solver icem --subgoal surveyor --gdm-ckpt gdm_stride10.pt --gdm-steps 3 --accept-tau 999 --horizon 2 --receding-horizon 2 --source pretrained --h5 pusht_c2222.h5 --device cuda --mode long --episodes-file episodes/pusht_c2222.episodes150.json --goal-offset 150 --eval-budget 300 --num-eval 256 --score block --angles 20 5 --seed 49 --cem-seed 49
246	pusht	mppi_router	150	49	logs/rbH_pusht_mppi_router_t150_seed49.log	python -m surveyor.envs.pusht.eval --solver mppi --subgoal router+surveyor --gdm-ckpt gdm_stride10.pt --gdm-steps 3 --accept-tau 0.20 --horizon 2 --receding-horizon 2 --source pretrained --h5 pusht_c2222.h5 --device cuda --mode long --episodes-file episodes/pusht_c2222.episodes150.json --goal-offset 150 --eval-budget 300 --num-eval 256 --score block --angles 20 5 --seed 49 --cem-seed 49
247	pusht	mppi_blindk	150	49	logs/rbH_pusht_mppi_blindk_t150_seed49.log	python -m surveyor.envs.pusht.eval --solver mppi --subgoal surveyor --gdm-ckpt gdm_stride10.pt --gdm-steps 3 --accept-tau 999 --horizon 2 --receding-horizon 2 --source pretrained --h5 pusht_c2222.h5 --device cuda --mode long --episodes-file episodes/pusht_c2222.episodes150.json --goal-offset 150 --eval-budget 300 --num-eval 256 --score block --angles 20 5 --seed 49 --cem-seed 49
248	reacher	ffjepa_s10k8	25	42	logs/rbH_reacher_ffjepa_s10k8_t25_seed42.log	python -m surveyor.envs.reacher.eval --subgoal ffjepa --gdm-ckpt gdm_reacher_s10.pt --gdm-steps 8 --horizon 2 --receding-horizon 2 --source local --local-dir encoder_reacher --h5 "$REACHER_H5" --device cuda --num-eval 128 --seed 42 --cem-seed 42 --episodes-file episodes/reacher_c2222.ep100.s2222.json --goal-offset 25 --eval-budget 50
249	reacher	blind2	25	42	logs/rbH_reacher_blind2_t25_seed42.log	python -m surveyor.envs.reacher.eval --subgoal dspark --no-refine --commit fixed --commit-k 2 --gdm-ckpt gdm_reacher_s10.pt --gdm-steps 8 --horizon 2 --receding-horizon 2 --source local --local-dir encoder_reacher --h5 "$REACHER_H5" --device cuda --num-eval 128 --seed 42 --cem-seed 42 --episodes-file episodes/reacher_c2222.ep100.s2222.json --goal-offset 25 --eval-budget 50
250	reacher	blindk	25	42	logs/rbH_reacher_blindk_t25_seed42.log	python -m surveyor.envs.reacher.eval --subgoal surveyor --gdm-ckpt gdm_reacher_s10.pt --gdm-steps 8 --accept-tau 999 --horizon 2 --receding-horizon 2 --source local --local-dir encoder_reacher --h5 "$REACHER_H5" --device cuda --num-eval 128 --seed 42 --cem-seed 42 --episodes-file episodes/reacher_c2222.ep100.s2222.json --goal-offset 25 --eval-budget 50
251	reacher	icem_router	25	42	logs/rbH_reacher_icem_router_t25_seed42.log	python -m surveyor.envs.reacher.eval --solver icem --subgoal router+surveyor --gdm-ckpt gdm_reacher_s10.pt --gdm-steps 8 --accept-tau 0.20 --horizon 2 --receding-horizon 2 --source local --local-dir encoder_reacher --h5 "$REACHER_H5" --device cuda --num-eval 128 --seed 42 --cem-seed 42 --episodes-file episodes/reacher_c2222.ep100.s2222.json --goal-offset 25 --eval-budget 50
252	reacher	icem_blind2	25	42	logs/rbH_reacher_icem_blind2_t25_seed42.log	python -m surveyor.envs.reacher.eval --solver icem --subgoal dspark --no-refine --commit fixed --commit-k 2 --gdm-ckpt gdm_reacher_s10.pt --gdm-steps 8 --horizon 2 --receding-horizon 2 --source local --local-dir encoder_reacher --h5 "$REACHER_H5" --device cuda --num-eval 128 --seed 42 --cem-seed 42 --episodes-file episodes/reacher_c2222.ep100.s2222.json --goal-offset 25 --eval-budget 50
253	reacher	icem_blindk	25	42	logs/rbH_reacher_icem_blindk_t25_seed42.log	python -m surveyor.envs.reacher.eval --solver icem --subgoal surveyor --gdm-ckpt gdm_reacher_s10.pt --gdm-steps 8 --accept-tau 999 --horizon 2 --receding-horizon 2 --source local --local-dir encoder_reacher --h5 "$REACHER_H5" --device cuda --num-eval 128 --seed 42 --cem-seed 42 --episodes-file episodes/reacher_c2222.ep100.s2222.json --goal-offset 25 --eval-budget 50
254	reacher	mppi_router	25	42	logs/rbH_reacher_mppi_router_t25_seed42.log	python -m surveyor.envs.reacher.eval --solver mppi --subgoal router+surveyor --gdm-ckpt gdm_reacher_s10.pt --gdm-steps 8 --accept-tau 0.20 --horizon 2 --receding-horizon 2 --source local --local-dir encoder_reacher --h5 "$REACHER_H5" --device cuda --num-eval 128 --seed 42 --cem-seed 42 --episodes-file episodes/reacher_c2222.ep100.s2222.json --goal-offset 25 --eval-budget 50
255	reacher	mppi_blind2	25	42	logs/rbH_reacher_mppi_blind2_t25_seed42.log	python -m surveyor.envs.reacher.eval --solver mppi --subgoal dspark --no-refine --commit fixed --commit-k 2 --gdm-ckpt gdm_reacher_s10.pt --gdm-steps 8 --horizon 2 --receding-horizon 2 --source local --local-dir encoder_reacher --h5 "$REACHER_H5" --device cuda --num-eval 128 --seed 42 --cem-seed 42 --episodes-file episodes/reacher_c2222.ep100.s2222.json --goal-offset 25 --eval-budget 50
256	reacher	mppi_blindk	25	42	logs/rbH_reacher_mppi_blindk_t25_seed42.log	python -m surveyor.envs.reacher.eval --solver mppi --subgoal surveyor --gdm-ckpt gdm_reacher_s10.pt --gdm-steps 8 --accept-tau 999 --horizon 2 --receding-horizon 2 --source local --local-dir encoder_reacher --h5 "$REACHER_H5" --device cuda --num-eval 128 --seed 42 --cem-seed 42 --episodes-file episodes/reacher_c2222.ep100.s2222.json --goal-offset 25 --eval-budget 50
257	reacher	ffjepa_s10k8	25	43	logs/rbH_reacher_ffjepa_s10k8_t25_seed43.log	python -m surveyor.envs.reacher.eval --subgoal ffjepa --gdm-ckpt gdm_reacher_s10.pt --gdm-steps 8 --horizon 2 --receding-horizon 2 --source local --local-dir encoder_reacher --h5 "$REACHER_H5" --device cuda --num-eval 128 --seed 43 --cem-seed 43 --episodes-file episodes/reacher_c2222.ep100.s2222.json --goal-offset 25 --eval-budget 50
258	reacher	blind2	25	43	logs/rbH_reacher_blind2_t25_seed43.log	python -m surveyor.envs.reacher.eval --subgoal dspark --no-refine --commit fixed --commit-k 2 --gdm-ckpt gdm_reacher_s10.pt --gdm-steps 8 --horizon 2 --receding-horizon 2 --source local --local-dir encoder_reacher --h5 "$REACHER_H5" --device cuda --num-eval 128 --seed 43 --cem-seed 43 --episodes-file episodes/reacher_c2222.ep100.s2222.json --goal-offset 25 --eval-budget 50
259	reacher	blindk	25	43	logs/rbH_reacher_blindk_t25_seed43.log	python -m surveyor.envs.reacher.eval --subgoal surveyor --gdm-ckpt gdm_reacher_s10.pt --gdm-steps 8 --accept-tau 999 --horizon 2 --receding-horizon 2 --source local --local-dir encoder_reacher --h5 "$REACHER_H5" --device cuda --num-eval 128 --seed 43 --cem-seed 43 --episodes-file episodes/reacher_c2222.ep100.s2222.json --goal-offset 25 --eval-budget 50
260	reacher	icem_router	25	43	logs/rbH_reacher_icem_router_t25_seed43.log	python -m surveyor.envs.reacher.eval --solver icem --subgoal router+surveyor --gdm-ckpt gdm_reacher_s10.pt --gdm-steps 8 --accept-tau 0.20 --horizon 2 --receding-horizon 2 --source local --local-dir encoder_reacher --h5 "$REACHER_H5" --device cuda --num-eval 128 --seed 43 --cem-seed 43 --episodes-file episodes/reacher_c2222.ep100.s2222.json --goal-offset 25 --eval-budget 50
261	reacher	icem_blind2	25	43	logs/rbH_reacher_icem_blind2_t25_seed43.log	python -m surveyor.envs.reacher.eval --solver icem --subgoal dspark --no-refine --commit fixed --commit-k 2 --gdm-ckpt gdm_reacher_s10.pt --gdm-steps 8 --horizon 2 --receding-horizon 2 --source local --local-dir encoder_reacher --h5 "$REACHER_H5" --device cuda --num-eval 128 --seed 43 --cem-seed 43 --episodes-file episodes/reacher_c2222.ep100.s2222.json --goal-offset 25 --eval-budget 50
262	reacher	icem_blindk	25	43	logs/rbH_reacher_icem_blindk_t25_seed43.log	python -m surveyor.envs.reacher.eval --solver icem --subgoal surveyor --gdm-ckpt gdm_reacher_s10.pt --gdm-steps 8 --accept-tau 999 --horizon 2 --receding-horizon 2 --source local --local-dir encoder_reacher --h5 "$REACHER_H5" --device cuda --num-eval 128 --seed 43 --cem-seed 43 --episodes-file episodes/reacher_c2222.ep100.s2222.json --goal-offset 25 --eval-budget 50
263	reacher	mppi_router	25	43	logs/rbH_reacher_mppi_router_t25_seed43.log	python -m surveyor.envs.reacher.eval --solver mppi --subgoal router+surveyor --gdm-ckpt gdm_reacher_s10.pt --gdm-steps 8 --accept-tau 0.20 --horizon 2 --receding-horizon 2 --source local --local-dir encoder_reacher --h5 "$REACHER_H5" --device cuda --num-eval 128 --seed 43 --cem-seed 43 --episodes-file episodes/reacher_c2222.ep100.s2222.json --goal-offset 25 --eval-budget 50
264	reacher	mppi_blind2	25	43	logs/rbH_reacher_mppi_blind2_t25_seed43.log	python -m surveyor.envs.reacher.eval --solver mppi --subgoal dspark --no-refine --commit fixed --commit-k 2 --gdm-ckpt gdm_reacher_s10.pt --gdm-steps 8 --horizon 2 --receding-horizon 2 --source local --local-dir encoder_reacher --h5 "$REACHER_H5" --device cuda --num-eval 128 --seed 43 --cem-seed 43 --episodes-file episodes/reacher_c2222.ep100.s2222.json --goal-offset 25 --eval-budget 50
265	reacher	mppi_blindk	25	43	logs/rbH_reacher_mppi_blindk_t25_seed43.log	python -m surveyor.envs.reacher.eval --solver mppi --subgoal surveyor --gdm-ckpt gdm_reacher_s10.pt --gdm-steps 8 --accept-tau 999 --horizon 2 --receding-horizon 2 --source local --local-dir encoder_reacher --h5 "$REACHER_H5" --device cuda --num-eval 128 --seed 43 --cem-seed 43 --episodes-file episodes/reacher_c2222.ep100.s2222.json --goal-offset 25 --eval-budget 50
266	reacher	ffjepa_s10k8	25	44	logs/rbH_reacher_ffjepa_s10k8_t25_seed44.log	python -m surveyor.envs.reacher.eval --subgoal ffjepa --gdm-ckpt gdm_reacher_s10.pt --gdm-steps 8 --horizon 2 --receding-horizon 2 --source local --local-dir encoder_reacher --h5 "$REACHER_H5" --device cuda --num-eval 128 --seed 44 --cem-seed 44 --episodes-file episodes/reacher_c2222.ep100.s2222.json --goal-offset 25 --eval-budget 50
267	reacher	blind2	25	44	logs/rbH_reacher_blind2_t25_seed44.log	python -m surveyor.envs.reacher.eval --subgoal dspark --no-refine --commit fixed --commit-k 2 --gdm-ckpt gdm_reacher_s10.pt --gdm-steps 8 --horizon 2 --receding-horizon 2 --source local --local-dir encoder_reacher --h5 "$REACHER_H5" --device cuda --num-eval 128 --seed 44 --cem-seed 44 --episodes-file episodes/reacher_c2222.ep100.s2222.json --goal-offset 25 --eval-budget 50
268	reacher	blindk	25	44	logs/rbH_reacher_blindk_t25_seed44.log	python -m surveyor.envs.reacher.eval --subgoal surveyor --gdm-ckpt gdm_reacher_s10.pt --gdm-steps 8 --accept-tau 999 --horizon 2 --receding-horizon 2 --source local --local-dir encoder_reacher --h5 "$REACHER_H5" --device cuda --num-eval 128 --seed 44 --cem-seed 44 --episodes-file episodes/reacher_c2222.ep100.s2222.json --goal-offset 25 --eval-budget 50
269	reacher	icem_router	25	44	logs/rbH_reacher_icem_router_t25_seed44.log	python -m surveyor.envs.reacher.eval --solver icem --subgoal router+surveyor --gdm-ckpt gdm_reacher_s10.pt --gdm-steps 8 --accept-tau 0.20 --horizon 2 --receding-horizon 2 --source local --local-dir encoder_reacher --h5 "$REACHER_H5" --device cuda --num-eval 128 --seed 44 --cem-seed 44 --episodes-file episodes/reacher_c2222.ep100.s2222.json --goal-offset 25 --eval-budget 50
270	reacher	icem_blind2	25	44	logs/rbH_reacher_icem_blind2_t25_seed44.log	python -m surveyor.envs.reacher.eval --solver icem --subgoal dspark --no-refine --commit fixed --commit-k 2 --gdm-ckpt gdm_reacher_s10.pt --gdm-steps 8 --horizon 2 --receding-horizon 2 --source local --local-dir encoder_reacher --h5 "$REACHER_H5" --device cuda --num-eval 128 --seed 44 --cem-seed 44 --episodes-file episodes/reacher_c2222.ep100.s2222.json --goal-offset 25 --eval-budget 50
271	reacher	icem_blindk	25	44	logs/rbH_reacher_icem_blindk_t25_seed44.log	python -m surveyor.envs.reacher.eval --solver icem --subgoal surveyor --gdm-ckpt gdm_reacher_s10.pt --gdm-steps 8 --accept-tau 999 --horizon 2 --receding-horizon 2 --source local --local-dir encoder_reacher --h5 "$REACHER_H5" --device cuda --num-eval 128 --seed 44 --cem-seed 44 --episodes-file episodes/reacher_c2222.ep100.s2222.json --goal-offset 25 --eval-budget 50
272	reacher	mppi_router	25	44	logs/rbH_reacher_mppi_router_t25_seed44.log	python -m surveyor.envs.reacher.eval --solver mppi --subgoal router+surveyor --gdm-ckpt gdm_reacher_s10.pt --gdm-steps 8 --accept-tau 0.20 --horizon 2 --receding-horizon 2 --source local --local-dir encoder_reacher --h5 "$REACHER_H5" --device cuda --num-eval 128 --seed 44 --cem-seed 44 --episodes-file episodes/reacher_c2222.ep100.s2222.json --goal-offset 25 --eval-budget 50
273	reacher	mppi_blind2	25	44	logs/rbH_reacher_mppi_blind2_t25_seed44.log	python -m surveyor.envs.reacher.eval --solver mppi --subgoal dspark --no-refine --commit fixed --commit-k 2 --gdm-ckpt gdm_reacher_s10.pt --gdm-steps 8 --horizon 2 --receding-horizon 2 --source local --local-dir encoder_reacher --h5 "$REACHER_H5" --device cuda --num-eval 128 --seed 44 --cem-seed 44 --episodes-file episodes/reacher_c2222.ep100.s2222.json --goal-offset 25 --eval-budget 50
274	reacher	mppi_blindk	25	44	logs/rbH_reacher_mppi_blindk_t25_seed44.log	python -m surveyor.envs.reacher.eval --solver mppi --subgoal surveyor --gdm-ckpt gdm_reacher_s10.pt --gdm-steps 8 --accept-tau 999 --horizon 2 --receding-horizon 2 --source local --local-dir encoder_reacher --h5 "$REACHER_H5" --device cuda --num-eval 128 --seed 44 --cem-seed 44 --episodes-file episodes/reacher_c2222.ep100.s2222.json --goal-offset 25 --eval-budget 50
275	reacher	ffjepa_s10k8	25	45	logs/rbH_reacher_ffjepa_s10k8_t25_seed45.log	python -m surveyor.envs.reacher.eval --subgoal ffjepa --gdm-ckpt gdm_reacher_s10.pt --gdm-steps 8 --horizon 2 --receding-horizon 2 --source local --local-dir encoder_reacher --h5 "$REACHER_H5" --device cuda --num-eval 128 --seed 45 --cem-seed 45 --episodes-file episodes/reacher_c2222.ep100.s2222.json --goal-offset 25 --eval-budget 50
276	reacher	blind2	25	45	logs/rbH_reacher_blind2_t25_seed45.log	python -m surveyor.envs.reacher.eval --subgoal dspark --no-refine --commit fixed --commit-k 2 --gdm-ckpt gdm_reacher_s10.pt --gdm-steps 8 --horizon 2 --receding-horizon 2 --source local --local-dir encoder_reacher --h5 "$REACHER_H5" --device cuda --num-eval 128 --seed 45 --cem-seed 45 --episodes-file episodes/reacher_c2222.ep100.s2222.json --goal-offset 25 --eval-budget 50
277	reacher	blindk	25	45	logs/rbH_reacher_blindk_t25_seed45.log	python -m surveyor.envs.reacher.eval --subgoal surveyor --gdm-ckpt gdm_reacher_s10.pt --gdm-steps 8 --accept-tau 999 --horizon 2 --receding-horizon 2 --source local --local-dir encoder_reacher --h5 "$REACHER_H5" --device cuda --num-eval 128 --seed 45 --cem-seed 45 --episodes-file episodes/reacher_c2222.ep100.s2222.json --goal-offset 25 --eval-budget 50
278	reacher	icem_router	25	45	logs/rbH_reacher_icem_router_t25_seed45.log	python -m surveyor.envs.reacher.eval --solver icem --subgoal router+surveyor --gdm-ckpt gdm_reacher_s10.pt --gdm-steps 8 --accept-tau 0.20 --horizon 2 --receding-horizon 2 --source local --local-dir encoder_reacher --h5 "$REACHER_H5" --device cuda --num-eval 128 --seed 45 --cem-seed 45 --episodes-file episodes/reacher_c2222.ep100.s2222.json --goal-offset 25 --eval-budget 50
279	reacher	icem_blind2	25	45	logs/rbH_reacher_icem_blind2_t25_seed45.log	python -m surveyor.envs.reacher.eval --solver icem --subgoal dspark --no-refine --commit fixed --commit-k 2 --gdm-ckpt gdm_reacher_s10.pt --gdm-steps 8 --horizon 2 --receding-horizon 2 --source local --local-dir encoder_reacher --h5 "$REACHER_H5" --device cuda --num-eval 128 --seed 45 --cem-seed 45 --episodes-file episodes/reacher_c2222.ep100.s2222.json --goal-offset 25 --eval-budget 50
280	reacher	icem_blindk	25	45	logs/rbH_reacher_icem_blindk_t25_seed45.log	python -m surveyor.envs.reacher.eval --solver icem --subgoal surveyor --gdm-ckpt gdm_reacher_s10.pt --gdm-steps 8 --accept-tau 999 --horizon 2 --receding-horizon 2 --source local --local-dir encoder_reacher --h5 "$REACHER_H5" --device cuda --num-eval 128 --seed 45 --cem-seed 45 --episodes-file episodes/reacher_c2222.ep100.s2222.json --goal-offset 25 --eval-budget 50
281	reacher	mppi_router	25	45	logs/rbH_reacher_mppi_router_t25_seed45.log	python -m surveyor.envs.reacher.eval --solver mppi --subgoal router+surveyor --gdm-ckpt gdm_reacher_s10.pt --gdm-steps 8 --accept-tau 0.20 --horizon 2 --receding-horizon 2 --source local --local-dir encoder_reacher --h5 "$REACHER_H5" --device cuda --num-eval 128 --seed 45 --cem-seed 45 --episodes-file episodes/reacher_c2222.ep100.s2222.json --goal-offset 25 --eval-budget 50
282	reacher	mppi_blind2	25	45	logs/rbH_reacher_mppi_blind2_t25_seed45.log	python -m surveyor.envs.reacher.eval --solver mppi --subgoal dspark --no-refine --commit fixed --commit-k 2 --gdm-ckpt gdm_reacher_s10.pt --gdm-steps 8 --horizon 2 --receding-horizon 2 --source local --local-dir encoder_reacher --h5 "$REACHER_H5" --device cuda --num-eval 128 --seed 45 --cem-seed 45 --episodes-file episodes/reacher_c2222.ep100.s2222.json --goal-offset 25 --eval-budget 50
283	reacher	mppi_blindk	25	45	logs/rbH_reacher_mppi_blindk_t25_seed45.log	python -m surveyor.envs.reacher.eval --solver mppi --subgoal surveyor --gdm-ckpt gdm_reacher_s10.pt --gdm-steps 8 --accept-tau 999 --horizon 2 --receding-horizon 2 --source local --local-dir encoder_reacher --h5 "$REACHER_H5" --device cuda --num-eval 128 --seed 45 --cem-seed 45 --episodes-file episodes/reacher_c2222.ep100.s2222.json --goal-offset 25 --eval-budget 50
284	reacher	ffjepa_s10k8	25	46	logs/rbH_reacher_ffjepa_s10k8_t25_seed46.log	python -m surveyor.envs.reacher.eval --subgoal ffjepa --gdm-ckpt gdm_reacher_s10.pt --gdm-steps 8 --horizon 2 --receding-horizon 2 --source local --local-dir encoder_reacher --h5 "$REACHER_H5" --device cuda --num-eval 128 --seed 46 --cem-seed 46 --episodes-file episodes/reacher_c2222.ep100.s2222.json --goal-offset 25 --eval-budget 50
285	reacher	blind2	25	46	logs/rbH_reacher_blind2_t25_seed46.log	python -m surveyor.envs.reacher.eval --subgoal dspark --no-refine --commit fixed --commit-k 2 --gdm-ckpt gdm_reacher_s10.pt --gdm-steps 8 --horizon 2 --receding-horizon 2 --source local --local-dir encoder_reacher --h5 "$REACHER_H5" --device cuda --num-eval 128 --seed 46 --cem-seed 46 --episodes-file episodes/reacher_c2222.ep100.s2222.json --goal-offset 25 --eval-budget 50
286	reacher	blindk	25	46	logs/rbH_reacher_blindk_t25_seed46.log	python -m surveyor.envs.reacher.eval --subgoal surveyor --gdm-ckpt gdm_reacher_s10.pt --gdm-steps 8 --accept-tau 999 --horizon 2 --receding-horizon 2 --source local --local-dir encoder_reacher --h5 "$REACHER_H5" --device cuda --num-eval 128 --seed 46 --cem-seed 46 --episodes-file episodes/reacher_c2222.ep100.s2222.json --goal-offset 25 --eval-budget 50
287	reacher	icem_router	25	46	logs/rbH_reacher_icem_router_t25_seed46.log	python -m surveyor.envs.reacher.eval --solver icem --subgoal router+surveyor --gdm-ckpt gdm_reacher_s10.pt --gdm-steps 8 --accept-tau 0.20 --horizon 2 --receding-horizon 2 --source local --local-dir encoder_reacher --h5 "$REACHER_H5" --device cuda --num-eval 128 --seed 46 --cem-seed 46 --episodes-file episodes/reacher_c2222.ep100.s2222.json --goal-offset 25 --eval-budget 50
288	reacher	icem_blind2	25	46	logs/rbH_reacher_icem_blind2_t25_seed46.log	python -m surveyor.envs.reacher.eval --solver icem --subgoal dspark --no-refine --commit fixed --commit-k 2 --gdm-ckpt gdm_reacher_s10.pt --gdm-steps 8 --horizon 2 --receding-horizon 2 --source local --local-dir encoder_reacher --h5 "$REACHER_H5" --device cuda --num-eval 128 --seed 46 --cem-seed 46 --episodes-file episodes/reacher_c2222.ep100.s2222.json --goal-offset 25 --eval-budget 50
289	reacher	icem_blindk	25	46	logs/rbH_reacher_icem_blindk_t25_seed46.log	python -m surveyor.envs.reacher.eval --solver icem --subgoal surveyor --gdm-ckpt gdm_reacher_s10.pt --gdm-steps 8 --accept-tau 999 --horizon 2 --receding-horizon 2 --source local --local-dir encoder_reacher --h5 "$REACHER_H5" --device cuda --num-eval 128 --seed 46 --cem-seed 46 --episodes-file episodes/reacher_c2222.ep100.s2222.json --goal-offset 25 --eval-budget 50
290	reacher	mppi_router	25	46	logs/rbH_reacher_mppi_router_t25_seed46.log	python -m surveyor.envs.reacher.eval --solver mppi --subgoal router+surveyor --gdm-ckpt gdm_reacher_s10.pt --gdm-steps 8 --accept-tau 0.20 --horizon 2 --receding-horizon 2 --source local --local-dir encoder_reacher --h5 "$REACHER_H5" --device cuda --num-eval 128 --seed 46 --cem-seed 46 --episodes-file episodes/reacher_c2222.ep100.s2222.json --goal-offset 25 --eval-budget 50
291	reacher	mppi_blind2	25	46	logs/rbH_reacher_mppi_blind2_t25_seed46.log	python -m surveyor.envs.reacher.eval --solver mppi --subgoal dspark --no-refine --commit fixed --commit-k 2 --gdm-ckpt gdm_reacher_s10.pt --gdm-steps 8 --horizon 2 --receding-horizon 2 --source local --local-dir encoder_reacher --h5 "$REACHER_H5" --device cuda --num-eval 128 --seed 46 --cem-seed 46 --episodes-file episodes/reacher_c2222.ep100.s2222.json --goal-offset 25 --eval-budget 50
292	reacher	mppi_blindk	25	46	logs/rbH_reacher_mppi_blindk_t25_seed46.log	python -m surveyor.envs.reacher.eval --solver mppi --subgoal surveyor --gdm-ckpt gdm_reacher_s10.pt --gdm-steps 8 --accept-tau 999 --horizon 2 --receding-horizon 2 --source local --local-dir encoder_reacher --h5 "$REACHER_H5" --device cuda --num-eval 128 --seed 46 --cem-seed 46 --episodes-file episodes/reacher_c2222.ep100.s2222.json --goal-offset 25 --eval-budget 50
293	reacher	ffjepa_s10k8	25	47	logs/rbH_reacher_ffjepa_s10k8_t25_seed47.log	python -m surveyor.envs.reacher.eval --subgoal ffjepa --gdm-ckpt gdm_reacher_s10.pt --gdm-steps 8 --horizon 2 --receding-horizon 2 --source local --local-dir encoder_reacher --h5 "$REACHER_H5" --device cuda --num-eval 128 --seed 47 --cem-seed 47 --episodes-file episodes/reacher_c2222.ep100.s2222.json --goal-offset 25 --eval-budget 50
294	reacher	blind2	25	47	logs/rbH_reacher_blind2_t25_seed47.log	python -m surveyor.envs.reacher.eval --subgoal dspark --no-refine --commit fixed --commit-k 2 --gdm-ckpt gdm_reacher_s10.pt --gdm-steps 8 --horizon 2 --receding-horizon 2 --source local --local-dir encoder_reacher --h5 "$REACHER_H5" --device cuda --num-eval 128 --seed 47 --cem-seed 47 --episodes-file episodes/reacher_c2222.ep100.s2222.json --goal-offset 25 --eval-budget 50
295	reacher	blindk	25	47	logs/rbH_reacher_blindk_t25_seed47.log	python -m surveyor.envs.reacher.eval --subgoal surveyor --gdm-ckpt gdm_reacher_s10.pt --gdm-steps 8 --accept-tau 999 --horizon 2 --receding-horizon 2 --source local --local-dir encoder_reacher --h5 "$REACHER_H5" --device cuda --num-eval 128 --seed 47 --cem-seed 47 --episodes-file episodes/reacher_c2222.ep100.s2222.json --goal-offset 25 --eval-budget 50
296	reacher	icem_router	25	47	logs/rbH_reacher_icem_router_t25_seed47.log	python -m surveyor.envs.reacher.eval --solver icem --subgoal router+surveyor --gdm-ckpt gdm_reacher_s10.pt --gdm-steps 8 --accept-tau 0.20 --horizon 2 --receding-horizon 2 --source local --local-dir encoder_reacher --h5 "$REACHER_H5" --device cuda --num-eval 128 --seed 47 --cem-seed 47 --episodes-file episodes/reacher_c2222.ep100.s2222.json --goal-offset 25 --eval-budget 50
297	reacher	icem_blind2	25	47	logs/rbH_reacher_icem_blind2_t25_seed47.log	python -m surveyor.envs.reacher.eval --solver icem --subgoal dspark --no-refine --commit fixed --commit-k 2 --gdm-ckpt gdm_reacher_s10.pt --gdm-steps 8 --horizon 2 --receding-horizon 2 --source local --local-dir encoder_reacher --h5 "$REACHER_H5" --device cuda --num-eval 128 --seed 47 --cem-seed 47 --episodes-file episodes/reacher_c2222.ep100.s2222.json --goal-offset 25 --eval-budget 50
298	reacher	icem_blindk	25	47	logs/rbH_reacher_icem_blindk_t25_seed47.log	python -m surveyor.envs.reacher.eval --solver icem --subgoal surveyor --gdm-ckpt gdm_reacher_s10.pt --gdm-steps 8 --accept-tau 999 --horizon 2 --receding-horizon 2 --source local --local-dir encoder_reacher --h5 "$REACHER_H5" --device cuda --num-eval 128 --seed 47 --cem-seed 47 --episodes-file episodes/reacher_c2222.ep100.s2222.json --goal-offset 25 --eval-budget 50
299	reacher	mppi_router	25	47	logs/rbH_reacher_mppi_router_t25_seed47.log	python -m surveyor.envs.reacher.eval --solver mppi --subgoal router+surveyor --gdm-ckpt gdm_reacher_s10.pt --gdm-steps 8 --accept-tau 0.20 --horizon 2 --receding-horizon 2 --source local --local-dir encoder_reacher --h5 "$REACHER_H5" --device cuda --num-eval 128 --seed 47 --cem-seed 47 --episodes-file episodes/reacher_c2222.ep100.s2222.json --goal-offset 25 --eval-budget 50
300	reacher	mppi_blind2	25	47	logs/rbH_reacher_mppi_blind2_t25_seed47.log	python -m surveyor.envs.reacher.eval --solver mppi --subgoal dspark --no-refine --commit fixed --commit-k 2 --gdm-ckpt gdm_reacher_s10.pt --gdm-steps 8 --horizon 2 --receding-horizon 2 --source local --local-dir encoder_reacher --h5 "$REACHER_H5" --device cuda --num-eval 128 --seed 47 --cem-seed 47 --episodes-file episodes/reacher_c2222.ep100.s2222.json --goal-offset 25 --eval-budget 50
301	reacher	mppi_blindk	25	47	logs/rbH_reacher_mppi_blindk_t25_seed47.log	python -m surveyor.envs.reacher.eval --solver mppi --subgoal surveyor --gdm-ckpt gdm_reacher_s10.pt --gdm-steps 8 --accept-tau 999 --horizon 2 --receding-horizon 2 --source local --local-dir encoder_reacher --h5 "$REACHER_H5" --device cuda --num-eval 128 --seed 47 --cem-seed 47 --episodes-file episodes/reacher_c2222.ep100.s2222.json --goal-offset 25 --eval-budget 50
302	reacher	ffjepa_s10k8	25	48	logs/rbH_reacher_ffjepa_s10k8_t25_seed48.log	python -m surveyor.envs.reacher.eval --subgoal ffjepa --gdm-ckpt gdm_reacher_s10.pt --gdm-steps 8 --horizon 2 --receding-horizon 2 --source local --local-dir encoder_reacher --h5 "$REACHER_H5" --device cuda --num-eval 128 --seed 48 --cem-seed 48 --episodes-file episodes/reacher_c2222.ep100.s2222.json --goal-offset 25 --eval-budget 50
303	reacher	blind2	25	48	logs/rbH_reacher_blind2_t25_seed48.log	python -m surveyor.envs.reacher.eval --subgoal dspark --no-refine --commit fixed --commit-k 2 --gdm-ckpt gdm_reacher_s10.pt --gdm-steps 8 --horizon 2 --receding-horizon 2 --source local --local-dir encoder_reacher --h5 "$REACHER_H5" --device cuda --num-eval 128 --seed 48 --cem-seed 48 --episodes-file episodes/reacher_c2222.ep100.s2222.json --goal-offset 25 --eval-budget 50
304	reacher	blindk	25	48	logs/rbH_reacher_blindk_t25_seed48.log	python -m surveyor.envs.reacher.eval --subgoal surveyor --gdm-ckpt gdm_reacher_s10.pt --gdm-steps 8 --accept-tau 999 --horizon 2 --receding-horizon 2 --source local --local-dir encoder_reacher --h5 "$REACHER_H5" --device cuda --num-eval 128 --seed 48 --cem-seed 48 --episodes-file episodes/reacher_c2222.ep100.s2222.json --goal-offset 25 --eval-budget 50
305	reacher	icem_router	25	48	logs/rbH_reacher_icem_router_t25_seed48.log	python -m surveyor.envs.reacher.eval --solver icem --subgoal router+surveyor --gdm-ckpt gdm_reacher_s10.pt --gdm-steps 8 --accept-tau 0.20 --horizon 2 --receding-horizon 2 --source local --local-dir encoder_reacher --h5 "$REACHER_H5" --device cuda --num-eval 128 --seed 48 --cem-seed 48 --episodes-file episodes/reacher_c2222.ep100.s2222.json --goal-offset 25 --eval-budget 50
306	reacher	icem_blind2	25	48	logs/rbH_reacher_icem_blind2_t25_seed48.log	python -m surveyor.envs.reacher.eval --solver icem --subgoal dspark --no-refine --commit fixed --commit-k 2 --gdm-ckpt gdm_reacher_s10.pt --gdm-steps 8 --horizon 2 --receding-horizon 2 --source local --local-dir encoder_reacher --h5 "$REACHER_H5" --device cuda --num-eval 128 --seed 48 --cem-seed 48 --episodes-file episodes/reacher_c2222.ep100.s2222.json --goal-offset 25 --eval-budget 50
307	reacher	icem_blindk	25	48	logs/rbH_reacher_icem_blindk_t25_seed48.log	python -m surveyor.envs.reacher.eval --solver icem --subgoal surveyor --gdm-ckpt gdm_reacher_s10.pt --gdm-steps 8 --accept-tau 999 --horizon 2 --receding-horizon 2 --source local --local-dir encoder_reacher --h5 "$REACHER_H5" --device cuda --num-eval 128 --seed 48 --cem-seed 48 --episodes-file episodes/reacher_c2222.ep100.s2222.json --goal-offset 25 --eval-budget 50
308	reacher	mppi_router	25	48	logs/rbH_reacher_mppi_router_t25_seed48.log	python -m surveyor.envs.reacher.eval --solver mppi --subgoal router+surveyor --gdm-ckpt gdm_reacher_s10.pt --gdm-steps 8 --accept-tau 0.20 --horizon 2 --receding-horizon 2 --source local --local-dir encoder_reacher --h5 "$REACHER_H5" --device cuda --num-eval 128 --seed 48 --cem-seed 48 --episodes-file episodes/reacher_c2222.ep100.s2222.json --goal-offset 25 --eval-budget 50
309	reacher	mppi_blind2	25	48	logs/rbH_reacher_mppi_blind2_t25_seed48.log	python -m surveyor.envs.reacher.eval --solver mppi --subgoal dspark --no-refine --commit fixed --commit-k 2 --gdm-ckpt gdm_reacher_s10.pt --gdm-steps 8 --horizon 2 --receding-horizon 2 --source local --local-dir encoder_reacher --h5 "$REACHER_H5" --device cuda --num-eval 128 --seed 48 --cem-seed 48 --episodes-file episodes/reacher_c2222.ep100.s2222.json --goal-offset 25 --eval-budget 50
310	reacher	mppi_blindk	25	48	logs/rbH_reacher_mppi_blindk_t25_seed48.log	python -m surveyor.envs.reacher.eval --solver mppi --subgoal surveyor --gdm-ckpt gdm_reacher_s10.pt --gdm-steps 8 --accept-tau 999 --horizon 2 --receding-horizon 2 --source local --local-dir encoder_reacher --h5 "$REACHER_H5" --device cuda --num-eval 128 --seed 48 --cem-seed 48 --episodes-file episodes/reacher_c2222.ep100.s2222.json --goal-offset 25 --eval-budget 50
311	reacher	ffjepa_s10k8	25	49	logs/rbH_reacher_ffjepa_s10k8_t25_seed49.log	python -m surveyor.envs.reacher.eval --subgoal ffjepa --gdm-ckpt gdm_reacher_s10.pt --gdm-steps 8 --horizon 2 --receding-horizon 2 --source local --local-dir encoder_reacher --h5 "$REACHER_H5" --device cuda --num-eval 128 --seed 49 --cem-seed 49 --episodes-file episodes/reacher_c2222.ep100.s2222.json --goal-offset 25 --eval-budget 50
312	reacher	blind2	25	49	logs/rbH_reacher_blind2_t25_seed49.log	python -m surveyor.envs.reacher.eval --subgoal dspark --no-refine --commit fixed --commit-k 2 --gdm-ckpt gdm_reacher_s10.pt --gdm-steps 8 --horizon 2 --receding-horizon 2 --source local --local-dir encoder_reacher --h5 "$REACHER_H5" --device cuda --num-eval 128 --seed 49 --cem-seed 49 --episodes-file episodes/reacher_c2222.ep100.s2222.json --goal-offset 25 --eval-budget 50
313	reacher	blindk	25	49	logs/rbH_reacher_blindk_t25_seed49.log	python -m surveyor.envs.reacher.eval --subgoal surveyor --gdm-ckpt gdm_reacher_s10.pt --gdm-steps 8 --accept-tau 999 --horizon 2 --receding-horizon 2 --source local --local-dir encoder_reacher --h5 "$REACHER_H5" --device cuda --num-eval 128 --seed 49 --cem-seed 49 --episodes-file episodes/reacher_c2222.ep100.s2222.json --goal-offset 25 --eval-budget 50
314	reacher	icem_router	25	49	logs/rbH_reacher_icem_router_t25_seed49.log	python -m surveyor.envs.reacher.eval --solver icem --subgoal router+surveyor --gdm-ckpt gdm_reacher_s10.pt --gdm-steps 8 --accept-tau 0.20 --horizon 2 --receding-horizon 2 --source local --local-dir encoder_reacher --h5 "$REACHER_H5" --device cuda --num-eval 128 --seed 49 --cem-seed 49 --episodes-file episodes/reacher_c2222.ep100.s2222.json --goal-offset 25 --eval-budget 50
315	reacher	icem_blind2	25	49	logs/rbH_reacher_icem_blind2_t25_seed49.log	python -m surveyor.envs.reacher.eval --solver icem --subgoal dspark --no-refine --commit fixed --commit-k 2 --gdm-ckpt gdm_reacher_s10.pt --gdm-steps 8 --horizon 2 --receding-horizon 2 --source local --local-dir encoder_reacher --h5 "$REACHER_H5" --device cuda --num-eval 128 --seed 49 --cem-seed 49 --episodes-file episodes/reacher_c2222.ep100.s2222.json --goal-offset 25 --eval-budget 50
316	reacher	icem_blindk	25	49	logs/rbH_reacher_icem_blindk_t25_seed49.log	python -m surveyor.envs.reacher.eval --solver icem --subgoal surveyor --gdm-ckpt gdm_reacher_s10.pt --gdm-steps 8 --accept-tau 999 --horizon 2 --receding-horizon 2 --source local --local-dir encoder_reacher --h5 "$REACHER_H5" --device cuda --num-eval 128 --seed 49 --cem-seed 49 --episodes-file episodes/reacher_c2222.ep100.s2222.json --goal-offset 25 --eval-budget 50
317	reacher	mppi_router	25	49	logs/rbH_reacher_mppi_router_t25_seed49.log	python -m surveyor.envs.reacher.eval --solver mppi --subgoal router+surveyor --gdm-ckpt gdm_reacher_s10.pt --gdm-steps 8 --accept-tau 0.20 --horizon 2 --receding-horizon 2 --source local --local-dir encoder_reacher --h5 "$REACHER_H5" --device cuda --num-eval 128 --seed 49 --cem-seed 49 --episodes-file episodes/reacher_c2222.ep100.s2222.json --goal-offset 25 --eval-budget 50
318	reacher	mppi_blind2	25	49	logs/rbH_reacher_mppi_blind2_t25_seed49.log	python -m surveyor.envs.reacher.eval --solver mppi --subgoal dspark --no-refine --commit fixed --commit-k 2 --gdm-ckpt gdm_reacher_s10.pt --gdm-steps 8 --horizon 2 --receding-horizon 2 --source local --local-dir encoder_reacher --h5 "$REACHER_H5" --device cuda --num-eval 128 --seed 49 --cem-seed 49 --episodes-file episodes/reacher_c2222.ep100.s2222.json --goal-offset 25 --eval-budget 50
319	reacher	mppi_blindk	25	49	logs/rbH_reacher_mppi_blindk_t25_seed49.log	python -m surveyor.envs.reacher.eval --solver mppi --subgoal surveyor --gdm-ckpt gdm_reacher_s10.pt --gdm-steps 8 --accept-tau 999 --horizon 2 --receding-horizon 2 --source local --local-dir encoder_reacher --h5 "$REACHER_H5" --device cuda --num-eval 128 --seed 49 --cem-seed 49 --episodes-file episodes/reacher_c2222.ep100.s2222.json --goal-offset 25 --eval-budget 50
320	reacher	ffjepa_s10k8	50	42	logs/rbH_reacher_ffjepa_s10k8_t50_seed42.log	python -m surveyor.envs.reacher.eval --subgoal ffjepa --gdm-ckpt gdm_reacher_s10.pt --gdm-steps 8 --horizon 2 --receding-horizon 2 --source local --local-dir encoder_reacher --h5 "$REACHER_H5" --device cuda --num-eval 128 --seed 42 --cem-seed 42 --episodes-file episodes/reacher_c2222.ep100.s2222.json --goal-offset 50 --eval-budget 100
321	reacher	blind2	50	42	logs/rbH_reacher_blind2_t50_seed42.log	python -m surveyor.envs.reacher.eval --subgoal dspark --no-refine --commit fixed --commit-k 2 --gdm-ckpt gdm_reacher_s10.pt --gdm-steps 8 --horizon 2 --receding-horizon 2 --source local --local-dir encoder_reacher --h5 "$REACHER_H5" --device cuda --num-eval 128 --seed 42 --cem-seed 42 --episodes-file episodes/reacher_c2222.ep100.s2222.json --goal-offset 50 --eval-budget 100
322	reacher	blindk	50	42	logs/rbH_reacher_blindk_t50_seed42.log	python -m surveyor.envs.reacher.eval --subgoal surveyor --gdm-ckpt gdm_reacher_s10.pt --gdm-steps 8 --accept-tau 999 --horizon 2 --receding-horizon 2 --source local --local-dir encoder_reacher --h5 "$REACHER_H5" --device cuda --num-eval 128 --seed 42 --cem-seed 42 --episodes-file episodes/reacher_c2222.ep100.s2222.json --goal-offset 50 --eval-budget 100
323	reacher	icem_router	50	42	logs/rbH_reacher_icem_router_t50_seed42.log	python -m surveyor.envs.reacher.eval --solver icem --subgoal router+surveyor --gdm-ckpt gdm_reacher_s10.pt --gdm-steps 8 --accept-tau 0.20 --horizon 2 --receding-horizon 2 --source local --local-dir encoder_reacher --h5 "$REACHER_H5" --device cuda --num-eval 128 --seed 42 --cem-seed 42 --episodes-file episodes/reacher_c2222.ep100.s2222.json --goal-offset 50 --eval-budget 100
324	reacher	icem_blind2	50	42	logs/rbH_reacher_icem_blind2_t50_seed42.log	python -m surveyor.envs.reacher.eval --solver icem --subgoal dspark --no-refine --commit fixed --commit-k 2 --gdm-ckpt gdm_reacher_s10.pt --gdm-steps 8 --horizon 2 --receding-horizon 2 --source local --local-dir encoder_reacher --h5 "$REACHER_H5" --device cuda --num-eval 128 --seed 42 --cem-seed 42 --episodes-file episodes/reacher_c2222.ep100.s2222.json --goal-offset 50 --eval-budget 100
325	reacher	icem_blindk	50	42	logs/rbH_reacher_icem_blindk_t50_seed42.log	python -m surveyor.envs.reacher.eval --solver icem --subgoal surveyor --gdm-ckpt gdm_reacher_s10.pt --gdm-steps 8 --accept-tau 999 --horizon 2 --receding-horizon 2 --source local --local-dir encoder_reacher --h5 "$REACHER_H5" --device cuda --num-eval 128 --seed 42 --cem-seed 42 --episodes-file episodes/reacher_c2222.ep100.s2222.json --goal-offset 50 --eval-budget 100
326	reacher	mppi_router	50	42	logs/rbH_reacher_mppi_router_t50_seed42.log	python -m surveyor.envs.reacher.eval --solver mppi --subgoal router+surveyor --gdm-ckpt gdm_reacher_s10.pt --gdm-steps 8 --accept-tau 0.20 --horizon 2 --receding-horizon 2 --source local --local-dir encoder_reacher --h5 "$REACHER_H5" --device cuda --num-eval 128 --seed 42 --cem-seed 42 --episodes-file episodes/reacher_c2222.ep100.s2222.json --goal-offset 50 --eval-budget 100
327	reacher	mppi_blind2	50	42	logs/rbH_reacher_mppi_blind2_t50_seed42.log	python -m surveyor.envs.reacher.eval --solver mppi --subgoal dspark --no-refine --commit fixed --commit-k 2 --gdm-ckpt gdm_reacher_s10.pt --gdm-steps 8 --horizon 2 --receding-horizon 2 --source local --local-dir encoder_reacher --h5 "$REACHER_H5" --device cuda --num-eval 128 --seed 42 --cem-seed 42 --episodes-file episodes/reacher_c2222.ep100.s2222.json --goal-offset 50 --eval-budget 100
328	reacher	mppi_blindk	50	42	logs/rbH_reacher_mppi_blindk_t50_seed42.log	python -m surveyor.envs.reacher.eval --solver mppi --subgoal surveyor --gdm-ckpt gdm_reacher_s10.pt --gdm-steps 8 --accept-tau 999 --horizon 2 --receding-horizon 2 --source local --local-dir encoder_reacher --h5 "$REACHER_H5" --device cuda --num-eval 128 --seed 42 --cem-seed 42 --episodes-file episodes/reacher_c2222.ep100.s2222.json --goal-offset 50 --eval-budget 100
329	reacher	ffjepa_s10k8	50	43	logs/rbH_reacher_ffjepa_s10k8_t50_seed43.log	python -m surveyor.envs.reacher.eval --subgoal ffjepa --gdm-ckpt gdm_reacher_s10.pt --gdm-steps 8 --horizon 2 --receding-horizon 2 --source local --local-dir encoder_reacher --h5 "$REACHER_H5" --device cuda --num-eval 128 --seed 43 --cem-seed 43 --episodes-file episodes/reacher_c2222.ep100.s2222.json --goal-offset 50 --eval-budget 100
330	reacher	blind2	50	43	logs/rbH_reacher_blind2_t50_seed43.log	python -m surveyor.envs.reacher.eval --subgoal dspark --no-refine --commit fixed --commit-k 2 --gdm-ckpt gdm_reacher_s10.pt --gdm-steps 8 --horizon 2 --receding-horizon 2 --source local --local-dir encoder_reacher --h5 "$REACHER_H5" --device cuda --num-eval 128 --seed 43 --cem-seed 43 --episodes-file episodes/reacher_c2222.ep100.s2222.json --goal-offset 50 --eval-budget 100
331	reacher	blindk	50	43	logs/rbH_reacher_blindk_t50_seed43.log	python -m surveyor.envs.reacher.eval --subgoal surveyor --gdm-ckpt gdm_reacher_s10.pt --gdm-steps 8 --accept-tau 999 --horizon 2 --receding-horizon 2 --source local --local-dir encoder_reacher --h5 "$REACHER_H5" --device cuda --num-eval 128 --seed 43 --cem-seed 43 --episodes-file episodes/reacher_c2222.ep100.s2222.json --goal-offset 50 --eval-budget 100
332	reacher	icem_router	50	43	logs/rbH_reacher_icem_router_t50_seed43.log	python -m surveyor.envs.reacher.eval --solver icem --subgoal router+surveyor --gdm-ckpt gdm_reacher_s10.pt --gdm-steps 8 --accept-tau 0.20 --horizon 2 --receding-horizon 2 --source local --local-dir encoder_reacher --h5 "$REACHER_H5" --device cuda --num-eval 128 --seed 43 --cem-seed 43 --episodes-file episodes/reacher_c2222.ep100.s2222.json --goal-offset 50 --eval-budget 100
333	reacher	icem_blind2	50	43	logs/rbH_reacher_icem_blind2_t50_seed43.log	python -m surveyor.envs.reacher.eval --solver icem --subgoal dspark --no-refine --commit fixed --commit-k 2 --gdm-ckpt gdm_reacher_s10.pt --gdm-steps 8 --horizon 2 --receding-horizon 2 --source local --local-dir encoder_reacher --h5 "$REACHER_H5" --device cuda --num-eval 128 --seed 43 --cem-seed 43 --episodes-file episodes/reacher_c2222.ep100.s2222.json --goal-offset 50 --eval-budget 100
334	reacher	icem_blindk	50	43	logs/rbH_reacher_icem_blindk_t50_seed43.log	python -m surveyor.envs.reacher.eval --solver icem --subgoal surveyor --gdm-ckpt gdm_reacher_s10.pt --gdm-steps 8 --accept-tau 999 --horizon 2 --receding-horizon 2 --source local --local-dir encoder_reacher --h5 "$REACHER_H5" --device cuda --num-eval 128 --seed 43 --cem-seed 43 --episodes-file episodes/reacher_c2222.ep100.s2222.json --goal-offset 50 --eval-budget 100
335	reacher	mppi_router	50	43	logs/rbH_reacher_mppi_router_t50_seed43.log	python -m surveyor.envs.reacher.eval --solver mppi --subgoal router+surveyor --gdm-ckpt gdm_reacher_s10.pt --gdm-steps 8 --accept-tau 0.20 --horizon 2 --receding-horizon 2 --source local --local-dir encoder_reacher --h5 "$REACHER_H5" --device cuda --num-eval 128 --seed 43 --cem-seed 43 --episodes-file episodes/reacher_c2222.ep100.s2222.json --goal-offset 50 --eval-budget 100
336	reacher	mppi_blind2	50	43	logs/rbH_reacher_mppi_blind2_t50_seed43.log	python -m surveyor.envs.reacher.eval --solver mppi --subgoal dspark --no-refine --commit fixed --commit-k 2 --gdm-ckpt gdm_reacher_s10.pt --gdm-steps 8 --horizon 2 --receding-horizon 2 --source local --local-dir encoder_reacher --h5 "$REACHER_H5" --device cuda --num-eval 128 --seed 43 --cem-seed 43 --episodes-file episodes/reacher_c2222.ep100.s2222.json --goal-offset 50 --eval-budget 100
337	reacher	mppi_blindk	50	43	logs/rbH_reacher_mppi_blindk_t50_seed43.log	python -m surveyor.envs.reacher.eval --solver mppi --subgoal surveyor --gdm-ckpt gdm_reacher_s10.pt --gdm-steps 8 --accept-tau 999 --horizon 2 --receding-horizon 2 --source local --local-dir encoder_reacher --h5 "$REACHER_H5" --device cuda --num-eval 128 --seed 43 --cem-seed 43 --episodes-file episodes/reacher_c2222.ep100.s2222.json --goal-offset 50 --eval-budget 100
338	reacher	ffjepa_s10k8	50	44	logs/rbH_reacher_ffjepa_s10k8_t50_seed44.log	python -m surveyor.envs.reacher.eval --subgoal ffjepa --gdm-ckpt gdm_reacher_s10.pt --gdm-steps 8 --horizon 2 --receding-horizon 2 --source local --local-dir encoder_reacher --h5 "$REACHER_H5" --device cuda --num-eval 128 --seed 44 --cem-seed 44 --episodes-file episodes/reacher_c2222.ep100.s2222.json --goal-offset 50 --eval-budget 100
339	reacher	blind2	50	44	logs/rbH_reacher_blind2_t50_seed44.log	python -m surveyor.envs.reacher.eval --subgoal dspark --no-refine --commit fixed --commit-k 2 --gdm-ckpt gdm_reacher_s10.pt --gdm-steps 8 --horizon 2 --receding-horizon 2 --source local --local-dir encoder_reacher --h5 "$REACHER_H5" --device cuda --num-eval 128 --seed 44 --cem-seed 44 --episodes-file episodes/reacher_c2222.ep100.s2222.json --goal-offset 50 --eval-budget 100
340	reacher	blindk	50	44	logs/rbH_reacher_blindk_t50_seed44.log	python -m surveyor.envs.reacher.eval --subgoal surveyor --gdm-ckpt gdm_reacher_s10.pt --gdm-steps 8 --accept-tau 999 --horizon 2 --receding-horizon 2 --source local --local-dir encoder_reacher --h5 "$REACHER_H5" --device cuda --num-eval 128 --seed 44 --cem-seed 44 --episodes-file episodes/reacher_c2222.ep100.s2222.json --goal-offset 50 --eval-budget 100
341	reacher	icem_router	50	44	logs/rbH_reacher_icem_router_t50_seed44.log	python -m surveyor.envs.reacher.eval --solver icem --subgoal router+surveyor --gdm-ckpt gdm_reacher_s10.pt --gdm-steps 8 --accept-tau 0.20 --horizon 2 --receding-horizon 2 --source local --local-dir encoder_reacher --h5 "$REACHER_H5" --device cuda --num-eval 128 --seed 44 --cem-seed 44 --episodes-file episodes/reacher_c2222.ep100.s2222.json --goal-offset 50 --eval-budget 100
342	reacher	icem_blind2	50	44	logs/rbH_reacher_icem_blind2_t50_seed44.log	python -m surveyor.envs.reacher.eval --solver icem --subgoal dspark --no-refine --commit fixed --commit-k 2 --gdm-ckpt gdm_reacher_s10.pt --gdm-steps 8 --horizon 2 --receding-horizon 2 --source local --local-dir encoder_reacher --h5 "$REACHER_H5" --device cuda --num-eval 128 --seed 44 --cem-seed 44 --episodes-file episodes/reacher_c2222.ep100.s2222.json --goal-offset 50 --eval-budget 100
343	reacher	icem_blindk	50	44	logs/rbH_reacher_icem_blindk_t50_seed44.log	python -m surveyor.envs.reacher.eval --solver icem --subgoal surveyor --gdm-ckpt gdm_reacher_s10.pt --gdm-steps 8 --accept-tau 999 --horizon 2 --receding-horizon 2 --source local --local-dir encoder_reacher --h5 "$REACHER_H5" --device cuda --num-eval 128 --seed 44 --cem-seed 44 --episodes-file episodes/reacher_c2222.ep100.s2222.json --goal-offset 50 --eval-budget 100
344	reacher	mppi_router	50	44	logs/rbH_reacher_mppi_router_t50_seed44.log	python -m surveyor.envs.reacher.eval --solver mppi --subgoal router+surveyor --gdm-ckpt gdm_reacher_s10.pt --gdm-steps 8 --accept-tau 0.20 --horizon 2 --receding-horizon 2 --source local --local-dir encoder_reacher --h5 "$REACHER_H5" --device cuda --num-eval 128 --seed 44 --cem-seed 44 --episodes-file episodes/reacher_c2222.ep100.s2222.json --goal-offset 50 --eval-budget 100
345	reacher	mppi_blind2	50	44	logs/rbH_reacher_mppi_blind2_t50_seed44.log	python -m surveyor.envs.reacher.eval --solver mppi --subgoal dspark --no-refine --commit fixed --commit-k 2 --gdm-ckpt gdm_reacher_s10.pt --gdm-steps 8 --horizon 2 --receding-horizon 2 --source local --local-dir encoder_reacher --h5 "$REACHER_H5" --device cuda --num-eval 128 --seed 44 --cem-seed 44 --episodes-file episodes/reacher_c2222.ep100.s2222.json --goal-offset 50 --eval-budget 100
346	reacher	mppi_blindk	50	44	logs/rbH_reacher_mppi_blindk_t50_seed44.log	python -m surveyor.envs.reacher.eval --solver mppi --subgoal surveyor --gdm-ckpt gdm_reacher_s10.pt --gdm-steps 8 --accept-tau 999 --horizon 2 --receding-horizon 2 --source local --local-dir encoder_reacher --h5 "$REACHER_H5" --device cuda --num-eval 128 --seed 44 --cem-seed 44 --episodes-file episodes/reacher_c2222.ep100.s2222.json --goal-offset 50 --eval-budget 100
347	reacher	ffjepa_s10k8	50	45	logs/rbH_reacher_ffjepa_s10k8_t50_seed45.log	python -m surveyor.envs.reacher.eval --subgoal ffjepa --gdm-ckpt gdm_reacher_s10.pt --gdm-steps 8 --horizon 2 --receding-horizon 2 --source local --local-dir encoder_reacher --h5 "$REACHER_H5" --device cuda --num-eval 128 --seed 45 --cem-seed 45 --episodes-file episodes/reacher_c2222.ep100.s2222.json --goal-offset 50 --eval-budget 100
348	reacher	blind2	50	45	logs/rbH_reacher_blind2_t50_seed45.log	python -m surveyor.envs.reacher.eval --subgoal dspark --no-refine --commit fixed --commit-k 2 --gdm-ckpt gdm_reacher_s10.pt --gdm-steps 8 --horizon 2 --receding-horizon 2 --source local --local-dir encoder_reacher --h5 "$REACHER_H5" --device cuda --num-eval 128 --seed 45 --cem-seed 45 --episodes-file episodes/reacher_c2222.ep100.s2222.json --goal-offset 50 --eval-budget 100
349	reacher	blindk	50	45	logs/rbH_reacher_blindk_t50_seed45.log	python -m surveyor.envs.reacher.eval --subgoal surveyor --gdm-ckpt gdm_reacher_s10.pt --gdm-steps 8 --accept-tau 999 --horizon 2 --receding-horizon 2 --source local --local-dir encoder_reacher --h5 "$REACHER_H5" --device cuda --num-eval 128 --seed 45 --cem-seed 45 --episodes-file episodes/reacher_c2222.ep100.s2222.json --goal-offset 50 --eval-budget 100
350	reacher	icem_router	50	45	logs/rbH_reacher_icem_router_t50_seed45.log	python -m surveyor.envs.reacher.eval --solver icem --subgoal router+surveyor --gdm-ckpt gdm_reacher_s10.pt --gdm-steps 8 --accept-tau 0.20 --horizon 2 --receding-horizon 2 --source local --local-dir encoder_reacher --h5 "$REACHER_H5" --device cuda --num-eval 128 --seed 45 --cem-seed 45 --episodes-file episodes/reacher_c2222.ep100.s2222.json --goal-offset 50 --eval-budget 100
351	reacher	icem_blind2	50	45	logs/rbH_reacher_icem_blind2_t50_seed45.log	python -m surveyor.envs.reacher.eval --solver icem --subgoal dspark --no-refine --commit fixed --commit-k 2 --gdm-ckpt gdm_reacher_s10.pt --gdm-steps 8 --horizon 2 --receding-horizon 2 --source local --local-dir encoder_reacher --h5 "$REACHER_H5" --device cuda --num-eval 128 --seed 45 --cem-seed 45 --episodes-file episodes/reacher_c2222.ep100.s2222.json --goal-offset 50 --eval-budget 100
352	reacher	icem_blindk	50	45	logs/rbH_reacher_icem_blindk_t50_seed45.log	python -m surveyor.envs.reacher.eval --solver icem --subgoal surveyor --gdm-ckpt gdm_reacher_s10.pt --gdm-steps 8 --accept-tau 999 --horizon 2 --receding-horizon 2 --source local --local-dir encoder_reacher --h5 "$REACHER_H5" --device cuda --num-eval 128 --seed 45 --cem-seed 45 --episodes-file episodes/reacher_c2222.ep100.s2222.json --goal-offset 50 --eval-budget 100
353	reacher	mppi_router	50	45	logs/rbH_reacher_mppi_router_t50_seed45.log	python -m surveyor.envs.reacher.eval --solver mppi --subgoal router+surveyor --gdm-ckpt gdm_reacher_s10.pt --gdm-steps 8 --accept-tau 0.20 --horizon 2 --receding-horizon 2 --source local --local-dir encoder_reacher --h5 "$REACHER_H5" --device cuda --num-eval 128 --seed 45 --cem-seed 45 --episodes-file episodes/reacher_c2222.ep100.s2222.json --goal-offset 50 --eval-budget 100
354	reacher	mppi_blind2	50	45	logs/rbH_reacher_mppi_blind2_t50_seed45.log	python -m surveyor.envs.reacher.eval --solver mppi --subgoal dspark --no-refine --commit fixed --commit-k 2 --gdm-ckpt gdm_reacher_s10.pt --gdm-steps 8 --horizon 2 --receding-horizon 2 --source local --local-dir encoder_reacher --h5 "$REACHER_H5" --device cuda --num-eval 128 --seed 45 --cem-seed 45 --episodes-file episodes/reacher_c2222.ep100.s2222.json --goal-offset 50 --eval-budget 100
355	reacher	mppi_blindk	50	45	logs/rbH_reacher_mppi_blindk_t50_seed45.log	python -m surveyor.envs.reacher.eval --solver mppi --subgoal surveyor --gdm-ckpt gdm_reacher_s10.pt --gdm-steps 8 --accept-tau 999 --horizon 2 --receding-horizon 2 --source local --local-dir encoder_reacher --h5 "$REACHER_H5" --device cuda --num-eval 128 --seed 45 --cem-seed 45 --episodes-file episodes/reacher_c2222.ep100.s2222.json --goal-offset 50 --eval-budget 100
356	reacher	ffjepa_s10k8	50	46	logs/rbH_reacher_ffjepa_s10k8_t50_seed46.log	python -m surveyor.envs.reacher.eval --subgoal ffjepa --gdm-ckpt gdm_reacher_s10.pt --gdm-steps 8 --horizon 2 --receding-horizon 2 --source local --local-dir encoder_reacher --h5 "$REACHER_H5" --device cuda --num-eval 128 --seed 46 --cem-seed 46 --episodes-file episodes/reacher_c2222.ep100.s2222.json --goal-offset 50 --eval-budget 100
357	reacher	blind2	50	46	logs/rbH_reacher_blind2_t50_seed46.log	python -m surveyor.envs.reacher.eval --subgoal dspark --no-refine --commit fixed --commit-k 2 --gdm-ckpt gdm_reacher_s10.pt --gdm-steps 8 --horizon 2 --receding-horizon 2 --source local --local-dir encoder_reacher --h5 "$REACHER_H5" --device cuda --num-eval 128 --seed 46 --cem-seed 46 --episodes-file episodes/reacher_c2222.ep100.s2222.json --goal-offset 50 --eval-budget 100
358	reacher	blindk	50	46	logs/rbH_reacher_blindk_t50_seed46.log	python -m surveyor.envs.reacher.eval --subgoal surveyor --gdm-ckpt gdm_reacher_s10.pt --gdm-steps 8 --accept-tau 999 --horizon 2 --receding-horizon 2 --source local --local-dir encoder_reacher --h5 "$REACHER_H5" --device cuda --num-eval 128 --seed 46 --cem-seed 46 --episodes-file episodes/reacher_c2222.ep100.s2222.json --goal-offset 50 --eval-budget 100
359	reacher	icem_router	50	46	logs/rbH_reacher_icem_router_t50_seed46.log	python -m surveyor.envs.reacher.eval --solver icem --subgoal router+surveyor --gdm-ckpt gdm_reacher_s10.pt --gdm-steps 8 --accept-tau 0.20 --horizon 2 --receding-horizon 2 --source local --local-dir encoder_reacher --h5 "$REACHER_H5" --device cuda --num-eval 128 --seed 46 --cem-seed 46 --episodes-file episodes/reacher_c2222.ep100.s2222.json --goal-offset 50 --eval-budget 100
360	reacher	icem_blind2	50	46	logs/rbH_reacher_icem_blind2_t50_seed46.log	python -m surveyor.envs.reacher.eval --solver icem --subgoal dspark --no-refine --commit fixed --commit-k 2 --gdm-ckpt gdm_reacher_s10.pt --gdm-steps 8 --horizon 2 --receding-horizon 2 --source local --local-dir encoder_reacher --h5 "$REACHER_H5" --device cuda --num-eval 128 --seed 46 --cem-seed 46 --episodes-file episodes/reacher_c2222.ep100.s2222.json --goal-offset 50 --eval-budget 100
361	reacher	icem_blindk	50	46	logs/rbH_reacher_icem_blindk_t50_seed46.log	python -m surveyor.envs.reacher.eval --solver icem --subgoal surveyor --gdm-ckpt gdm_reacher_s10.pt --gdm-steps 8 --accept-tau 999 --horizon 2 --receding-horizon 2 --source local --local-dir encoder_reacher --h5 "$REACHER_H5" --device cuda --num-eval 128 --seed 46 --cem-seed 46 --episodes-file episodes/reacher_c2222.ep100.s2222.json --goal-offset 50 --eval-budget 100
362	reacher	mppi_router	50	46	logs/rbH_reacher_mppi_router_t50_seed46.log	python -m surveyor.envs.reacher.eval --solver mppi --subgoal router+surveyor --gdm-ckpt gdm_reacher_s10.pt --gdm-steps 8 --accept-tau 0.20 --horizon 2 --receding-horizon 2 --source local --local-dir encoder_reacher --h5 "$REACHER_H5" --device cuda --num-eval 128 --seed 46 --cem-seed 46 --episodes-file episodes/reacher_c2222.ep100.s2222.json --goal-offset 50 --eval-budget 100
363	reacher	mppi_blind2	50	46	logs/rbH_reacher_mppi_blind2_t50_seed46.log	python -m surveyor.envs.reacher.eval --solver mppi --subgoal dspark --no-refine --commit fixed --commit-k 2 --gdm-ckpt gdm_reacher_s10.pt --gdm-steps 8 --horizon 2 --receding-horizon 2 --source local --local-dir encoder_reacher --h5 "$REACHER_H5" --device cuda --num-eval 128 --seed 46 --cem-seed 46 --episodes-file episodes/reacher_c2222.ep100.s2222.json --goal-offset 50 --eval-budget 100
364	reacher	mppi_blindk	50	46	logs/rbH_reacher_mppi_blindk_t50_seed46.log	python -m surveyor.envs.reacher.eval --solver mppi --subgoal surveyor --gdm-ckpt gdm_reacher_s10.pt --gdm-steps 8 --accept-tau 999 --horizon 2 --receding-horizon 2 --source local --local-dir encoder_reacher --h5 "$REACHER_H5" --device cuda --num-eval 128 --seed 46 --cem-seed 46 --episodes-file episodes/reacher_c2222.ep100.s2222.json --goal-offset 50 --eval-budget 100
365	reacher	ffjepa_s10k8	50	47	logs/rbH_reacher_ffjepa_s10k8_t50_seed47.log	python -m surveyor.envs.reacher.eval --subgoal ffjepa --gdm-ckpt gdm_reacher_s10.pt --gdm-steps 8 --horizon 2 --receding-horizon 2 --source local --local-dir encoder_reacher --h5 "$REACHER_H5" --device cuda --num-eval 128 --seed 47 --cem-seed 47 --episodes-file episodes/reacher_c2222.ep100.s2222.json --goal-offset 50 --eval-budget 100
366	reacher	blind2	50	47	logs/rbH_reacher_blind2_t50_seed47.log	python -m surveyor.envs.reacher.eval --subgoal dspark --no-refine --commit fixed --commit-k 2 --gdm-ckpt gdm_reacher_s10.pt --gdm-steps 8 --horizon 2 --receding-horizon 2 --source local --local-dir encoder_reacher --h5 "$REACHER_H5" --device cuda --num-eval 128 --seed 47 --cem-seed 47 --episodes-file episodes/reacher_c2222.ep100.s2222.json --goal-offset 50 --eval-budget 100
367	reacher	blindk	50	47	logs/rbH_reacher_blindk_t50_seed47.log	python -m surveyor.envs.reacher.eval --subgoal surveyor --gdm-ckpt gdm_reacher_s10.pt --gdm-steps 8 --accept-tau 999 --horizon 2 --receding-horizon 2 --source local --local-dir encoder_reacher --h5 "$REACHER_H5" --device cuda --num-eval 128 --seed 47 --cem-seed 47 --episodes-file episodes/reacher_c2222.ep100.s2222.json --goal-offset 50 --eval-budget 100
368	reacher	icem_router	50	47	logs/rbH_reacher_icem_router_t50_seed47.log	python -m surveyor.envs.reacher.eval --solver icem --subgoal router+surveyor --gdm-ckpt gdm_reacher_s10.pt --gdm-steps 8 --accept-tau 0.20 --horizon 2 --receding-horizon 2 --source local --local-dir encoder_reacher --h5 "$REACHER_H5" --device cuda --num-eval 128 --seed 47 --cem-seed 47 --episodes-file episodes/reacher_c2222.ep100.s2222.json --goal-offset 50 --eval-budget 100
369	reacher	icem_blind2	50	47	logs/rbH_reacher_icem_blind2_t50_seed47.log	python -m surveyor.envs.reacher.eval --solver icem --subgoal dspark --no-refine --commit fixed --commit-k 2 --gdm-ckpt gdm_reacher_s10.pt --gdm-steps 8 --horizon 2 --receding-horizon 2 --source local --local-dir encoder_reacher --h5 "$REACHER_H5" --device cuda --num-eval 128 --seed 47 --cem-seed 47 --episodes-file episodes/reacher_c2222.ep100.s2222.json --goal-offset 50 --eval-budget 100
370	reacher	icem_blindk	50	47	logs/rbH_reacher_icem_blindk_t50_seed47.log	python -m surveyor.envs.reacher.eval --solver icem --subgoal surveyor --gdm-ckpt gdm_reacher_s10.pt --gdm-steps 8 --accept-tau 999 --horizon 2 --receding-horizon 2 --source local --local-dir encoder_reacher --h5 "$REACHER_H5" --device cuda --num-eval 128 --seed 47 --cem-seed 47 --episodes-file episodes/reacher_c2222.ep100.s2222.json --goal-offset 50 --eval-budget 100
371	reacher	mppi_router	50	47	logs/rbH_reacher_mppi_router_t50_seed47.log	python -m surveyor.envs.reacher.eval --solver mppi --subgoal router+surveyor --gdm-ckpt gdm_reacher_s10.pt --gdm-steps 8 --accept-tau 0.20 --horizon 2 --receding-horizon 2 --source local --local-dir encoder_reacher --h5 "$REACHER_H5" --device cuda --num-eval 128 --seed 47 --cem-seed 47 --episodes-file episodes/reacher_c2222.ep100.s2222.json --goal-offset 50 --eval-budget 100
372	reacher	mppi_blind2	50	47	logs/rbH_reacher_mppi_blind2_t50_seed47.log	python -m surveyor.envs.reacher.eval --solver mppi --subgoal dspark --no-refine --commit fixed --commit-k 2 --gdm-ckpt gdm_reacher_s10.pt --gdm-steps 8 --horizon 2 --receding-horizon 2 --source local --local-dir encoder_reacher --h5 "$REACHER_H5" --device cuda --num-eval 128 --seed 47 --cem-seed 47 --episodes-file episodes/reacher_c2222.ep100.s2222.json --goal-offset 50 --eval-budget 100
373	reacher	mppi_blindk	50	47	logs/rbH_reacher_mppi_blindk_t50_seed47.log	python -m surveyor.envs.reacher.eval --solver mppi --subgoal surveyor --gdm-ckpt gdm_reacher_s10.pt --gdm-steps 8 --accept-tau 999 --horizon 2 --receding-horizon 2 --source local --local-dir encoder_reacher --h5 "$REACHER_H5" --device cuda --num-eval 128 --seed 47 --cem-seed 47 --episodes-file episodes/reacher_c2222.ep100.s2222.json --goal-offset 50 --eval-budget 100
374	reacher	ffjepa_s10k8	50	48	logs/rbH_reacher_ffjepa_s10k8_t50_seed48.log	python -m surveyor.envs.reacher.eval --subgoal ffjepa --gdm-ckpt gdm_reacher_s10.pt --gdm-steps 8 --horizon 2 --receding-horizon 2 --source local --local-dir encoder_reacher --h5 "$REACHER_H5" --device cuda --num-eval 128 --seed 48 --cem-seed 48 --episodes-file episodes/reacher_c2222.ep100.s2222.json --goal-offset 50 --eval-budget 100
375	reacher	blind2	50	48	logs/rbH_reacher_blind2_t50_seed48.log	python -m surveyor.envs.reacher.eval --subgoal dspark --no-refine --commit fixed --commit-k 2 --gdm-ckpt gdm_reacher_s10.pt --gdm-steps 8 --horizon 2 --receding-horizon 2 --source local --local-dir encoder_reacher --h5 "$REACHER_H5" --device cuda --num-eval 128 --seed 48 --cem-seed 48 --episodes-file episodes/reacher_c2222.ep100.s2222.json --goal-offset 50 --eval-budget 100
376	reacher	blindk	50	48	logs/rbH_reacher_blindk_t50_seed48.log	python -m surveyor.envs.reacher.eval --subgoal surveyor --gdm-ckpt gdm_reacher_s10.pt --gdm-steps 8 --accept-tau 999 --horizon 2 --receding-horizon 2 --source local --local-dir encoder_reacher --h5 "$REACHER_H5" --device cuda --num-eval 128 --seed 48 --cem-seed 48 --episodes-file episodes/reacher_c2222.ep100.s2222.json --goal-offset 50 --eval-budget 100
377	reacher	icem_router	50	48	logs/rbH_reacher_icem_router_t50_seed48.log	python -m surveyor.envs.reacher.eval --solver icem --subgoal router+surveyor --gdm-ckpt gdm_reacher_s10.pt --gdm-steps 8 --accept-tau 0.20 --horizon 2 --receding-horizon 2 --source local --local-dir encoder_reacher --h5 "$REACHER_H5" --device cuda --num-eval 128 --seed 48 --cem-seed 48 --episodes-file episodes/reacher_c2222.ep100.s2222.json --goal-offset 50 --eval-budget 100
378	reacher	icem_blind2	50	48	logs/rbH_reacher_icem_blind2_t50_seed48.log	python -m surveyor.envs.reacher.eval --solver icem --subgoal dspark --no-refine --commit fixed --commit-k 2 --gdm-ckpt gdm_reacher_s10.pt --gdm-steps 8 --horizon 2 --receding-horizon 2 --source local --local-dir encoder_reacher --h5 "$REACHER_H5" --device cuda --num-eval 128 --seed 48 --cem-seed 48 --episodes-file episodes/reacher_c2222.ep100.s2222.json --goal-offset 50 --eval-budget 100
379	reacher	icem_blindk	50	48	logs/rbH_reacher_icem_blindk_t50_seed48.log	python -m surveyor.envs.reacher.eval --solver icem --subgoal surveyor --gdm-ckpt gdm_reacher_s10.pt --gdm-steps 8 --accept-tau 999 --horizon 2 --receding-horizon 2 --source local --local-dir encoder_reacher --h5 "$REACHER_H5" --device cuda --num-eval 128 --seed 48 --cem-seed 48 --episodes-file episodes/reacher_c2222.ep100.s2222.json --goal-offset 50 --eval-budget 100
380	reacher	mppi_router	50	48	logs/rbH_reacher_mppi_router_t50_seed48.log	python -m surveyor.envs.reacher.eval --solver mppi --subgoal router+surveyor --gdm-ckpt gdm_reacher_s10.pt --gdm-steps 8 --accept-tau 0.20 --horizon 2 --receding-horizon 2 --source local --local-dir encoder_reacher --h5 "$REACHER_H5" --device cuda --num-eval 128 --seed 48 --cem-seed 48 --episodes-file episodes/reacher_c2222.ep100.s2222.json --goal-offset 50 --eval-budget 100
381	reacher	mppi_blind2	50	48	logs/rbH_reacher_mppi_blind2_t50_seed48.log	python -m surveyor.envs.reacher.eval --solver mppi --subgoal dspark --no-refine --commit fixed --commit-k 2 --gdm-ckpt gdm_reacher_s10.pt --gdm-steps 8 --horizon 2 --receding-horizon 2 --source local --local-dir encoder_reacher --h5 "$REACHER_H5" --device cuda --num-eval 128 --seed 48 --cem-seed 48 --episodes-file episodes/reacher_c2222.ep100.s2222.json --goal-offset 50 --eval-budget 100
382	reacher	mppi_blindk	50	48	logs/rbH_reacher_mppi_blindk_t50_seed48.log	python -m surveyor.envs.reacher.eval --solver mppi --subgoal surveyor --gdm-ckpt gdm_reacher_s10.pt --gdm-steps 8 --accept-tau 999 --horizon 2 --receding-horizon 2 --source local --local-dir encoder_reacher --h5 "$REACHER_H5" --device cuda --num-eval 128 --seed 48 --cem-seed 48 --episodes-file episodes/reacher_c2222.ep100.s2222.json --goal-offset 50 --eval-budget 100
383	reacher	ffjepa_s10k8	50	49	logs/rbH_reacher_ffjepa_s10k8_t50_seed49.log	python -m surveyor.envs.reacher.eval --subgoal ffjepa --gdm-ckpt gdm_reacher_s10.pt --gdm-steps 8 --horizon 2 --receding-horizon 2 --source local --local-dir encoder_reacher --h5 "$REACHER_H5" --device cuda --num-eval 128 --seed 49 --cem-seed 49 --episodes-file episodes/reacher_c2222.ep100.s2222.json --goal-offset 50 --eval-budget 100
384	reacher	blind2	50	49	logs/rbH_reacher_blind2_t50_seed49.log	python -m surveyor.envs.reacher.eval --subgoal dspark --no-refine --commit fixed --commit-k 2 --gdm-ckpt gdm_reacher_s10.pt --gdm-steps 8 --horizon 2 --receding-horizon 2 --source local --local-dir encoder_reacher --h5 "$REACHER_H5" --device cuda --num-eval 128 --seed 49 --cem-seed 49 --episodes-file episodes/reacher_c2222.ep100.s2222.json --goal-offset 50 --eval-budget 100
385	reacher	blindk	50	49	logs/rbH_reacher_blindk_t50_seed49.log	python -m surveyor.envs.reacher.eval --subgoal surveyor --gdm-ckpt gdm_reacher_s10.pt --gdm-steps 8 --accept-tau 999 --horizon 2 --receding-horizon 2 --source local --local-dir encoder_reacher --h5 "$REACHER_H5" --device cuda --num-eval 128 --seed 49 --cem-seed 49 --episodes-file episodes/reacher_c2222.ep100.s2222.json --goal-offset 50 --eval-budget 100
386	reacher	icem_router	50	49	logs/rbH_reacher_icem_router_t50_seed49.log	python -m surveyor.envs.reacher.eval --solver icem --subgoal router+surveyor --gdm-ckpt gdm_reacher_s10.pt --gdm-steps 8 --accept-tau 0.20 --horizon 2 --receding-horizon 2 --source local --local-dir encoder_reacher --h5 "$REACHER_H5" --device cuda --num-eval 128 --seed 49 --cem-seed 49 --episodes-file episodes/reacher_c2222.ep100.s2222.json --goal-offset 50 --eval-budget 100
387	reacher	icem_blind2	50	49	logs/rbH_reacher_icem_blind2_t50_seed49.log	python -m surveyor.envs.reacher.eval --solver icem --subgoal dspark --no-refine --commit fixed --commit-k 2 --gdm-ckpt gdm_reacher_s10.pt --gdm-steps 8 --horizon 2 --receding-horizon 2 --source local --local-dir encoder_reacher --h5 "$REACHER_H5" --device cuda --num-eval 128 --seed 49 --cem-seed 49 --episodes-file episodes/reacher_c2222.ep100.s2222.json --goal-offset 50 --eval-budget 100
388	reacher	icem_blindk	50	49	logs/rbH_reacher_icem_blindk_t50_seed49.log	python -m surveyor.envs.reacher.eval --solver icem --subgoal surveyor --gdm-ckpt gdm_reacher_s10.pt --gdm-steps 8 --accept-tau 999 --horizon 2 --receding-horizon 2 --source local --local-dir encoder_reacher --h5 "$REACHER_H5" --device cuda --num-eval 128 --seed 49 --cem-seed 49 --episodes-file episodes/reacher_c2222.ep100.s2222.json --goal-offset 50 --eval-budget 100
389	reacher	mppi_router	50	49	logs/rbH_reacher_mppi_router_t50_seed49.log	python -m surveyor.envs.reacher.eval --solver mppi --subgoal router+surveyor --gdm-ckpt gdm_reacher_s10.pt --gdm-steps 8 --accept-tau 0.20 --horizon 2 --receding-horizon 2 --source local --local-dir encoder_reacher --h5 "$REACHER_H5" --device cuda --num-eval 128 --seed 49 --cem-seed 49 --episodes-file episodes/reacher_c2222.ep100.s2222.json --goal-offset 50 --eval-budget 100
390	reacher	mppi_blind2	50	49	logs/rbH_reacher_mppi_blind2_t50_seed49.log	python -m surveyor.envs.reacher.eval --solver mppi --subgoal dspark --no-refine --commit fixed --commit-k 2 --gdm-ckpt gdm_reacher_s10.pt --gdm-steps 8 --horizon 2 --receding-horizon 2 --source local --local-dir encoder_reacher --h5 "$REACHER_H5" --device cuda --num-eval 128 --seed 49 --cem-seed 49 --episodes-file episodes/reacher_c2222.ep100.s2222.json --goal-offset 50 --eval-budget 100
391	reacher	mppi_blindk	50	49	logs/rbH_reacher_mppi_blindk_t50_seed49.log	python -m surveyor.envs.reacher.eval --solver mppi --subgoal surveyor --gdm-ckpt gdm_reacher_s10.pt --gdm-steps 8 --accept-tau 999 --horizon 2 --receding-horizon 2 --source local --local-dir encoder_reacher --h5 "$REACHER_H5" --device cuda --num-eval 128 --seed 49 --cem-seed 49 --episodes-file episodes/reacher_c2222.ep100.s2222.json --goal-offset 50 --eval-budget 100
392	reacher	blind2	100	42	logs/rbH_reacher_blind2_t100_seed42.log	python -m surveyor.envs.reacher.eval --subgoal dspark --no-refine --commit fixed --commit-k 2 --gdm-ckpt gdm_reacher_s10.pt --gdm-steps 8 --horizon 2 --receding-horizon 2 --source local --local-dir encoder_reacher --h5 "$REACHER_H5" --device cuda --num-eval 128 --seed 42 --cem-seed 42 --episodes-file episodes/reacher_c2222.ep100.s2222.json --goal-offset 100 --eval-budget 200
393	reacher	blindk	100	42	logs/rbH_reacher_blindk_t100_seed42.log	python -m surveyor.envs.reacher.eval --subgoal surveyor --gdm-ckpt gdm_reacher_s10.pt --gdm-steps 8 --accept-tau 999 --horizon 2 --receding-horizon 2 --source local --local-dir encoder_reacher --h5 "$REACHER_H5" --device cuda --num-eval 128 --seed 42 --cem-seed 42 --episodes-file episodes/reacher_c2222.ep100.s2222.json --goal-offset 100 --eval-budget 200
394	reacher	icem_router	100	42	logs/rbH_reacher_icem_router_t100_seed42.log	python -m surveyor.envs.reacher.eval --solver icem --subgoal router+surveyor --gdm-ckpt gdm_reacher_s10.pt --gdm-steps 8 --accept-tau 0.20 --horizon 2 --receding-horizon 2 --source local --local-dir encoder_reacher --h5 "$REACHER_H5" --device cuda --num-eval 128 --seed 42 --cem-seed 42 --episodes-file episodes/reacher_c2222.ep100.s2222.json --goal-offset 100 --eval-budget 200
395	reacher	icem_blind2	100	42	logs/rbH_reacher_icem_blind2_t100_seed42.log	python -m surveyor.envs.reacher.eval --solver icem --subgoal dspark --no-refine --commit fixed --commit-k 2 --gdm-ckpt gdm_reacher_s10.pt --gdm-steps 8 --horizon 2 --receding-horizon 2 --source local --local-dir encoder_reacher --h5 "$REACHER_H5" --device cuda --num-eval 128 --seed 42 --cem-seed 42 --episodes-file episodes/reacher_c2222.ep100.s2222.json --goal-offset 100 --eval-budget 200
396	reacher	icem_blindk	100	42	logs/rbH_reacher_icem_blindk_t100_seed42.log	python -m surveyor.envs.reacher.eval --solver icem --subgoal surveyor --gdm-ckpt gdm_reacher_s10.pt --gdm-steps 8 --accept-tau 999 --horizon 2 --receding-horizon 2 --source local --local-dir encoder_reacher --h5 "$REACHER_H5" --device cuda --num-eval 128 --seed 42 --cem-seed 42 --episodes-file episodes/reacher_c2222.ep100.s2222.json --goal-offset 100 --eval-budget 200
397	reacher	mppi_router	100	42	logs/rbH_reacher_mppi_router_t100_seed42.log	python -m surveyor.envs.reacher.eval --solver mppi --subgoal router+surveyor --gdm-ckpt gdm_reacher_s10.pt --gdm-steps 8 --accept-tau 0.20 --horizon 2 --receding-horizon 2 --source local --local-dir encoder_reacher --h5 "$REACHER_H5" --device cuda --num-eval 128 --seed 42 --cem-seed 42 --episodes-file episodes/reacher_c2222.ep100.s2222.json --goal-offset 100 --eval-budget 200
398	reacher	mppi_blind2	100	42	logs/rbH_reacher_mppi_blind2_t100_seed42.log	python -m surveyor.envs.reacher.eval --solver mppi --subgoal dspark --no-refine --commit fixed --commit-k 2 --gdm-ckpt gdm_reacher_s10.pt --gdm-steps 8 --horizon 2 --receding-horizon 2 --source local --local-dir encoder_reacher --h5 "$REACHER_H5" --device cuda --num-eval 128 --seed 42 --cem-seed 42 --episodes-file episodes/reacher_c2222.ep100.s2222.json --goal-offset 100 --eval-budget 200
399	reacher	mppi_blindk	100	42	logs/rbH_reacher_mppi_blindk_t100_seed42.log	python -m surveyor.envs.reacher.eval --solver mppi --subgoal surveyor --gdm-ckpt gdm_reacher_s10.pt --gdm-steps 8 --accept-tau 999 --horizon 2 --receding-horizon 2 --source local --local-dir encoder_reacher --h5 "$REACHER_H5" --device cuda --num-eval 128 --seed 42 --cem-seed 42 --episodes-file episodes/reacher_c2222.ep100.s2222.json --goal-offset 100 --eval-budget 200
400	reacher	blind2	100	43	logs/rbH_reacher_blind2_t100_seed43.log	python -m surveyor.envs.reacher.eval --subgoal dspark --no-refine --commit fixed --commit-k 2 --gdm-ckpt gdm_reacher_s10.pt --gdm-steps 8 --horizon 2 --receding-horizon 2 --source local --local-dir encoder_reacher --h5 "$REACHER_H5" --device cuda --num-eval 128 --seed 43 --cem-seed 43 --episodes-file episodes/reacher_c2222.ep100.s2222.json --goal-offset 100 --eval-budget 200
401	reacher	blindk	100	43	logs/rbH_reacher_blindk_t100_seed43.log	python -m surveyor.envs.reacher.eval --subgoal surveyor --gdm-ckpt gdm_reacher_s10.pt --gdm-steps 8 --accept-tau 999 --horizon 2 --receding-horizon 2 --source local --local-dir encoder_reacher --h5 "$REACHER_H5" --device cuda --num-eval 128 --seed 43 --cem-seed 43 --episodes-file episodes/reacher_c2222.ep100.s2222.json --goal-offset 100 --eval-budget 200
402	reacher	icem_router	100	43	logs/rbH_reacher_icem_router_t100_seed43.log	python -m surveyor.envs.reacher.eval --solver icem --subgoal router+surveyor --gdm-ckpt gdm_reacher_s10.pt --gdm-steps 8 --accept-tau 0.20 --horizon 2 --receding-horizon 2 --source local --local-dir encoder_reacher --h5 "$REACHER_H5" --device cuda --num-eval 128 --seed 43 --cem-seed 43 --episodes-file episodes/reacher_c2222.ep100.s2222.json --goal-offset 100 --eval-budget 200
403	reacher	icem_blind2	100	43	logs/rbH_reacher_icem_blind2_t100_seed43.log	python -m surveyor.envs.reacher.eval --solver icem --subgoal dspark --no-refine --commit fixed --commit-k 2 --gdm-ckpt gdm_reacher_s10.pt --gdm-steps 8 --horizon 2 --receding-horizon 2 --source local --local-dir encoder_reacher --h5 "$REACHER_H5" --device cuda --num-eval 128 --seed 43 --cem-seed 43 --episodes-file episodes/reacher_c2222.ep100.s2222.json --goal-offset 100 --eval-budget 200
404	reacher	icem_blindk	100	43	logs/rbH_reacher_icem_blindk_t100_seed43.log	python -m surveyor.envs.reacher.eval --solver icem --subgoal surveyor --gdm-ckpt gdm_reacher_s10.pt --gdm-steps 8 --accept-tau 999 --horizon 2 --receding-horizon 2 --source local --local-dir encoder_reacher --h5 "$REACHER_H5" --device cuda --num-eval 128 --seed 43 --cem-seed 43 --episodes-file episodes/reacher_c2222.ep100.s2222.json --goal-offset 100 --eval-budget 200
405	reacher	mppi_router	100	43	logs/rbH_reacher_mppi_router_t100_seed43.log	python -m surveyor.envs.reacher.eval --solver mppi --subgoal router+surveyor --gdm-ckpt gdm_reacher_s10.pt --gdm-steps 8 --accept-tau 0.20 --horizon 2 --receding-horizon 2 --source local --local-dir encoder_reacher --h5 "$REACHER_H5" --device cuda --num-eval 128 --seed 43 --cem-seed 43 --episodes-file episodes/reacher_c2222.ep100.s2222.json --goal-offset 100 --eval-budget 200
406	reacher	mppi_blind2	100	43	logs/rbH_reacher_mppi_blind2_t100_seed43.log	python -m surveyor.envs.reacher.eval --solver mppi --subgoal dspark --no-refine --commit fixed --commit-k 2 --gdm-ckpt gdm_reacher_s10.pt --gdm-steps 8 --horizon 2 --receding-horizon 2 --source local --local-dir encoder_reacher --h5 "$REACHER_H5" --device cuda --num-eval 128 --seed 43 --cem-seed 43 --episodes-file episodes/reacher_c2222.ep100.s2222.json --goal-offset 100 --eval-budget 200
407	reacher	mppi_blindk	100	43	logs/rbH_reacher_mppi_blindk_t100_seed43.log	python -m surveyor.envs.reacher.eval --solver mppi --subgoal surveyor --gdm-ckpt gdm_reacher_s10.pt --gdm-steps 8 --accept-tau 999 --horizon 2 --receding-horizon 2 --source local --local-dir encoder_reacher --h5 "$REACHER_H5" --device cuda --num-eval 128 --seed 43 --cem-seed 43 --episodes-file episodes/reacher_c2222.ep100.s2222.json --goal-offset 100 --eval-budget 200
408	reacher	blind2	100	44	logs/rbH_reacher_blind2_t100_seed44.log	python -m surveyor.envs.reacher.eval --subgoal dspark --no-refine --commit fixed --commit-k 2 --gdm-ckpt gdm_reacher_s10.pt --gdm-steps 8 --horizon 2 --receding-horizon 2 --source local --local-dir encoder_reacher --h5 "$REACHER_H5" --device cuda --num-eval 128 --seed 44 --cem-seed 44 --episodes-file episodes/reacher_c2222.ep100.s2222.json --goal-offset 100 --eval-budget 200
409	reacher	blindk	100	44	logs/rbH_reacher_blindk_t100_seed44.log	python -m surveyor.envs.reacher.eval --subgoal surveyor --gdm-ckpt gdm_reacher_s10.pt --gdm-steps 8 --accept-tau 999 --horizon 2 --receding-horizon 2 --source local --local-dir encoder_reacher --h5 "$REACHER_H5" --device cuda --num-eval 128 --seed 44 --cem-seed 44 --episodes-file episodes/reacher_c2222.ep100.s2222.json --goal-offset 100 --eval-budget 200
410	reacher	icem_router	100	44	logs/rbH_reacher_icem_router_t100_seed44.log	python -m surveyor.envs.reacher.eval --solver icem --subgoal router+surveyor --gdm-ckpt gdm_reacher_s10.pt --gdm-steps 8 --accept-tau 0.20 --horizon 2 --receding-horizon 2 --source local --local-dir encoder_reacher --h5 "$REACHER_H5" --device cuda --num-eval 128 --seed 44 --cem-seed 44 --episodes-file episodes/reacher_c2222.ep100.s2222.json --goal-offset 100 --eval-budget 200
411	reacher	icem_blind2	100	44	logs/rbH_reacher_icem_blind2_t100_seed44.log	python -m surveyor.envs.reacher.eval --solver icem --subgoal dspark --no-refine --commit fixed --commit-k 2 --gdm-ckpt gdm_reacher_s10.pt --gdm-steps 8 --horizon 2 --receding-horizon 2 --source local --local-dir encoder_reacher --h5 "$REACHER_H5" --device cuda --num-eval 128 --seed 44 --cem-seed 44 --episodes-file episodes/reacher_c2222.ep100.s2222.json --goal-offset 100 --eval-budget 200
412	reacher	icem_blindk	100	44	logs/rbH_reacher_icem_blindk_t100_seed44.log	python -m surveyor.envs.reacher.eval --solver icem --subgoal surveyor --gdm-ckpt gdm_reacher_s10.pt --gdm-steps 8 --accept-tau 999 --horizon 2 --receding-horizon 2 --source local --local-dir encoder_reacher --h5 "$REACHER_H5" --device cuda --num-eval 128 --seed 44 --cem-seed 44 --episodes-file episodes/reacher_c2222.ep100.s2222.json --goal-offset 100 --eval-budget 200
413	reacher	mppi_router	100	44	logs/rbH_reacher_mppi_router_t100_seed44.log	python -m surveyor.envs.reacher.eval --solver mppi --subgoal router+surveyor --gdm-ckpt gdm_reacher_s10.pt --gdm-steps 8 --accept-tau 0.20 --horizon 2 --receding-horizon 2 --source local --local-dir encoder_reacher --h5 "$REACHER_H5" --device cuda --num-eval 128 --seed 44 --cem-seed 44 --episodes-file episodes/reacher_c2222.ep100.s2222.json --goal-offset 100 --eval-budget 200
414	reacher	mppi_blind2	100	44	logs/rbH_reacher_mppi_blind2_t100_seed44.log	python -m surveyor.envs.reacher.eval --solver mppi --subgoal dspark --no-refine --commit fixed --commit-k 2 --gdm-ckpt gdm_reacher_s10.pt --gdm-steps 8 --horizon 2 --receding-horizon 2 --source local --local-dir encoder_reacher --h5 "$REACHER_H5" --device cuda --num-eval 128 --seed 44 --cem-seed 44 --episodes-file episodes/reacher_c2222.ep100.s2222.json --goal-offset 100 --eval-budget 200
415	reacher	mppi_blindk	100	44	logs/rbH_reacher_mppi_blindk_t100_seed44.log	python -m surveyor.envs.reacher.eval --solver mppi --subgoal surveyor --gdm-ckpt gdm_reacher_s10.pt --gdm-steps 8 --accept-tau 999 --horizon 2 --receding-horizon 2 --source local --local-dir encoder_reacher --h5 "$REACHER_H5" --device cuda --num-eval 128 --seed 44 --cem-seed 44 --episodes-file episodes/reacher_c2222.ep100.s2222.json --goal-offset 100 --eval-budget 200
416	reacher	blind2	100	45	logs/rbH_reacher_blind2_t100_seed45.log	python -m surveyor.envs.reacher.eval --subgoal dspark --no-refine --commit fixed --commit-k 2 --gdm-ckpt gdm_reacher_s10.pt --gdm-steps 8 --horizon 2 --receding-horizon 2 --source local --local-dir encoder_reacher --h5 "$REACHER_H5" --device cuda --num-eval 128 --seed 45 --cem-seed 45 --episodes-file episodes/reacher_c2222.ep100.s2222.json --goal-offset 100 --eval-budget 200
417	reacher	blindk	100	45	logs/rbH_reacher_blindk_t100_seed45.log	python -m surveyor.envs.reacher.eval --subgoal surveyor --gdm-ckpt gdm_reacher_s10.pt --gdm-steps 8 --accept-tau 999 --horizon 2 --receding-horizon 2 --source local --local-dir encoder_reacher --h5 "$REACHER_H5" --device cuda --num-eval 128 --seed 45 --cem-seed 45 --episodes-file episodes/reacher_c2222.ep100.s2222.json --goal-offset 100 --eval-budget 200
418	reacher	icem_router	100	45	logs/rbH_reacher_icem_router_t100_seed45.log	python -m surveyor.envs.reacher.eval --solver icem --subgoal router+surveyor --gdm-ckpt gdm_reacher_s10.pt --gdm-steps 8 --accept-tau 0.20 --horizon 2 --receding-horizon 2 --source local --local-dir encoder_reacher --h5 "$REACHER_H5" --device cuda --num-eval 128 --seed 45 --cem-seed 45 --episodes-file episodes/reacher_c2222.ep100.s2222.json --goal-offset 100 --eval-budget 200
419	reacher	icem_blind2	100	45	logs/rbH_reacher_icem_blind2_t100_seed45.log	python -m surveyor.envs.reacher.eval --solver icem --subgoal dspark --no-refine --commit fixed --commit-k 2 --gdm-ckpt gdm_reacher_s10.pt --gdm-steps 8 --horizon 2 --receding-horizon 2 --source local --local-dir encoder_reacher --h5 "$REACHER_H5" --device cuda --num-eval 128 --seed 45 --cem-seed 45 --episodes-file episodes/reacher_c2222.ep100.s2222.json --goal-offset 100 --eval-budget 200
420	reacher	icem_blindk	100	45	logs/rbH_reacher_icem_blindk_t100_seed45.log	python -m surveyor.envs.reacher.eval --solver icem --subgoal surveyor --gdm-ckpt gdm_reacher_s10.pt --gdm-steps 8 --accept-tau 999 --horizon 2 --receding-horizon 2 --source local --local-dir encoder_reacher --h5 "$REACHER_H5" --device cuda --num-eval 128 --seed 45 --cem-seed 45 --episodes-file episodes/reacher_c2222.ep100.s2222.json --goal-offset 100 --eval-budget 200
421	reacher	mppi_router	100	45	logs/rbH_reacher_mppi_router_t100_seed45.log	python -m surveyor.envs.reacher.eval --solver mppi --subgoal router+surveyor --gdm-ckpt gdm_reacher_s10.pt --gdm-steps 8 --accept-tau 0.20 --horizon 2 --receding-horizon 2 --source local --local-dir encoder_reacher --h5 "$REACHER_H5" --device cuda --num-eval 128 --seed 45 --cem-seed 45 --episodes-file episodes/reacher_c2222.ep100.s2222.json --goal-offset 100 --eval-budget 200
422	reacher	mppi_blind2	100	45	logs/rbH_reacher_mppi_blind2_t100_seed45.log	python -m surveyor.envs.reacher.eval --solver mppi --subgoal dspark --no-refine --commit fixed --commit-k 2 --gdm-ckpt gdm_reacher_s10.pt --gdm-steps 8 --horizon 2 --receding-horizon 2 --source local --local-dir encoder_reacher --h5 "$REACHER_H5" --device cuda --num-eval 128 --seed 45 --cem-seed 45 --episodes-file episodes/reacher_c2222.ep100.s2222.json --goal-offset 100 --eval-budget 200
423	reacher	mppi_blindk	100	45	logs/rbH_reacher_mppi_blindk_t100_seed45.log	python -m surveyor.envs.reacher.eval --solver mppi --subgoal surveyor --gdm-ckpt gdm_reacher_s10.pt --gdm-steps 8 --accept-tau 999 --horizon 2 --receding-horizon 2 --source local --local-dir encoder_reacher --h5 "$REACHER_H5" --device cuda --num-eval 128 --seed 45 --cem-seed 45 --episodes-file episodes/reacher_c2222.ep100.s2222.json --goal-offset 100 --eval-budget 200
424	reacher	blind2	100	46	logs/rbH_reacher_blind2_t100_seed46.log	python -m surveyor.envs.reacher.eval --subgoal dspark --no-refine --commit fixed --commit-k 2 --gdm-ckpt gdm_reacher_s10.pt --gdm-steps 8 --horizon 2 --receding-horizon 2 --source local --local-dir encoder_reacher --h5 "$REACHER_H5" --device cuda --num-eval 128 --seed 46 --cem-seed 46 --episodes-file episodes/reacher_c2222.ep100.s2222.json --goal-offset 100 --eval-budget 200
425	reacher	blindk	100	46	logs/rbH_reacher_blindk_t100_seed46.log	python -m surveyor.envs.reacher.eval --subgoal surveyor --gdm-ckpt gdm_reacher_s10.pt --gdm-steps 8 --accept-tau 999 --horizon 2 --receding-horizon 2 --source local --local-dir encoder_reacher --h5 "$REACHER_H5" --device cuda --num-eval 128 --seed 46 --cem-seed 46 --episodes-file episodes/reacher_c2222.ep100.s2222.json --goal-offset 100 --eval-budget 200
426	reacher	icem_router	100	46	logs/rbH_reacher_icem_router_t100_seed46.log	python -m surveyor.envs.reacher.eval --solver icem --subgoal router+surveyor --gdm-ckpt gdm_reacher_s10.pt --gdm-steps 8 --accept-tau 0.20 --horizon 2 --receding-horizon 2 --source local --local-dir encoder_reacher --h5 "$REACHER_H5" --device cuda --num-eval 128 --seed 46 --cem-seed 46 --episodes-file episodes/reacher_c2222.ep100.s2222.json --goal-offset 100 --eval-budget 200
427	reacher	icem_blind2	100	46	logs/rbH_reacher_icem_blind2_t100_seed46.log	python -m surveyor.envs.reacher.eval --solver icem --subgoal dspark --no-refine --commit fixed --commit-k 2 --gdm-ckpt gdm_reacher_s10.pt --gdm-steps 8 --horizon 2 --receding-horizon 2 --source local --local-dir encoder_reacher --h5 "$REACHER_H5" --device cuda --num-eval 128 --seed 46 --cem-seed 46 --episodes-file episodes/reacher_c2222.ep100.s2222.json --goal-offset 100 --eval-budget 200
428	reacher	icem_blindk	100	46	logs/rbH_reacher_icem_blindk_t100_seed46.log	python -m surveyor.envs.reacher.eval --solver icem --subgoal surveyor --gdm-ckpt gdm_reacher_s10.pt --gdm-steps 8 --accept-tau 999 --horizon 2 --receding-horizon 2 --source local --local-dir encoder_reacher --h5 "$REACHER_H5" --device cuda --num-eval 128 --seed 46 --cem-seed 46 --episodes-file episodes/reacher_c2222.ep100.s2222.json --goal-offset 100 --eval-budget 200
429	reacher	mppi_router	100	46	logs/rbH_reacher_mppi_router_t100_seed46.log	python -m surveyor.envs.reacher.eval --solver mppi --subgoal router+surveyor --gdm-ckpt gdm_reacher_s10.pt --gdm-steps 8 --accept-tau 0.20 --horizon 2 --receding-horizon 2 --source local --local-dir encoder_reacher --h5 "$REACHER_H5" --device cuda --num-eval 128 --seed 46 --cem-seed 46 --episodes-file episodes/reacher_c2222.ep100.s2222.json --goal-offset 100 --eval-budget 200
430	reacher	mppi_blind2	100	46	logs/rbH_reacher_mppi_blind2_t100_seed46.log	python -m surveyor.envs.reacher.eval --solver mppi --subgoal dspark --no-refine --commit fixed --commit-k 2 --gdm-ckpt gdm_reacher_s10.pt --gdm-steps 8 --horizon 2 --receding-horizon 2 --source local --local-dir encoder_reacher --h5 "$REACHER_H5" --device cuda --num-eval 128 --seed 46 --cem-seed 46 --episodes-file episodes/reacher_c2222.ep100.s2222.json --goal-offset 100 --eval-budget 200
431	reacher	mppi_blindk	100	46	logs/rbH_reacher_mppi_blindk_t100_seed46.log	python -m surveyor.envs.reacher.eval --solver mppi --subgoal surveyor --gdm-ckpt gdm_reacher_s10.pt --gdm-steps 8 --accept-tau 999 --horizon 2 --receding-horizon 2 --source local --local-dir encoder_reacher --h5 "$REACHER_H5" --device cuda --num-eval 128 --seed 46 --cem-seed 46 --episodes-file episodes/reacher_c2222.ep100.s2222.json --goal-offset 100 --eval-budget 200
432	reacher	blind2	100	47	logs/rbH_reacher_blind2_t100_seed47.log	python -m surveyor.envs.reacher.eval --subgoal dspark --no-refine --commit fixed --commit-k 2 --gdm-ckpt gdm_reacher_s10.pt --gdm-steps 8 --horizon 2 --receding-horizon 2 --source local --local-dir encoder_reacher --h5 "$REACHER_H5" --device cuda --num-eval 128 --seed 47 --cem-seed 47 --episodes-file episodes/reacher_c2222.ep100.s2222.json --goal-offset 100 --eval-budget 200
433	reacher	blindk	100	47	logs/rbH_reacher_blindk_t100_seed47.log	python -m surveyor.envs.reacher.eval --subgoal surveyor --gdm-ckpt gdm_reacher_s10.pt --gdm-steps 8 --accept-tau 999 --horizon 2 --receding-horizon 2 --source local --local-dir encoder_reacher --h5 "$REACHER_H5" --device cuda --num-eval 128 --seed 47 --cem-seed 47 --episodes-file episodes/reacher_c2222.ep100.s2222.json --goal-offset 100 --eval-budget 200
434	reacher	icem_router	100	47	logs/rbH_reacher_icem_router_t100_seed47.log	python -m surveyor.envs.reacher.eval --solver icem --subgoal router+surveyor --gdm-ckpt gdm_reacher_s10.pt --gdm-steps 8 --accept-tau 0.20 --horizon 2 --receding-horizon 2 --source local --local-dir encoder_reacher --h5 "$REACHER_H5" --device cuda --num-eval 128 --seed 47 --cem-seed 47 --episodes-file episodes/reacher_c2222.ep100.s2222.json --goal-offset 100 --eval-budget 200
435	reacher	icem_blind2	100	47	logs/rbH_reacher_icem_blind2_t100_seed47.log	python -m surveyor.envs.reacher.eval --solver icem --subgoal dspark --no-refine --commit fixed --commit-k 2 --gdm-ckpt gdm_reacher_s10.pt --gdm-steps 8 --horizon 2 --receding-horizon 2 --source local --local-dir encoder_reacher --h5 "$REACHER_H5" --device cuda --num-eval 128 --seed 47 --cem-seed 47 --episodes-file episodes/reacher_c2222.ep100.s2222.json --goal-offset 100 --eval-budget 200
436	reacher	icem_blindk	100	47	logs/rbH_reacher_icem_blindk_t100_seed47.log	python -m surveyor.envs.reacher.eval --solver icem --subgoal surveyor --gdm-ckpt gdm_reacher_s10.pt --gdm-steps 8 --accept-tau 999 --horizon 2 --receding-horizon 2 --source local --local-dir encoder_reacher --h5 "$REACHER_H5" --device cuda --num-eval 128 --seed 47 --cem-seed 47 --episodes-file episodes/reacher_c2222.ep100.s2222.json --goal-offset 100 --eval-budget 200
437	reacher	mppi_router	100	47	logs/rbH_reacher_mppi_router_t100_seed47.log	python -m surveyor.envs.reacher.eval --solver mppi --subgoal router+surveyor --gdm-ckpt gdm_reacher_s10.pt --gdm-steps 8 --accept-tau 0.20 --horizon 2 --receding-horizon 2 --source local --local-dir encoder_reacher --h5 "$REACHER_H5" --device cuda --num-eval 128 --seed 47 --cem-seed 47 --episodes-file episodes/reacher_c2222.ep100.s2222.json --goal-offset 100 --eval-budget 200
438	reacher	mppi_blind2	100	47	logs/rbH_reacher_mppi_blind2_t100_seed47.log	python -m surveyor.envs.reacher.eval --solver mppi --subgoal dspark --no-refine --commit fixed --commit-k 2 --gdm-ckpt gdm_reacher_s10.pt --gdm-steps 8 --horizon 2 --receding-horizon 2 --source local --local-dir encoder_reacher --h5 "$REACHER_H5" --device cuda --num-eval 128 --seed 47 --cem-seed 47 --episodes-file episodes/reacher_c2222.ep100.s2222.json --goal-offset 100 --eval-budget 200
439	reacher	mppi_blindk	100	47	logs/rbH_reacher_mppi_blindk_t100_seed47.log	python -m surveyor.envs.reacher.eval --solver mppi --subgoal surveyor --gdm-ckpt gdm_reacher_s10.pt --gdm-steps 8 --accept-tau 999 --horizon 2 --receding-horizon 2 --source local --local-dir encoder_reacher --h5 "$REACHER_H5" --device cuda --num-eval 128 --seed 47 --cem-seed 47 --episodes-file episodes/reacher_c2222.ep100.s2222.json --goal-offset 100 --eval-budget 200
440	reacher	blind2	100	48	logs/rbH_reacher_blind2_t100_seed48.log	python -m surveyor.envs.reacher.eval --subgoal dspark --no-refine --commit fixed --commit-k 2 --gdm-ckpt gdm_reacher_s10.pt --gdm-steps 8 --horizon 2 --receding-horizon 2 --source local --local-dir encoder_reacher --h5 "$REACHER_H5" --device cuda --num-eval 128 --seed 48 --cem-seed 48 --episodes-file episodes/reacher_c2222.ep100.s2222.json --goal-offset 100 --eval-budget 200
441	reacher	blindk	100	48	logs/rbH_reacher_blindk_t100_seed48.log	python -m surveyor.envs.reacher.eval --subgoal surveyor --gdm-ckpt gdm_reacher_s10.pt --gdm-steps 8 --accept-tau 999 --horizon 2 --receding-horizon 2 --source local --local-dir encoder_reacher --h5 "$REACHER_H5" --device cuda --num-eval 128 --seed 48 --cem-seed 48 --episodes-file episodes/reacher_c2222.ep100.s2222.json --goal-offset 100 --eval-budget 200
442	reacher	icem_router	100	48	logs/rbH_reacher_icem_router_t100_seed48.log	python -m surveyor.envs.reacher.eval --solver icem --subgoal router+surveyor --gdm-ckpt gdm_reacher_s10.pt --gdm-steps 8 --accept-tau 0.20 --horizon 2 --receding-horizon 2 --source local --local-dir encoder_reacher --h5 "$REACHER_H5" --device cuda --num-eval 128 --seed 48 --cem-seed 48 --episodes-file episodes/reacher_c2222.ep100.s2222.json --goal-offset 100 --eval-budget 200
443	reacher	icem_blind2	100	48	logs/rbH_reacher_icem_blind2_t100_seed48.log	python -m surveyor.envs.reacher.eval --solver icem --subgoal dspark --no-refine --commit fixed --commit-k 2 --gdm-ckpt gdm_reacher_s10.pt --gdm-steps 8 --horizon 2 --receding-horizon 2 --source local --local-dir encoder_reacher --h5 "$REACHER_H5" --device cuda --num-eval 128 --seed 48 --cem-seed 48 --episodes-file episodes/reacher_c2222.ep100.s2222.json --goal-offset 100 --eval-budget 200
444	reacher	icem_blindk	100	48	logs/rbH_reacher_icem_blindk_t100_seed48.log	python -m surveyor.envs.reacher.eval --solver icem --subgoal surveyor --gdm-ckpt gdm_reacher_s10.pt --gdm-steps 8 --accept-tau 999 --horizon 2 --receding-horizon 2 --source local --local-dir encoder_reacher --h5 "$REACHER_H5" --device cuda --num-eval 128 --seed 48 --cem-seed 48 --episodes-file episodes/reacher_c2222.ep100.s2222.json --goal-offset 100 --eval-budget 200
445	reacher	mppi_router	100	48	logs/rbH_reacher_mppi_router_t100_seed48.log	python -m surveyor.envs.reacher.eval --solver mppi --subgoal router+surveyor --gdm-ckpt gdm_reacher_s10.pt --gdm-steps 8 --accept-tau 0.20 --horizon 2 --receding-horizon 2 --source local --local-dir encoder_reacher --h5 "$REACHER_H5" --device cuda --num-eval 128 --seed 48 --cem-seed 48 --episodes-file episodes/reacher_c2222.ep100.s2222.json --goal-offset 100 --eval-budget 200
446	reacher	mppi_blind2	100	48	logs/rbH_reacher_mppi_blind2_t100_seed48.log	python -m surveyor.envs.reacher.eval --solver mppi --subgoal dspark --no-refine --commit fixed --commit-k 2 --gdm-ckpt gdm_reacher_s10.pt --gdm-steps 8 --horizon 2 --receding-horizon 2 --source local --local-dir encoder_reacher --h5 "$REACHER_H5" --device cuda --num-eval 128 --seed 48 --cem-seed 48 --episodes-file episodes/reacher_c2222.ep100.s2222.json --goal-offset 100 --eval-budget 200
447	reacher	mppi_blindk	100	48	logs/rbH_reacher_mppi_blindk_t100_seed48.log	python -m surveyor.envs.reacher.eval --solver mppi --subgoal surveyor --gdm-ckpt gdm_reacher_s10.pt --gdm-steps 8 --accept-tau 999 --horizon 2 --receding-horizon 2 --source local --local-dir encoder_reacher --h5 "$REACHER_H5" --device cuda --num-eval 128 --seed 48 --cem-seed 48 --episodes-file episodes/reacher_c2222.ep100.s2222.json --goal-offset 100 --eval-budget 200
448	reacher	blind2	100	49	logs/rbH_reacher_blind2_t100_seed49.log	python -m surveyor.envs.reacher.eval --subgoal dspark --no-refine --commit fixed --commit-k 2 --gdm-ckpt gdm_reacher_s10.pt --gdm-steps 8 --horizon 2 --receding-horizon 2 --source local --local-dir encoder_reacher --h5 "$REACHER_H5" --device cuda --num-eval 128 --seed 49 --cem-seed 49 --episodes-file episodes/reacher_c2222.ep100.s2222.json --goal-offset 100 --eval-budget 200
449	reacher	blindk	100	49	logs/rbH_reacher_blindk_t100_seed49.log	python -m surveyor.envs.reacher.eval --subgoal surveyor --gdm-ckpt gdm_reacher_s10.pt --gdm-steps 8 --accept-tau 999 --horizon 2 --receding-horizon 2 --source local --local-dir encoder_reacher --h5 "$REACHER_H5" --device cuda --num-eval 128 --seed 49 --cem-seed 49 --episodes-file episodes/reacher_c2222.ep100.s2222.json --goal-offset 100 --eval-budget 200
450	reacher	icem_router	100	49	logs/rbH_reacher_icem_router_t100_seed49.log	python -m surveyor.envs.reacher.eval --solver icem --subgoal router+surveyor --gdm-ckpt gdm_reacher_s10.pt --gdm-steps 8 --accept-tau 0.20 --horizon 2 --receding-horizon 2 --source local --local-dir encoder_reacher --h5 "$REACHER_H5" --device cuda --num-eval 128 --seed 49 --cem-seed 49 --episodes-file episodes/reacher_c2222.ep100.s2222.json --goal-offset 100 --eval-budget 200
451	reacher	icem_blind2	100	49	logs/rbH_reacher_icem_blind2_t100_seed49.log	python -m surveyor.envs.reacher.eval --solver icem --subgoal dspark --no-refine --commit fixed --commit-k 2 --gdm-ckpt gdm_reacher_s10.pt --gdm-steps 8 --horizon 2 --receding-horizon 2 --source local --local-dir encoder_reacher --h5 "$REACHER_H5" --device cuda --num-eval 128 --seed 49 --cem-seed 49 --episodes-file episodes/reacher_c2222.ep100.s2222.json --goal-offset 100 --eval-budget 200
452	reacher	icem_blindk	100	49	logs/rbH_reacher_icem_blindk_t100_seed49.log	python -m surveyor.envs.reacher.eval --solver icem --subgoal surveyor --gdm-ckpt gdm_reacher_s10.pt --gdm-steps 8 --accept-tau 999 --horizon 2 --receding-horizon 2 --source local --local-dir encoder_reacher --h5 "$REACHER_H5" --device cuda --num-eval 128 --seed 49 --cem-seed 49 --episodes-file episodes/reacher_c2222.ep100.s2222.json --goal-offset 100 --eval-budget 200
453	reacher	mppi_router	100	49	logs/rbH_reacher_mppi_router_t100_seed49.log	python -m surveyor.envs.reacher.eval --solver mppi --subgoal router+surveyor --gdm-ckpt gdm_reacher_s10.pt --gdm-steps 8 --accept-tau 0.20 --horizon 2 --receding-horizon 2 --source local --local-dir encoder_reacher --h5 "$REACHER_H5" --device cuda --num-eval 128 --seed 49 --cem-seed 49 --episodes-file episodes/reacher_c2222.ep100.s2222.json --goal-offset 100 --eval-budget 200
454	reacher	mppi_blind2	100	49	logs/rbH_reacher_mppi_blind2_t100_seed49.log	python -m surveyor.envs.reacher.eval --solver mppi --subgoal dspark --no-refine --commit fixed --commit-k 2 --gdm-ckpt gdm_reacher_s10.pt --gdm-steps 8 --horizon 2 --receding-horizon 2 --source local --local-dir encoder_reacher --h5 "$REACHER_H5" --device cuda --num-eval 128 --seed 49 --cem-seed 49 --episodes-file episodes/reacher_c2222.ep100.s2222.json --goal-offset 100 --eval-budget 200
455	reacher	mppi_blindk	100	49	logs/rbH_reacher_mppi_blindk_t100_seed49.log	python -m surveyor.envs.reacher.eval --solver mppi --subgoal surveyor --gdm-ckpt gdm_reacher_s10.pt --gdm-steps 8 --accept-tau 999 --horizon 2 --receding-horizon 2 --source local --local-dir encoder_reacher --h5 "$REACHER_H5" --device cuda --num-eval 128 --seed 49 --cem-seed 49 --episodes-file episodes/reacher_c2222.ep100.s2222.json --goal-offset 100 --eval-budget 200
456	reacher	blind2	150	42	logs/rbH_reacher_blind2_t150_seed42.log	python -m surveyor.envs.reacher.eval --subgoal dspark --no-refine --commit fixed --commit-k 2 --gdm-ckpt gdm_reacher_s10.pt --gdm-steps 8 --horizon 2 --receding-horizon 2 --source local --local-dir encoder_reacher --h5 "$REACHER_H5" --device cuda --num-eval 128 --seed 42 --cem-seed 42 --episodes-file episodes/reacher_c2222.ep150.s2222.json --goal-offset 150 --eval-budget 300
457	reacher	blindk	150	42	logs/rbH_reacher_blindk_t150_seed42.log	python -m surveyor.envs.reacher.eval --subgoal surveyor --gdm-ckpt gdm_reacher_s10.pt --gdm-steps 8 --accept-tau 999 --horizon 2 --receding-horizon 2 --source local --local-dir encoder_reacher --h5 "$REACHER_H5" --device cuda --num-eval 128 --seed 42 --cem-seed 42 --episodes-file episodes/reacher_c2222.ep150.s2222.json --goal-offset 150 --eval-budget 300
458	reacher	icem_router	150	42	logs/rbH_reacher_icem_router_t150_seed42.log	python -m surveyor.envs.reacher.eval --solver icem --subgoal router+surveyor --gdm-ckpt gdm_reacher_s10.pt --gdm-steps 8 --accept-tau 0.20 --horizon 2 --receding-horizon 2 --source local --local-dir encoder_reacher --h5 "$REACHER_H5" --device cuda --num-eval 128 --seed 42 --cem-seed 42 --episodes-file episodes/reacher_c2222.ep150.s2222.json --goal-offset 150 --eval-budget 300
459	reacher	icem_blind2	150	42	logs/rbH_reacher_icem_blind2_t150_seed42.log	python -m surveyor.envs.reacher.eval --solver icem --subgoal dspark --no-refine --commit fixed --commit-k 2 --gdm-ckpt gdm_reacher_s10.pt --gdm-steps 8 --horizon 2 --receding-horizon 2 --source local --local-dir encoder_reacher --h5 "$REACHER_H5" --device cuda --num-eval 128 --seed 42 --cem-seed 42 --episodes-file episodes/reacher_c2222.ep150.s2222.json --goal-offset 150 --eval-budget 300
460	reacher	icem_blindk	150	42	logs/rbH_reacher_icem_blindk_t150_seed42.log	python -m surveyor.envs.reacher.eval --solver icem --subgoal surveyor --gdm-ckpt gdm_reacher_s10.pt --gdm-steps 8 --accept-tau 999 --horizon 2 --receding-horizon 2 --source local --local-dir encoder_reacher --h5 "$REACHER_H5" --device cuda --num-eval 128 --seed 42 --cem-seed 42 --episodes-file episodes/reacher_c2222.ep150.s2222.json --goal-offset 150 --eval-budget 300
461	reacher	mppi_router	150	42	logs/rbH_reacher_mppi_router_t150_seed42.log	python -m surveyor.envs.reacher.eval --solver mppi --subgoal router+surveyor --gdm-ckpt gdm_reacher_s10.pt --gdm-steps 8 --accept-tau 0.20 --horizon 2 --receding-horizon 2 --source local --local-dir encoder_reacher --h5 "$REACHER_H5" --device cuda --num-eval 128 --seed 42 --cem-seed 42 --episodes-file episodes/reacher_c2222.ep150.s2222.json --goal-offset 150 --eval-budget 300
462	reacher	mppi_blind2	150	42	logs/rbH_reacher_mppi_blind2_t150_seed42.log	python -m surveyor.envs.reacher.eval --solver mppi --subgoal dspark --no-refine --commit fixed --commit-k 2 --gdm-ckpt gdm_reacher_s10.pt --gdm-steps 8 --horizon 2 --receding-horizon 2 --source local --local-dir encoder_reacher --h5 "$REACHER_H5" --device cuda --num-eval 128 --seed 42 --cem-seed 42 --episodes-file episodes/reacher_c2222.ep150.s2222.json --goal-offset 150 --eval-budget 300
463	reacher	mppi_blindk	150	42	logs/rbH_reacher_mppi_blindk_t150_seed42.log	python -m surveyor.envs.reacher.eval --solver mppi --subgoal surveyor --gdm-ckpt gdm_reacher_s10.pt --gdm-steps 8 --accept-tau 999 --horizon 2 --receding-horizon 2 --source local --local-dir encoder_reacher --h5 "$REACHER_H5" --device cuda --num-eval 128 --seed 42 --cem-seed 42 --episodes-file episodes/reacher_c2222.ep150.s2222.json --goal-offset 150 --eval-budget 300
464	reacher	blind2	150	43	logs/rbH_reacher_blind2_t150_seed43.log	python -m surveyor.envs.reacher.eval --subgoal dspark --no-refine --commit fixed --commit-k 2 --gdm-ckpt gdm_reacher_s10.pt --gdm-steps 8 --horizon 2 --receding-horizon 2 --source local --local-dir encoder_reacher --h5 "$REACHER_H5" --device cuda --num-eval 128 --seed 43 --cem-seed 43 --episodes-file episodes/reacher_c2222.ep150.s2222.json --goal-offset 150 --eval-budget 300
465	reacher	blindk	150	43	logs/rbH_reacher_blindk_t150_seed43.log	python -m surveyor.envs.reacher.eval --subgoal surveyor --gdm-ckpt gdm_reacher_s10.pt --gdm-steps 8 --accept-tau 999 --horizon 2 --receding-horizon 2 --source local --local-dir encoder_reacher --h5 "$REACHER_H5" --device cuda --num-eval 128 --seed 43 --cem-seed 43 --episodes-file episodes/reacher_c2222.ep150.s2222.json --goal-offset 150 --eval-budget 300
466	reacher	icem_router	150	43	logs/rbH_reacher_icem_router_t150_seed43.log	python -m surveyor.envs.reacher.eval --solver icem --subgoal router+surveyor --gdm-ckpt gdm_reacher_s10.pt --gdm-steps 8 --accept-tau 0.20 --horizon 2 --receding-horizon 2 --source local --local-dir encoder_reacher --h5 "$REACHER_H5" --device cuda --num-eval 128 --seed 43 --cem-seed 43 --episodes-file episodes/reacher_c2222.ep150.s2222.json --goal-offset 150 --eval-budget 300
467	reacher	icem_blind2	150	43	logs/rbH_reacher_icem_blind2_t150_seed43.log	python -m surveyor.envs.reacher.eval --solver icem --subgoal dspark --no-refine --commit fixed --commit-k 2 --gdm-ckpt gdm_reacher_s10.pt --gdm-steps 8 --horizon 2 --receding-horizon 2 --source local --local-dir encoder_reacher --h5 "$REACHER_H5" --device cuda --num-eval 128 --seed 43 --cem-seed 43 --episodes-file episodes/reacher_c2222.ep150.s2222.json --goal-offset 150 --eval-budget 300
468	reacher	icem_blindk	150	43	logs/rbH_reacher_icem_blindk_t150_seed43.log	python -m surveyor.envs.reacher.eval --solver icem --subgoal surveyor --gdm-ckpt gdm_reacher_s10.pt --gdm-steps 8 --accept-tau 999 --horizon 2 --receding-horizon 2 --source local --local-dir encoder_reacher --h5 "$REACHER_H5" --device cuda --num-eval 128 --seed 43 --cem-seed 43 --episodes-file episodes/reacher_c2222.ep150.s2222.json --goal-offset 150 --eval-budget 300
469	reacher	mppi_router	150	43	logs/rbH_reacher_mppi_router_t150_seed43.log	python -m surveyor.envs.reacher.eval --solver mppi --subgoal router+surveyor --gdm-ckpt gdm_reacher_s10.pt --gdm-steps 8 --accept-tau 0.20 --horizon 2 --receding-horizon 2 --source local --local-dir encoder_reacher --h5 "$REACHER_H5" --device cuda --num-eval 128 --seed 43 --cem-seed 43 --episodes-file episodes/reacher_c2222.ep150.s2222.json --goal-offset 150 --eval-budget 300
470	reacher	mppi_blind2	150	43	logs/rbH_reacher_mppi_blind2_t150_seed43.log	python -m surveyor.envs.reacher.eval --solver mppi --subgoal dspark --no-refine --commit fixed --commit-k 2 --gdm-ckpt gdm_reacher_s10.pt --gdm-steps 8 --horizon 2 --receding-horizon 2 --source local --local-dir encoder_reacher --h5 "$REACHER_H5" --device cuda --num-eval 128 --seed 43 --cem-seed 43 --episodes-file episodes/reacher_c2222.ep150.s2222.json --goal-offset 150 --eval-budget 300
471	reacher	mppi_blindk	150	43	logs/rbH_reacher_mppi_blindk_t150_seed43.log	python -m surveyor.envs.reacher.eval --solver mppi --subgoal surveyor --gdm-ckpt gdm_reacher_s10.pt --gdm-steps 8 --accept-tau 999 --horizon 2 --receding-horizon 2 --source local --local-dir encoder_reacher --h5 "$REACHER_H5" --device cuda --num-eval 128 --seed 43 --cem-seed 43 --episodes-file episodes/reacher_c2222.ep150.s2222.json --goal-offset 150 --eval-budget 300
472	reacher	blind2	150	44	logs/rbH_reacher_blind2_t150_seed44.log	python -m surveyor.envs.reacher.eval --subgoal dspark --no-refine --commit fixed --commit-k 2 --gdm-ckpt gdm_reacher_s10.pt --gdm-steps 8 --horizon 2 --receding-horizon 2 --source local --local-dir encoder_reacher --h5 "$REACHER_H5" --device cuda --num-eval 128 --seed 44 --cem-seed 44 --episodes-file episodes/reacher_c2222.ep150.s2222.json --goal-offset 150 --eval-budget 300
473	reacher	blindk	150	44	logs/rbH_reacher_blindk_t150_seed44.log	python -m surveyor.envs.reacher.eval --subgoal surveyor --gdm-ckpt gdm_reacher_s10.pt --gdm-steps 8 --accept-tau 999 --horizon 2 --receding-horizon 2 --source local --local-dir encoder_reacher --h5 "$REACHER_H5" --device cuda --num-eval 128 --seed 44 --cem-seed 44 --episodes-file episodes/reacher_c2222.ep150.s2222.json --goal-offset 150 --eval-budget 300
474	reacher	icem_router	150	44	logs/rbH_reacher_icem_router_t150_seed44.log	python -m surveyor.envs.reacher.eval --solver icem --subgoal router+surveyor --gdm-ckpt gdm_reacher_s10.pt --gdm-steps 8 --accept-tau 0.20 --horizon 2 --receding-horizon 2 --source local --local-dir encoder_reacher --h5 "$REACHER_H5" --device cuda --num-eval 128 --seed 44 --cem-seed 44 --episodes-file episodes/reacher_c2222.ep150.s2222.json --goal-offset 150 --eval-budget 300
475	reacher	icem_blind2	150	44	logs/rbH_reacher_icem_blind2_t150_seed44.log	python -m surveyor.envs.reacher.eval --solver icem --subgoal dspark --no-refine --commit fixed --commit-k 2 --gdm-ckpt gdm_reacher_s10.pt --gdm-steps 8 --horizon 2 --receding-horizon 2 --source local --local-dir encoder_reacher --h5 "$REACHER_H5" --device cuda --num-eval 128 --seed 44 --cem-seed 44 --episodes-file episodes/reacher_c2222.ep150.s2222.json --goal-offset 150 --eval-budget 300
476	reacher	icem_blindk	150	44	logs/rbH_reacher_icem_blindk_t150_seed44.log	python -m surveyor.envs.reacher.eval --solver icem --subgoal surveyor --gdm-ckpt gdm_reacher_s10.pt --gdm-steps 8 --accept-tau 999 --horizon 2 --receding-horizon 2 --source local --local-dir encoder_reacher --h5 "$REACHER_H5" --device cuda --num-eval 128 --seed 44 --cem-seed 44 --episodes-file episodes/reacher_c2222.ep150.s2222.json --goal-offset 150 --eval-budget 300
477	reacher	mppi_router	150	44	logs/rbH_reacher_mppi_router_t150_seed44.log	python -m surveyor.envs.reacher.eval --solver mppi --subgoal router+surveyor --gdm-ckpt gdm_reacher_s10.pt --gdm-steps 8 --accept-tau 0.20 --horizon 2 --receding-horizon 2 --source local --local-dir encoder_reacher --h5 "$REACHER_H5" --device cuda --num-eval 128 --seed 44 --cem-seed 44 --episodes-file episodes/reacher_c2222.ep150.s2222.json --goal-offset 150 --eval-budget 300
478	reacher	mppi_blind2	150	44	logs/rbH_reacher_mppi_blind2_t150_seed44.log	python -m surveyor.envs.reacher.eval --solver mppi --subgoal dspark --no-refine --commit fixed --commit-k 2 --gdm-ckpt gdm_reacher_s10.pt --gdm-steps 8 --horizon 2 --receding-horizon 2 --source local --local-dir encoder_reacher --h5 "$REACHER_H5" --device cuda --num-eval 128 --seed 44 --cem-seed 44 --episodes-file episodes/reacher_c2222.ep150.s2222.json --goal-offset 150 --eval-budget 300
479	reacher	mppi_blindk	150	44	logs/rbH_reacher_mppi_blindk_t150_seed44.log	python -m surveyor.envs.reacher.eval --solver mppi --subgoal surveyor --gdm-ckpt gdm_reacher_s10.pt --gdm-steps 8 --accept-tau 999 --horizon 2 --receding-horizon 2 --source local --local-dir encoder_reacher --h5 "$REACHER_H5" --device cuda --num-eval 128 --seed 44 --cem-seed 44 --episodes-file episodes/reacher_c2222.ep150.s2222.json --goal-offset 150 --eval-budget 300
480	reacher	blind2	150	45	logs/rbH_reacher_blind2_t150_seed45.log	python -m surveyor.envs.reacher.eval --subgoal dspark --no-refine --commit fixed --commit-k 2 --gdm-ckpt gdm_reacher_s10.pt --gdm-steps 8 --horizon 2 --receding-horizon 2 --source local --local-dir encoder_reacher --h5 "$REACHER_H5" --device cuda --num-eval 128 --seed 45 --cem-seed 45 --episodes-file episodes/reacher_c2222.ep150.s2222.json --goal-offset 150 --eval-budget 300
481	reacher	blindk	150	45	logs/rbH_reacher_blindk_t150_seed45.log	python -m surveyor.envs.reacher.eval --subgoal surveyor --gdm-ckpt gdm_reacher_s10.pt --gdm-steps 8 --accept-tau 999 --horizon 2 --receding-horizon 2 --source local --local-dir encoder_reacher --h5 "$REACHER_H5" --device cuda --num-eval 128 --seed 45 --cem-seed 45 --episodes-file episodes/reacher_c2222.ep150.s2222.json --goal-offset 150 --eval-budget 300
482	reacher	icem_router	150	45	logs/rbH_reacher_icem_router_t150_seed45.log	python -m surveyor.envs.reacher.eval --solver icem --subgoal router+surveyor --gdm-ckpt gdm_reacher_s10.pt --gdm-steps 8 --accept-tau 0.20 --horizon 2 --receding-horizon 2 --source local --local-dir encoder_reacher --h5 "$REACHER_H5" --device cuda --num-eval 128 --seed 45 --cem-seed 45 --episodes-file episodes/reacher_c2222.ep150.s2222.json --goal-offset 150 --eval-budget 300
483	reacher	icem_blind2	150	45	logs/rbH_reacher_icem_blind2_t150_seed45.log	python -m surveyor.envs.reacher.eval --solver icem --subgoal dspark --no-refine --commit fixed --commit-k 2 --gdm-ckpt gdm_reacher_s10.pt --gdm-steps 8 --horizon 2 --receding-horizon 2 --source local --local-dir encoder_reacher --h5 "$REACHER_H5" --device cuda --num-eval 128 --seed 45 --cem-seed 45 --episodes-file episodes/reacher_c2222.ep150.s2222.json --goal-offset 150 --eval-budget 300
484	reacher	icem_blindk	150	45	logs/rbH_reacher_icem_blindk_t150_seed45.log	python -m surveyor.envs.reacher.eval --solver icem --subgoal surveyor --gdm-ckpt gdm_reacher_s10.pt --gdm-steps 8 --accept-tau 999 --horizon 2 --receding-horizon 2 --source local --local-dir encoder_reacher --h5 "$REACHER_H5" --device cuda --num-eval 128 --seed 45 --cem-seed 45 --episodes-file episodes/reacher_c2222.ep150.s2222.json --goal-offset 150 --eval-budget 300
485	reacher	mppi_router	150	45	logs/rbH_reacher_mppi_router_t150_seed45.log	python -m surveyor.envs.reacher.eval --solver mppi --subgoal router+surveyor --gdm-ckpt gdm_reacher_s10.pt --gdm-steps 8 --accept-tau 0.20 --horizon 2 --receding-horizon 2 --source local --local-dir encoder_reacher --h5 "$REACHER_H5" --device cuda --num-eval 128 --seed 45 --cem-seed 45 --episodes-file episodes/reacher_c2222.ep150.s2222.json --goal-offset 150 --eval-budget 300
486	reacher	mppi_blind2	150	45	logs/rbH_reacher_mppi_blind2_t150_seed45.log	python -m surveyor.envs.reacher.eval --solver mppi --subgoal dspark --no-refine --commit fixed --commit-k 2 --gdm-ckpt gdm_reacher_s10.pt --gdm-steps 8 --horizon 2 --receding-horizon 2 --source local --local-dir encoder_reacher --h5 "$REACHER_H5" --device cuda --num-eval 128 --seed 45 --cem-seed 45 --episodes-file episodes/reacher_c2222.ep150.s2222.json --goal-offset 150 --eval-budget 300
487	reacher	mppi_blindk	150	45	logs/rbH_reacher_mppi_blindk_t150_seed45.log	python -m surveyor.envs.reacher.eval --solver mppi --subgoal surveyor --gdm-ckpt gdm_reacher_s10.pt --gdm-steps 8 --accept-tau 999 --horizon 2 --receding-horizon 2 --source local --local-dir encoder_reacher --h5 "$REACHER_H5" --device cuda --num-eval 128 --seed 45 --cem-seed 45 --episodes-file episodes/reacher_c2222.ep150.s2222.json --goal-offset 150 --eval-budget 300
488	reacher	blind2	150	46	logs/rbH_reacher_blind2_t150_seed46.log	python -m surveyor.envs.reacher.eval --subgoal dspark --no-refine --commit fixed --commit-k 2 --gdm-ckpt gdm_reacher_s10.pt --gdm-steps 8 --horizon 2 --receding-horizon 2 --source local --local-dir encoder_reacher --h5 "$REACHER_H5" --device cuda --num-eval 128 --seed 46 --cem-seed 46 --episodes-file episodes/reacher_c2222.ep150.s2222.json --goal-offset 150 --eval-budget 300
489	reacher	blindk	150	46	logs/rbH_reacher_blindk_t150_seed46.log	python -m surveyor.envs.reacher.eval --subgoal surveyor --gdm-ckpt gdm_reacher_s10.pt --gdm-steps 8 --accept-tau 999 --horizon 2 --receding-horizon 2 --source local --local-dir encoder_reacher --h5 "$REACHER_H5" --device cuda --num-eval 128 --seed 46 --cem-seed 46 --episodes-file episodes/reacher_c2222.ep150.s2222.json --goal-offset 150 --eval-budget 300
490	reacher	icem_router	150	46	logs/rbH_reacher_icem_router_t150_seed46.log	python -m surveyor.envs.reacher.eval --solver icem --subgoal router+surveyor --gdm-ckpt gdm_reacher_s10.pt --gdm-steps 8 --accept-tau 0.20 --horizon 2 --receding-horizon 2 --source local --local-dir encoder_reacher --h5 "$REACHER_H5" --device cuda --num-eval 128 --seed 46 --cem-seed 46 --episodes-file episodes/reacher_c2222.ep150.s2222.json --goal-offset 150 --eval-budget 300
491	reacher	icem_blind2	150	46	logs/rbH_reacher_icem_blind2_t150_seed46.log	python -m surveyor.envs.reacher.eval --solver icem --subgoal dspark --no-refine --commit fixed --commit-k 2 --gdm-ckpt gdm_reacher_s10.pt --gdm-steps 8 --horizon 2 --receding-horizon 2 --source local --local-dir encoder_reacher --h5 "$REACHER_H5" --device cuda --num-eval 128 --seed 46 --cem-seed 46 --episodes-file episodes/reacher_c2222.ep150.s2222.json --goal-offset 150 --eval-budget 300
492	reacher	icem_blindk	150	46	logs/rbH_reacher_icem_blindk_t150_seed46.log	python -m surveyor.envs.reacher.eval --solver icem --subgoal surveyor --gdm-ckpt gdm_reacher_s10.pt --gdm-steps 8 --accept-tau 999 --horizon 2 --receding-horizon 2 --source local --local-dir encoder_reacher --h5 "$REACHER_H5" --device cuda --num-eval 128 --seed 46 --cem-seed 46 --episodes-file episodes/reacher_c2222.ep150.s2222.json --goal-offset 150 --eval-budget 300
493	reacher	mppi_router	150	46	logs/rbH_reacher_mppi_router_t150_seed46.log	python -m surveyor.envs.reacher.eval --solver mppi --subgoal router+surveyor --gdm-ckpt gdm_reacher_s10.pt --gdm-steps 8 --accept-tau 0.20 --horizon 2 --receding-horizon 2 --source local --local-dir encoder_reacher --h5 "$REACHER_H5" --device cuda --num-eval 128 --seed 46 --cem-seed 46 --episodes-file episodes/reacher_c2222.ep150.s2222.json --goal-offset 150 --eval-budget 300
494	reacher	mppi_blind2	150	46	logs/rbH_reacher_mppi_blind2_t150_seed46.log	python -m surveyor.envs.reacher.eval --solver mppi --subgoal dspark --no-refine --commit fixed --commit-k 2 --gdm-ckpt gdm_reacher_s10.pt --gdm-steps 8 --horizon 2 --receding-horizon 2 --source local --local-dir encoder_reacher --h5 "$REACHER_H5" --device cuda --num-eval 128 --seed 46 --cem-seed 46 --episodes-file episodes/reacher_c2222.ep150.s2222.json --goal-offset 150 --eval-budget 300
495	reacher	mppi_blindk	150	46	logs/rbH_reacher_mppi_blindk_t150_seed46.log	python -m surveyor.envs.reacher.eval --solver mppi --subgoal surveyor --gdm-ckpt gdm_reacher_s10.pt --gdm-steps 8 --accept-tau 999 --horizon 2 --receding-horizon 2 --source local --local-dir encoder_reacher --h5 "$REACHER_H5" --device cuda --num-eval 128 --seed 46 --cem-seed 46 --episodes-file episodes/reacher_c2222.ep150.s2222.json --goal-offset 150 --eval-budget 300
496	reacher	blind2	150	47	logs/rbH_reacher_blind2_t150_seed47.log	python -m surveyor.envs.reacher.eval --subgoal dspark --no-refine --commit fixed --commit-k 2 --gdm-ckpt gdm_reacher_s10.pt --gdm-steps 8 --horizon 2 --receding-horizon 2 --source local --local-dir encoder_reacher --h5 "$REACHER_H5" --device cuda --num-eval 128 --seed 47 --cem-seed 47 --episodes-file episodes/reacher_c2222.ep150.s2222.json --goal-offset 150 --eval-budget 300
497	reacher	blindk	150	47	logs/rbH_reacher_blindk_t150_seed47.log	python -m surveyor.envs.reacher.eval --subgoal surveyor --gdm-ckpt gdm_reacher_s10.pt --gdm-steps 8 --accept-tau 999 --horizon 2 --receding-horizon 2 --source local --local-dir encoder_reacher --h5 "$REACHER_H5" --device cuda --num-eval 128 --seed 47 --cem-seed 47 --episodes-file episodes/reacher_c2222.ep150.s2222.json --goal-offset 150 --eval-budget 300
498	reacher	icem_router	150	47	logs/rbH_reacher_icem_router_t150_seed47.log	python -m surveyor.envs.reacher.eval --solver icem --subgoal router+surveyor --gdm-ckpt gdm_reacher_s10.pt --gdm-steps 8 --accept-tau 0.20 --horizon 2 --receding-horizon 2 --source local --local-dir encoder_reacher --h5 "$REACHER_H5" --device cuda --num-eval 128 --seed 47 --cem-seed 47 --episodes-file episodes/reacher_c2222.ep150.s2222.json --goal-offset 150 --eval-budget 300
499	reacher	icem_blind2	150	47	logs/rbH_reacher_icem_blind2_t150_seed47.log	python -m surveyor.envs.reacher.eval --solver icem --subgoal dspark --no-refine --commit fixed --commit-k 2 --gdm-ckpt gdm_reacher_s10.pt --gdm-steps 8 --horizon 2 --receding-horizon 2 --source local --local-dir encoder_reacher --h5 "$REACHER_H5" --device cuda --num-eval 128 --seed 47 --cem-seed 47 --episodes-file episodes/reacher_c2222.ep150.s2222.json --goal-offset 150 --eval-budget 300
500	reacher	icem_blindk	150	47	logs/rbH_reacher_icem_blindk_t150_seed47.log	python -m surveyor.envs.reacher.eval --solver icem --subgoal surveyor --gdm-ckpt gdm_reacher_s10.pt --gdm-steps 8 --accept-tau 999 --horizon 2 --receding-horizon 2 --source local --local-dir encoder_reacher --h5 "$REACHER_H5" --device cuda --num-eval 128 --seed 47 --cem-seed 47 --episodes-file episodes/reacher_c2222.ep150.s2222.json --goal-offset 150 --eval-budget 300
501	reacher	mppi_router	150	47	logs/rbH_reacher_mppi_router_t150_seed47.log	python -m surveyor.envs.reacher.eval --solver mppi --subgoal router+surveyor --gdm-ckpt gdm_reacher_s10.pt --gdm-steps 8 --accept-tau 0.20 --horizon 2 --receding-horizon 2 --source local --local-dir encoder_reacher --h5 "$REACHER_H5" --device cuda --num-eval 128 --seed 47 --cem-seed 47 --episodes-file episodes/reacher_c2222.ep150.s2222.json --goal-offset 150 --eval-budget 300
502	reacher	mppi_blind2	150	47	logs/rbH_reacher_mppi_blind2_t150_seed47.log	python -m surveyor.envs.reacher.eval --solver mppi --subgoal dspark --no-refine --commit fixed --commit-k 2 --gdm-ckpt gdm_reacher_s10.pt --gdm-steps 8 --horizon 2 --receding-horizon 2 --source local --local-dir encoder_reacher --h5 "$REACHER_H5" --device cuda --num-eval 128 --seed 47 --cem-seed 47 --episodes-file episodes/reacher_c2222.ep150.s2222.json --goal-offset 150 --eval-budget 300
503	reacher	mppi_blindk	150	47	logs/rbH_reacher_mppi_blindk_t150_seed47.log	python -m surveyor.envs.reacher.eval --solver mppi --subgoal surveyor --gdm-ckpt gdm_reacher_s10.pt --gdm-steps 8 --accept-tau 999 --horizon 2 --receding-horizon 2 --source local --local-dir encoder_reacher --h5 "$REACHER_H5" --device cuda --num-eval 128 --seed 47 --cem-seed 47 --episodes-file episodes/reacher_c2222.ep150.s2222.json --goal-offset 150 --eval-budget 300
504	reacher	blind2	150	48	logs/rbH_reacher_blind2_t150_seed48.log	python -m surveyor.envs.reacher.eval --subgoal dspark --no-refine --commit fixed --commit-k 2 --gdm-ckpt gdm_reacher_s10.pt --gdm-steps 8 --horizon 2 --receding-horizon 2 --source local --local-dir encoder_reacher --h5 "$REACHER_H5" --device cuda --num-eval 128 --seed 48 --cem-seed 48 --episodes-file episodes/reacher_c2222.ep150.s2222.json --goal-offset 150 --eval-budget 300
505	reacher	blindk	150	48	logs/rbH_reacher_blindk_t150_seed48.log	python -m surveyor.envs.reacher.eval --subgoal surveyor --gdm-ckpt gdm_reacher_s10.pt --gdm-steps 8 --accept-tau 999 --horizon 2 --receding-horizon 2 --source local --local-dir encoder_reacher --h5 "$REACHER_H5" --device cuda --num-eval 128 --seed 48 --cem-seed 48 --episodes-file episodes/reacher_c2222.ep150.s2222.json --goal-offset 150 --eval-budget 300
506	reacher	icem_router	150	48	logs/rbH_reacher_icem_router_t150_seed48.log	python -m surveyor.envs.reacher.eval --solver icem --subgoal router+surveyor --gdm-ckpt gdm_reacher_s10.pt --gdm-steps 8 --accept-tau 0.20 --horizon 2 --receding-horizon 2 --source local --local-dir encoder_reacher --h5 "$REACHER_H5" --device cuda --num-eval 128 --seed 48 --cem-seed 48 --episodes-file episodes/reacher_c2222.ep150.s2222.json --goal-offset 150 --eval-budget 300
507	reacher	icem_blind2	150	48	logs/rbH_reacher_icem_blind2_t150_seed48.log	python -m surveyor.envs.reacher.eval --solver icem --subgoal dspark --no-refine --commit fixed --commit-k 2 --gdm-ckpt gdm_reacher_s10.pt --gdm-steps 8 --horizon 2 --receding-horizon 2 --source local --local-dir encoder_reacher --h5 "$REACHER_H5" --device cuda --num-eval 128 --seed 48 --cem-seed 48 --episodes-file episodes/reacher_c2222.ep150.s2222.json --goal-offset 150 --eval-budget 300
508	reacher	icem_blindk	150	48	logs/rbH_reacher_icem_blindk_t150_seed48.log	python -m surveyor.envs.reacher.eval --solver icem --subgoal surveyor --gdm-ckpt gdm_reacher_s10.pt --gdm-steps 8 --accept-tau 999 --horizon 2 --receding-horizon 2 --source local --local-dir encoder_reacher --h5 "$REACHER_H5" --device cuda --num-eval 128 --seed 48 --cem-seed 48 --episodes-file episodes/reacher_c2222.ep150.s2222.json --goal-offset 150 --eval-budget 300
509	reacher	mppi_router	150	48	logs/rbH_reacher_mppi_router_t150_seed48.log	python -m surveyor.envs.reacher.eval --solver mppi --subgoal router+surveyor --gdm-ckpt gdm_reacher_s10.pt --gdm-steps 8 --accept-tau 0.20 --horizon 2 --receding-horizon 2 --source local --local-dir encoder_reacher --h5 "$REACHER_H5" --device cuda --num-eval 128 --seed 48 --cem-seed 48 --episodes-file episodes/reacher_c2222.ep150.s2222.json --goal-offset 150 --eval-budget 300
510	reacher	mppi_blind2	150	48	logs/rbH_reacher_mppi_blind2_t150_seed48.log	python -m surveyor.envs.reacher.eval --solver mppi --subgoal dspark --no-refine --commit fixed --commit-k 2 --gdm-ckpt gdm_reacher_s10.pt --gdm-steps 8 --horizon 2 --receding-horizon 2 --source local --local-dir encoder_reacher --h5 "$REACHER_H5" --device cuda --num-eval 128 --seed 48 --cem-seed 48 --episodes-file episodes/reacher_c2222.ep150.s2222.json --goal-offset 150 --eval-budget 300
511	reacher	mppi_blindk	150	48	logs/rbH_reacher_mppi_blindk_t150_seed48.log	python -m surveyor.envs.reacher.eval --solver mppi --subgoal surveyor --gdm-ckpt gdm_reacher_s10.pt --gdm-steps 8 --accept-tau 999 --horizon 2 --receding-horizon 2 --source local --local-dir encoder_reacher --h5 "$REACHER_H5" --device cuda --num-eval 128 --seed 48 --cem-seed 48 --episodes-file episodes/reacher_c2222.ep150.s2222.json --goal-offset 150 --eval-budget 300
512	reacher	blind2	150	49	logs/rbH_reacher_blind2_t150_seed49.log	python -m surveyor.envs.reacher.eval --subgoal dspark --no-refine --commit fixed --commit-k 2 --gdm-ckpt gdm_reacher_s10.pt --gdm-steps 8 --horizon 2 --receding-horizon 2 --source local --local-dir encoder_reacher --h5 "$REACHER_H5" --device cuda --num-eval 128 --seed 49 --cem-seed 49 --episodes-file episodes/reacher_c2222.ep150.s2222.json --goal-offset 150 --eval-budget 300
513	reacher	blindk	150	49	logs/rbH_reacher_blindk_t150_seed49.log	python -m surveyor.envs.reacher.eval --subgoal surveyor --gdm-ckpt gdm_reacher_s10.pt --gdm-steps 8 --accept-tau 999 --horizon 2 --receding-horizon 2 --source local --local-dir encoder_reacher --h5 "$REACHER_H5" --device cuda --num-eval 128 --seed 49 --cem-seed 49 --episodes-file episodes/reacher_c2222.ep150.s2222.json --goal-offset 150 --eval-budget 300
514	reacher	icem_router	150	49	logs/rbH_reacher_icem_router_t150_seed49.log	python -m surveyor.envs.reacher.eval --solver icem --subgoal router+surveyor --gdm-ckpt gdm_reacher_s10.pt --gdm-steps 8 --accept-tau 0.20 --horizon 2 --receding-horizon 2 --source local --local-dir encoder_reacher --h5 "$REACHER_H5" --device cuda --num-eval 128 --seed 49 --cem-seed 49 --episodes-file episodes/reacher_c2222.ep150.s2222.json --goal-offset 150 --eval-budget 300
515	reacher	icem_blind2	150	49	logs/rbH_reacher_icem_blind2_t150_seed49.log	python -m surveyor.envs.reacher.eval --solver icem --subgoal dspark --no-refine --commit fixed --commit-k 2 --gdm-ckpt gdm_reacher_s10.pt --gdm-steps 8 --horizon 2 --receding-horizon 2 --source local --local-dir encoder_reacher --h5 "$REACHER_H5" --device cuda --num-eval 128 --seed 49 --cem-seed 49 --episodes-file episodes/reacher_c2222.ep150.s2222.json --goal-offset 150 --eval-budget 300
516	reacher	icem_blindk	150	49	logs/rbH_reacher_icem_blindk_t150_seed49.log	python -m surveyor.envs.reacher.eval --solver icem --subgoal surveyor --gdm-ckpt gdm_reacher_s10.pt --gdm-steps 8 --accept-tau 999 --horizon 2 --receding-horizon 2 --source local --local-dir encoder_reacher --h5 "$REACHER_H5" --device cuda --num-eval 128 --seed 49 --cem-seed 49 --episodes-file episodes/reacher_c2222.ep150.s2222.json --goal-offset 150 --eval-budget 300
517	reacher	mppi_router	150	49	logs/rbH_reacher_mppi_router_t150_seed49.log	python -m surveyor.envs.reacher.eval --solver mppi --subgoal router+surveyor --gdm-ckpt gdm_reacher_s10.pt --gdm-steps 8 --accept-tau 0.20 --horizon 2 --receding-horizon 2 --source local --local-dir encoder_reacher --h5 "$REACHER_H5" --device cuda --num-eval 128 --seed 49 --cem-seed 49 --episodes-file episodes/reacher_c2222.ep150.s2222.json --goal-offset 150 --eval-budget 300
518	reacher	mppi_blind2	150	49	logs/rbH_reacher_mppi_blind2_t150_seed49.log	python -m surveyor.envs.reacher.eval --solver mppi --subgoal dspark --no-refine --commit fixed --commit-k 2 --gdm-ckpt gdm_reacher_s10.pt --gdm-steps 8 --horizon 2 --receding-horizon 2 --source local --local-dir encoder_reacher --h5 "$REACHER_H5" --device cuda --num-eval 128 --seed 49 --cem-seed 49 --episodes-file episodes/reacher_c2222.ep150.s2222.json --goal-offset 150 --eval-budget 300
519	reacher	mppi_blindk	150	49	logs/rbH_reacher_mppi_blindk_t150_seed49.log	python -m surveyor.envs.reacher.eval --solver mppi --subgoal surveyor --gdm-ckpt gdm_reacher_s10.pt --gdm-steps 8 --accept-tau 999 --horizon 2 --receding-horizon 2 --source local --local-dir encoder_reacher --h5 "$REACHER_H5" --device cuda --num-eval 128 --seed 49 --cem-seed 49 --episodes-file episodes/reacher_c2222.ep150.s2222.json --goal-offset 150 --eval-budget 300
520	cube	flat_rh5	25	42	logs/rbH_cube_flat_rh5_t25_seed42.log	python -m surveyor.envs.cube.eval --subgoal flat --horizon 5 --receding-horizon 5 --num-samples 600 --n-steps 30 --source pretrained --encoder-id quentinll/lewm-cube --h5 "$CUBE_H5" --device cuda --start final --goal-offset 25 --eval-budget 50 --num-eval 128 --seed 42 --cem-seed 42 --episode-min 8000
521	cube	ffjepa_s10k3	25	42	logs/rbH_cube_ffjepa_s10k3_t25_seed42.log	python -m surveyor.envs.cube.eval --subgoal ffjepa --gdm-ckpt gdm_cube_s10_gc.pt --gdm-steps 3 --horizon 2 --receding-horizon 2 --num-samples 600 --n-steps 30 --source pretrained --encoder-id quentinll/lewm-cube --h5 "$CUBE_H5" --device cuda --start final --goal-offset 25 --eval-budget 50 --num-eval 128 --seed 42 --cem-seed 42 --episode-min 8000
522	cube	surveyor	25	42	logs/rbH_cube_surveyor_t25_seed42.log	python -m surveyor.envs.cube.eval --subgoal surveyor --gdm-ckpt gdm_cube_s10_gc.pt --gdm-steps 3 --accept-tau 0.20 --horizon 2 --receding-horizon 2 --num-samples 600 --n-steps 30 --source pretrained --encoder-id quentinll/lewm-cube --h5 "$CUBE_H5" --device cuda --start final --goal-offset 25 --eval-budget 50 --num-eval 128 --seed 42 --cem-seed 42 --episode-min 8000
523	cube	router	25	42	logs/rbH_cube_router_t25_seed42.log	python -m surveyor.envs.cube.eval --subgoal router+surveyor --gdm-ckpt gdm_cube_s10_gc.pt --gdm-steps 3 --accept-tau 0.20 --horizon 2 --receding-horizon 2 --num-samples 600 --n-steps 30 --source pretrained --encoder-id quentinll/lewm-cube --h5 "$CUBE_H5" --device cuda --start final --goal-offset 25 --eval-budget 50 --num-eval 128 --seed 42 --cem-seed 42 --episode-min 8000
524	cube	blindk	25	42	logs/rbH_cube_blindk_t25_seed42.log	python -m surveyor.envs.cube.eval --subgoal surveyor --gdm-ckpt gdm_cube_s10_gc.pt --gdm-steps 3 --accept-tau 999 --horizon 2 --receding-horizon 2 --num-samples 600 --n-steps 30 --source pretrained --encoder-id quentinll/lewm-cube --h5 "$CUBE_H5" --device cuda --start final --goal-offset 25 --eval-budget 50 --num-eval 128 --seed 42 --cem-seed 42 --episode-min 8000
525	cube	gcidm	25	42	logs/rbH_cube_gcidm_t25_seed42.log	python -m surveyor.envs.cube.eval --subgoal gcidm --gcidm-ckpt gcidm_cube_h50.pt --source pretrained --encoder-id quentinll/lewm-cube --h5 "$CUBE_H5" --device cuda --start final --goal-offset 25 --eval-budget 50 --num-eval 128 --seed 42 --cem-seed 42 --episode-min 8000
526	cube	gcidm_surv	25	42	logs/rbH_cube_gcidm_surv_t25_seed42.log	python -m surveyor.envs.cube.eval --subgoal gcidm+surveyor --gcidm-ckpt gcidm_cube_h50.pt --gdm-ckpt gdm_cube_s10_gc.pt --gdm-steps 3 --accept-tau 0.20 --sg-steps 10 --goal-gate --source pretrained --encoder-id quentinll/lewm-cube --h5 "$CUBE_H5" --device cuda --start final --goal-offset 25 --eval-budget 50 --num-eval 128 --seed 42 --cem-seed 42 --episode-min 8000
527	cube	gcidm_every	25	42	logs/rbH_cube_gcidm_every_t25_seed42.log	python -m surveyor.envs.cube.eval --subgoal gcidm+surveyor --gcidm-ckpt gcidm_cube_h50.pt --gdm-ckpt gdm_cube_s10_gc.pt --gdm-steps 3 --accept-tau 0.0 --sg-steps 10 --source pretrained --encoder-id quentinll/lewm-cube --h5 "$CUBE_H5" --device cuda --start final --goal-offset 25 --eval-budget 50 --num-eval 128 --seed 42 --cem-seed 42 --episode-min 8000
528	cube	gcidm_blind	25	42	logs/rbH_cube_gcidm_blind_t25_seed42.log	python -m surveyor.envs.cube.eval --subgoal gcidm+surveyor --gcidm-ckpt gcidm_cube_h50.pt --gdm-ckpt gdm_cube_s10_gc.pt --gdm-steps 3 --accept-tau 999 --sg-steps 10 --source pretrained --encoder-id quentinll/lewm-cube --h5 "$CUBE_H5" --device cuda --start final --goal-offset 25 --eval-budget 50 --num-eval 128 --seed 42 --cem-seed 42 --episode-min 8000
529	cube	icem_flat_rh5	25	42	logs/rbH_cube_icem_flat_rh5_t25_seed42.log	python -m surveyor.envs.cube.eval --solver icem --subgoal flat --horizon 5 --receding-horizon 5 --num-samples 600 --n-steps 30 --source pretrained --encoder-id quentinll/lewm-cube --h5 "$CUBE_H5" --device cuda --start final --goal-offset 25 --eval-budget 50 --num-eval 128 --seed 42 --cem-seed 42 --episode-min 8000
530	cube	icem_ffjepa_s10k3	25	42	logs/rbH_cube_icem_ffjepa_s10k3_t25_seed42.log	python -m surveyor.envs.cube.eval --solver icem --subgoal ffjepa --gdm-ckpt gdm_cube_s10_gc.pt --gdm-steps 3 --horizon 2 --receding-horizon 2 --num-samples 600 --n-steps 30 --source pretrained --encoder-id quentinll/lewm-cube --h5 "$CUBE_H5" --device cuda --start final --goal-offset 25 --eval-budget 50 --num-eval 128 --seed 42 --cem-seed 42 --episode-min 8000
531	cube	icem_surveyor	25	42	logs/rbH_cube_icem_surveyor_t25_seed42.log	python -m surveyor.envs.cube.eval --solver icem --subgoal surveyor --gdm-ckpt gdm_cube_s10_gc.pt --gdm-steps 3 --accept-tau 0.20 --horizon 2 --receding-horizon 2 --num-samples 600 --n-steps 30 --source pretrained --encoder-id quentinll/lewm-cube --h5 "$CUBE_H5" --device cuda --start final --goal-offset 25 --eval-budget 50 --num-eval 128 --seed 42 --cem-seed 42 --episode-min 8000
532	cube	icem_router	25	42	logs/rbH_cube_icem_router_t25_seed42.log	python -m surveyor.envs.cube.eval --solver icem --subgoal router+surveyor --gdm-ckpt gdm_cube_s10_gc.pt --gdm-steps 3 --accept-tau 0.20 --horizon 2 --receding-horizon 2 --num-samples 600 --n-steps 30 --source pretrained --encoder-id quentinll/lewm-cube --h5 "$CUBE_H5" --device cuda --start final --goal-offset 25 --eval-budget 50 --num-eval 128 --seed 42 --cem-seed 42 --episode-min 8000
533	cube	icem_blindk	25	42	logs/rbH_cube_icem_blindk_t25_seed42.log	python -m surveyor.envs.cube.eval --solver icem --subgoal surveyor --gdm-ckpt gdm_cube_s10_gc.pt --gdm-steps 3 --accept-tau 999 --horizon 2 --receding-horizon 2 --num-samples 600 --n-steps 30 --source pretrained --encoder-id quentinll/lewm-cube --h5 "$CUBE_H5" --device cuda --start final --goal-offset 25 --eval-budget 50 --num-eval 128 --seed 42 --cem-seed 42 --episode-min 8000
534	cube	mppi_flat_rh5	25	42	logs/rbH_cube_mppi_flat_rh5_t25_seed42.log	python -m surveyor.envs.cube.eval --solver mppi --subgoal flat --horizon 5 --receding-horizon 5 --num-samples 600 --n-steps 30 --source pretrained --encoder-id quentinll/lewm-cube --h5 "$CUBE_H5" --device cuda --start final --goal-offset 25 --eval-budget 50 --num-eval 128 --seed 42 --cem-seed 42 --episode-min 8000
535	cube	mppi_ffjepa_s10k3	25	42	logs/rbH_cube_mppi_ffjepa_s10k3_t25_seed42.log	python -m surveyor.envs.cube.eval --solver mppi --subgoal ffjepa --gdm-ckpt gdm_cube_s10_gc.pt --gdm-steps 3 --horizon 2 --receding-horizon 2 --num-samples 600 --n-steps 30 --source pretrained --encoder-id quentinll/lewm-cube --h5 "$CUBE_H5" --device cuda --start final --goal-offset 25 --eval-budget 50 --num-eval 128 --seed 42 --cem-seed 42 --episode-min 8000
536	cube	mppi_surveyor	25	42	logs/rbH_cube_mppi_surveyor_t25_seed42.log	python -m surveyor.envs.cube.eval --solver mppi --subgoal surveyor --gdm-ckpt gdm_cube_s10_gc.pt --gdm-steps 3 --accept-tau 0.20 --horizon 2 --receding-horizon 2 --num-samples 600 --n-steps 30 --source pretrained --encoder-id quentinll/lewm-cube --h5 "$CUBE_H5" --device cuda --start final --goal-offset 25 --eval-budget 50 --num-eval 128 --seed 42 --cem-seed 42 --episode-min 8000
537	cube	mppi_router	25	42	logs/rbH_cube_mppi_router_t25_seed42.log	python -m surveyor.envs.cube.eval --solver mppi --subgoal router+surveyor --gdm-ckpt gdm_cube_s10_gc.pt --gdm-steps 3 --accept-tau 0.20 --horizon 2 --receding-horizon 2 --num-samples 600 --n-steps 30 --source pretrained --encoder-id quentinll/lewm-cube --h5 "$CUBE_H5" --device cuda --start final --goal-offset 25 --eval-budget 50 --num-eval 128 --seed 42 --cem-seed 42 --episode-min 8000
538	cube	mppi_blindk	25	42	logs/rbH_cube_mppi_blindk_t25_seed42.log	python -m surveyor.envs.cube.eval --solver mppi --subgoal surveyor --gdm-ckpt gdm_cube_s10_gc.pt --gdm-steps 3 --accept-tau 999 --horizon 2 --receding-horizon 2 --num-samples 600 --n-steps 30 --source pretrained --encoder-id quentinll/lewm-cube --h5 "$CUBE_H5" --device cuda --start final --goal-offset 25 --eval-budget 50 --num-eval 128 --seed 42 --cem-seed 42 --episode-min 8000
539	cube	flat_rh5	25	43	logs/rbH_cube_flat_rh5_t25_seed43.log	python -m surveyor.envs.cube.eval --subgoal flat --horizon 5 --receding-horizon 5 --num-samples 600 --n-steps 30 --source pretrained --encoder-id quentinll/lewm-cube --h5 "$CUBE_H5" --device cuda --start final --goal-offset 25 --eval-budget 50 --num-eval 128 --seed 43 --cem-seed 43 --episode-min 8000
540	cube	ffjepa_s10k3	25	43	logs/rbH_cube_ffjepa_s10k3_t25_seed43.log	python -m surveyor.envs.cube.eval --subgoal ffjepa --gdm-ckpt gdm_cube_s10_gc.pt --gdm-steps 3 --horizon 2 --receding-horizon 2 --num-samples 600 --n-steps 30 --source pretrained --encoder-id quentinll/lewm-cube --h5 "$CUBE_H5" --device cuda --start final --goal-offset 25 --eval-budget 50 --num-eval 128 --seed 43 --cem-seed 43 --episode-min 8000
541	cube	surveyor	25	43	logs/rbH_cube_surveyor_t25_seed43.log	python -m surveyor.envs.cube.eval --subgoal surveyor --gdm-ckpt gdm_cube_s10_gc.pt --gdm-steps 3 --accept-tau 0.20 --horizon 2 --receding-horizon 2 --num-samples 600 --n-steps 30 --source pretrained --encoder-id quentinll/lewm-cube --h5 "$CUBE_H5" --device cuda --start final --goal-offset 25 --eval-budget 50 --num-eval 128 --seed 43 --cem-seed 43 --episode-min 8000
542	cube	router	25	43	logs/rbH_cube_router_t25_seed43.log	python -m surveyor.envs.cube.eval --subgoal router+surveyor --gdm-ckpt gdm_cube_s10_gc.pt --gdm-steps 3 --accept-tau 0.20 --horizon 2 --receding-horizon 2 --num-samples 600 --n-steps 30 --source pretrained --encoder-id quentinll/lewm-cube --h5 "$CUBE_H5" --device cuda --start final --goal-offset 25 --eval-budget 50 --num-eval 128 --seed 43 --cem-seed 43 --episode-min 8000
543	cube	blindk	25	43	logs/rbH_cube_blindk_t25_seed43.log	python -m surveyor.envs.cube.eval --subgoal surveyor --gdm-ckpt gdm_cube_s10_gc.pt --gdm-steps 3 --accept-tau 999 --horizon 2 --receding-horizon 2 --num-samples 600 --n-steps 30 --source pretrained --encoder-id quentinll/lewm-cube --h5 "$CUBE_H5" --device cuda --start final --goal-offset 25 --eval-budget 50 --num-eval 128 --seed 43 --cem-seed 43 --episode-min 8000
544	cube	gcidm	25	43	logs/rbH_cube_gcidm_t25_seed43.log	python -m surveyor.envs.cube.eval --subgoal gcidm --gcidm-ckpt gcidm_cube_h50.pt --source pretrained --encoder-id quentinll/lewm-cube --h5 "$CUBE_H5" --device cuda --start final --goal-offset 25 --eval-budget 50 --num-eval 128 --seed 43 --cem-seed 43 --episode-min 8000
545	cube	gcidm_surv	25	43	logs/rbH_cube_gcidm_surv_t25_seed43.log	python -m surveyor.envs.cube.eval --subgoal gcidm+surveyor --gcidm-ckpt gcidm_cube_h50.pt --gdm-ckpt gdm_cube_s10_gc.pt --gdm-steps 3 --accept-tau 0.20 --sg-steps 10 --goal-gate --source pretrained --encoder-id quentinll/lewm-cube --h5 "$CUBE_H5" --device cuda --start final --goal-offset 25 --eval-budget 50 --num-eval 128 --seed 43 --cem-seed 43 --episode-min 8000
546	cube	gcidm_every	25	43	logs/rbH_cube_gcidm_every_t25_seed43.log	python -m surveyor.envs.cube.eval --subgoal gcidm+surveyor --gcidm-ckpt gcidm_cube_h50.pt --gdm-ckpt gdm_cube_s10_gc.pt --gdm-steps 3 --accept-tau 0.0 --sg-steps 10 --source pretrained --encoder-id quentinll/lewm-cube --h5 "$CUBE_H5" --device cuda --start final --goal-offset 25 --eval-budget 50 --num-eval 128 --seed 43 --cem-seed 43 --episode-min 8000
547	cube	gcidm_blind	25	43	logs/rbH_cube_gcidm_blind_t25_seed43.log	python -m surveyor.envs.cube.eval --subgoal gcidm+surveyor --gcidm-ckpt gcidm_cube_h50.pt --gdm-ckpt gdm_cube_s10_gc.pt --gdm-steps 3 --accept-tau 999 --sg-steps 10 --source pretrained --encoder-id quentinll/lewm-cube --h5 "$CUBE_H5" --device cuda --start final --goal-offset 25 --eval-budget 50 --num-eval 128 --seed 43 --cem-seed 43 --episode-min 8000
548	cube	icem_flat_rh5	25	43	logs/rbH_cube_icem_flat_rh5_t25_seed43.log	python -m surveyor.envs.cube.eval --solver icem --subgoal flat --horizon 5 --receding-horizon 5 --num-samples 600 --n-steps 30 --source pretrained --encoder-id quentinll/lewm-cube --h5 "$CUBE_H5" --device cuda --start final --goal-offset 25 --eval-budget 50 --num-eval 128 --seed 43 --cem-seed 43 --episode-min 8000
549	cube	icem_ffjepa_s10k3	25	43	logs/rbH_cube_icem_ffjepa_s10k3_t25_seed43.log	python -m surveyor.envs.cube.eval --solver icem --subgoal ffjepa --gdm-ckpt gdm_cube_s10_gc.pt --gdm-steps 3 --horizon 2 --receding-horizon 2 --num-samples 600 --n-steps 30 --source pretrained --encoder-id quentinll/lewm-cube --h5 "$CUBE_H5" --device cuda --start final --goal-offset 25 --eval-budget 50 --num-eval 128 --seed 43 --cem-seed 43 --episode-min 8000
550	cube	icem_surveyor	25	43	logs/rbH_cube_icem_surveyor_t25_seed43.log	python -m surveyor.envs.cube.eval --solver icem --subgoal surveyor --gdm-ckpt gdm_cube_s10_gc.pt --gdm-steps 3 --accept-tau 0.20 --horizon 2 --receding-horizon 2 --num-samples 600 --n-steps 30 --source pretrained --encoder-id quentinll/lewm-cube --h5 "$CUBE_H5" --device cuda --start final --goal-offset 25 --eval-budget 50 --num-eval 128 --seed 43 --cem-seed 43 --episode-min 8000
551	cube	icem_router	25	43	logs/rbH_cube_icem_router_t25_seed43.log	python -m surveyor.envs.cube.eval --solver icem --subgoal router+surveyor --gdm-ckpt gdm_cube_s10_gc.pt --gdm-steps 3 --accept-tau 0.20 --horizon 2 --receding-horizon 2 --num-samples 600 --n-steps 30 --source pretrained --encoder-id quentinll/lewm-cube --h5 "$CUBE_H5" --device cuda --start final --goal-offset 25 --eval-budget 50 --num-eval 128 --seed 43 --cem-seed 43 --episode-min 8000
552	cube	icem_blindk	25	43	logs/rbH_cube_icem_blindk_t25_seed43.log	python -m surveyor.envs.cube.eval --solver icem --subgoal surveyor --gdm-ckpt gdm_cube_s10_gc.pt --gdm-steps 3 --accept-tau 999 --horizon 2 --receding-horizon 2 --num-samples 600 --n-steps 30 --source pretrained --encoder-id quentinll/lewm-cube --h5 "$CUBE_H5" --device cuda --start final --goal-offset 25 --eval-budget 50 --num-eval 128 --seed 43 --cem-seed 43 --episode-min 8000
553	cube	mppi_flat_rh5	25	43	logs/rbH_cube_mppi_flat_rh5_t25_seed43.log	python -m surveyor.envs.cube.eval --solver mppi --subgoal flat --horizon 5 --receding-horizon 5 --num-samples 600 --n-steps 30 --source pretrained --encoder-id quentinll/lewm-cube --h5 "$CUBE_H5" --device cuda --start final --goal-offset 25 --eval-budget 50 --num-eval 128 --seed 43 --cem-seed 43 --episode-min 8000
554	cube	mppi_ffjepa_s10k3	25	43	logs/rbH_cube_mppi_ffjepa_s10k3_t25_seed43.log	python -m surveyor.envs.cube.eval --solver mppi --subgoal ffjepa --gdm-ckpt gdm_cube_s10_gc.pt --gdm-steps 3 --horizon 2 --receding-horizon 2 --num-samples 600 --n-steps 30 --source pretrained --encoder-id quentinll/lewm-cube --h5 "$CUBE_H5" --device cuda --start final --goal-offset 25 --eval-budget 50 --num-eval 128 --seed 43 --cem-seed 43 --episode-min 8000
555	cube	mppi_surveyor	25	43	logs/rbH_cube_mppi_surveyor_t25_seed43.log	python -m surveyor.envs.cube.eval --solver mppi --subgoal surveyor --gdm-ckpt gdm_cube_s10_gc.pt --gdm-steps 3 --accept-tau 0.20 --horizon 2 --receding-horizon 2 --num-samples 600 --n-steps 30 --source pretrained --encoder-id quentinll/lewm-cube --h5 "$CUBE_H5" --device cuda --start final --goal-offset 25 --eval-budget 50 --num-eval 128 --seed 43 --cem-seed 43 --episode-min 8000
556	cube	mppi_router	25	43	logs/rbH_cube_mppi_router_t25_seed43.log	python -m surveyor.envs.cube.eval --solver mppi --subgoal router+surveyor --gdm-ckpt gdm_cube_s10_gc.pt --gdm-steps 3 --accept-tau 0.20 --horizon 2 --receding-horizon 2 --num-samples 600 --n-steps 30 --source pretrained --encoder-id quentinll/lewm-cube --h5 "$CUBE_H5" --device cuda --start final --goal-offset 25 --eval-budget 50 --num-eval 128 --seed 43 --cem-seed 43 --episode-min 8000
557	cube	mppi_blindk	25	43	logs/rbH_cube_mppi_blindk_t25_seed43.log	python -m surveyor.envs.cube.eval --solver mppi --subgoal surveyor --gdm-ckpt gdm_cube_s10_gc.pt --gdm-steps 3 --accept-tau 999 --horizon 2 --receding-horizon 2 --num-samples 600 --n-steps 30 --source pretrained --encoder-id quentinll/lewm-cube --h5 "$CUBE_H5" --device cuda --start final --goal-offset 25 --eval-budget 50 --num-eval 128 --seed 43 --cem-seed 43 --episode-min 8000
558	cube	flat_rh5	25	44	logs/rbH_cube_flat_rh5_t25_seed44.log	python -m surveyor.envs.cube.eval --subgoal flat --horizon 5 --receding-horizon 5 --num-samples 600 --n-steps 30 --source pretrained --encoder-id quentinll/lewm-cube --h5 "$CUBE_H5" --device cuda --start final --goal-offset 25 --eval-budget 50 --num-eval 128 --seed 44 --cem-seed 44 --episode-min 8000
559	cube	ffjepa_s10k3	25	44	logs/rbH_cube_ffjepa_s10k3_t25_seed44.log	python -m surveyor.envs.cube.eval --subgoal ffjepa --gdm-ckpt gdm_cube_s10_gc.pt --gdm-steps 3 --horizon 2 --receding-horizon 2 --num-samples 600 --n-steps 30 --source pretrained --encoder-id quentinll/lewm-cube --h5 "$CUBE_H5" --device cuda --start final --goal-offset 25 --eval-budget 50 --num-eval 128 --seed 44 --cem-seed 44 --episode-min 8000
560	cube	surveyor	25	44	logs/rbH_cube_surveyor_t25_seed44.log	python -m surveyor.envs.cube.eval --subgoal surveyor --gdm-ckpt gdm_cube_s10_gc.pt --gdm-steps 3 --accept-tau 0.20 --horizon 2 --receding-horizon 2 --num-samples 600 --n-steps 30 --source pretrained --encoder-id quentinll/lewm-cube --h5 "$CUBE_H5" --device cuda --start final --goal-offset 25 --eval-budget 50 --num-eval 128 --seed 44 --cem-seed 44 --episode-min 8000
561	cube	router	25	44	logs/rbH_cube_router_t25_seed44.log	python -m surveyor.envs.cube.eval --subgoal router+surveyor --gdm-ckpt gdm_cube_s10_gc.pt --gdm-steps 3 --accept-tau 0.20 --horizon 2 --receding-horizon 2 --num-samples 600 --n-steps 30 --source pretrained --encoder-id quentinll/lewm-cube --h5 "$CUBE_H5" --device cuda --start final --goal-offset 25 --eval-budget 50 --num-eval 128 --seed 44 --cem-seed 44 --episode-min 8000
562	cube	blindk	25	44	logs/rbH_cube_blindk_t25_seed44.log	python -m surveyor.envs.cube.eval --subgoal surveyor --gdm-ckpt gdm_cube_s10_gc.pt --gdm-steps 3 --accept-tau 999 --horizon 2 --receding-horizon 2 --num-samples 600 --n-steps 30 --source pretrained --encoder-id quentinll/lewm-cube --h5 "$CUBE_H5" --device cuda --start final --goal-offset 25 --eval-budget 50 --num-eval 128 --seed 44 --cem-seed 44 --episode-min 8000
563	cube	gcidm	25	44	logs/rbH_cube_gcidm_t25_seed44.log	python -m surveyor.envs.cube.eval --subgoal gcidm --gcidm-ckpt gcidm_cube_h50.pt --source pretrained --encoder-id quentinll/lewm-cube --h5 "$CUBE_H5" --device cuda --start final --goal-offset 25 --eval-budget 50 --num-eval 128 --seed 44 --cem-seed 44 --episode-min 8000
564	cube	gcidm_surv	25	44	logs/rbH_cube_gcidm_surv_t25_seed44.log	python -m surveyor.envs.cube.eval --subgoal gcidm+surveyor --gcidm-ckpt gcidm_cube_h50.pt --gdm-ckpt gdm_cube_s10_gc.pt --gdm-steps 3 --accept-tau 0.20 --sg-steps 10 --goal-gate --source pretrained --encoder-id quentinll/lewm-cube --h5 "$CUBE_H5" --device cuda --start final --goal-offset 25 --eval-budget 50 --num-eval 128 --seed 44 --cem-seed 44 --episode-min 8000
565	cube	gcidm_every	25	44	logs/rbH_cube_gcidm_every_t25_seed44.log	python -m surveyor.envs.cube.eval --subgoal gcidm+surveyor --gcidm-ckpt gcidm_cube_h50.pt --gdm-ckpt gdm_cube_s10_gc.pt --gdm-steps 3 --accept-tau 0.0 --sg-steps 10 --source pretrained --encoder-id quentinll/lewm-cube --h5 "$CUBE_H5" --device cuda --start final --goal-offset 25 --eval-budget 50 --num-eval 128 --seed 44 --cem-seed 44 --episode-min 8000
566	cube	gcidm_blind	25	44	logs/rbH_cube_gcidm_blind_t25_seed44.log	python -m surveyor.envs.cube.eval --subgoal gcidm+surveyor --gcidm-ckpt gcidm_cube_h50.pt --gdm-ckpt gdm_cube_s10_gc.pt --gdm-steps 3 --accept-tau 999 --sg-steps 10 --source pretrained --encoder-id quentinll/lewm-cube --h5 "$CUBE_H5" --device cuda --start final --goal-offset 25 --eval-budget 50 --num-eval 128 --seed 44 --cem-seed 44 --episode-min 8000
567	cube	icem_flat_rh5	25	44	logs/rbH_cube_icem_flat_rh5_t25_seed44.log	python -m surveyor.envs.cube.eval --solver icem --subgoal flat --horizon 5 --receding-horizon 5 --num-samples 600 --n-steps 30 --source pretrained --encoder-id quentinll/lewm-cube --h5 "$CUBE_H5" --device cuda --start final --goal-offset 25 --eval-budget 50 --num-eval 128 --seed 44 --cem-seed 44 --episode-min 8000
568	cube	icem_ffjepa_s10k3	25	44	logs/rbH_cube_icem_ffjepa_s10k3_t25_seed44.log	python -m surveyor.envs.cube.eval --solver icem --subgoal ffjepa --gdm-ckpt gdm_cube_s10_gc.pt --gdm-steps 3 --horizon 2 --receding-horizon 2 --num-samples 600 --n-steps 30 --source pretrained --encoder-id quentinll/lewm-cube --h5 "$CUBE_H5" --device cuda --start final --goal-offset 25 --eval-budget 50 --num-eval 128 --seed 44 --cem-seed 44 --episode-min 8000
569	cube	icem_surveyor	25	44	logs/rbH_cube_icem_surveyor_t25_seed44.log	python -m surveyor.envs.cube.eval --solver icem --subgoal surveyor --gdm-ckpt gdm_cube_s10_gc.pt --gdm-steps 3 --accept-tau 0.20 --horizon 2 --receding-horizon 2 --num-samples 600 --n-steps 30 --source pretrained --encoder-id quentinll/lewm-cube --h5 "$CUBE_H5" --device cuda --start final --goal-offset 25 --eval-budget 50 --num-eval 128 --seed 44 --cem-seed 44 --episode-min 8000
570	cube	icem_router	25	44	logs/rbH_cube_icem_router_t25_seed44.log	python -m surveyor.envs.cube.eval --solver icem --subgoal router+surveyor --gdm-ckpt gdm_cube_s10_gc.pt --gdm-steps 3 --accept-tau 0.20 --horizon 2 --receding-horizon 2 --num-samples 600 --n-steps 30 --source pretrained --encoder-id quentinll/lewm-cube --h5 "$CUBE_H5" --device cuda --start final --goal-offset 25 --eval-budget 50 --num-eval 128 --seed 44 --cem-seed 44 --episode-min 8000
571	cube	icem_blindk	25	44	logs/rbH_cube_icem_blindk_t25_seed44.log	python -m surveyor.envs.cube.eval --solver icem --subgoal surveyor --gdm-ckpt gdm_cube_s10_gc.pt --gdm-steps 3 --accept-tau 999 --horizon 2 --receding-horizon 2 --num-samples 600 --n-steps 30 --source pretrained --encoder-id quentinll/lewm-cube --h5 "$CUBE_H5" --device cuda --start final --goal-offset 25 --eval-budget 50 --num-eval 128 --seed 44 --cem-seed 44 --episode-min 8000
572	cube	mppi_flat_rh5	25	44	logs/rbH_cube_mppi_flat_rh5_t25_seed44.log	python -m surveyor.envs.cube.eval --solver mppi --subgoal flat --horizon 5 --receding-horizon 5 --num-samples 600 --n-steps 30 --source pretrained --encoder-id quentinll/lewm-cube --h5 "$CUBE_H5" --device cuda --start final --goal-offset 25 --eval-budget 50 --num-eval 128 --seed 44 --cem-seed 44 --episode-min 8000
573	cube	mppi_ffjepa_s10k3	25	44	logs/rbH_cube_mppi_ffjepa_s10k3_t25_seed44.log	python -m surveyor.envs.cube.eval --solver mppi --subgoal ffjepa --gdm-ckpt gdm_cube_s10_gc.pt --gdm-steps 3 --horizon 2 --receding-horizon 2 --num-samples 600 --n-steps 30 --source pretrained --encoder-id quentinll/lewm-cube --h5 "$CUBE_H5" --device cuda --start final --goal-offset 25 --eval-budget 50 --num-eval 128 --seed 44 --cem-seed 44 --episode-min 8000
574	cube	mppi_surveyor	25	44	logs/rbH_cube_mppi_surveyor_t25_seed44.log	python -m surveyor.envs.cube.eval --solver mppi --subgoal surveyor --gdm-ckpt gdm_cube_s10_gc.pt --gdm-steps 3 --accept-tau 0.20 --horizon 2 --receding-horizon 2 --num-samples 600 --n-steps 30 --source pretrained --encoder-id quentinll/lewm-cube --h5 "$CUBE_H5" --device cuda --start final --goal-offset 25 --eval-budget 50 --num-eval 128 --seed 44 --cem-seed 44 --episode-min 8000
575	cube	mppi_router	25	44	logs/rbH_cube_mppi_router_t25_seed44.log	python -m surveyor.envs.cube.eval --solver mppi --subgoal router+surveyor --gdm-ckpt gdm_cube_s10_gc.pt --gdm-steps 3 --accept-tau 0.20 --horizon 2 --receding-horizon 2 --num-samples 600 --n-steps 30 --source pretrained --encoder-id quentinll/lewm-cube --h5 "$CUBE_H5" --device cuda --start final --goal-offset 25 --eval-budget 50 --num-eval 128 --seed 44 --cem-seed 44 --episode-min 8000
576	cube	mppi_blindk	25	44	logs/rbH_cube_mppi_blindk_t25_seed44.log	python -m surveyor.envs.cube.eval --solver mppi --subgoal surveyor --gdm-ckpt gdm_cube_s10_gc.pt --gdm-steps 3 --accept-tau 999 --horizon 2 --receding-horizon 2 --num-samples 600 --n-steps 30 --source pretrained --encoder-id quentinll/lewm-cube --h5 "$CUBE_H5" --device cuda --start final --goal-offset 25 --eval-budget 50 --num-eval 128 --seed 44 --cem-seed 44 --episode-min 8000
577	cube	flat_rh5	25	45	logs/rbH_cube_flat_rh5_t25_seed45.log	python -m surveyor.envs.cube.eval --subgoal flat --horizon 5 --receding-horizon 5 --num-samples 600 --n-steps 30 --source pretrained --encoder-id quentinll/lewm-cube --h5 "$CUBE_H5" --device cuda --start final --goal-offset 25 --eval-budget 50 --num-eval 128 --seed 45 --cem-seed 45 --episode-min 8000
578	cube	ffjepa_s10k3	25	45	logs/rbH_cube_ffjepa_s10k3_t25_seed45.log	python -m surveyor.envs.cube.eval --subgoal ffjepa --gdm-ckpt gdm_cube_s10_gc.pt --gdm-steps 3 --horizon 2 --receding-horizon 2 --num-samples 600 --n-steps 30 --source pretrained --encoder-id quentinll/lewm-cube --h5 "$CUBE_H5" --device cuda --start final --goal-offset 25 --eval-budget 50 --num-eval 128 --seed 45 --cem-seed 45 --episode-min 8000
579	cube	surveyor	25	45	logs/rbH_cube_surveyor_t25_seed45.log	python -m surveyor.envs.cube.eval --subgoal surveyor --gdm-ckpt gdm_cube_s10_gc.pt --gdm-steps 3 --accept-tau 0.20 --horizon 2 --receding-horizon 2 --num-samples 600 --n-steps 30 --source pretrained --encoder-id quentinll/lewm-cube --h5 "$CUBE_H5" --device cuda --start final --goal-offset 25 --eval-budget 50 --num-eval 128 --seed 45 --cem-seed 45 --episode-min 8000
580	cube	router	25	45	logs/rbH_cube_router_t25_seed45.log	python -m surveyor.envs.cube.eval --subgoal router+surveyor --gdm-ckpt gdm_cube_s10_gc.pt --gdm-steps 3 --accept-tau 0.20 --horizon 2 --receding-horizon 2 --num-samples 600 --n-steps 30 --source pretrained --encoder-id quentinll/lewm-cube --h5 "$CUBE_H5" --device cuda --start final --goal-offset 25 --eval-budget 50 --num-eval 128 --seed 45 --cem-seed 45 --episode-min 8000
581	cube	blindk	25	45	logs/rbH_cube_blindk_t25_seed45.log	python -m surveyor.envs.cube.eval --subgoal surveyor --gdm-ckpt gdm_cube_s10_gc.pt --gdm-steps 3 --accept-tau 999 --horizon 2 --receding-horizon 2 --num-samples 600 --n-steps 30 --source pretrained --encoder-id quentinll/lewm-cube --h5 "$CUBE_H5" --device cuda --start final --goal-offset 25 --eval-budget 50 --num-eval 128 --seed 45 --cem-seed 45 --episode-min 8000
582	cube	gcidm	25	45	logs/rbH_cube_gcidm_t25_seed45.log	python -m surveyor.envs.cube.eval --subgoal gcidm --gcidm-ckpt gcidm_cube_h50.pt --source pretrained --encoder-id quentinll/lewm-cube --h5 "$CUBE_H5" --device cuda --start final --goal-offset 25 --eval-budget 50 --num-eval 128 --seed 45 --cem-seed 45 --episode-min 8000
583	cube	gcidm_surv	25	45	logs/rbH_cube_gcidm_surv_t25_seed45.log	python -m surveyor.envs.cube.eval --subgoal gcidm+surveyor --gcidm-ckpt gcidm_cube_h50.pt --gdm-ckpt gdm_cube_s10_gc.pt --gdm-steps 3 --accept-tau 0.20 --sg-steps 10 --goal-gate --source pretrained --encoder-id quentinll/lewm-cube --h5 "$CUBE_H5" --device cuda --start final --goal-offset 25 --eval-budget 50 --num-eval 128 --seed 45 --cem-seed 45 --episode-min 8000
584	cube	gcidm_every	25	45	logs/rbH_cube_gcidm_every_t25_seed45.log	python -m surveyor.envs.cube.eval --subgoal gcidm+surveyor --gcidm-ckpt gcidm_cube_h50.pt --gdm-ckpt gdm_cube_s10_gc.pt --gdm-steps 3 --accept-tau 0.0 --sg-steps 10 --source pretrained --encoder-id quentinll/lewm-cube --h5 "$CUBE_H5" --device cuda --start final --goal-offset 25 --eval-budget 50 --num-eval 128 --seed 45 --cem-seed 45 --episode-min 8000
585	cube	gcidm_blind	25	45	logs/rbH_cube_gcidm_blind_t25_seed45.log	python -m surveyor.envs.cube.eval --subgoal gcidm+surveyor --gcidm-ckpt gcidm_cube_h50.pt --gdm-ckpt gdm_cube_s10_gc.pt --gdm-steps 3 --accept-tau 999 --sg-steps 10 --source pretrained --encoder-id quentinll/lewm-cube --h5 "$CUBE_H5" --device cuda --start final --goal-offset 25 --eval-budget 50 --num-eval 128 --seed 45 --cem-seed 45 --episode-min 8000
586	cube	icem_flat_rh5	25	45	logs/rbH_cube_icem_flat_rh5_t25_seed45.log	python -m surveyor.envs.cube.eval --solver icem --subgoal flat --horizon 5 --receding-horizon 5 --num-samples 600 --n-steps 30 --source pretrained --encoder-id quentinll/lewm-cube --h5 "$CUBE_H5" --device cuda --start final --goal-offset 25 --eval-budget 50 --num-eval 128 --seed 45 --cem-seed 45 --episode-min 8000
587	cube	icem_ffjepa_s10k3	25	45	logs/rbH_cube_icem_ffjepa_s10k3_t25_seed45.log	python -m surveyor.envs.cube.eval --solver icem --subgoal ffjepa --gdm-ckpt gdm_cube_s10_gc.pt --gdm-steps 3 --horizon 2 --receding-horizon 2 --num-samples 600 --n-steps 30 --source pretrained --encoder-id quentinll/lewm-cube --h5 "$CUBE_H5" --device cuda --start final --goal-offset 25 --eval-budget 50 --num-eval 128 --seed 45 --cem-seed 45 --episode-min 8000
588	cube	icem_surveyor	25	45	logs/rbH_cube_icem_surveyor_t25_seed45.log	python -m surveyor.envs.cube.eval --solver icem --subgoal surveyor --gdm-ckpt gdm_cube_s10_gc.pt --gdm-steps 3 --accept-tau 0.20 --horizon 2 --receding-horizon 2 --num-samples 600 --n-steps 30 --source pretrained --encoder-id quentinll/lewm-cube --h5 "$CUBE_H5" --device cuda --start final --goal-offset 25 --eval-budget 50 --num-eval 128 --seed 45 --cem-seed 45 --episode-min 8000
589	cube	icem_router	25	45	logs/rbH_cube_icem_router_t25_seed45.log	python -m surveyor.envs.cube.eval --solver icem --subgoal router+surveyor --gdm-ckpt gdm_cube_s10_gc.pt --gdm-steps 3 --accept-tau 0.20 --horizon 2 --receding-horizon 2 --num-samples 600 --n-steps 30 --source pretrained --encoder-id quentinll/lewm-cube --h5 "$CUBE_H5" --device cuda --start final --goal-offset 25 --eval-budget 50 --num-eval 128 --seed 45 --cem-seed 45 --episode-min 8000
590	cube	icem_blindk	25	45	logs/rbH_cube_icem_blindk_t25_seed45.log	python -m surveyor.envs.cube.eval --solver icem --subgoal surveyor --gdm-ckpt gdm_cube_s10_gc.pt --gdm-steps 3 --accept-tau 999 --horizon 2 --receding-horizon 2 --num-samples 600 --n-steps 30 --source pretrained --encoder-id quentinll/lewm-cube --h5 "$CUBE_H5" --device cuda --start final --goal-offset 25 --eval-budget 50 --num-eval 128 --seed 45 --cem-seed 45 --episode-min 8000
591	cube	mppi_flat_rh5	25	45	logs/rbH_cube_mppi_flat_rh5_t25_seed45.log	python -m surveyor.envs.cube.eval --solver mppi --subgoal flat --horizon 5 --receding-horizon 5 --num-samples 600 --n-steps 30 --source pretrained --encoder-id quentinll/lewm-cube --h5 "$CUBE_H5" --device cuda --start final --goal-offset 25 --eval-budget 50 --num-eval 128 --seed 45 --cem-seed 45 --episode-min 8000
592	cube	mppi_ffjepa_s10k3	25	45	logs/rbH_cube_mppi_ffjepa_s10k3_t25_seed45.log	python -m surveyor.envs.cube.eval --solver mppi --subgoal ffjepa --gdm-ckpt gdm_cube_s10_gc.pt --gdm-steps 3 --horizon 2 --receding-horizon 2 --num-samples 600 --n-steps 30 --source pretrained --encoder-id quentinll/lewm-cube --h5 "$CUBE_H5" --device cuda --start final --goal-offset 25 --eval-budget 50 --num-eval 128 --seed 45 --cem-seed 45 --episode-min 8000
593	cube	mppi_surveyor	25	45	logs/rbH_cube_mppi_surveyor_t25_seed45.log	python -m surveyor.envs.cube.eval --solver mppi --subgoal surveyor --gdm-ckpt gdm_cube_s10_gc.pt --gdm-steps 3 --accept-tau 0.20 --horizon 2 --receding-horizon 2 --num-samples 600 --n-steps 30 --source pretrained --encoder-id quentinll/lewm-cube --h5 "$CUBE_H5" --device cuda --start final --goal-offset 25 --eval-budget 50 --num-eval 128 --seed 45 --cem-seed 45 --episode-min 8000
594	cube	mppi_router	25	45	logs/rbH_cube_mppi_router_t25_seed45.log	python -m surveyor.envs.cube.eval --solver mppi --subgoal router+surveyor --gdm-ckpt gdm_cube_s10_gc.pt --gdm-steps 3 --accept-tau 0.20 --horizon 2 --receding-horizon 2 --num-samples 600 --n-steps 30 --source pretrained --encoder-id quentinll/lewm-cube --h5 "$CUBE_H5" --device cuda --start final --goal-offset 25 --eval-budget 50 --num-eval 128 --seed 45 --cem-seed 45 --episode-min 8000
595	cube	mppi_blindk	25	45	logs/rbH_cube_mppi_blindk_t25_seed45.log	python -m surveyor.envs.cube.eval --solver mppi --subgoal surveyor --gdm-ckpt gdm_cube_s10_gc.pt --gdm-steps 3 --accept-tau 999 --horizon 2 --receding-horizon 2 --num-samples 600 --n-steps 30 --source pretrained --encoder-id quentinll/lewm-cube --h5 "$CUBE_H5" --device cuda --start final --goal-offset 25 --eval-budget 50 --num-eval 128 --seed 45 --cem-seed 45 --episode-min 8000
596	cube	flat_rh5	25	46	logs/rbH_cube_flat_rh5_t25_seed46.log	python -m surveyor.envs.cube.eval --subgoal flat --horizon 5 --receding-horizon 5 --num-samples 600 --n-steps 30 --source pretrained --encoder-id quentinll/lewm-cube --h5 "$CUBE_H5" --device cuda --start final --goal-offset 25 --eval-budget 50 --num-eval 128 --seed 46 --cem-seed 46 --episode-min 8000
597	cube	ffjepa_s10k3	25	46	logs/rbH_cube_ffjepa_s10k3_t25_seed46.log	python -m surveyor.envs.cube.eval --subgoal ffjepa --gdm-ckpt gdm_cube_s10_gc.pt --gdm-steps 3 --horizon 2 --receding-horizon 2 --num-samples 600 --n-steps 30 --source pretrained --encoder-id quentinll/lewm-cube --h5 "$CUBE_H5" --device cuda --start final --goal-offset 25 --eval-budget 50 --num-eval 128 --seed 46 --cem-seed 46 --episode-min 8000
598	cube	surveyor	25	46	logs/rbH_cube_surveyor_t25_seed46.log	python -m surveyor.envs.cube.eval --subgoal surveyor --gdm-ckpt gdm_cube_s10_gc.pt --gdm-steps 3 --accept-tau 0.20 --horizon 2 --receding-horizon 2 --num-samples 600 --n-steps 30 --source pretrained --encoder-id quentinll/lewm-cube --h5 "$CUBE_H5" --device cuda --start final --goal-offset 25 --eval-budget 50 --num-eval 128 --seed 46 --cem-seed 46 --episode-min 8000
599	cube	router	25	46	logs/rbH_cube_router_t25_seed46.log	python -m surveyor.envs.cube.eval --subgoal router+surveyor --gdm-ckpt gdm_cube_s10_gc.pt --gdm-steps 3 --accept-tau 0.20 --horizon 2 --receding-horizon 2 --num-samples 600 --n-steps 30 --source pretrained --encoder-id quentinll/lewm-cube --h5 "$CUBE_H5" --device cuda --start final --goal-offset 25 --eval-budget 50 --num-eval 128 --seed 46 --cem-seed 46 --episode-min 8000
600	cube	blindk	25	46	logs/rbH_cube_blindk_t25_seed46.log	python -m surveyor.envs.cube.eval --subgoal surveyor --gdm-ckpt gdm_cube_s10_gc.pt --gdm-steps 3 --accept-tau 999 --horizon 2 --receding-horizon 2 --num-samples 600 --n-steps 30 --source pretrained --encoder-id quentinll/lewm-cube --h5 "$CUBE_H5" --device cuda --start final --goal-offset 25 --eval-budget 50 --num-eval 128 --seed 46 --cem-seed 46 --episode-min 8000
601	cube	gcidm	25	46	logs/rbH_cube_gcidm_t25_seed46.log	python -m surveyor.envs.cube.eval --subgoal gcidm --gcidm-ckpt gcidm_cube_h50.pt --source pretrained --encoder-id quentinll/lewm-cube --h5 "$CUBE_H5" --device cuda --start final --goal-offset 25 --eval-budget 50 --num-eval 128 --seed 46 --cem-seed 46 --episode-min 8000
602	cube	gcidm_surv	25	46	logs/rbH_cube_gcidm_surv_t25_seed46.log	python -m surveyor.envs.cube.eval --subgoal gcidm+surveyor --gcidm-ckpt gcidm_cube_h50.pt --gdm-ckpt gdm_cube_s10_gc.pt --gdm-steps 3 --accept-tau 0.20 --sg-steps 10 --goal-gate --source pretrained --encoder-id quentinll/lewm-cube --h5 "$CUBE_H5" --device cuda --start final --goal-offset 25 --eval-budget 50 --num-eval 128 --seed 46 --cem-seed 46 --episode-min 8000
603	cube	gcidm_every	25	46	logs/rbH_cube_gcidm_every_t25_seed46.log	python -m surveyor.envs.cube.eval --subgoal gcidm+surveyor --gcidm-ckpt gcidm_cube_h50.pt --gdm-ckpt gdm_cube_s10_gc.pt --gdm-steps 3 --accept-tau 0.0 --sg-steps 10 --source pretrained --encoder-id quentinll/lewm-cube --h5 "$CUBE_H5" --device cuda --start final --goal-offset 25 --eval-budget 50 --num-eval 128 --seed 46 --cem-seed 46 --episode-min 8000
604	cube	gcidm_blind	25	46	logs/rbH_cube_gcidm_blind_t25_seed46.log	python -m surveyor.envs.cube.eval --subgoal gcidm+surveyor --gcidm-ckpt gcidm_cube_h50.pt --gdm-ckpt gdm_cube_s10_gc.pt --gdm-steps 3 --accept-tau 999 --sg-steps 10 --source pretrained --encoder-id quentinll/lewm-cube --h5 "$CUBE_H5" --device cuda --start final --goal-offset 25 --eval-budget 50 --num-eval 128 --seed 46 --cem-seed 46 --episode-min 8000
605	cube	icem_flat_rh5	25	46	logs/rbH_cube_icem_flat_rh5_t25_seed46.log	python -m surveyor.envs.cube.eval --solver icem --subgoal flat --horizon 5 --receding-horizon 5 --num-samples 600 --n-steps 30 --source pretrained --encoder-id quentinll/lewm-cube --h5 "$CUBE_H5" --device cuda --start final --goal-offset 25 --eval-budget 50 --num-eval 128 --seed 46 --cem-seed 46 --episode-min 8000
606	cube	icem_ffjepa_s10k3	25	46	logs/rbH_cube_icem_ffjepa_s10k3_t25_seed46.log	python -m surveyor.envs.cube.eval --solver icem --subgoal ffjepa --gdm-ckpt gdm_cube_s10_gc.pt --gdm-steps 3 --horizon 2 --receding-horizon 2 --num-samples 600 --n-steps 30 --source pretrained --encoder-id quentinll/lewm-cube --h5 "$CUBE_H5" --device cuda --start final --goal-offset 25 --eval-budget 50 --num-eval 128 --seed 46 --cem-seed 46 --episode-min 8000
607	cube	icem_surveyor	25	46	logs/rbH_cube_icem_surveyor_t25_seed46.log	python -m surveyor.envs.cube.eval --solver icem --subgoal surveyor --gdm-ckpt gdm_cube_s10_gc.pt --gdm-steps 3 --accept-tau 0.20 --horizon 2 --receding-horizon 2 --num-samples 600 --n-steps 30 --source pretrained --encoder-id quentinll/lewm-cube --h5 "$CUBE_H5" --device cuda --start final --goal-offset 25 --eval-budget 50 --num-eval 128 --seed 46 --cem-seed 46 --episode-min 8000
608	cube	icem_router	25	46	logs/rbH_cube_icem_router_t25_seed46.log	python -m surveyor.envs.cube.eval --solver icem --subgoal router+surveyor --gdm-ckpt gdm_cube_s10_gc.pt --gdm-steps 3 --accept-tau 0.20 --horizon 2 --receding-horizon 2 --num-samples 600 --n-steps 30 --source pretrained --encoder-id quentinll/lewm-cube --h5 "$CUBE_H5" --device cuda --start final --goal-offset 25 --eval-budget 50 --num-eval 128 --seed 46 --cem-seed 46 --episode-min 8000
609	cube	icem_blindk	25	46	logs/rbH_cube_icem_blindk_t25_seed46.log	python -m surveyor.envs.cube.eval --solver icem --subgoal surveyor --gdm-ckpt gdm_cube_s10_gc.pt --gdm-steps 3 --accept-tau 999 --horizon 2 --receding-horizon 2 --num-samples 600 --n-steps 30 --source pretrained --encoder-id quentinll/lewm-cube --h5 "$CUBE_H5" --device cuda --start final --goal-offset 25 --eval-budget 50 --num-eval 128 --seed 46 --cem-seed 46 --episode-min 8000
610	cube	mppi_flat_rh5	25	46	logs/rbH_cube_mppi_flat_rh5_t25_seed46.log	python -m surveyor.envs.cube.eval --solver mppi --subgoal flat --horizon 5 --receding-horizon 5 --num-samples 600 --n-steps 30 --source pretrained --encoder-id quentinll/lewm-cube --h5 "$CUBE_H5" --device cuda --start final --goal-offset 25 --eval-budget 50 --num-eval 128 --seed 46 --cem-seed 46 --episode-min 8000
611	cube	mppi_ffjepa_s10k3	25	46	logs/rbH_cube_mppi_ffjepa_s10k3_t25_seed46.log	python -m surveyor.envs.cube.eval --solver mppi --subgoal ffjepa --gdm-ckpt gdm_cube_s10_gc.pt --gdm-steps 3 --horizon 2 --receding-horizon 2 --num-samples 600 --n-steps 30 --source pretrained --encoder-id quentinll/lewm-cube --h5 "$CUBE_H5" --device cuda --start final --goal-offset 25 --eval-budget 50 --num-eval 128 --seed 46 --cem-seed 46 --episode-min 8000
612	cube	mppi_surveyor	25	46	logs/rbH_cube_mppi_surveyor_t25_seed46.log	python -m surveyor.envs.cube.eval --solver mppi --subgoal surveyor --gdm-ckpt gdm_cube_s10_gc.pt --gdm-steps 3 --accept-tau 0.20 --horizon 2 --receding-horizon 2 --num-samples 600 --n-steps 30 --source pretrained --encoder-id quentinll/lewm-cube --h5 "$CUBE_H5" --device cuda --start final --goal-offset 25 --eval-budget 50 --num-eval 128 --seed 46 --cem-seed 46 --episode-min 8000
613	cube	mppi_router	25	46	logs/rbH_cube_mppi_router_t25_seed46.log	python -m surveyor.envs.cube.eval --solver mppi --subgoal router+surveyor --gdm-ckpt gdm_cube_s10_gc.pt --gdm-steps 3 --accept-tau 0.20 --horizon 2 --receding-horizon 2 --num-samples 600 --n-steps 30 --source pretrained --encoder-id quentinll/lewm-cube --h5 "$CUBE_H5" --device cuda --start final --goal-offset 25 --eval-budget 50 --num-eval 128 --seed 46 --cem-seed 46 --episode-min 8000
614	cube	mppi_blindk	25	46	logs/rbH_cube_mppi_blindk_t25_seed46.log	python -m surveyor.envs.cube.eval --solver mppi --subgoal surveyor --gdm-ckpt gdm_cube_s10_gc.pt --gdm-steps 3 --accept-tau 999 --horizon 2 --receding-horizon 2 --num-samples 600 --n-steps 30 --source pretrained --encoder-id quentinll/lewm-cube --h5 "$CUBE_H5" --device cuda --start final --goal-offset 25 --eval-budget 50 --num-eval 128 --seed 46 --cem-seed 46 --episode-min 8000
615	cube	flat_rh5	25	47	logs/rbH_cube_flat_rh5_t25_seed47.log	python -m surveyor.envs.cube.eval --subgoal flat --horizon 5 --receding-horizon 5 --num-samples 600 --n-steps 30 --source pretrained --encoder-id quentinll/lewm-cube --h5 "$CUBE_H5" --device cuda --start final --goal-offset 25 --eval-budget 50 --num-eval 128 --seed 47 --cem-seed 47 --episode-min 8000
616	cube	ffjepa_s10k3	25	47	logs/rbH_cube_ffjepa_s10k3_t25_seed47.log	python -m surveyor.envs.cube.eval --subgoal ffjepa --gdm-ckpt gdm_cube_s10_gc.pt --gdm-steps 3 --horizon 2 --receding-horizon 2 --num-samples 600 --n-steps 30 --source pretrained --encoder-id quentinll/lewm-cube --h5 "$CUBE_H5" --device cuda --start final --goal-offset 25 --eval-budget 50 --num-eval 128 --seed 47 --cem-seed 47 --episode-min 8000
617	cube	surveyor	25	47	logs/rbH_cube_surveyor_t25_seed47.log	python -m surveyor.envs.cube.eval --subgoal surveyor --gdm-ckpt gdm_cube_s10_gc.pt --gdm-steps 3 --accept-tau 0.20 --horizon 2 --receding-horizon 2 --num-samples 600 --n-steps 30 --source pretrained --encoder-id quentinll/lewm-cube --h5 "$CUBE_H5" --device cuda --start final --goal-offset 25 --eval-budget 50 --num-eval 128 --seed 47 --cem-seed 47 --episode-min 8000
618	cube	router	25	47	logs/rbH_cube_router_t25_seed47.log	python -m surveyor.envs.cube.eval --subgoal router+surveyor --gdm-ckpt gdm_cube_s10_gc.pt --gdm-steps 3 --accept-tau 0.20 --horizon 2 --receding-horizon 2 --num-samples 600 --n-steps 30 --source pretrained --encoder-id quentinll/lewm-cube --h5 "$CUBE_H5" --device cuda --start final --goal-offset 25 --eval-budget 50 --num-eval 128 --seed 47 --cem-seed 47 --episode-min 8000
619	cube	blindk	25	47	logs/rbH_cube_blindk_t25_seed47.log	python -m surveyor.envs.cube.eval --subgoal surveyor --gdm-ckpt gdm_cube_s10_gc.pt --gdm-steps 3 --accept-tau 999 --horizon 2 --receding-horizon 2 --num-samples 600 --n-steps 30 --source pretrained --encoder-id quentinll/lewm-cube --h5 "$CUBE_H5" --device cuda --start final --goal-offset 25 --eval-budget 50 --num-eval 128 --seed 47 --cem-seed 47 --episode-min 8000
620	cube	gcidm	25	47	logs/rbH_cube_gcidm_t25_seed47.log	python -m surveyor.envs.cube.eval --subgoal gcidm --gcidm-ckpt gcidm_cube_h50.pt --source pretrained --encoder-id quentinll/lewm-cube --h5 "$CUBE_H5" --device cuda --start final --goal-offset 25 --eval-budget 50 --num-eval 128 --seed 47 --cem-seed 47 --episode-min 8000
621	cube	gcidm_surv	25	47	logs/rbH_cube_gcidm_surv_t25_seed47.log	python -m surveyor.envs.cube.eval --subgoal gcidm+surveyor --gcidm-ckpt gcidm_cube_h50.pt --gdm-ckpt gdm_cube_s10_gc.pt --gdm-steps 3 --accept-tau 0.20 --sg-steps 10 --goal-gate --source pretrained --encoder-id quentinll/lewm-cube --h5 "$CUBE_H5" --device cuda --start final --goal-offset 25 --eval-budget 50 --num-eval 128 --seed 47 --cem-seed 47 --episode-min 8000
622	cube	gcidm_every	25	47	logs/rbH_cube_gcidm_every_t25_seed47.log	python -m surveyor.envs.cube.eval --subgoal gcidm+surveyor --gcidm-ckpt gcidm_cube_h50.pt --gdm-ckpt gdm_cube_s10_gc.pt --gdm-steps 3 --accept-tau 0.0 --sg-steps 10 --source pretrained --encoder-id quentinll/lewm-cube --h5 "$CUBE_H5" --device cuda --start final --goal-offset 25 --eval-budget 50 --num-eval 128 --seed 47 --cem-seed 47 --episode-min 8000
623	cube	gcidm_blind	25	47	logs/rbH_cube_gcidm_blind_t25_seed47.log	python -m surveyor.envs.cube.eval --subgoal gcidm+surveyor --gcidm-ckpt gcidm_cube_h50.pt --gdm-ckpt gdm_cube_s10_gc.pt --gdm-steps 3 --accept-tau 999 --sg-steps 10 --source pretrained --encoder-id quentinll/lewm-cube --h5 "$CUBE_H5" --device cuda --start final --goal-offset 25 --eval-budget 50 --num-eval 128 --seed 47 --cem-seed 47 --episode-min 8000
624	cube	icem_flat_rh5	25	47	logs/rbH_cube_icem_flat_rh5_t25_seed47.log	python -m surveyor.envs.cube.eval --solver icem --subgoal flat --horizon 5 --receding-horizon 5 --num-samples 600 --n-steps 30 --source pretrained --encoder-id quentinll/lewm-cube --h5 "$CUBE_H5" --device cuda --start final --goal-offset 25 --eval-budget 50 --num-eval 128 --seed 47 --cem-seed 47 --episode-min 8000
625	cube	icem_ffjepa_s10k3	25	47	logs/rbH_cube_icem_ffjepa_s10k3_t25_seed47.log	python -m surveyor.envs.cube.eval --solver icem --subgoal ffjepa --gdm-ckpt gdm_cube_s10_gc.pt --gdm-steps 3 --horizon 2 --receding-horizon 2 --num-samples 600 --n-steps 30 --source pretrained --encoder-id quentinll/lewm-cube --h5 "$CUBE_H5" --device cuda --start final --goal-offset 25 --eval-budget 50 --num-eval 128 --seed 47 --cem-seed 47 --episode-min 8000
626	cube	icem_surveyor	25	47	logs/rbH_cube_icem_surveyor_t25_seed47.log	python -m surveyor.envs.cube.eval --solver icem --subgoal surveyor --gdm-ckpt gdm_cube_s10_gc.pt --gdm-steps 3 --accept-tau 0.20 --horizon 2 --receding-horizon 2 --num-samples 600 --n-steps 30 --source pretrained --encoder-id quentinll/lewm-cube --h5 "$CUBE_H5" --device cuda --start final --goal-offset 25 --eval-budget 50 --num-eval 128 --seed 47 --cem-seed 47 --episode-min 8000
627	cube	icem_router	25	47	logs/rbH_cube_icem_router_t25_seed47.log	python -m surveyor.envs.cube.eval --solver icem --subgoal router+surveyor --gdm-ckpt gdm_cube_s10_gc.pt --gdm-steps 3 --accept-tau 0.20 --horizon 2 --receding-horizon 2 --num-samples 600 --n-steps 30 --source pretrained --encoder-id quentinll/lewm-cube --h5 "$CUBE_H5" --device cuda --start final --goal-offset 25 --eval-budget 50 --num-eval 128 --seed 47 --cem-seed 47 --episode-min 8000
628	cube	icem_blindk	25	47	logs/rbH_cube_icem_blindk_t25_seed47.log	python -m surveyor.envs.cube.eval --solver icem --subgoal surveyor --gdm-ckpt gdm_cube_s10_gc.pt --gdm-steps 3 --accept-tau 999 --horizon 2 --receding-horizon 2 --num-samples 600 --n-steps 30 --source pretrained --encoder-id quentinll/lewm-cube --h5 "$CUBE_H5" --device cuda --start final --goal-offset 25 --eval-budget 50 --num-eval 128 --seed 47 --cem-seed 47 --episode-min 8000
629	cube	mppi_flat_rh5	25	47	logs/rbH_cube_mppi_flat_rh5_t25_seed47.log	python -m surveyor.envs.cube.eval --solver mppi --subgoal flat --horizon 5 --receding-horizon 5 --num-samples 600 --n-steps 30 --source pretrained --encoder-id quentinll/lewm-cube --h5 "$CUBE_H5" --device cuda --start final --goal-offset 25 --eval-budget 50 --num-eval 128 --seed 47 --cem-seed 47 --episode-min 8000
630	cube	mppi_ffjepa_s10k3	25	47	logs/rbH_cube_mppi_ffjepa_s10k3_t25_seed47.log	python -m surveyor.envs.cube.eval --solver mppi --subgoal ffjepa --gdm-ckpt gdm_cube_s10_gc.pt --gdm-steps 3 --horizon 2 --receding-horizon 2 --num-samples 600 --n-steps 30 --source pretrained --encoder-id quentinll/lewm-cube --h5 "$CUBE_H5" --device cuda --start final --goal-offset 25 --eval-budget 50 --num-eval 128 --seed 47 --cem-seed 47 --episode-min 8000
631	cube	mppi_surveyor	25	47	logs/rbH_cube_mppi_surveyor_t25_seed47.log	python -m surveyor.envs.cube.eval --solver mppi --subgoal surveyor --gdm-ckpt gdm_cube_s10_gc.pt --gdm-steps 3 --accept-tau 0.20 --horizon 2 --receding-horizon 2 --num-samples 600 --n-steps 30 --source pretrained --encoder-id quentinll/lewm-cube --h5 "$CUBE_H5" --device cuda --start final --goal-offset 25 --eval-budget 50 --num-eval 128 --seed 47 --cem-seed 47 --episode-min 8000
632	cube	mppi_router	25	47	logs/rbH_cube_mppi_router_t25_seed47.log	python -m surveyor.envs.cube.eval --solver mppi --subgoal router+surveyor --gdm-ckpt gdm_cube_s10_gc.pt --gdm-steps 3 --accept-tau 0.20 --horizon 2 --receding-horizon 2 --num-samples 600 --n-steps 30 --source pretrained --encoder-id quentinll/lewm-cube --h5 "$CUBE_H5" --device cuda --start final --goal-offset 25 --eval-budget 50 --num-eval 128 --seed 47 --cem-seed 47 --episode-min 8000
633	cube	mppi_blindk	25	47	logs/rbH_cube_mppi_blindk_t25_seed47.log	python -m surveyor.envs.cube.eval --solver mppi --subgoal surveyor --gdm-ckpt gdm_cube_s10_gc.pt --gdm-steps 3 --accept-tau 999 --horizon 2 --receding-horizon 2 --num-samples 600 --n-steps 30 --source pretrained --encoder-id quentinll/lewm-cube --h5 "$CUBE_H5" --device cuda --start final --goal-offset 25 --eval-budget 50 --num-eval 128 --seed 47 --cem-seed 47 --episode-min 8000
634	cube	flat_rh5	25	48	logs/rbH_cube_flat_rh5_t25_seed48.log	python -m surveyor.envs.cube.eval --subgoal flat --horizon 5 --receding-horizon 5 --num-samples 600 --n-steps 30 --source pretrained --encoder-id quentinll/lewm-cube --h5 "$CUBE_H5" --device cuda --start final --goal-offset 25 --eval-budget 50 --num-eval 128 --seed 48 --cem-seed 48 --episode-min 8000
635	cube	ffjepa_s10k3	25	48	logs/rbH_cube_ffjepa_s10k3_t25_seed48.log	python -m surveyor.envs.cube.eval --subgoal ffjepa --gdm-ckpt gdm_cube_s10_gc.pt --gdm-steps 3 --horizon 2 --receding-horizon 2 --num-samples 600 --n-steps 30 --source pretrained --encoder-id quentinll/lewm-cube --h5 "$CUBE_H5" --device cuda --start final --goal-offset 25 --eval-budget 50 --num-eval 128 --seed 48 --cem-seed 48 --episode-min 8000
636	cube	surveyor	25	48	logs/rbH_cube_surveyor_t25_seed48.log	python -m surveyor.envs.cube.eval --subgoal surveyor --gdm-ckpt gdm_cube_s10_gc.pt --gdm-steps 3 --accept-tau 0.20 --horizon 2 --receding-horizon 2 --num-samples 600 --n-steps 30 --source pretrained --encoder-id quentinll/lewm-cube --h5 "$CUBE_H5" --device cuda --start final --goal-offset 25 --eval-budget 50 --num-eval 128 --seed 48 --cem-seed 48 --episode-min 8000
637	cube	router	25	48	logs/rbH_cube_router_t25_seed48.log	python -m surveyor.envs.cube.eval --subgoal router+surveyor --gdm-ckpt gdm_cube_s10_gc.pt --gdm-steps 3 --accept-tau 0.20 --horizon 2 --receding-horizon 2 --num-samples 600 --n-steps 30 --source pretrained --encoder-id quentinll/lewm-cube --h5 "$CUBE_H5" --device cuda --start final --goal-offset 25 --eval-budget 50 --num-eval 128 --seed 48 --cem-seed 48 --episode-min 8000
638	cube	blindk	25	48	logs/rbH_cube_blindk_t25_seed48.log	python -m surveyor.envs.cube.eval --subgoal surveyor --gdm-ckpt gdm_cube_s10_gc.pt --gdm-steps 3 --accept-tau 999 --horizon 2 --receding-horizon 2 --num-samples 600 --n-steps 30 --source pretrained --encoder-id quentinll/lewm-cube --h5 "$CUBE_H5" --device cuda --start final --goal-offset 25 --eval-budget 50 --num-eval 128 --seed 48 --cem-seed 48 --episode-min 8000
639	cube	gcidm	25	48	logs/rbH_cube_gcidm_t25_seed48.log	python -m surveyor.envs.cube.eval --subgoal gcidm --gcidm-ckpt gcidm_cube_h50.pt --source pretrained --encoder-id quentinll/lewm-cube --h5 "$CUBE_H5" --device cuda --start final --goal-offset 25 --eval-budget 50 --num-eval 128 --seed 48 --cem-seed 48 --episode-min 8000
640	cube	gcidm_surv	25	48	logs/rbH_cube_gcidm_surv_t25_seed48.log	python -m surveyor.envs.cube.eval --subgoal gcidm+surveyor --gcidm-ckpt gcidm_cube_h50.pt --gdm-ckpt gdm_cube_s10_gc.pt --gdm-steps 3 --accept-tau 0.20 --sg-steps 10 --goal-gate --source pretrained --encoder-id quentinll/lewm-cube --h5 "$CUBE_H5" --device cuda --start final --goal-offset 25 --eval-budget 50 --num-eval 128 --seed 48 --cem-seed 48 --episode-min 8000
641	cube	gcidm_every	25	48	logs/rbH_cube_gcidm_every_t25_seed48.log	python -m surveyor.envs.cube.eval --subgoal gcidm+surveyor --gcidm-ckpt gcidm_cube_h50.pt --gdm-ckpt gdm_cube_s10_gc.pt --gdm-steps 3 --accept-tau 0.0 --sg-steps 10 --source pretrained --encoder-id quentinll/lewm-cube --h5 "$CUBE_H5" --device cuda --start final --goal-offset 25 --eval-budget 50 --num-eval 128 --seed 48 --cem-seed 48 --episode-min 8000
642	cube	gcidm_blind	25	48	logs/rbH_cube_gcidm_blind_t25_seed48.log	python -m surveyor.envs.cube.eval --subgoal gcidm+surveyor --gcidm-ckpt gcidm_cube_h50.pt --gdm-ckpt gdm_cube_s10_gc.pt --gdm-steps 3 --accept-tau 999 --sg-steps 10 --source pretrained --encoder-id quentinll/lewm-cube --h5 "$CUBE_H5" --device cuda --start final --goal-offset 25 --eval-budget 50 --num-eval 128 --seed 48 --cem-seed 48 --episode-min 8000
643	cube	icem_flat_rh5	25	48	logs/rbH_cube_icem_flat_rh5_t25_seed48.log	python -m surveyor.envs.cube.eval --solver icem --subgoal flat --horizon 5 --receding-horizon 5 --num-samples 600 --n-steps 30 --source pretrained --encoder-id quentinll/lewm-cube --h5 "$CUBE_H5" --device cuda --start final --goal-offset 25 --eval-budget 50 --num-eval 128 --seed 48 --cem-seed 48 --episode-min 8000
644	cube	icem_ffjepa_s10k3	25	48	logs/rbH_cube_icem_ffjepa_s10k3_t25_seed48.log	python -m surveyor.envs.cube.eval --solver icem --subgoal ffjepa --gdm-ckpt gdm_cube_s10_gc.pt --gdm-steps 3 --horizon 2 --receding-horizon 2 --num-samples 600 --n-steps 30 --source pretrained --encoder-id quentinll/lewm-cube --h5 "$CUBE_H5" --device cuda --start final --goal-offset 25 --eval-budget 50 --num-eval 128 --seed 48 --cem-seed 48 --episode-min 8000
645	cube	icem_surveyor	25	48	logs/rbH_cube_icem_surveyor_t25_seed48.log	python -m surveyor.envs.cube.eval --solver icem --subgoal surveyor --gdm-ckpt gdm_cube_s10_gc.pt --gdm-steps 3 --accept-tau 0.20 --horizon 2 --receding-horizon 2 --num-samples 600 --n-steps 30 --source pretrained --encoder-id quentinll/lewm-cube --h5 "$CUBE_H5" --device cuda --start final --goal-offset 25 --eval-budget 50 --num-eval 128 --seed 48 --cem-seed 48 --episode-min 8000
646	cube	icem_router	25	48	logs/rbH_cube_icem_router_t25_seed48.log	python -m surveyor.envs.cube.eval --solver icem --subgoal router+surveyor --gdm-ckpt gdm_cube_s10_gc.pt --gdm-steps 3 --accept-tau 0.20 --horizon 2 --receding-horizon 2 --num-samples 600 --n-steps 30 --source pretrained --encoder-id quentinll/lewm-cube --h5 "$CUBE_H5" --device cuda --start final --goal-offset 25 --eval-budget 50 --num-eval 128 --seed 48 --cem-seed 48 --episode-min 8000
647	cube	icem_blindk	25	48	logs/rbH_cube_icem_blindk_t25_seed48.log	python -m surveyor.envs.cube.eval --solver icem --subgoal surveyor --gdm-ckpt gdm_cube_s10_gc.pt --gdm-steps 3 --accept-tau 999 --horizon 2 --receding-horizon 2 --num-samples 600 --n-steps 30 --source pretrained --encoder-id quentinll/lewm-cube --h5 "$CUBE_H5" --device cuda --start final --goal-offset 25 --eval-budget 50 --num-eval 128 --seed 48 --cem-seed 48 --episode-min 8000
648	cube	mppi_flat_rh5	25	48	logs/rbH_cube_mppi_flat_rh5_t25_seed48.log	python -m surveyor.envs.cube.eval --solver mppi --subgoal flat --horizon 5 --receding-horizon 5 --num-samples 600 --n-steps 30 --source pretrained --encoder-id quentinll/lewm-cube --h5 "$CUBE_H5" --device cuda --start final --goal-offset 25 --eval-budget 50 --num-eval 128 --seed 48 --cem-seed 48 --episode-min 8000
649	cube	mppi_ffjepa_s10k3	25	48	logs/rbH_cube_mppi_ffjepa_s10k3_t25_seed48.log	python -m surveyor.envs.cube.eval --solver mppi --subgoal ffjepa --gdm-ckpt gdm_cube_s10_gc.pt --gdm-steps 3 --horizon 2 --receding-horizon 2 --num-samples 600 --n-steps 30 --source pretrained --encoder-id quentinll/lewm-cube --h5 "$CUBE_H5" --device cuda --start final --goal-offset 25 --eval-budget 50 --num-eval 128 --seed 48 --cem-seed 48 --episode-min 8000
650	cube	mppi_surveyor	25	48	logs/rbH_cube_mppi_surveyor_t25_seed48.log	python -m surveyor.envs.cube.eval --solver mppi --subgoal surveyor --gdm-ckpt gdm_cube_s10_gc.pt --gdm-steps 3 --accept-tau 0.20 --horizon 2 --receding-horizon 2 --num-samples 600 --n-steps 30 --source pretrained --encoder-id quentinll/lewm-cube --h5 "$CUBE_H5" --device cuda --start final --goal-offset 25 --eval-budget 50 --num-eval 128 --seed 48 --cem-seed 48 --episode-min 8000
651	cube	mppi_router	25	48	logs/rbH_cube_mppi_router_t25_seed48.log	python -m surveyor.envs.cube.eval --solver mppi --subgoal router+surveyor --gdm-ckpt gdm_cube_s10_gc.pt --gdm-steps 3 --accept-tau 0.20 --horizon 2 --receding-horizon 2 --num-samples 600 --n-steps 30 --source pretrained --encoder-id quentinll/lewm-cube --h5 "$CUBE_H5" --device cuda --start final --goal-offset 25 --eval-budget 50 --num-eval 128 --seed 48 --cem-seed 48 --episode-min 8000
652	cube	mppi_blindk	25	48	logs/rbH_cube_mppi_blindk_t25_seed48.log	python -m surveyor.envs.cube.eval --solver mppi --subgoal surveyor --gdm-ckpt gdm_cube_s10_gc.pt --gdm-steps 3 --accept-tau 999 --horizon 2 --receding-horizon 2 --num-samples 600 --n-steps 30 --source pretrained --encoder-id quentinll/lewm-cube --h5 "$CUBE_H5" --device cuda --start final --goal-offset 25 --eval-budget 50 --num-eval 128 --seed 48 --cem-seed 48 --episode-min 8000
653	cube	flat_rh5	25	49	logs/rbH_cube_flat_rh5_t25_seed49.log	python -m surveyor.envs.cube.eval --subgoal flat --horizon 5 --receding-horizon 5 --num-samples 600 --n-steps 30 --source pretrained --encoder-id quentinll/lewm-cube --h5 "$CUBE_H5" --device cuda --start final --goal-offset 25 --eval-budget 50 --num-eval 128 --seed 49 --cem-seed 49 --episode-min 8000
654	cube	ffjepa_s10k3	25	49	logs/rbH_cube_ffjepa_s10k3_t25_seed49.log	python -m surveyor.envs.cube.eval --subgoal ffjepa --gdm-ckpt gdm_cube_s10_gc.pt --gdm-steps 3 --horizon 2 --receding-horizon 2 --num-samples 600 --n-steps 30 --source pretrained --encoder-id quentinll/lewm-cube --h5 "$CUBE_H5" --device cuda --start final --goal-offset 25 --eval-budget 50 --num-eval 128 --seed 49 --cem-seed 49 --episode-min 8000
655	cube	surveyor	25	49	logs/rbH_cube_surveyor_t25_seed49.log	python -m surveyor.envs.cube.eval --subgoal surveyor --gdm-ckpt gdm_cube_s10_gc.pt --gdm-steps 3 --accept-tau 0.20 --horizon 2 --receding-horizon 2 --num-samples 600 --n-steps 30 --source pretrained --encoder-id quentinll/lewm-cube --h5 "$CUBE_H5" --device cuda --start final --goal-offset 25 --eval-budget 50 --num-eval 128 --seed 49 --cem-seed 49 --episode-min 8000
656	cube	router	25	49	logs/rbH_cube_router_t25_seed49.log	python -m surveyor.envs.cube.eval --subgoal router+surveyor --gdm-ckpt gdm_cube_s10_gc.pt --gdm-steps 3 --accept-tau 0.20 --horizon 2 --receding-horizon 2 --num-samples 600 --n-steps 30 --source pretrained --encoder-id quentinll/lewm-cube --h5 "$CUBE_H5" --device cuda --start final --goal-offset 25 --eval-budget 50 --num-eval 128 --seed 49 --cem-seed 49 --episode-min 8000
657	cube	blindk	25	49	logs/rbH_cube_blindk_t25_seed49.log	python -m surveyor.envs.cube.eval --subgoal surveyor --gdm-ckpt gdm_cube_s10_gc.pt --gdm-steps 3 --accept-tau 999 --horizon 2 --receding-horizon 2 --num-samples 600 --n-steps 30 --source pretrained --encoder-id quentinll/lewm-cube --h5 "$CUBE_H5" --device cuda --start final --goal-offset 25 --eval-budget 50 --num-eval 128 --seed 49 --cem-seed 49 --episode-min 8000
658	cube	gcidm	25	49	logs/rbH_cube_gcidm_t25_seed49.log	python -m surveyor.envs.cube.eval --subgoal gcidm --gcidm-ckpt gcidm_cube_h50.pt --source pretrained --encoder-id quentinll/lewm-cube --h5 "$CUBE_H5" --device cuda --start final --goal-offset 25 --eval-budget 50 --num-eval 128 --seed 49 --cem-seed 49 --episode-min 8000
659	cube	gcidm_surv	25	49	logs/rbH_cube_gcidm_surv_t25_seed49.log	python -m surveyor.envs.cube.eval --subgoal gcidm+surveyor --gcidm-ckpt gcidm_cube_h50.pt --gdm-ckpt gdm_cube_s10_gc.pt --gdm-steps 3 --accept-tau 0.20 --sg-steps 10 --goal-gate --source pretrained --encoder-id quentinll/lewm-cube --h5 "$CUBE_H5" --device cuda --start final --goal-offset 25 --eval-budget 50 --num-eval 128 --seed 49 --cem-seed 49 --episode-min 8000
660	cube	gcidm_every	25	49	logs/rbH_cube_gcidm_every_t25_seed49.log	python -m surveyor.envs.cube.eval --subgoal gcidm+surveyor --gcidm-ckpt gcidm_cube_h50.pt --gdm-ckpt gdm_cube_s10_gc.pt --gdm-steps 3 --accept-tau 0.0 --sg-steps 10 --source pretrained --encoder-id quentinll/lewm-cube --h5 "$CUBE_H5" --device cuda --start final --goal-offset 25 --eval-budget 50 --num-eval 128 --seed 49 --cem-seed 49 --episode-min 8000
661	cube	gcidm_blind	25	49	logs/rbH_cube_gcidm_blind_t25_seed49.log	python -m surveyor.envs.cube.eval --subgoal gcidm+surveyor --gcidm-ckpt gcidm_cube_h50.pt --gdm-ckpt gdm_cube_s10_gc.pt --gdm-steps 3 --accept-tau 999 --sg-steps 10 --source pretrained --encoder-id quentinll/lewm-cube --h5 "$CUBE_H5" --device cuda --start final --goal-offset 25 --eval-budget 50 --num-eval 128 --seed 49 --cem-seed 49 --episode-min 8000
662	cube	icem_flat_rh5	25	49	logs/rbH_cube_icem_flat_rh5_t25_seed49.log	python -m surveyor.envs.cube.eval --solver icem --subgoal flat --horizon 5 --receding-horizon 5 --num-samples 600 --n-steps 30 --source pretrained --encoder-id quentinll/lewm-cube --h5 "$CUBE_H5" --device cuda --start final --goal-offset 25 --eval-budget 50 --num-eval 128 --seed 49 --cem-seed 49 --episode-min 8000
663	cube	icem_ffjepa_s10k3	25	49	logs/rbH_cube_icem_ffjepa_s10k3_t25_seed49.log	python -m surveyor.envs.cube.eval --solver icem --subgoal ffjepa --gdm-ckpt gdm_cube_s10_gc.pt --gdm-steps 3 --horizon 2 --receding-horizon 2 --num-samples 600 --n-steps 30 --source pretrained --encoder-id quentinll/lewm-cube --h5 "$CUBE_H5" --device cuda --start final --goal-offset 25 --eval-budget 50 --num-eval 128 --seed 49 --cem-seed 49 --episode-min 8000
664	cube	icem_surveyor	25	49	logs/rbH_cube_icem_surveyor_t25_seed49.log	python -m surveyor.envs.cube.eval --solver icem --subgoal surveyor --gdm-ckpt gdm_cube_s10_gc.pt --gdm-steps 3 --accept-tau 0.20 --horizon 2 --receding-horizon 2 --num-samples 600 --n-steps 30 --source pretrained --encoder-id quentinll/lewm-cube --h5 "$CUBE_H5" --device cuda --start final --goal-offset 25 --eval-budget 50 --num-eval 128 --seed 49 --cem-seed 49 --episode-min 8000
665	cube	icem_router	25	49	logs/rbH_cube_icem_router_t25_seed49.log	python -m surveyor.envs.cube.eval --solver icem --subgoal router+surveyor --gdm-ckpt gdm_cube_s10_gc.pt --gdm-steps 3 --accept-tau 0.20 --horizon 2 --receding-horizon 2 --num-samples 600 --n-steps 30 --source pretrained --encoder-id quentinll/lewm-cube --h5 "$CUBE_H5" --device cuda --start final --goal-offset 25 --eval-budget 50 --num-eval 128 --seed 49 --cem-seed 49 --episode-min 8000
666	cube	icem_blindk	25	49	logs/rbH_cube_icem_blindk_t25_seed49.log	python -m surveyor.envs.cube.eval --solver icem --subgoal surveyor --gdm-ckpt gdm_cube_s10_gc.pt --gdm-steps 3 --accept-tau 999 --horizon 2 --receding-horizon 2 --num-samples 600 --n-steps 30 --source pretrained --encoder-id quentinll/lewm-cube --h5 "$CUBE_H5" --device cuda --start final --goal-offset 25 --eval-budget 50 --num-eval 128 --seed 49 --cem-seed 49 --episode-min 8000
667	cube	mppi_flat_rh5	25	49	logs/rbH_cube_mppi_flat_rh5_t25_seed49.log	python -m surveyor.envs.cube.eval --solver mppi --subgoal flat --horizon 5 --receding-horizon 5 --num-samples 600 --n-steps 30 --source pretrained --encoder-id quentinll/lewm-cube --h5 "$CUBE_H5" --device cuda --start final --goal-offset 25 --eval-budget 50 --num-eval 128 --seed 49 --cem-seed 49 --episode-min 8000
668	cube	mppi_ffjepa_s10k3	25	49	logs/rbH_cube_mppi_ffjepa_s10k3_t25_seed49.log	python -m surveyor.envs.cube.eval --solver mppi --subgoal ffjepa --gdm-ckpt gdm_cube_s10_gc.pt --gdm-steps 3 --horizon 2 --receding-horizon 2 --num-samples 600 --n-steps 30 --source pretrained --encoder-id quentinll/lewm-cube --h5 "$CUBE_H5" --device cuda --start final --goal-offset 25 --eval-budget 50 --num-eval 128 --seed 49 --cem-seed 49 --episode-min 8000
669	cube	mppi_surveyor	25	49	logs/rbH_cube_mppi_surveyor_t25_seed49.log	python -m surveyor.envs.cube.eval --solver mppi --subgoal surveyor --gdm-ckpt gdm_cube_s10_gc.pt --gdm-steps 3 --accept-tau 0.20 --horizon 2 --receding-horizon 2 --num-samples 600 --n-steps 30 --source pretrained --encoder-id quentinll/lewm-cube --h5 "$CUBE_H5" --device cuda --start final --goal-offset 25 --eval-budget 50 --num-eval 128 --seed 49 --cem-seed 49 --episode-min 8000
670	cube	mppi_router	25	49	logs/rbH_cube_mppi_router_t25_seed49.log	python -m surveyor.envs.cube.eval --solver mppi --subgoal router+surveyor --gdm-ckpt gdm_cube_s10_gc.pt --gdm-steps 3 --accept-tau 0.20 --horizon 2 --receding-horizon 2 --num-samples 600 --n-steps 30 --source pretrained --encoder-id quentinll/lewm-cube --h5 "$CUBE_H5" --device cuda --start final --goal-offset 25 --eval-budget 50 --num-eval 128 --seed 49 --cem-seed 49 --episode-min 8000
671	cube	mppi_blindk	25	49	logs/rbH_cube_mppi_blindk_t25_seed49.log	python -m surveyor.envs.cube.eval --solver mppi --subgoal surveyor --gdm-ckpt gdm_cube_s10_gc.pt --gdm-steps 3 --accept-tau 999 --horizon 2 --receding-horizon 2 --num-samples 600 --n-steps 30 --source pretrained --encoder-id quentinll/lewm-cube --h5 "$CUBE_H5" --device cuda --start final --goal-offset 25 --eval-budget 50 --num-eval 128 --seed 49 --cem-seed 49 --episode-min 8000
672	cube	flat_rh5	50	42	logs/rbH_cube_flat_rh5_t50_seed42.log	python -m surveyor.envs.cube.eval --subgoal flat --horizon 5 --receding-horizon 5 --num-samples 600 --n-steps 30 --source pretrained --encoder-id quentinll/lewm-cube --h5 "$CUBE_H5" --device cuda --start final --goal-offset 50 --eval-budget 100 --num-eval 128 --seed 42 --cem-seed 42 --episode-min 8000
673	cube	ffjepa_s10k3	50	42	logs/rbH_cube_ffjepa_s10k3_t50_seed42.log	python -m surveyor.envs.cube.eval --subgoal ffjepa --gdm-ckpt gdm_cube_s10_gc.pt --gdm-steps 3 --horizon 2 --receding-horizon 2 --num-samples 600 --n-steps 30 --source pretrained --encoder-id quentinll/lewm-cube --h5 "$CUBE_H5" --device cuda --start final --goal-offset 50 --eval-budget 100 --num-eval 128 --seed 42 --cem-seed 42 --episode-min 8000
674	cube	surveyor	50	42	logs/rbH_cube_surveyor_t50_seed42.log	python -m surveyor.envs.cube.eval --subgoal surveyor --gdm-ckpt gdm_cube_s10_gc.pt --gdm-steps 3 --accept-tau 0.20 --horizon 2 --receding-horizon 2 --num-samples 600 --n-steps 30 --source pretrained --encoder-id quentinll/lewm-cube --h5 "$CUBE_H5" --device cuda --start final --goal-offset 50 --eval-budget 100 --num-eval 128 --seed 42 --cem-seed 42 --episode-min 8000
675	cube	router	50	42	logs/rbH_cube_router_t50_seed42.log	python -m surveyor.envs.cube.eval --subgoal router+surveyor --gdm-ckpt gdm_cube_s10_gc.pt --gdm-steps 3 --accept-tau 0.20 --horizon 2 --receding-horizon 2 --num-samples 600 --n-steps 30 --source pretrained --encoder-id quentinll/lewm-cube --h5 "$CUBE_H5" --device cuda --start final --goal-offset 50 --eval-budget 100 --num-eval 128 --seed 42 --cem-seed 42 --episode-min 8000
676	cube	blindk	50	42	logs/rbH_cube_blindk_t50_seed42.log	python -m surveyor.envs.cube.eval --subgoal surveyor --gdm-ckpt gdm_cube_s10_gc.pt --gdm-steps 3 --accept-tau 999 --horizon 2 --receding-horizon 2 --num-samples 600 --n-steps 30 --source pretrained --encoder-id quentinll/lewm-cube --h5 "$CUBE_H5" --device cuda --start final --goal-offset 50 --eval-budget 100 --num-eval 128 --seed 42 --cem-seed 42 --episode-min 8000
677	cube	gcidm	50	42	logs/rbH_cube_gcidm_t50_seed42.log	python -m surveyor.envs.cube.eval --subgoal gcidm --gcidm-ckpt gcidm_cube_h100.pt --source pretrained --encoder-id quentinll/lewm-cube --h5 "$CUBE_H5" --device cuda --start final --goal-offset 50 --eval-budget 100 --num-eval 128 --seed 42 --cem-seed 42 --episode-min 8000
678	cube	gcidm_surv	50	42	logs/rbH_cube_gcidm_surv_t50_seed42.log	python -m surveyor.envs.cube.eval --subgoal gcidm+surveyor --gcidm-ckpt gcidm_cube_h100.pt --gdm-ckpt gdm_cube_s10_gc.pt --gdm-steps 3 --accept-tau 0.20 --sg-steps 10 --goal-gate --source pretrained --encoder-id quentinll/lewm-cube --h5 "$CUBE_H5" --device cuda --start final --goal-offset 50 --eval-budget 100 --num-eval 128 --seed 42 --cem-seed 42 --episode-min 8000
679	cube	gcidm_every	50	42	logs/rbH_cube_gcidm_every_t50_seed42.log	python -m surveyor.envs.cube.eval --subgoal gcidm+surveyor --gcidm-ckpt gcidm_cube_h100.pt --gdm-ckpt gdm_cube_s10_gc.pt --gdm-steps 3 --accept-tau 0.0 --sg-steps 10 --source pretrained --encoder-id quentinll/lewm-cube --h5 "$CUBE_H5" --device cuda --start final --goal-offset 50 --eval-budget 100 --num-eval 128 --seed 42 --cem-seed 42 --episode-min 8000
680	cube	gcidm_blind	50	42	logs/rbH_cube_gcidm_blind_t50_seed42.log	python -m surveyor.envs.cube.eval --subgoal gcidm+surveyor --gcidm-ckpt gcidm_cube_h100.pt --gdm-ckpt gdm_cube_s10_gc.pt --gdm-steps 3 --accept-tau 999 --sg-steps 10 --source pretrained --encoder-id quentinll/lewm-cube --h5 "$CUBE_H5" --device cuda --start final --goal-offset 50 --eval-budget 100 --num-eval 128 --seed 42 --cem-seed 42 --episode-min 8000
681	cube	icem_flat_rh5	50	42	logs/rbH_cube_icem_flat_rh5_t50_seed42.log	python -m surveyor.envs.cube.eval --solver icem --subgoal flat --horizon 5 --receding-horizon 5 --num-samples 600 --n-steps 30 --source pretrained --encoder-id quentinll/lewm-cube --h5 "$CUBE_H5" --device cuda --start final --goal-offset 50 --eval-budget 100 --num-eval 128 --seed 42 --cem-seed 42 --episode-min 8000
682	cube	icem_ffjepa_s10k3	50	42	logs/rbH_cube_icem_ffjepa_s10k3_t50_seed42.log	python -m surveyor.envs.cube.eval --solver icem --subgoal ffjepa --gdm-ckpt gdm_cube_s10_gc.pt --gdm-steps 3 --horizon 2 --receding-horizon 2 --num-samples 600 --n-steps 30 --source pretrained --encoder-id quentinll/lewm-cube --h5 "$CUBE_H5" --device cuda --start final --goal-offset 50 --eval-budget 100 --num-eval 128 --seed 42 --cem-seed 42 --episode-min 8000
683	cube	icem_surveyor	50	42	logs/rbH_cube_icem_surveyor_t50_seed42.log	python -m surveyor.envs.cube.eval --solver icem --subgoal surveyor --gdm-ckpt gdm_cube_s10_gc.pt --gdm-steps 3 --accept-tau 0.20 --horizon 2 --receding-horizon 2 --num-samples 600 --n-steps 30 --source pretrained --encoder-id quentinll/lewm-cube --h5 "$CUBE_H5" --device cuda --start final --goal-offset 50 --eval-budget 100 --num-eval 128 --seed 42 --cem-seed 42 --episode-min 8000
684	cube	icem_router	50	42	logs/rbH_cube_icem_router_t50_seed42.log	python -m surveyor.envs.cube.eval --solver icem --subgoal router+surveyor --gdm-ckpt gdm_cube_s10_gc.pt --gdm-steps 3 --accept-tau 0.20 --horizon 2 --receding-horizon 2 --num-samples 600 --n-steps 30 --source pretrained --encoder-id quentinll/lewm-cube --h5 "$CUBE_H5" --device cuda --start final --goal-offset 50 --eval-budget 100 --num-eval 128 --seed 42 --cem-seed 42 --episode-min 8000
685	cube	icem_blindk	50	42	logs/rbH_cube_icem_blindk_t50_seed42.log	python -m surveyor.envs.cube.eval --solver icem --subgoal surveyor --gdm-ckpt gdm_cube_s10_gc.pt --gdm-steps 3 --accept-tau 999 --horizon 2 --receding-horizon 2 --num-samples 600 --n-steps 30 --source pretrained --encoder-id quentinll/lewm-cube --h5 "$CUBE_H5" --device cuda --start final --goal-offset 50 --eval-budget 100 --num-eval 128 --seed 42 --cem-seed 42 --episode-min 8000
686	cube	mppi_flat_rh5	50	42	logs/rbH_cube_mppi_flat_rh5_t50_seed42.log	python -m surveyor.envs.cube.eval --solver mppi --subgoal flat --horizon 5 --receding-horizon 5 --num-samples 600 --n-steps 30 --source pretrained --encoder-id quentinll/lewm-cube --h5 "$CUBE_H5" --device cuda --start final --goal-offset 50 --eval-budget 100 --num-eval 128 --seed 42 --cem-seed 42 --episode-min 8000
687	cube	mppi_ffjepa_s10k3	50	42	logs/rbH_cube_mppi_ffjepa_s10k3_t50_seed42.log	python -m surveyor.envs.cube.eval --solver mppi --subgoal ffjepa --gdm-ckpt gdm_cube_s10_gc.pt --gdm-steps 3 --horizon 2 --receding-horizon 2 --num-samples 600 --n-steps 30 --source pretrained --encoder-id quentinll/lewm-cube --h5 "$CUBE_H5" --device cuda --start final --goal-offset 50 --eval-budget 100 --num-eval 128 --seed 42 --cem-seed 42 --episode-min 8000
688	cube	mppi_surveyor	50	42	logs/rbH_cube_mppi_surveyor_t50_seed42.log	python -m surveyor.envs.cube.eval --solver mppi --subgoal surveyor --gdm-ckpt gdm_cube_s10_gc.pt --gdm-steps 3 --accept-tau 0.20 --horizon 2 --receding-horizon 2 --num-samples 600 --n-steps 30 --source pretrained --encoder-id quentinll/lewm-cube --h5 "$CUBE_H5" --device cuda --start final --goal-offset 50 --eval-budget 100 --num-eval 128 --seed 42 --cem-seed 42 --episode-min 8000
689	cube	mppi_router	50	42	logs/rbH_cube_mppi_router_t50_seed42.log	python -m surveyor.envs.cube.eval --solver mppi --subgoal router+surveyor --gdm-ckpt gdm_cube_s10_gc.pt --gdm-steps 3 --accept-tau 0.20 --horizon 2 --receding-horizon 2 --num-samples 600 --n-steps 30 --source pretrained --encoder-id quentinll/lewm-cube --h5 "$CUBE_H5" --device cuda --start final --goal-offset 50 --eval-budget 100 --num-eval 128 --seed 42 --cem-seed 42 --episode-min 8000
690	cube	mppi_blindk	50	42	logs/rbH_cube_mppi_blindk_t50_seed42.log	python -m surveyor.envs.cube.eval --solver mppi --subgoal surveyor --gdm-ckpt gdm_cube_s10_gc.pt --gdm-steps 3 --accept-tau 999 --horizon 2 --receding-horizon 2 --num-samples 600 --n-steps 30 --source pretrained --encoder-id quentinll/lewm-cube --h5 "$CUBE_H5" --device cuda --start final --goal-offset 50 --eval-budget 100 --num-eval 128 --seed 42 --cem-seed 42 --episode-min 8000
691	cube	flat_rh5	50	43	logs/rbH_cube_flat_rh5_t50_seed43.log	python -m surveyor.envs.cube.eval --subgoal flat --horizon 5 --receding-horizon 5 --num-samples 600 --n-steps 30 --source pretrained --encoder-id quentinll/lewm-cube --h5 "$CUBE_H5" --device cuda --start final --goal-offset 50 --eval-budget 100 --num-eval 128 --seed 43 --cem-seed 43 --episode-min 8000
692	cube	ffjepa_s10k3	50	43	logs/rbH_cube_ffjepa_s10k3_t50_seed43.log	python -m surveyor.envs.cube.eval --subgoal ffjepa --gdm-ckpt gdm_cube_s10_gc.pt --gdm-steps 3 --horizon 2 --receding-horizon 2 --num-samples 600 --n-steps 30 --source pretrained --encoder-id quentinll/lewm-cube --h5 "$CUBE_H5" --device cuda --start final --goal-offset 50 --eval-budget 100 --num-eval 128 --seed 43 --cem-seed 43 --episode-min 8000
693	cube	surveyor	50	43	logs/rbH_cube_surveyor_t50_seed43.log	python -m surveyor.envs.cube.eval --subgoal surveyor --gdm-ckpt gdm_cube_s10_gc.pt --gdm-steps 3 --accept-tau 0.20 --horizon 2 --receding-horizon 2 --num-samples 600 --n-steps 30 --source pretrained --encoder-id quentinll/lewm-cube --h5 "$CUBE_H5" --device cuda --start final --goal-offset 50 --eval-budget 100 --num-eval 128 --seed 43 --cem-seed 43 --episode-min 8000
694	cube	router	50	43	logs/rbH_cube_router_t50_seed43.log	python -m surveyor.envs.cube.eval --subgoal router+surveyor --gdm-ckpt gdm_cube_s10_gc.pt --gdm-steps 3 --accept-tau 0.20 --horizon 2 --receding-horizon 2 --num-samples 600 --n-steps 30 --source pretrained --encoder-id quentinll/lewm-cube --h5 "$CUBE_H5" --device cuda --start final --goal-offset 50 --eval-budget 100 --num-eval 128 --seed 43 --cem-seed 43 --episode-min 8000
695	cube	blindk	50	43	logs/rbH_cube_blindk_t50_seed43.log	python -m surveyor.envs.cube.eval --subgoal surveyor --gdm-ckpt gdm_cube_s10_gc.pt --gdm-steps 3 --accept-tau 999 --horizon 2 --receding-horizon 2 --num-samples 600 --n-steps 30 --source pretrained --encoder-id quentinll/lewm-cube --h5 "$CUBE_H5" --device cuda --start final --goal-offset 50 --eval-budget 100 --num-eval 128 --seed 43 --cem-seed 43 --episode-min 8000
696	cube	gcidm	50	43	logs/rbH_cube_gcidm_t50_seed43.log	python -m surveyor.envs.cube.eval --subgoal gcidm --gcidm-ckpt gcidm_cube_h100.pt --source pretrained --encoder-id quentinll/lewm-cube --h5 "$CUBE_H5" --device cuda --start final --goal-offset 50 --eval-budget 100 --num-eval 128 --seed 43 --cem-seed 43 --episode-min 8000
697	cube	gcidm_surv	50	43	logs/rbH_cube_gcidm_surv_t50_seed43.log	python -m surveyor.envs.cube.eval --subgoal gcidm+surveyor --gcidm-ckpt gcidm_cube_h100.pt --gdm-ckpt gdm_cube_s10_gc.pt --gdm-steps 3 --accept-tau 0.20 --sg-steps 10 --goal-gate --source pretrained --encoder-id quentinll/lewm-cube --h5 "$CUBE_H5" --device cuda --start final --goal-offset 50 --eval-budget 100 --num-eval 128 --seed 43 --cem-seed 43 --episode-min 8000
698	cube	gcidm_every	50	43	logs/rbH_cube_gcidm_every_t50_seed43.log	python -m surveyor.envs.cube.eval --subgoal gcidm+surveyor --gcidm-ckpt gcidm_cube_h100.pt --gdm-ckpt gdm_cube_s10_gc.pt --gdm-steps 3 --accept-tau 0.0 --sg-steps 10 --source pretrained --encoder-id quentinll/lewm-cube --h5 "$CUBE_H5" --device cuda --start final --goal-offset 50 --eval-budget 100 --num-eval 128 --seed 43 --cem-seed 43 --episode-min 8000
699	cube	gcidm_blind	50	43	logs/rbH_cube_gcidm_blind_t50_seed43.log	python -m surveyor.envs.cube.eval --subgoal gcidm+surveyor --gcidm-ckpt gcidm_cube_h100.pt --gdm-ckpt gdm_cube_s10_gc.pt --gdm-steps 3 --accept-tau 999 --sg-steps 10 --source pretrained --encoder-id quentinll/lewm-cube --h5 "$CUBE_H5" --device cuda --start final --goal-offset 50 --eval-budget 100 --num-eval 128 --seed 43 --cem-seed 43 --episode-min 8000
700	cube	icem_flat_rh5	50	43	logs/rbH_cube_icem_flat_rh5_t50_seed43.log	python -m surveyor.envs.cube.eval --solver icem --subgoal flat --horizon 5 --receding-horizon 5 --num-samples 600 --n-steps 30 --source pretrained --encoder-id quentinll/lewm-cube --h5 "$CUBE_H5" --device cuda --start final --goal-offset 50 --eval-budget 100 --num-eval 128 --seed 43 --cem-seed 43 --episode-min 8000
701	cube	icem_ffjepa_s10k3	50	43	logs/rbH_cube_icem_ffjepa_s10k3_t50_seed43.log	python -m surveyor.envs.cube.eval --solver icem --subgoal ffjepa --gdm-ckpt gdm_cube_s10_gc.pt --gdm-steps 3 --horizon 2 --receding-horizon 2 --num-samples 600 --n-steps 30 --source pretrained --encoder-id quentinll/lewm-cube --h5 "$CUBE_H5" --device cuda --start final --goal-offset 50 --eval-budget 100 --num-eval 128 --seed 43 --cem-seed 43 --episode-min 8000
702	cube	icem_surveyor	50	43	logs/rbH_cube_icem_surveyor_t50_seed43.log	python -m surveyor.envs.cube.eval --solver icem --subgoal surveyor --gdm-ckpt gdm_cube_s10_gc.pt --gdm-steps 3 --accept-tau 0.20 --horizon 2 --receding-horizon 2 --num-samples 600 --n-steps 30 --source pretrained --encoder-id quentinll/lewm-cube --h5 "$CUBE_H5" --device cuda --start final --goal-offset 50 --eval-budget 100 --num-eval 128 --seed 43 --cem-seed 43 --episode-min 8000
703	cube	icem_router	50	43	logs/rbH_cube_icem_router_t50_seed43.log	python -m surveyor.envs.cube.eval --solver icem --subgoal router+surveyor --gdm-ckpt gdm_cube_s10_gc.pt --gdm-steps 3 --accept-tau 0.20 --horizon 2 --receding-horizon 2 --num-samples 600 --n-steps 30 --source pretrained --encoder-id quentinll/lewm-cube --h5 "$CUBE_H5" --device cuda --start final --goal-offset 50 --eval-budget 100 --num-eval 128 --seed 43 --cem-seed 43 --episode-min 8000
704	cube	icem_blindk	50	43	logs/rbH_cube_icem_blindk_t50_seed43.log	python -m surveyor.envs.cube.eval --solver icem --subgoal surveyor --gdm-ckpt gdm_cube_s10_gc.pt --gdm-steps 3 --accept-tau 999 --horizon 2 --receding-horizon 2 --num-samples 600 --n-steps 30 --source pretrained --encoder-id quentinll/lewm-cube --h5 "$CUBE_H5" --device cuda --start final --goal-offset 50 --eval-budget 100 --num-eval 128 --seed 43 --cem-seed 43 --episode-min 8000
705	cube	mppi_flat_rh5	50	43	logs/rbH_cube_mppi_flat_rh5_t50_seed43.log	python -m surveyor.envs.cube.eval --solver mppi --subgoal flat --horizon 5 --receding-horizon 5 --num-samples 600 --n-steps 30 --source pretrained --encoder-id quentinll/lewm-cube --h5 "$CUBE_H5" --device cuda --start final --goal-offset 50 --eval-budget 100 --num-eval 128 --seed 43 --cem-seed 43 --episode-min 8000
706	cube	mppi_ffjepa_s10k3	50	43	logs/rbH_cube_mppi_ffjepa_s10k3_t50_seed43.log	python -m surveyor.envs.cube.eval --solver mppi --subgoal ffjepa --gdm-ckpt gdm_cube_s10_gc.pt --gdm-steps 3 --horizon 2 --receding-horizon 2 --num-samples 600 --n-steps 30 --source pretrained --encoder-id quentinll/lewm-cube --h5 "$CUBE_H5" --device cuda --start final --goal-offset 50 --eval-budget 100 --num-eval 128 --seed 43 --cem-seed 43 --episode-min 8000
707	cube	mppi_surveyor	50	43	logs/rbH_cube_mppi_surveyor_t50_seed43.log	python -m surveyor.envs.cube.eval --solver mppi --subgoal surveyor --gdm-ckpt gdm_cube_s10_gc.pt --gdm-steps 3 --accept-tau 0.20 --horizon 2 --receding-horizon 2 --num-samples 600 --n-steps 30 --source pretrained --encoder-id quentinll/lewm-cube --h5 "$CUBE_H5" --device cuda --start final --goal-offset 50 --eval-budget 100 --num-eval 128 --seed 43 --cem-seed 43 --episode-min 8000
708	cube	mppi_router	50	43	logs/rbH_cube_mppi_router_t50_seed43.log	python -m surveyor.envs.cube.eval --solver mppi --subgoal router+surveyor --gdm-ckpt gdm_cube_s10_gc.pt --gdm-steps 3 --accept-tau 0.20 --horizon 2 --receding-horizon 2 --num-samples 600 --n-steps 30 --source pretrained --encoder-id quentinll/lewm-cube --h5 "$CUBE_H5" --device cuda --start final --goal-offset 50 --eval-budget 100 --num-eval 128 --seed 43 --cem-seed 43 --episode-min 8000
709	cube	mppi_blindk	50	43	logs/rbH_cube_mppi_blindk_t50_seed43.log	python -m surveyor.envs.cube.eval --solver mppi --subgoal surveyor --gdm-ckpt gdm_cube_s10_gc.pt --gdm-steps 3 --accept-tau 999 --horizon 2 --receding-horizon 2 --num-samples 600 --n-steps 30 --source pretrained --encoder-id quentinll/lewm-cube --h5 "$CUBE_H5" --device cuda --start final --goal-offset 50 --eval-budget 100 --num-eval 128 --seed 43 --cem-seed 43 --episode-min 8000
710	cube	flat_rh5	50	44	logs/rbH_cube_flat_rh5_t50_seed44.log	python -m surveyor.envs.cube.eval --subgoal flat --horizon 5 --receding-horizon 5 --num-samples 600 --n-steps 30 --source pretrained --encoder-id quentinll/lewm-cube --h5 "$CUBE_H5" --device cuda --start final --goal-offset 50 --eval-budget 100 --num-eval 128 --seed 44 --cem-seed 44 --episode-min 8000
711	cube	ffjepa_s10k3	50	44	logs/rbH_cube_ffjepa_s10k3_t50_seed44.log	python -m surveyor.envs.cube.eval --subgoal ffjepa --gdm-ckpt gdm_cube_s10_gc.pt --gdm-steps 3 --horizon 2 --receding-horizon 2 --num-samples 600 --n-steps 30 --source pretrained --encoder-id quentinll/lewm-cube --h5 "$CUBE_H5" --device cuda --start final --goal-offset 50 --eval-budget 100 --num-eval 128 --seed 44 --cem-seed 44 --episode-min 8000
712	cube	surveyor	50	44	logs/rbH_cube_surveyor_t50_seed44.log	python -m surveyor.envs.cube.eval --subgoal surveyor --gdm-ckpt gdm_cube_s10_gc.pt --gdm-steps 3 --accept-tau 0.20 --horizon 2 --receding-horizon 2 --num-samples 600 --n-steps 30 --source pretrained --encoder-id quentinll/lewm-cube --h5 "$CUBE_H5" --device cuda --start final --goal-offset 50 --eval-budget 100 --num-eval 128 --seed 44 --cem-seed 44 --episode-min 8000
713	cube	router	50	44	logs/rbH_cube_router_t50_seed44.log	python -m surveyor.envs.cube.eval --subgoal router+surveyor --gdm-ckpt gdm_cube_s10_gc.pt --gdm-steps 3 --accept-tau 0.20 --horizon 2 --receding-horizon 2 --num-samples 600 --n-steps 30 --source pretrained --encoder-id quentinll/lewm-cube --h5 "$CUBE_H5" --device cuda --start final --goal-offset 50 --eval-budget 100 --num-eval 128 --seed 44 --cem-seed 44 --episode-min 8000
714	cube	blindk	50	44	logs/rbH_cube_blindk_t50_seed44.log	python -m surveyor.envs.cube.eval --subgoal surveyor --gdm-ckpt gdm_cube_s10_gc.pt --gdm-steps 3 --accept-tau 999 --horizon 2 --receding-horizon 2 --num-samples 600 --n-steps 30 --source pretrained --encoder-id quentinll/lewm-cube --h5 "$CUBE_H5" --device cuda --start final --goal-offset 50 --eval-budget 100 --num-eval 128 --seed 44 --cem-seed 44 --episode-min 8000
715	cube	gcidm	50	44	logs/rbH_cube_gcidm_t50_seed44.log	python -m surveyor.envs.cube.eval --subgoal gcidm --gcidm-ckpt gcidm_cube_h100.pt --source pretrained --encoder-id quentinll/lewm-cube --h5 "$CUBE_H5" --device cuda --start final --goal-offset 50 --eval-budget 100 --num-eval 128 --seed 44 --cem-seed 44 --episode-min 8000
716	cube	gcidm_surv	50	44	logs/rbH_cube_gcidm_surv_t50_seed44.log	python -m surveyor.envs.cube.eval --subgoal gcidm+surveyor --gcidm-ckpt gcidm_cube_h100.pt --gdm-ckpt gdm_cube_s10_gc.pt --gdm-steps 3 --accept-tau 0.20 --sg-steps 10 --goal-gate --source pretrained --encoder-id quentinll/lewm-cube --h5 "$CUBE_H5" --device cuda --start final --goal-offset 50 --eval-budget 100 --num-eval 128 --seed 44 --cem-seed 44 --episode-min 8000
717	cube	gcidm_every	50	44	logs/rbH_cube_gcidm_every_t50_seed44.log	python -m surveyor.envs.cube.eval --subgoal gcidm+surveyor --gcidm-ckpt gcidm_cube_h100.pt --gdm-ckpt gdm_cube_s10_gc.pt --gdm-steps 3 --accept-tau 0.0 --sg-steps 10 --source pretrained --encoder-id quentinll/lewm-cube --h5 "$CUBE_H5" --device cuda --start final --goal-offset 50 --eval-budget 100 --num-eval 128 --seed 44 --cem-seed 44 --episode-min 8000
718	cube	gcidm_blind	50	44	logs/rbH_cube_gcidm_blind_t50_seed44.log	python -m surveyor.envs.cube.eval --subgoal gcidm+surveyor --gcidm-ckpt gcidm_cube_h100.pt --gdm-ckpt gdm_cube_s10_gc.pt --gdm-steps 3 --accept-tau 999 --sg-steps 10 --source pretrained --encoder-id quentinll/lewm-cube --h5 "$CUBE_H5" --device cuda --start final --goal-offset 50 --eval-budget 100 --num-eval 128 --seed 44 --cem-seed 44 --episode-min 8000
719	cube	icem_flat_rh5	50	44	logs/rbH_cube_icem_flat_rh5_t50_seed44.log	python -m surveyor.envs.cube.eval --solver icem --subgoal flat --horizon 5 --receding-horizon 5 --num-samples 600 --n-steps 30 --source pretrained --encoder-id quentinll/lewm-cube --h5 "$CUBE_H5" --device cuda --start final --goal-offset 50 --eval-budget 100 --num-eval 128 --seed 44 --cem-seed 44 --episode-min 8000
720	cube	icem_ffjepa_s10k3	50	44	logs/rbH_cube_icem_ffjepa_s10k3_t50_seed44.log	python -m surveyor.envs.cube.eval --solver icem --subgoal ffjepa --gdm-ckpt gdm_cube_s10_gc.pt --gdm-steps 3 --horizon 2 --receding-horizon 2 --num-samples 600 --n-steps 30 --source pretrained --encoder-id quentinll/lewm-cube --h5 "$CUBE_H5" --device cuda --start final --goal-offset 50 --eval-budget 100 --num-eval 128 --seed 44 --cem-seed 44 --episode-min 8000
721	cube	icem_surveyor	50	44	logs/rbH_cube_icem_surveyor_t50_seed44.log	python -m surveyor.envs.cube.eval --solver icem --subgoal surveyor --gdm-ckpt gdm_cube_s10_gc.pt --gdm-steps 3 --accept-tau 0.20 --horizon 2 --receding-horizon 2 --num-samples 600 --n-steps 30 --source pretrained --encoder-id quentinll/lewm-cube --h5 "$CUBE_H5" --device cuda --start final --goal-offset 50 --eval-budget 100 --num-eval 128 --seed 44 --cem-seed 44 --episode-min 8000
722	cube	icem_router	50	44	logs/rbH_cube_icem_router_t50_seed44.log	python -m surveyor.envs.cube.eval --solver icem --subgoal router+surveyor --gdm-ckpt gdm_cube_s10_gc.pt --gdm-steps 3 --accept-tau 0.20 --horizon 2 --receding-horizon 2 --num-samples 600 --n-steps 30 --source pretrained --encoder-id quentinll/lewm-cube --h5 "$CUBE_H5" --device cuda --start final --goal-offset 50 --eval-budget 100 --num-eval 128 --seed 44 --cem-seed 44 --episode-min 8000
723	cube	icem_blindk	50	44	logs/rbH_cube_icem_blindk_t50_seed44.log	python -m surveyor.envs.cube.eval --solver icem --subgoal surveyor --gdm-ckpt gdm_cube_s10_gc.pt --gdm-steps 3 --accept-tau 999 --horizon 2 --receding-horizon 2 --num-samples 600 --n-steps 30 --source pretrained --encoder-id quentinll/lewm-cube --h5 "$CUBE_H5" --device cuda --start final --goal-offset 50 --eval-budget 100 --num-eval 128 --seed 44 --cem-seed 44 --episode-min 8000
724	cube	mppi_flat_rh5	50	44	logs/rbH_cube_mppi_flat_rh5_t50_seed44.log	python -m surveyor.envs.cube.eval --solver mppi --subgoal flat --horizon 5 --receding-horizon 5 --num-samples 600 --n-steps 30 --source pretrained --encoder-id quentinll/lewm-cube --h5 "$CUBE_H5" --device cuda --start final --goal-offset 50 --eval-budget 100 --num-eval 128 --seed 44 --cem-seed 44 --episode-min 8000
725	cube	mppi_ffjepa_s10k3	50	44	logs/rbH_cube_mppi_ffjepa_s10k3_t50_seed44.log	python -m surveyor.envs.cube.eval --solver mppi --subgoal ffjepa --gdm-ckpt gdm_cube_s10_gc.pt --gdm-steps 3 --horizon 2 --receding-horizon 2 --num-samples 600 --n-steps 30 --source pretrained --encoder-id quentinll/lewm-cube --h5 "$CUBE_H5" --device cuda --start final --goal-offset 50 --eval-budget 100 --num-eval 128 --seed 44 --cem-seed 44 --episode-min 8000
726	cube	mppi_surveyor	50	44	logs/rbH_cube_mppi_surveyor_t50_seed44.log	python -m surveyor.envs.cube.eval --solver mppi --subgoal surveyor --gdm-ckpt gdm_cube_s10_gc.pt --gdm-steps 3 --accept-tau 0.20 --horizon 2 --receding-horizon 2 --num-samples 600 --n-steps 30 --source pretrained --encoder-id quentinll/lewm-cube --h5 "$CUBE_H5" --device cuda --start final --goal-offset 50 --eval-budget 100 --num-eval 128 --seed 44 --cem-seed 44 --episode-min 8000
727	cube	mppi_router	50	44	logs/rbH_cube_mppi_router_t50_seed44.log	python -m surveyor.envs.cube.eval --solver mppi --subgoal router+surveyor --gdm-ckpt gdm_cube_s10_gc.pt --gdm-steps 3 --accept-tau 0.20 --horizon 2 --receding-horizon 2 --num-samples 600 --n-steps 30 --source pretrained --encoder-id quentinll/lewm-cube --h5 "$CUBE_H5" --device cuda --start final --goal-offset 50 --eval-budget 100 --num-eval 128 --seed 44 --cem-seed 44 --episode-min 8000
728	cube	mppi_blindk	50	44	logs/rbH_cube_mppi_blindk_t50_seed44.log	python -m surveyor.envs.cube.eval --solver mppi --subgoal surveyor --gdm-ckpt gdm_cube_s10_gc.pt --gdm-steps 3 --accept-tau 999 --horizon 2 --receding-horizon 2 --num-samples 600 --n-steps 30 --source pretrained --encoder-id quentinll/lewm-cube --h5 "$CUBE_H5" --device cuda --start final --goal-offset 50 --eval-budget 100 --num-eval 128 --seed 44 --cem-seed 44 --episode-min 8000
729	cube	flat_rh5	50	45	logs/rbH_cube_flat_rh5_t50_seed45.log	python -m surveyor.envs.cube.eval --subgoal flat --horizon 5 --receding-horizon 5 --num-samples 600 --n-steps 30 --source pretrained --encoder-id quentinll/lewm-cube --h5 "$CUBE_H5" --device cuda --start final --goal-offset 50 --eval-budget 100 --num-eval 128 --seed 45 --cem-seed 45 --episode-min 8000
730	cube	ffjepa_s10k3	50	45	logs/rbH_cube_ffjepa_s10k3_t50_seed45.log	python -m surveyor.envs.cube.eval --subgoal ffjepa --gdm-ckpt gdm_cube_s10_gc.pt --gdm-steps 3 --horizon 2 --receding-horizon 2 --num-samples 600 --n-steps 30 --source pretrained --encoder-id quentinll/lewm-cube --h5 "$CUBE_H5" --device cuda --start final --goal-offset 50 --eval-budget 100 --num-eval 128 --seed 45 --cem-seed 45 --episode-min 8000
731	cube	surveyor	50	45	logs/rbH_cube_surveyor_t50_seed45.log	python -m surveyor.envs.cube.eval --subgoal surveyor --gdm-ckpt gdm_cube_s10_gc.pt --gdm-steps 3 --accept-tau 0.20 --horizon 2 --receding-horizon 2 --num-samples 600 --n-steps 30 --source pretrained --encoder-id quentinll/lewm-cube --h5 "$CUBE_H5" --device cuda --start final --goal-offset 50 --eval-budget 100 --num-eval 128 --seed 45 --cem-seed 45 --episode-min 8000
732	cube	router	50	45	logs/rbH_cube_router_t50_seed45.log	python -m surveyor.envs.cube.eval --subgoal router+surveyor --gdm-ckpt gdm_cube_s10_gc.pt --gdm-steps 3 --accept-tau 0.20 --horizon 2 --receding-horizon 2 --num-samples 600 --n-steps 30 --source pretrained --encoder-id quentinll/lewm-cube --h5 "$CUBE_H5" --device cuda --start final --goal-offset 50 --eval-budget 100 --num-eval 128 --seed 45 --cem-seed 45 --episode-min 8000
733	cube	blindk	50	45	logs/rbH_cube_blindk_t50_seed45.log	python -m surveyor.envs.cube.eval --subgoal surveyor --gdm-ckpt gdm_cube_s10_gc.pt --gdm-steps 3 --accept-tau 999 --horizon 2 --receding-horizon 2 --num-samples 600 --n-steps 30 --source pretrained --encoder-id quentinll/lewm-cube --h5 "$CUBE_H5" --device cuda --start final --goal-offset 50 --eval-budget 100 --num-eval 128 --seed 45 --cem-seed 45 --episode-min 8000
734	cube	gcidm	50	45	logs/rbH_cube_gcidm_t50_seed45.log	python -m surveyor.envs.cube.eval --subgoal gcidm --gcidm-ckpt gcidm_cube_h100.pt --source pretrained --encoder-id quentinll/lewm-cube --h5 "$CUBE_H5" --device cuda --start final --goal-offset 50 --eval-budget 100 --num-eval 128 --seed 45 --cem-seed 45 --episode-min 8000
735	cube	gcidm_surv	50	45	logs/rbH_cube_gcidm_surv_t50_seed45.log	python -m surveyor.envs.cube.eval --subgoal gcidm+surveyor --gcidm-ckpt gcidm_cube_h100.pt --gdm-ckpt gdm_cube_s10_gc.pt --gdm-steps 3 --accept-tau 0.20 --sg-steps 10 --goal-gate --source pretrained --encoder-id quentinll/lewm-cube --h5 "$CUBE_H5" --device cuda --start final --goal-offset 50 --eval-budget 100 --num-eval 128 --seed 45 --cem-seed 45 --episode-min 8000
736	cube	gcidm_every	50	45	logs/rbH_cube_gcidm_every_t50_seed45.log	python -m surveyor.envs.cube.eval --subgoal gcidm+surveyor --gcidm-ckpt gcidm_cube_h100.pt --gdm-ckpt gdm_cube_s10_gc.pt --gdm-steps 3 --accept-tau 0.0 --sg-steps 10 --source pretrained --encoder-id quentinll/lewm-cube --h5 "$CUBE_H5" --device cuda --start final --goal-offset 50 --eval-budget 100 --num-eval 128 --seed 45 --cem-seed 45 --episode-min 8000
737	cube	gcidm_blind	50	45	logs/rbH_cube_gcidm_blind_t50_seed45.log	python -m surveyor.envs.cube.eval --subgoal gcidm+surveyor --gcidm-ckpt gcidm_cube_h100.pt --gdm-ckpt gdm_cube_s10_gc.pt --gdm-steps 3 --accept-tau 999 --sg-steps 10 --source pretrained --encoder-id quentinll/lewm-cube --h5 "$CUBE_H5" --device cuda --start final --goal-offset 50 --eval-budget 100 --num-eval 128 --seed 45 --cem-seed 45 --episode-min 8000
738	cube	icem_flat_rh5	50	45	logs/rbH_cube_icem_flat_rh5_t50_seed45.log	python -m surveyor.envs.cube.eval --solver icem --subgoal flat --horizon 5 --receding-horizon 5 --num-samples 600 --n-steps 30 --source pretrained --encoder-id quentinll/lewm-cube --h5 "$CUBE_H5" --device cuda --start final --goal-offset 50 --eval-budget 100 --num-eval 128 --seed 45 --cem-seed 45 --episode-min 8000
739	cube	icem_ffjepa_s10k3	50	45	logs/rbH_cube_icem_ffjepa_s10k3_t50_seed45.log	python -m surveyor.envs.cube.eval --solver icem --subgoal ffjepa --gdm-ckpt gdm_cube_s10_gc.pt --gdm-steps 3 --horizon 2 --receding-horizon 2 --num-samples 600 --n-steps 30 --source pretrained --encoder-id quentinll/lewm-cube --h5 "$CUBE_H5" --device cuda --start final --goal-offset 50 --eval-budget 100 --num-eval 128 --seed 45 --cem-seed 45 --episode-min 8000
740	cube	icem_surveyor	50	45	logs/rbH_cube_icem_surveyor_t50_seed45.log	python -m surveyor.envs.cube.eval --solver icem --subgoal surveyor --gdm-ckpt gdm_cube_s10_gc.pt --gdm-steps 3 --accept-tau 0.20 --horizon 2 --receding-horizon 2 --num-samples 600 --n-steps 30 --source pretrained --encoder-id quentinll/lewm-cube --h5 "$CUBE_H5" --device cuda --start final --goal-offset 50 --eval-budget 100 --num-eval 128 --seed 45 --cem-seed 45 --episode-min 8000
741	cube	icem_router	50	45	logs/rbH_cube_icem_router_t50_seed45.log	python -m surveyor.envs.cube.eval --solver icem --subgoal router+surveyor --gdm-ckpt gdm_cube_s10_gc.pt --gdm-steps 3 --accept-tau 0.20 --horizon 2 --receding-horizon 2 --num-samples 600 --n-steps 30 --source pretrained --encoder-id quentinll/lewm-cube --h5 "$CUBE_H5" --device cuda --start final --goal-offset 50 --eval-budget 100 --num-eval 128 --seed 45 --cem-seed 45 --episode-min 8000
742	cube	icem_blindk	50	45	logs/rbH_cube_icem_blindk_t50_seed45.log	python -m surveyor.envs.cube.eval --solver icem --subgoal surveyor --gdm-ckpt gdm_cube_s10_gc.pt --gdm-steps 3 --accept-tau 999 --horizon 2 --receding-horizon 2 --num-samples 600 --n-steps 30 --source pretrained --encoder-id quentinll/lewm-cube --h5 "$CUBE_H5" --device cuda --start final --goal-offset 50 --eval-budget 100 --num-eval 128 --seed 45 --cem-seed 45 --episode-min 8000
743	cube	mppi_flat_rh5	50	45	logs/rbH_cube_mppi_flat_rh5_t50_seed45.log	python -m surveyor.envs.cube.eval --solver mppi --subgoal flat --horizon 5 --receding-horizon 5 --num-samples 600 --n-steps 30 --source pretrained --encoder-id quentinll/lewm-cube --h5 "$CUBE_H5" --device cuda --start final --goal-offset 50 --eval-budget 100 --num-eval 128 --seed 45 --cem-seed 45 --episode-min 8000
744	cube	mppi_ffjepa_s10k3	50	45	logs/rbH_cube_mppi_ffjepa_s10k3_t50_seed45.log	python -m surveyor.envs.cube.eval --solver mppi --subgoal ffjepa --gdm-ckpt gdm_cube_s10_gc.pt --gdm-steps 3 --horizon 2 --receding-horizon 2 --num-samples 600 --n-steps 30 --source pretrained --encoder-id quentinll/lewm-cube --h5 "$CUBE_H5" --device cuda --start final --goal-offset 50 --eval-budget 100 --num-eval 128 --seed 45 --cem-seed 45 --episode-min 8000
745	cube	mppi_surveyor	50	45	logs/rbH_cube_mppi_surveyor_t50_seed45.log	python -m surveyor.envs.cube.eval --solver mppi --subgoal surveyor --gdm-ckpt gdm_cube_s10_gc.pt --gdm-steps 3 --accept-tau 0.20 --horizon 2 --receding-horizon 2 --num-samples 600 --n-steps 30 --source pretrained --encoder-id quentinll/lewm-cube --h5 "$CUBE_H5" --device cuda --start final --goal-offset 50 --eval-budget 100 --num-eval 128 --seed 45 --cem-seed 45 --episode-min 8000
746	cube	mppi_router	50	45	logs/rbH_cube_mppi_router_t50_seed45.log	python -m surveyor.envs.cube.eval --solver mppi --subgoal router+surveyor --gdm-ckpt gdm_cube_s10_gc.pt --gdm-steps 3 --accept-tau 0.20 --horizon 2 --receding-horizon 2 --num-samples 600 --n-steps 30 --source pretrained --encoder-id quentinll/lewm-cube --h5 "$CUBE_H5" --device cuda --start final --goal-offset 50 --eval-budget 100 --num-eval 128 --seed 45 --cem-seed 45 --episode-min 8000
747	cube	mppi_blindk	50	45	logs/rbH_cube_mppi_blindk_t50_seed45.log	python -m surveyor.envs.cube.eval --solver mppi --subgoal surveyor --gdm-ckpt gdm_cube_s10_gc.pt --gdm-steps 3 --accept-tau 999 --horizon 2 --receding-horizon 2 --num-samples 600 --n-steps 30 --source pretrained --encoder-id quentinll/lewm-cube --h5 "$CUBE_H5" --device cuda --start final --goal-offset 50 --eval-budget 100 --num-eval 128 --seed 45 --cem-seed 45 --episode-min 8000
748	cube	flat_rh5	50	46	logs/rbH_cube_flat_rh5_t50_seed46.log	python -m surveyor.envs.cube.eval --subgoal flat --horizon 5 --receding-horizon 5 --num-samples 600 --n-steps 30 --source pretrained --encoder-id quentinll/lewm-cube --h5 "$CUBE_H5" --device cuda --start final --goal-offset 50 --eval-budget 100 --num-eval 128 --seed 46 --cem-seed 46 --episode-min 8000
749	cube	ffjepa_s10k3	50	46	logs/rbH_cube_ffjepa_s10k3_t50_seed46.log	python -m surveyor.envs.cube.eval --subgoal ffjepa --gdm-ckpt gdm_cube_s10_gc.pt --gdm-steps 3 --horizon 2 --receding-horizon 2 --num-samples 600 --n-steps 30 --source pretrained --encoder-id quentinll/lewm-cube --h5 "$CUBE_H5" --device cuda --start final --goal-offset 50 --eval-budget 100 --num-eval 128 --seed 46 --cem-seed 46 --episode-min 8000
750	cube	surveyor	50	46	logs/rbH_cube_surveyor_t50_seed46.log	python -m surveyor.envs.cube.eval --subgoal surveyor --gdm-ckpt gdm_cube_s10_gc.pt --gdm-steps 3 --accept-tau 0.20 --horizon 2 --receding-horizon 2 --num-samples 600 --n-steps 30 --source pretrained --encoder-id quentinll/lewm-cube --h5 "$CUBE_H5" --device cuda --start final --goal-offset 50 --eval-budget 100 --num-eval 128 --seed 46 --cem-seed 46 --episode-min 8000
751	cube	router	50	46	logs/rbH_cube_router_t50_seed46.log	python -m surveyor.envs.cube.eval --subgoal router+surveyor --gdm-ckpt gdm_cube_s10_gc.pt --gdm-steps 3 --accept-tau 0.20 --horizon 2 --receding-horizon 2 --num-samples 600 --n-steps 30 --source pretrained --encoder-id quentinll/lewm-cube --h5 "$CUBE_H5" --device cuda --start final --goal-offset 50 --eval-budget 100 --num-eval 128 --seed 46 --cem-seed 46 --episode-min 8000
752	cube	blindk	50	46	logs/rbH_cube_blindk_t50_seed46.log	python -m surveyor.envs.cube.eval --subgoal surveyor --gdm-ckpt gdm_cube_s10_gc.pt --gdm-steps 3 --accept-tau 999 --horizon 2 --receding-horizon 2 --num-samples 600 --n-steps 30 --source pretrained --encoder-id quentinll/lewm-cube --h5 "$CUBE_H5" --device cuda --start final --goal-offset 50 --eval-budget 100 --num-eval 128 --seed 46 --cem-seed 46 --episode-min 8000
753	cube	gcidm	50	46	logs/rbH_cube_gcidm_t50_seed46.log	python -m surveyor.envs.cube.eval --subgoal gcidm --gcidm-ckpt gcidm_cube_h100.pt --source pretrained --encoder-id quentinll/lewm-cube --h5 "$CUBE_H5" --device cuda --start final --goal-offset 50 --eval-budget 100 --num-eval 128 --seed 46 --cem-seed 46 --episode-min 8000
754	cube	gcidm_surv	50	46	logs/rbH_cube_gcidm_surv_t50_seed46.log	python -m surveyor.envs.cube.eval --subgoal gcidm+surveyor --gcidm-ckpt gcidm_cube_h100.pt --gdm-ckpt gdm_cube_s10_gc.pt --gdm-steps 3 --accept-tau 0.20 --sg-steps 10 --goal-gate --source pretrained --encoder-id quentinll/lewm-cube --h5 "$CUBE_H5" --device cuda --start final --goal-offset 50 --eval-budget 100 --num-eval 128 --seed 46 --cem-seed 46 --episode-min 8000
755	cube	gcidm_every	50	46	logs/rbH_cube_gcidm_every_t50_seed46.log	python -m surveyor.envs.cube.eval --subgoal gcidm+surveyor --gcidm-ckpt gcidm_cube_h100.pt --gdm-ckpt gdm_cube_s10_gc.pt --gdm-steps 3 --accept-tau 0.0 --sg-steps 10 --source pretrained --encoder-id quentinll/lewm-cube --h5 "$CUBE_H5" --device cuda --start final --goal-offset 50 --eval-budget 100 --num-eval 128 --seed 46 --cem-seed 46 --episode-min 8000
756	cube	gcidm_blind	50	46	logs/rbH_cube_gcidm_blind_t50_seed46.log	python -m surveyor.envs.cube.eval --subgoal gcidm+surveyor --gcidm-ckpt gcidm_cube_h100.pt --gdm-ckpt gdm_cube_s10_gc.pt --gdm-steps 3 --accept-tau 999 --sg-steps 10 --source pretrained --encoder-id quentinll/lewm-cube --h5 "$CUBE_H5" --device cuda --start final --goal-offset 50 --eval-budget 100 --num-eval 128 --seed 46 --cem-seed 46 --episode-min 8000
757	cube	icem_flat_rh5	50	46	logs/rbH_cube_icem_flat_rh5_t50_seed46.log	python -m surveyor.envs.cube.eval --solver icem --subgoal flat --horizon 5 --receding-horizon 5 --num-samples 600 --n-steps 30 --source pretrained --encoder-id quentinll/lewm-cube --h5 "$CUBE_H5" --device cuda --start final --goal-offset 50 --eval-budget 100 --num-eval 128 --seed 46 --cem-seed 46 --episode-min 8000
758	cube	icem_ffjepa_s10k3	50	46	logs/rbH_cube_icem_ffjepa_s10k3_t50_seed46.log	python -m surveyor.envs.cube.eval --solver icem --subgoal ffjepa --gdm-ckpt gdm_cube_s10_gc.pt --gdm-steps 3 --horizon 2 --receding-horizon 2 --num-samples 600 --n-steps 30 --source pretrained --encoder-id quentinll/lewm-cube --h5 "$CUBE_H5" --device cuda --start final --goal-offset 50 --eval-budget 100 --num-eval 128 --seed 46 --cem-seed 46 --episode-min 8000
759	cube	icem_surveyor	50	46	logs/rbH_cube_icem_surveyor_t50_seed46.log	python -m surveyor.envs.cube.eval --solver icem --subgoal surveyor --gdm-ckpt gdm_cube_s10_gc.pt --gdm-steps 3 --accept-tau 0.20 --horizon 2 --receding-horizon 2 --num-samples 600 --n-steps 30 --source pretrained --encoder-id quentinll/lewm-cube --h5 "$CUBE_H5" --device cuda --start final --goal-offset 50 --eval-budget 100 --num-eval 128 --seed 46 --cem-seed 46 --episode-min 8000
760	cube	icem_router	50	46	logs/rbH_cube_icem_router_t50_seed46.log	python -m surveyor.envs.cube.eval --solver icem --subgoal router+surveyor --gdm-ckpt gdm_cube_s10_gc.pt --gdm-steps 3 --accept-tau 0.20 --horizon 2 --receding-horizon 2 --num-samples 600 --n-steps 30 --source pretrained --encoder-id quentinll/lewm-cube --h5 "$CUBE_H5" --device cuda --start final --goal-offset 50 --eval-budget 100 --num-eval 128 --seed 46 --cem-seed 46 --episode-min 8000
761	cube	icem_blindk	50	46	logs/rbH_cube_icem_blindk_t50_seed46.log	python -m surveyor.envs.cube.eval --solver icem --subgoal surveyor --gdm-ckpt gdm_cube_s10_gc.pt --gdm-steps 3 --accept-tau 999 --horizon 2 --receding-horizon 2 --num-samples 600 --n-steps 30 --source pretrained --encoder-id quentinll/lewm-cube --h5 "$CUBE_H5" --device cuda --start final --goal-offset 50 --eval-budget 100 --num-eval 128 --seed 46 --cem-seed 46 --episode-min 8000
762	cube	mppi_flat_rh5	50	46	logs/rbH_cube_mppi_flat_rh5_t50_seed46.log	python -m surveyor.envs.cube.eval --solver mppi --subgoal flat --horizon 5 --receding-horizon 5 --num-samples 600 --n-steps 30 --source pretrained --encoder-id quentinll/lewm-cube --h5 "$CUBE_H5" --device cuda --start final --goal-offset 50 --eval-budget 100 --num-eval 128 --seed 46 --cem-seed 46 --episode-min 8000
763	cube	mppi_ffjepa_s10k3	50	46	logs/rbH_cube_mppi_ffjepa_s10k3_t50_seed46.log	python -m surveyor.envs.cube.eval --solver mppi --subgoal ffjepa --gdm-ckpt gdm_cube_s10_gc.pt --gdm-steps 3 --horizon 2 --receding-horizon 2 --num-samples 600 --n-steps 30 --source pretrained --encoder-id quentinll/lewm-cube --h5 "$CUBE_H5" --device cuda --start final --goal-offset 50 --eval-budget 100 --num-eval 128 --seed 46 --cem-seed 46 --episode-min 8000
764	cube	mppi_surveyor	50	46	logs/rbH_cube_mppi_surveyor_t50_seed46.log	python -m surveyor.envs.cube.eval --solver mppi --subgoal surveyor --gdm-ckpt gdm_cube_s10_gc.pt --gdm-steps 3 --accept-tau 0.20 --horizon 2 --receding-horizon 2 --num-samples 600 --n-steps 30 --source pretrained --encoder-id quentinll/lewm-cube --h5 "$CUBE_H5" --device cuda --start final --goal-offset 50 --eval-budget 100 --num-eval 128 --seed 46 --cem-seed 46 --episode-min 8000
765	cube	mppi_router	50	46	logs/rbH_cube_mppi_router_t50_seed46.log	python -m surveyor.envs.cube.eval --solver mppi --subgoal router+surveyor --gdm-ckpt gdm_cube_s10_gc.pt --gdm-steps 3 --accept-tau 0.20 --horizon 2 --receding-horizon 2 --num-samples 600 --n-steps 30 --source pretrained --encoder-id quentinll/lewm-cube --h5 "$CUBE_H5" --device cuda --start final --goal-offset 50 --eval-budget 100 --num-eval 128 --seed 46 --cem-seed 46 --episode-min 8000
766	cube	mppi_blindk	50	46	logs/rbH_cube_mppi_blindk_t50_seed46.log	python -m surveyor.envs.cube.eval --solver mppi --subgoal surveyor --gdm-ckpt gdm_cube_s10_gc.pt --gdm-steps 3 --accept-tau 999 --horizon 2 --receding-horizon 2 --num-samples 600 --n-steps 30 --source pretrained --encoder-id quentinll/lewm-cube --h5 "$CUBE_H5" --device cuda --start final --goal-offset 50 --eval-budget 100 --num-eval 128 --seed 46 --cem-seed 46 --episode-min 8000
767	cube	flat_rh5	50	47	logs/rbH_cube_flat_rh5_t50_seed47.log	python -m surveyor.envs.cube.eval --subgoal flat --horizon 5 --receding-horizon 5 --num-samples 600 --n-steps 30 --source pretrained --encoder-id quentinll/lewm-cube --h5 "$CUBE_H5" --device cuda --start final --goal-offset 50 --eval-budget 100 --num-eval 128 --seed 47 --cem-seed 47 --episode-min 8000
768	cube	ffjepa_s10k3	50	47	logs/rbH_cube_ffjepa_s10k3_t50_seed47.log	python -m surveyor.envs.cube.eval --subgoal ffjepa --gdm-ckpt gdm_cube_s10_gc.pt --gdm-steps 3 --horizon 2 --receding-horizon 2 --num-samples 600 --n-steps 30 --source pretrained --encoder-id quentinll/lewm-cube --h5 "$CUBE_H5" --device cuda --start final --goal-offset 50 --eval-budget 100 --num-eval 128 --seed 47 --cem-seed 47 --episode-min 8000
769	cube	surveyor	50	47	logs/rbH_cube_surveyor_t50_seed47.log	python -m surveyor.envs.cube.eval --subgoal surveyor --gdm-ckpt gdm_cube_s10_gc.pt --gdm-steps 3 --accept-tau 0.20 --horizon 2 --receding-horizon 2 --num-samples 600 --n-steps 30 --source pretrained --encoder-id quentinll/lewm-cube --h5 "$CUBE_H5" --device cuda --start final --goal-offset 50 --eval-budget 100 --num-eval 128 --seed 47 --cem-seed 47 --episode-min 8000
770	cube	router	50	47	logs/rbH_cube_router_t50_seed47.log	python -m surveyor.envs.cube.eval --subgoal router+surveyor --gdm-ckpt gdm_cube_s10_gc.pt --gdm-steps 3 --accept-tau 0.20 --horizon 2 --receding-horizon 2 --num-samples 600 --n-steps 30 --source pretrained --encoder-id quentinll/lewm-cube --h5 "$CUBE_H5" --device cuda --start final --goal-offset 50 --eval-budget 100 --num-eval 128 --seed 47 --cem-seed 47 --episode-min 8000
771	cube	blindk	50	47	logs/rbH_cube_blindk_t50_seed47.log	python -m surveyor.envs.cube.eval --subgoal surveyor --gdm-ckpt gdm_cube_s10_gc.pt --gdm-steps 3 --accept-tau 999 --horizon 2 --receding-horizon 2 --num-samples 600 --n-steps 30 --source pretrained --encoder-id quentinll/lewm-cube --h5 "$CUBE_H5" --device cuda --start final --goal-offset 50 --eval-budget 100 --num-eval 128 --seed 47 --cem-seed 47 --episode-min 8000
772	cube	gcidm	50	47	logs/rbH_cube_gcidm_t50_seed47.log	python -m surveyor.envs.cube.eval --subgoal gcidm --gcidm-ckpt gcidm_cube_h100.pt --source pretrained --encoder-id quentinll/lewm-cube --h5 "$CUBE_H5" --device cuda --start final --goal-offset 50 --eval-budget 100 --num-eval 128 --seed 47 --cem-seed 47 --episode-min 8000
773	cube	gcidm_surv	50	47	logs/rbH_cube_gcidm_surv_t50_seed47.log	python -m surveyor.envs.cube.eval --subgoal gcidm+surveyor --gcidm-ckpt gcidm_cube_h100.pt --gdm-ckpt gdm_cube_s10_gc.pt --gdm-steps 3 --accept-tau 0.20 --sg-steps 10 --goal-gate --source pretrained --encoder-id quentinll/lewm-cube --h5 "$CUBE_H5" --device cuda --start final --goal-offset 50 --eval-budget 100 --num-eval 128 --seed 47 --cem-seed 47 --episode-min 8000
774	cube	gcidm_every	50	47	logs/rbH_cube_gcidm_every_t50_seed47.log	python -m surveyor.envs.cube.eval --subgoal gcidm+surveyor --gcidm-ckpt gcidm_cube_h100.pt --gdm-ckpt gdm_cube_s10_gc.pt --gdm-steps 3 --accept-tau 0.0 --sg-steps 10 --source pretrained --encoder-id quentinll/lewm-cube --h5 "$CUBE_H5" --device cuda --start final --goal-offset 50 --eval-budget 100 --num-eval 128 --seed 47 --cem-seed 47 --episode-min 8000
775	cube	gcidm_blind	50	47	logs/rbH_cube_gcidm_blind_t50_seed47.log	python -m surveyor.envs.cube.eval --subgoal gcidm+surveyor --gcidm-ckpt gcidm_cube_h100.pt --gdm-ckpt gdm_cube_s10_gc.pt --gdm-steps 3 --accept-tau 999 --sg-steps 10 --source pretrained --encoder-id quentinll/lewm-cube --h5 "$CUBE_H5" --device cuda --start final --goal-offset 50 --eval-budget 100 --num-eval 128 --seed 47 --cem-seed 47 --episode-min 8000
776	cube	icem_flat_rh5	50	47	logs/rbH_cube_icem_flat_rh5_t50_seed47.log	python -m surveyor.envs.cube.eval --solver icem --subgoal flat --horizon 5 --receding-horizon 5 --num-samples 600 --n-steps 30 --source pretrained --encoder-id quentinll/lewm-cube --h5 "$CUBE_H5" --device cuda --start final --goal-offset 50 --eval-budget 100 --num-eval 128 --seed 47 --cem-seed 47 --episode-min 8000
777	cube	icem_ffjepa_s10k3	50	47	logs/rbH_cube_icem_ffjepa_s10k3_t50_seed47.log	python -m surveyor.envs.cube.eval --solver icem --subgoal ffjepa --gdm-ckpt gdm_cube_s10_gc.pt --gdm-steps 3 --horizon 2 --receding-horizon 2 --num-samples 600 --n-steps 30 --source pretrained --encoder-id quentinll/lewm-cube --h5 "$CUBE_H5" --device cuda --start final --goal-offset 50 --eval-budget 100 --num-eval 128 --seed 47 --cem-seed 47 --episode-min 8000
778	cube	icem_surveyor	50	47	logs/rbH_cube_icem_surveyor_t50_seed47.log	python -m surveyor.envs.cube.eval --solver icem --subgoal surveyor --gdm-ckpt gdm_cube_s10_gc.pt --gdm-steps 3 --accept-tau 0.20 --horizon 2 --receding-horizon 2 --num-samples 600 --n-steps 30 --source pretrained --encoder-id quentinll/lewm-cube --h5 "$CUBE_H5" --device cuda --start final --goal-offset 50 --eval-budget 100 --num-eval 128 --seed 47 --cem-seed 47 --episode-min 8000
779	cube	icem_router	50	47	logs/rbH_cube_icem_router_t50_seed47.log	python -m surveyor.envs.cube.eval --solver icem --subgoal router+surveyor --gdm-ckpt gdm_cube_s10_gc.pt --gdm-steps 3 --accept-tau 0.20 --horizon 2 --receding-horizon 2 --num-samples 600 --n-steps 30 --source pretrained --encoder-id quentinll/lewm-cube --h5 "$CUBE_H5" --device cuda --start final --goal-offset 50 --eval-budget 100 --num-eval 128 --seed 47 --cem-seed 47 --episode-min 8000
780	cube	icem_blindk	50	47	logs/rbH_cube_icem_blindk_t50_seed47.log	python -m surveyor.envs.cube.eval --solver icem --subgoal surveyor --gdm-ckpt gdm_cube_s10_gc.pt --gdm-steps 3 --accept-tau 999 --horizon 2 --receding-horizon 2 --num-samples 600 --n-steps 30 --source pretrained --encoder-id quentinll/lewm-cube --h5 "$CUBE_H5" --device cuda --start final --goal-offset 50 --eval-budget 100 --num-eval 128 --seed 47 --cem-seed 47 --episode-min 8000
781	cube	mppi_flat_rh5	50	47	logs/rbH_cube_mppi_flat_rh5_t50_seed47.log	python -m surveyor.envs.cube.eval --solver mppi --subgoal flat --horizon 5 --receding-horizon 5 --num-samples 600 --n-steps 30 --source pretrained --encoder-id quentinll/lewm-cube --h5 "$CUBE_H5" --device cuda --start final --goal-offset 50 --eval-budget 100 --num-eval 128 --seed 47 --cem-seed 47 --episode-min 8000
782	cube	mppi_ffjepa_s10k3	50	47	logs/rbH_cube_mppi_ffjepa_s10k3_t50_seed47.log	python -m surveyor.envs.cube.eval --solver mppi --subgoal ffjepa --gdm-ckpt gdm_cube_s10_gc.pt --gdm-steps 3 --horizon 2 --receding-horizon 2 --num-samples 600 --n-steps 30 --source pretrained --encoder-id quentinll/lewm-cube --h5 "$CUBE_H5" --device cuda --start final --goal-offset 50 --eval-budget 100 --num-eval 128 --seed 47 --cem-seed 47 --episode-min 8000
783	cube	mppi_surveyor	50	47	logs/rbH_cube_mppi_surveyor_t50_seed47.log	python -m surveyor.envs.cube.eval --solver mppi --subgoal surveyor --gdm-ckpt gdm_cube_s10_gc.pt --gdm-steps 3 --accept-tau 0.20 --horizon 2 --receding-horizon 2 --num-samples 600 --n-steps 30 --source pretrained --encoder-id quentinll/lewm-cube --h5 "$CUBE_H5" --device cuda --start final --goal-offset 50 --eval-budget 100 --num-eval 128 --seed 47 --cem-seed 47 --episode-min 8000
784	cube	mppi_router	50	47	logs/rbH_cube_mppi_router_t50_seed47.log	python -m surveyor.envs.cube.eval --solver mppi --subgoal router+surveyor --gdm-ckpt gdm_cube_s10_gc.pt --gdm-steps 3 --accept-tau 0.20 --horizon 2 --receding-horizon 2 --num-samples 600 --n-steps 30 --source pretrained --encoder-id quentinll/lewm-cube --h5 "$CUBE_H5" --device cuda --start final --goal-offset 50 --eval-budget 100 --num-eval 128 --seed 47 --cem-seed 47 --episode-min 8000
785	cube	mppi_blindk	50	47	logs/rbH_cube_mppi_blindk_t50_seed47.log	python -m surveyor.envs.cube.eval --solver mppi --subgoal surveyor --gdm-ckpt gdm_cube_s10_gc.pt --gdm-steps 3 --accept-tau 999 --horizon 2 --receding-horizon 2 --num-samples 600 --n-steps 30 --source pretrained --encoder-id quentinll/lewm-cube --h5 "$CUBE_H5" --device cuda --start final --goal-offset 50 --eval-budget 100 --num-eval 128 --seed 47 --cem-seed 47 --episode-min 8000
786	cube	flat_rh5	50	48	logs/rbH_cube_flat_rh5_t50_seed48.log	python -m surveyor.envs.cube.eval --subgoal flat --horizon 5 --receding-horizon 5 --num-samples 600 --n-steps 30 --source pretrained --encoder-id quentinll/lewm-cube --h5 "$CUBE_H5" --device cuda --start final --goal-offset 50 --eval-budget 100 --num-eval 128 --seed 48 --cem-seed 48 --episode-min 8000
787	cube	ffjepa_s10k3	50	48	logs/rbH_cube_ffjepa_s10k3_t50_seed48.log	python -m surveyor.envs.cube.eval --subgoal ffjepa --gdm-ckpt gdm_cube_s10_gc.pt --gdm-steps 3 --horizon 2 --receding-horizon 2 --num-samples 600 --n-steps 30 --source pretrained --encoder-id quentinll/lewm-cube --h5 "$CUBE_H5" --device cuda --start final --goal-offset 50 --eval-budget 100 --num-eval 128 --seed 48 --cem-seed 48 --episode-min 8000
788	cube	surveyor	50	48	logs/rbH_cube_surveyor_t50_seed48.log	python -m surveyor.envs.cube.eval --subgoal surveyor --gdm-ckpt gdm_cube_s10_gc.pt --gdm-steps 3 --accept-tau 0.20 --horizon 2 --receding-horizon 2 --num-samples 600 --n-steps 30 --source pretrained --encoder-id quentinll/lewm-cube --h5 "$CUBE_H5" --device cuda --start final --goal-offset 50 --eval-budget 100 --num-eval 128 --seed 48 --cem-seed 48 --episode-min 8000
789	cube	router	50	48	logs/rbH_cube_router_t50_seed48.log	python -m surveyor.envs.cube.eval --subgoal router+surveyor --gdm-ckpt gdm_cube_s10_gc.pt --gdm-steps 3 --accept-tau 0.20 --horizon 2 --receding-horizon 2 --num-samples 600 --n-steps 30 --source pretrained --encoder-id quentinll/lewm-cube --h5 "$CUBE_H5" --device cuda --start final --goal-offset 50 --eval-budget 100 --num-eval 128 --seed 48 --cem-seed 48 --episode-min 8000
790	cube	blindk	50	48	logs/rbH_cube_blindk_t50_seed48.log	python -m surveyor.envs.cube.eval --subgoal surveyor --gdm-ckpt gdm_cube_s10_gc.pt --gdm-steps 3 --accept-tau 999 --horizon 2 --receding-horizon 2 --num-samples 600 --n-steps 30 --source pretrained --encoder-id quentinll/lewm-cube --h5 "$CUBE_H5" --device cuda --start final --goal-offset 50 --eval-budget 100 --num-eval 128 --seed 48 --cem-seed 48 --episode-min 8000
791	cube	gcidm	50	48	logs/rbH_cube_gcidm_t50_seed48.log	python -m surveyor.envs.cube.eval --subgoal gcidm --gcidm-ckpt gcidm_cube_h100.pt --source pretrained --encoder-id quentinll/lewm-cube --h5 "$CUBE_H5" --device cuda --start final --goal-offset 50 --eval-budget 100 --num-eval 128 --seed 48 --cem-seed 48 --episode-min 8000
792	cube	gcidm_surv	50	48	logs/rbH_cube_gcidm_surv_t50_seed48.log	python -m surveyor.envs.cube.eval --subgoal gcidm+surveyor --gcidm-ckpt gcidm_cube_h100.pt --gdm-ckpt gdm_cube_s10_gc.pt --gdm-steps 3 --accept-tau 0.20 --sg-steps 10 --goal-gate --source pretrained --encoder-id quentinll/lewm-cube --h5 "$CUBE_H5" --device cuda --start final --goal-offset 50 --eval-budget 100 --num-eval 128 --seed 48 --cem-seed 48 --episode-min 8000
793	cube	gcidm_every	50	48	logs/rbH_cube_gcidm_every_t50_seed48.log	python -m surveyor.envs.cube.eval --subgoal gcidm+surveyor --gcidm-ckpt gcidm_cube_h100.pt --gdm-ckpt gdm_cube_s10_gc.pt --gdm-steps 3 --accept-tau 0.0 --sg-steps 10 --source pretrained --encoder-id quentinll/lewm-cube --h5 "$CUBE_H5" --device cuda --start final --goal-offset 50 --eval-budget 100 --num-eval 128 --seed 48 --cem-seed 48 --episode-min 8000
794	cube	gcidm_blind	50	48	logs/rbH_cube_gcidm_blind_t50_seed48.log	python -m surveyor.envs.cube.eval --subgoal gcidm+surveyor --gcidm-ckpt gcidm_cube_h100.pt --gdm-ckpt gdm_cube_s10_gc.pt --gdm-steps 3 --accept-tau 999 --sg-steps 10 --source pretrained --encoder-id quentinll/lewm-cube --h5 "$CUBE_H5" --device cuda --start final --goal-offset 50 --eval-budget 100 --num-eval 128 --seed 48 --cem-seed 48 --episode-min 8000
795	cube	icem_flat_rh5	50	48	logs/rbH_cube_icem_flat_rh5_t50_seed48.log	python -m surveyor.envs.cube.eval --solver icem --subgoal flat --horizon 5 --receding-horizon 5 --num-samples 600 --n-steps 30 --source pretrained --encoder-id quentinll/lewm-cube --h5 "$CUBE_H5" --device cuda --start final --goal-offset 50 --eval-budget 100 --num-eval 128 --seed 48 --cem-seed 48 --episode-min 8000
796	cube	icem_ffjepa_s10k3	50	48	logs/rbH_cube_icem_ffjepa_s10k3_t50_seed48.log	python -m surveyor.envs.cube.eval --solver icem --subgoal ffjepa --gdm-ckpt gdm_cube_s10_gc.pt --gdm-steps 3 --horizon 2 --receding-horizon 2 --num-samples 600 --n-steps 30 --source pretrained --encoder-id quentinll/lewm-cube --h5 "$CUBE_H5" --device cuda --start final --goal-offset 50 --eval-budget 100 --num-eval 128 --seed 48 --cem-seed 48 --episode-min 8000
797	cube	icem_surveyor	50	48	logs/rbH_cube_icem_surveyor_t50_seed48.log	python -m surveyor.envs.cube.eval --solver icem --subgoal surveyor --gdm-ckpt gdm_cube_s10_gc.pt --gdm-steps 3 --accept-tau 0.20 --horizon 2 --receding-horizon 2 --num-samples 600 --n-steps 30 --source pretrained --encoder-id quentinll/lewm-cube --h5 "$CUBE_H5" --device cuda --start final --goal-offset 50 --eval-budget 100 --num-eval 128 --seed 48 --cem-seed 48 --episode-min 8000
798	cube	icem_router	50	48	logs/rbH_cube_icem_router_t50_seed48.log	python -m surveyor.envs.cube.eval --solver icem --subgoal router+surveyor --gdm-ckpt gdm_cube_s10_gc.pt --gdm-steps 3 --accept-tau 0.20 --horizon 2 --receding-horizon 2 --num-samples 600 --n-steps 30 --source pretrained --encoder-id quentinll/lewm-cube --h5 "$CUBE_H5" --device cuda --start final --goal-offset 50 --eval-budget 100 --num-eval 128 --seed 48 --cem-seed 48 --episode-min 8000
799	cube	icem_blindk	50	48	logs/rbH_cube_icem_blindk_t50_seed48.log	python -m surveyor.envs.cube.eval --solver icem --subgoal surveyor --gdm-ckpt gdm_cube_s10_gc.pt --gdm-steps 3 --accept-tau 999 --horizon 2 --receding-horizon 2 --num-samples 600 --n-steps 30 --source pretrained --encoder-id quentinll/lewm-cube --h5 "$CUBE_H5" --device cuda --start final --goal-offset 50 --eval-budget 100 --num-eval 128 --seed 48 --cem-seed 48 --episode-min 8000
800	cube	mppi_flat_rh5	50	48	logs/rbH_cube_mppi_flat_rh5_t50_seed48.log	python -m surveyor.envs.cube.eval --solver mppi --subgoal flat --horizon 5 --receding-horizon 5 --num-samples 600 --n-steps 30 --source pretrained --encoder-id quentinll/lewm-cube --h5 "$CUBE_H5" --device cuda --start final --goal-offset 50 --eval-budget 100 --num-eval 128 --seed 48 --cem-seed 48 --episode-min 8000
801	cube	mppi_ffjepa_s10k3	50	48	logs/rbH_cube_mppi_ffjepa_s10k3_t50_seed48.log	python -m surveyor.envs.cube.eval --solver mppi --subgoal ffjepa --gdm-ckpt gdm_cube_s10_gc.pt --gdm-steps 3 --horizon 2 --receding-horizon 2 --num-samples 600 --n-steps 30 --source pretrained --encoder-id quentinll/lewm-cube --h5 "$CUBE_H5" --device cuda --start final --goal-offset 50 --eval-budget 100 --num-eval 128 --seed 48 --cem-seed 48 --episode-min 8000
802	cube	mppi_surveyor	50	48	logs/rbH_cube_mppi_surveyor_t50_seed48.log	python -m surveyor.envs.cube.eval --solver mppi --subgoal surveyor --gdm-ckpt gdm_cube_s10_gc.pt --gdm-steps 3 --accept-tau 0.20 --horizon 2 --receding-horizon 2 --num-samples 600 --n-steps 30 --source pretrained --encoder-id quentinll/lewm-cube --h5 "$CUBE_H5" --device cuda --start final --goal-offset 50 --eval-budget 100 --num-eval 128 --seed 48 --cem-seed 48 --episode-min 8000
803	cube	mppi_router	50	48	logs/rbH_cube_mppi_router_t50_seed48.log	python -m surveyor.envs.cube.eval --solver mppi --subgoal router+surveyor --gdm-ckpt gdm_cube_s10_gc.pt --gdm-steps 3 --accept-tau 0.20 --horizon 2 --receding-horizon 2 --num-samples 600 --n-steps 30 --source pretrained --encoder-id quentinll/lewm-cube --h5 "$CUBE_H5" --device cuda --start final --goal-offset 50 --eval-budget 100 --num-eval 128 --seed 48 --cem-seed 48 --episode-min 8000
804	cube	mppi_blindk	50	48	logs/rbH_cube_mppi_blindk_t50_seed48.log	python -m surveyor.envs.cube.eval --solver mppi --subgoal surveyor --gdm-ckpt gdm_cube_s10_gc.pt --gdm-steps 3 --accept-tau 999 --horizon 2 --receding-horizon 2 --num-samples 600 --n-steps 30 --source pretrained --encoder-id quentinll/lewm-cube --h5 "$CUBE_H5" --device cuda --start final --goal-offset 50 --eval-budget 100 --num-eval 128 --seed 48 --cem-seed 48 --episode-min 8000
805	cube	flat_rh5	50	49	logs/rbH_cube_flat_rh5_t50_seed49.log	python -m surveyor.envs.cube.eval --subgoal flat --horizon 5 --receding-horizon 5 --num-samples 600 --n-steps 30 --source pretrained --encoder-id quentinll/lewm-cube --h5 "$CUBE_H5" --device cuda --start final --goal-offset 50 --eval-budget 100 --num-eval 128 --seed 49 --cem-seed 49 --episode-min 8000
806	cube	ffjepa_s10k3	50	49	logs/rbH_cube_ffjepa_s10k3_t50_seed49.log	python -m surveyor.envs.cube.eval --subgoal ffjepa --gdm-ckpt gdm_cube_s10_gc.pt --gdm-steps 3 --horizon 2 --receding-horizon 2 --num-samples 600 --n-steps 30 --source pretrained --encoder-id quentinll/lewm-cube --h5 "$CUBE_H5" --device cuda --start final --goal-offset 50 --eval-budget 100 --num-eval 128 --seed 49 --cem-seed 49 --episode-min 8000
807	cube	surveyor	50	49	logs/rbH_cube_surveyor_t50_seed49.log	python -m surveyor.envs.cube.eval --subgoal surveyor --gdm-ckpt gdm_cube_s10_gc.pt --gdm-steps 3 --accept-tau 0.20 --horizon 2 --receding-horizon 2 --num-samples 600 --n-steps 30 --source pretrained --encoder-id quentinll/lewm-cube --h5 "$CUBE_H5" --device cuda --start final --goal-offset 50 --eval-budget 100 --num-eval 128 --seed 49 --cem-seed 49 --episode-min 8000
808	cube	router	50	49	logs/rbH_cube_router_t50_seed49.log	python -m surveyor.envs.cube.eval --subgoal router+surveyor --gdm-ckpt gdm_cube_s10_gc.pt --gdm-steps 3 --accept-tau 0.20 --horizon 2 --receding-horizon 2 --num-samples 600 --n-steps 30 --source pretrained --encoder-id quentinll/lewm-cube --h5 "$CUBE_H5" --device cuda --start final --goal-offset 50 --eval-budget 100 --num-eval 128 --seed 49 --cem-seed 49 --episode-min 8000
809	cube	blindk	50	49	logs/rbH_cube_blindk_t50_seed49.log	python -m surveyor.envs.cube.eval --subgoal surveyor --gdm-ckpt gdm_cube_s10_gc.pt --gdm-steps 3 --accept-tau 999 --horizon 2 --receding-horizon 2 --num-samples 600 --n-steps 30 --source pretrained --encoder-id quentinll/lewm-cube --h5 "$CUBE_H5" --device cuda --start final --goal-offset 50 --eval-budget 100 --num-eval 128 --seed 49 --cem-seed 49 --episode-min 8000
810	cube	gcidm	50	49	logs/rbH_cube_gcidm_t50_seed49.log	python -m surveyor.envs.cube.eval --subgoal gcidm --gcidm-ckpt gcidm_cube_h100.pt --source pretrained --encoder-id quentinll/lewm-cube --h5 "$CUBE_H5" --device cuda --start final --goal-offset 50 --eval-budget 100 --num-eval 128 --seed 49 --cem-seed 49 --episode-min 8000
811	cube	gcidm_surv	50	49	logs/rbH_cube_gcidm_surv_t50_seed49.log	python -m surveyor.envs.cube.eval --subgoal gcidm+surveyor --gcidm-ckpt gcidm_cube_h100.pt --gdm-ckpt gdm_cube_s10_gc.pt --gdm-steps 3 --accept-tau 0.20 --sg-steps 10 --goal-gate --source pretrained --encoder-id quentinll/lewm-cube --h5 "$CUBE_H5" --device cuda --start final --goal-offset 50 --eval-budget 100 --num-eval 128 --seed 49 --cem-seed 49 --episode-min 8000
812	cube	gcidm_every	50	49	logs/rbH_cube_gcidm_every_t50_seed49.log	python -m surveyor.envs.cube.eval --subgoal gcidm+surveyor --gcidm-ckpt gcidm_cube_h100.pt --gdm-ckpt gdm_cube_s10_gc.pt --gdm-steps 3 --accept-tau 0.0 --sg-steps 10 --source pretrained --encoder-id quentinll/lewm-cube --h5 "$CUBE_H5" --device cuda --start final --goal-offset 50 --eval-budget 100 --num-eval 128 --seed 49 --cem-seed 49 --episode-min 8000
813	cube	gcidm_blind	50	49	logs/rbH_cube_gcidm_blind_t50_seed49.log	python -m surveyor.envs.cube.eval --subgoal gcidm+surveyor --gcidm-ckpt gcidm_cube_h100.pt --gdm-ckpt gdm_cube_s10_gc.pt --gdm-steps 3 --accept-tau 999 --sg-steps 10 --source pretrained --encoder-id quentinll/lewm-cube --h5 "$CUBE_H5" --device cuda --start final --goal-offset 50 --eval-budget 100 --num-eval 128 --seed 49 --cem-seed 49 --episode-min 8000
814	cube	icem_flat_rh5	50	49	logs/rbH_cube_icem_flat_rh5_t50_seed49.log	python -m surveyor.envs.cube.eval --solver icem --subgoal flat --horizon 5 --receding-horizon 5 --num-samples 600 --n-steps 30 --source pretrained --encoder-id quentinll/lewm-cube --h5 "$CUBE_H5" --device cuda --start final --goal-offset 50 --eval-budget 100 --num-eval 128 --seed 49 --cem-seed 49 --episode-min 8000
815	cube	icem_ffjepa_s10k3	50	49	logs/rbH_cube_icem_ffjepa_s10k3_t50_seed49.log	python -m surveyor.envs.cube.eval --solver icem --subgoal ffjepa --gdm-ckpt gdm_cube_s10_gc.pt --gdm-steps 3 --horizon 2 --receding-horizon 2 --num-samples 600 --n-steps 30 --source pretrained --encoder-id quentinll/lewm-cube --h5 "$CUBE_H5" --device cuda --start final --goal-offset 50 --eval-budget 100 --num-eval 128 --seed 49 --cem-seed 49 --episode-min 8000
816	cube	icem_surveyor	50	49	logs/rbH_cube_icem_surveyor_t50_seed49.log	python -m surveyor.envs.cube.eval --solver icem --subgoal surveyor --gdm-ckpt gdm_cube_s10_gc.pt --gdm-steps 3 --accept-tau 0.20 --horizon 2 --receding-horizon 2 --num-samples 600 --n-steps 30 --source pretrained --encoder-id quentinll/lewm-cube --h5 "$CUBE_H5" --device cuda --start final --goal-offset 50 --eval-budget 100 --num-eval 128 --seed 49 --cem-seed 49 --episode-min 8000
817	cube	icem_router	50	49	logs/rbH_cube_icem_router_t50_seed49.log	python -m surveyor.envs.cube.eval --solver icem --subgoal router+surveyor --gdm-ckpt gdm_cube_s10_gc.pt --gdm-steps 3 --accept-tau 0.20 --horizon 2 --receding-horizon 2 --num-samples 600 --n-steps 30 --source pretrained --encoder-id quentinll/lewm-cube --h5 "$CUBE_H5" --device cuda --start final --goal-offset 50 --eval-budget 100 --num-eval 128 --seed 49 --cem-seed 49 --episode-min 8000
818	cube	icem_blindk	50	49	logs/rbH_cube_icem_blindk_t50_seed49.log	python -m surveyor.envs.cube.eval --solver icem --subgoal surveyor --gdm-ckpt gdm_cube_s10_gc.pt --gdm-steps 3 --accept-tau 999 --horizon 2 --receding-horizon 2 --num-samples 600 --n-steps 30 --source pretrained --encoder-id quentinll/lewm-cube --h5 "$CUBE_H5" --device cuda --start final --goal-offset 50 --eval-budget 100 --num-eval 128 --seed 49 --cem-seed 49 --episode-min 8000
819	cube	mppi_flat_rh5	50	49	logs/rbH_cube_mppi_flat_rh5_t50_seed49.log	python -m surveyor.envs.cube.eval --solver mppi --subgoal flat --horizon 5 --receding-horizon 5 --num-samples 600 --n-steps 30 --source pretrained --encoder-id quentinll/lewm-cube --h5 "$CUBE_H5" --device cuda --start final --goal-offset 50 --eval-budget 100 --num-eval 128 --seed 49 --cem-seed 49 --episode-min 8000
820	cube	mppi_ffjepa_s10k3	50	49	logs/rbH_cube_mppi_ffjepa_s10k3_t50_seed49.log	python -m surveyor.envs.cube.eval --solver mppi --subgoal ffjepa --gdm-ckpt gdm_cube_s10_gc.pt --gdm-steps 3 --horizon 2 --receding-horizon 2 --num-samples 600 --n-steps 30 --source pretrained --encoder-id quentinll/lewm-cube --h5 "$CUBE_H5" --device cuda --start final --goal-offset 50 --eval-budget 100 --num-eval 128 --seed 49 --cem-seed 49 --episode-min 8000
821	cube	mppi_surveyor	50	49	logs/rbH_cube_mppi_surveyor_t50_seed49.log	python -m surveyor.envs.cube.eval --solver mppi --subgoal surveyor --gdm-ckpt gdm_cube_s10_gc.pt --gdm-steps 3 --accept-tau 0.20 --horizon 2 --receding-horizon 2 --num-samples 600 --n-steps 30 --source pretrained --encoder-id quentinll/lewm-cube --h5 "$CUBE_H5" --device cuda --start final --goal-offset 50 --eval-budget 100 --num-eval 128 --seed 49 --cem-seed 49 --episode-min 8000
822	cube	mppi_router	50	49	logs/rbH_cube_mppi_router_t50_seed49.log	python -m surveyor.envs.cube.eval --solver mppi --subgoal router+surveyor --gdm-ckpt gdm_cube_s10_gc.pt --gdm-steps 3 --accept-tau 0.20 --horizon 2 --receding-horizon 2 --num-samples 600 --n-steps 30 --source pretrained --encoder-id quentinll/lewm-cube --h5 "$CUBE_H5" --device cuda --start final --goal-offset 50 --eval-budget 100 --num-eval 128 --seed 49 --cem-seed 49 --episode-min 8000
823	cube	mppi_blindk	50	49	logs/rbH_cube_mppi_blindk_t50_seed49.log	python -m surveyor.envs.cube.eval --solver mppi --subgoal surveyor --gdm-ckpt gdm_cube_s10_gc.pt --gdm-steps 3 --accept-tau 999 --horizon 2 --receding-horizon 2 --num-samples 600 --n-steps 30 --source pretrained --encoder-id quentinll/lewm-cube --h5 "$CUBE_H5" --device cuda --start final --goal-offset 50 --eval-budget 100 --num-eval 128 --seed 49 --cem-seed 49 --episode-min 8000
824	cube	flat_rh5	75	42	logs/rbH_cube_flat_rh5_t75_seed42.log	python -m surveyor.envs.cube.eval --subgoal flat --horizon 5 --receding-horizon 5 --num-samples 600 --n-steps 30 --source pretrained --encoder-id quentinll/lewm-cube --h5 "$CUBE_H5" --device cuda --start final --goal-offset 75 --eval-budget 150 --num-eval 128 --seed 42 --cem-seed 42 --episode-min 8000
825	cube	ffjepa_s10k3	75	42	logs/rbH_cube_ffjepa_s10k3_t75_seed42.log	python -m surveyor.envs.cube.eval --subgoal ffjepa --gdm-ckpt gdm_cube_s10_gc.pt --gdm-steps 3 --horizon 2 --receding-horizon 2 --num-samples 600 --n-steps 30 --source pretrained --encoder-id quentinll/lewm-cube --h5 "$CUBE_H5" --device cuda --start final --goal-offset 75 --eval-budget 150 --num-eval 128 --seed 42 --cem-seed 42 --episode-min 8000
826	cube	surveyor	75	42	logs/rbH_cube_surveyor_t75_seed42.log	python -m surveyor.envs.cube.eval --subgoal surveyor --gdm-ckpt gdm_cube_s10_gc.pt --gdm-steps 3 --accept-tau 0.20 --horizon 2 --receding-horizon 2 --num-samples 600 --n-steps 30 --source pretrained --encoder-id quentinll/lewm-cube --h5 "$CUBE_H5" --device cuda --start final --goal-offset 75 --eval-budget 150 --num-eval 128 --seed 42 --cem-seed 42 --episode-min 8000
827	cube	router	75	42	logs/rbH_cube_router_t75_seed42.log	python -m surveyor.envs.cube.eval --subgoal router+surveyor --gdm-ckpt gdm_cube_s10_gc.pt --gdm-steps 3 --accept-tau 0.20 --horizon 2 --receding-horizon 2 --num-samples 600 --n-steps 30 --source pretrained --encoder-id quentinll/lewm-cube --h5 "$CUBE_H5" --device cuda --start final --goal-offset 75 --eval-budget 150 --num-eval 128 --seed 42 --cem-seed 42 --episode-min 8000
828	cube	blindk	75	42	logs/rbH_cube_blindk_t75_seed42.log	python -m surveyor.envs.cube.eval --subgoal surveyor --gdm-ckpt gdm_cube_s10_gc.pt --gdm-steps 3 --accept-tau 999 --horizon 2 --receding-horizon 2 --num-samples 600 --n-steps 30 --source pretrained --encoder-id quentinll/lewm-cube --h5 "$CUBE_H5" --device cuda --start final --goal-offset 75 --eval-budget 150 --num-eval 128 --seed 42 --cem-seed 42 --episode-min 8000
829	cube	gcidm	75	42	logs/rbH_cube_gcidm_t75_seed42.log	python -m surveyor.envs.cube.eval --subgoal gcidm --gcidm-ckpt gcidm_cube_h150.pt --source pretrained --encoder-id quentinll/lewm-cube --h5 "$CUBE_H5" --device cuda --start final --goal-offset 75 --eval-budget 150 --num-eval 128 --seed 42 --cem-seed 42 --episode-min 8000
830	cube	gcidm_surv	75	42	logs/rbH_cube_gcidm_surv_t75_seed42.log	python -m surveyor.envs.cube.eval --subgoal gcidm+surveyor --gcidm-ckpt gcidm_cube_h150.pt --gdm-ckpt gdm_cube_s10_gc.pt --gdm-steps 3 --accept-tau 0.20 --sg-steps 10 --goal-gate --source pretrained --encoder-id quentinll/lewm-cube --h5 "$CUBE_H5" --device cuda --start final --goal-offset 75 --eval-budget 150 --num-eval 128 --seed 42 --cem-seed 42 --episode-min 8000
831	cube	gcidm_every	75	42	logs/rbH_cube_gcidm_every_t75_seed42.log	python -m surveyor.envs.cube.eval --subgoal gcidm+surveyor --gcidm-ckpt gcidm_cube_h150.pt --gdm-ckpt gdm_cube_s10_gc.pt --gdm-steps 3 --accept-tau 0.0 --sg-steps 10 --source pretrained --encoder-id quentinll/lewm-cube --h5 "$CUBE_H5" --device cuda --start final --goal-offset 75 --eval-budget 150 --num-eval 128 --seed 42 --cem-seed 42 --episode-min 8000
832	cube	gcidm_blind	75	42	logs/rbH_cube_gcidm_blind_t75_seed42.log	python -m surveyor.envs.cube.eval --subgoal gcidm+surveyor --gcidm-ckpt gcidm_cube_h150.pt --gdm-ckpt gdm_cube_s10_gc.pt --gdm-steps 3 --accept-tau 999 --sg-steps 10 --source pretrained --encoder-id quentinll/lewm-cube --h5 "$CUBE_H5" --device cuda --start final --goal-offset 75 --eval-budget 150 --num-eval 128 --seed 42 --cem-seed 42 --episode-min 8000
833	cube	icem_flat_rh5	75	42	logs/rbH_cube_icem_flat_rh5_t75_seed42.log	python -m surveyor.envs.cube.eval --solver icem --subgoal flat --horizon 5 --receding-horizon 5 --num-samples 600 --n-steps 30 --source pretrained --encoder-id quentinll/lewm-cube --h5 "$CUBE_H5" --device cuda --start final --goal-offset 75 --eval-budget 150 --num-eval 128 --seed 42 --cem-seed 42 --episode-min 8000
834	cube	icem_ffjepa_s10k3	75	42	logs/rbH_cube_icem_ffjepa_s10k3_t75_seed42.log	python -m surveyor.envs.cube.eval --solver icem --subgoal ffjepa --gdm-ckpt gdm_cube_s10_gc.pt --gdm-steps 3 --horizon 2 --receding-horizon 2 --num-samples 600 --n-steps 30 --source pretrained --encoder-id quentinll/lewm-cube --h5 "$CUBE_H5" --device cuda --start final --goal-offset 75 --eval-budget 150 --num-eval 128 --seed 42 --cem-seed 42 --episode-min 8000
835	cube	icem_surveyor	75	42	logs/rbH_cube_icem_surveyor_t75_seed42.log	python -m surveyor.envs.cube.eval --solver icem --subgoal surveyor --gdm-ckpt gdm_cube_s10_gc.pt --gdm-steps 3 --accept-tau 0.20 --horizon 2 --receding-horizon 2 --num-samples 600 --n-steps 30 --source pretrained --encoder-id quentinll/lewm-cube --h5 "$CUBE_H5" --device cuda --start final --goal-offset 75 --eval-budget 150 --num-eval 128 --seed 42 --cem-seed 42 --episode-min 8000
836	cube	icem_router	75	42	logs/rbH_cube_icem_router_t75_seed42.log	python -m surveyor.envs.cube.eval --solver icem --subgoal router+surveyor --gdm-ckpt gdm_cube_s10_gc.pt --gdm-steps 3 --accept-tau 0.20 --horizon 2 --receding-horizon 2 --num-samples 600 --n-steps 30 --source pretrained --encoder-id quentinll/lewm-cube --h5 "$CUBE_H5" --device cuda --start final --goal-offset 75 --eval-budget 150 --num-eval 128 --seed 42 --cem-seed 42 --episode-min 8000
837	cube	icem_blindk	75	42	logs/rbH_cube_icem_blindk_t75_seed42.log	python -m surveyor.envs.cube.eval --solver icem --subgoal surveyor --gdm-ckpt gdm_cube_s10_gc.pt --gdm-steps 3 --accept-tau 999 --horizon 2 --receding-horizon 2 --num-samples 600 --n-steps 30 --source pretrained --encoder-id quentinll/lewm-cube --h5 "$CUBE_H5" --device cuda --start final --goal-offset 75 --eval-budget 150 --num-eval 128 --seed 42 --cem-seed 42 --episode-min 8000
838	cube	mppi_flat_rh5	75	42	logs/rbH_cube_mppi_flat_rh5_t75_seed42.log	python -m surveyor.envs.cube.eval --solver mppi --subgoal flat --horizon 5 --receding-horizon 5 --num-samples 600 --n-steps 30 --source pretrained --encoder-id quentinll/lewm-cube --h5 "$CUBE_H5" --device cuda --start final --goal-offset 75 --eval-budget 150 --num-eval 128 --seed 42 --cem-seed 42 --episode-min 8000
839	cube	mppi_ffjepa_s10k3	75	42	logs/rbH_cube_mppi_ffjepa_s10k3_t75_seed42.log	python -m surveyor.envs.cube.eval --solver mppi --subgoal ffjepa --gdm-ckpt gdm_cube_s10_gc.pt --gdm-steps 3 --horizon 2 --receding-horizon 2 --num-samples 600 --n-steps 30 --source pretrained --encoder-id quentinll/lewm-cube --h5 "$CUBE_H5" --device cuda --start final --goal-offset 75 --eval-budget 150 --num-eval 128 --seed 42 --cem-seed 42 --episode-min 8000
840	cube	mppi_surveyor	75	42	logs/rbH_cube_mppi_surveyor_t75_seed42.log	python -m surveyor.envs.cube.eval --solver mppi --subgoal surveyor --gdm-ckpt gdm_cube_s10_gc.pt --gdm-steps 3 --accept-tau 0.20 --horizon 2 --receding-horizon 2 --num-samples 600 --n-steps 30 --source pretrained --encoder-id quentinll/lewm-cube --h5 "$CUBE_H5" --device cuda --start final --goal-offset 75 --eval-budget 150 --num-eval 128 --seed 42 --cem-seed 42 --episode-min 8000
841	cube	mppi_router	75	42	logs/rbH_cube_mppi_router_t75_seed42.log	python -m surveyor.envs.cube.eval --solver mppi --subgoal router+surveyor --gdm-ckpt gdm_cube_s10_gc.pt --gdm-steps 3 --accept-tau 0.20 --horizon 2 --receding-horizon 2 --num-samples 600 --n-steps 30 --source pretrained --encoder-id quentinll/lewm-cube --h5 "$CUBE_H5" --device cuda --start final --goal-offset 75 --eval-budget 150 --num-eval 128 --seed 42 --cem-seed 42 --episode-min 8000
842	cube	mppi_blindk	75	42	logs/rbH_cube_mppi_blindk_t75_seed42.log	python -m surveyor.envs.cube.eval --solver mppi --subgoal surveyor --gdm-ckpt gdm_cube_s10_gc.pt --gdm-steps 3 --accept-tau 999 --horizon 2 --receding-horizon 2 --num-samples 600 --n-steps 30 --source pretrained --encoder-id quentinll/lewm-cube --h5 "$CUBE_H5" --device cuda --start final --goal-offset 75 --eval-budget 150 --num-eval 128 --seed 42 --cem-seed 42 --episode-min 8000
843	cube	flat_rh5	75	43	logs/rbH_cube_flat_rh5_t75_seed43.log	python -m surveyor.envs.cube.eval --subgoal flat --horizon 5 --receding-horizon 5 --num-samples 600 --n-steps 30 --source pretrained --encoder-id quentinll/lewm-cube --h5 "$CUBE_H5" --device cuda --start final --goal-offset 75 --eval-budget 150 --num-eval 128 --seed 43 --cem-seed 43 --episode-min 8000
844	cube	ffjepa_s10k3	75	43	logs/rbH_cube_ffjepa_s10k3_t75_seed43.log	python -m surveyor.envs.cube.eval --subgoal ffjepa --gdm-ckpt gdm_cube_s10_gc.pt --gdm-steps 3 --horizon 2 --receding-horizon 2 --num-samples 600 --n-steps 30 --source pretrained --encoder-id quentinll/lewm-cube --h5 "$CUBE_H5" --device cuda --start final --goal-offset 75 --eval-budget 150 --num-eval 128 --seed 43 --cem-seed 43 --episode-min 8000
845	cube	surveyor	75	43	logs/rbH_cube_surveyor_t75_seed43.log	python -m surveyor.envs.cube.eval --subgoal surveyor --gdm-ckpt gdm_cube_s10_gc.pt --gdm-steps 3 --accept-tau 0.20 --horizon 2 --receding-horizon 2 --num-samples 600 --n-steps 30 --source pretrained --encoder-id quentinll/lewm-cube --h5 "$CUBE_H5" --device cuda --start final --goal-offset 75 --eval-budget 150 --num-eval 128 --seed 43 --cem-seed 43 --episode-min 8000
846	cube	router	75	43	logs/rbH_cube_router_t75_seed43.log	python -m surveyor.envs.cube.eval --subgoal router+surveyor --gdm-ckpt gdm_cube_s10_gc.pt --gdm-steps 3 --accept-tau 0.20 --horizon 2 --receding-horizon 2 --num-samples 600 --n-steps 30 --source pretrained --encoder-id quentinll/lewm-cube --h5 "$CUBE_H5" --device cuda --start final --goal-offset 75 --eval-budget 150 --num-eval 128 --seed 43 --cem-seed 43 --episode-min 8000
847	cube	blindk	75	43	logs/rbH_cube_blindk_t75_seed43.log	python -m surveyor.envs.cube.eval --subgoal surveyor --gdm-ckpt gdm_cube_s10_gc.pt --gdm-steps 3 --accept-tau 999 --horizon 2 --receding-horizon 2 --num-samples 600 --n-steps 30 --source pretrained --encoder-id quentinll/lewm-cube --h5 "$CUBE_H5" --device cuda --start final --goal-offset 75 --eval-budget 150 --num-eval 128 --seed 43 --cem-seed 43 --episode-min 8000
848	cube	gcidm	75	43	logs/rbH_cube_gcidm_t75_seed43.log	python -m surveyor.envs.cube.eval --subgoal gcidm --gcidm-ckpt gcidm_cube_h150.pt --source pretrained --encoder-id quentinll/lewm-cube --h5 "$CUBE_H5" --device cuda --start final --goal-offset 75 --eval-budget 150 --num-eval 128 --seed 43 --cem-seed 43 --episode-min 8000
849	cube	gcidm_surv	75	43	logs/rbH_cube_gcidm_surv_t75_seed43.log	python -m surveyor.envs.cube.eval --subgoal gcidm+surveyor --gcidm-ckpt gcidm_cube_h150.pt --gdm-ckpt gdm_cube_s10_gc.pt --gdm-steps 3 --accept-tau 0.20 --sg-steps 10 --goal-gate --source pretrained --encoder-id quentinll/lewm-cube --h5 "$CUBE_H5" --device cuda --start final --goal-offset 75 --eval-budget 150 --num-eval 128 --seed 43 --cem-seed 43 --episode-min 8000
850	cube	gcidm_every	75	43	logs/rbH_cube_gcidm_every_t75_seed43.log	python -m surveyor.envs.cube.eval --subgoal gcidm+surveyor --gcidm-ckpt gcidm_cube_h150.pt --gdm-ckpt gdm_cube_s10_gc.pt --gdm-steps 3 --accept-tau 0.0 --sg-steps 10 --source pretrained --encoder-id quentinll/lewm-cube --h5 "$CUBE_H5" --device cuda --start final --goal-offset 75 --eval-budget 150 --num-eval 128 --seed 43 --cem-seed 43 --episode-min 8000
851	cube	gcidm_blind	75	43	logs/rbH_cube_gcidm_blind_t75_seed43.log	python -m surveyor.envs.cube.eval --subgoal gcidm+surveyor --gcidm-ckpt gcidm_cube_h150.pt --gdm-ckpt gdm_cube_s10_gc.pt --gdm-steps 3 --accept-tau 999 --sg-steps 10 --source pretrained --encoder-id quentinll/lewm-cube --h5 "$CUBE_H5" --device cuda --start final --goal-offset 75 --eval-budget 150 --num-eval 128 --seed 43 --cem-seed 43 --episode-min 8000
852	cube	icem_flat_rh5	75	43	logs/rbH_cube_icem_flat_rh5_t75_seed43.log	python -m surveyor.envs.cube.eval --solver icem --subgoal flat --horizon 5 --receding-horizon 5 --num-samples 600 --n-steps 30 --source pretrained --encoder-id quentinll/lewm-cube --h5 "$CUBE_H5" --device cuda --start final --goal-offset 75 --eval-budget 150 --num-eval 128 --seed 43 --cem-seed 43 --episode-min 8000
853	cube	icem_ffjepa_s10k3	75	43	logs/rbH_cube_icem_ffjepa_s10k3_t75_seed43.log	python -m surveyor.envs.cube.eval --solver icem --subgoal ffjepa --gdm-ckpt gdm_cube_s10_gc.pt --gdm-steps 3 --horizon 2 --receding-horizon 2 --num-samples 600 --n-steps 30 --source pretrained --encoder-id quentinll/lewm-cube --h5 "$CUBE_H5" --device cuda --start final --goal-offset 75 --eval-budget 150 --num-eval 128 --seed 43 --cem-seed 43 --episode-min 8000
854	cube	icem_surveyor	75	43	logs/rbH_cube_icem_surveyor_t75_seed43.log	python -m surveyor.envs.cube.eval --solver icem --subgoal surveyor --gdm-ckpt gdm_cube_s10_gc.pt --gdm-steps 3 --accept-tau 0.20 --horizon 2 --receding-horizon 2 --num-samples 600 --n-steps 30 --source pretrained --encoder-id quentinll/lewm-cube --h5 "$CUBE_H5" --device cuda --start final --goal-offset 75 --eval-budget 150 --num-eval 128 --seed 43 --cem-seed 43 --episode-min 8000
855	cube	icem_router	75	43	logs/rbH_cube_icem_router_t75_seed43.log	python -m surveyor.envs.cube.eval --solver icem --subgoal router+surveyor --gdm-ckpt gdm_cube_s10_gc.pt --gdm-steps 3 --accept-tau 0.20 --horizon 2 --receding-horizon 2 --num-samples 600 --n-steps 30 --source pretrained --encoder-id quentinll/lewm-cube --h5 "$CUBE_H5" --device cuda --start final --goal-offset 75 --eval-budget 150 --num-eval 128 --seed 43 --cem-seed 43 --episode-min 8000
856	cube	icem_blindk	75	43	logs/rbH_cube_icem_blindk_t75_seed43.log	python -m surveyor.envs.cube.eval --solver icem --subgoal surveyor --gdm-ckpt gdm_cube_s10_gc.pt --gdm-steps 3 --accept-tau 999 --horizon 2 --receding-horizon 2 --num-samples 600 --n-steps 30 --source pretrained --encoder-id quentinll/lewm-cube --h5 "$CUBE_H5" --device cuda --start final --goal-offset 75 --eval-budget 150 --num-eval 128 --seed 43 --cem-seed 43 --episode-min 8000
857	cube	mppi_flat_rh5	75	43	logs/rbH_cube_mppi_flat_rh5_t75_seed43.log	python -m surveyor.envs.cube.eval --solver mppi --subgoal flat --horizon 5 --receding-horizon 5 --num-samples 600 --n-steps 30 --source pretrained --encoder-id quentinll/lewm-cube --h5 "$CUBE_H5" --device cuda --start final --goal-offset 75 --eval-budget 150 --num-eval 128 --seed 43 --cem-seed 43 --episode-min 8000
858	cube	mppi_ffjepa_s10k3	75	43	logs/rbH_cube_mppi_ffjepa_s10k3_t75_seed43.log	python -m surveyor.envs.cube.eval --solver mppi --subgoal ffjepa --gdm-ckpt gdm_cube_s10_gc.pt --gdm-steps 3 --horizon 2 --receding-horizon 2 --num-samples 600 --n-steps 30 --source pretrained --encoder-id quentinll/lewm-cube --h5 "$CUBE_H5" --device cuda --start final --goal-offset 75 --eval-budget 150 --num-eval 128 --seed 43 --cem-seed 43 --episode-min 8000
859	cube	mppi_surveyor	75	43	logs/rbH_cube_mppi_surveyor_t75_seed43.log	python -m surveyor.envs.cube.eval --solver mppi --subgoal surveyor --gdm-ckpt gdm_cube_s10_gc.pt --gdm-steps 3 --accept-tau 0.20 --horizon 2 --receding-horizon 2 --num-samples 600 --n-steps 30 --source pretrained --encoder-id quentinll/lewm-cube --h5 "$CUBE_H5" --device cuda --start final --goal-offset 75 --eval-budget 150 --num-eval 128 --seed 43 --cem-seed 43 --episode-min 8000
860	cube	mppi_router	75	43	logs/rbH_cube_mppi_router_t75_seed43.log	python -m surveyor.envs.cube.eval --solver mppi --subgoal router+surveyor --gdm-ckpt gdm_cube_s10_gc.pt --gdm-steps 3 --accept-tau 0.20 --horizon 2 --receding-horizon 2 --num-samples 600 --n-steps 30 --source pretrained --encoder-id quentinll/lewm-cube --h5 "$CUBE_H5" --device cuda --start final --goal-offset 75 --eval-budget 150 --num-eval 128 --seed 43 --cem-seed 43 --episode-min 8000
861	cube	mppi_blindk	75	43	logs/rbH_cube_mppi_blindk_t75_seed43.log	python -m surveyor.envs.cube.eval --solver mppi --subgoal surveyor --gdm-ckpt gdm_cube_s10_gc.pt --gdm-steps 3 --accept-tau 999 --horizon 2 --receding-horizon 2 --num-samples 600 --n-steps 30 --source pretrained --encoder-id quentinll/lewm-cube --h5 "$CUBE_H5" --device cuda --start final --goal-offset 75 --eval-budget 150 --num-eval 128 --seed 43 --cem-seed 43 --episode-min 8000
862	cube	flat_rh5	75	44	logs/rbH_cube_flat_rh5_t75_seed44.log	python -m surveyor.envs.cube.eval --subgoal flat --horizon 5 --receding-horizon 5 --num-samples 600 --n-steps 30 --source pretrained --encoder-id quentinll/lewm-cube --h5 "$CUBE_H5" --device cuda --start final --goal-offset 75 --eval-budget 150 --num-eval 128 --seed 44 --cem-seed 44 --episode-min 8000
863	cube	ffjepa_s10k3	75	44	logs/rbH_cube_ffjepa_s10k3_t75_seed44.log	python -m surveyor.envs.cube.eval --subgoal ffjepa --gdm-ckpt gdm_cube_s10_gc.pt --gdm-steps 3 --horizon 2 --receding-horizon 2 --num-samples 600 --n-steps 30 --source pretrained --encoder-id quentinll/lewm-cube --h5 "$CUBE_H5" --device cuda --start final --goal-offset 75 --eval-budget 150 --num-eval 128 --seed 44 --cem-seed 44 --episode-min 8000
864	cube	surveyor	75	44	logs/rbH_cube_surveyor_t75_seed44.log	python -m surveyor.envs.cube.eval --subgoal surveyor --gdm-ckpt gdm_cube_s10_gc.pt --gdm-steps 3 --accept-tau 0.20 --horizon 2 --receding-horizon 2 --num-samples 600 --n-steps 30 --source pretrained --encoder-id quentinll/lewm-cube --h5 "$CUBE_H5" --device cuda --start final --goal-offset 75 --eval-budget 150 --num-eval 128 --seed 44 --cem-seed 44 --episode-min 8000
865	cube	router	75	44	logs/rbH_cube_router_t75_seed44.log	python -m surveyor.envs.cube.eval --subgoal router+surveyor --gdm-ckpt gdm_cube_s10_gc.pt --gdm-steps 3 --accept-tau 0.20 --horizon 2 --receding-horizon 2 --num-samples 600 --n-steps 30 --source pretrained --encoder-id quentinll/lewm-cube --h5 "$CUBE_H5" --device cuda --start final --goal-offset 75 --eval-budget 150 --num-eval 128 --seed 44 --cem-seed 44 --episode-min 8000
866	cube	blindk	75	44	logs/rbH_cube_blindk_t75_seed44.log	python -m surveyor.envs.cube.eval --subgoal surveyor --gdm-ckpt gdm_cube_s10_gc.pt --gdm-steps 3 --accept-tau 999 --horizon 2 --receding-horizon 2 --num-samples 600 --n-steps 30 --source pretrained --encoder-id quentinll/lewm-cube --h5 "$CUBE_H5" --device cuda --start final --goal-offset 75 --eval-budget 150 --num-eval 128 --seed 44 --cem-seed 44 --episode-min 8000
867	cube	gcidm	75	44	logs/rbH_cube_gcidm_t75_seed44.log	python -m surveyor.envs.cube.eval --subgoal gcidm --gcidm-ckpt gcidm_cube_h150.pt --source pretrained --encoder-id quentinll/lewm-cube --h5 "$CUBE_H5" --device cuda --start final --goal-offset 75 --eval-budget 150 --num-eval 128 --seed 44 --cem-seed 44 --episode-min 8000
868	cube	gcidm_surv	75	44	logs/rbH_cube_gcidm_surv_t75_seed44.log	python -m surveyor.envs.cube.eval --subgoal gcidm+surveyor --gcidm-ckpt gcidm_cube_h150.pt --gdm-ckpt gdm_cube_s10_gc.pt --gdm-steps 3 --accept-tau 0.20 --sg-steps 10 --goal-gate --source pretrained --encoder-id quentinll/lewm-cube --h5 "$CUBE_H5" --device cuda --start final --goal-offset 75 --eval-budget 150 --num-eval 128 --seed 44 --cem-seed 44 --episode-min 8000
869	cube	gcidm_every	75	44	logs/rbH_cube_gcidm_every_t75_seed44.log	python -m surveyor.envs.cube.eval --subgoal gcidm+surveyor --gcidm-ckpt gcidm_cube_h150.pt --gdm-ckpt gdm_cube_s10_gc.pt --gdm-steps 3 --accept-tau 0.0 --sg-steps 10 --source pretrained --encoder-id quentinll/lewm-cube --h5 "$CUBE_H5" --device cuda --start final --goal-offset 75 --eval-budget 150 --num-eval 128 --seed 44 --cem-seed 44 --episode-min 8000
870	cube	gcidm_blind	75	44	logs/rbH_cube_gcidm_blind_t75_seed44.log	python -m surveyor.envs.cube.eval --subgoal gcidm+surveyor --gcidm-ckpt gcidm_cube_h150.pt --gdm-ckpt gdm_cube_s10_gc.pt --gdm-steps 3 --accept-tau 999 --sg-steps 10 --source pretrained --encoder-id quentinll/lewm-cube --h5 "$CUBE_H5" --device cuda --start final --goal-offset 75 --eval-budget 150 --num-eval 128 --seed 44 --cem-seed 44 --episode-min 8000
871	cube	icem_flat_rh5	75	44	logs/rbH_cube_icem_flat_rh5_t75_seed44.log	python -m surveyor.envs.cube.eval --solver icem --subgoal flat --horizon 5 --receding-horizon 5 --num-samples 600 --n-steps 30 --source pretrained --encoder-id quentinll/lewm-cube --h5 "$CUBE_H5" --device cuda --start final --goal-offset 75 --eval-budget 150 --num-eval 128 --seed 44 --cem-seed 44 --episode-min 8000
872	cube	icem_ffjepa_s10k3	75	44	logs/rbH_cube_icem_ffjepa_s10k3_t75_seed44.log	python -m surveyor.envs.cube.eval --solver icem --subgoal ffjepa --gdm-ckpt gdm_cube_s10_gc.pt --gdm-steps 3 --horizon 2 --receding-horizon 2 --num-samples 600 --n-steps 30 --source pretrained --encoder-id quentinll/lewm-cube --h5 "$CUBE_H5" --device cuda --start final --goal-offset 75 --eval-budget 150 --num-eval 128 --seed 44 --cem-seed 44 --episode-min 8000
873	cube	icem_surveyor	75	44	logs/rbH_cube_icem_surveyor_t75_seed44.log	python -m surveyor.envs.cube.eval --solver icem --subgoal surveyor --gdm-ckpt gdm_cube_s10_gc.pt --gdm-steps 3 --accept-tau 0.20 --horizon 2 --receding-horizon 2 --num-samples 600 --n-steps 30 --source pretrained --encoder-id quentinll/lewm-cube --h5 "$CUBE_H5" --device cuda --start final --goal-offset 75 --eval-budget 150 --num-eval 128 --seed 44 --cem-seed 44 --episode-min 8000
874	cube	icem_router	75	44	logs/rbH_cube_icem_router_t75_seed44.log	python -m surveyor.envs.cube.eval --solver icem --subgoal router+surveyor --gdm-ckpt gdm_cube_s10_gc.pt --gdm-steps 3 --accept-tau 0.20 --horizon 2 --receding-horizon 2 --num-samples 600 --n-steps 30 --source pretrained --encoder-id quentinll/lewm-cube --h5 "$CUBE_H5" --device cuda --start final --goal-offset 75 --eval-budget 150 --num-eval 128 --seed 44 --cem-seed 44 --episode-min 8000
875	cube	icem_blindk	75	44	logs/rbH_cube_icem_blindk_t75_seed44.log	python -m surveyor.envs.cube.eval --solver icem --subgoal surveyor --gdm-ckpt gdm_cube_s10_gc.pt --gdm-steps 3 --accept-tau 999 --horizon 2 --receding-horizon 2 --num-samples 600 --n-steps 30 --source pretrained --encoder-id quentinll/lewm-cube --h5 "$CUBE_H5" --device cuda --start final --goal-offset 75 --eval-budget 150 --num-eval 128 --seed 44 --cem-seed 44 --episode-min 8000
876	cube	mppi_flat_rh5	75	44	logs/rbH_cube_mppi_flat_rh5_t75_seed44.log	python -m surveyor.envs.cube.eval --solver mppi --subgoal flat --horizon 5 --receding-horizon 5 --num-samples 600 --n-steps 30 --source pretrained --encoder-id quentinll/lewm-cube --h5 "$CUBE_H5" --device cuda --start final --goal-offset 75 --eval-budget 150 --num-eval 128 --seed 44 --cem-seed 44 --episode-min 8000
877	cube	mppi_ffjepa_s10k3	75	44	logs/rbH_cube_mppi_ffjepa_s10k3_t75_seed44.log	python -m surveyor.envs.cube.eval --solver mppi --subgoal ffjepa --gdm-ckpt gdm_cube_s10_gc.pt --gdm-steps 3 --horizon 2 --receding-horizon 2 --num-samples 600 --n-steps 30 --source pretrained --encoder-id quentinll/lewm-cube --h5 "$CUBE_H5" --device cuda --start final --goal-offset 75 --eval-budget 150 --num-eval 128 --seed 44 --cem-seed 44 --episode-min 8000
878	cube	mppi_surveyor	75	44	logs/rbH_cube_mppi_surveyor_t75_seed44.log	python -m surveyor.envs.cube.eval --solver mppi --subgoal surveyor --gdm-ckpt gdm_cube_s10_gc.pt --gdm-steps 3 --accept-tau 0.20 --horizon 2 --receding-horizon 2 --num-samples 600 --n-steps 30 --source pretrained --encoder-id quentinll/lewm-cube --h5 "$CUBE_H5" --device cuda --start final --goal-offset 75 --eval-budget 150 --num-eval 128 --seed 44 --cem-seed 44 --episode-min 8000
879	cube	mppi_router	75	44	logs/rbH_cube_mppi_router_t75_seed44.log	python -m surveyor.envs.cube.eval --solver mppi --subgoal router+surveyor --gdm-ckpt gdm_cube_s10_gc.pt --gdm-steps 3 --accept-tau 0.20 --horizon 2 --receding-horizon 2 --num-samples 600 --n-steps 30 --source pretrained --encoder-id quentinll/lewm-cube --h5 "$CUBE_H5" --device cuda --start final --goal-offset 75 --eval-budget 150 --num-eval 128 --seed 44 --cem-seed 44 --episode-min 8000
880	cube	mppi_blindk	75	44	logs/rbH_cube_mppi_blindk_t75_seed44.log	python -m surveyor.envs.cube.eval --solver mppi --subgoal surveyor --gdm-ckpt gdm_cube_s10_gc.pt --gdm-steps 3 --accept-tau 999 --horizon 2 --receding-horizon 2 --num-samples 600 --n-steps 30 --source pretrained --encoder-id quentinll/lewm-cube --h5 "$CUBE_H5" --device cuda --start final --goal-offset 75 --eval-budget 150 --num-eval 128 --seed 44 --cem-seed 44 --episode-min 8000
881	cube	flat_rh5	75	45	logs/rbH_cube_flat_rh5_t75_seed45.log	python -m surveyor.envs.cube.eval --subgoal flat --horizon 5 --receding-horizon 5 --num-samples 600 --n-steps 30 --source pretrained --encoder-id quentinll/lewm-cube --h5 "$CUBE_H5" --device cuda --start final --goal-offset 75 --eval-budget 150 --num-eval 128 --seed 45 --cem-seed 45 --episode-min 8000
882	cube	ffjepa_s10k3	75	45	logs/rbH_cube_ffjepa_s10k3_t75_seed45.log	python -m surveyor.envs.cube.eval --subgoal ffjepa --gdm-ckpt gdm_cube_s10_gc.pt --gdm-steps 3 --horizon 2 --receding-horizon 2 --num-samples 600 --n-steps 30 --source pretrained --encoder-id quentinll/lewm-cube --h5 "$CUBE_H5" --device cuda --start final --goal-offset 75 --eval-budget 150 --num-eval 128 --seed 45 --cem-seed 45 --episode-min 8000
883	cube	surveyor	75	45	logs/rbH_cube_surveyor_t75_seed45.log	python -m surveyor.envs.cube.eval --subgoal surveyor --gdm-ckpt gdm_cube_s10_gc.pt --gdm-steps 3 --accept-tau 0.20 --horizon 2 --receding-horizon 2 --num-samples 600 --n-steps 30 --source pretrained --encoder-id quentinll/lewm-cube --h5 "$CUBE_H5" --device cuda --start final --goal-offset 75 --eval-budget 150 --num-eval 128 --seed 45 --cem-seed 45 --episode-min 8000
884	cube	router	75	45	logs/rbH_cube_router_t75_seed45.log	python -m surveyor.envs.cube.eval --subgoal router+surveyor --gdm-ckpt gdm_cube_s10_gc.pt --gdm-steps 3 --accept-tau 0.20 --horizon 2 --receding-horizon 2 --num-samples 600 --n-steps 30 --source pretrained --encoder-id quentinll/lewm-cube --h5 "$CUBE_H5" --device cuda --start final --goal-offset 75 --eval-budget 150 --num-eval 128 --seed 45 --cem-seed 45 --episode-min 8000
885	cube	blindk	75	45	logs/rbH_cube_blindk_t75_seed45.log	python -m surveyor.envs.cube.eval --subgoal surveyor --gdm-ckpt gdm_cube_s10_gc.pt --gdm-steps 3 --accept-tau 999 --horizon 2 --receding-horizon 2 --num-samples 600 --n-steps 30 --source pretrained --encoder-id quentinll/lewm-cube --h5 "$CUBE_H5" --device cuda --start final --goal-offset 75 --eval-budget 150 --num-eval 128 --seed 45 --cem-seed 45 --episode-min 8000
886	cube	gcidm	75	45	logs/rbH_cube_gcidm_t75_seed45.log	python -m surveyor.envs.cube.eval --subgoal gcidm --gcidm-ckpt gcidm_cube_h150.pt --source pretrained --encoder-id quentinll/lewm-cube --h5 "$CUBE_H5" --device cuda --start final --goal-offset 75 --eval-budget 150 --num-eval 128 --seed 45 --cem-seed 45 --episode-min 8000
887	cube	gcidm_surv	75	45	logs/rbH_cube_gcidm_surv_t75_seed45.log	python -m surveyor.envs.cube.eval --subgoal gcidm+surveyor --gcidm-ckpt gcidm_cube_h150.pt --gdm-ckpt gdm_cube_s10_gc.pt --gdm-steps 3 --accept-tau 0.20 --sg-steps 10 --goal-gate --source pretrained --encoder-id quentinll/lewm-cube --h5 "$CUBE_H5" --device cuda --start final --goal-offset 75 --eval-budget 150 --num-eval 128 --seed 45 --cem-seed 45 --episode-min 8000
888	cube	gcidm_every	75	45	logs/rbH_cube_gcidm_every_t75_seed45.log	python -m surveyor.envs.cube.eval --subgoal gcidm+surveyor --gcidm-ckpt gcidm_cube_h150.pt --gdm-ckpt gdm_cube_s10_gc.pt --gdm-steps 3 --accept-tau 0.0 --sg-steps 10 --source pretrained --encoder-id quentinll/lewm-cube --h5 "$CUBE_H5" --device cuda --start final --goal-offset 75 --eval-budget 150 --num-eval 128 --seed 45 --cem-seed 45 --episode-min 8000
889	cube	gcidm_blind	75	45	logs/rbH_cube_gcidm_blind_t75_seed45.log	python -m surveyor.envs.cube.eval --subgoal gcidm+surveyor --gcidm-ckpt gcidm_cube_h150.pt --gdm-ckpt gdm_cube_s10_gc.pt --gdm-steps 3 --accept-tau 999 --sg-steps 10 --source pretrained --encoder-id quentinll/lewm-cube --h5 "$CUBE_H5" --device cuda --start final --goal-offset 75 --eval-budget 150 --num-eval 128 --seed 45 --cem-seed 45 --episode-min 8000
890	cube	icem_flat_rh5	75	45	logs/rbH_cube_icem_flat_rh5_t75_seed45.log	python -m surveyor.envs.cube.eval --solver icem --subgoal flat --horizon 5 --receding-horizon 5 --num-samples 600 --n-steps 30 --source pretrained --encoder-id quentinll/lewm-cube --h5 "$CUBE_H5" --device cuda --start final --goal-offset 75 --eval-budget 150 --num-eval 128 --seed 45 --cem-seed 45 --episode-min 8000
891	cube	icem_ffjepa_s10k3	75	45	logs/rbH_cube_icem_ffjepa_s10k3_t75_seed45.log	python -m surveyor.envs.cube.eval --solver icem --subgoal ffjepa --gdm-ckpt gdm_cube_s10_gc.pt --gdm-steps 3 --horizon 2 --receding-horizon 2 --num-samples 600 --n-steps 30 --source pretrained --encoder-id quentinll/lewm-cube --h5 "$CUBE_H5" --device cuda --start final --goal-offset 75 --eval-budget 150 --num-eval 128 --seed 45 --cem-seed 45 --episode-min 8000
892	cube	icem_surveyor	75	45	logs/rbH_cube_icem_surveyor_t75_seed45.log	python -m surveyor.envs.cube.eval --solver icem --subgoal surveyor --gdm-ckpt gdm_cube_s10_gc.pt --gdm-steps 3 --accept-tau 0.20 --horizon 2 --receding-horizon 2 --num-samples 600 --n-steps 30 --source pretrained --encoder-id quentinll/lewm-cube --h5 "$CUBE_H5" --device cuda --start final --goal-offset 75 --eval-budget 150 --num-eval 128 --seed 45 --cem-seed 45 --episode-min 8000
893	cube	icem_router	75	45	logs/rbH_cube_icem_router_t75_seed45.log	python -m surveyor.envs.cube.eval --solver icem --subgoal router+surveyor --gdm-ckpt gdm_cube_s10_gc.pt --gdm-steps 3 --accept-tau 0.20 --horizon 2 --receding-horizon 2 --num-samples 600 --n-steps 30 --source pretrained --encoder-id quentinll/lewm-cube --h5 "$CUBE_H5" --device cuda --start final --goal-offset 75 --eval-budget 150 --num-eval 128 --seed 45 --cem-seed 45 --episode-min 8000
894	cube	icem_blindk	75	45	logs/rbH_cube_icem_blindk_t75_seed45.log	python -m surveyor.envs.cube.eval --solver icem --subgoal surveyor --gdm-ckpt gdm_cube_s10_gc.pt --gdm-steps 3 --accept-tau 999 --horizon 2 --receding-horizon 2 --num-samples 600 --n-steps 30 --source pretrained --encoder-id quentinll/lewm-cube --h5 "$CUBE_H5" --device cuda --start final --goal-offset 75 --eval-budget 150 --num-eval 128 --seed 45 --cem-seed 45 --episode-min 8000
895	cube	mppi_flat_rh5	75	45	logs/rbH_cube_mppi_flat_rh5_t75_seed45.log	python -m surveyor.envs.cube.eval --solver mppi --subgoal flat --horizon 5 --receding-horizon 5 --num-samples 600 --n-steps 30 --source pretrained --encoder-id quentinll/lewm-cube --h5 "$CUBE_H5" --device cuda --start final --goal-offset 75 --eval-budget 150 --num-eval 128 --seed 45 --cem-seed 45 --episode-min 8000
896	cube	mppi_ffjepa_s10k3	75	45	logs/rbH_cube_mppi_ffjepa_s10k3_t75_seed45.log	python -m surveyor.envs.cube.eval --solver mppi --subgoal ffjepa --gdm-ckpt gdm_cube_s10_gc.pt --gdm-steps 3 --horizon 2 --receding-horizon 2 --num-samples 600 --n-steps 30 --source pretrained --encoder-id quentinll/lewm-cube --h5 "$CUBE_H5" --device cuda --start final --goal-offset 75 --eval-budget 150 --num-eval 128 --seed 45 --cem-seed 45 --episode-min 8000
897	cube	mppi_surveyor	75	45	logs/rbH_cube_mppi_surveyor_t75_seed45.log	python -m surveyor.envs.cube.eval --solver mppi --subgoal surveyor --gdm-ckpt gdm_cube_s10_gc.pt --gdm-steps 3 --accept-tau 0.20 --horizon 2 --receding-horizon 2 --num-samples 600 --n-steps 30 --source pretrained --encoder-id quentinll/lewm-cube --h5 "$CUBE_H5" --device cuda --start final --goal-offset 75 --eval-budget 150 --num-eval 128 --seed 45 --cem-seed 45 --episode-min 8000
898	cube	mppi_router	75	45	logs/rbH_cube_mppi_router_t75_seed45.log	python -m surveyor.envs.cube.eval --solver mppi --subgoal router+surveyor --gdm-ckpt gdm_cube_s10_gc.pt --gdm-steps 3 --accept-tau 0.20 --horizon 2 --receding-horizon 2 --num-samples 600 --n-steps 30 --source pretrained --encoder-id quentinll/lewm-cube --h5 "$CUBE_H5" --device cuda --start final --goal-offset 75 --eval-budget 150 --num-eval 128 --seed 45 --cem-seed 45 --episode-min 8000
899	cube	mppi_blindk	75	45	logs/rbH_cube_mppi_blindk_t75_seed45.log	python -m surveyor.envs.cube.eval --solver mppi --subgoal surveyor --gdm-ckpt gdm_cube_s10_gc.pt --gdm-steps 3 --accept-tau 999 --horizon 2 --receding-horizon 2 --num-samples 600 --n-steps 30 --source pretrained --encoder-id quentinll/lewm-cube --h5 "$CUBE_H5" --device cuda --start final --goal-offset 75 --eval-budget 150 --num-eval 128 --seed 45 --cem-seed 45 --episode-min 8000
900	cube	flat_rh5	75	46	logs/rbH_cube_flat_rh5_t75_seed46.log	python -m surveyor.envs.cube.eval --subgoal flat --horizon 5 --receding-horizon 5 --num-samples 600 --n-steps 30 --source pretrained --encoder-id quentinll/lewm-cube --h5 "$CUBE_H5" --device cuda --start final --goal-offset 75 --eval-budget 150 --num-eval 128 --seed 46 --cem-seed 46 --episode-min 8000
901	cube	ffjepa_s10k3	75	46	logs/rbH_cube_ffjepa_s10k3_t75_seed46.log	python -m surveyor.envs.cube.eval --subgoal ffjepa --gdm-ckpt gdm_cube_s10_gc.pt --gdm-steps 3 --horizon 2 --receding-horizon 2 --num-samples 600 --n-steps 30 --source pretrained --encoder-id quentinll/lewm-cube --h5 "$CUBE_H5" --device cuda --start final --goal-offset 75 --eval-budget 150 --num-eval 128 --seed 46 --cem-seed 46 --episode-min 8000
902	cube	surveyor	75	46	logs/rbH_cube_surveyor_t75_seed46.log	python -m surveyor.envs.cube.eval --subgoal surveyor --gdm-ckpt gdm_cube_s10_gc.pt --gdm-steps 3 --accept-tau 0.20 --horizon 2 --receding-horizon 2 --num-samples 600 --n-steps 30 --source pretrained --encoder-id quentinll/lewm-cube --h5 "$CUBE_H5" --device cuda --start final --goal-offset 75 --eval-budget 150 --num-eval 128 --seed 46 --cem-seed 46 --episode-min 8000
903	cube	router	75	46	logs/rbH_cube_router_t75_seed46.log	python -m surveyor.envs.cube.eval --subgoal router+surveyor --gdm-ckpt gdm_cube_s10_gc.pt --gdm-steps 3 --accept-tau 0.20 --horizon 2 --receding-horizon 2 --num-samples 600 --n-steps 30 --source pretrained --encoder-id quentinll/lewm-cube --h5 "$CUBE_H5" --device cuda --start final --goal-offset 75 --eval-budget 150 --num-eval 128 --seed 46 --cem-seed 46 --episode-min 8000
904	cube	blindk	75	46	logs/rbH_cube_blindk_t75_seed46.log	python -m surveyor.envs.cube.eval --subgoal surveyor --gdm-ckpt gdm_cube_s10_gc.pt --gdm-steps 3 --accept-tau 999 --horizon 2 --receding-horizon 2 --num-samples 600 --n-steps 30 --source pretrained --encoder-id quentinll/lewm-cube --h5 "$CUBE_H5" --device cuda --start final --goal-offset 75 --eval-budget 150 --num-eval 128 --seed 46 --cem-seed 46 --episode-min 8000
905	cube	gcidm	75	46	logs/rbH_cube_gcidm_t75_seed46.log	python -m surveyor.envs.cube.eval --subgoal gcidm --gcidm-ckpt gcidm_cube_h150.pt --source pretrained --encoder-id quentinll/lewm-cube --h5 "$CUBE_H5" --device cuda --start final --goal-offset 75 --eval-budget 150 --num-eval 128 --seed 46 --cem-seed 46 --episode-min 8000
906	cube	gcidm_surv	75	46	logs/rbH_cube_gcidm_surv_t75_seed46.log	python -m surveyor.envs.cube.eval --subgoal gcidm+surveyor --gcidm-ckpt gcidm_cube_h150.pt --gdm-ckpt gdm_cube_s10_gc.pt --gdm-steps 3 --accept-tau 0.20 --sg-steps 10 --goal-gate --source pretrained --encoder-id quentinll/lewm-cube --h5 "$CUBE_H5" --device cuda --start final --goal-offset 75 --eval-budget 150 --num-eval 128 --seed 46 --cem-seed 46 --episode-min 8000
907	cube	gcidm_every	75	46	logs/rbH_cube_gcidm_every_t75_seed46.log	python -m surveyor.envs.cube.eval --subgoal gcidm+surveyor --gcidm-ckpt gcidm_cube_h150.pt --gdm-ckpt gdm_cube_s10_gc.pt --gdm-steps 3 --accept-tau 0.0 --sg-steps 10 --source pretrained --encoder-id quentinll/lewm-cube --h5 "$CUBE_H5" --device cuda --start final --goal-offset 75 --eval-budget 150 --num-eval 128 --seed 46 --cem-seed 46 --episode-min 8000
908	cube	gcidm_blind	75	46	logs/rbH_cube_gcidm_blind_t75_seed46.log	python -m surveyor.envs.cube.eval --subgoal gcidm+surveyor --gcidm-ckpt gcidm_cube_h150.pt --gdm-ckpt gdm_cube_s10_gc.pt --gdm-steps 3 --accept-tau 999 --sg-steps 10 --source pretrained --encoder-id quentinll/lewm-cube --h5 "$CUBE_H5" --device cuda --start final --goal-offset 75 --eval-budget 150 --num-eval 128 --seed 46 --cem-seed 46 --episode-min 8000
909	cube	icem_flat_rh5	75	46	logs/rbH_cube_icem_flat_rh5_t75_seed46.log	python -m surveyor.envs.cube.eval --solver icem --subgoal flat --horizon 5 --receding-horizon 5 --num-samples 600 --n-steps 30 --source pretrained --encoder-id quentinll/lewm-cube --h5 "$CUBE_H5" --device cuda --start final --goal-offset 75 --eval-budget 150 --num-eval 128 --seed 46 --cem-seed 46 --episode-min 8000
910	cube	icem_ffjepa_s10k3	75	46	logs/rbH_cube_icem_ffjepa_s10k3_t75_seed46.log	python -m surveyor.envs.cube.eval --solver icem --subgoal ffjepa --gdm-ckpt gdm_cube_s10_gc.pt --gdm-steps 3 --horizon 2 --receding-horizon 2 --num-samples 600 --n-steps 30 --source pretrained --encoder-id quentinll/lewm-cube --h5 "$CUBE_H5" --device cuda --start final --goal-offset 75 --eval-budget 150 --num-eval 128 --seed 46 --cem-seed 46 --episode-min 8000
911	cube	icem_surveyor	75	46	logs/rbH_cube_icem_surveyor_t75_seed46.log	python -m surveyor.envs.cube.eval --solver icem --subgoal surveyor --gdm-ckpt gdm_cube_s10_gc.pt --gdm-steps 3 --accept-tau 0.20 --horizon 2 --receding-horizon 2 --num-samples 600 --n-steps 30 --source pretrained --encoder-id quentinll/lewm-cube --h5 "$CUBE_H5" --device cuda --start final --goal-offset 75 --eval-budget 150 --num-eval 128 --seed 46 --cem-seed 46 --episode-min 8000
912	cube	icem_router	75	46	logs/rbH_cube_icem_router_t75_seed46.log	python -m surveyor.envs.cube.eval --solver icem --subgoal router+surveyor --gdm-ckpt gdm_cube_s10_gc.pt --gdm-steps 3 --accept-tau 0.20 --horizon 2 --receding-horizon 2 --num-samples 600 --n-steps 30 --source pretrained --encoder-id quentinll/lewm-cube --h5 "$CUBE_H5" --device cuda --start final --goal-offset 75 --eval-budget 150 --num-eval 128 --seed 46 --cem-seed 46 --episode-min 8000
913	cube	icem_blindk	75	46	logs/rbH_cube_icem_blindk_t75_seed46.log	python -m surveyor.envs.cube.eval --solver icem --subgoal surveyor --gdm-ckpt gdm_cube_s10_gc.pt --gdm-steps 3 --accept-tau 999 --horizon 2 --receding-horizon 2 --num-samples 600 --n-steps 30 --source pretrained --encoder-id quentinll/lewm-cube --h5 "$CUBE_H5" --device cuda --start final --goal-offset 75 --eval-budget 150 --num-eval 128 --seed 46 --cem-seed 46 --episode-min 8000
914	cube	mppi_flat_rh5	75	46	logs/rbH_cube_mppi_flat_rh5_t75_seed46.log	python -m surveyor.envs.cube.eval --solver mppi --subgoal flat --horizon 5 --receding-horizon 5 --num-samples 600 --n-steps 30 --source pretrained --encoder-id quentinll/lewm-cube --h5 "$CUBE_H5" --device cuda --start final --goal-offset 75 --eval-budget 150 --num-eval 128 --seed 46 --cem-seed 46 --episode-min 8000
915	cube	mppi_ffjepa_s10k3	75	46	logs/rbH_cube_mppi_ffjepa_s10k3_t75_seed46.log	python -m surveyor.envs.cube.eval --solver mppi --subgoal ffjepa --gdm-ckpt gdm_cube_s10_gc.pt --gdm-steps 3 --horizon 2 --receding-horizon 2 --num-samples 600 --n-steps 30 --source pretrained --encoder-id quentinll/lewm-cube --h5 "$CUBE_H5" --device cuda --start final --goal-offset 75 --eval-budget 150 --num-eval 128 --seed 46 --cem-seed 46 --episode-min 8000
916	cube	mppi_surveyor	75	46	logs/rbH_cube_mppi_surveyor_t75_seed46.log	python -m surveyor.envs.cube.eval --solver mppi --subgoal surveyor --gdm-ckpt gdm_cube_s10_gc.pt --gdm-steps 3 --accept-tau 0.20 --horizon 2 --receding-horizon 2 --num-samples 600 --n-steps 30 --source pretrained --encoder-id quentinll/lewm-cube --h5 "$CUBE_H5" --device cuda --start final --goal-offset 75 --eval-budget 150 --num-eval 128 --seed 46 --cem-seed 46 --episode-min 8000
917	cube	mppi_router	75	46	logs/rbH_cube_mppi_router_t75_seed46.log	python -m surveyor.envs.cube.eval --solver mppi --subgoal router+surveyor --gdm-ckpt gdm_cube_s10_gc.pt --gdm-steps 3 --accept-tau 0.20 --horizon 2 --receding-horizon 2 --num-samples 600 --n-steps 30 --source pretrained --encoder-id quentinll/lewm-cube --h5 "$CUBE_H5" --device cuda --start final --goal-offset 75 --eval-budget 150 --num-eval 128 --seed 46 --cem-seed 46 --episode-min 8000
918	cube	mppi_blindk	75	46	logs/rbH_cube_mppi_blindk_t75_seed46.log	python -m surveyor.envs.cube.eval --solver mppi --subgoal surveyor --gdm-ckpt gdm_cube_s10_gc.pt --gdm-steps 3 --accept-tau 999 --horizon 2 --receding-horizon 2 --num-samples 600 --n-steps 30 --source pretrained --encoder-id quentinll/lewm-cube --h5 "$CUBE_H5" --device cuda --start final --goal-offset 75 --eval-budget 150 --num-eval 128 --seed 46 --cem-seed 46 --episode-min 8000
919	cube	flat_rh5	75	47	logs/rbH_cube_flat_rh5_t75_seed47.log	python -m surveyor.envs.cube.eval --subgoal flat --horizon 5 --receding-horizon 5 --num-samples 600 --n-steps 30 --source pretrained --encoder-id quentinll/lewm-cube --h5 "$CUBE_H5" --device cuda --start final --goal-offset 75 --eval-budget 150 --num-eval 128 --seed 47 --cem-seed 47 --episode-min 8000
920	cube	ffjepa_s10k3	75	47	logs/rbH_cube_ffjepa_s10k3_t75_seed47.log	python -m surveyor.envs.cube.eval --subgoal ffjepa --gdm-ckpt gdm_cube_s10_gc.pt --gdm-steps 3 --horizon 2 --receding-horizon 2 --num-samples 600 --n-steps 30 --source pretrained --encoder-id quentinll/lewm-cube --h5 "$CUBE_H5" --device cuda --start final --goal-offset 75 --eval-budget 150 --num-eval 128 --seed 47 --cem-seed 47 --episode-min 8000
921	cube	surveyor	75	47	logs/rbH_cube_surveyor_t75_seed47.log	python -m surveyor.envs.cube.eval --subgoal surveyor --gdm-ckpt gdm_cube_s10_gc.pt --gdm-steps 3 --accept-tau 0.20 --horizon 2 --receding-horizon 2 --num-samples 600 --n-steps 30 --source pretrained --encoder-id quentinll/lewm-cube --h5 "$CUBE_H5" --device cuda --start final --goal-offset 75 --eval-budget 150 --num-eval 128 --seed 47 --cem-seed 47 --episode-min 8000
922	cube	router	75	47	logs/rbH_cube_router_t75_seed47.log	python -m surveyor.envs.cube.eval --subgoal router+surveyor --gdm-ckpt gdm_cube_s10_gc.pt --gdm-steps 3 --accept-tau 0.20 --horizon 2 --receding-horizon 2 --num-samples 600 --n-steps 30 --source pretrained --encoder-id quentinll/lewm-cube --h5 "$CUBE_H5" --device cuda --start final --goal-offset 75 --eval-budget 150 --num-eval 128 --seed 47 --cem-seed 47 --episode-min 8000
923	cube	blindk	75	47	logs/rbH_cube_blindk_t75_seed47.log	python -m surveyor.envs.cube.eval --subgoal surveyor --gdm-ckpt gdm_cube_s10_gc.pt --gdm-steps 3 --accept-tau 999 --horizon 2 --receding-horizon 2 --num-samples 600 --n-steps 30 --source pretrained --encoder-id quentinll/lewm-cube --h5 "$CUBE_H5" --device cuda --start final --goal-offset 75 --eval-budget 150 --num-eval 128 --seed 47 --cem-seed 47 --episode-min 8000
924	cube	gcidm	75	47	logs/rbH_cube_gcidm_t75_seed47.log	python -m surveyor.envs.cube.eval --subgoal gcidm --gcidm-ckpt gcidm_cube_h150.pt --source pretrained --encoder-id quentinll/lewm-cube --h5 "$CUBE_H5" --device cuda --start final --goal-offset 75 --eval-budget 150 --num-eval 128 --seed 47 --cem-seed 47 --episode-min 8000
925	cube	gcidm_surv	75	47	logs/rbH_cube_gcidm_surv_t75_seed47.log	python -m surveyor.envs.cube.eval --subgoal gcidm+surveyor --gcidm-ckpt gcidm_cube_h150.pt --gdm-ckpt gdm_cube_s10_gc.pt --gdm-steps 3 --accept-tau 0.20 --sg-steps 10 --goal-gate --source pretrained --encoder-id quentinll/lewm-cube --h5 "$CUBE_H5" --device cuda --start final --goal-offset 75 --eval-budget 150 --num-eval 128 --seed 47 --cem-seed 47 --episode-min 8000
926	cube	gcidm_every	75	47	logs/rbH_cube_gcidm_every_t75_seed47.log	python -m surveyor.envs.cube.eval --subgoal gcidm+surveyor --gcidm-ckpt gcidm_cube_h150.pt --gdm-ckpt gdm_cube_s10_gc.pt --gdm-steps 3 --accept-tau 0.0 --sg-steps 10 --source pretrained --encoder-id quentinll/lewm-cube --h5 "$CUBE_H5" --device cuda --start final --goal-offset 75 --eval-budget 150 --num-eval 128 --seed 47 --cem-seed 47 --episode-min 8000
927	cube	gcidm_blind	75	47	logs/rbH_cube_gcidm_blind_t75_seed47.log	python -m surveyor.envs.cube.eval --subgoal gcidm+surveyor --gcidm-ckpt gcidm_cube_h150.pt --gdm-ckpt gdm_cube_s10_gc.pt --gdm-steps 3 --accept-tau 999 --sg-steps 10 --source pretrained --encoder-id quentinll/lewm-cube --h5 "$CUBE_H5" --device cuda --start final --goal-offset 75 --eval-budget 150 --num-eval 128 --seed 47 --cem-seed 47 --episode-min 8000
928	cube	icem_flat_rh5	75	47	logs/rbH_cube_icem_flat_rh5_t75_seed47.log	python -m surveyor.envs.cube.eval --solver icem --subgoal flat --horizon 5 --receding-horizon 5 --num-samples 600 --n-steps 30 --source pretrained --encoder-id quentinll/lewm-cube --h5 "$CUBE_H5" --device cuda --start final --goal-offset 75 --eval-budget 150 --num-eval 128 --seed 47 --cem-seed 47 --episode-min 8000
929	cube	icem_ffjepa_s10k3	75	47	logs/rbH_cube_icem_ffjepa_s10k3_t75_seed47.log	python -m surveyor.envs.cube.eval --solver icem --subgoal ffjepa --gdm-ckpt gdm_cube_s10_gc.pt --gdm-steps 3 --horizon 2 --receding-horizon 2 --num-samples 600 --n-steps 30 --source pretrained --encoder-id quentinll/lewm-cube --h5 "$CUBE_H5" --device cuda --start final --goal-offset 75 --eval-budget 150 --num-eval 128 --seed 47 --cem-seed 47 --episode-min 8000
930	cube	icem_surveyor	75	47	logs/rbH_cube_icem_surveyor_t75_seed47.log	python -m surveyor.envs.cube.eval --solver icem --subgoal surveyor --gdm-ckpt gdm_cube_s10_gc.pt --gdm-steps 3 --accept-tau 0.20 --horizon 2 --receding-horizon 2 --num-samples 600 --n-steps 30 --source pretrained --encoder-id quentinll/lewm-cube --h5 "$CUBE_H5" --device cuda --start final --goal-offset 75 --eval-budget 150 --num-eval 128 --seed 47 --cem-seed 47 --episode-min 8000
931	cube	icem_router	75	47	logs/rbH_cube_icem_router_t75_seed47.log	python -m surveyor.envs.cube.eval --solver icem --subgoal router+surveyor --gdm-ckpt gdm_cube_s10_gc.pt --gdm-steps 3 --accept-tau 0.20 --horizon 2 --receding-horizon 2 --num-samples 600 --n-steps 30 --source pretrained --encoder-id quentinll/lewm-cube --h5 "$CUBE_H5" --device cuda --start final --goal-offset 75 --eval-budget 150 --num-eval 128 --seed 47 --cem-seed 47 --episode-min 8000
932	cube	icem_blindk	75	47	logs/rbH_cube_icem_blindk_t75_seed47.log	python -m surveyor.envs.cube.eval --solver icem --subgoal surveyor --gdm-ckpt gdm_cube_s10_gc.pt --gdm-steps 3 --accept-tau 999 --horizon 2 --receding-horizon 2 --num-samples 600 --n-steps 30 --source pretrained --encoder-id quentinll/lewm-cube --h5 "$CUBE_H5" --device cuda --start final --goal-offset 75 --eval-budget 150 --num-eval 128 --seed 47 --cem-seed 47 --episode-min 8000
933	cube	mppi_flat_rh5	75	47	logs/rbH_cube_mppi_flat_rh5_t75_seed47.log	python -m surveyor.envs.cube.eval --solver mppi --subgoal flat --horizon 5 --receding-horizon 5 --num-samples 600 --n-steps 30 --source pretrained --encoder-id quentinll/lewm-cube --h5 "$CUBE_H5" --device cuda --start final --goal-offset 75 --eval-budget 150 --num-eval 128 --seed 47 --cem-seed 47 --episode-min 8000
934	cube	mppi_ffjepa_s10k3	75	47	logs/rbH_cube_mppi_ffjepa_s10k3_t75_seed47.log	python -m surveyor.envs.cube.eval --solver mppi --subgoal ffjepa --gdm-ckpt gdm_cube_s10_gc.pt --gdm-steps 3 --horizon 2 --receding-horizon 2 --num-samples 600 --n-steps 30 --source pretrained --encoder-id quentinll/lewm-cube --h5 "$CUBE_H5" --device cuda --start final --goal-offset 75 --eval-budget 150 --num-eval 128 --seed 47 --cem-seed 47 --episode-min 8000
935	cube	mppi_surveyor	75	47	logs/rbH_cube_mppi_surveyor_t75_seed47.log	python -m surveyor.envs.cube.eval --solver mppi --subgoal surveyor --gdm-ckpt gdm_cube_s10_gc.pt --gdm-steps 3 --accept-tau 0.20 --horizon 2 --receding-horizon 2 --num-samples 600 --n-steps 30 --source pretrained --encoder-id quentinll/lewm-cube --h5 "$CUBE_H5" --device cuda --start final --goal-offset 75 --eval-budget 150 --num-eval 128 --seed 47 --cem-seed 47 --episode-min 8000
936	cube	mppi_router	75	47	logs/rbH_cube_mppi_router_t75_seed47.log	python -m surveyor.envs.cube.eval --solver mppi --subgoal router+surveyor --gdm-ckpt gdm_cube_s10_gc.pt --gdm-steps 3 --accept-tau 0.20 --horizon 2 --receding-horizon 2 --num-samples 600 --n-steps 30 --source pretrained --encoder-id quentinll/lewm-cube --h5 "$CUBE_H5" --device cuda --start final --goal-offset 75 --eval-budget 150 --num-eval 128 --seed 47 --cem-seed 47 --episode-min 8000
937	cube	mppi_blindk	75	47	logs/rbH_cube_mppi_blindk_t75_seed47.log	python -m surveyor.envs.cube.eval --solver mppi --subgoal surveyor --gdm-ckpt gdm_cube_s10_gc.pt --gdm-steps 3 --accept-tau 999 --horizon 2 --receding-horizon 2 --num-samples 600 --n-steps 30 --source pretrained --encoder-id quentinll/lewm-cube --h5 "$CUBE_H5" --device cuda --start final --goal-offset 75 --eval-budget 150 --num-eval 128 --seed 47 --cem-seed 47 --episode-min 8000
938	cube	flat_rh5	75	48	logs/rbH_cube_flat_rh5_t75_seed48.log	python -m surveyor.envs.cube.eval --subgoal flat --horizon 5 --receding-horizon 5 --num-samples 600 --n-steps 30 --source pretrained --encoder-id quentinll/lewm-cube --h5 "$CUBE_H5" --device cuda --start final --goal-offset 75 --eval-budget 150 --num-eval 128 --seed 48 --cem-seed 48 --episode-min 8000
939	cube	ffjepa_s10k3	75	48	logs/rbH_cube_ffjepa_s10k3_t75_seed48.log	python -m surveyor.envs.cube.eval --subgoal ffjepa --gdm-ckpt gdm_cube_s10_gc.pt --gdm-steps 3 --horizon 2 --receding-horizon 2 --num-samples 600 --n-steps 30 --source pretrained --encoder-id quentinll/lewm-cube --h5 "$CUBE_H5" --device cuda --start final --goal-offset 75 --eval-budget 150 --num-eval 128 --seed 48 --cem-seed 48 --episode-min 8000
940	cube	surveyor	75	48	logs/rbH_cube_surveyor_t75_seed48.log	python -m surveyor.envs.cube.eval --subgoal surveyor --gdm-ckpt gdm_cube_s10_gc.pt --gdm-steps 3 --accept-tau 0.20 --horizon 2 --receding-horizon 2 --num-samples 600 --n-steps 30 --source pretrained --encoder-id quentinll/lewm-cube --h5 "$CUBE_H5" --device cuda --start final --goal-offset 75 --eval-budget 150 --num-eval 128 --seed 48 --cem-seed 48 --episode-min 8000
941	cube	router	75	48	logs/rbH_cube_router_t75_seed48.log	python -m surveyor.envs.cube.eval --subgoal router+surveyor --gdm-ckpt gdm_cube_s10_gc.pt --gdm-steps 3 --accept-tau 0.20 --horizon 2 --receding-horizon 2 --num-samples 600 --n-steps 30 --source pretrained --encoder-id quentinll/lewm-cube --h5 "$CUBE_H5" --device cuda --start final --goal-offset 75 --eval-budget 150 --num-eval 128 --seed 48 --cem-seed 48 --episode-min 8000
942	cube	blindk	75	48	logs/rbH_cube_blindk_t75_seed48.log	python -m surveyor.envs.cube.eval --subgoal surveyor --gdm-ckpt gdm_cube_s10_gc.pt --gdm-steps 3 --accept-tau 999 --horizon 2 --receding-horizon 2 --num-samples 600 --n-steps 30 --source pretrained --encoder-id quentinll/lewm-cube --h5 "$CUBE_H5" --device cuda --start final --goal-offset 75 --eval-budget 150 --num-eval 128 --seed 48 --cem-seed 48 --episode-min 8000
943	cube	gcidm	75	48	logs/rbH_cube_gcidm_t75_seed48.log	python -m surveyor.envs.cube.eval --subgoal gcidm --gcidm-ckpt gcidm_cube_h150.pt --source pretrained --encoder-id quentinll/lewm-cube --h5 "$CUBE_H5" --device cuda --start final --goal-offset 75 --eval-budget 150 --num-eval 128 --seed 48 --cem-seed 48 --episode-min 8000
944	cube	gcidm_surv	75	48	logs/rbH_cube_gcidm_surv_t75_seed48.log	python -m surveyor.envs.cube.eval --subgoal gcidm+surveyor --gcidm-ckpt gcidm_cube_h150.pt --gdm-ckpt gdm_cube_s10_gc.pt --gdm-steps 3 --accept-tau 0.20 --sg-steps 10 --goal-gate --source pretrained --encoder-id quentinll/lewm-cube --h5 "$CUBE_H5" --device cuda --start final --goal-offset 75 --eval-budget 150 --num-eval 128 --seed 48 --cem-seed 48 --episode-min 8000
945	cube	gcidm_every	75	48	logs/rbH_cube_gcidm_every_t75_seed48.log	python -m surveyor.envs.cube.eval --subgoal gcidm+surveyor --gcidm-ckpt gcidm_cube_h150.pt --gdm-ckpt gdm_cube_s10_gc.pt --gdm-steps 3 --accept-tau 0.0 --sg-steps 10 --source pretrained --encoder-id quentinll/lewm-cube --h5 "$CUBE_H5" --device cuda --start final --goal-offset 75 --eval-budget 150 --num-eval 128 --seed 48 --cem-seed 48 --episode-min 8000
946	cube	gcidm_blind	75	48	logs/rbH_cube_gcidm_blind_t75_seed48.log	python -m surveyor.envs.cube.eval --subgoal gcidm+surveyor --gcidm-ckpt gcidm_cube_h150.pt --gdm-ckpt gdm_cube_s10_gc.pt --gdm-steps 3 --accept-tau 999 --sg-steps 10 --source pretrained --encoder-id quentinll/lewm-cube --h5 "$CUBE_H5" --device cuda --start final --goal-offset 75 --eval-budget 150 --num-eval 128 --seed 48 --cem-seed 48 --episode-min 8000
947	cube	icem_flat_rh5	75	48	logs/rbH_cube_icem_flat_rh5_t75_seed48.log	python -m surveyor.envs.cube.eval --solver icem --subgoal flat --horizon 5 --receding-horizon 5 --num-samples 600 --n-steps 30 --source pretrained --encoder-id quentinll/lewm-cube --h5 "$CUBE_H5" --device cuda --start final --goal-offset 75 --eval-budget 150 --num-eval 128 --seed 48 --cem-seed 48 --episode-min 8000
948	cube	icem_ffjepa_s10k3	75	48	logs/rbH_cube_icem_ffjepa_s10k3_t75_seed48.log	python -m surveyor.envs.cube.eval --solver icem --subgoal ffjepa --gdm-ckpt gdm_cube_s10_gc.pt --gdm-steps 3 --horizon 2 --receding-horizon 2 --num-samples 600 --n-steps 30 --source pretrained --encoder-id quentinll/lewm-cube --h5 "$CUBE_H5" --device cuda --start final --goal-offset 75 --eval-budget 150 --num-eval 128 --seed 48 --cem-seed 48 --episode-min 8000
949	cube	icem_surveyor	75	48	logs/rbH_cube_icem_surveyor_t75_seed48.log	python -m surveyor.envs.cube.eval --solver icem --subgoal surveyor --gdm-ckpt gdm_cube_s10_gc.pt --gdm-steps 3 --accept-tau 0.20 --horizon 2 --receding-horizon 2 --num-samples 600 --n-steps 30 --source pretrained --encoder-id quentinll/lewm-cube --h5 "$CUBE_H5" --device cuda --start final --goal-offset 75 --eval-budget 150 --num-eval 128 --seed 48 --cem-seed 48 --episode-min 8000
950	cube	icem_router	75	48	logs/rbH_cube_icem_router_t75_seed48.log	python -m surveyor.envs.cube.eval --solver icem --subgoal router+surveyor --gdm-ckpt gdm_cube_s10_gc.pt --gdm-steps 3 --accept-tau 0.20 --horizon 2 --receding-horizon 2 --num-samples 600 --n-steps 30 --source pretrained --encoder-id quentinll/lewm-cube --h5 "$CUBE_H5" --device cuda --start final --goal-offset 75 --eval-budget 150 --num-eval 128 --seed 48 --cem-seed 48 --episode-min 8000
951	cube	icem_blindk	75	48	logs/rbH_cube_icem_blindk_t75_seed48.log	python -m surveyor.envs.cube.eval --solver icem --subgoal surveyor --gdm-ckpt gdm_cube_s10_gc.pt --gdm-steps 3 --accept-tau 999 --horizon 2 --receding-horizon 2 --num-samples 600 --n-steps 30 --source pretrained --encoder-id quentinll/lewm-cube --h5 "$CUBE_H5" --device cuda --start final --goal-offset 75 --eval-budget 150 --num-eval 128 --seed 48 --cem-seed 48 --episode-min 8000
952	cube	mppi_flat_rh5	75	48	logs/rbH_cube_mppi_flat_rh5_t75_seed48.log	python -m surveyor.envs.cube.eval --solver mppi --subgoal flat --horizon 5 --receding-horizon 5 --num-samples 600 --n-steps 30 --source pretrained --encoder-id quentinll/lewm-cube --h5 "$CUBE_H5" --device cuda --start final --goal-offset 75 --eval-budget 150 --num-eval 128 --seed 48 --cem-seed 48 --episode-min 8000
953	cube	mppi_ffjepa_s10k3	75	48	logs/rbH_cube_mppi_ffjepa_s10k3_t75_seed48.log	python -m surveyor.envs.cube.eval --solver mppi --subgoal ffjepa --gdm-ckpt gdm_cube_s10_gc.pt --gdm-steps 3 --horizon 2 --receding-horizon 2 --num-samples 600 --n-steps 30 --source pretrained --encoder-id quentinll/lewm-cube --h5 "$CUBE_H5" --device cuda --start final --goal-offset 75 --eval-budget 150 --num-eval 128 --seed 48 --cem-seed 48 --episode-min 8000
954	cube	mppi_surveyor	75	48	logs/rbH_cube_mppi_surveyor_t75_seed48.log	python -m surveyor.envs.cube.eval --solver mppi --subgoal surveyor --gdm-ckpt gdm_cube_s10_gc.pt --gdm-steps 3 --accept-tau 0.20 --horizon 2 --receding-horizon 2 --num-samples 600 --n-steps 30 --source pretrained --encoder-id quentinll/lewm-cube --h5 "$CUBE_H5" --device cuda --start final --goal-offset 75 --eval-budget 150 --num-eval 128 --seed 48 --cem-seed 48 --episode-min 8000
955	cube	mppi_router	75	48	logs/rbH_cube_mppi_router_t75_seed48.log	python -m surveyor.envs.cube.eval --solver mppi --subgoal router+surveyor --gdm-ckpt gdm_cube_s10_gc.pt --gdm-steps 3 --accept-tau 0.20 --horizon 2 --receding-horizon 2 --num-samples 600 --n-steps 30 --source pretrained --encoder-id quentinll/lewm-cube --h5 "$CUBE_H5" --device cuda --start final --goal-offset 75 --eval-budget 150 --num-eval 128 --seed 48 --cem-seed 48 --episode-min 8000
956	cube	mppi_blindk	75	48	logs/rbH_cube_mppi_blindk_t75_seed48.log	python -m surveyor.envs.cube.eval --solver mppi --subgoal surveyor --gdm-ckpt gdm_cube_s10_gc.pt --gdm-steps 3 --accept-tau 999 --horizon 2 --receding-horizon 2 --num-samples 600 --n-steps 30 --source pretrained --encoder-id quentinll/lewm-cube --h5 "$CUBE_H5" --device cuda --start final --goal-offset 75 --eval-budget 150 --num-eval 128 --seed 48 --cem-seed 48 --episode-min 8000
957	cube	flat_rh5	75	49	logs/rbH_cube_flat_rh5_t75_seed49.log	python -m surveyor.envs.cube.eval --subgoal flat --horizon 5 --receding-horizon 5 --num-samples 600 --n-steps 30 --source pretrained --encoder-id quentinll/lewm-cube --h5 "$CUBE_H5" --device cuda --start final --goal-offset 75 --eval-budget 150 --num-eval 128 --seed 49 --cem-seed 49 --episode-min 8000
958	cube	ffjepa_s10k3	75	49	logs/rbH_cube_ffjepa_s10k3_t75_seed49.log	python -m surveyor.envs.cube.eval --subgoal ffjepa --gdm-ckpt gdm_cube_s10_gc.pt --gdm-steps 3 --horizon 2 --receding-horizon 2 --num-samples 600 --n-steps 30 --source pretrained --encoder-id quentinll/lewm-cube --h5 "$CUBE_H5" --device cuda --start final --goal-offset 75 --eval-budget 150 --num-eval 128 --seed 49 --cem-seed 49 --episode-min 8000
959	cube	surveyor	75	49	logs/rbH_cube_surveyor_t75_seed49.log	python -m surveyor.envs.cube.eval --subgoal surveyor --gdm-ckpt gdm_cube_s10_gc.pt --gdm-steps 3 --accept-tau 0.20 --horizon 2 --receding-horizon 2 --num-samples 600 --n-steps 30 --source pretrained --encoder-id quentinll/lewm-cube --h5 "$CUBE_H5" --device cuda --start final --goal-offset 75 --eval-budget 150 --num-eval 128 --seed 49 --cem-seed 49 --episode-min 8000
960	cube	router	75	49	logs/rbH_cube_router_t75_seed49.log	python -m surveyor.envs.cube.eval --subgoal router+surveyor --gdm-ckpt gdm_cube_s10_gc.pt --gdm-steps 3 --accept-tau 0.20 --horizon 2 --receding-horizon 2 --num-samples 600 --n-steps 30 --source pretrained --encoder-id quentinll/lewm-cube --h5 "$CUBE_H5" --device cuda --start final --goal-offset 75 --eval-budget 150 --num-eval 128 --seed 49 --cem-seed 49 --episode-min 8000
961	cube	blindk	75	49	logs/rbH_cube_blindk_t75_seed49.log	python -m surveyor.envs.cube.eval --subgoal surveyor --gdm-ckpt gdm_cube_s10_gc.pt --gdm-steps 3 --accept-tau 999 --horizon 2 --receding-horizon 2 --num-samples 600 --n-steps 30 --source pretrained --encoder-id quentinll/lewm-cube --h5 "$CUBE_H5" --device cuda --start final --goal-offset 75 --eval-budget 150 --num-eval 128 --seed 49 --cem-seed 49 --episode-min 8000
962	cube	gcidm	75	49	logs/rbH_cube_gcidm_t75_seed49.log	python -m surveyor.envs.cube.eval --subgoal gcidm --gcidm-ckpt gcidm_cube_h150.pt --source pretrained --encoder-id quentinll/lewm-cube --h5 "$CUBE_H5" --device cuda --start final --goal-offset 75 --eval-budget 150 --num-eval 128 --seed 49 --cem-seed 49 --episode-min 8000
963	cube	gcidm_surv	75	49	logs/rbH_cube_gcidm_surv_t75_seed49.log	python -m surveyor.envs.cube.eval --subgoal gcidm+surveyor --gcidm-ckpt gcidm_cube_h150.pt --gdm-ckpt gdm_cube_s10_gc.pt --gdm-steps 3 --accept-tau 0.20 --sg-steps 10 --goal-gate --source pretrained --encoder-id quentinll/lewm-cube --h5 "$CUBE_H5" --device cuda --start final --goal-offset 75 --eval-budget 150 --num-eval 128 --seed 49 --cem-seed 49 --episode-min 8000
964	cube	gcidm_every	75	49	logs/rbH_cube_gcidm_every_t75_seed49.log	python -m surveyor.envs.cube.eval --subgoal gcidm+surveyor --gcidm-ckpt gcidm_cube_h150.pt --gdm-ckpt gdm_cube_s10_gc.pt --gdm-steps 3 --accept-tau 0.0 --sg-steps 10 --source pretrained --encoder-id quentinll/lewm-cube --h5 "$CUBE_H5" --device cuda --start final --goal-offset 75 --eval-budget 150 --num-eval 128 --seed 49 --cem-seed 49 --episode-min 8000
965	cube	gcidm_blind	75	49	logs/rbH_cube_gcidm_blind_t75_seed49.log	python -m surveyor.envs.cube.eval --subgoal gcidm+surveyor --gcidm-ckpt gcidm_cube_h150.pt --gdm-ckpt gdm_cube_s10_gc.pt --gdm-steps 3 --accept-tau 999 --sg-steps 10 --source pretrained --encoder-id quentinll/lewm-cube --h5 "$CUBE_H5" --device cuda --start final --goal-offset 75 --eval-budget 150 --num-eval 128 --seed 49 --cem-seed 49 --episode-min 8000
966	cube	icem_flat_rh5	75	49	logs/rbH_cube_icem_flat_rh5_t75_seed49.log	python -m surveyor.envs.cube.eval --solver icem --subgoal flat --horizon 5 --receding-horizon 5 --num-samples 600 --n-steps 30 --source pretrained --encoder-id quentinll/lewm-cube --h5 "$CUBE_H5" --device cuda --start final --goal-offset 75 --eval-budget 150 --num-eval 128 --seed 49 --cem-seed 49 --episode-min 8000
967	cube	icem_ffjepa_s10k3	75	49	logs/rbH_cube_icem_ffjepa_s10k3_t75_seed49.log	python -m surveyor.envs.cube.eval --solver icem --subgoal ffjepa --gdm-ckpt gdm_cube_s10_gc.pt --gdm-steps 3 --horizon 2 --receding-horizon 2 --num-samples 600 --n-steps 30 --source pretrained --encoder-id quentinll/lewm-cube --h5 "$CUBE_H5" --device cuda --start final --goal-offset 75 --eval-budget 150 --num-eval 128 --seed 49 --cem-seed 49 --episode-min 8000
968	cube	icem_surveyor	75	49	logs/rbH_cube_icem_surveyor_t75_seed49.log	python -m surveyor.envs.cube.eval --solver icem --subgoal surveyor --gdm-ckpt gdm_cube_s10_gc.pt --gdm-steps 3 --accept-tau 0.20 --horizon 2 --receding-horizon 2 --num-samples 600 --n-steps 30 --source pretrained --encoder-id quentinll/lewm-cube --h5 "$CUBE_H5" --device cuda --start final --goal-offset 75 --eval-budget 150 --num-eval 128 --seed 49 --cem-seed 49 --episode-min 8000
969	cube	icem_router	75	49	logs/rbH_cube_icem_router_t75_seed49.log	python -m surveyor.envs.cube.eval --solver icem --subgoal router+surveyor --gdm-ckpt gdm_cube_s10_gc.pt --gdm-steps 3 --accept-tau 0.20 --horizon 2 --receding-horizon 2 --num-samples 600 --n-steps 30 --source pretrained --encoder-id quentinll/lewm-cube --h5 "$CUBE_H5" --device cuda --start final --goal-offset 75 --eval-budget 150 --num-eval 128 --seed 49 --cem-seed 49 --episode-min 8000
970	cube	icem_blindk	75	49	logs/rbH_cube_icem_blindk_t75_seed49.log	python -m surveyor.envs.cube.eval --solver icem --subgoal surveyor --gdm-ckpt gdm_cube_s10_gc.pt --gdm-steps 3 --accept-tau 999 --horizon 2 --receding-horizon 2 --num-samples 600 --n-steps 30 --source pretrained --encoder-id quentinll/lewm-cube --h5 "$CUBE_H5" --device cuda --start final --goal-offset 75 --eval-budget 150 --num-eval 128 --seed 49 --cem-seed 49 --episode-min 8000
971	cube	mppi_flat_rh5	75	49	logs/rbH_cube_mppi_flat_rh5_t75_seed49.log	python -m surveyor.envs.cube.eval --solver mppi --subgoal flat --horizon 5 --receding-horizon 5 --num-samples 600 --n-steps 30 --source pretrained --encoder-id quentinll/lewm-cube --h5 "$CUBE_H5" --device cuda --start final --goal-offset 75 --eval-budget 150 --num-eval 128 --seed 49 --cem-seed 49 --episode-min 8000
972	cube	mppi_ffjepa_s10k3	75	49	logs/rbH_cube_mppi_ffjepa_s10k3_t75_seed49.log	python -m surveyor.envs.cube.eval --solver mppi --subgoal ffjepa --gdm-ckpt gdm_cube_s10_gc.pt --gdm-steps 3 --horizon 2 --receding-horizon 2 --num-samples 600 --n-steps 30 --source pretrained --encoder-id quentinll/lewm-cube --h5 "$CUBE_H5" --device cuda --start final --goal-offset 75 --eval-budget 150 --num-eval 128 --seed 49 --cem-seed 49 --episode-min 8000
973	cube	mppi_surveyor	75	49	logs/rbH_cube_mppi_surveyor_t75_seed49.log	python -m surveyor.envs.cube.eval --solver mppi --subgoal surveyor --gdm-ckpt gdm_cube_s10_gc.pt --gdm-steps 3 --accept-tau 0.20 --horizon 2 --receding-horizon 2 --num-samples 600 --n-steps 30 --source pretrained --encoder-id quentinll/lewm-cube --h5 "$CUBE_H5" --device cuda --start final --goal-offset 75 --eval-budget 150 --num-eval 128 --seed 49 --cem-seed 49 --episode-min 8000
974	cube	mppi_router	75	49	logs/rbH_cube_mppi_router_t75_seed49.log	python -m surveyor.envs.cube.eval --solver mppi --subgoal router+surveyor --gdm-ckpt gdm_cube_s10_gc.pt --gdm-steps 3 --accept-tau 0.20 --horizon 2 --receding-horizon 2 --num-samples 600 --n-steps 30 --source pretrained --encoder-id quentinll/lewm-cube --h5 "$CUBE_H5" --device cuda --start final --goal-offset 75 --eval-budget 150 --num-eval 128 --seed 49 --cem-seed 49 --episode-min 8000
975	cube	mppi_blindk	75	49	logs/rbH_cube_mppi_blindk_t75_seed49.log	python -m surveyor.envs.cube.eval --solver mppi --subgoal surveyor --gdm-ckpt gdm_cube_s10_gc.pt --gdm-steps 3 --accept-tau 999 --horizon 2 --receding-horizon 2 --num-samples 600 --n-steps 30 --source pretrained --encoder-id quentinll/lewm-cube --h5 "$CUBE_H5" --device cuda --start final --goal-offset 75 --eval-budget 150 --num-eval 128 --seed 49 --cem-seed 49 --episode-min 8000
976	cube	flat_rh5	100	42	logs/rbH_cube_flat_rh5_t100_seed42.log	python -m surveyor.envs.cube.eval --subgoal flat --horizon 5 --receding-horizon 5 --num-samples 600 --n-steps 30 --source pretrained --encoder-id quentinll/lewm-cube --h5 "$CUBE_H5" --device cuda --start final --goal-offset 100 --eval-budget 200 --num-eval 128 --seed 42 --cem-seed 42 --episode-min 8000
977	cube	ffjepa_s10k3	100	42	logs/rbH_cube_ffjepa_s10k3_t100_seed42.log	python -m surveyor.envs.cube.eval --subgoal ffjepa --gdm-ckpt gdm_cube_s10_gc.pt --gdm-steps 3 --horizon 2 --receding-horizon 2 --num-samples 600 --n-steps 30 --source pretrained --encoder-id quentinll/lewm-cube --h5 "$CUBE_H5" --device cuda --start final --goal-offset 100 --eval-budget 200 --num-eval 128 --seed 42 --cem-seed 42 --episode-min 8000
978	cube	surveyor	100	42	logs/rbH_cube_surveyor_t100_seed42.log	python -m surveyor.envs.cube.eval --subgoal surveyor --gdm-ckpt gdm_cube_s10_gc.pt --gdm-steps 3 --accept-tau 0.20 --horizon 2 --receding-horizon 2 --num-samples 600 --n-steps 30 --source pretrained --encoder-id quentinll/lewm-cube --h5 "$CUBE_H5" --device cuda --start final --goal-offset 100 --eval-budget 200 --num-eval 128 --seed 42 --cem-seed 42 --episode-min 8000
979	cube	router	100	42	logs/rbH_cube_router_t100_seed42.log	python -m surveyor.envs.cube.eval --subgoal router+surveyor --gdm-ckpt gdm_cube_s10_gc.pt --gdm-steps 3 --accept-tau 0.20 --horizon 2 --receding-horizon 2 --num-samples 600 --n-steps 30 --source pretrained --encoder-id quentinll/lewm-cube --h5 "$CUBE_H5" --device cuda --start final --goal-offset 100 --eval-budget 200 --num-eval 128 --seed 42 --cem-seed 42 --episode-min 8000
980	cube	blindk	100	42	logs/rbH_cube_blindk_t100_seed42.log	python -m surveyor.envs.cube.eval --subgoal surveyor --gdm-ckpt gdm_cube_s10_gc.pt --gdm-steps 3 --accept-tau 999 --horizon 2 --receding-horizon 2 --num-samples 600 --n-steps 30 --source pretrained --encoder-id quentinll/lewm-cube --h5 "$CUBE_H5" --device cuda --start final --goal-offset 100 --eval-budget 200 --num-eval 128 --seed 42 --cem-seed 42 --episode-min 8000
981	cube	gcidm	100	42	logs/rbH_cube_gcidm_t100_seed42.log	python -m surveyor.envs.cube.eval --subgoal gcidm --gcidm-ckpt gcidm_cube_h200.pt --source pretrained --encoder-id quentinll/lewm-cube --h5 "$CUBE_H5" --device cuda --start final --goal-offset 100 --eval-budget 200 --num-eval 128 --seed 42 --cem-seed 42 --episode-min 8000
982	cube	gcidm_surv	100	42	logs/rbH_cube_gcidm_surv_t100_seed42.log	python -m surveyor.envs.cube.eval --subgoal gcidm+surveyor --gcidm-ckpt gcidm_cube_h200.pt --gdm-ckpt gdm_cube_s10_gc.pt --gdm-steps 3 --accept-tau 0.20 --sg-steps 10 --goal-gate --source pretrained --encoder-id quentinll/lewm-cube --h5 "$CUBE_H5" --device cuda --start final --goal-offset 100 --eval-budget 200 --num-eval 128 --seed 42 --cem-seed 42 --episode-min 8000
983	cube	gcidm_every	100	42	logs/rbH_cube_gcidm_every_t100_seed42.log	python -m surveyor.envs.cube.eval --subgoal gcidm+surveyor --gcidm-ckpt gcidm_cube_h200.pt --gdm-ckpt gdm_cube_s10_gc.pt --gdm-steps 3 --accept-tau 0.0 --sg-steps 10 --source pretrained --encoder-id quentinll/lewm-cube --h5 "$CUBE_H5" --device cuda --start final --goal-offset 100 --eval-budget 200 --num-eval 128 --seed 42 --cem-seed 42 --episode-min 8000
984	cube	gcidm_blind	100	42	logs/rbH_cube_gcidm_blind_t100_seed42.log	python -m surveyor.envs.cube.eval --subgoal gcidm+surveyor --gcidm-ckpt gcidm_cube_h200.pt --gdm-ckpt gdm_cube_s10_gc.pt --gdm-steps 3 --accept-tau 999 --sg-steps 10 --source pretrained --encoder-id quentinll/lewm-cube --h5 "$CUBE_H5" --device cuda --start final --goal-offset 100 --eval-budget 200 --num-eval 128 --seed 42 --cem-seed 42 --episode-min 8000
985	cube	icem_flat_rh5	100	42	logs/rbH_cube_icem_flat_rh5_t100_seed42.log	python -m surveyor.envs.cube.eval --solver icem --subgoal flat --horizon 5 --receding-horizon 5 --num-samples 600 --n-steps 30 --source pretrained --encoder-id quentinll/lewm-cube --h5 "$CUBE_H5" --device cuda --start final --goal-offset 100 --eval-budget 200 --num-eval 128 --seed 42 --cem-seed 42 --episode-min 8000
986	cube	icem_ffjepa_s10k3	100	42	logs/rbH_cube_icem_ffjepa_s10k3_t100_seed42.log	python -m surveyor.envs.cube.eval --solver icem --subgoal ffjepa --gdm-ckpt gdm_cube_s10_gc.pt --gdm-steps 3 --horizon 2 --receding-horizon 2 --num-samples 600 --n-steps 30 --source pretrained --encoder-id quentinll/lewm-cube --h5 "$CUBE_H5" --device cuda --start final --goal-offset 100 --eval-budget 200 --num-eval 128 --seed 42 --cem-seed 42 --episode-min 8000
987	cube	icem_surveyor	100	42	logs/rbH_cube_icem_surveyor_t100_seed42.log	python -m surveyor.envs.cube.eval --solver icem --subgoal surveyor --gdm-ckpt gdm_cube_s10_gc.pt --gdm-steps 3 --accept-tau 0.20 --horizon 2 --receding-horizon 2 --num-samples 600 --n-steps 30 --source pretrained --encoder-id quentinll/lewm-cube --h5 "$CUBE_H5" --device cuda --start final --goal-offset 100 --eval-budget 200 --num-eval 128 --seed 42 --cem-seed 42 --episode-min 8000
988	cube	icem_router	100	42	logs/rbH_cube_icem_router_t100_seed42.log	python -m surveyor.envs.cube.eval --solver icem --subgoal router+surveyor --gdm-ckpt gdm_cube_s10_gc.pt --gdm-steps 3 --accept-tau 0.20 --horizon 2 --receding-horizon 2 --num-samples 600 --n-steps 30 --source pretrained --encoder-id quentinll/lewm-cube --h5 "$CUBE_H5" --device cuda --start final --goal-offset 100 --eval-budget 200 --num-eval 128 --seed 42 --cem-seed 42 --episode-min 8000
989	cube	icem_blindk	100	42	logs/rbH_cube_icem_blindk_t100_seed42.log	python -m surveyor.envs.cube.eval --solver icem --subgoal surveyor --gdm-ckpt gdm_cube_s10_gc.pt --gdm-steps 3 --accept-tau 999 --horizon 2 --receding-horizon 2 --num-samples 600 --n-steps 30 --source pretrained --encoder-id quentinll/lewm-cube --h5 "$CUBE_H5" --device cuda --start final --goal-offset 100 --eval-budget 200 --num-eval 128 --seed 42 --cem-seed 42 --episode-min 8000
990	cube	mppi_flat_rh5	100	42	logs/rbH_cube_mppi_flat_rh5_t100_seed42.log	python -m surveyor.envs.cube.eval --solver mppi --subgoal flat --horizon 5 --receding-horizon 5 --num-samples 600 --n-steps 30 --source pretrained --encoder-id quentinll/lewm-cube --h5 "$CUBE_H5" --device cuda --start final --goal-offset 100 --eval-budget 200 --num-eval 128 --seed 42 --cem-seed 42 --episode-min 8000
991	cube	mppi_ffjepa_s10k3	100	42	logs/rbH_cube_mppi_ffjepa_s10k3_t100_seed42.log	python -m surveyor.envs.cube.eval --solver mppi --subgoal ffjepa --gdm-ckpt gdm_cube_s10_gc.pt --gdm-steps 3 --horizon 2 --receding-horizon 2 --num-samples 600 --n-steps 30 --source pretrained --encoder-id quentinll/lewm-cube --h5 "$CUBE_H5" --device cuda --start final --goal-offset 100 --eval-budget 200 --num-eval 128 --seed 42 --cem-seed 42 --episode-min 8000
992	cube	mppi_surveyor	100	42	logs/rbH_cube_mppi_surveyor_t100_seed42.log	python -m surveyor.envs.cube.eval --solver mppi --subgoal surveyor --gdm-ckpt gdm_cube_s10_gc.pt --gdm-steps 3 --accept-tau 0.20 --horizon 2 --receding-horizon 2 --num-samples 600 --n-steps 30 --source pretrained --encoder-id quentinll/lewm-cube --h5 "$CUBE_H5" --device cuda --start final --goal-offset 100 --eval-budget 200 --num-eval 128 --seed 42 --cem-seed 42 --episode-min 8000
993	cube	mppi_router	100	42	logs/rbH_cube_mppi_router_t100_seed42.log	python -m surveyor.envs.cube.eval --solver mppi --subgoal router+surveyor --gdm-ckpt gdm_cube_s10_gc.pt --gdm-steps 3 --accept-tau 0.20 --horizon 2 --receding-horizon 2 --num-samples 600 --n-steps 30 --source pretrained --encoder-id quentinll/lewm-cube --h5 "$CUBE_H5" --device cuda --start final --goal-offset 100 --eval-budget 200 --num-eval 128 --seed 42 --cem-seed 42 --episode-min 8000
994	cube	mppi_blindk	100	42	logs/rbH_cube_mppi_blindk_t100_seed42.log	python -m surveyor.envs.cube.eval --solver mppi --subgoal surveyor --gdm-ckpt gdm_cube_s10_gc.pt --gdm-steps 3 --accept-tau 999 --horizon 2 --receding-horizon 2 --num-samples 600 --n-steps 30 --source pretrained --encoder-id quentinll/lewm-cube --h5 "$CUBE_H5" --device cuda --start final --goal-offset 100 --eval-budget 200 --num-eval 128 --seed 42 --cem-seed 42 --episode-min 8000
995	cube	flat_rh5	100	43	logs/rbH_cube_flat_rh5_t100_seed43.log	python -m surveyor.envs.cube.eval --subgoal flat --horizon 5 --receding-horizon 5 --num-samples 600 --n-steps 30 --source pretrained --encoder-id quentinll/lewm-cube --h5 "$CUBE_H5" --device cuda --start final --goal-offset 100 --eval-budget 200 --num-eval 128 --seed 43 --cem-seed 43 --episode-min 8000
996	cube	ffjepa_s10k3	100	43	logs/rbH_cube_ffjepa_s10k3_t100_seed43.log	python -m surveyor.envs.cube.eval --subgoal ffjepa --gdm-ckpt gdm_cube_s10_gc.pt --gdm-steps 3 --horizon 2 --receding-horizon 2 --num-samples 600 --n-steps 30 --source pretrained --encoder-id quentinll/lewm-cube --h5 "$CUBE_H5" --device cuda --start final --goal-offset 100 --eval-budget 200 --num-eval 128 --seed 43 --cem-seed 43 --episode-min 8000
997	cube	surveyor	100	43	logs/rbH_cube_surveyor_t100_seed43.log	python -m surveyor.envs.cube.eval --subgoal surveyor --gdm-ckpt gdm_cube_s10_gc.pt --gdm-steps 3 --accept-tau 0.20 --horizon 2 --receding-horizon 2 --num-samples 600 --n-steps 30 --source pretrained --encoder-id quentinll/lewm-cube --h5 "$CUBE_H5" --device cuda --start final --goal-offset 100 --eval-budget 200 --num-eval 128 --seed 43 --cem-seed 43 --episode-min 8000
998	cube	router	100	43	logs/rbH_cube_router_t100_seed43.log	python -m surveyor.envs.cube.eval --subgoal router+surveyor --gdm-ckpt gdm_cube_s10_gc.pt --gdm-steps 3 --accept-tau 0.20 --horizon 2 --receding-horizon 2 --num-samples 600 --n-steps 30 --source pretrained --encoder-id quentinll/lewm-cube --h5 "$CUBE_H5" --device cuda --start final --goal-offset 100 --eval-budget 200 --num-eval 128 --seed 43 --cem-seed 43 --episode-min 8000
999	cube	blindk	100	43	logs/rbH_cube_blindk_t100_seed43.log	python -m surveyor.envs.cube.eval --subgoal surveyor --gdm-ckpt gdm_cube_s10_gc.pt --gdm-steps 3 --accept-tau 999 --horizon 2 --receding-horizon 2 --num-samples 600 --n-steps 30 --source pretrained --encoder-id quentinll/lewm-cube --h5 "$CUBE_H5" --device cuda --start final --goal-offset 100 --eval-budget 200 --num-eval 128 --seed 43 --cem-seed 43 --episode-min 8000
1000	cube	gcidm	100	43	logs/rbH_cube_gcidm_t100_seed43.log	python -m surveyor.envs.cube.eval --subgoal gcidm --gcidm-ckpt gcidm_cube_h200.pt --source pretrained --encoder-id quentinll/lewm-cube --h5 "$CUBE_H5" --device cuda --start final --goal-offset 100 --eval-budget 200 --num-eval 128 --seed 43 --cem-seed 43 --episode-min 8000
1001	cube	gcidm_surv	100	43	logs/rbH_cube_gcidm_surv_t100_seed43.log	python -m surveyor.envs.cube.eval --subgoal gcidm+surveyor --gcidm-ckpt gcidm_cube_h200.pt --gdm-ckpt gdm_cube_s10_gc.pt --gdm-steps 3 --accept-tau 0.20 --sg-steps 10 --goal-gate --source pretrained --encoder-id quentinll/lewm-cube --h5 "$CUBE_H5" --device cuda --start final --goal-offset 100 --eval-budget 200 --num-eval 128 --seed 43 --cem-seed 43 --episode-min 8000
1002	cube	gcidm_every	100	43	logs/rbH_cube_gcidm_every_t100_seed43.log	python -m surveyor.envs.cube.eval --subgoal gcidm+surveyor --gcidm-ckpt gcidm_cube_h200.pt --gdm-ckpt gdm_cube_s10_gc.pt --gdm-steps 3 --accept-tau 0.0 --sg-steps 10 --source pretrained --encoder-id quentinll/lewm-cube --h5 "$CUBE_H5" --device cuda --start final --goal-offset 100 --eval-budget 200 --num-eval 128 --seed 43 --cem-seed 43 --episode-min 8000
1003	cube	gcidm_blind	100	43	logs/rbH_cube_gcidm_blind_t100_seed43.log	python -m surveyor.envs.cube.eval --subgoal gcidm+surveyor --gcidm-ckpt gcidm_cube_h200.pt --gdm-ckpt gdm_cube_s10_gc.pt --gdm-steps 3 --accept-tau 999 --sg-steps 10 --source pretrained --encoder-id quentinll/lewm-cube --h5 "$CUBE_H5" --device cuda --start final --goal-offset 100 --eval-budget 200 --num-eval 128 --seed 43 --cem-seed 43 --episode-min 8000
1004	cube	icem_flat_rh5	100	43	logs/rbH_cube_icem_flat_rh5_t100_seed43.log	python -m surveyor.envs.cube.eval --solver icem --subgoal flat --horizon 5 --receding-horizon 5 --num-samples 600 --n-steps 30 --source pretrained --encoder-id quentinll/lewm-cube --h5 "$CUBE_H5" --device cuda --start final --goal-offset 100 --eval-budget 200 --num-eval 128 --seed 43 --cem-seed 43 --episode-min 8000
1005	cube	icem_ffjepa_s10k3	100	43	logs/rbH_cube_icem_ffjepa_s10k3_t100_seed43.log	python -m surveyor.envs.cube.eval --solver icem --subgoal ffjepa --gdm-ckpt gdm_cube_s10_gc.pt --gdm-steps 3 --horizon 2 --receding-horizon 2 --num-samples 600 --n-steps 30 --source pretrained --encoder-id quentinll/lewm-cube --h5 "$CUBE_H5" --device cuda --start final --goal-offset 100 --eval-budget 200 --num-eval 128 --seed 43 --cem-seed 43 --episode-min 8000
1006	cube	icem_surveyor	100	43	logs/rbH_cube_icem_surveyor_t100_seed43.log	python -m surveyor.envs.cube.eval --solver icem --subgoal surveyor --gdm-ckpt gdm_cube_s10_gc.pt --gdm-steps 3 --accept-tau 0.20 --horizon 2 --receding-horizon 2 --num-samples 600 --n-steps 30 --source pretrained --encoder-id quentinll/lewm-cube --h5 "$CUBE_H5" --device cuda --start final --goal-offset 100 --eval-budget 200 --num-eval 128 --seed 43 --cem-seed 43 --episode-min 8000
1007	cube	icem_router	100	43	logs/rbH_cube_icem_router_t100_seed43.log	python -m surveyor.envs.cube.eval --solver icem --subgoal router+surveyor --gdm-ckpt gdm_cube_s10_gc.pt --gdm-steps 3 --accept-tau 0.20 --horizon 2 --receding-horizon 2 --num-samples 600 --n-steps 30 --source pretrained --encoder-id quentinll/lewm-cube --h5 "$CUBE_H5" --device cuda --start final --goal-offset 100 --eval-budget 200 --num-eval 128 --seed 43 --cem-seed 43 --episode-min 8000
1008	cube	icem_blindk	100	43	logs/rbH_cube_icem_blindk_t100_seed43.log	python -m surveyor.envs.cube.eval --solver icem --subgoal surveyor --gdm-ckpt gdm_cube_s10_gc.pt --gdm-steps 3 --accept-tau 999 --horizon 2 --receding-horizon 2 --num-samples 600 --n-steps 30 --source pretrained --encoder-id quentinll/lewm-cube --h5 "$CUBE_H5" --device cuda --start final --goal-offset 100 --eval-budget 200 --num-eval 128 --seed 43 --cem-seed 43 --episode-min 8000
1009	cube	mppi_flat_rh5	100	43	logs/rbH_cube_mppi_flat_rh5_t100_seed43.log	python -m surveyor.envs.cube.eval --solver mppi --subgoal flat --horizon 5 --receding-horizon 5 --num-samples 600 --n-steps 30 --source pretrained --encoder-id quentinll/lewm-cube --h5 "$CUBE_H5" --device cuda --start final --goal-offset 100 --eval-budget 200 --num-eval 128 --seed 43 --cem-seed 43 --episode-min 8000
1010	cube	mppi_ffjepa_s10k3	100	43	logs/rbH_cube_mppi_ffjepa_s10k3_t100_seed43.log	python -m surveyor.envs.cube.eval --solver mppi --subgoal ffjepa --gdm-ckpt gdm_cube_s10_gc.pt --gdm-steps 3 --horizon 2 --receding-horizon 2 --num-samples 600 --n-steps 30 --source pretrained --encoder-id quentinll/lewm-cube --h5 "$CUBE_H5" --device cuda --start final --goal-offset 100 --eval-budget 200 --num-eval 128 --seed 43 --cem-seed 43 --episode-min 8000
1011	cube	mppi_surveyor	100	43	logs/rbH_cube_mppi_surveyor_t100_seed43.log	python -m surveyor.envs.cube.eval --solver mppi --subgoal surveyor --gdm-ckpt gdm_cube_s10_gc.pt --gdm-steps 3 --accept-tau 0.20 --horizon 2 --receding-horizon 2 --num-samples 600 --n-steps 30 --source pretrained --encoder-id quentinll/lewm-cube --h5 "$CUBE_H5" --device cuda --start final --goal-offset 100 --eval-budget 200 --num-eval 128 --seed 43 --cem-seed 43 --episode-min 8000
1012	cube	mppi_router	100	43	logs/rbH_cube_mppi_router_t100_seed43.log	python -m surveyor.envs.cube.eval --solver mppi --subgoal router+surveyor --gdm-ckpt gdm_cube_s10_gc.pt --gdm-steps 3 --accept-tau 0.20 --horizon 2 --receding-horizon 2 --num-samples 600 --n-steps 30 --source pretrained --encoder-id quentinll/lewm-cube --h5 "$CUBE_H5" --device cuda --start final --goal-offset 100 --eval-budget 200 --num-eval 128 --seed 43 --cem-seed 43 --episode-min 8000
1013	cube	mppi_blindk	100	43	logs/rbH_cube_mppi_blindk_t100_seed43.log	python -m surveyor.envs.cube.eval --solver mppi --subgoal surveyor --gdm-ckpt gdm_cube_s10_gc.pt --gdm-steps 3 --accept-tau 999 --horizon 2 --receding-horizon 2 --num-samples 600 --n-steps 30 --source pretrained --encoder-id quentinll/lewm-cube --h5 "$CUBE_H5" --device cuda --start final --goal-offset 100 --eval-budget 200 --num-eval 128 --seed 43 --cem-seed 43 --episode-min 8000
1014	cube	flat_rh5	100	44	logs/rbH_cube_flat_rh5_t100_seed44.log	python -m surveyor.envs.cube.eval --subgoal flat --horizon 5 --receding-horizon 5 --num-samples 600 --n-steps 30 --source pretrained --encoder-id quentinll/lewm-cube --h5 "$CUBE_H5" --device cuda --start final --goal-offset 100 --eval-budget 200 --num-eval 128 --seed 44 --cem-seed 44 --episode-min 8000
1015	cube	ffjepa_s10k3	100	44	logs/rbH_cube_ffjepa_s10k3_t100_seed44.log	python -m surveyor.envs.cube.eval --subgoal ffjepa --gdm-ckpt gdm_cube_s10_gc.pt --gdm-steps 3 --horizon 2 --receding-horizon 2 --num-samples 600 --n-steps 30 --source pretrained --encoder-id quentinll/lewm-cube --h5 "$CUBE_H5" --device cuda --start final --goal-offset 100 --eval-budget 200 --num-eval 128 --seed 44 --cem-seed 44 --episode-min 8000
1016	cube	surveyor	100	44	logs/rbH_cube_surveyor_t100_seed44.log	python -m surveyor.envs.cube.eval --subgoal surveyor --gdm-ckpt gdm_cube_s10_gc.pt --gdm-steps 3 --accept-tau 0.20 --horizon 2 --receding-horizon 2 --num-samples 600 --n-steps 30 --source pretrained --encoder-id quentinll/lewm-cube --h5 "$CUBE_H5" --device cuda --start final --goal-offset 100 --eval-budget 200 --num-eval 128 --seed 44 --cem-seed 44 --episode-min 8000
1017	cube	router	100	44	logs/rbH_cube_router_t100_seed44.log	python -m surveyor.envs.cube.eval --subgoal router+surveyor --gdm-ckpt gdm_cube_s10_gc.pt --gdm-steps 3 --accept-tau 0.20 --horizon 2 --receding-horizon 2 --num-samples 600 --n-steps 30 --source pretrained --encoder-id quentinll/lewm-cube --h5 "$CUBE_H5" --device cuda --start final --goal-offset 100 --eval-budget 200 --num-eval 128 --seed 44 --cem-seed 44 --episode-min 8000
1018	cube	blindk	100	44	logs/rbH_cube_blindk_t100_seed44.log	python -m surveyor.envs.cube.eval --subgoal surveyor --gdm-ckpt gdm_cube_s10_gc.pt --gdm-steps 3 --accept-tau 999 --horizon 2 --receding-horizon 2 --num-samples 600 --n-steps 30 --source pretrained --encoder-id quentinll/lewm-cube --h5 "$CUBE_H5" --device cuda --start final --goal-offset 100 --eval-budget 200 --num-eval 128 --seed 44 --cem-seed 44 --episode-min 8000
1019	cube	gcidm	100	44	logs/rbH_cube_gcidm_t100_seed44.log	python -m surveyor.envs.cube.eval --subgoal gcidm --gcidm-ckpt gcidm_cube_h200.pt --source pretrained --encoder-id quentinll/lewm-cube --h5 "$CUBE_H5" --device cuda --start final --goal-offset 100 --eval-budget 200 --num-eval 128 --seed 44 --cem-seed 44 --episode-min 8000
1020	cube	gcidm_surv	100	44	logs/rbH_cube_gcidm_surv_t100_seed44.log	python -m surveyor.envs.cube.eval --subgoal gcidm+surveyor --gcidm-ckpt gcidm_cube_h200.pt --gdm-ckpt gdm_cube_s10_gc.pt --gdm-steps 3 --accept-tau 0.20 --sg-steps 10 --goal-gate --source pretrained --encoder-id quentinll/lewm-cube --h5 "$CUBE_H5" --device cuda --start final --goal-offset 100 --eval-budget 200 --num-eval 128 --seed 44 --cem-seed 44 --episode-min 8000
1021	cube	gcidm_every	100	44	logs/rbH_cube_gcidm_every_t100_seed44.log	python -m surveyor.envs.cube.eval --subgoal gcidm+surveyor --gcidm-ckpt gcidm_cube_h200.pt --gdm-ckpt gdm_cube_s10_gc.pt --gdm-steps 3 --accept-tau 0.0 --sg-steps 10 --source pretrained --encoder-id quentinll/lewm-cube --h5 "$CUBE_H5" --device cuda --start final --goal-offset 100 --eval-budget 200 --num-eval 128 --seed 44 --cem-seed 44 --episode-min 8000
1022	cube	gcidm_blind	100	44	logs/rbH_cube_gcidm_blind_t100_seed44.log	python -m surveyor.envs.cube.eval --subgoal gcidm+surveyor --gcidm-ckpt gcidm_cube_h200.pt --gdm-ckpt gdm_cube_s10_gc.pt --gdm-steps 3 --accept-tau 999 --sg-steps 10 --source pretrained --encoder-id quentinll/lewm-cube --h5 "$CUBE_H5" --device cuda --start final --goal-offset 100 --eval-budget 200 --num-eval 128 --seed 44 --cem-seed 44 --episode-min 8000
1023	cube	icem_flat_rh5	100	44	logs/rbH_cube_icem_flat_rh5_t100_seed44.log	python -m surveyor.envs.cube.eval --solver icem --subgoal flat --horizon 5 --receding-horizon 5 --num-samples 600 --n-steps 30 --source pretrained --encoder-id quentinll/lewm-cube --h5 "$CUBE_H5" --device cuda --start final --goal-offset 100 --eval-budget 200 --num-eval 128 --seed 44 --cem-seed 44 --episode-min 8000
1024	cube	icem_ffjepa_s10k3	100	44	logs/rbH_cube_icem_ffjepa_s10k3_t100_seed44.log	python -m surveyor.envs.cube.eval --solver icem --subgoal ffjepa --gdm-ckpt gdm_cube_s10_gc.pt --gdm-steps 3 --horizon 2 --receding-horizon 2 --num-samples 600 --n-steps 30 --source pretrained --encoder-id quentinll/lewm-cube --h5 "$CUBE_H5" --device cuda --start final --goal-offset 100 --eval-budget 200 --num-eval 128 --seed 44 --cem-seed 44 --episode-min 8000
1025	cube	icem_surveyor	100	44	logs/rbH_cube_icem_surveyor_t100_seed44.log	python -m surveyor.envs.cube.eval --solver icem --subgoal surveyor --gdm-ckpt gdm_cube_s10_gc.pt --gdm-steps 3 --accept-tau 0.20 --horizon 2 --receding-horizon 2 --num-samples 600 --n-steps 30 --source pretrained --encoder-id quentinll/lewm-cube --h5 "$CUBE_H5" --device cuda --start final --goal-offset 100 --eval-budget 200 --num-eval 128 --seed 44 --cem-seed 44 --episode-min 8000
1026	cube	icem_router	100	44	logs/rbH_cube_icem_router_t100_seed44.log	python -m surveyor.envs.cube.eval --solver icem --subgoal router+surveyor --gdm-ckpt gdm_cube_s10_gc.pt --gdm-steps 3 --accept-tau 0.20 --horizon 2 --receding-horizon 2 --num-samples 600 --n-steps 30 --source pretrained --encoder-id quentinll/lewm-cube --h5 "$CUBE_H5" --device cuda --start final --goal-offset 100 --eval-budget 200 --num-eval 128 --seed 44 --cem-seed 44 --episode-min 8000
1027	cube	icem_blindk	100	44	logs/rbH_cube_icem_blindk_t100_seed44.log	python -m surveyor.envs.cube.eval --solver icem --subgoal surveyor --gdm-ckpt gdm_cube_s10_gc.pt --gdm-steps 3 --accept-tau 999 --horizon 2 --receding-horizon 2 --num-samples 600 --n-steps 30 --source pretrained --encoder-id quentinll/lewm-cube --h5 "$CUBE_H5" --device cuda --start final --goal-offset 100 --eval-budget 200 --num-eval 128 --seed 44 --cem-seed 44 --episode-min 8000
1028	cube	mppi_flat_rh5	100	44	logs/rbH_cube_mppi_flat_rh5_t100_seed44.log	python -m surveyor.envs.cube.eval --solver mppi --subgoal flat --horizon 5 --receding-horizon 5 --num-samples 600 --n-steps 30 --source pretrained --encoder-id quentinll/lewm-cube --h5 "$CUBE_H5" --device cuda --start final --goal-offset 100 --eval-budget 200 --num-eval 128 --seed 44 --cem-seed 44 --episode-min 8000
1029	cube	mppi_ffjepa_s10k3	100	44	logs/rbH_cube_mppi_ffjepa_s10k3_t100_seed44.log	python -m surveyor.envs.cube.eval --solver mppi --subgoal ffjepa --gdm-ckpt gdm_cube_s10_gc.pt --gdm-steps 3 --horizon 2 --receding-horizon 2 --num-samples 600 --n-steps 30 --source pretrained --encoder-id quentinll/lewm-cube --h5 "$CUBE_H5" --device cuda --start final --goal-offset 100 --eval-budget 200 --num-eval 128 --seed 44 --cem-seed 44 --episode-min 8000
1030	cube	mppi_surveyor	100	44	logs/rbH_cube_mppi_surveyor_t100_seed44.log	python -m surveyor.envs.cube.eval --solver mppi --subgoal surveyor --gdm-ckpt gdm_cube_s10_gc.pt --gdm-steps 3 --accept-tau 0.20 --horizon 2 --receding-horizon 2 --num-samples 600 --n-steps 30 --source pretrained --encoder-id quentinll/lewm-cube --h5 "$CUBE_H5" --device cuda --start final --goal-offset 100 --eval-budget 200 --num-eval 128 --seed 44 --cem-seed 44 --episode-min 8000
1031	cube	mppi_router	100	44	logs/rbH_cube_mppi_router_t100_seed44.log	python -m surveyor.envs.cube.eval --solver mppi --subgoal router+surveyor --gdm-ckpt gdm_cube_s10_gc.pt --gdm-steps 3 --accept-tau 0.20 --horizon 2 --receding-horizon 2 --num-samples 600 --n-steps 30 --source pretrained --encoder-id quentinll/lewm-cube --h5 "$CUBE_H5" --device cuda --start final --goal-offset 100 --eval-budget 200 --num-eval 128 --seed 44 --cem-seed 44 --episode-min 8000
1032	cube	mppi_blindk	100	44	logs/rbH_cube_mppi_blindk_t100_seed44.log	python -m surveyor.envs.cube.eval --solver mppi --subgoal surveyor --gdm-ckpt gdm_cube_s10_gc.pt --gdm-steps 3 --accept-tau 999 --horizon 2 --receding-horizon 2 --num-samples 600 --n-steps 30 --source pretrained --encoder-id quentinll/lewm-cube --h5 "$CUBE_H5" --device cuda --start final --goal-offset 100 --eval-budget 200 --num-eval 128 --seed 44 --cem-seed 44 --episode-min 8000
1033	cube	flat_rh5	100	45	logs/rbH_cube_flat_rh5_t100_seed45.log	python -m surveyor.envs.cube.eval --subgoal flat --horizon 5 --receding-horizon 5 --num-samples 600 --n-steps 30 --source pretrained --encoder-id quentinll/lewm-cube --h5 "$CUBE_H5" --device cuda --start final --goal-offset 100 --eval-budget 200 --num-eval 128 --seed 45 --cem-seed 45 --episode-min 8000
1034	cube	ffjepa_s10k3	100	45	logs/rbH_cube_ffjepa_s10k3_t100_seed45.log	python -m surveyor.envs.cube.eval --subgoal ffjepa --gdm-ckpt gdm_cube_s10_gc.pt --gdm-steps 3 --horizon 2 --receding-horizon 2 --num-samples 600 --n-steps 30 --source pretrained --encoder-id quentinll/lewm-cube --h5 "$CUBE_H5" --device cuda --start final --goal-offset 100 --eval-budget 200 --num-eval 128 --seed 45 --cem-seed 45 --episode-min 8000
1035	cube	surveyor	100	45	logs/rbH_cube_surveyor_t100_seed45.log	python -m surveyor.envs.cube.eval --subgoal surveyor --gdm-ckpt gdm_cube_s10_gc.pt --gdm-steps 3 --accept-tau 0.20 --horizon 2 --receding-horizon 2 --num-samples 600 --n-steps 30 --source pretrained --encoder-id quentinll/lewm-cube --h5 "$CUBE_H5" --device cuda --start final --goal-offset 100 --eval-budget 200 --num-eval 128 --seed 45 --cem-seed 45 --episode-min 8000
1036	cube	router	100	45	logs/rbH_cube_router_t100_seed45.log	python -m surveyor.envs.cube.eval --subgoal router+surveyor --gdm-ckpt gdm_cube_s10_gc.pt --gdm-steps 3 --accept-tau 0.20 --horizon 2 --receding-horizon 2 --num-samples 600 --n-steps 30 --source pretrained --encoder-id quentinll/lewm-cube --h5 "$CUBE_H5" --device cuda --start final --goal-offset 100 --eval-budget 200 --num-eval 128 --seed 45 --cem-seed 45 --episode-min 8000
1037	cube	blindk	100	45	logs/rbH_cube_blindk_t100_seed45.log	python -m surveyor.envs.cube.eval --subgoal surveyor --gdm-ckpt gdm_cube_s10_gc.pt --gdm-steps 3 --accept-tau 999 --horizon 2 --receding-horizon 2 --num-samples 600 --n-steps 30 --source pretrained --encoder-id quentinll/lewm-cube --h5 "$CUBE_H5" --device cuda --start final --goal-offset 100 --eval-budget 200 --num-eval 128 --seed 45 --cem-seed 45 --episode-min 8000
1038	cube	gcidm	100	45	logs/rbH_cube_gcidm_t100_seed45.log	python -m surveyor.envs.cube.eval --subgoal gcidm --gcidm-ckpt gcidm_cube_h200.pt --source pretrained --encoder-id quentinll/lewm-cube --h5 "$CUBE_H5" --device cuda --start final --goal-offset 100 --eval-budget 200 --num-eval 128 --seed 45 --cem-seed 45 --episode-min 8000
1039	cube	gcidm_surv	100	45	logs/rbH_cube_gcidm_surv_t100_seed45.log	python -m surveyor.envs.cube.eval --subgoal gcidm+surveyor --gcidm-ckpt gcidm_cube_h200.pt --gdm-ckpt gdm_cube_s10_gc.pt --gdm-steps 3 --accept-tau 0.20 --sg-steps 10 --goal-gate --source pretrained --encoder-id quentinll/lewm-cube --h5 "$CUBE_H5" --device cuda --start final --goal-offset 100 --eval-budget 200 --num-eval 128 --seed 45 --cem-seed 45 --episode-min 8000
1040	cube	gcidm_every	100	45	logs/rbH_cube_gcidm_every_t100_seed45.log	python -m surveyor.envs.cube.eval --subgoal gcidm+surveyor --gcidm-ckpt gcidm_cube_h200.pt --gdm-ckpt gdm_cube_s10_gc.pt --gdm-steps 3 --accept-tau 0.0 --sg-steps 10 --source pretrained --encoder-id quentinll/lewm-cube --h5 "$CUBE_H5" --device cuda --start final --goal-offset 100 --eval-budget 200 --num-eval 128 --seed 45 --cem-seed 45 --episode-min 8000
1041	cube	gcidm_blind	100	45	logs/rbH_cube_gcidm_blind_t100_seed45.log	python -m surveyor.envs.cube.eval --subgoal gcidm+surveyor --gcidm-ckpt gcidm_cube_h200.pt --gdm-ckpt gdm_cube_s10_gc.pt --gdm-steps 3 --accept-tau 999 --sg-steps 10 --source pretrained --encoder-id quentinll/lewm-cube --h5 "$CUBE_H5" --device cuda --start final --goal-offset 100 --eval-budget 200 --num-eval 128 --seed 45 --cem-seed 45 --episode-min 8000
1042	cube	icem_flat_rh5	100	45	logs/rbH_cube_icem_flat_rh5_t100_seed45.log	python -m surveyor.envs.cube.eval --solver icem --subgoal flat --horizon 5 --receding-horizon 5 --num-samples 600 --n-steps 30 --source pretrained --encoder-id quentinll/lewm-cube --h5 "$CUBE_H5" --device cuda --start final --goal-offset 100 --eval-budget 200 --num-eval 128 --seed 45 --cem-seed 45 --episode-min 8000
1043	cube	icem_ffjepa_s10k3	100	45	logs/rbH_cube_icem_ffjepa_s10k3_t100_seed45.log	python -m surveyor.envs.cube.eval --solver icem --subgoal ffjepa --gdm-ckpt gdm_cube_s10_gc.pt --gdm-steps 3 --horizon 2 --receding-horizon 2 --num-samples 600 --n-steps 30 --source pretrained --encoder-id quentinll/lewm-cube --h5 "$CUBE_H5" --device cuda --start final --goal-offset 100 --eval-budget 200 --num-eval 128 --seed 45 --cem-seed 45 --episode-min 8000
1044	cube	icem_surveyor	100	45	logs/rbH_cube_icem_surveyor_t100_seed45.log	python -m surveyor.envs.cube.eval --solver icem --subgoal surveyor --gdm-ckpt gdm_cube_s10_gc.pt --gdm-steps 3 --accept-tau 0.20 --horizon 2 --receding-horizon 2 --num-samples 600 --n-steps 30 --source pretrained --encoder-id quentinll/lewm-cube --h5 "$CUBE_H5" --device cuda --start final --goal-offset 100 --eval-budget 200 --num-eval 128 --seed 45 --cem-seed 45 --episode-min 8000
1045	cube	icem_router	100	45	logs/rbH_cube_icem_router_t100_seed45.log	python -m surveyor.envs.cube.eval --solver icem --subgoal router+surveyor --gdm-ckpt gdm_cube_s10_gc.pt --gdm-steps 3 --accept-tau 0.20 --horizon 2 --receding-horizon 2 --num-samples 600 --n-steps 30 --source pretrained --encoder-id quentinll/lewm-cube --h5 "$CUBE_H5" --device cuda --start final --goal-offset 100 --eval-budget 200 --num-eval 128 --seed 45 --cem-seed 45 --episode-min 8000
1046	cube	icem_blindk	100	45	logs/rbH_cube_icem_blindk_t100_seed45.log	python -m surveyor.envs.cube.eval --solver icem --subgoal surveyor --gdm-ckpt gdm_cube_s10_gc.pt --gdm-steps 3 --accept-tau 999 --horizon 2 --receding-horizon 2 --num-samples 600 --n-steps 30 --source pretrained --encoder-id quentinll/lewm-cube --h5 "$CUBE_H5" --device cuda --start final --goal-offset 100 --eval-budget 200 --num-eval 128 --seed 45 --cem-seed 45 --episode-min 8000
1047	cube	mppi_flat_rh5	100	45	logs/rbH_cube_mppi_flat_rh5_t100_seed45.log	python -m surveyor.envs.cube.eval --solver mppi --subgoal flat --horizon 5 --receding-horizon 5 --num-samples 600 --n-steps 30 --source pretrained --encoder-id quentinll/lewm-cube --h5 "$CUBE_H5" --device cuda --start final --goal-offset 100 --eval-budget 200 --num-eval 128 --seed 45 --cem-seed 45 --episode-min 8000
1048	cube	mppi_ffjepa_s10k3	100	45	logs/rbH_cube_mppi_ffjepa_s10k3_t100_seed45.log	python -m surveyor.envs.cube.eval --solver mppi --subgoal ffjepa --gdm-ckpt gdm_cube_s10_gc.pt --gdm-steps 3 --horizon 2 --receding-horizon 2 --num-samples 600 --n-steps 30 --source pretrained --encoder-id quentinll/lewm-cube --h5 "$CUBE_H5" --device cuda --start final --goal-offset 100 --eval-budget 200 --num-eval 128 --seed 45 --cem-seed 45 --episode-min 8000
1049	cube	mppi_surveyor	100	45	logs/rbH_cube_mppi_surveyor_t100_seed45.log	python -m surveyor.envs.cube.eval --solver mppi --subgoal surveyor --gdm-ckpt gdm_cube_s10_gc.pt --gdm-steps 3 --accept-tau 0.20 --horizon 2 --receding-horizon 2 --num-samples 600 --n-steps 30 --source pretrained --encoder-id quentinll/lewm-cube --h5 "$CUBE_H5" --device cuda --start final --goal-offset 100 --eval-budget 200 --num-eval 128 --seed 45 --cem-seed 45 --episode-min 8000
1050	cube	mppi_router	100	45	logs/rbH_cube_mppi_router_t100_seed45.log	python -m surveyor.envs.cube.eval --solver mppi --subgoal router+surveyor --gdm-ckpt gdm_cube_s10_gc.pt --gdm-steps 3 --accept-tau 0.20 --horizon 2 --receding-horizon 2 --num-samples 600 --n-steps 30 --source pretrained --encoder-id quentinll/lewm-cube --h5 "$CUBE_H5" --device cuda --start final --goal-offset 100 --eval-budget 200 --num-eval 128 --seed 45 --cem-seed 45 --episode-min 8000
1051	cube	mppi_blindk	100	45	logs/rbH_cube_mppi_blindk_t100_seed45.log	python -m surveyor.envs.cube.eval --solver mppi --subgoal surveyor --gdm-ckpt gdm_cube_s10_gc.pt --gdm-steps 3 --accept-tau 999 --horizon 2 --receding-horizon 2 --num-samples 600 --n-steps 30 --source pretrained --encoder-id quentinll/lewm-cube --h5 "$CUBE_H5" --device cuda --start final --goal-offset 100 --eval-budget 200 --num-eval 128 --seed 45 --cem-seed 45 --episode-min 8000
1052	cube	flat_rh5	100	46	logs/rbH_cube_flat_rh5_t100_seed46.log	python -m surveyor.envs.cube.eval --subgoal flat --horizon 5 --receding-horizon 5 --num-samples 600 --n-steps 30 --source pretrained --encoder-id quentinll/lewm-cube --h5 "$CUBE_H5" --device cuda --start final --goal-offset 100 --eval-budget 200 --num-eval 128 --seed 46 --cem-seed 46 --episode-min 8000
1053	cube	ffjepa_s10k3	100	46	logs/rbH_cube_ffjepa_s10k3_t100_seed46.log	python -m surveyor.envs.cube.eval --subgoal ffjepa --gdm-ckpt gdm_cube_s10_gc.pt --gdm-steps 3 --horizon 2 --receding-horizon 2 --num-samples 600 --n-steps 30 --source pretrained --encoder-id quentinll/lewm-cube --h5 "$CUBE_H5" --device cuda --start final --goal-offset 100 --eval-budget 200 --num-eval 128 --seed 46 --cem-seed 46 --episode-min 8000
1054	cube	surveyor	100	46	logs/rbH_cube_surveyor_t100_seed46.log	python -m surveyor.envs.cube.eval --subgoal surveyor --gdm-ckpt gdm_cube_s10_gc.pt --gdm-steps 3 --accept-tau 0.20 --horizon 2 --receding-horizon 2 --num-samples 600 --n-steps 30 --source pretrained --encoder-id quentinll/lewm-cube --h5 "$CUBE_H5" --device cuda --start final --goal-offset 100 --eval-budget 200 --num-eval 128 --seed 46 --cem-seed 46 --episode-min 8000
1055	cube	router	100	46	logs/rbH_cube_router_t100_seed46.log	python -m surveyor.envs.cube.eval --subgoal router+surveyor --gdm-ckpt gdm_cube_s10_gc.pt --gdm-steps 3 --accept-tau 0.20 --horizon 2 --receding-horizon 2 --num-samples 600 --n-steps 30 --source pretrained --encoder-id quentinll/lewm-cube --h5 "$CUBE_H5" --device cuda --start final --goal-offset 100 --eval-budget 200 --num-eval 128 --seed 46 --cem-seed 46 --episode-min 8000
1056	cube	blindk	100	46	logs/rbH_cube_blindk_t100_seed46.log	python -m surveyor.envs.cube.eval --subgoal surveyor --gdm-ckpt gdm_cube_s10_gc.pt --gdm-steps 3 --accept-tau 999 --horizon 2 --receding-horizon 2 --num-samples 600 --n-steps 30 --source pretrained --encoder-id quentinll/lewm-cube --h5 "$CUBE_H5" --device cuda --start final --goal-offset 100 --eval-budget 200 --num-eval 128 --seed 46 --cem-seed 46 --episode-min 8000
1057	cube	gcidm	100	46	logs/rbH_cube_gcidm_t100_seed46.log	python -m surveyor.envs.cube.eval --subgoal gcidm --gcidm-ckpt gcidm_cube_h200.pt --source pretrained --encoder-id quentinll/lewm-cube --h5 "$CUBE_H5" --device cuda --start final --goal-offset 100 --eval-budget 200 --num-eval 128 --seed 46 --cem-seed 46 --episode-min 8000
1058	cube	gcidm_surv	100	46	logs/rbH_cube_gcidm_surv_t100_seed46.log	python -m surveyor.envs.cube.eval --subgoal gcidm+surveyor --gcidm-ckpt gcidm_cube_h200.pt --gdm-ckpt gdm_cube_s10_gc.pt --gdm-steps 3 --accept-tau 0.20 --sg-steps 10 --goal-gate --source pretrained --encoder-id quentinll/lewm-cube --h5 "$CUBE_H5" --device cuda --start final --goal-offset 100 --eval-budget 200 --num-eval 128 --seed 46 --cem-seed 46 --episode-min 8000
1059	cube	gcidm_every	100	46	logs/rbH_cube_gcidm_every_t100_seed46.log	python -m surveyor.envs.cube.eval --subgoal gcidm+surveyor --gcidm-ckpt gcidm_cube_h200.pt --gdm-ckpt gdm_cube_s10_gc.pt --gdm-steps 3 --accept-tau 0.0 --sg-steps 10 --source pretrained --encoder-id quentinll/lewm-cube --h5 "$CUBE_H5" --device cuda --start final --goal-offset 100 --eval-budget 200 --num-eval 128 --seed 46 --cem-seed 46 --episode-min 8000
1060	cube	gcidm_blind	100	46	logs/rbH_cube_gcidm_blind_t100_seed46.log	python -m surveyor.envs.cube.eval --subgoal gcidm+surveyor --gcidm-ckpt gcidm_cube_h200.pt --gdm-ckpt gdm_cube_s10_gc.pt --gdm-steps 3 --accept-tau 999 --sg-steps 10 --source pretrained --encoder-id quentinll/lewm-cube --h5 "$CUBE_H5" --device cuda --start final --goal-offset 100 --eval-budget 200 --num-eval 128 --seed 46 --cem-seed 46 --episode-min 8000
1061	cube	icem_flat_rh5	100	46	logs/rbH_cube_icem_flat_rh5_t100_seed46.log	python -m surveyor.envs.cube.eval --solver icem --subgoal flat --horizon 5 --receding-horizon 5 --num-samples 600 --n-steps 30 --source pretrained --encoder-id quentinll/lewm-cube --h5 "$CUBE_H5" --device cuda --start final --goal-offset 100 --eval-budget 200 --num-eval 128 --seed 46 --cem-seed 46 --episode-min 8000
1062	cube	icem_ffjepa_s10k3	100	46	logs/rbH_cube_icem_ffjepa_s10k3_t100_seed46.log	python -m surveyor.envs.cube.eval --solver icem --subgoal ffjepa --gdm-ckpt gdm_cube_s10_gc.pt --gdm-steps 3 --horizon 2 --receding-horizon 2 --num-samples 600 --n-steps 30 --source pretrained --encoder-id quentinll/lewm-cube --h5 "$CUBE_H5" --device cuda --start final --goal-offset 100 --eval-budget 200 --num-eval 128 --seed 46 --cem-seed 46 --episode-min 8000
1063	cube	icem_surveyor	100	46	logs/rbH_cube_icem_surveyor_t100_seed46.log	python -m surveyor.envs.cube.eval --solver icem --subgoal surveyor --gdm-ckpt gdm_cube_s10_gc.pt --gdm-steps 3 --accept-tau 0.20 --horizon 2 --receding-horizon 2 --num-samples 600 --n-steps 30 --source pretrained --encoder-id quentinll/lewm-cube --h5 "$CUBE_H5" --device cuda --start final --goal-offset 100 --eval-budget 200 --num-eval 128 --seed 46 --cem-seed 46 --episode-min 8000
1064	cube	icem_router	100	46	logs/rbH_cube_icem_router_t100_seed46.log	python -m surveyor.envs.cube.eval --solver icem --subgoal router+surveyor --gdm-ckpt gdm_cube_s10_gc.pt --gdm-steps 3 --accept-tau 0.20 --horizon 2 --receding-horizon 2 --num-samples 600 --n-steps 30 --source pretrained --encoder-id quentinll/lewm-cube --h5 "$CUBE_H5" --device cuda --start final --goal-offset 100 --eval-budget 200 --num-eval 128 --seed 46 --cem-seed 46 --episode-min 8000
1065	cube	icem_blindk	100	46	logs/rbH_cube_icem_blindk_t100_seed46.log	python -m surveyor.envs.cube.eval --solver icem --subgoal surveyor --gdm-ckpt gdm_cube_s10_gc.pt --gdm-steps 3 --accept-tau 999 --horizon 2 --receding-horizon 2 --num-samples 600 --n-steps 30 --source pretrained --encoder-id quentinll/lewm-cube --h5 "$CUBE_H5" --device cuda --start final --goal-offset 100 --eval-budget 200 --num-eval 128 --seed 46 --cem-seed 46 --episode-min 8000
1066	cube	mppi_flat_rh5	100	46	logs/rbH_cube_mppi_flat_rh5_t100_seed46.log	python -m surveyor.envs.cube.eval --solver mppi --subgoal flat --horizon 5 --receding-horizon 5 --num-samples 600 --n-steps 30 --source pretrained --encoder-id quentinll/lewm-cube --h5 "$CUBE_H5" --device cuda --start final --goal-offset 100 --eval-budget 200 --num-eval 128 --seed 46 --cem-seed 46 --episode-min 8000
1067	cube	mppi_ffjepa_s10k3	100	46	logs/rbH_cube_mppi_ffjepa_s10k3_t100_seed46.log	python -m surveyor.envs.cube.eval --solver mppi --subgoal ffjepa --gdm-ckpt gdm_cube_s10_gc.pt --gdm-steps 3 --horizon 2 --receding-horizon 2 --num-samples 600 --n-steps 30 --source pretrained --encoder-id quentinll/lewm-cube --h5 "$CUBE_H5" --device cuda --start final --goal-offset 100 --eval-budget 200 --num-eval 128 --seed 46 --cem-seed 46 --episode-min 8000
1068	cube	mppi_surveyor	100	46	logs/rbH_cube_mppi_surveyor_t100_seed46.log	python -m surveyor.envs.cube.eval --solver mppi --subgoal surveyor --gdm-ckpt gdm_cube_s10_gc.pt --gdm-steps 3 --accept-tau 0.20 --horizon 2 --receding-horizon 2 --num-samples 600 --n-steps 30 --source pretrained --encoder-id quentinll/lewm-cube --h5 "$CUBE_H5" --device cuda --start final --goal-offset 100 --eval-budget 200 --num-eval 128 --seed 46 --cem-seed 46 --episode-min 8000
1069	cube	mppi_router	100	46	logs/rbH_cube_mppi_router_t100_seed46.log	python -m surveyor.envs.cube.eval --solver mppi --subgoal router+surveyor --gdm-ckpt gdm_cube_s10_gc.pt --gdm-steps 3 --accept-tau 0.20 --horizon 2 --receding-horizon 2 --num-samples 600 --n-steps 30 --source pretrained --encoder-id quentinll/lewm-cube --h5 "$CUBE_H5" --device cuda --start final --goal-offset 100 --eval-budget 200 --num-eval 128 --seed 46 --cem-seed 46 --episode-min 8000
1070	cube	mppi_blindk	100	46	logs/rbH_cube_mppi_blindk_t100_seed46.log	python -m surveyor.envs.cube.eval --solver mppi --subgoal surveyor --gdm-ckpt gdm_cube_s10_gc.pt --gdm-steps 3 --accept-tau 999 --horizon 2 --receding-horizon 2 --num-samples 600 --n-steps 30 --source pretrained --encoder-id quentinll/lewm-cube --h5 "$CUBE_H5" --device cuda --start final --goal-offset 100 --eval-budget 200 --num-eval 128 --seed 46 --cem-seed 46 --episode-min 8000
1071	cube	flat_rh5	100	47	logs/rbH_cube_flat_rh5_t100_seed47.log	python -m surveyor.envs.cube.eval --subgoal flat --horizon 5 --receding-horizon 5 --num-samples 600 --n-steps 30 --source pretrained --encoder-id quentinll/lewm-cube --h5 "$CUBE_H5" --device cuda --start final --goal-offset 100 --eval-budget 200 --num-eval 128 --seed 47 --cem-seed 47 --episode-min 8000
1072	cube	ffjepa_s10k3	100	47	logs/rbH_cube_ffjepa_s10k3_t100_seed47.log	python -m surveyor.envs.cube.eval --subgoal ffjepa --gdm-ckpt gdm_cube_s10_gc.pt --gdm-steps 3 --horizon 2 --receding-horizon 2 --num-samples 600 --n-steps 30 --source pretrained --encoder-id quentinll/lewm-cube --h5 "$CUBE_H5" --device cuda --start final --goal-offset 100 --eval-budget 200 --num-eval 128 --seed 47 --cem-seed 47 --episode-min 8000
1073	cube	surveyor	100	47	logs/rbH_cube_surveyor_t100_seed47.log	python -m surveyor.envs.cube.eval --subgoal surveyor --gdm-ckpt gdm_cube_s10_gc.pt --gdm-steps 3 --accept-tau 0.20 --horizon 2 --receding-horizon 2 --num-samples 600 --n-steps 30 --source pretrained --encoder-id quentinll/lewm-cube --h5 "$CUBE_H5" --device cuda --start final --goal-offset 100 --eval-budget 200 --num-eval 128 --seed 47 --cem-seed 47 --episode-min 8000
1074	cube	router	100	47	logs/rbH_cube_router_t100_seed47.log	python -m surveyor.envs.cube.eval --subgoal router+surveyor --gdm-ckpt gdm_cube_s10_gc.pt --gdm-steps 3 --accept-tau 0.20 --horizon 2 --receding-horizon 2 --num-samples 600 --n-steps 30 --source pretrained --encoder-id quentinll/lewm-cube --h5 "$CUBE_H5" --device cuda --start final --goal-offset 100 --eval-budget 200 --num-eval 128 --seed 47 --cem-seed 47 --episode-min 8000
1075	cube	blindk	100	47	logs/rbH_cube_blindk_t100_seed47.log	python -m surveyor.envs.cube.eval --subgoal surveyor --gdm-ckpt gdm_cube_s10_gc.pt --gdm-steps 3 --accept-tau 999 --horizon 2 --receding-horizon 2 --num-samples 600 --n-steps 30 --source pretrained --encoder-id quentinll/lewm-cube --h5 "$CUBE_H5" --device cuda --start final --goal-offset 100 --eval-budget 200 --num-eval 128 --seed 47 --cem-seed 47 --episode-min 8000
1076	cube	gcidm	100	47	logs/rbH_cube_gcidm_t100_seed47.log	python -m surveyor.envs.cube.eval --subgoal gcidm --gcidm-ckpt gcidm_cube_h200.pt --source pretrained --encoder-id quentinll/lewm-cube --h5 "$CUBE_H5" --device cuda --start final --goal-offset 100 --eval-budget 200 --num-eval 128 --seed 47 --cem-seed 47 --episode-min 8000
1077	cube	gcidm_surv	100	47	logs/rbH_cube_gcidm_surv_t100_seed47.log	python -m surveyor.envs.cube.eval --subgoal gcidm+surveyor --gcidm-ckpt gcidm_cube_h200.pt --gdm-ckpt gdm_cube_s10_gc.pt --gdm-steps 3 --accept-tau 0.20 --sg-steps 10 --goal-gate --source pretrained --encoder-id quentinll/lewm-cube --h5 "$CUBE_H5" --device cuda --start final --goal-offset 100 --eval-budget 200 --num-eval 128 --seed 47 --cem-seed 47 --episode-min 8000
1078	cube	gcidm_every	100	47	logs/rbH_cube_gcidm_every_t100_seed47.log	python -m surveyor.envs.cube.eval --subgoal gcidm+surveyor --gcidm-ckpt gcidm_cube_h200.pt --gdm-ckpt gdm_cube_s10_gc.pt --gdm-steps 3 --accept-tau 0.0 --sg-steps 10 --source pretrained --encoder-id quentinll/lewm-cube --h5 "$CUBE_H5" --device cuda --start final --goal-offset 100 --eval-budget 200 --num-eval 128 --seed 47 --cem-seed 47 --episode-min 8000
1079	cube	gcidm_blind	100	47	logs/rbH_cube_gcidm_blind_t100_seed47.log	python -m surveyor.envs.cube.eval --subgoal gcidm+surveyor --gcidm-ckpt gcidm_cube_h200.pt --gdm-ckpt gdm_cube_s10_gc.pt --gdm-steps 3 --accept-tau 999 --sg-steps 10 --source pretrained --encoder-id quentinll/lewm-cube --h5 "$CUBE_H5" --device cuda --start final --goal-offset 100 --eval-budget 200 --num-eval 128 --seed 47 --cem-seed 47 --episode-min 8000
1080	cube	icem_flat_rh5	100	47	logs/rbH_cube_icem_flat_rh5_t100_seed47.log	python -m surveyor.envs.cube.eval --solver icem --subgoal flat --horizon 5 --receding-horizon 5 --num-samples 600 --n-steps 30 --source pretrained --encoder-id quentinll/lewm-cube --h5 "$CUBE_H5" --device cuda --start final --goal-offset 100 --eval-budget 200 --num-eval 128 --seed 47 --cem-seed 47 --episode-min 8000
1081	cube	icem_ffjepa_s10k3	100	47	logs/rbH_cube_icem_ffjepa_s10k3_t100_seed47.log	python -m surveyor.envs.cube.eval --solver icem --subgoal ffjepa --gdm-ckpt gdm_cube_s10_gc.pt --gdm-steps 3 --horizon 2 --receding-horizon 2 --num-samples 600 --n-steps 30 --source pretrained --encoder-id quentinll/lewm-cube --h5 "$CUBE_H5" --device cuda --start final --goal-offset 100 --eval-budget 200 --num-eval 128 --seed 47 --cem-seed 47 --episode-min 8000
1082	cube	icem_surveyor	100	47	logs/rbH_cube_icem_surveyor_t100_seed47.log	python -m surveyor.envs.cube.eval --solver icem --subgoal surveyor --gdm-ckpt gdm_cube_s10_gc.pt --gdm-steps 3 --accept-tau 0.20 --horizon 2 --receding-horizon 2 --num-samples 600 --n-steps 30 --source pretrained --encoder-id quentinll/lewm-cube --h5 "$CUBE_H5" --device cuda --start final --goal-offset 100 --eval-budget 200 --num-eval 128 --seed 47 --cem-seed 47 --episode-min 8000
1083	cube	icem_router	100	47	logs/rbH_cube_icem_router_t100_seed47.log	python -m surveyor.envs.cube.eval --solver icem --subgoal router+surveyor --gdm-ckpt gdm_cube_s10_gc.pt --gdm-steps 3 --accept-tau 0.20 --horizon 2 --receding-horizon 2 --num-samples 600 --n-steps 30 --source pretrained --encoder-id quentinll/lewm-cube --h5 "$CUBE_H5" --device cuda --start final --goal-offset 100 --eval-budget 200 --num-eval 128 --seed 47 --cem-seed 47 --episode-min 8000
1084	cube	icem_blindk	100	47	logs/rbH_cube_icem_blindk_t100_seed47.log	python -m surveyor.envs.cube.eval --solver icem --subgoal surveyor --gdm-ckpt gdm_cube_s10_gc.pt --gdm-steps 3 --accept-tau 999 --horizon 2 --receding-horizon 2 --num-samples 600 --n-steps 30 --source pretrained --encoder-id quentinll/lewm-cube --h5 "$CUBE_H5" --device cuda --start final --goal-offset 100 --eval-budget 200 --num-eval 128 --seed 47 --cem-seed 47 --episode-min 8000
1085	cube	mppi_flat_rh5	100	47	logs/rbH_cube_mppi_flat_rh5_t100_seed47.log	python -m surveyor.envs.cube.eval --solver mppi --subgoal flat --horizon 5 --receding-horizon 5 --num-samples 600 --n-steps 30 --source pretrained --encoder-id quentinll/lewm-cube --h5 "$CUBE_H5" --device cuda --start final --goal-offset 100 --eval-budget 200 --num-eval 128 --seed 47 --cem-seed 47 --episode-min 8000
1086	cube	mppi_ffjepa_s10k3	100	47	logs/rbH_cube_mppi_ffjepa_s10k3_t100_seed47.log	python -m surveyor.envs.cube.eval --solver mppi --subgoal ffjepa --gdm-ckpt gdm_cube_s10_gc.pt --gdm-steps 3 --horizon 2 --receding-horizon 2 --num-samples 600 --n-steps 30 --source pretrained --encoder-id quentinll/lewm-cube --h5 "$CUBE_H5" --device cuda --start final --goal-offset 100 --eval-budget 200 --num-eval 128 --seed 47 --cem-seed 47 --episode-min 8000
1087	cube	mppi_surveyor	100	47	logs/rbH_cube_mppi_surveyor_t100_seed47.log	python -m surveyor.envs.cube.eval --solver mppi --subgoal surveyor --gdm-ckpt gdm_cube_s10_gc.pt --gdm-steps 3 --accept-tau 0.20 --horizon 2 --receding-horizon 2 --num-samples 600 --n-steps 30 --source pretrained --encoder-id quentinll/lewm-cube --h5 "$CUBE_H5" --device cuda --start final --goal-offset 100 --eval-budget 200 --num-eval 128 --seed 47 --cem-seed 47 --episode-min 8000
1088	cube	mppi_router	100	47	logs/rbH_cube_mppi_router_t100_seed47.log	python -m surveyor.envs.cube.eval --solver mppi --subgoal router+surveyor --gdm-ckpt gdm_cube_s10_gc.pt --gdm-steps 3 --accept-tau 0.20 --horizon 2 --receding-horizon 2 --num-samples 600 --n-steps 30 --source pretrained --encoder-id quentinll/lewm-cube --h5 "$CUBE_H5" --device cuda --start final --goal-offset 100 --eval-budget 200 --num-eval 128 --seed 47 --cem-seed 47 --episode-min 8000
1089	cube	mppi_blindk	100	47	logs/rbH_cube_mppi_blindk_t100_seed47.log	python -m surveyor.envs.cube.eval --solver mppi --subgoal surveyor --gdm-ckpt gdm_cube_s10_gc.pt --gdm-steps 3 --accept-tau 999 --horizon 2 --receding-horizon 2 --num-samples 600 --n-steps 30 --source pretrained --encoder-id quentinll/lewm-cube --h5 "$CUBE_H5" --device cuda --start final --goal-offset 100 --eval-budget 200 --num-eval 128 --seed 47 --cem-seed 47 --episode-min 8000
1090	cube	flat_rh5	100	48	logs/rbH_cube_flat_rh5_t100_seed48.log	python -m surveyor.envs.cube.eval --subgoal flat --horizon 5 --receding-horizon 5 --num-samples 600 --n-steps 30 --source pretrained --encoder-id quentinll/lewm-cube --h5 "$CUBE_H5" --device cuda --start final --goal-offset 100 --eval-budget 200 --num-eval 128 --seed 48 --cem-seed 48 --episode-min 8000
1091	cube	ffjepa_s10k3	100	48	logs/rbH_cube_ffjepa_s10k3_t100_seed48.log	python -m surveyor.envs.cube.eval --subgoal ffjepa --gdm-ckpt gdm_cube_s10_gc.pt --gdm-steps 3 --horizon 2 --receding-horizon 2 --num-samples 600 --n-steps 30 --source pretrained --encoder-id quentinll/lewm-cube --h5 "$CUBE_H5" --device cuda --start final --goal-offset 100 --eval-budget 200 --num-eval 128 --seed 48 --cem-seed 48 --episode-min 8000
1092	cube	surveyor	100	48	logs/rbH_cube_surveyor_t100_seed48.log	python -m surveyor.envs.cube.eval --subgoal surveyor --gdm-ckpt gdm_cube_s10_gc.pt --gdm-steps 3 --accept-tau 0.20 --horizon 2 --receding-horizon 2 --num-samples 600 --n-steps 30 --source pretrained --encoder-id quentinll/lewm-cube --h5 "$CUBE_H5" --device cuda --start final --goal-offset 100 --eval-budget 200 --num-eval 128 --seed 48 --cem-seed 48 --episode-min 8000
1093	cube	router	100	48	logs/rbH_cube_router_t100_seed48.log	python -m surveyor.envs.cube.eval --subgoal router+surveyor --gdm-ckpt gdm_cube_s10_gc.pt --gdm-steps 3 --accept-tau 0.20 --horizon 2 --receding-horizon 2 --num-samples 600 --n-steps 30 --source pretrained --encoder-id quentinll/lewm-cube --h5 "$CUBE_H5" --device cuda --start final --goal-offset 100 --eval-budget 200 --num-eval 128 --seed 48 --cem-seed 48 --episode-min 8000
1094	cube	blindk	100	48	logs/rbH_cube_blindk_t100_seed48.log	python -m surveyor.envs.cube.eval --subgoal surveyor --gdm-ckpt gdm_cube_s10_gc.pt --gdm-steps 3 --accept-tau 999 --horizon 2 --receding-horizon 2 --num-samples 600 --n-steps 30 --source pretrained --encoder-id quentinll/lewm-cube --h5 "$CUBE_H5" --device cuda --start final --goal-offset 100 --eval-budget 200 --num-eval 128 --seed 48 --cem-seed 48 --episode-min 8000
1095	cube	gcidm	100	48	logs/rbH_cube_gcidm_t100_seed48.log	python -m surveyor.envs.cube.eval --subgoal gcidm --gcidm-ckpt gcidm_cube_h200.pt --source pretrained --encoder-id quentinll/lewm-cube --h5 "$CUBE_H5" --device cuda --start final --goal-offset 100 --eval-budget 200 --num-eval 128 --seed 48 --cem-seed 48 --episode-min 8000
1096	cube	gcidm_surv	100	48	logs/rbH_cube_gcidm_surv_t100_seed48.log	python -m surveyor.envs.cube.eval --subgoal gcidm+surveyor --gcidm-ckpt gcidm_cube_h200.pt --gdm-ckpt gdm_cube_s10_gc.pt --gdm-steps 3 --accept-tau 0.20 --sg-steps 10 --goal-gate --source pretrained --encoder-id quentinll/lewm-cube --h5 "$CUBE_H5" --device cuda --start final --goal-offset 100 --eval-budget 200 --num-eval 128 --seed 48 --cem-seed 48 --episode-min 8000
1097	cube	gcidm_every	100	48	logs/rbH_cube_gcidm_every_t100_seed48.log	python -m surveyor.envs.cube.eval --subgoal gcidm+surveyor --gcidm-ckpt gcidm_cube_h200.pt --gdm-ckpt gdm_cube_s10_gc.pt --gdm-steps 3 --accept-tau 0.0 --sg-steps 10 --source pretrained --encoder-id quentinll/lewm-cube --h5 "$CUBE_H5" --device cuda --start final --goal-offset 100 --eval-budget 200 --num-eval 128 --seed 48 --cem-seed 48 --episode-min 8000
1098	cube	gcidm_blind	100	48	logs/rbH_cube_gcidm_blind_t100_seed48.log	python -m surveyor.envs.cube.eval --subgoal gcidm+surveyor --gcidm-ckpt gcidm_cube_h200.pt --gdm-ckpt gdm_cube_s10_gc.pt --gdm-steps 3 --accept-tau 999 --sg-steps 10 --source pretrained --encoder-id quentinll/lewm-cube --h5 "$CUBE_H5" --device cuda --start final --goal-offset 100 --eval-budget 200 --num-eval 128 --seed 48 --cem-seed 48 --episode-min 8000
1099	cube	icem_flat_rh5	100	48	logs/rbH_cube_icem_flat_rh5_t100_seed48.log	python -m surveyor.envs.cube.eval --solver icem --subgoal flat --horizon 5 --receding-horizon 5 --num-samples 600 --n-steps 30 --source pretrained --encoder-id quentinll/lewm-cube --h5 "$CUBE_H5" --device cuda --start final --goal-offset 100 --eval-budget 200 --num-eval 128 --seed 48 --cem-seed 48 --episode-min 8000
1100	cube	icem_ffjepa_s10k3	100	48	logs/rbH_cube_icem_ffjepa_s10k3_t100_seed48.log	python -m surveyor.envs.cube.eval --solver icem --subgoal ffjepa --gdm-ckpt gdm_cube_s10_gc.pt --gdm-steps 3 --horizon 2 --receding-horizon 2 --num-samples 600 --n-steps 30 --source pretrained --encoder-id quentinll/lewm-cube --h5 "$CUBE_H5" --device cuda --start final --goal-offset 100 --eval-budget 200 --num-eval 128 --seed 48 --cem-seed 48 --episode-min 8000
1101	cube	icem_surveyor	100	48	logs/rbH_cube_icem_surveyor_t100_seed48.log	python -m surveyor.envs.cube.eval --solver icem --subgoal surveyor --gdm-ckpt gdm_cube_s10_gc.pt --gdm-steps 3 --accept-tau 0.20 --horizon 2 --receding-horizon 2 --num-samples 600 --n-steps 30 --source pretrained --encoder-id quentinll/lewm-cube --h5 "$CUBE_H5" --device cuda --start final --goal-offset 100 --eval-budget 200 --num-eval 128 --seed 48 --cem-seed 48 --episode-min 8000
1102	cube	icem_router	100	48	logs/rbH_cube_icem_router_t100_seed48.log	python -m surveyor.envs.cube.eval --solver icem --subgoal router+surveyor --gdm-ckpt gdm_cube_s10_gc.pt --gdm-steps 3 --accept-tau 0.20 --horizon 2 --receding-horizon 2 --num-samples 600 --n-steps 30 --source pretrained --encoder-id quentinll/lewm-cube --h5 "$CUBE_H5" --device cuda --start final --goal-offset 100 --eval-budget 200 --num-eval 128 --seed 48 --cem-seed 48 --episode-min 8000
1103	cube	icem_blindk	100	48	logs/rbH_cube_icem_blindk_t100_seed48.log	python -m surveyor.envs.cube.eval --solver icem --subgoal surveyor --gdm-ckpt gdm_cube_s10_gc.pt --gdm-steps 3 --accept-tau 999 --horizon 2 --receding-horizon 2 --num-samples 600 --n-steps 30 --source pretrained --encoder-id quentinll/lewm-cube --h5 "$CUBE_H5" --device cuda --start final --goal-offset 100 --eval-budget 200 --num-eval 128 --seed 48 --cem-seed 48 --episode-min 8000
1104	cube	mppi_flat_rh5	100	48	logs/rbH_cube_mppi_flat_rh5_t100_seed48.log	python -m surveyor.envs.cube.eval --solver mppi --subgoal flat --horizon 5 --receding-horizon 5 --num-samples 600 --n-steps 30 --source pretrained --encoder-id quentinll/lewm-cube --h5 "$CUBE_H5" --device cuda --start final --goal-offset 100 --eval-budget 200 --num-eval 128 --seed 48 --cem-seed 48 --episode-min 8000
1105	cube	mppi_ffjepa_s10k3	100	48	logs/rbH_cube_mppi_ffjepa_s10k3_t100_seed48.log	python -m surveyor.envs.cube.eval --solver mppi --subgoal ffjepa --gdm-ckpt gdm_cube_s10_gc.pt --gdm-steps 3 --horizon 2 --receding-horizon 2 --num-samples 600 --n-steps 30 --source pretrained --encoder-id quentinll/lewm-cube --h5 "$CUBE_H5" --device cuda --start final --goal-offset 100 --eval-budget 200 --num-eval 128 --seed 48 --cem-seed 48 --episode-min 8000
1106	cube	mppi_surveyor	100	48	logs/rbH_cube_mppi_surveyor_t100_seed48.log	python -m surveyor.envs.cube.eval --solver mppi --subgoal surveyor --gdm-ckpt gdm_cube_s10_gc.pt --gdm-steps 3 --accept-tau 0.20 --horizon 2 --receding-horizon 2 --num-samples 600 --n-steps 30 --source pretrained --encoder-id quentinll/lewm-cube --h5 "$CUBE_H5" --device cuda --start final --goal-offset 100 --eval-budget 200 --num-eval 128 --seed 48 --cem-seed 48 --episode-min 8000
1107	cube	mppi_router	100	48	logs/rbH_cube_mppi_router_t100_seed48.log	python -m surveyor.envs.cube.eval --solver mppi --subgoal router+surveyor --gdm-ckpt gdm_cube_s10_gc.pt --gdm-steps 3 --accept-tau 0.20 --horizon 2 --receding-horizon 2 --num-samples 600 --n-steps 30 --source pretrained --encoder-id quentinll/lewm-cube --h5 "$CUBE_H5" --device cuda --start final --goal-offset 100 --eval-budget 200 --num-eval 128 --seed 48 --cem-seed 48 --episode-min 8000
1108	cube	mppi_blindk	100	48	logs/rbH_cube_mppi_blindk_t100_seed48.log	python -m surveyor.envs.cube.eval --solver mppi --subgoal surveyor --gdm-ckpt gdm_cube_s10_gc.pt --gdm-steps 3 --accept-tau 999 --horizon 2 --receding-horizon 2 --num-samples 600 --n-steps 30 --source pretrained --encoder-id quentinll/lewm-cube --h5 "$CUBE_H5" --device cuda --start final --goal-offset 100 --eval-budget 200 --num-eval 128 --seed 48 --cem-seed 48 --episode-min 8000
1109	cube	flat_rh5	100	49	logs/rbH_cube_flat_rh5_t100_seed49.log	python -m surveyor.envs.cube.eval --subgoal flat --horizon 5 --receding-horizon 5 --num-samples 600 --n-steps 30 --source pretrained --encoder-id quentinll/lewm-cube --h5 "$CUBE_H5" --device cuda --start final --goal-offset 100 --eval-budget 200 --num-eval 128 --seed 49 --cem-seed 49 --episode-min 8000
1110	cube	ffjepa_s10k3	100	49	logs/rbH_cube_ffjepa_s10k3_t100_seed49.log	python -m surveyor.envs.cube.eval --subgoal ffjepa --gdm-ckpt gdm_cube_s10_gc.pt --gdm-steps 3 --horizon 2 --receding-horizon 2 --num-samples 600 --n-steps 30 --source pretrained --encoder-id quentinll/lewm-cube --h5 "$CUBE_H5" --device cuda --start final --goal-offset 100 --eval-budget 200 --num-eval 128 --seed 49 --cem-seed 49 --episode-min 8000
1111	cube	surveyor	100	49	logs/rbH_cube_surveyor_t100_seed49.log	python -m surveyor.envs.cube.eval --subgoal surveyor --gdm-ckpt gdm_cube_s10_gc.pt --gdm-steps 3 --accept-tau 0.20 --horizon 2 --receding-horizon 2 --num-samples 600 --n-steps 30 --source pretrained --encoder-id quentinll/lewm-cube --h5 "$CUBE_H5" --device cuda --start final --goal-offset 100 --eval-budget 200 --num-eval 128 --seed 49 --cem-seed 49 --episode-min 8000
1112	cube	router	100	49	logs/rbH_cube_router_t100_seed49.log	python -m surveyor.envs.cube.eval --subgoal router+surveyor --gdm-ckpt gdm_cube_s10_gc.pt --gdm-steps 3 --accept-tau 0.20 --horizon 2 --receding-horizon 2 --num-samples 600 --n-steps 30 --source pretrained --encoder-id quentinll/lewm-cube --h5 "$CUBE_H5" --device cuda --start final --goal-offset 100 --eval-budget 200 --num-eval 128 --seed 49 --cem-seed 49 --episode-min 8000
1113	cube	blindk	100	49	logs/rbH_cube_blindk_t100_seed49.log	python -m surveyor.envs.cube.eval --subgoal surveyor --gdm-ckpt gdm_cube_s10_gc.pt --gdm-steps 3 --accept-tau 999 --horizon 2 --receding-horizon 2 --num-samples 600 --n-steps 30 --source pretrained --encoder-id quentinll/lewm-cube --h5 "$CUBE_H5" --device cuda --start final --goal-offset 100 --eval-budget 200 --num-eval 128 --seed 49 --cem-seed 49 --episode-min 8000
1114	cube	gcidm	100	49	logs/rbH_cube_gcidm_t100_seed49.log	python -m surveyor.envs.cube.eval --subgoal gcidm --gcidm-ckpt gcidm_cube_h200.pt --source pretrained --encoder-id quentinll/lewm-cube --h5 "$CUBE_H5" --device cuda --start final --goal-offset 100 --eval-budget 200 --num-eval 128 --seed 49 --cem-seed 49 --episode-min 8000
1115	cube	gcidm_surv	100	49	logs/rbH_cube_gcidm_surv_t100_seed49.log	python -m surveyor.envs.cube.eval --subgoal gcidm+surveyor --gcidm-ckpt gcidm_cube_h200.pt --gdm-ckpt gdm_cube_s10_gc.pt --gdm-steps 3 --accept-tau 0.20 --sg-steps 10 --goal-gate --source pretrained --encoder-id quentinll/lewm-cube --h5 "$CUBE_H5" --device cuda --start final --goal-offset 100 --eval-budget 200 --num-eval 128 --seed 49 --cem-seed 49 --episode-min 8000
1116	cube	gcidm_every	100	49	logs/rbH_cube_gcidm_every_t100_seed49.log	python -m surveyor.envs.cube.eval --subgoal gcidm+surveyor --gcidm-ckpt gcidm_cube_h200.pt --gdm-ckpt gdm_cube_s10_gc.pt --gdm-steps 3 --accept-tau 0.0 --sg-steps 10 --source pretrained --encoder-id quentinll/lewm-cube --h5 "$CUBE_H5" --device cuda --start final --goal-offset 100 --eval-budget 200 --num-eval 128 --seed 49 --cem-seed 49 --episode-min 8000
1117	cube	gcidm_blind	100	49	logs/rbH_cube_gcidm_blind_t100_seed49.log	python -m surveyor.envs.cube.eval --subgoal gcidm+surveyor --gcidm-ckpt gcidm_cube_h200.pt --gdm-ckpt gdm_cube_s10_gc.pt --gdm-steps 3 --accept-tau 999 --sg-steps 10 --source pretrained --encoder-id quentinll/lewm-cube --h5 "$CUBE_H5" --device cuda --start final --goal-offset 100 --eval-budget 200 --num-eval 128 --seed 49 --cem-seed 49 --episode-min 8000
1118	cube	icem_flat_rh5	100	49	logs/rbH_cube_icem_flat_rh5_t100_seed49.log	python -m surveyor.envs.cube.eval --solver icem --subgoal flat --horizon 5 --receding-horizon 5 --num-samples 600 --n-steps 30 --source pretrained --encoder-id quentinll/lewm-cube --h5 "$CUBE_H5" --device cuda --start final --goal-offset 100 --eval-budget 200 --num-eval 128 --seed 49 --cem-seed 49 --episode-min 8000
1119	cube	icem_ffjepa_s10k3	100	49	logs/rbH_cube_icem_ffjepa_s10k3_t100_seed49.log	python -m surveyor.envs.cube.eval --solver icem --subgoal ffjepa --gdm-ckpt gdm_cube_s10_gc.pt --gdm-steps 3 --horizon 2 --receding-horizon 2 --num-samples 600 --n-steps 30 --source pretrained --encoder-id quentinll/lewm-cube --h5 "$CUBE_H5" --device cuda --start final --goal-offset 100 --eval-budget 200 --num-eval 128 --seed 49 --cem-seed 49 --episode-min 8000
1120	cube	icem_surveyor	100	49	logs/rbH_cube_icem_surveyor_t100_seed49.log	python -m surveyor.envs.cube.eval --solver icem --subgoal surveyor --gdm-ckpt gdm_cube_s10_gc.pt --gdm-steps 3 --accept-tau 0.20 --horizon 2 --receding-horizon 2 --num-samples 600 --n-steps 30 --source pretrained --encoder-id quentinll/lewm-cube --h5 "$CUBE_H5" --device cuda --start final --goal-offset 100 --eval-budget 200 --num-eval 128 --seed 49 --cem-seed 49 --episode-min 8000
1121	cube	icem_router	100	49	logs/rbH_cube_icem_router_t100_seed49.log	python -m surveyor.envs.cube.eval --solver icem --subgoal router+surveyor --gdm-ckpt gdm_cube_s10_gc.pt --gdm-steps 3 --accept-tau 0.20 --horizon 2 --receding-horizon 2 --num-samples 600 --n-steps 30 --source pretrained --encoder-id quentinll/lewm-cube --h5 "$CUBE_H5" --device cuda --start final --goal-offset 100 --eval-budget 200 --num-eval 128 --seed 49 --cem-seed 49 --episode-min 8000
1122	cube	icem_blindk	100	49	logs/rbH_cube_icem_blindk_t100_seed49.log	python -m surveyor.envs.cube.eval --solver icem --subgoal surveyor --gdm-ckpt gdm_cube_s10_gc.pt --gdm-steps 3 --accept-tau 999 --horizon 2 --receding-horizon 2 --num-samples 600 --n-steps 30 --source pretrained --encoder-id quentinll/lewm-cube --h5 "$CUBE_H5" --device cuda --start final --goal-offset 100 --eval-budget 200 --num-eval 128 --seed 49 --cem-seed 49 --episode-min 8000
1123	cube	mppi_flat_rh5	100	49	logs/rbH_cube_mppi_flat_rh5_t100_seed49.log	python -m surveyor.envs.cube.eval --solver mppi --subgoal flat --horizon 5 --receding-horizon 5 --num-samples 600 --n-steps 30 --source pretrained --encoder-id quentinll/lewm-cube --h5 "$CUBE_H5" --device cuda --start final --goal-offset 100 --eval-budget 200 --num-eval 128 --seed 49 --cem-seed 49 --episode-min 8000
1124	cube	mppi_ffjepa_s10k3	100	49	logs/rbH_cube_mppi_ffjepa_s10k3_t100_seed49.log	python -m surveyor.envs.cube.eval --solver mppi --subgoal ffjepa --gdm-ckpt gdm_cube_s10_gc.pt --gdm-steps 3 --horizon 2 --receding-horizon 2 --num-samples 600 --n-steps 30 --source pretrained --encoder-id quentinll/lewm-cube --h5 "$CUBE_H5" --device cuda --start final --goal-offset 100 --eval-budget 200 --num-eval 128 --seed 49 --cem-seed 49 --episode-min 8000
1125	cube	mppi_surveyor	100	49	logs/rbH_cube_mppi_surveyor_t100_seed49.log	python -m surveyor.envs.cube.eval --solver mppi --subgoal surveyor --gdm-ckpt gdm_cube_s10_gc.pt --gdm-steps 3 --accept-tau 0.20 --horizon 2 --receding-horizon 2 --num-samples 600 --n-steps 30 --source pretrained --encoder-id quentinll/lewm-cube --h5 "$CUBE_H5" --device cuda --start final --goal-offset 100 --eval-budget 200 --num-eval 128 --seed 49 --cem-seed 49 --episode-min 8000
1126	cube	mppi_router	100	49	logs/rbH_cube_mppi_router_t100_seed49.log	python -m surveyor.envs.cube.eval --solver mppi --subgoal router+surveyor --gdm-ckpt gdm_cube_s10_gc.pt --gdm-steps 3 --accept-tau 0.20 --horizon 2 --receding-horizon 2 --num-samples 600 --n-steps 30 --source pretrained --encoder-id quentinll/lewm-cube --h5 "$CUBE_H5" --device cuda --start final --goal-offset 100 --eval-budget 200 --num-eval 128 --seed 49 --cem-seed 49 --episode-min 8000
1127	cube	mppi_blindk	100	49	logs/rbH_cube_mppi_blindk_t100_seed49.log	python -m surveyor.envs.cube.eval --solver mppi --subgoal surveyor --gdm-ckpt gdm_cube_s10_gc.pt --gdm-steps 3 --accept-tau 999 --horizon 2 --receding-horizon 2 --num-samples 600 --n-steps 30 --source pretrained --encoder-id quentinll/lewm-cube --h5 "$CUBE_H5" --device cuda --start final --goal-offset 100 --eval-budget 200 --num-eval 128 --seed 49 --cem-seed 49 --episode-min 8000
1128	cube	ffjepa_s10k3	150	42	logs/rbH_cube_ffjepa_s10k3_t150_seed42.log	python -m surveyor.envs.cube.eval --subgoal ffjepa --gdm-ckpt gdm_cube_s10_gc.pt --gdm-steps 3 --horizon 2 --receding-horizon 2 --num-samples 600 --n-steps 30 --source pretrained --encoder-id quentinll/lewm-cube --h5 "$CUBE_H5" --device cuda --start final --goal-offset 150 --eval-budget 300 --num-eval 128 --seed 42 --cem-seed 42 --episode-min 8000
1129	cube	blindk	150	42	logs/rbH_cube_blindk_t150_seed42.log	python -m surveyor.envs.cube.eval --subgoal surveyor --gdm-ckpt gdm_cube_s10_gc.pt --gdm-steps 3 --accept-tau 999 --horizon 2 --receding-horizon 2 --num-samples 600 --n-steps 30 --source pretrained --encoder-id quentinll/lewm-cube --h5 "$CUBE_H5" --device cuda --start final --goal-offset 150 --eval-budget 300 --num-eval 128 --seed 42 --cem-seed 42 --episode-min 8000
1130	cube	icem_flat_rh5	150	42	logs/rbH_cube_icem_flat_rh5_t150_seed42.log	python -m surveyor.envs.cube.eval --solver icem --subgoal flat --horizon 5 --receding-horizon 5 --num-samples 600 --n-steps 30 --source pretrained --encoder-id quentinll/lewm-cube --h5 "$CUBE_H5" --device cuda --start final --goal-offset 150 --eval-budget 300 --num-eval 128 --seed 42 --cem-seed 42 --episode-min 8000
1131	cube	icem_ffjepa_s10k3	150	42	logs/rbH_cube_icem_ffjepa_s10k3_t150_seed42.log	python -m surveyor.envs.cube.eval --solver icem --subgoal ffjepa --gdm-ckpt gdm_cube_s10_gc.pt --gdm-steps 3 --horizon 2 --receding-horizon 2 --num-samples 600 --n-steps 30 --source pretrained --encoder-id quentinll/lewm-cube --h5 "$CUBE_H5" --device cuda --start final --goal-offset 150 --eval-budget 300 --num-eval 128 --seed 42 --cem-seed 42 --episode-min 8000
1132	cube	icem_surveyor	150	42	logs/rbH_cube_icem_surveyor_t150_seed42.log	python -m surveyor.envs.cube.eval --solver icem --subgoal surveyor --gdm-ckpt gdm_cube_s10_gc.pt --gdm-steps 3 --accept-tau 0.20 --horizon 2 --receding-horizon 2 --num-samples 600 --n-steps 30 --source pretrained --encoder-id quentinll/lewm-cube --h5 "$CUBE_H5" --device cuda --start final --goal-offset 150 --eval-budget 300 --num-eval 128 --seed 42 --cem-seed 42 --episode-min 8000
1133	cube	icem_router	150	42	logs/rbH_cube_icem_router_t150_seed42.log	python -m surveyor.envs.cube.eval --solver icem --subgoal router+surveyor --gdm-ckpt gdm_cube_s10_gc.pt --gdm-steps 3 --accept-tau 0.20 --horizon 2 --receding-horizon 2 --num-samples 600 --n-steps 30 --source pretrained --encoder-id quentinll/lewm-cube --h5 "$CUBE_H5" --device cuda --start final --goal-offset 150 --eval-budget 300 --num-eval 128 --seed 42 --cem-seed 42 --episode-min 8000
1134	cube	icem_blindk	150	42	logs/rbH_cube_icem_blindk_t150_seed42.log	python -m surveyor.envs.cube.eval --solver icem --subgoal surveyor --gdm-ckpt gdm_cube_s10_gc.pt --gdm-steps 3 --accept-tau 999 --horizon 2 --receding-horizon 2 --num-samples 600 --n-steps 30 --source pretrained --encoder-id quentinll/lewm-cube --h5 "$CUBE_H5" --device cuda --start final --goal-offset 150 --eval-budget 300 --num-eval 128 --seed 42 --cem-seed 42 --episode-min 8000
1135	cube	mppi_flat_rh5	150	42	logs/rbH_cube_mppi_flat_rh5_t150_seed42.log	python -m surveyor.envs.cube.eval --solver mppi --subgoal flat --horizon 5 --receding-horizon 5 --num-samples 600 --n-steps 30 --source pretrained --encoder-id quentinll/lewm-cube --h5 "$CUBE_H5" --device cuda --start final --goal-offset 150 --eval-budget 300 --num-eval 128 --seed 42 --cem-seed 42 --episode-min 8000
1136	cube	mppi_ffjepa_s10k3	150	42	logs/rbH_cube_mppi_ffjepa_s10k3_t150_seed42.log	python -m surveyor.envs.cube.eval --solver mppi --subgoal ffjepa --gdm-ckpt gdm_cube_s10_gc.pt --gdm-steps 3 --horizon 2 --receding-horizon 2 --num-samples 600 --n-steps 30 --source pretrained --encoder-id quentinll/lewm-cube --h5 "$CUBE_H5" --device cuda --start final --goal-offset 150 --eval-budget 300 --num-eval 128 --seed 42 --cem-seed 42 --episode-min 8000
1137	cube	mppi_surveyor	150	42	logs/rbH_cube_mppi_surveyor_t150_seed42.log	python -m surveyor.envs.cube.eval --solver mppi --subgoal surveyor --gdm-ckpt gdm_cube_s10_gc.pt --gdm-steps 3 --accept-tau 0.20 --horizon 2 --receding-horizon 2 --num-samples 600 --n-steps 30 --source pretrained --encoder-id quentinll/lewm-cube --h5 "$CUBE_H5" --device cuda --start final --goal-offset 150 --eval-budget 300 --num-eval 128 --seed 42 --cem-seed 42 --episode-min 8000
1138	cube	mppi_router	150	42	logs/rbH_cube_mppi_router_t150_seed42.log	python -m surveyor.envs.cube.eval --solver mppi --subgoal router+surveyor --gdm-ckpt gdm_cube_s10_gc.pt --gdm-steps 3 --accept-tau 0.20 --horizon 2 --receding-horizon 2 --num-samples 600 --n-steps 30 --source pretrained --encoder-id quentinll/lewm-cube --h5 "$CUBE_H5" --device cuda --start final --goal-offset 150 --eval-budget 300 --num-eval 128 --seed 42 --cem-seed 42 --episode-min 8000
1139	cube	mppi_blindk	150	42	logs/rbH_cube_mppi_blindk_t150_seed42.log	python -m surveyor.envs.cube.eval --solver mppi --subgoal surveyor --gdm-ckpt gdm_cube_s10_gc.pt --gdm-steps 3 --accept-tau 999 --horizon 2 --receding-horizon 2 --num-samples 600 --n-steps 30 --source pretrained --encoder-id quentinll/lewm-cube --h5 "$CUBE_H5" --device cuda --start final --goal-offset 150 --eval-budget 300 --num-eval 128 --seed 42 --cem-seed 42 --episode-min 8000
1140	cube	ffjepa_s10k3	150	43	logs/rbH_cube_ffjepa_s10k3_t150_seed43.log	python -m surveyor.envs.cube.eval --subgoal ffjepa --gdm-ckpt gdm_cube_s10_gc.pt --gdm-steps 3 --horizon 2 --receding-horizon 2 --num-samples 600 --n-steps 30 --source pretrained --encoder-id quentinll/lewm-cube --h5 "$CUBE_H5" --device cuda --start final --goal-offset 150 --eval-budget 300 --num-eval 128 --seed 43 --cem-seed 43 --episode-min 8000
1141	cube	blindk	150	43	logs/rbH_cube_blindk_t150_seed43.log	python -m surveyor.envs.cube.eval --subgoal surveyor --gdm-ckpt gdm_cube_s10_gc.pt --gdm-steps 3 --accept-tau 999 --horizon 2 --receding-horizon 2 --num-samples 600 --n-steps 30 --source pretrained --encoder-id quentinll/lewm-cube --h5 "$CUBE_H5" --device cuda --start final --goal-offset 150 --eval-budget 300 --num-eval 128 --seed 43 --cem-seed 43 --episode-min 8000
1142	cube	icem_flat_rh5	150	43	logs/rbH_cube_icem_flat_rh5_t150_seed43.log	python -m surveyor.envs.cube.eval --solver icem --subgoal flat --horizon 5 --receding-horizon 5 --num-samples 600 --n-steps 30 --source pretrained --encoder-id quentinll/lewm-cube --h5 "$CUBE_H5" --device cuda --start final --goal-offset 150 --eval-budget 300 --num-eval 128 --seed 43 --cem-seed 43 --episode-min 8000
1143	cube	icem_ffjepa_s10k3	150	43	logs/rbH_cube_icem_ffjepa_s10k3_t150_seed43.log	python -m surveyor.envs.cube.eval --solver icem --subgoal ffjepa --gdm-ckpt gdm_cube_s10_gc.pt --gdm-steps 3 --horizon 2 --receding-horizon 2 --num-samples 600 --n-steps 30 --source pretrained --encoder-id quentinll/lewm-cube --h5 "$CUBE_H5" --device cuda --start final --goal-offset 150 --eval-budget 300 --num-eval 128 --seed 43 --cem-seed 43 --episode-min 8000
1144	cube	icem_surveyor	150	43	logs/rbH_cube_icem_surveyor_t150_seed43.log	python -m surveyor.envs.cube.eval --solver icem --subgoal surveyor --gdm-ckpt gdm_cube_s10_gc.pt --gdm-steps 3 --accept-tau 0.20 --horizon 2 --receding-horizon 2 --num-samples 600 --n-steps 30 --source pretrained --encoder-id quentinll/lewm-cube --h5 "$CUBE_H5" --device cuda --start final --goal-offset 150 --eval-budget 300 --num-eval 128 --seed 43 --cem-seed 43 --episode-min 8000
1145	cube	icem_router	150	43	logs/rbH_cube_icem_router_t150_seed43.log	python -m surveyor.envs.cube.eval --solver icem --subgoal router+surveyor --gdm-ckpt gdm_cube_s10_gc.pt --gdm-steps 3 --accept-tau 0.20 --horizon 2 --receding-horizon 2 --num-samples 600 --n-steps 30 --source pretrained --encoder-id quentinll/lewm-cube --h5 "$CUBE_H5" --device cuda --start final --goal-offset 150 --eval-budget 300 --num-eval 128 --seed 43 --cem-seed 43 --episode-min 8000
1146	cube	icem_blindk	150	43	logs/rbH_cube_icem_blindk_t150_seed43.log	python -m surveyor.envs.cube.eval --solver icem --subgoal surveyor --gdm-ckpt gdm_cube_s10_gc.pt --gdm-steps 3 --accept-tau 999 --horizon 2 --receding-horizon 2 --num-samples 600 --n-steps 30 --source pretrained --encoder-id quentinll/lewm-cube --h5 "$CUBE_H5" --device cuda --start final --goal-offset 150 --eval-budget 300 --num-eval 128 --seed 43 --cem-seed 43 --episode-min 8000
1147	cube	mppi_flat_rh5	150	43	logs/rbH_cube_mppi_flat_rh5_t150_seed43.log	python -m surveyor.envs.cube.eval --solver mppi --subgoal flat --horizon 5 --receding-horizon 5 --num-samples 600 --n-steps 30 --source pretrained --encoder-id quentinll/lewm-cube --h5 "$CUBE_H5" --device cuda --start final --goal-offset 150 --eval-budget 300 --num-eval 128 --seed 43 --cem-seed 43 --episode-min 8000
1148	cube	mppi_ffjepa_s10k3	150	43	logs/rbH_cube_mppi_ffjepa_s10k3_t150_seed43.log	python -m surveyor.envs.cube.eval --solver mppi --subgoal ffjepa --gdm-ckpt gdm_cube_s10_gc.pt --gdm-steps 3 --horizon 2 --receding-horizon 2 --num-samples 600 --n-steps 30 --source pretrained --encoder-id quentinll/lewm-cube --h5 "$CUBE_H5" --device cuda --start final --goal-offset 150 --eval-budget 300 --num-eval 128 --seed 43 --cem-seed 43 --episode-min 8000
1149	cube	mppi_surveyor	150	43	logs/rbH_cube_mppi_surveyor_t150_seed43.log	python -m surveyor.envs.cube.eval --solver mppi --subgoal surveyor --gdm-ckpt gdm_cube_s10_gc.pt --gdm-steps 3 --accept-tau 0.20 --horizon 2 --receding-horizon 2 --num-samples 600 --n-steps 30 --source pretrained --encoder-id quentinll/lewm-cube --h5 "$CUBE_H5" --device cuda --start final --goal-offset 150 --eval-budget 300 --num-eval 128 --seed 43 --cem-seed 43 --episode-min 8000
1150	cube	mppi_router	150	43	logs/rbH_cube_mppi_router_t150_seed43.log	python -m surveyor.envs.cube.eval --solver mppi --subgoal router+surveyor --gdm-ckpt gdm_cube_s10_gc.pt --gdm-steps 3 --accept-tau 0.20 --horizon 2 --receding-horizon 2 --num-samples 600 --n-steps 30 --source pretrained --encoder-id quentinll/lewm-cube --h5 "$CUBE_H5" --device cuda --start final --goal-offset 150 --eval-budget 300 --num-eval 128 --seed 43 --cem-seed 43 --episode-min 8000
1151	cube	mppi_blindk	150	43	logs/rbH_cube_mppi_blindk_t150_seed43.log	python -m surveyor.envs.cube.eval --solver mppi --subgoal surveyor --gdm-ckpt gdm_cube_s10_gc.pt --gdm-steps 3 --accept-tau 999 --horizon 2 --receding-horizon 2 --num-samples 600 --n-steps 30 --source pretrained --encoder-id quentinll/lewm-cube --h5 "$CUBE_H5" --device cuda --start final --goal-offset 150 --eval-budget 300 --num-eval 128 --seed 43 --cem-seed 43 --episode-min 8000
1152	cube	ffjepa_s10k3	150	44	logs/rbH_cube_ffjepa_s10k3_t150_seed44.log	python -m surveyor.envs.cube.eval --subgoal ffjepa --gdm-ckpt gdm_cube_s10_gc.pt --gdm-steps 3 --horizon 2 --receding-horizon 2 --num-samples 600 --n-steps 30 --source pretrained --encoder-id quentinll/lewm-cube --h5 "$CUBE_H5" --device cuda --start final --goal-offset 150 --eval-budget 300 --num-eval 128 --seed 44 --cem-seed 44 --episode-min 8000
1153	cube	blindk	150	44	logs/rbH_cube_blindk_t150_seed44.log	python -m surveyor.envs.cube.eval --subgoal surveyor --gdm-ckpt gdm_cube_s10_gc.pt --gdm-steps 3 --accept-tau 999 --horizon 2 --receding-horizon 2 --num-samples 600 --n-steps 30 --source pretrained --encoder-id quentinll/lewm-cube --h5 "$CUBE_H5" --device cuda --start final --goal-offset 150 --eval-budget 300 --num-eval 128 --seed 44 --cem-seed 44 --episode-min 8000
1154	cube	icem_flat_rh5	150	44	logs/rbH_cube_icem_flat_rh5_t150_seed44.log	python -m surveyor.envs.cube.eval --solver icem --subgoal flat --horizon 5 --receding-horizon 5 --num-samples 600 --n-steps 30 --source pretrained --encoder-id quentinll/lewm-cube --h5 "$CUBE_H5" --device cuda --start final --goal-offset 150 --eval-budget 300 --num-eval 128 --seed 44 --cem-seed 44 --episode-min 8000
1155	cube	icem_ffjepa_s10k3	150	44	logs/rbH_cube_icem_ffjepa_s10k3_t150_seed44.log	python -m surveyor.envs.cube.eval --solver icem --subgoal ffjepa --gdm-ckpt gdm_cube_s10_gc.pt --gdm-steps 3 --horizon 2 --receding-horizon 2 --num-samples 600 --n-steps 30 --source pretrained --encoder-id quentinll/lewm-cube --h5 "$CUBE_H5" --device cuda --start final --goal-offset 150 --eval-budget 300 --num-eval 128 --seed 44 --cem-seed 44 --episode-min 8000
1156	cube	icem_surveyor	150	44	logs/rbH_cube_icem_surveyor_t150_seed44.log	python -m surveyor.envs.cube.eval --solver icem --subgoal surveyor --gdm-ckpt gdm_cube_s10_gc.pt --gdm-steps 3 --accept-tau 0.20 --horizon 2 --receding-horizon 2 --num-samples 600 --n-steps 30 --source pretrained --encoder-id quentinll/lewm-cube --h5 "$CUBE_H5" --device cuda --start final --goal-offset 150 --eval-budget 300 --num-eval 128 --seed 44 --cem-seed 44 --episode-min 8000
1157	cube	icem_router	150	44	logs/rbH_cube_icem_router_t150_seed44.log	python -m surveyor.envs.cube.eval --solver icem --subgoal router+surveyor --gdm-ckpt gdm_cube_s10_gc.pt --gdm-steps 3 --accept-tau 0.20 --horizon 2 --receding-horizon 2 --num-samples 600 --n-steps 30 --source pretrained --encoder-id quentinll/lewm-cube --h5 "$CUBE_H5" --device cuda --start final --goal-offset 150 --eval-budget 300 --num-eval 128 --seed 44 --cem-seed 44 --episode-min 8000
1158	cube	icem_blindk	150	44	logs/rbH_cube_icem_blindk_t150_seed44.log	python -m surveyor.envs.cube.eval --solver icem --subgoal surveyor --gdm-ckpt gdm_cube_s10_gc.pt --gdm-steps 3 --accept-tau 999 --horizon 2 --receding-horizon 2 --num-samples 600 --n-steps 30 --source pretrained --encoder-id quentinll/lewm-cube --h5 "$CUBE_H5" --device cuda --start final --goal-offset 150 --eval-budget 300 --num-eval 128 --seed 44 --cem-seed 44 --episode-min 8000
1159	cube	mppi_flat_rh5	150	44	logs/rbH_cube_mppi_flat_rh5_t150_seed44.log	python -m surveyor.envs.cube.eval --solver mppi --subgoal flat --horizon 5 --receding-horizon 5 --num-samples 600 --n-steps 30 --source pretrained --encoder-id quentinll/lewm-cube --h5 "$CUBE_H5" --device cuda --start final --goal-offset 150 --eval-budget 300 --num-eval 128 --seed 44 --cem-seed 44 --episode-min 8000
1160	cube	mppi_ffjepa_s10k3	150	44	logs/rbH_cube_mppi_ffjepa_s10k3_t150_seed44.log	python -m surveyor.envs.cube.eval --solver mppi --subgoal ffjepa --gdm-ckpt gdm_cube_s10_gc.pt --gdm-steps 3 --horizon 2 --receding-horizon 2 --num-samples 600 --n-steps 30 --source pretrained --encoder-id quentinll/lewm-cube --h5 "$CUBE_H5" --device cuda --start final --goal-offset 150 --eval-budget 300 --num-eval 128 --seed 44 --cem-seed 44 --episode-min 8000
1161	cube	mppi_surveyor	150	44	logs/rbH_cube_mppi_surveyor_t150_seed44.log	python -m surveyor.envs.cube.eval --solver mppi --subgoal surveyor --gdm-ckpt gdm_cube_s10_gc.pt --gdm-steps 3 --accept-tau 0.20 --horizon 2 --receding-horizon 2 --num-samples 600 --n-steps 30 --source pretrained --encoder-id quentinll/lewm-cube --h5 "$CUBE_H5" --device cuda --start final --goal-offset 150 --eval-budget 300 --num-eval 128 --seed 44 --cem-seed 44 --episode-min 8000
1162	cube	mppi_router	150	44	logs/rbH_cube_mppi_router_t150_seed44.log	python -m surveyor.envs.cube.eval --solver mppi --subgoal router+surveyor --gdm-ckpt gdm_cube_s10_gc.pt --gdm-steps 3 --accept-tau 0.20 --horizon 2 --receding-horizon 2 --num-samples 600 --n-steps 30 --source pretrained --encoder-id quentinll/lewm-cube --h5 "$CUBE_H5" --device cuda --start final --goal-offset 150 --eval-budget 300 --num-eval 128 --seed 44 --cem-seed 44 --episode-min 8000
1163	cube	mppi_blindk	150	44	logs/rbH_cube_mppi_blindk_t150_seed44.log	python -m surveyor.envs.cube.eval --solver mppi --subgoal surveyor --gdm-ckpt gdm_cube_s10_gc.pt --gdm-steps 3 --accept-tau 999 --horizon 2 --receding-horizon 2 --num-samples 600 --n-steps 30 --source pretrained --encoder-id quentinll/lewm-cube --h5 "$CUBE_H5" --device cuda --start final --goal-offset 150 --eval-budget 300 --num-eval 128 --seed 44 --cem-seed 44 --episode-min 8000
1164	cube	ffjepa_s10k3	150	45	logs/rbH_cube_ffjepa_s10k3_t150_seed45.log	python -m surveyor.envs.cube.eval --subgoal ffjepa --gdm-ckpt gdm_cube_s10_gc.pt --gdm-steps 3 --horizon 2 --receding-horizon 2 --num-samples 600 --n-steps 30 --source pretrained --encoder-id quentinll/lewm-cube --h5 "$CUBE_H5" --device cuda --start final --goal-offset 150 --eval-budget 300 --num-eval 128 --seed 45 --cem-seed 45 --episode-min 8000
1165	cube	blindk	150	45	logs/rbH_cube_blindk_t150_seed45.log	python -m surveyor.envs.cube.eval --subgoal surveyor --gdm-ckpt gdm_cube_s10_gc.pt --gdm-steps 3 --accept-tau 999 --horizon 2 --receding-horizon 2 --num-samples 600 --n-steps 30 --source pretrained --encoder-id quentinll/lewm-cube --h5 "$CUBE_H5" --device cuda --start final --goal-offset 150 --eval-budget 300 --num-eval 128 --seed 45 --cem-seed 45 --episode-min 8000
1166	cube	icem_flat_rh5	150	45	logs/rbH_cube_icem_flat_rh5_t150_seed45.log	python -m surveyor.envs.cube.eval --solver icem --subgoal flat --horizon 5 --receding-horizon 5 --num-samples 600 --n-steps 30 --source pretrained --encoder-id quentinll/lewm-cube --h5 "$CUBE_H5" --device cuda --start final --goal-offset 150 --eval-budget 300 --num-eval 128 --seed 45 --cem-seed 45 --episode-min 8000
1167	cube	icem_ffjepa_s10k3	150	45	logs/rbH_cube_icem_ffjepa_s10k3_t150_seed45.log	python -m surveyor.envs.cube.eval --solver icem --subgoal ffjepa --gdm-ckpt gdm_cube_s10_gc.pt --gdm-steps 3 --horizon 2 --receding-horizon 2 --num-samples 600 --n-steps 30 --source pretrained --encoder-id quentinll/lewm-cube --h5 "$CUBE_H5" --device cuda --start final --goal-offset 150 --eval-budget 300 --num-eval 128 --seed 45 --cem-seed 45 --episode-min 8000
1168	cube	icem_surveyor	150	45	logs/rbH_cube_icem_surveyor_t150_seed45.log	python -m surveyor.envs.cube.eval --solver icem --subgoal surveyor --gdm-ckpt gdm_cube_s10_gc.pt --gdm-steps 3 --accept-tau 0.20 --horizon 2 --receding-horizon 2 --num-samples 600 --n-steps 30 --source pretrained --encoder-id quentinll/lewm-cube --h5 "$CUBE_H5" --device cuda --start final --goal-offset 150 --eval-budget 300 --num-eval 128 --seed 45 --cem-seed 45 --episode-min 8000
1169	cube	icem_router	150	45	logs/rbH_cube_icem_router_t150_seed45.log	python -m surveyor.envs.cube.eval --solver icem --subgoal router+surveyor --gdm-ckpt gdm_cube_s10_gc.pt --gdm-steps 3 --accept-tau 0.20 --horizon 2 --receding-horizon 2 --num-samples 600 --n-steps 30 --source pretrained --encoder-id quentinll/lewm-cube --h5 "$CUBE_H5" --device cuda --start final --goal-offset 150 --eval-budget 300 --num-eval 128 --seed 45 --cem-seed 45 --episode-min 8000
1170	cube	icem_blindk	150	45	logs/rbH_cube_icem_blindk_t150_seed45.log	python -m surveyor.envs.cube.eval --solver icem --subgoal surveyor --gdm-ckpt gdm_cube_s10_gc.pt --gdm-steps 3 --accept-tau 999 --horizon 2 --receding-horizon 2 --num-samples 600 --n-steps 30 --source pretrained --encoder-id quentinll/lewm-cube --h5 "$CUBE_H5" --device cuda --start final --goal-offset 150 --eval-budget 300 --num-eval 128 --seed 45 --cem-seed 45 --episode-min 8000
1171	cube	mppi_flat_rh5	150	45	logs/rbH_cube_mppi_flat_rh5_t150_seed45.log	python -m surveyor.envs.cube.eval --solver mppi --subgoal flat --horizon 5 --receding-horizon 5 --num-samples 600 --n-steps 30 --source pretrained --encoder-id quentinll/lewm-cube --h5 "$CUBE_H5" --device cuda --start final --goal-offset 150 --eval-budget 300 --num-eval 128 --seed 45 --cem-seed 45 --episode-min 8000
1172	cube	mppi_ffjepa_s10k3	150	45	logs/rbH_cube_mppi_ffjepa_s10k3_t150_seed45.log	python -m surveyor.envs.cube.eval --solver mppi --subgoal ffjepa --gdm-ckpt gdm_cube_s10_gc.pt --gdm-steps 3 --horizon 2 --receding-horizon 2 --num-samples 600 --n-steps 30 --source pretrained --encoder-id quentinll/lewm-cube --h5 "$CUBE_H5" --device cuda --start final --goal-offset 150 --eval-budget 300 --num-eval 128 --seed 45 --cem-seed 45 --episode-min 8000
1173	cube	mppi_surveyor	150	45	logs/rbH_cube_mppi_surveyor_t150_seed45.log	python -m surveyor.envs.cube.eval --solver mppi --subgoal surveyor --gdm-ckpt gdm_cube_s10_gc.pt --gdm-steps 3 --accept-tau 0.20 --horizon 2 --receding-horizon 2 --num-samples 600 --n-steps 30 --source pretrained --encoder-id quentinll/lewm-cube --h5 "$CUBE_H5" --device cuda --start final --goal-offset 150 --eval-budget 300 --num-eval 128 --seed 45 --cem-seed 45 --episode-min 8000
1174	cube	mppi_router	150	45	logs/rbH_cube_mppi_router_t150_seed45.log	python -m surveyor.envs.cube.eval --solver mppi --subgoal router+surveyor --gdm-ckpt gdm_cube_s10_gc.pt --gdm-steps 3 --accept-tau 0.20 --horizon 2 --receding-horizon 2 --num-samples 600 --n-steps 30 --source pretrained --encoder-id quentinll/lewm-cube --h5 "$CUBE_H5" --device cuda --start final --goal-offset 150 --eval-budget 300 --num-eval 128 --seed 45 --cem-seed 45 --episode-min 8000
1175	cube	mppi_blindk	150	45	logs/rbH_cube_mppi_blindk_t150_seed45.log	python -m surveyor.envs.cube.eval --solver mppi --subgoal surveyor --gdm-ckpt gdm_cube_s10_gc.pt --gdm-steps 3 --accept-tau 999 --horizon 2 --receding-horizon 2 --num-samples 600 --n-steps 30 --source pretrained --encoder-id quentinll/lewm-cube --h5 "$CUBE_H5" --device cuda --start final --goal-offset 150 --eval-budget 300 --num-eval 128 --seed 45 --cem-seed 45 --episode-min 8000
1176	cube	ffjepa_s10k3	150	46	logs/rbH_cube_ffjepa_s10k3_t150_seed46.log	python -m surveyor.envs.cube.eval --subgoal ffjepa --gdm-ckpt gdm_cube_s10_gc.pt --gdm-steps 3 --horizon 2 --receding-horizon 2 --num-samples 600 --n-steps 30 --source pretrained --encoder-id quentinll/lewm-cube --h5 "$CUBE_H5" --device cuda --start final --goal-offset 150 --eval-budget 300 --num-eval 128 --seed 46 --cem-seed 46 --episode-min 8000
1177	cube	blindk	150	46	logs/rbH_cube_blindk_t150_seed46.log	python -m surveyor.envs.cube.eval --subgoal surveyor --gdm-ckpt gdm_cube_s10_gc.pt --gdm-steps 3 --accept-tau 999 --horizon 2 --receding-horizon 2 --num-samples 600 --n-steps 30 --source pretrained --encoder-id quentinll/lewm-cube --h5 "$CUBE_H5" --device cuda --start final --goal-offset 150 --eval-budget 300 --num-eval 128 --seed 46 --cem-seed 46 --episode-min 8000
1178	cube	icem_flat_rh5	150	46	logs/rbH_cube_icem_flat_rh5_t150_seed46.log	python -m surveyor.envs.cube.eval --solver icem --subgoal flat --horizon 5 --receding-horizon 5 --num-samples 600 --n-steps 30 --source pretrained --encoder-id quentinll/lewm-cube --h5 "$CUBE_H5" --device cuda --start final --goal-offset 150 --eval-budget 300 --num-eval 128 --seed 46 --cem-seed 46 --episode-min 8000
1179	cube	icem_ffjepa_s10k3	150	46	logs/rbH_cube_icem_ffjepa_s10k3_t150_seed46.log	python -m surveyor.envs.cube.eval --solver icem --subgoal ffjepa --gdm-ckpt gdm_cube_s10_gc.pt --gdm-steps 3 --horizon 2 --receding-horizon 2 --num-samples 600 --n-steps 30 --source pretrained --encoder-id quentinll/lewm-cube --h5 "$CUBE_H5" --device cuda --start final --goal-offset 150 --eval-budget 300 --num-eval 128 --seed 46 --cem-seed 46 --episode-min 8000
1180	cube	icem_surveyor	150	46	logs/rbH_cube_icem_surveyor_t150_seed46.log	python -m surveyor.envs.cube.eval --solver icem --subgoal surveyor --gdm-ckpt gdm_cube_s10_gc.pt --gdm-steps 3 --accept-tau 0.20 --horizon 2 --receding-horizon 2 --num-samples 600 --n-steps 30 --source pretrained --encoder-id quentinll/lewm-cube --h5 "$CUBE_H5" --device cuda --start final --goal-offset 150 --eval-budget 300 --num-eval 128 --seed 46 --cem-seed 46 --episode-min 8000
1181	cube	icem_router	150	46	logs/rbH_cube_icem_router_t150_seed46.log	python -m surveyor.envs.cube.eval --solver icem --subgoal router+surveyor --gdm-ckpt gdm_cube_s10_gc.pt --gdm-steps 3 --accept-tau 0.20 --horizon 2 --receding-horizon 2 --num-samples 600 --n-steps 30 --source pretrained --encoder-id quentinll/lewm-cube --h5 "$CUBE_H5" --device cuda --start final --goal-offset 150 --eval-budget 300 --num-eval 128 --seed 46 --cem-seed 46 --episode-min 8000
1182	cube	icem_blindk	150	46	logs/rbH_cube_icem_blindk_t150_seed46.log	python -m surveyor.envs.cube.eval --solver icem --subgoal surveyor --gdm-ckpt gdm_cube_s10_gc.pt --gdm-steps 3 --accept-tau 999 --horizon 2 --receding-horizon 2 --num-samples 600 --n-steps 30 --source pretrained --encoder-id quentinll/lewm-cube --h5 "$CUBE_H5" --device cuda --start final --goal-offset 150 --eval-budget 300 --num-eval 128 --seed 46 --cem-seed 46 --episode-min 8000
1183	cube	mppi_flat_rh5	150	46	logs/rbH_cube_mppi_flat_rh5_t150_seed46.log	python -m surveyor.envs.cube.eval --solver mppi --subgoal flat --horizon 5 --receding-horizon 5 --num-samples 600 --n-steps 30 --source pretrained --encoder-id quentinll/lewm-cube --h5 "$CUBE_H5" --device cuda --start final --goal-offset 150 --eval-budget 300 --num-eval 128 --seed 46 --cem-seed 46 --episode-min 8000
1184	cube	mppi_ffjepa_s10k3	150	46	logs/rbH_cube_mppi_ffjepa_s10k3_t150_seed46.log	python -m surveyor.envs.cube.eval --solver mppi --subgoal ffjepa --gdm-ckpt gdm_cube_s10_gc.pt --gdm-steps 3 --horizon 2 --receding-horizon 2 --num-samples 600 --n-steps 30 --source pretrained --encoder-id quentinll/lewm-cube --h5 "$CUBE_H5" --device cuda --start final --goal-offset 150 --eval-budget 300 --num-eval 128 --seed 46 --cem-seed 46 --episode-min 8000
1185	cube	mppi_surveyor	150	46	logs/rbH_cube_mppi_surveyor_t150_seed46.log	python -m surveyor.envs.cube.eval --solver mppi --subgoal surveyor --gdm-ckpt gdm_cube_s10_gc.pt --gdm-steps 3 --accept-tau 0.20 --horizon 2 --receding-horizon 2 --num-samples 600 --n-steps 30 --source pretrained --encoder-id quentinll/lewm-cube --h5 "$CUBE_H5" --device cuda --start final --goal-offset 150 --eval-budget 300 --num-eval 128 --seed 46 --cem-seed 46 --episode-min 8000
1186	cube	mppi_router	150	46	logs/rbH_cube_mppi_router_t150_seed46.log	python -m surveyor.envs.cube.eval --solver mppi --subgoal router+surveyor --gdm-ckpt gdm_cube_s10_gc.pt --gdm-steps 3 --accept-tau 0.20 --horizon 2 --receding-horizon 2 --num-samples 600 --n-steps 30 --source pretrained --encoder-id quentinll/lewm-cube --h5 "$CUBE_H5" --device cuda --start final --goal-offset 150 --eval-budget 300 --num-eval 128 --seed 46 --cem-seed 46 --episode-min 8000
1187	cube	mppi_blindk	150	46	logs/rbH_cube_mppi_blindk_t150_seed46.log	python -m surveyor.envs.cube.eval --solver mppi --subgoal surveyor --gdm-ckpt gdm_cube_s10_gc.pt --gdm-steps 3 --accept-tau 999 --horizon 2 --receding-horizon 2 --num-samples 600 --n-steps 30 --source pretrained --encoder-id quentinll/lewm-cube --h5 "$CUBE_H5" --device cuda --start final --goal-offset 150 --eval-budget 300 --num-eval 128 --seed 46 --cem-seed 46 --episode-min 8000
1188	cube	ffjepa_s10k3	150	47	logs/rbH_cube_ffjepa_s10k3_t150_seed47.log	python -m surveyor.envs.cube.eval --subgoal ffjepa --gdm-ckpt gdm_cube_s10_gc.pt --gdm-steps 3 --horizon 2 --receding-horizon 2 --num-samples 600 --n-steps 30 --source pretrained --encoder-id quentinll/lewm-cube --h5 "$CUBE_H5" --device cuda --start final --goal-offset 150 --eval-budget 300 --num-eval 128 --seed 47 --cem-seed 47 --episode-min 8000
1189	cube	blindk	150	47	logs/rbH_cube_blindk_t150_seed47.log	python -m surveyor.envs.cube.eval --subgoal surveyor --gdm-ckpt gdm_cube_s10_gc.pt --gdm-steps 3 --accept-tau 999 --horizon 2 --receding-horizon 2 --num-samples 600 --n-steps 30 --source pretrained --encoder-id quentinll/lewm-cube --h5 "$CUBE_H5" --device cuda --start final --goal-offset 150 --eval-budget 300 --num-eval 128 --seed 47 --cem-seed 47 --episode-min 8000
1190	cube	icem_flat_rh5	150	47	logs/rbH_cube_icem_flat_rh5_t150_seed47.log	python -m surveyor.envs.cube.eval --solver icem --subgoal flat --horizon 5 --receding-horizon 5 --num-samples 600 --n-steps 30 --source pretrained --encoder-id quentinll/lewm-cube --h5 "$CUBE_H5" --device cuda --start final --goal-offset 150 --eval-budget 300 --num-eval 128 --seed 47 --cem-seed 47 --episode-min 8000
1191	cube	icem_ffjepa_s10k3	150	47	logs/rbH_cube_icem_ffjepa_s10k3_t150_seed47.log	python -m surveyor.envs.cube.eval --solver icem --subgoal ffjepa --gdm-ckpt gdm_cube_s10_gc.pt --gdm-steps 3 --horizon 2 --receding-horizon 2 --num-samples 600 --n-steps 30 --source pretrained --encoder-id quentinll/lewm-cube --h5 "$CUBE_H5" --device cuda --start final --goal-offset 150 --eval-budget 300 --num-eval 128 --seed 47 --cem-seed 47 --episode-min 8000
1192	cube	icem_surveyor	150	47	logs/rbH_cube_icem_surveyor_t150_seed47.log	python -m surveyor.envs.cube.eval --solver icem --subgoal surveyor --gdm-ckpt gdm_cube_s10_gc.pt --gdm-steps 3 --accept-tau 0.20 --horizon 2 --receding-horizon 2 --num-samples 600 --n-steps 30 --source pretrained --encoder-id quentinll/lewm-cube --h5 "$CUBE_H5" --device cuda --start final --goal-offset 150 --eval-budget 300 --num-eval 128 --seed 47 --cem-seed 47 --episode-min 8000
1193	cube	icem_router	150	47	logs/rbH_cube_icem_router_t150_seed47.log	python -m surveyor.envs.cube.eval --solver icem --subgoal router+surveyor --gdm-ckpt gdm_cube_s10_gc.pt --gdm-steps 3 --accept-tau 0.20 --horizon 2 --receding-horizon 2 --num-samples 600 --n-steps 30 --source pretrained --encoder-id quentinll/lewm-cube --h5 "$CUBE_H5" --device cuda --start final --goal-offset 150 --eval-budget 300 --num-eval 128 --seed 47 --cem-seed 47 --episode-min 8000
1194	cube	icem_blindk	150	47	logs/rbH_cube_icem_blindk_t150_seed47.log	python -m surveyor.envs.cube.eval --solver icem --subgoal surveyor --gdm-ckpt gdm_cube_s10_gc.pt --gdm-steps 3 --accept-tau 999 --horizon 2 --receding-horizon 2 --num-samples 600 --n-steps 30 --source pretrained --encoder-id quentinll/lewm-cube --h5 "$CUBE_H5" --device cuda --start final --goal-offset 150 --eval-budget 300 --num-eval 128 --seed 47 --cem-seed 47 --episode-min 8000
1195	cube	mppi_flat_rh5	150	47	logs/rbH_cube_mppi_flat_rh5_t150_seed47.log	python -m surveyor.envs.cube.eval --solver mppi --subgoal flat --horizon 5 --receding-horizon 5 --num-samples 600 --n-steps 30 --source pretrained --encoder-id quentinll/lewm-cube --h5 "$CUBE_H5" --device cuda --start final --goal-offset 150 --eval-budget 300 --num-eval 128 --seed 47 --cem-seed 47 --episode-min 8000
1196	cube	mppi_ffjepa_s10k3	150	47	logs/rbH_cube_mppi_ffjepa_s10k3_t150_seed47.log	python -m surveyor.envs.cube.eval --solver mppi --subgoal ffjepa --gdm-ckpt gdm_cube_s10_gc.pt --gdm-steps 3 --horizon 2 --receding-horizon 2 --num-samples 600 --n-steps 30 --source pretrained --encoder-id quentinll/lewm-cube --h5 "$CUBE_H5" --device cuda --start final --goal-offset 150 --eval-budget 300 --num-eval 128 --seed 47 --cem-seed 47 --episode-min 8000
1197	cube	mppi_surveyor	150	47	logs/rbH_cube_mppi_surveyor_t150_seed47.log	python -m surveyor.envs.cube.eval --solver mppi --subgoal surveyor --gdm-ckpt gdm_cube_s10_gc.pt --gdm-steps 3 --accept-tau 0.20 --horizon 2 --receding-horizon 2 --num-samples 600 --n-steps 30 --source pretrained --encoder-id quentinll/lewm-cube --h5 "$CUBE_H5" --device cuda --start final --goal-offset 150 --eval-budget 300 --num-eval 128 --seed 47 --cem-seed 47 --episode-min 8000
1198	cube	mppi_router	150	47	logs/rbH_cube_mppi_router_t150_seed47.log	python -m surveyor.envs.cube.eval --solver mppi --subgoal router+surveyor --gdm-ckpt gdm_cube_s10_gc.pt --gdm-steps 3 --accept-tau 0.20 --horizon 2 --receding-horizon 2 --num-samples 600 --n-steps 30 --source pretrained --encoder-id quentinll/lewm-cube --h5 "$CUBE_H5" --device cuda --start final --goal-offset 150 --eval-budget 300 --num-eval 128 --seed 47 --cem-seed 47 --episode-min 8000
1199	cube	mppi_blindk	150	47	logs/rbH_cube_mppi_blindk_t150_seed47.log	python -m surveyor.envs.cube.eval --solver mppi --subgoal surveyor --gdm-ckpt gdm_cube_s10_gc.pt --gdm-steps 3 --accept-tau 999 --horizon 2 --receding-horizon 2 --num-samples 600 --n-steps 30 --source pretrained --encoder-id quentinll/lewm-cube --h5 "$CUBE_H5" --device cuda --start final --goal-offset 150 --eval-budget 300 --num-eval 128 --seed 47 --cem-seed 47 --episode-min 8000
1200	cube	ffjepa_s10k3	150	48	logs/rbH_cube_ffjepa_s10k3_t150_seed48.log	python -m surveyor.envs.cube.eval --subgoal ffjepa --gdm-ckpt gdm_cube_s10_gc.pt --gdm-steps 3 --horizon 2 --receding-horizon 2 --num-samples 600 --n-steps 30 --source pretrained --encoder-id quentinll/lewm-cube --h5 "$CUBE_H5" --device cuda --start final --goal-offset 150 --eval-budget 300 --num-eval 128 --seed 48 --cem-seed 48 --episode-min 8000
1201	cube	blindk	150	48	logs/rbH_cube_blindk_t150_seed48.log	python -m surveyor.envs.cube.eval --subgoal surveyor --gdm-ckpt gdm_cube_s10_gc.pt --gdm-steps 3 --accept-tau 999 --horizon 2 --receding-horizon 2 --num-samples 600 --n-steps 30 --source pretrained --encoder-id quentinll/lewm-cube --h5 "$CUBE_H5" --device cuda --start final --goal-offset 150 --eval-budget 300 --num-eval 128 --seed 48 --cem-seed 48 --episode-min 8000
1202	cube	icem_flat_rh5	150	48	logs/rbH_cube_icem_flat_rh5_t150_seed48.log	python -m surveyor.envs.cube.eval --solver icem --subgoal flat --horizon 5 --receding-horizon 5 --num-samples 600 --n-steps 30 --source pretrained --encoder-id quentinll/lewm-cube --h5 "$CUBE_H5" --device cuda --start final --goal-offset 150 --eval-budget 300 --num-eval 128 --seed 48 --cem-seed 48 --episode-min 8000
1203	cube	icem_ffjepa_s10k3	150	48	logs/rbH_cube_icem_ffjepa_s10k3_t150_seed48.log	python -m surveyor.envs.cube.eval --solver icem --subgoal ffjepa --gdm-ckpt gdm_cube_s10_gc.pt --gdm-steps 3 --horizon 2 --receding-horizon 2 --num-samples 600 --n-steps 30 --source pretrained --encoder-id quentinll/lewm-cube --h5 "$CUBE_H5" --device cuda --start final --goal-offset 150 --eval-budget 300 --num-eval 128 --seed 48 --cem-seed 48 --episode-min 8000
1204	cube	icem_surveyor	150	48	logs/rbH_cube_icem_surveyor_t150_seed48.log	python -m surveyor.envs.cube.eval --solver icem --subgoal surveyor --gdm-ckpt gdm_cube_s10_gc.pt --gdm-steps 3 --accept-tau 0.20 --horizon 2 --receding-horizon 2 --num-samples 600 --n-steps 30 --source pretrained --encoder-id quentinll/lewm-cube --h5 "$CUBE_H5" --device cuda --start final --goal-offset 150 --eval-budget 300 --num-eval 128 --seed 48 --cem-seed 48 --episode-min 8000
1205	cube	icem_router	150	48	logs/rbH_cube_icem_router_t150_seed48.log	python -m surveyor.envs.cube.eval --solver icem --subgoal router+surveyor --gdm-ckpt gdm_cube_s10_gc.pt --gdm-steps 3 --accept-tau 0.20 --horizon 2 --receding-horizon 2 --num-samples 600 --n-steps 30 --source pretrained --encoder-id quentinll/lewm-cube --h5 "$CUBE_H5" --device cuda --start final --goal-offset 150 --eval-budget 300 --num-eval 128 --seed 48 --cem-seed 48 --episode-min 8000
1206	cube	icem_blindk	150	48	logs/rbH_cube_icem_blindk_t150_seed48.log	python -m surveyor.envs.cube.eval --solver icem --subgoal surveyor --gdm-ckpt gdm_cube_s10_gc.pt --gdm-steps 3 --accept-tau 999 --horizon 2 --receding-horizon 2 --num-samples 600 --n-steps 30 --source pretrained --encoder-id quentinll/lewm-cube --h5 "$CUBE_H5" --device cuda --start final --goal-offset 150 --eval-budget 300 --num-eval 128 --seed 48 --cem-seed 48 --episode-min 8000
1207	cube	mppi_flat_rh5	150	48	logs/rbH_cube_mppi_flat_rh5_t150_seed48.log	python -m surveyor.envs.cube.eval --solver mppi --subgoal flat --horizon 5 --receding-horizon 5 --num-samples 600 --n-steps 30 --source pretrained --encoder-id quentinll/lewm-cube --h5 "$CUBE_H5" --device cuda --start final --goal-offset 150 --eval-budget 300 --num-eval 128 --seed 48 --cem-seed 48 --episode-min 8000
1208	cube	mppi_ffjepa_s10k3	150	48	logs/rbH_cube_mppi_ffjepa_s10k3_t150_seed48.log	python -m surveyor.envs.cube.eval --solver mppi --subgoal ffjepa --gdm-ckpt gdm_cube_s10_gc.pt --gdm-steps 3 --horizon 2 --receding-horizon 2 --num-samples 600 --n-steps 30 --source pretrained --encoder-id quentinll/lewm-cube --h5 "$CUBE_H5" --device cuda --start final --goal-offset 150 --eval-budget 300 --num-eval 128 --seed 48 --cem-seed 48 --episode-min 8000
1209	cube	mppi_surveyor	150	48	logs/rbH_cube_mppi_surveyor_t150_seed48.log	python -m surveyor.envs.cube.eval --solver mppi --subgoal surveyor --gdm-ckpt gdm_cube_s10_gc.pt --gdm-steps 3 --accept-tau 0.20 --horizon 2 --receding-horizon 2 --num-samples 600 --n-steps 30 --source pretrained --encoder-id quentinll/lewm-cube --h5 "$CUBE_H5" --device cuda --start final --goal-offset 150 --eval-budget 300 --num-eval 128 --seed 48 --cem-seed 48 --episode-min 8000
1210	cube	mppi_router	150	48	logs/rbH_cube_mppi_router_t150_seed48.log	python -m surveyor.envs.cube.eval --solver mppi --subgoal router+surveyor --gdm-ckpt gdm_cube_s10_gc.pt --gdm-steps 3 --accept-tau 0.20 --horizon 2 --receding-horizon 2 --num-samples 600 --n-steps 30 --source pretrained --encoder-id quentinll/lewm-cube --h5 "$CUBE_H5" --device cuda --start final --goal-offset 150 --eval-budget 300 --num-eval 128 --seed 48 --cem-seed 48 --episode-min 8000
1211	cube	mppi_blindk	150	48	logs/rbH_cube_mppi_blindk_t150_seed48.log	python -m surveyor.envs.cube.eval --solver mppi --subgoal surveyor --gdm-ckpt gdm_cube_s10_gc.pt --gdm-steps 3 --accept-tau 999 --horizon 2 --receding-horizon 2 --num-samples 600 --n-steps 30 --source pretrained --encoder-id quentinll/lewm-cube --h5 "$CUBE_H5" --device cuda --start final --goal-offset 150 --eval-budget 300 --num-eval 128 --seed 48 --cem-seed 48 --episode-min 8000
1212	cube	ffjepa_s10k3	150	49	logs/rbH_cube_ffjepa_s10k3_t150_seed49.log	python -m surveyor.envs.cube.eval --subgoal ffjepa --gdm-ckpt gdm_cube_s10_gc.pt --gdm-steps 3 --horizon 2 --receding-horizon 2 --num-samples 600 --n-steps 30 --source pretrained --encoder-id quentinll/lewm-cube --h5 "$CUBE_H5" --device cuda --start final --goal-offset 150 --eval-budget 300 --num-eval 128 --seed 49 --cem-seed 49 --episode-min 8000
1213	cube	blindk	150	49	logs/rbH_cube_blindk_t150_seed49.log	python -m surveyor.envs.cube.eval --subgoal surveyor --gdm-ckpt gdm_cube_s10_gc.pt --gdm-steps 3 --accept-tau 999 --horizon 2 --receding-horizon 2 --num-samples 600 --n-steps 30 --source pretrained --encoder-id quentinll/lewm-cube --h5 "$CUBE_H5" --device cuda --start final --goal-offset 150 --eval-budget 300 --num-eval 128 --seed 49 --cem-seed 49 --episode-min 8000
1214	cube	icem_flat_rh5	150	49	logs/rbH_cube_icem_flat_rh5_t150_seed49.log	python -m surveyor.envs.cube.eval --solver icem --subgoal flat --horizon 5 --receding-horizon 5 --num-samples 600 --n-steps 30 --source pretrained --encoder-id quentinll/lewm-cube --h5 "$CUBE_H5" --device cuda --start final --goal-offset 150 --eval-budget 300 --num-eval 128 --seed 49 --cem-seed 49 --episode-min 8000
1215	cube	icem_ffjepa_s10k3	150	49	logs/rbH_cube_icem_ffjepa_s10k3_t150_seed49.log	python -m surveyor.envs.cube.eval --solver icem --subgoal ffjepa --gdm-ckpt gdm_cube_s10_gc.pt --gdm-steps 3 --horizon 2 --receding-horizon 2 --num-samples 600 --n-steps 30 --source pretrained --encoder-id quentinll/lewm-cube --h5 "$CUBE_H5" --device cuda --start final --goal-offset 150 --eval-budget 300 --num-eval 128 --seed 49 --cem-seed 49 --episode-min 8000
1216	cube	icem_surveyor	150	49	logs/rbH_cube_icem_surveyor_t150_seed49.log	python -m surveyor.envs.cube.eval --solver icem --subgoal surveyor --gdm-ckpt gdm_cube_s10_gc.pt --gdm-steps 3 --accept-tau 0.20 --horizon 2 --receding-horizon 2 --num-samples 600 --n-steps 30 --source pretrained --encoder-id quentinll/lewm-cube --h5 "$CUBE_H5" --device cuda --start final --goal-offset 150 --eval-budget 300 --num-eval 128 --seed 49 --cem-seed 49 --episode-min 8000
1217	cube	icem_router	150	49	logs/rbH_cube_icem_router_t150_seed49.log	python -m surveyor.envs.cube.eval --solver icem --subgoal router+surveyor --gdm-ckpt gdm_cube_s10_gc.pt --gdm-steps 3 --accept-tau 0.20 --horizon 2 --receding-horizon 2 --num-samples 600 --n-steps 30 --source pretrained --encoder-id quentinll/lewm-cube --h5 "$CUBE_H5" --device cuda --start final --goal-offset 150 --eval-budget 300 --num-eval 128 --seed 49 --cem-seed 49 --episode-min 8000
1218	cube	icem_blindk	150	49	logs/rbH_cube_icem_blindk_t150_seed49.log	python -m surveyor.envs.cube.eval --solver icem --subgoal surveyor --gdm-ckpt gdm_cube_s10_gc.pt --gdm-steps 3 --accept-tau 999 --horizon 2 --receding-horizon 2 --num-samples 600 --n-steps 30 --source pretrained --encoder-id quentinll/lewm-cube --h5 "$CUBE_H5" --device cuda --start final --goal-offset 150 --eval-budget 300 --num-eval 128 --seed 49 --cem-seed 49 --episode-min 8000
1219	cube	mppi_flat_rh5	150	49	logs/rbH_cube_mppi_flat_rh5_t150_seed49.log	python -m surveyor.envs.cube.eval --solver mppi --subgoal flat --horizon 5 --receding-horizon 5 --num-samples 600 --n-steps 30 --source pretrained --encoder-id quentinll/lewm-cube --h5 "$CUBE_H5" --device cuda --start final --goal-offset 150 --eval-budget 300 --num-eval 128 --seed 49 --cem-seed 49 --episode-min 8000
1220	cube	mppi_ffjepa_s10k3	150	49	logs/rbH_cube_mppi_ffjepa_s10k3_t150_seed49.log	python -m surveyor.envs.cube.eval --solver mppi --subgoal ffjepa --gdm-ckpt gdm_cube_s10_gc.pt --gdm-steps 3 --horizon 2 --receding-horizon 2 --num-samples 600 --n-steps 30 --source pretrained --encoder-id quentinll/lewm-cube --h5 "$CUBE_H5" --device cuda --start final --goal-offset 150 --eval-budget 300 --num-eval 128 --seed 49 --cem-seed 49 --episode-min 8000
1221	cube	mppi_surveyor	150	49	logs/rbH_cube_mppi_surveyor_t150_seed49.log	python -m surveyor.envs.cube.eval --solver mppi --subgoal surveyor --gdm-ckpt gdm_cube_s10_gc.pt --gdm-steps 3 --accept-tau 0.20 --horizon 2 --receding-horizon 2 --num-samples 600 --n-steps 30 --source pretrained --encoder-id quentinll/lewm-cube --h5 "$CUBE_H5" --device cuda --start final --goal-offset 150 --eval-budget 300 --num-eval 128 --seed 49 --cem-seed 49 --episode-min 8000
1222	cube	mppi_router	150	49	logs/rbH_cube_mppi_router_t150_seed49.log	python -m surveyor.envs.cube.eval --solver mppi --subgoal router+surveyor --gdm-ckpt gdm_cube_s10_gc.pt --gdm-steps 3 --accept-tau 0.20 --horizon 2 --receding-horizon 2 --num-samples 600 --n-steps 30 --source pretrained --encoder-id quentinll/lewm-cube --h5 "$CUBE_H5" --device cuda --start final --goal-offset 150 --eval-budget 300 --num-eval 128 --seed 49 --cem-seed 49 --episode-min 8000
1223	cube	mppi_blindk	150	49	logs/rbH_cube_mppi_blindk_t150_seed49.log	python -m surveyor.envs.cube.eval --solver mppi --subgoal surveyor --gdm-ckpt gdm_cube_s10_gc.pt --gdm-steps 3 --accept-tau 999 --horizon 2 --receding-horizon 2 --num-samples 600 --n-steps 30 --source pretrained --encoder-id quentinll/lewm-cube --h5 "$CUBE_H5" --device cuda --start final --goal-offset 150 --eval-budget 300 --num-eval 128 --seed 49 --cem-seed 49 --episode-min 8000
