idx	env	arm	t	seed	log	cmd
0	pusht	leflow	25	42	logs/rbF_pusht_leflow_t25_seed42.log	python -m surveyor.envs.pusht.eval --subgoal leflow --leflow-ckpt leflow/pusht/latent_planner.pt --leflow-stats leflow/pusht/action_stats.json --leflow-receding 25 --source pretrained --h5 pusht_c2222.h5 --device cuda --mode long --episodes-file episodes/pusht_c2222.episodes25.json --goal-offset 25 --eval-budget 50 --num-eval 256 --score block --angles 20 5 --seed 42 --cem-seed 42
1	pusht	leflow_rh10	25	42	logs/rbF_pusht_leflow_rh10_t25_seed42.log	python -m surveyor.envs.pusht.eval --subgoal leflow --leflow-ckpt leflow/pusht/latent_planner.pt --leflow-stats leflow/pusht/action_stats.json --leflow-receding 10 --source pretrained --h5 pusht_c2222.h5 --device cuda --mode long --episodes-file episodes/pusht_c2222.episodes25.json --goal-offset 25 --eval-budget 50 --num-eval 256 --score block --angles 20 5 --seed 42 --cem-seed 42
2	pusht	leflow_every	25	42	logs/rbF_pusht_leflow_every_t25_seed42.log	python -m surveyor.envs.pusht.eval --subgoal leflow+surveyor --leflow-ckpt leflow/pusht/latent_planner.pt --leflow-stats leflow/pusht/action_stats.json --gdm-ckpt gdm_stride10.pt --gdm-steps 3 --accept-tau 0.0 --sg-steps 10 --source pretrained --h5 pusht_c2222.h5 --device cuda --mode long --episodes-file episodes/pusht_c2222.episodes25.json --goal-offset 25 --eval-budget 50 --num-eval 256 --score block --angles 20 5 --seed 42 --cem-seed 42
3	pusht	leflow_blind	25	42	logs/rbF_pusht_leflow_blind_t25_seed42.log	python -m surveyor.envs.pusht.eval --subgoal leflow+surveyor --leflow-ckpt leflow/pusht/latent_planner.pt --leflow-stats leflow/pusht/action_stats.json --gdm-ckpt gdm_stride10.pt --gdm-steps 3 --accept-tau 999 --sg-steps 10 --source pretrained --h5 pusht_c2222.h5 --device cuda --mode long --episodes-file episodes/pusht_c2222.episodes25.json --goal-offset 25 --eval-budget 50 --num-eval 256 --score block --angles 20 5 --seed 42 --cem-seed 42
4	pusht	leflow_accept	25	42	logs/rbF_pusht_leflow_accept_t25_seed42.log	python -m surveyor.envs.pusht.eval --subgoal leflow+surveyor --leflow-ckpt leflow/pusht/latent_planner.pt --leflow-stats leflow/pusht/action_stats.json --gdm-ckpt gdm_stride10.pt --gdm-steps 3 --accept-tau 0.20 --sg-steps 10 --source pretrained --h5 pusht_c2222.h5 --device cuda --mode long --episodes-file episodes/pusht_c2222.episodes25.json --goal-offset 25 --eval-budget 50 --num-eval 256 --score block --angles 20 5 --seed 42 --cem-seed 42
5	pusht	leflow	25	43	logs/rbF_pusht_leflow_t25_seed43.log	python -m surveyor.envs.pusht.eval --subgoal leflow --leflow-ckpt leflow/pusht/latent_planner.pt --leflow-stats leflow/pusht/action_stats.json --leflow-receding 25 --source pretrained --h5 pusht_c2222.h5 --device cuda --mode long --episodes-file episodes/pusht_c2222.episodes25.json --goal-offset 25 --eval-budget 50 --num-eval 256 --score block --angles 20 5 --seed 43 --cem-seed 43
6	pusht	leflow_rh10	25	43	logs/rbF_pusht_leflow_rh10_t25_seed43.log	python -m surveyor.envs.pusht.eval --subgoal leflow --leflow-ckpt leflow/pusht/latent_planner.pt --leflow-stats leflow/pusht/action_stats.json --leflow-receding 10 --source pretrained --h5 pusht_c2222.h5 --device cuda --mode long --episodes-file episodes/pusht_c2222.episodes25.json --goal-offset 25 --eval-budget 50 --num-eval 256 --score block --angles 20 5 --seed 43 --cem-seed 43
7	pusht	leflow_every	25	43	logs/rbF_pusht_leflow_every_t25_seed43.log	python -m surveyor.envs.pusht.eval --subgoal leflow+surveyor --leflow-ckpt leflow/pusht/latent_planner.pt --leflow-stats leflow/pusht/action_stats.json --gdm-ckpt gdm_stride10.pt --gdm-steps 3 --accept-tau 0.0 --sg-steps 10 --source pretrained --h5 pusht_c2222.h5 --device cuda --mode long --episodes-file episodes/pusht_c2222.episodes25.json --goal-offset 25 --eval-budget 50 --num-eval 256 --score block --angles 20 5 --seed 43 --cem-seed 43
8	pusht	leflow_blind	25	43	logs/rbF_pusht_leflow_blind_t25_seed43.log	python -m surveyor.envs.pusht.eval --subgoal leflow+surveyor --leflow-ckpt leflow/pusht/latent_planner.pt --leflow-stats leflow/pusht/action_stats.json --gdm-ckpt gdm_stride10.pt --gdm-steps 3 --accept-tau 999 --sg-steps 10 --source pretrained --h5 pusht_c2222.h5 --device cuda --mode long --episodes-file episodes/pusht_c2222.episodes25.json --goal-offset 25 --eval-budget 50 --num-eval 256 --score block --angles 20 5 --seed 43 --cem-seed 43
9	pusht	leflow_accept	25	43	logs/rbF_pusht_leflow_accept_t25_seed43.log	python -m surveyor.envs.pusht.eval --subgoal leflow+surveyor --leflow-ckpt leflow/pusht/latent_planner.pt --leflow-stats leflow/pusht/action_stats.json --gdm-ckpt gdm_stride10.pt --gdm-steps 3 --accept-tau 0.20 --sg-steps 10 --source pretrained --h5 pusht_c2222.h5 --device cuda --mode long --episodes-file episodes/pusht_c2222.episodes25.json --goal-offset 25 --eval-budget 50 --num-eval 256 --score block --angles 20 5 --seed 43 --cem-seed 43
10	pusht	leflow	25	44	logs/rbF_pusht_leflow_t25_seed44.log	python -m surveyor.envs.pusht.eval --subgoal leflow --leflow-ckpt leflow/pusht/latent_planner.pt --leflow-stats leflow/pusht/action_stats.json --leflow-receding 25 --source pretrained --h5 pusht_c2222.h5 --device cuda --mode long --episodes-file episodes/pusht_c2222.episodes25.json --goal-offset 25 --eval-budget 50 --num-eval 256 --score block --angles 20 5 --seed 44 --cem-seed 44
11	pusht	leflow_rh10	25	44	logs/rbF_pusht_leflow_rh10_t25_seed44.log	python -m surveyor.envs.pusht.eval --subgoal leflow --leflow-ckpt leflow/pusht/latent_planner.pt --leflow-stats leflow/pusht/action_stats.json --leflow-receding 10 --source pretrained --h5 pusht_c2222.h5 --device cuda --mode long --episodes-file episodes/pusht_c2222.episodes25.json --goal-offset 25 --eval-budget 50 --num-eval 256 --score block --angles 20 5 --seed 44 --cem-seed 44
12	pusht	leflow_every	25	44	logs/rbF_pusht_leflow_every_t25_seed44.log	python -m surveyor.envs.pusht.eval --subgoal leflow+surveyor --leflow-ckpt leflow/pusht/latent_planner.pt --leflow-stats leflow/pusht/action_stats.json --gdm-ckpt gdm_stride10.pt --gdm-steps 3 --accept-tau 0.0 --sg-steps 10 --source pretrained --h5 pusht_c2222.h5 --device cuda --mode long --episodes-file episodes/pusht_c2222.episodes25.json --goal-offset 25 --eval-budget 50 --num-eval 256 --score block --angles 20 5 --seed 44 --cem-seed 44
13	pusht	leflow_blind	25	44	logs/rbF_pusht_leflow_blind_t25_seed44.log	python -m surveyor.envs.pusht.eval --subgoal leflow+surveyor --leflow-ckpt leflow/pusht/latent_planner.pt --leflow-stats leflow/pusht/action_stats.json --gdm-ckpt gdm_stride10.pt --gdm-steps 3 --accept-tau 999 --sg-steps 10 --source pretrained --h5 pusht_c2222.h5 --device cuda --mode long --episodes-file episodes/pusht_c2222.episodes25.json --goal-offset 25 --eval-budget 50 --num-eval 256 --score block --angles 20 5 --seed 44 --cem-seed 44
14	pusht	leflow_accept	25	44	logs/rbF_pusht_leflow_accept_t25_seed44.log	python -m surveyor.envs.pusht.eval --subgoal leflow+surveyor --leflow-ckpt leflow/pusht/latent_planner.pt --leflow-stats leflow/pusht/action_stats.json --gdm-ckpt gdm_stride10.pt --gdm-steps 3 --accept-tau 0.20 --sg-steps 10 --source pretrained --h5 pusht_c2222.h5 --device cuda --mode long --episodes-file episodes/pusht_c2222.episodes25.json --goal-offset 25 --eval-budget 50 --num-eval 256 --score block --angles 20 5 --seed 44 --cem-seed 44
15	pusht	leflow	25	45	logs/rbF_pusht_leflow_t25_seed45.log	python -m surveyor.envs.pusht.eval --subgoal leflow --leflow-ckpt leflow/pusht/latent_planner.pt --leflow-stats leflow/pusht/action_stats.json --leflow-receding 25 --source pretrained --h5 pusht_c2222.h5 --device cuda --mode long --episodes-file episodes/pusht_c2222.episodes25.json --goal-offset 25 --eval-budget 50 --num-eval 256 --score block --angles 20 5 --seed 45 --cem-seed 45
16	pusht	leflow_rh10	25	45	logs/rbF_pusht_leflow_rh10_t25_seed45.log	python -m surveyor.envs.pusht.eval --subgoal leflow --leflow-ckpt leflow/pusht/latent_planner.pt --leflow-stats leflow/pusht/action_stats.json --leflow-receding 10 --source pretrained --h5 pusht_c2222.h5 --device cuda --mode long --episodes-file episodes/pusht_c2222.episodes25.json --goal-offset 25 --eval-budget 50 --num-eval 256 --score block --angles 20 5 --seed 45 --cem-seed 45
17	pusht	leflow_every	25	45	logs/rbF_pusht_leflow_every_t25_seed45.log	python -m surveyor.envs.pusht.eval --subgoal leflow+surveyor --leflow-ckpt leflow/pusht/latent_planner.pt --leflow-stats leflow/pusht/action_stats.json --gdm-ckpt gdm_stride10.pt --gdm-steps 3 --accept-tau 0.0 --sg-steps 10 --source pretrained --h5 pusht_c2222.h5 --device cuda --mode long --episodes-file episodes/pusht_c2222.episodes25.json --goal-offset 25 --eval-budget 50 --num-eval 256 --score block --angles 20 5 --seed 45 --cem-seed 45
18	pusht	leflow_blind	25	45	logs/rbF_pusht_leflow_blind_t25_seed45.log	python -m surveyor.envs.pusht.eval --subgoal leflow+surveyor --leflow-ckpt leflow/pusht/latent_planner.pt --leflow-stats leflow/pusht/action_stats.json --gdm-ckpt gdm_stride10.pt --gdm-steps 3 --accept-tau 999 --sg-steps 10 --source pretrained --h5 pusht_c2222.h5 --device cuda --mode long --episodes-file episodes/pusht_c2222.episodes25.json --goal-offset 25 --eval-budget 50 --num-eval 256 --score block --angles 20 5 --seed 45 --cem-seed 45
19	pusht	leflow_accept	25	45	logs/rbF_pusht_leflow_accept_t25_seed45.log	python -m surveyor.envs.pusht.eval --subgoal leflow+surveyor --leflow-ckpt leflow/pusht/latent_planner.pt --leflow-stats leflow/pusht/action_stats.json --gdm-ckpt gdm_stride10.pt --gdm-steps 3 --accept-tau 0.20 --sg-steps 10 --source pretrained --h5 pusht_c2222.h5 --device cuda --mode long --episodes-file episodes/pusht_c2222.episodes25.json --goal-offset 25 --eval-budget 50 --num-eval 256 --score block --angles 20 5 --seed 45 --cem-seed 45
20	pusht	leflow	25	46	logs/rbF_pusht_leflow_t25_seed46.log	python -m surveyor.envs.pusht.eval --subgoal leflow --leflow-ckpt leflow/pusht/latent_planner.pt --leflow-stats leflow/pusht/action_stats.json --leflow-receding 25 --source pretrained --h5 pusht_c2222.h5 --device cuda --mode long --episodes-file episodes/pusht_c2222.episodes25.json --goal-offset 25 --eval-budget 50 --num-eval 256 --score block --angles 20 5 --seed 46 --cem-seed 46
21	pusht	leflow_rh10	25	46	logs/rbF_pusht_leflow_rh10_t25_seed46.log	python -m surveyor.envs.pusht.eval --subgoal leflow --leflow-ckpt leflow/pusht/latent_planner.pt --leflow-stats leflow/pusht/action_stats.json --leflow-receding 10 --source pretrained --h5 pusht_c2222.h5 --device cuda --mode long --episodes-file episodes/pusht_c2222.episodes25.json --goal-offset 25 --eval-budget 50 --num-eval 256 --score block --angles 20 5 --seed 46 --cem-seed 46
22	pusht	leflow_every	25	46	logs/rbF_pusht_leflow_every_t25_seed46.log	python -m surveyor.envs.pusht.eval --subgoal leflow+surveyor --leflow-ckpt leflow/pusht/latent_planner.pt --leflow-stats leflow/pusht/action_stats.json --gdm-ckpt gdm_stride10.pt --gdm-steps 3 --accept-tau 0.0 --sg-steps 10 --source pretrained --h5 pusht_c2222.h5 --device cuda --mode long --episodes-file episodes/pusht_c2222.episodes25.json --goal-offset 25 --eval-budget 50 --num-eval 256 --score block --angles 20 5 --seed 46 --cem-seed 46
23	pusht	leflow_blind	25	46	logs/rbF_pusht_leflow_blind_t25_seed46.log	python -m surveyor.envs.pusht.eval --subgoal leflow+surveyor --leflow-ckpt leflow/pusht/latent_planner.pt --leflow-stats leflow/pusht/action_stats.json --gdm-ckpt gdm_stride10.pt --gdm-steps 3 --accept-tau 999 --sg-steps 10 --source pretrained --h5 pusht_c2222.h5 --device cuda --mode long --episodes-file episodes/pusht_c2222.episodes25.json --goal-offset 25 --eval-budget 50 --num-eval 256 --score block --angles 20 5 --seed 46 --cem-seed 46
24	pusht	leflow_accept	25	46	logs/rbF_pusht_leflow_accept_t25_seed46.log	python -m surveyor.envs.pusht.eval --subgoal leflow+surveyor --leflow-ckpt leflow/pusht/latent_planner.pt --leflow-stats leflow/pusht/action_stats.json --gdm-ckpt gdm_stride10.pt --gdm-steps 3 --accept-tau 0.20 --sg-steps 10 --source pretrained --h5 pusht_c2222.h5 --device cuda --mode long --episodes-file episodes/pusht_c2222.episodes25.json --goal-offset 25 --eval-budget 50 --num-eval 256 --score block --angles 20 5 --seed 46 --cem-seed 46
25	pusht	leflow	25	47	logs/rbF_pusht_leflow_t25_seed47.log	python -m surveyor.envs.pusht.eval --subgoal leflow --leflow-ckpt leflow/pusht/latent_planner.pt --leflow-stats leflow/pusht/action_stats.json --leflow-receding 25 --source pretrained --h5 pusht_c2222.h5 --device cuda --mode long --episodes-file episodes/pusht_c2222.episodes25.json --goal-offset 25 --eval-budget 50 --num-eval 256 --score block --angles 20 5 --seed 47 --cem-seed 47
26	pusht	leflow_rh10	25	47	logs/rbF_pusht_leflow_rh10_t25_seed47.log	python -m surveyor.envs.pusht.eval --subgoal leflow --leflow-ckpt leflow/pusht/latent_planner.pt --leflow-stats leflow/pusht/action_stats.json --leflow-receding 10 --source pretrained --h5 pusht_c2222.h5 --device cuda --mode long --episodes-file episodes/pusht_c2222.episodes25.json --goal-offset 25 --eval-budget 50 --num-eval 256 --score block --angles 20 5 --seed 47 --cem-seed 47
27	pusht	leflow_every	25	47	logs/rbF_pusht_leflow_every_t25_seed47.log	python -m surveyor.envs.pusht.eval --subgoal leflow+surveyor --leflow-ckpt leflow/pusht/latent_planner.pt --leflow-stats leflow/pusht/action_stats.json --gdm-ckpt gdm_stride10.pt --gdm-steps 3 --accept-tau 0.0 --sg-steps 10 --source pretrained --h5 pusht_c2222.h5 --device cuda --mode long --episodes-file episodes/pusht_c2222.episodes25.json --goal-offset 25 --eval-budget 50 --num-eval 256 --score block --angles 20 5 --seed 47 --cem-seed 47
28	pusht	leflow_blind	25	47	logs/rbF_pusht_leflow_blind_t25_seed47.log	python -m surveyor.envs.pusht.eval --subgoal leflow+surveyor --leflow-ckpt leflow/pusht/latent_planner.pt --leflow-stats leflow/pusht/action_stats.json --gdm-ckpt gdm_stride10.pt --gdm-steps 3 --accept-tau 999 --sg-steps 10 --source pretrained --h5 pusht_c2222.h5 --device cuda --mode long --episodes-file episodes/pusht_c2222.episodes25.json --goal-offset 25 --eval-budget 50 --num-eval 256 --score block --angles 20 5 --seed 47 --cem-seed 47
29	pusht	leflow_accept	25	47	logs/rbF_pusht_leflow_accept_t25_seed47.log	python -m surveyor.envs.pusht.eval --subgoal leflow+surveyor --leflow-ckpt leflow/pusht/latent_planner.pt --leflow-stats leflow/pusht/action_stats.json --gdm-ckpt gdm_stride10.pt --gdm-steps 3 --accept-tau 0.20 --sg-steps 10 --source pretrained --h5 pusht_c2222.h5 --device cuda --mode long --episodes-file episodes/pusht_c2222.episodes25.json --goal-offset 25 --eval-budget 50 --num-eval 256 --score block --angles 20 5 --seed 47 --cem-seed 47
30	pusht	leflow	25	48	logs/rbF_pusht_leflow_t25_seed48.log	python -m surveyor.envs.pusht.eval --subgoal leflow --leflow-ckpt leflow/pusht/latent_planner.pt --leflow-stats leflow/pusht/action_stats.json --leflow-receding 25 --source pretrained --h5 pusht_c2222.h5 --device cuda --mode long --episodes-file episodes/pusht_c2222.episodes25.json --goal-offset 25 --eval-budget 50 --num-eval 256 --score block --angles 20 5 --seed 48 --cem-seed 48
31	pusht	leflow_rh10	25	48	logs/rbF_pusht_leflow_rh10_t25_seed48.log	python -m surveyor.envs.pusht.eval --subgoal leflow --leflow-ckpt leflow/pusht/latent_planner.pt --leflow-stats leflow/pusht/action_stats.json --leflow-receding 10 --source pretrained --h5 pusht_c2222.h5 --device cuda --mode long --episodes-file episodes/pusht_c2222.episodes25.json --goal-offset 25 --eval-budget 50 --num-eval 256 --score block --angles 20 5 --seed 48 --cem-seed 48
32	pusht	leflow_every	25	48	logs/rbF_pusht_leflow_every_t25_seed48.log	python -m surveyor.envs.pusht.eval --subgoal leflow+surveyor --leflow-ckpt leflow/pusht/latent_planner.pt --leflow-stats leflow/pusht/action_stats.json --gdm-ckpt gdm_stride10.pt --gdm-steps 3 --accept-tau 0.0 --sg-steps 10 --source pretrained --h5 pusht_c2222.h5 --device cuda --mode long --episodes-file episodes/pusht_c2222.episodes25.json --goal-offset 25 --eval-budget 50 --num-eval 256 --score block --angles 20 5 --seed 48 --cem-seed 48
33	pusht	leflow_blind	25	48	logs/rbF_pusht_leflow_blind_t25_seed48.log	python -m surveyor.envs.pusht.eval --subgoal leflow+surveyor --leflow-ckpt leflow/pusht/latent_planner.pt --leflow-stats leflow/pusht/action_stats.json --gdm-ckpt gdm_stride10.pt --gdm-steps 3 --accept-tau 999 --sg-steps 10 --source pretrained --h5 pusht_c2222.h5 --device cuda --mode long --episodes-file episodes/pusht_c2222.episodes25.json --goal-offset 25 --eval-budget 50 --num-eval 256 --score block --angles 20 5 --seed 48 --cem-seed 48
34	pusht	leflow_accept	25	48	logs/rbF_pusht_leflow_accept_t25_seed48.log	python -m surveyor.envs.pusht.eval --subgoal leflow+surveyor --leflow-ckpt leflow/pusht/latent_planner.pt --leflow-stats leflow/pusht/action_stats.json --gdm-ckpt gdm_stride10.pt --gdm-steps 3 --accept-tau 0.20 --sg-steps 10 --source pretrained --h5 pusht_c2222.h5 --device cuda --mode long --episodes-file episodes/pusht_c2222.episodes25.json --goal-offset 25 --eval-budget 50 --num-eval 256 --score block --angles 20 5 --seed 48 --cem-seed 48
35	pusht	leflow	25	49	logs/rbF_pusht_leflow_t25_seed49.log	python -m surveyor.envs.pusht.eval --subgoal leflow --leflow-ckpt leflow/pusht/latent_planner.pt --leflow-stats leflow/pusht/action_stats.json --leflow-receding 25 --source pretrained --h5 pusht_c2222.h5 --device cuda --mode long --episodes-file episodes/pusht_c2222.episodes25.json --goal-offset 25 --eval-budget 50 --num-eval 256 --score block --angles 20 5 --seed 49 --cem-seed 49
36	pusht	leflow_rh10	25	49	logs/rbF_pusht_leflow_rh10_t25_seed49.log	python -m surveyor.envs.pusht.eval --subgoal leflow --leflow-ckpt leflow/pusht/latent_planner.pt --leflow-stats leflow/pusht/action_stats.json --leflow-receding 10 --source pretrained --h5 pusht_c2222.h5 --device cuda --mode long --episodes-file episodes/pusht_c2222.episodes25.json --goal-offset 25 --eval-budget 50 --num-eval 256 --score block --angles 20 5 --seed 49 --cem-seed 49
37	pusht	leflow_every	25	49	logs/rbF_pusht_leflow_every_t25_seed49.log	python -m surveyor.envs.pusht.eval --subgoal leflow+surveyor --leflow-ckpt leflow/pusht/latent_planner.pt --leflow-stats leflow/pusht/action_stats.json --gdm-ckpt gdm_stride10.pt --gdm-steps 3 --accept-tau 0.0 --sg-steps 10 --source pretrained --h5 pusht_c2222.h5 --device cuda --mode long --episodes-file episodes/pusht_c2222.episodes25.json --goal-offset 25 --eval-budget 50 --num-eval 256 --score block --angles 20 5 --seed 49 --cem-seed 49
38	pusht	leflow_blind	25	49	logs/rbF_pusht_leflow_blind_t25_seed49.log	python -m surveyor.envs.pusht.eval --subgoal leflow+surveyor --leflow-ckpt leflow/pusht/latent_planner.pt --leflow-stats leflow/pusht/action_stats.json --gdm-ckpt gdm_stride10.pt --gdm-steps 3 --accept-tau 999 --sg-steps 10 --source pretrained --h5 pusht_c2222.h5 --device cuda --mode long --episodes-file episodes/pusht_c2222.episodes25.json --goal-offset 25 --eval-budget 50 --num-eval 256 --score block --angles 20 5 --seed 49 --cem-seed 49
39	pusht	leflow_accept	25	49	logs/rbF_pusht_leflow_accept_t25_seed49.log	python -m surveyor.envs.pusht.eval --subgoal leflow+surveyor --leflow-ckpt leflow/pusht/latent_planner.pt --leflow-stats leflow/pusht/action_stats.json --gdm-ckpt gdm_stride10.pt --gdm-steps 3 --accept-tau 0.20 --sg-steps 10 --source pretrained --h5 pusht_c2222.h5 --device cuda --mode long --episodes-file episodes/pusht_c2222.episodes25.json --goal-offset 25 --eval-budget 50 --num-eval 256 --score block --angles 20 5 --seed 49 --cem-seed 49
40	pusht	leflow	50	42	logs/rbF_pusht_leflow_t50_seed42.log	python -m surveyor.envs.pusht.eval --subgoal leflow --leflow-ckpt leflow/pusht/latent_planner.pt --leflow-stats leflow/pusht/action_stats.json --leflow-receding 25 --source pretrained --h5 pusht_c2222.h5 --device cuda --mode long --episodes-file episodes/pusht_c2222.episodes50.json --goal-offset 50 --eval-budget 100 --num-eval 256 --score block --angles 20 5 --seed 42 --cem-seed 42
41	pusht	leflow_rh10	50	42	logs/rbF_pusht_leflow_rh10_t50_seed42.log	python -m surveyor.envs.pusht.eval --subgoal leflow --leflow-ckpt leflow/pusht/latent_planner.pt --leflow-stats leflow/pusht/action_stats.json --leflow-receding 10 --source pretrained --h5 pusht_c2222.h5 --device cuda --mode long --episodes-file episodes/pusht_c2222.episodes50.json --goal-offset 50 --eval-budget 100 --num-eval 256 --score block --angles 20 5 --seed 42 --cem-seed 42
42	pusht	leflow_every	50	42	logs/rbF_pusht_leflow_every_t50_seed42.log	python -m surveyor.envs.pusht.eval --subgoal leflow+surveyor --leflow-ckpt leflow/pusht/latent_planner.pt --leflow-stats leflow/pusht/action_stats.json --gdm-ckpt gdm_stride10.pt --gdm-steps 3 --accept-tau 0.0 --sg-steps 10 --source pretrained --h5 pusht_c2222.h5 --device cuda --mode long --episodes-file episodes/pusht_c2222.episodes50.json --goal-offset 50 --eval-budget 100 --num-eval 256 --score block --angles 20 5 --seed 42 --cem-seed 42
43	pusht	leflow_blind	50	42	logs/rbF_pusht_leflow_blind_t50_seed42.log	python -m surveyor.envs.pusht.eval --subgoal leflow+surveyor --leflow-ckpt leflow/pusht/latent_planner.pt --leflow-stats leflow/pusht/action_stats.json --gdm-ckpt gdm_stride10.pt --gdm-steps 3 --accept-tau 999 --sg-steps 10 --source pretrained --h5 pusht_c2222.h5 --device cuda --mode long --episodes-file episodes/pusht_c2222.episodes50.json --goal-offset 50 --eval-budget 100 --num-eval 256 --score block --angles 20 5 --seed 42 --cem-seed 42
44	pusht	leflow_accept	50	42	logs/rbF_pusht_leflow_accept_t50_seed42.log	python -m surveyor.envs.pusht.eval --subgoal leflow+surveyor --leflow-ckpt leflow/pusht/latent_planner.pt --leflow-stats leflow/pusht/action_stats.json --gdm-ckpt gdm_stride10.pt --gdm-steps 3 --accept-tau 0.20 --sg-steps 10 --source pretrained --h5 pusht_c2222.h5 --device cuda --mode long --episodes-file episodes/pusht_c2222.episodes50.json --goal-offset 50 --eval-budget 100 --num-eval 256 --score block --angles 20 5 --seed 42 --cem-seed 42
45	pusht	leflow	50	43	logs/rbF_pusht_leflow_t50_seed43.log	python -m surveyor.envs.pusht.eval --subgoal leflow --leflow-ckpt leflow/pusht/latent_planner.pt --leflow-stats leflow/pusht/action_stats.json --leflow-receding 25 --source pretrained --h5 pusht_c2222.h5 --device cuda --mode long --episodes-file episodes/pusht_c2222.episodes50.json --goal-offset 50 --eval-budget 100 --num-eval 256 --score block --angles 20 5 --seed 43 --cem-seed 43
46	pusht	leflow_rh10	50	43	logs/rbF_pusht_leflow_rh10_t50_seed43.log	python -m surveyor.envs.pusht.eval --subgoal leflow --leflow-ckpt leflow/pusht/latent_planner.pt --leflow-stats leflow/pusht/action_stats.json --leflow-receding 10 --source pretrained --h5 pusht_c2222.h5 --device cuda --mode long --episodes-file episodes/pusht_c2222.episodes50.json --goal-offset 50 --eval-budget 100 --num-eval 256 --score block --angles 20 5 --seed 43 --cem-seed 43
47	pusht	leflow_every	50	43	logs/rbF_pusht_leflow_every_t50_seed43.log	python -m surveyor.envs.pusht.eval --subgoal leflow+surveyor --leflow-ckpt leflow/pusht/latent_planner.pt --leflow-stats leflow/pusht/action_stats.json --gdm-ckpt gdm_stride10.pt --gdm-steps 3 --accept-tau 0.0 --sg-steps 10 --source pretrained --h5 pusht_c2222.h5 --device cuda --mode long --episodes-file episodes/pusht_c2222.episodes50.json --goal-offset 50 --eval-budget 100 --num-eval 256 --score block --angles 20 5 --seed 43 --cem-seed 43
48	pusht	leflow_blind	50	43	logs/rbF_pusht_leflow_blind_t50_seed43.log	python -m surveyor.envs.pusht.eval --subgoal leflow+surveyor --leflow-ckpt leflow/pusht/latent_planner.pt --leflow-stats leflow/pusht/action_stats.json --gdm-ckpt gdm_stride10.pt --gdm-steps 3 --accept-tau 999 --sg-steps 10 --source pretrained --h5 pusht_c2222.h5 --device cuda --mode long --episodes-file episodes/pusht_c2222.episodes50.json --goal-offset 50 --eval-budget 100 --num-eval 256 --score block --angles 20 5 --seed 43 --cem-seed 43
49	pusht	leflow_accept	50	43	logs/rbF_pusht_leflow_accept_t50_seed43.log	python -m surveyor.envs.pusht.eval --subgoal leflow+surveyor --leflow-ckpt leflow/pusht/latent_planner.pt --leflow-stats leflow/pusht/action_stats.json --gdm-ckpt gdm_stride10.pt --gdm-steps 3 --accept-tau 0.20 --sg-steps 10 --source pretrained --h5 pusht_c2222.h5 --device cuda --mode long --episodes-file episodes/pusht_c2222.episodes50.json --goal-offset 50 --eval-budget 100 --num-eval 256 --score block --angles 20 5 --seed 43 --cem-seed 43
50	pusht	leflow	50	44	logs/rbF_pusht_leflow_t50_seed44.log	python -m surveyor.envs.pusht.eval --subgoal leflow --leflow-ckpt leflow/pusht/latent_planner.pt --leflow-stats leflow/pusht/action_stats.json --leflow-receding 25 --source pretrained --h5 pusht_c2222.h5 --device cuda --mode long --episodes-file episodes/pusht_c2222.episodes50.json --goal-offset 50 --eval-budget 100 --num-eval 256 --score block --angles 20 5 --seed 44 --cem-seed 44
51	pusht	leflow_rh10	50	44	logs/rbF_pusht_leflow_rh10_t50_seed44.log	python -m surveyor.envs.pusht.eval --subgoal leflow --leflow-ckpt leflow/pusht/latent_planner.pt --leflow-stats leflow/pusht/action_stats.json --leflow-receding 10 --source pretrained --h5 pusht_c2222.h5 --device cuda --mode long --episodes-file episodes/pusht_c2222.episodes50.json --goal-offset 50 --eval-budget 100 --num-eval 256 --score block --angles 20 5 --seed 44 --cem-seed 44
52	pusht	leflow_every	50	44	logs/rbF_pusht_leflow_every_t50_seed44.log	python -m surveyor.envs.pusht.eval --subgoal leflow+surveyor --leflow-ckpt leflow/pusht/latent_planner.pt --leflow-stats leflow/pusht/action_stats.json --gdm-ckpt gdm_stride10.pt --gdm-steps 3 --accept-tau 0.0 --sg-steps 10 --source pretrained --h5 pusht_c2222.h5 --device cuda --mode long --episodes-file episodes/pusht_c2222.episodes50.json --goal-offset 50 --eval-budget 100 --num-eval 256 --score block --angles 20 5 --seed 44 --cem-seed 44
53	pusht	leflow_blind	50	44	logs/rbF_pusht_leflow_blind_t50_seed44.log	python -m surveyor.envs.pusht.eval --subgoal leflow+surveyor --leflow-ckpt leflow/pusht/latent_planner.pt --leflow-stats leflow/pusht/action_stats.json --gdm-ckpt gdm_stride10.pt --gdm-steps 3 --accept-tau 999 --sg-steps 10 --source pretrained --h5 pusht_c2222.h5 --device cuda --mode long --episodes-file episodes/pusht_c2222.episodes50.json --goal-offset 50 --eval-budget 100 --num-eval 256 --score block --angles 20 5 --seed 44 --cem-seed 44
54	pusht	leflow_accept	50	44	logs/rbF_pusht_leflow_accept_t50_seed44.log	python -m surveyor.envs.pusht.eval --subgoal leflow+surveyor --leflow-ckpt leflow/pusht/latent_planner.pt --leflow-stats leflow/pusht/action_stats.json --gdm-ckpt gdm_stride10.pt --gdm-steps 3 --accept-tau 0.20 --sg-steps 10 --source pretrained --h5 pusht_c2222.h5 --device cuda --mode long --episodes-file episodes/pusht_c2222.episodes50.json --goal-offset 50 --eval-budget 100 --num-eval 256 --score block --angles 20 5 --seed 44 --cem-seed 44
55	pusht	leflow	50	45	logs/rbF_pusht_leflow_t50_seed45.log	python -m surveyor.envs.pusht.eval --subgoal leflow --leflow-ckpt leflow/pusht/latent_planner.pt --leflow-stats leflow/pusht/action_stats.json --leflow-receding 25 --source pretrained --h5 pusht_c2222.h5 --device cuda --mode long --episodes-file episodes/pusht_c2222.episodes50.json --goal-offset 50 --eval-budget 100 --num-eval 256 --score block --angles 20 5 --seed 45 --cem-seed 45
56	pusht	leflow_rh10	50	45	logs/rbF_pusht_leflow_rh10_t50_seed45.log	python -m surveyor.envs.pusht.eval --subgoal leflow --leflow-ckpt leflow/pusht/latent_planner.pt --leflow-stats leflow/pusht/action_stats.json --leflow-receding 10 --source pretrained --h5 pusht_c2222.h5 --device cuda --mode long --episodes-file episodes/pusht_c2222.episodes50.json --goal-offset 50 --eval-budget 100 --num-eval 256 --score block --angles 20 5 --seed 45 --cem-seed 45
57	pusht	leflow_every	50	45	logs/rbF_pusht_leflow_every_t50_seed45.log	python -m surveyor.envs.pusht.eval --subgoal leflow+surveyor --leflow-ckpt leflow/pusht/latent_planner.pt --leflow-stats leflow/pusht/action_stats.json --gdm-ckpt gdm_stride10.pt --gdm-steps 3 --accept-tau 0.0 --sg-steps 10 --source pretrained --h5 pusht_c2222.h5 --device cuda --mode long --episodes-file episodes/pusht_c2222.episodes50.json --goal-offset 50 --eval-budget 100 --num-eval 256 --score block --angles 20 5 --seed 45 --cem-seed 45
58	pusht	leflow_blind	50	45	logs/rbF_pusht_leflow_blind_t50_seed45.log	python -m surveyor.envs.pusht.eval --subgoal leflow+surveyor --leflow-ckpt leflow/pusht/latent_planner.pt --leflow-stats leflow/pusht/action_stats.json --gdm-ckpt gdm_stride10.pt --gdm-steps 3 --accept-tau 999 --sg-steps 10 --source pretrained --h5 pusht_c2222.h5 --device cuda --mode long --episodes-file episodes/pusht_c2222.episodes50.json --goal-offset 50 --eval-budget 100 --num-eval 256 --score block --angles 20 5 --seed 45 --cem-seed 45
59	pusht	leflow_accept	50	45	logs/rbF_pusht_leflow_accept_t50_seed45.log	python -m surveyor.envs.pusht.eval --subgoal leflow+surveyor --leflow-ckpt leflow/pusht/latent_planner.pt --leflow-stats leflow/pusht/action_stats.json --gdm-ckpt gdm_stride10.pt --gdm-steps 3 --accept-tau 0.20 --sg-steps 10 --source pretrained --h5 pusht_c2222.h5 --device cuda --mode long --episodes-file episodes/pusht_c2222.episodes50.json --goal-offset 50 --eval-budget 100 --num-eval 256 --score block --angles 20 5 --seed 45 --cem-seed 45
60	pusht	leflow	50	46	logs/rbF_pusht_leflow_t50_seed46.log	python -m surveyor.envs.pusht.eval --subgoal leflow --leflow-ckpt leflow/pusht/latent_planner.pt --leflow-stats leflow/pusht/action_stats.json --leflow-receding 25 --source pretrained --h5 pusht_c2222.h5 --device cuda --mode long --episodes-file episodes/pusht_c2222.episodes50.json --goal-offset 50 --eval-budget 100 --num-eval 256 --score block --angles 20 5 --seed 46 --cem-seed 46
61	pusht	leflow_rh10	50	46	logs/rbF_pusht_leflow_rh10_t50_seed46.log	python -m surveyor.envs.pusht.eval --subgoal leflow --leflow-ckpt leflow/pusht/latent_planner.pt --leflow-stats leflow/pusht/action_stats.json --leflow-receding 10 --source pretrained --h5 pusht_c2222.h5 --device cuda --mode long --episodes-file episodes/pusht_c2222.episodes50.json --goal-offset 50 --eval-budget 100 --num-eval 256 --score block --angles 20 5 --seed 46 --cem-seed 46
62	pusht	leflow_every	50	46	logs/rbF_pusht_leflow_every_t50_seed46.log	python -m surveyor.envs.pusht.eval --subgoal leflow+surveyor --leflow-ckpt leflow/pusht/latent_planner.pt --leflow-stats leflow/pusht/action_stats.json --gdm-ckpt gdm_stride10.pt --gdm-steps 3 --accept-tau 0.0 --sg-steps 10 --source pretrained --h5 pusht_c2222.h5 --device cuda --mode long --episodes-file episodes/pusht_c2222.episodes50.json --goal-offset 50 --eval-budget 100 --num-eval 256 --score block --angles 20 5 --seed 46 --cem-seed 46
63	pusht	leflow_blind	50	46	logs/rbF_pusht_leflow_blind_t50_seed46.log	python -m surveyor.envs.pusht.eval --subgoal leflow+surveyor --leflow-ckpt leflow/pusht/latent_planner.pt --leflow-stats leflow/pusht/action_stats.json --gdm-ckpt gdm_stride10.pt --gdm-steps 3 --accept-tau 999 --sg-steps 10 --source pretrained --h5 pusht_c2222.h5 --device cuda --mode long --episodes-file episodes/pusht_c2222.episodes50.json --goal-offset 50 --eval-budget 100 --num-eval 256 --score block --angles 20 5 --seed 46 --cem-seed 46
64	pusht	leflow_accept	50	46	logs/rbF_pusht_leflow_accept_t50_seed46.log	python -m surveyor.envs.pusht.eval --subgoal leflow+surveyor --leflow-ckpt leflow/pusht/latent_planner.pt --leflow-stats leflow/pusht/action_stats.json --gdm-ckpt gdm_stride10.pt --gdm-steps 3 --accept-tau 0.20 --sg-steps 10 --source pretrained --h5 pusht_c2222.h5 --device cuda --mode long --episodes-file episodes/pusht_c2222.episodes50.json --goal-offset 50 --eval-budget 100 --num-eval 256 --score block --angles 20 5 --seed 46 --cem-seed 46
65	pusht	leflow	50	47	logs/rbF_pusht_leflow_t50_seed47.log	python -m surveyor.envs.pusht.eval --subgoal leflow --leflow-ckpt leflow/pusht/latent_planner.pt --leflow-stats leflow/pusht/action_stats.json --leflow-receding 25 --source pretrained --h5 pusht_c2222.h5 --device cuda --mode long --episodes-file episodes/pusht_c2222.episodes50.json --goal-offset 50 --eval-budget 100 --num-eval 256 --score block --angles 20 5 --seed 47 --cem-seed 47
66	pusht	leflow_rh10	50	47	logs/rbF_pusht_leflow_rh10_t50_seed47.log	python -m surveyor.envs.pusht.eval --subgoal leflow --leflow-ckpt leflow/pusht/latent_planner.pt --leflow-stats leflow/pusht/action_stats.json --leflow-receding 10 --source pretrained --h5 pusht_c2222.h5 --device cuda --mode long --episodes-file episodes/pusht_c2222.episodes50.json --goal-offset 50 --eval-budget 100 --num-eval 256 --score block --angles 20 5 --seed 47 --cem-seed 47
67	pusht	leflow_every	50	47	logs/rbF_pusht_leflow_every_t50_seed47.log	python -m surveyor.envs.pusht.eval --subgoal leflow+surveyor --leflow-ckpt leflow/pusht/latent_planner.pt --leflow-stats leflow/pusht/action_stats.json --gdm-ckpt gdm_stride10.pt --gdm-steps 3 --accept-tau 0.0 --sg-steps 10 --source pretrained --h5 pusht_c2222.h5 --device cuda --mode long --episodes-file episodes/pusht_c2222.episodes50.json --goal-offset 50 --eval-budget 100 --num-eval 256 --score block --angles 20 5 --seed 47 --cem-seed 47
68	pusht	leflow_blind	50	47	logs/rbF_pusht_leflow_blind_t50_seed47.log	python -m surveyor.envs.pusht.eval --subgoal leflow+surveyor --leflow-ckpt leflow/pusht/latent_planner.pt --leflow-stats leflow/pusht/action_stats.json --gdm-ckpt gdm_stride10.pt --gdm-steps 3 --accept-tau 999 --sg-steps 10 --source pretrained --h5 pusht_c2222.h5 --device cuda --mode long --episodes-file episodes/pusht_c2222.episodes50.json --goal-offset 50 --eval-budget 100 --num-eval 256 --score block --angles 20 5 --seed 47 --cem-seed 47
69	pusht	leflow_accept	50	47	logs/rbF_pusht_leflow_accept_t50_seed47.log	python -m surveyor.envs.pusht.eval --subgoal leflow+surveyor --leflow-ckpt leflow/pusht/latent_planner.pt --leflow-stats leflow/pusht/action_stats.json --gdm-ckpt gdm_stride10.pt --gdm-steps 3 --accept-tau 0.20 --sg-steps 10 --source pretrained --h5 pusht_c2222.h5 --device cuda --mode long --episodes-file episodes/pusht_c2222.episodes50.json --goal-offset 50 --eval-budget 100 --num-eval 256 --score block --angles 20 5 --seed 47 --cem-seed 47
70	pusht	leflow	50	48	logs/rbF_pusht_leflow_t50_seed48.log	python -m surveyor.envs.pusht.eval --subgoal leflow --leflow-ckpt leflow/pusht/latent_planner.pt --leflow-stats leflow/pusht/action_stats.json --leflow-receding 25 --source pretrained --h5 pusht_c2222.h5 --device cuda --mode long --episodes-file episodes/pusht_c2222.episodes50.json --goal-offset 50 --eval-budget 100 --num-eval 256 --score block --angles 20 5 --seed 48 --cem-seed 48
71	pusht	leflow_rh10	50	48	logs/rbF_pusht_leflow_rh10_t50_seed48.log	python -m surveyor.envs.pusht.eval --subgoal leflow --leflow-ckpt leflow/pusht/latent_planner.pt --leflow-stats leflow/pusht/action_stats.json --leflow-receding 10 --source pretrained --h5 pusht_c2222.h5 --device cuda --mode long --episodes-file episodes/pusht_c2222.episodes50.json --goal-offset 50 --eval-budget 100 --num-eval 256 --score block --angles 20 5 --seed 48 --cem-seed 48
72	pusht	leflow_every	50	48	logs/rbF_pusht_leflow_every_t50_seed48.log	python -m surveyor.envs.pusht.eval --subgoal leflow+surveyor --leflow-ckpt leflow/pusht/latent_planner.pt --leflow-stats leflow/pusht/action_stats.json --gdm-ckpt gdm_stride10.pt --gdm-steps 3 --accept-tau 0.0 --sg-steps 10 --source pretrained --h5 pusht_c2222.h5 --device cuda --mode long --episodes-file episodes/pusht_c2222.episodes50.json --goal-offset 50 --eval-budget 100 --num-eval 256 --score block --angles 20 5 --seed 48 --cem-seed 48
73	pusht	leflow_blind	50	48	logs/rbF_pusht_leflow_blind_t50_seed48.log	python -m surveyor.envs.pusht.eval --subgoal leflow+surveyor --leflow-ckpt leflow/pusht/latent_planner.pt --leflow-stats leflow/pusht/action_stats.json --gdm-ckpt gdm_stride10.pt --gdm-steps 3 --accept-tau 999 --sg-steps 10 --source pretrained --h5 pusht_c2222.h5 --device cuda --mode long --episodes-file episodes/pusht_c2222.episodes50.json --goal-offset 50 --eval-budget 100 --num-eval 256 --score block --angles 20 5 --seed 48 --cem-seed 48
74	pusht	leflow_accept	50	48	logs/rbF_pusht_leflow_accept_t50_seed48.log	python -m surveyor.envs.pusht.eval --subgoal leflow+surveyor --leflow-ckpt leflow/pusht/latent_planner.pt --leflow-stats leflow/pusht/action_stats.json --gdm-ckpt gdm_stride10.pt --gdm-steps 3 --accept-tau 0.20 --sg-steps 10 --source pretrained --h5 pusht_c2222.h5 --device cuda --mode long --episodes-file episodes/pusht_c2222.episodes50.json --goal-offset 50 --eval-budget 100 --num-eval 256 --score block --angles 20 5 --seed 48 --cem-seed 48
75	pusht	leflow	50	49	logs/rbF_pusht_leflow_t50_seed49.log	python -m surveyor.envs.pusht.eval --subgoal leflow --leflow-ckpt leflow/pusht/latent_planner.pt --leflow-stats leflow/pusht/action_stats.json --leflow-receding 25 --source pretrained --h5 pusht_c2222.h5 --device cuda --mode long --episodes-file episodes/pusht_c2222.episodes50.json --goal-offset 50 --eval-budget 100 --num-eval 256 --score block --angles 20 5 --seed 49 --cem-seed 49
76	pusht	leflow_rh10	50	49	logs/rbF_pusht_leflow_rh10_t50_seed49.log	python -m surveyor.envs.pusht.eval --subgoal leflow --leflow-ckpt leflow/pusht/latent_planner.pt --leflow-stats leflow/pusht/action_stats.json --leflow-receding 10 --source pretrained --h5 pusht_c2222.h5 --device cuda --mode long --episodes-file episodes/pusht_c2222.episodes50.json --goal-offset 50 --eval-budget 100 --num-eval 256 --score block --angles 20 5 --seed 49 --cem-seed 49
77	pusht	leflow_every	50	49	logs/rbF_pusht_leflow_every_t50_seed49.log	python -m surveyor.envs.pusht.eval --subgoal leflow+surveyor --leflow-ckpt leflow/pusht/latent_planner.pt --leflow-stats leflow/pusht/action_stats.json --gdm-ckpt gdm_stride10.pt --gdm-steps 3 --accept-tau 0.0 --sg-steps 10 --source pretrained --h5 pusht_c2222.h5 --device cuda --mode long --episodes-file episodes/pusht_c2222.episodes50.json --goal-offset 50 --eval-budget 100 --num-eval 256 --score block --angles 20 5 --seed 49 --cem-seed 49
78	pusht	leflow_blind	50	49	logs/rbF_pusht_leflow_blind_t50_seed49.log	python -m surveyor.envs.pusht.eval --subgoal leflow+surveyor --leflow-ckpt leflow/pusht/latent_planner.pt --leflow-stats leflow/pusht/action_stats.json --gdm-ckpt gdm_stride10.pt --gdm-steps 3 --accept-tau 999 --sg-steps 10 --source pretrained --h5 pusht_c2222.h5 --device cuda --mode long --episodes-file episodes/pusht_c2222.episodes50.json --goal-offset 50 --eval-budget 100 --num-eval 256 --score block --angles 20 5 --seed 49 --cem-seed 49
79	pusht	leflow_accept	50	49	logs/rbF_pusht_leflow_accept_t50_seed49.log	python -m surveyor.envs.pusht.eval --subgoal leflow+surveyor --leflow-ckpt leflow/pusht/latent_planner.pt --leflow-stats leflow/pusht/action_stats.json --gdm-ckpt gdm_stride10.pt --gdm-steps 3 --accept-tau 0.20 --sg-steps 10 --source pretrained --h5 pusht_c2222.h5 --device cuda --mode long --episodes-file episodes/pusht_c2222.episodes50.json --goal-offset 50 --eval-budget 100 --num-eval 256 --score block --angles 20 5 --seed 49 --cem-seed 49
80	pusht	leflow	75	42	logs/rbF_pusht_leflow_t75_seed42.log	python -m surveyor.envs.pusht.eval --subgoal leflow --leflow-ckpt leflow/pusht/latent_planner.pt --leflow-stats leflow/pusht/action_stats.json --leflow-receding 25 --source pretrained --h5 pusht_c2222.h5 --device cuda --mode long --episodes-file episodes/pusht_c2222.episodes75.json --goal-offset 75 --eval-budget 150 --num-eval 256 --score block --angles 20 5 --seed 42 --cem-seed 42
81	pusht	leflow_rh10	75	42	logs/rbF_pusht_leflow_rh10_t75_seed42.log	python -m surveyor.envs.pusht.eval --subgoal leflow --leflow-ckpt leflow/pusht/latent_planner.pt --leflow-stats leflow/pusht/action_stats.json --leflow-receding 10 --source pretrained --h5 pusht_c2222.h5 --device cuda --mode long --episodes-file episodes/pusht_c2222.episodes75.json --goal-offset 75 --eval-budget 150 --num-eval 256 --score block --angles 20 5 --seed 42 --cem-seed 42
82	pusht	leflow_every	75	42	logs/rbF_pusht_leflow_every_t75_seed42.log	python -m surveyor.envs.pusht.eval --subgoal leflow+surveyor --leflow-ckpt leflow/pusht/latent_planner.pt --leflow-stats leflow/pusht/action_stats.json --gdm-ckpt gdm_stride10.pt --gdm-steps 3 --accept-tau 0.0 --sg-steps 10 --source pretrained --h5 pusht_c2222.h5 --device cuda --mode long --episodes-file episodes/pusht_c2222.episodes75.json --goal-offset 75 --eval-budget 150 --num-eval 256 --score block --angles 20 5 --seed 42 --cem-seed 42
83	pusht	leflow_blind	75	42	logs/rbF_pusht_leflow_blind_t75_seed42.log	python -m surveyor.envs.pusht.eval --subgoal leflow+surveyor --leflow-ckpt leflow/pusht/latent_planner.pt --leflow-stats leflow/pusht/action_stats.json --gdm-ckpt gdm_stride10.pt --gdm-steps 3 --accept-tau 999 --sg-steps 10 --source pretrained --h5 pusht_c2222.h5 --device cuda --mode long --episodes-file episodes/pusht_c2222.episodes75.json --goal-offset 75 --eval-budget 150 --num-eval 256 --score block --angles 20 5 --seed 42 --cem-seed 42
84	pusht	leflow_accept	75	42	logs/rbF_pusht_leflow_accept_t75_seed42.log	python -m surveyor.envs.pusht.eval --subgoal leflow+surveyor --leflow-ckpt leflow/pusht/latent_planner.pt --leflow-stats leflow/pusht/action_stats.json --gdm-ckpt gdm_stride10.pt --gdm-steps 3 --accept-tau 0.20 --sg-steps 10 --source pretrained --h5 pusht_c2222.h5 --device cuda --mode long --episodes-file episodes/pusht_c2222.episodes75.json --goal-offset 75 --eval-budget 150 --num-eval 256 --score block --angles 20 5 --seed 42 --cem-seed 42
85	pusht	leflow	75	43	logs/rbF_pusht_leflow_t75_seed43.log	python -m surveyor.envs.pusht.eval --subgoal leflow --leflow-ckpt leflow/pusht/latent_planner.pt --leflow-stats leflow/pusht/action_stats.json --leflow-receding 25 --source pretrained --h5 pusht_c2222.h5 --device cuda --mode long --episodes-file episodes/pusht_c2222.episodes75.json --goal-offset 75 --eval-budget 150 --num-eval 256 --score block --angles 20 5 --seed 43 --cem-seed 43
86	pusht	leflow_rh10	75	43	logs/rbF_pusht_leflow_rh10_t75_seed43.log	python -m surveyor.envs.pusht.eval --subgoal leflow --leflow-ckpt leflow/pusht/latent_planner.pt --leflow-stats leflow/pusht/action_stats.json --leflow-receding 10 --source pretrained --h5 pusht_c2222.h5 --device cuda --mode long --episodes-file episodes/pusht_c2222.episodes75.json --goal-offset 75 --eval-budget 150 --num-eval 256 --score block --angles 20 5 --seed 43 --cem-seed 43
87	pusht	leflow_every	75	43	logs/rbF_pusht_leflow_every_t75_seed43.log	python -m surveyor.envs.pusht.eval --subgoal leflow+surveyor --leflow-ckpt leflow/pusht/latent_planner.pt --leflow-stats leflow/pusht/action_stats.json --gdm-ckpt gdm_stride10.pt --gdm-steps 3 --accept-tau 0.0 --sg-steps 10 --source pretrained --h5 pusht_c2222.h5 --device cuda --mode long --episodes-file episodes/pusht_c2222.episodes75.json --goal-offset 75 --eval-budget 150 --num-eval 256 --score block --angles 20 5 --seed 43 --cem-seed 43
88	pusht	leflow_blind	75	43	logs/rbF_pusht_leflow_blind_t75_seed43.log	python -m surveyor.envs.pusht.eval --subgoal leflow+surveyor --leflow-ckpt leflow/pusht/latent_planner.pt --leflow-stats leflow/pusht/action_stats.json --gdm-ckpt gdm_stride10.pt --gdm-steps 3 --accept-tau 999 --sg-steps 10 --source pretrained --h5 pusht_c2222.h5 --device cuda --mode long --episodes-file episodes/pusht_c2222.episodes75.json --goal-offset 75 --eval-budget 150 --num-eval 256 --score block --angles 20 5 --seed 43 --cem-seed 43
89	pusht	leflow_accept	75	43	logs/rbF_pusht_leflow_accept_t75_seed43.log	python -m surveyor.envs.pusht.eval --subgoal leflow+surveyor --leflow-ckpt leflow/pusht/latent_planner.pt --leflow-stats leflow/pusht/action_stats.json --gdm-ckpt gdm_stride10.pt --gdm-steps 3 --accept-tau 0.20 --sg-steps 10 --source pretrained --h5 pusht_c2222.h5 --device cuda --mode long --episodes-file episodes/pusht_c2222.episodes75.json --goal-offset 75 --eval-budget 150 --num-eval 256 --score block --angles 20 5 --seed 43 --cem-seed 43
90	pusht	leflow	75	44	logs/rbF_pusht_leflow_t75_seed44.log	python -m surveyor.envs.pusht.eval --subgoal leflow --leflow-ckpt leflow/pusht/latent_planner.pt --leflow-stats leflow/pusht/action_stats.json --leflow-receding 25 --source pretrained --h5 pusht_c2222.h5 --device cuda --mode long --episodes-file episodes/pusht_c2222.episodes75.json --goal-offset 75 --eval-budget 150 --num-eval 256 --score block --angles 20 5 --seed 44 --cem-seed 44
91	pusht	leflow_rh10	75	44	logs/rbF_pusht_leflow_rh10_t75_seed44.log	python -m surveyor.envs.pusht.eval --subgoal leflow --leflow-ckpt leflow/pusht/latent_planner.pt --leflow-stats leflow/pusht/action_stats.json --leflow-receding 10 --source pretrained --h5 pusht_c2222.h5 --device cuda --mode long --episodes-file episodes/pusht_c2222.episodes75.json --goal-offset 75 --eval-budget 150 --num-eval 256 --score block --angles 20 5 --seed 44 --cem-seed 44
92	pusht	leflow_every	75	44	logs/rbF_pusht_leflow_every_t75_seed44.log	python -m surveyor.envs.pusht.eval --subgoal leflow+surveyor --leflow-ckpt leflow/pusht/latent_planner.pt --leflow-stats leflow/pusht/action_stats.json --gdm-ckpt gdm_stride10.pt --gdm-steps 3 --accept-tau 0.0 --sg-steps 10 --source pretrained --h5 pusht_c2222.h5 --device cuda --mode long --episodes-file episodes/pusht_c2222.episodes75.json --goal-offset 75 --eval-budget 150 --num-eval 256 --score block --angles 20 5 --seed 44 --cem-seed 44
93	pusht	leflow_blind	75	44	logs/rbF_pusht_leflow_blind_t75_seed44.log	python -m surveyor.envs.pusht.eval --subgoal leflow+surveyor --leflow-ckpt leflow/pusht/latent_planner.pt --leflow-stats leflow/pusht/action_stats.json --gdm-ckpt gdm_stride10.pt --gdm-steps 3 --accept-tau 999 --sg-steps 10 --source pretrained --h5 pusht_c2222.h5 --device cuda --mode long --episodes-file episodes/pusht_c2222.episodes75.json --goal-offset 75 --eval-budget 150 --num-eval 256 --score block --angles 20 5 --seed 44 --cem-seed 44
94	pusht	leflow_accept	75	44	logs/rbF_pusht_leflow_accept_t75_seed44.log	python -m surveyor.envs.pusht.eval --subgoal leflow+surveyor --leflow-ckpt leflow/pusht/latent_planner.pt --leflow-stats leflow/pusht/action_stats.json --gdm-ckpt gdm_stride10.pt --gdm-steps 3 --accept-tau 0.20 --sg-steps 10 --source pretrained --h5 pusht_c2222.h5 --device cuda --mode long --episodes-file episodes/pusht_c2222.episodes75.json --goal-offset 75 --eval-budget 150 --num-eval 256 --score block --angles 20 5 --seed 44 --cem-seed 44
95	pusht	leflow	75	45	logs/rbF_pusht_leflow_t75_seed45.log	python -m surveyor.envs.pusht.eval --subgoal leflow --leflow-ckpt leflow/pusht/latent_planner.pt --leflow-stats leflow/pusht/action_stats.json --leflow-receding 25 --source pretrained --h5 pusht_c2222.h5 --device cuda --mode long --episodes-file episodes/pusht_c2222.episodes75.json --goal-offset 75 --eval-budget 150 --num-eval 256 --score block --angles 20 5 --seed 45 --cem-seed 45
96	pusht	leflow_rh10	75	45	logs/rbF_pusht_leflow_rh10_t75_seed45.log	python -m surveyor.envs.pusht.eval --subgoal leflow --leflow-ckpt leflow/pusht/latent_planner.pt --leflow-stats leflow/pusht/action_stats.json --leflow-receding 10 --source pretrained --h5 pusht_c2222.h5 --device cuda --mode long --episodes-file episodes/pusht_c2222.episodes75.json --goal-offset 75 --eval-budget 150 --num-eval 256 --score block --angles 20 5 --seed 45 --cem-seed 45
97	pusht	leflow_every	75	45	logs/rbF_pusht_leflow_every_t75_seed45.log	python -m surveyor.envs.pusht.eval --subgoal leflow+surveyor --leflow-ckpt leflow/pusht/latent_planner.pt --leflow-stats leflow/pusht/action_stats.json --gdm-ckpt gdm_stride10.pt --gdm-steps 3 --accept-tau 0.0 --sg-steps 10 --source pretrained --h5 pusht_c2222.h5 --device cuda --mode long --episodes-file episodes/pusht_c2222.episodes75.json --goal-offset 75 --eval-budget 150 --num-eval 256 --score block --angles 20 5 --seed 45 --cem-seed 45
98	pusht	leflow_blind	75	45	logs/rbF_pusht_leflow_blind_t75_seed45.log	python -m surveyor.envs.pusht.eval --subgoal leflow+surveyor --leflow-ckpt leflow/pusht/latent_planner.pt --leflow-stats leflow/pusht/action_stats.json --gdm-ckpt gdm_stride10.pt --gdm-steps 3 --accept-tau 999 --sg-steps 10 --source pretrained --h5 pusht_c2222.h5 --device cuda --mode long --episodes-file episodes/pusht_c2222.episodes75.json --goal-offset 75 --eval-budget 150 --num-eval 256 --score block --angles 20 5 --seed 45 --cem-seed 45
99	pusht	leflow_accept	75	45	logs/rbF_pusht_leflow_accept_t75_seed45.log	python -m surveyor.envs.pusht.eval --subgoal leflow+surveyor --leflow-ckpt leflow/pusht/latent_planner.pt --leflow-stats leflow/pusht/action_stats.json --gdm-ckpt gdm_stride10.pt --gdm-steps 3 --accept-tau 0.20 --sg-steps 10 --source pretrained --h5 pusht_c2222.h5 --device cuda --mode long --episodes-file episodes/pusht_c2222.episodes75.json --goal-offset 75 --eval-budget 150 --num-eval 256 --score block --angles 20 5 --seed 45 --cem-seed 45
100	pusht	leflow	75	46	logs/rbF_pusht_leflow_t75_seed46.log	python -m surveyor.envs.pusht.eval --subgoal leflow --leflow-ckpt leflow/pusht/latent_planner.pt --leflow-stats leflow/pusht/action_stats.json --leflow-receding 25 --source pretrained --h5 pusht_c2222.h5 --device cuda --mode long --episodes-file episodes/pusht_c2222.episodes75.json --goal-offset 75 --eval-budget 150 --num-eval 256 --score block --angles 20 5 --seed 46 --cem-seed 46
101	pusht	leflow_rh10	75	46	logs/rbF_pusht_leflow_rh10_t75_seed46.log	python -m surveyor.envs.pusht.eval --subgoal leflow --leflow-ckpt leflow/pusht/latent_planner.pt --leflow-stats leflow/pusht/action_stats.json --leflow-receding 10 --source pretrained --h5 pusht_c2222.h5 --device cuda --mode long --episodes-file episodes/pusht_c2222.episodes75.json --goal-offset 75 --eval-budget 150 --num-eval 256 --score block --angles 20 5 --seed 46 --cem-seed 46
102	pusht	leflow_every	75	46	logs/rbF_pusht_leflow_every_t75_seed46.log	python -m surveyor.envs.pusht.eval --subgoal leflow+surveyor --leflow-ckpt leflow/pusht/latent_planner.pt --leflow-stats leflow/pusht/action_stats.json --gdm-ckpt gdm_stride10.pt --gdm-steps 3 --accept-tau 0.0 --sg-steps 10 --source pretrained --h5 pusht_c2222.h5 --device cuda --mode long --episodes-file episodes/pusht_c2222.episodes75.json --goal-offset 75 --eval-budget 150 --num-eval 256 --score block --angles 20 5 --seed 46 --cem-seed 46
103	pusht	leflow_blind	75	46	logs/rbF_pusht_leflow_blind_t75_seed46.log	python -m surveyor.envs.pusht.eval --subgoal leflow+surveyor --leflow-ckpt leflow/pusht/latent_planner.pt --leflow-stats leflow/pusht/action_stats.json --gdm-ckpt gdm_stride10.pt --gdm-steps 3 --accept-tau 999 --sg-steps 10 --source pretrained --h5 pusht_c2222.h5 --device cuda --mode long --episodes-file episodes/pusht_c2222.episodes75.json --goal-offset 75 --eval-budget 150 --num-eval 256 --score block --angles 20 5 --seed 46 --cem-seed 46
104	pusht	leflow_accept	75	46	logs/rbF_pusht_leflow_accept_t75_seed46.log	python -m surveyor.envs.pusht.eval --subgoal leflow+surveyor --leflow-ckpt leflow/pusht/latent_planner.pt --leflow-stats leflow/pusht/action_stats.json --gdm-ckpt gdm_stride10.pt --gdm-steps 3 --accept-tau 0.20 --sg-steps 10 --source pretrained --h5 pusht_c2222.h5 --device cuda --mode long --episodes-file episodes/pusht_c2222.episodes75.json --goal-offset 75 --eval-budget 150 --num-eval 256 --score block --angles 20 5 --seed 46 --cem-seed 46
105	pusht	leflow	75	47	logs/rbF_pusht_leflow_t75_seed47.log	python -m surveyor.envs.pusht.eval --subgoal leflow --leflow-ckpt leflow/pusht/latent_planner.pt --leflow-stats leflow/pusht/action_stats.json --leflow-receding 25 --source pretrained --h5 pusht_c2222.h5 --device cuda --mode long --episodes-file episodes/pusht_c2222.episodes75.json --goal-offset 75 --eval-budget 150 --num-eval 256 --score block --angles 20 5 --seed 47 --cem-seed 47
106	pusht	leflow_rh10	75	47	logs/rbF_pusht_leflow_rh10_t75_seed47.log	python -m surveyor.envs.pusht.eval --subgoal leflow --leflow-ckpt leflow/pusht/latent_planner.pt --leflow-stats leflow/pusht/action_stats.json --leflow-receding 10 --source pretrained --h5 pusht_c2222.h5 --device cuda --mode long --episodes-file episodes/pusht_c2222.episodes75.json --goal-offset 75 --eval-budget 150 --num-eval 256 --score block --angles 20 5 --seed 47 --cem-seed 47
107	pusht	leflow_every	75	47	logs/rbF_pusht_leflow_every_t75_seed47.log	python -m surveyor.envs.pusht.eval --subgoal leflow+surveyor --leflow-ckpt leflow/pusht/latent_planner.pt --leflow-stats leflow/pusht/action_stats.json --gdm-ckpt gdm_stride10.pt --gdm-steps 3 --accept-tau 0.0 --sg-steps 10 --source pretrained --h5 pusht_c2222.h5 --device cuda --mode long --episodes-file episodes/pusht_c2222.episodes75.json --goal-offset 75 --eval-budget 150 --num-eval 256 --score block --angles 20 5 --seed 47 --cem-seed 47
108	pusht	leflow_blind	75	47	logs/rbF_pusht_leflow_blind_t75_seed47.log	python -m surveyor.envs.pusht.eval --subgoal leflow+surveyor --leflow-ckpt leflow/pusht/latent_planner.pt --leflow-stats leflow/pusht/action_stats.json --gdm-ckpt gdm_stride10.pt --gdm-steps 3 --accept-tau 999 --sg-steps 10 --source pretrained --h5 pusht_c2222.h5 --device cuda --mode long --episodes-file episodes/pusht_c2222.episodes75.json --goal-offset 75 --eval-budget 150 --num-eval 256 --score block --angles 20 5 --seed 47 --cem-seed 47
109	pusht	leflow_accept	75	47	logs/rbF_pusht_leflow_accept_t75_seed47.log	python -m surveyor.envs.pusht.eval --subgoal leflow+surveyor --leflow-ckpt leflow/pusht/latent_planner.pt --leflow-stats leflow/pusht/action_stats.json --gdm-ckpt gdm_stride10.pt --gdm-steps 3 --accept-tau 0.20 --sg-steps 10 --source pretrained --h5 pusht_c2222.h5 --device cuda --mode long --episodes-file episodes/pusht_c2222.episodes75.json --goal-offset 75 --eval-budget 150 --num-eval 256 --score block --angles 20 5 --seed 47 --cem-seed 47
110	pusht	leflow	75	48	logs/rbF_pusht_leflow_t75_seed48.log	python -m surveyor.envs.pusht.eval --subgoal leflow --leflow-ckpt leflow/pusht/latent_planner.pt --leflow-stats leflow/pusht/action_stats.json --leflow-receding 25 --source pretrained --h5 pusht_c2222.h5 --device cuda --mode long --episodes-file episodes/pusht_c2222.episodes75.json --goal-offset 75 --eval-budget 150 --num-eval 256 --score block --angles 20 5 --seed 48 --cem-seed 48
111	pusht	leflow_rh10	75	48	logs/rbF_pusht_leflow_rh10_t75_seed48.log	python -m surveyor.envs.pusht.eval --subgoal leflow --leflow-ckpt leflow/pusht/latent_planner.pt --leflow-stats leflow/pusht/action_stats.json --leflow-receding 10 --source pretrained --h5 pusht_c2222.h5 --device cuda --mode long --episodes-file episodes/pusht_c2222.episodes75.json --goal-offset 75 --eval-budget 150 --num-eval 256 --score block --angles 20 5 --seed 48 --cem-seed 48
112	pusht	leflow_every	75	48	logs/rbF_pusht_leflow_every_t75_seed48.log	python -m surveyor.envs.pusht.eval --subgoal leflow+surveyor --leflow-ckpt leflow/pusht/latent_planner.pt --leflow-stats leflow/pusht/action_stats.json --gdm-ckpt gdm_stride10.pt --gdm-steps 3 --accept-tau 0.0 --sg-steps 10 --source pretrained --h5 pusht_c2222.h5 --device cuda --mode long --episodes-file episodes/pusht_c2222.episodes75.json --goal-offset 75 --eval-budget 150 --num-eval 256 --score block --angles 20 5 --seed 48 --cem-seed 48
113	pusht	leflow_blind	75	48	logs/rbF_pusht_leflow_blind_t75_seed48.log	python -m surveyor.envs.pusht.eval --subgoal leflow+surveyor --leflow-ckpt leflow/pusht/latent_planner.pt --leflow-stats leflow/pusht/action_stats.json --gdm-ckpt gdm_stride10.pt --gdm-steps 3 --accept-tau 999 --sg-steps 10 --source pretrained --h5 pusht_c2222.h5 --device cuda --mode long --episodes-file episodes/pusht_c2222.episodes75.json --goal-offset 75 --eval-budget 150 --num-eval 256 --score block --angles 20 5 --seed 48 --cem-seed 48
114	pusht	leflow_accept	75	48	logs/rbF_pusht_leflow_accept_t75_seed48.log	python -m surveyor.envs.pusht.eval --subgoal leflow+surveyor --leflow-ckpt leflow/pusht/latent_planner.pt --leflow-stats leflow/pusht/action_stats.json --gdm-ckpt gdm_stride10.pt --gdm-steps 3 --accept-tau 0.20 --sg-steps 10 --source pretrained --h5 pusht_c2222.h5 --device cuda --mode long --episodes-file episodes/pusht_c2222.episodes75.json --goal-offset 75 --eval-budget 150 --num-eval 256 --score block --angles 20 5 --seed 48 --cem-seed 48
115	pusht	leflow	75	49	logs/rbF_pusht_leflow_t75_seed49.log	python -m surveyor.envs.pusht.eval --subgoal leflow --leflow-ckpt leflow/pusht/latent_planner.pt --leflow-stats leflow/pusht/action_stats.json --leflow-receding 25 --source pretrained --h5 pusht_c2222.h5 --device cuda --mode long --episodes-file episodes/pusht_c2222.episodes75.json --goal-offset 75 --eval-budget 150 --num-eval 256 --score block --angles 20 5 --seed 49 --cem-seed 49
116	pusht	leflow_rh10	75	49	logs/rbF_pusht_leflow_rh10_t75_seed49.log	python -m surveyor.envs.pusht.eval --subgoal leflow --leflow-ckpt leflow/pusht/latent_planner.pt --leflow-stats leflow/pusht/action_stats.json --leflow-receding 10 --source pretrained --h5 pusht_c2222.h5 --device cuda --mode long --episodes-file episodes/pusht_c2222.episodes75.json --goal-offset 75 --eval-budget 150 --num-eval 256 --score block --angles 20 5 --seed 49 --cem-seed 49
117	pusht	leflow_every	75	49	logs/rbF_pusht_leflow_every_t75_seed49.log	python -m surveyor.envs.pusht.eval --subgoal leflow+surveyor --leflow-ckpt leflow/pusht/latent_planner.pt --leflow-stats leflow/pusht/action_stats.json --gdm-ckpt gdm_stride10.pt --gdm-steps 3 --accept-tau 0.0 --sg-steps 10 --source pretrained --h5 pusht_c2222.h5 --device cuda --mode long --episodes-file episodes/pusht_c2222.episodes75.json --goal-offset 75 --eval-budget 150 --num-eval 256 --score block --angles 20 5 --seed 49 --cem-seed 49
118	pusht	leflow_blind	75	49	logs/rbF_pusht_leflow_blind_t75_seed49.log	python -m surveyor.envs.pusht.eval --subgoal leflow+surveyor --leflow-ckpt leflow/pusht/latent_planner.pt --leflow-stats leflow/pusht/action_stats.json --gdm-ckpt gdm_stride10.pt --gdm-steps 3 --accept-tau 999 --sg-steps 10 --source pretrained --h5 pusht_c2222.h5 --device cuda --mode long --episodes-file episodes/pusht_c2222.episodes75.json --goal-offset 75 --eval-budget 150 --num-eval 256 --score block --angles 20 5 --seed 49 --cem-seed 49
119	pusht	leflow_accept	75	49	logs/rbF_pusht_leflow_accept_t75_seed49.log	python -m surveyor.envs.pusht.eval --subgoal leflow+surveyor --leflow-ckpt leflow/pusht/latent_planner.pt --leflow-stats leflow/pusht/action_stats.json --gdm-ckpt gdm_stride10.pt --gdm-steps 3 --accept-tau 0.20 --sg-steps 10 --source pretrained --h5 pusht_c2222.h5 --device cuda --mode long --episodes-file episodes/pusht_c2222.episodes75.json --goal-offset 75 --eval-budget 150 --num-eval 256 --score block --angles 20 5 --seed 49 --cem-seed 49
120	pusht	leflow	100	42	logs/rbF_pusht_leflow_t100_seed42.log	python -m surveyor.envs.pusht.eval --subgoal leflow --leflow-ckpt leflow/pusht/latent_planner.pt --leflow-stats leflow/pusht/action_stats.json --leflow-receding 25 --source pretrained --h5 pusht_c2222.h5 --device cuda --mode long --episodes-file episodes/pusht_c2222.episodes100.json --goal-offset 100 --eval-budget 200 --num-eval 256 --score block --angles 20 5 --seed 42 --cem-seed 42
121	pusht	leflow_rh10	100	42	logs/rbF_pusht_leflow_rh10_t100_seed42.log	python -m surveyor.envs.pusht.eval --subgoal leflow --leflow-ckpt leflow/pusht/latent_planner.pt --leflow-stats leflow/pusht/action_stats.json --leflow-receding 10 --source pretrained --h5 pusht_c2222.h5 --device cuda --mode long --episodes-file episodes/pusht_c2222.episodes100.json --goal-offset 100 --eval-budget 200 --num-eval 256 --score block --angles 20 5 --seed 42 --cem-seed 42
122	pusht	leflow_every	100	42	logs/rbF_pusht_leflow_every_t100_seed42.log	python -m surveyor.envs.pusht.eval --subgoal leflow+surveyor --leflow-ckpt leflow/pusht/latent_planner.pt --leflow-stats leflow/pusht/action_stats.json --gdm-ckpt gdm_stride10.pt --gdm-steps 3 --accept-tau 0.0 --sg-steps 10 --source pretrained --h5 pusht_c2222.h5 --device cuda --mode long --episodes-file episodes/pusht_c2222.episodes100.json --goal-offset 100 --eval-budget 200 --num-eval 256 --score block --angles 20 5 --seed 42 --cem-seed 42
123	pusht	leflow_blind	100	42	logs/rbF_pusht_leflow_blind_t100_seed42.log	python -m surveyor.envs.pusht.eval --subgoal leflow+surveyor --leflow-ckpt leflow/pusht/latent_planner.pt --leflow-stats leflow/pusht/action_stats.json --gdm-ckpt gdm_stride10.pt --gdm-steps 3 --accept-tau 999 --sg-steps 10 --source pretrained --h5 pusht_c2222.h5 --device cuda --mode long --episodes-file episodes/pusht_c2222.episodes100.json --goal-offset 100 --eval-budget 200 --num-eval 256 --score block --angles 20 5 --seed 42 --cem-seed 42
124	pusht	leflow_accept	100	42	logs/rbF_pusht_leflow_accept_t100_seed42.log	python -m surveyor.envs.pusht.eval --subgoal leflow+surveyor --leflow-ckpt leflow/pusht/latent_planner.pt --leflow-stats leflow/pusht/action_stats.json --gdm-ckpt gdm_stride10.pt --gdm-steps 3 --accept-tau 0.20 --sg-steps 10 --source pretrained --h5 pusht_c2222.h5 --device cuda --mode long --episodes-file episodes/pusht_c2222.episodes100.json --goal-offset 100 --eval-budget 200 --num-eval 256 --score block --angles 20 5 --seed 42 --cem-seed 42
125	pusht	leflow	100	43	logs/rbF_pusht_leflow_t100_seed43.log	python -m surveyor.envs.pusht.eval --subgoal leflow --leflow-ckpt leflow/pusht/latent_planner.pt --leflow-stats leflow/pusht/action_stats.json --leflow-receding 25 --source pretrained --h5 pusht_c2222.h5 --device cuda --mode long --episodes-file episodes/pusht_c2222.episodes100.json --goal-offset 100 --eval-budget 200 --num-eval 256 --score block --angles 20 5 --seed 43 --cem-seed 43
126	pusht	leflow_rh10	100	43	logs/rbF_pusht_leflow_rh10_t100_seed43.log	python -m surveyor.envs.pusht.eval --subgoal leflow --leflow-ckpt leflow/pusht/latent_planner.pt --leflow-stats leflow/pusht/action_stats.json --leflow-receding 10 --source pretrained --h5 pusht_c2222.h5 --device cuda --mode long --episodes-file episodes/pusht_c2222.episodes100.json --goal-offset 100 --eval-budget 200 --num-eval 256 --score block --angles 20 5 --seed 43 --cem-seed 43
127	pusht	leflow_every	100	43	logs/rbF_pusht_leflow_every_t100_seed43.log	python -m surveyor.envs.pusht.eval --subgoal leflow+surveyor --leflow-ckpt leflow/pusht/latent_planner.pt --leflow-stats leflow/pusht/action_stats.json --gdm-ckpt gdm_stride10.pt --gdm-steps 3 --accept-tau 0.0 --sg-steps 10 --source pretrained --h5 pusht_c2222.h5 --device cuda --mode long --episodes-file episodes/pusht_c2222.episodes100.json --goal-offset 100 --eval-budget 200 --num-eval 256 --score block --angles 20 5 --seed 43 --cem-seed 43
128	pusht	leflow_blind	100	43	logs/rbF_pusht_leflow_blind_t100_seed43.log	python -m surveyor.envs.pusht.eval --subgoal leflow+surveyor --leflow-ckpt leflow/pusht/latent_planner.pt --leflow-stats leflow/pusht/action_stats.json --gdm-ckpt gdm_stride10.pt --gdm-steps 3 --accept-tau 999 --sg-steps 10 --source pretrained --h5 pusht_c2222.h5 --device cuda --mode long --episodes-file episodes/pusht_c2222.episodes100.json --goal-offset 100 --eval-budget 200 --num-eval 256 --score block --angles 20 5 --seed 43 --cem-seed 43
129	pusht	leflow_accept	100	43	logs/rbF_pusht_leflow_accept_t100_seed43.log	python -m surveyor.envs.pusht.eval --subgoal leflow+surveyor --leflow-ckpt leflow/pusht/latent_planner.pt --leflow-stats leflow/pusht/action_stats.json --gdm-ckpt gdm_stride10.pt --gdm-steps 3 --accept-tau 0.20 --sg-steps 10 --source pretrained --h5 pusht_c2222.h5 --device cuda --mode long --episodes-file episodes/pusht_c2222.episodes100.json --goal-offset 100 --eval-budget 200 --num-eval 256 --score block --angles 20 5 --seed 43 --cem-seed 43
130	pusht	leflow	100	44	logs/rbF_pusht_leflow_t100_seed44.log	python -m surveyor.envs.pusht.eval --subgoal leflow --leflow-ckpt leflow/pusht/latent_planner.pt --leflow-stats leflow/pusht/action_stats.json --leflow-receding 25 --source pretrained --h5 pusht_c2222.h5 --device cuda --mode long --episodes-file episodes/pusht_c2222.episodes100.json --goal-offset 100 --eval-budget 200 --num-eval 256 --score block --angles 20 5 --seed 44 --cem-seed 44
131	pusht	leflow_rh10	100	44	logs/rbF_pusht_leflow_rh10_t100_seed44.log	python -m surveyor.envs.pusht.eval --subgoal leflow --leflow-ckpt leflow/pusht/latent_planner.pt --leflow-stats leflow/pusht/action_stats.json --leflow-receding 10 --source pretrained --h5 pusht_c2222.h5 --device cuda --mode long --episodes-file episodes/pusht_c2222.episodes100.json --goal-offset 100 --eval-budget 200 --num-eval 256 --score block --angles 20 5 --seed 44 --cem-seed 44
132	pusht	leflow_every	100	44	logs/rbF_pusht_leflow_every_t100_seed44.log	python -m surveyor.envs.pusht.eval --subgoal leflow+surveyor --leflow-ckpt leflow/pusht/latent_planner.pt --leflow-stats leflow/pusht/action_stats.json --gdm-ckpt gdm_stride10.pt --gdm-steps 3 --accept-tau 0.0 --sg-steps 10 --source pretrained --h5 pusht_c2222.h5 --device cuda --mode long --episodes-file episodes/pusht_c2222.episodes100.json --goal-offset 100 --eval-budget 200 --num-eval 256 --score block --angles 20 5 --seed 44 --cem-seed 44
133	pusht	leflow_blind	100	44	logs/rbF_pusht_leflow_blind_t100_seed44.log	python -m surveyor.envs.pusht.eval --subgoal leflow+surveyor --leflow-ckpt leflow/pusht/latent_planner.pt --leflow-stats leflow/pusht/action_stats.json --gdm-ckpt gdm_stride10.pt --gdm-steps 3 --accept-tau 999 --sg-steps 10 --source pretrained --h5 pusht_c2222.h5 --device cuda --mode long --episodes-file episodes/pusht_c2222.episodes100.json --goal-offset 100 --eval-budget 200 --num-eval 256 --score block --angles 20 5 --seed 44 --cem-seed 44
134	pusht	leflow_accept	100	44	logs/rbF_pusht_leflow_accept_t100_seed44.log	python -m surveyor.envs.pusht.eval --subgoal leflow+surveyor --leflow-ckpt leflow/pusht/latent_planner.pt --leflow-stats leflow/pusht/action_stats.json --gdm-ckpt gdm_stride10.pt --gdm-steps 3 --accept-tau 0.20 --sg-steps 10 --source pretrained --h5 pusht_c2222.h5 --device cuda --mode long --episodes-file episodes/pusht_c2222.episodes100.json --goal-offset 100 --eval-budget 200 --num-eval 256 --score block --angles 20 5 --seed 44 --cem-seed 44
135	pusht	leflow	100	45	logs/rbF_pusht_leflow_t100_seed45.log	python -m surveyor.envs.pusht.eval --subgoal leflow --leflow-ckpt leflow/pusht/latent_planner.pt --leflow-stats leflow/pusht/action_stats.json --leflow-receding 25 --source pretrained --h5 pusht_c2222.h5 --device cuda --mode long --episodes-file episodes/pusht_c2222.episodes100.json --goal-offset 100 --eval-budget 200 --num-eval 256 --score block --angles 20 5 --seed 45 --cem-seed 45
136	pusht	leflow_rh10	100	45	logs/rbF_pusht_leflow_rh10_t100_seed45.log	python -m surveyor.envs.pusht.eval --subgoal leflow --leflow-ckpt leflow/pusht/latent_planner.pt --leflow-stats leflow/pusht/action_stats.json --leflow-receding 10 --source pretrained --h5 pusht_c2222.h5 --device cuda --mode long --episodes-file episodes/pusht_c2222.episodes100.json --goal-offset 100 --eval-budget 200 --num-eval 256 --score block --angles 20 5 --seed 45 --cem-seed 45
137	pusht	leflow_every	100	45	logs/rbF_pusht_leflow_every_t100_seed45.log	python -m surveyor.envs.pusht.eval --subgoal leflow+surveyor --leflow-ckpt leflow/pusht/latent_planner.pt --leflow-stats leflow/pusht/action_stats.json --gdm-ckpt gdm_stride10.pt --gdm-steps 3 --accept-tau 0.0 --sg-steps 10 --source pretrained --h5 pusht_c2222.h5 --device cuda --mode long --episodes-file episodes/pusht_c2222.episodes100.json --goal-offset 100 --eval-budget 200 --num-eval 256 --score block --angles 20 5 --seed 45 --cem-seed 45
138	pusht	leflow_blind	100	45	logs/rbF_pusht_leflow_blind_t100_seed45.log	python -m surveyor.envs.pusht.eval --subgoal leflow+surveyor --leflow-ckpt leflow/pusht/latent_planner.pt --leflow-stats leflow/pusht/action_stats.json --gdm-ckpt gdm_stride10.pt --gdm-steps 3 --accept-tau 999 --sg-steps 10 --source pretrained --h5 pusht_c2222.h5 --device cuda --mode long --episodes-file episodes/pusht_c2222.episodes100.json --goal-offset 100 --eval-budget 200 --num-eval 256 --score block --angles 20 5 --seed 45 --cem-seed 45
139	pusht	leflow_accept	100	45	logs/rbF_pusht_leflow_accept_t100_seed45.log	python -m surveyor.envs.pusht.eval --subgoal leflow+surveyor --leflow-ckpt leflow/pusht/latent_planner.pt --leflow-stats leflow/pusht/action_stats.json --gdm-ckpt gdm_stride10.pt --gdm-steps 3 --accept-tau 0.20 --sg-steps 10 --source pretrained --h5 pusht_c2222.h5 --device cuda --mode long --episodes-file episodes/pusht_c2222.episodes100.json --goal-offset 100 --eval-budget 200 --num-eval 256 --score block --angles 20 5 --seed 45 --cem-seed 45
140	pusht	leflow	100	46	logs/rbF_pusht_leflow_t100_seed46.log	python -m surveyor.envs.pusht.eval --subgoal leflow --leflow-ckpt leflow/pusht/latent_planner.pt --leflow-stats leflow/pusht/action_stats.json --leflow-receding 25 --source pretrained --h5 pusht_c2222.h5 --device cuda --mode long --episodes-file episodes/pusht_c2222.episodes100.json --goal-offset 100 --eval-budget 200 --num-eval 256 --score block --angles 20 5 --seed 46 --cem-seed 46
141	pusht	leflow_rh10	100	46	logs/rbF_pusht_leflow_rh10_t100_seed46.log	python -m surveyor.envs.pusht.eval --subgoal leflow --leflow-ckpt leflow/pusht/latent_planner.pt --leflow-stats leflow/pusht/action_stats.json --leflow-receding 10 --source pretrained --h5 pusht_c2222.h5 --device cuda --mode long --episodes-file episodes/pusht_c2222.episodes100.json --goal-offset 100 --eval-budget 200 --num-eval 256 --score block --angles 20 5 --seed 46 --cem-seed 46
142	pusht	leflow_every	100	46	logs/rbF_pusht_leflow_every_t100_seed46.log	python -m surveyor.envs.pusht.eval --subgoal leflow+surveyor --leflow-ckpt leflow/pusht/latent_planner.pt --leflow-stats leflow/pusht/action_stats.json --gdm-ckpt gdm_stride10.pt --gdm-steps 3 --accept-tau 0.0 --sg-steps 10 --source pretrained --h5 pusht_c2222.h5 --device cuda --mode long --episodes-file episodes/pusht_c2222.episodes100.json --goal-offset 100 --eval-budget 200 --num-eval 256 --score block --angles 20 5 --seed 46 --cem-seed 46
143	pusht	leflow_blind	100	46	logs/rbF_pusht_leflow_blind_t100_seed46.log	python -m surveyor.envs.pusht.eval --subgoal leflow+surveyor --leflow-ckpt leflow/pusht/latent_planner.pt --leflow-stats leflow/pusht/action_stats.json --gdm-ckpt gdm_stride10.pt --gdm-steps 3 --accept-tau 999 --sg-steps 10 --source pretrained --h5 pusht_c2222.h5 --device cuda --mode long --episodes-file episodes/pusht_c2222.episodes100.json --goal-offset 100 --eval-budget 200 --num-eval 256 --score block --angles 20 5 --seed 46 --cem-seed 46
144	pusht	leflow_accept	100	46	logs/rbF_pusht_leflow_accept_t100_seed46.log	python -m surveyor.envs.pusht.eval --subgoal leflow+surveyor --leflow-ckpt leflow/pusht/latent_planner.pt --leflow-stats leflow/pusht/action_stats.json --gdm-ckpt gdm_stride10.pt --gdm-steps 3 --accept-tau 0.20 --sg-steps 10 --source pretrained --h5 pusht_c2222.h5 --device cuda --mode long --episodes-file episodes/pusht_c2222.episodes100.json --goal-offset 100 --eval-budget 200 --num-eval 256 --score block --angles 20 5 --seed 46 --cem-seed 46
145	pusht	leflow	100	47	logs/rbF_pusht_leflow_t100_seed47.log	python -m surveyor.envs.pusht.eval --subgoal leflow --leflow-ckpt leflow/pusht/latent_planner.pt --leflow-stats leflow/pusht/action_stats.json --leflow-receding 25 --source pretrained --h5 pusht_c2222.h5 --device cuda --mode long --episodes-file episodes/pusht_c2222.episodes100.json --goal-offset 100 --eval-budget 200 --num-eval 256 --score block --angles 20 5 --seed 47 --cem-seed 47
146	pusht	leflow_rh10	100	47	logs/rbF_pusht_leflow_rh10_t100_seed47.log	python -m surveyor.envs.pusht.eval --subgoal leflow --leflow-ckpt leflow/pusht/latent_planner.pt --leflow-stats leflow/pusht/action_stats.json --leflow-receding 10 --source pretrained --h5 pusht_c2222.h5 --device cuda --mode long --episodes-file episodes/pusht_c2222.episodes100.json --goal-offset 100 --eval-budget 200 --num-eval 256 --score block --angles 20 5 --seed 47 --cem-seed 47
147	pusht	leflow_every	100	47	logs/rbF_pusht_leflow_every_t100_seed47.log	python -m surveyor.envs.pusht.eval --subgoal leflow+surveyor --leflow-ckpt leflow/pusht/latent_planner.pt --leflow-stats leflow/pusht/action_stats.json --gdm-ckpt gdm_stride10.pt --gdm-steps 3 --accept-tau 0.0 --sg-steps 10 --source pretrained --h5 pusht_c2222.h5 --device cuda --mode long --episodes-file episodes/pusht_c2222.episodes100.json --goal-offset 100 --eval-budget 200 --num-eval 256 --score block --angles 20 5 --seed 47 --cem-seed 47
148	pusht	leflow_blind	100	47	logs/rbF_pusht_leflow_blind_t100_seed47.log	python -m surveyor.envs.pusht.eval --subgoal leflow+surveyor --leflow-ckpt leflow/pusht/latent_planner.pt --leflow-stats leflow/pusht/action_stats.json --gdm-ckpt gdm_stride10.pt --gdm-steps 3 --accept-tau 999 --sg-steps 10 --source pretrained --h5 pusht_c2222.h5 --device cuda --mode long --episodes-file episodes/pusht_c2222.episodes100.json --goal-offset 100 --eval-budget 200 --num-eval 256 --score block --angles 20 5 --seed 47 --cem-seed 47
149	pusht	leflow_accept	100	47	logs/rbF_pusht_leflow_accept_t100_seed47.log	python -m surveyor.envs.pusht.eval --subgoal leflow+surveyor --leflow-ckpt leflow/pusht/latent_planner.pt --leflow-stats leflow/pusht/action_stats.json --gdm-ckpt gdm_stride10.pt --gdm-steps 3 --accept-tau 0.20 --sg-steps 10 --source pretrained --h5 pusht_c2222.h5 --device cuda --mode long --episodes-file episodes/pusht_c2222.episodes100.json --goal-offset 100 --eval-budget 200 --num-eval 256 --score block --angles 20 5 --seed 47 --cem-seed 47
150	pusht	leflow	100	48	logs/rbF_pusht_leflow_t100_seed48.log	python -m surveyor.envs.pusht.eval --subgoal leflow --leflow-ckpt leflow/pusht/latent_planner.pt --leflow-stats leflow/pusht/action_stats.json --leflow-receding 25 --source pretrained --h5 pusht_c2222.h5 --device cuda --mode long --episodes-file episodes/pusht_c2222.episodes100.json --goal-offset 100 --eval-budget 200 --num-eval 256 --score block --angles 20 5 --seed 48 --cem-seed 48
151	pusht	leflow_rh10	100	48	logs/rbF_pusht_leflow_rh10_t100_seed48.log	python -m surveyor.envs.pusht.eval --subgoal leflow --leflow-ckpt leflow/pusht/latent_planner.pt --leflow-stats leflow/pusht/action_stats.json --leflow-receding 10 --source pretrained --h5 pusht_c2222.h5 --device cuda --mode long --episodes-file episodes/pusht_c2222.episodes100.json --goal-offset 100 --eval-budget 200 --num-eval 256 --score block --angles 20 5 --seed 48 --cem-seed 48
152	pusht	leflow_every	100	48	logs/rbF_pusht_leflow_every_t100_seed48.log	python -m surveyor.envs.pusht.eval --subgoal leflow+surveyor --leflow-ckpt leflow/pusht/latent_planner.pt --leflow-stats leflow/pusht/action_stats.json --gdm-ckpt gdm_stride10.pt --gdm-steps 3 --accept-tau 0.0 --sg-steps 10 --source pretrained --h5 pusht_c2222.h5 --device cuda --mode long --episodes-file episodes/pusht_c2222.episodes100.json --goal-offset 100 --eval-budget 200 --num-eval 256 --score block --angles 20 5 --seed 48 --cem-seed 48
153	pusht	leflow_blind	100	48	logs/rbF_pusht_leflow_blind_t100_seed48.log	python -m surveyor.envs.pusht.eval --subgoal leflow+surveyor --leflow-ckpt leflow/pusht/latent_planner.pt --leflow-stats leflow/pusht/action_stats.json --gdm-ckpt gdm_stride10.pt --gdm-steps 3 --accept-tau 999 --sg-steps 10 --source pretrained --h5 pusht_c2222.h5 --device cuda --mode long --episodes-file episodes/pusht_c2222.episodes100.json --goal-offset 100 --eval-budget 200 --num-eval 256 --score block --angles 20 5 --seed 48 --cem-seed 48
154	pusht	leflow_accept	100	48	logs/rbF_pusht_leflow_accept_t100_seed48.log	python -m surveyor.envs.pusht.eval --subgoal leflow+surveyor --leflow-ckpt leflow/pusht/latent_planner.pt --leflow-stats leflow/pusht/action_stats.json --gdm-ckpt gdm_stride10.pt --gdm-steps 3 --accept-tau 0.20 --sg-steps 10 --source pretrained --h5 pusht_c2222.h5 --device cuda --mode long --episodes-file episodes/pusht_c2222.episodes100.json --goal-offset 100 --eval-budget 200 --num-eval 256 --score block --angles 20 5 --seed 48 --cem-seed 48
155	pusht	leflow	100	49	logs/rbF_pusht_leflow_t100_seed49.log	python -m surveyor.envs.pusht.eval --subgoal leflow --leflow-ckpt leflow/pusht/latent_planner.pt --leflow-stats leflow/pusht/action_stats.json --leflow-receding 25 --source pretrained --h5 pusht_c2222.h5 --device cuda --mode long --episodes-file episodes/pusht_c2222.episodes100.json --goal-offset 100 --eval-budget 200 --num-eval 256 --score block --angles 20 5 --seed 49 --cem-seed 49
156	pusht	leflow_rh10	100	49	logs/rbF_pusht_leflow_rh10_t100_seed49.log	python -m surveyor.envs.pusht.eval --subgoal leflow --leflow-ckpt leflow/pusht/latent_planner.pt --leflow-stats leflow/pusht/action_stats.json --leflow-receding 10 --source pretrained --h5 pusht_c2222.h5 --device cuda --mode long --episodes-file episodes/pusht_c2222.episodes100.json --goal-offset 100 --eval-budget 200 --num-eval 256 --score block --angles 20 5 --seed 49 --cem-seed 49
157	pusht	leflow_every	100	49	logs/rbF_pusht_leflow_every_t100_seed49.log	python -m surveyor.envs.pusht.eval --subgoal leflow+surveyor --leflow-ckpt leflow/pusht/latent_planner.pt --leflow-stats leflow/pusht/action_stats.json --gdm-ckpt gdm_stride10.pt --gdm-steps 3 --accept-tau 0.0 --sg-steps 10 --source pretrained --h5 pusht_c2222.h5 --device cuda --mode long --episodes-file episodes/pusht_c2222.episodes100.json --goal-offset 100 --eval-budget 200 --num-eval 256 --score block --angles 20 5 --seed 49 --cem-seed 49
158	pusht	leflow_blind	100	49	logs/rbF_pusht_leflow_blind_t100_seed49.log	python -m surveyor.envs.pusht.eval --subgoal leflow+surveyor --leflow-ckpt leflow/pusht/latent_planner.pt --leflow-stats leflow/pusht/action_stats.json --gdm-ckpt gdm_stride10.pt --gdm-steps 3 --accept-tau 999 --sg-steps 10 --source pretrained --h5 pusht_c2222.h5 --device cuda --mode long --episodes-file episodes/pusht_c2222.episodes100.json --goal-offset 100 --eval-budget 200 --num-eval 256 --score block --angles 20 5 --seed 49 --cem-seed 49
159	pusht	leflow_accept	100	49	logs/rbF_pusht_leflow_accept_t100_seed49.log	python -m surveyor.envs.pusht.eval --subgoal leflow+surveyor --leflow-ckpt leflow/pusht/latent_planner.pt --leflow-stats leflow/pusht/action_stats.json --gdm-ckpt gdm_stride10.pt --gdm-steps 3 --accept-tau 0.20 --sg-steps 10 --source pretrained --h5 pusht_c2222.h5 --device cuda --mode long --episodes-file episodes/pusht_c2222.episodes100.json --goal-offset 100 --eval-budget 200 --num-eval 256 --score block --angles 20 5 --seed 49 --cem-seed 49
160	pusht	leflow	150	42	logs/rbF_pusht_leflow_t150_seed42.log	python -m surveyor.envs.pusht.eval --subgoal leflow --leflow-ckpt leflow/pusht/latent_planner.pt --leflow-stats leflow/pusht/action_stats.json --leflow-receding 25 --source pretrained --h5 pusht_c2222.h5 --device cuda --mode long --episodes-file episodes/pusht_c2222.episodes150.json --goal-offset 150 --eval-budget 300 --num-eval 256 --score block --angles 20 5 --seed 42 --cem-seed 42
161	pusht	leflow_rh10	150	42	logs/rbF_pusht_leflow_rh10_t150_seed42.log	python -m surveyor.envs.pusht.eval --subgoal leflow --leflow-ckpt leflow/pusht/latent_planner.pt --leflow-stats leflow/pusht/action_stats.json --leflow-receding 10 --source pretrained --h5 pusht_c2222.h5 --device cuda --mode long --episodes-file episodes/pusht_c2222.episodes150.json --goal-offset 150 --eval-budget 300 --num-eval 256 --score block --angles 20 5 --seed 42 --cem-seed 42
162	pusht	leflow_every	150	42	logs/rbF_pusht_leflow_every_t150_seed42.log	python -m surveyor.envs.pusht.eval --subgoal leflow+surveyor --leflow-ckpt leflow/pusht/latent_planner.pt --leflow-stats leflow/pusht/action_stats.json --gdm-ckpt gdm_stride10.pt --gdm-steps 3 --accept-tau 0.0 --sg-steps 10 --source pretrained --h5 pusht_c2222.h5 --device cuda --mode long --episodes-file episodes/pusht_c2222.episodes150.json --goal-offset 150 --eval-budget 300 --num-eval 256 --score block --angles 20 5 --seed 42 --cem-seed 42
163	pusht	leflow_blind	150	42	logs/rbF_pusht_leflow_blind_t150_seed42.log	python -m surveyor.envs.pusht.eval --subgoal leflow+surveyor --leflow-ckpt leflow/pusht/latent_planner.pt --leflow-stats leflow/pusht/action_stats.json --gdm-ckpt gdm_stride10.pt --gdm-steps 3 --accept-tau 999 --sg-steps 10 --source pretrained --h5 pusht_c2222.h5 --device cuda --mode long --episodes-file episodes/pusht_c2222.episodes150.json --goal-offset 150 --eval-budget 300 --num-eval 256 --score block --angles 20 5 --seed 42 --cem-seed 42
164	pusht	leflow_accept	150	42	logs/rbF_pusht_leflow_accept_t150_seed42.log	python -m surveyor.envs.pusht.eval --subgoal leflow+surveyor --leflow-ckpt leflow/pusht/latent_planner.pt --leflow-stats leflow/pusht/action_stats.json --gdm-ckpt gdm_stride10.pt --gdm-steps 3 --accept-tau 0.20 --sg-steps 10 --source pretrained --h5 pusht_c2222.h5 --device cuda --mode long --episodes-file episodes/pusht_c2222.episodes150.json --goal-offset 150 --eval-budget 300 --num-eval 256 --score block --angles 20 5 --seed 42 --cem-seed 42
165	pusht	leflow	150	43	logs/rbF_pusht_leflow_t150_seed43.log	python -m surveyor.envs.pusht.eval --subgoal leflow --leflow-ckpt leflow/pusht/latent_planner.pt --leflow-stats leflow/pusht/action_stats.json --leflow-receding 25 --source pretrained --h5 pusht_c2222.h5 --device cuda --mode long --episodes-file episodes/pusht_c2222.episodes150.json --goal-offset 150 --eval-budget 300 --num-eval 256 --score block --angles 20 5 --seed 43 --cem-seed 43
166	pusht	leflow_rh10	150	43	logs/rbF_pusht_leflow_rh10_t150_seed43.log	python -m surveyor.envs.pusht.eval --subgoal leflow --leflow-ckpt leflow/pusht/latent_planner.pt --leflow-stats leflow/pusht/action_stats.json --leflow-receding 10 --source pretrained --h5 pusht_c2222.h5 --device cuda --mode long --episodes-file episodes/pusht_c2222.episodes150.json --goal-offset 150 --eval-budget 300 --num-eval 256 --score block --angles 20 5 --seed 43 --cem-seed 43
167	pusht	leflow_every	150	43	logs/rbF_pusht_leflow_every_t150_seed43.log	python -m surveyor.envs.pusht.eval --subgoal leflow+surveyor --leflow-ckpt leflow/pusht/latent_planner.pt --leflow-stats leflow/pusht/action_stats.json --gdm-ckpt gdm_stride10.pt --gdm-steps 3 --accept-tau 0.0 --sg-steps 10 --source pretrained --h5 pusht_c2222.h5 --device cuda --mode long --episodes-file episodes/pusht_c2222.episodes150.json --goal-offset 150 --eval-budget 300 --num-eval 256 --score block --angles 20 5 --seed 43 --cem-seed 43
168	pusht	leflow_blind	150	43	logs/rbF_pusht_leflow_blind_t150_seed43.log	python -m surveyor.envs.pusht.eval --subgoal leflow+surveyor --leflow-ckpt leflow/pusht/latent_planner.pt --leflow-stats leflow/pusht/action_stats.json --gdm-ckpt gdm_stride10.pt --gdm-steps 3 --accept-tau 999 --sg-steps 10 --source pretrained --h5 pusht_c2222.h5 --device cuda --mode long --episodes-file episodes/pusht_c2222.episodes150.json --goal-offset 150 --eval-budget 300 --num-eval 256 --score block --angles 20 5 --seed 43 --cem-seed 43
169	pusht	leflow_accept	150	43	logs/rbF_pusht_leflow_accept_t150_seed43.log	python -m surveyor.envs.pusht.eval --subgoal leflow+surveyor --leflow-ckpt leflow/pusht/latent_planner.pt --leflow-stats leflow/pusht/action_stats.json --gdm-ckpt gdm_stride10.pt --gdm-steps 3 --accept-tau 0.20 --sg-steps 10 --source pretrained --h5 pusht_c2222.h5 --device cuda --mode long --episodes-file episodes/pusht_c2222.episodes150.json --goal-offset 150 --eval-budget 300 --num-eval 256 --score block --angles 20 5 --seed 43 --cem-seed 43
170	pusht	leflow	150	44	logs/rbF_pusht_leflow_t150_seed44.log	python -m surveyor.envs.pusht.eval --subgoal leflow --leflow-ckpt leflow/pusht/latent_planner.pt --leflow-stats leflow/pusht/action_stats.json --leflow-receding 25 --source pretrained --h5 pusht_c2222.h5 --device cuda --mode long --episodes-file episodes/pusht_c2222.episodes150.json --goal-offset 150 --eval-budget 300 --num-eval 256 --score block --angles 20 5 --seed 44 --cem-seed 44
171	pusht	leflow_rh10	150	44	logs/rbF_pusht_leflow_rh10_t150_seed44.log	python -m surveyor.envs.pusht.eval --subgoal leflow --leflow-ckpt leflow/pusht/latent_planner.pt --leflow-stats leflow/pusht/action_stats.json --leflow-receding 10 --source pretrained --h5 pusht_c2222.h5 --device cuda --mode long --episodes-file episodes/pusht_c2222.episodes150.json --goal-offset 150 --eval-budget 300 --num-eval 256 --score block --angles 20 5 --seed 44 --cem-seed 44
172	pusht	leflow_every	150	44	logs/rbF_pusht_leflow_every_t150_seed44.log	python -m surveyor.envs.pusht.eval --subgoal leflow+surveyor --leflow-ckpt leflow/pusht/latent_planner.pt --leflow-stats leflow/pusht/action_stats.json --gdm-ckpt gdm_stride10.pt --gdm-steps 3 --accept-tau 0.0 --sg-steps 10 --source pretrained --h5 pusht_c2222.h5 --device cuda --mode long --episodes-file episodes/pusht_c2222.episodes150.json --goal-offset 150 --eval-budget 300 --num-eval 256 --score block --angles 20 5 --seed 44 --cem-seed 44
173	pusht	leflow_blind	150	44	logs/rbF_pusht_leflow_blind_t150_seed44.log	python -m surveyor.envs.pusht.eval --subgoal leflow+surveyor --leflow-ckpt leflow/pusht/latent_planner.pt --leflow-stats leflow/pusht/action_stats.json --gdm-ckpt gdm_stride10.pt --gdm-steps 3 --accept-tau 999 --sg-steps 10 --source pretrained --h5 pusht_c2222.h5 --device cuda --mode long --episodes-file episodes/pusht_c2222.episodes150.json --goal-offset 150 --eval-budget 300 --num-eval 256 --score block --angles 20 5 --seed 44 --cem-seed 44
174	pusht	leflow_accept	150	44	logs/rbF_pusht_leflow_accept_t150_seed44.log	python -m surveyor.envs.pusht.eval --subgoal leflow+surveyor --leflow-ckpt leflow/pusht/latent_planner.pt --leflow-stats leflow/pusht/action_stats.json --gdm-ckpt gdm_stride10.pt --gdm-steps 3 --accept-tau 0.20 --sg-steps 10 --source pretrained --h5 pusht_c2222.h5 --device cuda --mode long --episodes-file episodes/pusht_c2222.episodes150.json --goal-offset 150 --eval-budget 300 --num-eval 256 --score block --angles 20 5 --seed 44 --cem-seed 44
175	pusht	leflow	150	45	logs/rbF_pusht_leflow_t150_seed45.log	python -m surveyor.envs.pusht.eval --subgoal leflow --leflow-ckpt leflow/pusht/latent_planner.pt --leflow-stats leflow/pusht/action_stats.json --leflow-receding 25 --source pretrained --h5 pusht_c2222.h5 --device cuda --mode long --episodes-file episodes/pusht_c2222.episodes150.json --goal-offset 150 --eval-budget 300 --num-eval 256 --score block --angles 20 5 --seed 45 --cem-seed 45
176	pusht	leflow_rh10	150	45	logs/rbF_pusht_leflow_rh10_t150_seed45.log	python -m surveyor.envs.pusht.eval --subgoal leflow --leflow-ckpt leflow/pusht/latent_planner.pt --leflow-stats leflow/pusht/action_stats.json --leflow-receding 10 --source pretrained --h5 pusht_c2222.h5 --device cuda --mode long --episodes-file episodes/pusht_c2222.episodes150.json --goal-offset 150 --eval-budget 300 --num-eval 256 --score block --angles 20 5 --seed 45 --cem-seed 45
177	pusht	leflow_every	150	45	logs/rbF_pusht_leflow_every_t150_seed45.log	python -m surveyor.envs.pusht.eval --subgoal leflow+surveyor --leflow-ckpt leflow/pusht/latent_planner.pt --leflow-stats leflow/pusht/action_stats.json --gdm-ckpt gdm_stride10.pt --gdm-steps 3 --accept-tau 0.0 --sg-steps 10 --source pretrained --h5 pusht_c2222.h5 --device cuda --mode long --episodes-file episodes/pusht_c2222.episodes150.json --goal-offset 150 --eval-budget 300 --num-eval 256 --score block --angles 20 5 --seed 45 --cem-seed 45
178	pusht	leflow_blind	150	45	logs/rbF_pusht_leflow_blind_t150_seed45.log	python -m surveyor.envs.pusht.eval --subgoal leflow+surveyor --leflow-ckpt leflow/pusht/latent_planner.pt --leflow-stats leflow/pusht/action_stats.json --gdm-ckpt gdm_stride10.pt --gdm-steps 3 --accept-tau 999 --sg-steps 10 --source pretrained --h5 pusht_c2222.h5 --device cuda --mode long --episodes-file episodes/pusht_c2222.episodes150.json --goal-offset 150 --eval-budget 300 --num-eval 256 --score block --angles 20 5 --seed 45 --cem-seed 45
179	pusht	leflow_accept	150	45	logs/rbF_pusht_leflow_accept_t150_seed45.log	python -m surveyor.envs.pusht.eval --subgoal leflow+surveyor --leflow-ckpt leflow/pusht/latent_planner.pt --leflow-stats leflow/pusht/action_stats.json --gdm-ckpt gdm_stride10.pt --gdm-steps 3 --accept-tau 0.20 --sg-steps 10 --source pretrained --h5 pusht_c2222.h5 --device cuda --mode long --episodes-file episodes/pusht_c2222.episodes150.json --goal-offset 150 --eval-budget 300 --num-eval 256 --score block --angles 20 5 --seed 45 --cem-seed 45
180	pusht	leflow	150	46	logs/rbF_pusht_leflow_t150_seed46.log	python -m surveyor.envs.pusht.eval --subgoal leflow --leflow-ckpt leflow/pusht/latent_planner.pt --leflow-stats leflow/pusht/action_stats.json --leflow-receding 25 --source pretrained --h5 pusht_c2222.h5 --device cuda --mode long --episodes-file episodes/pusht_c2222.episodes150.json --goal-offset 150 --eval-budget 300 --num-eval 256 --score block --angles 20 5 --seed 46 --cem-seed 46
181	pusht	leflow_rh10	150	46	logs/rbF_pusht_leflow_rh10_t150_seed46.log	python -m surveyor.envs.pusht.eval --subgoal leflow --leflow-ckpt leflow/pusht/latent_planner.pt --leflow-stats leflow/pusht/action_stats.json --leflow-receding 10 --source pretrained --h5 pusht_c2222.h5 --device cuda --mode long --episodes-file episodes/pusht_c2222.episodes150.json --goal-offset 150 --eval-budget 300 --num-eval 256 --score block --angles 20 5 --seed 46 --cem-seed 46
182	pusht	leflow_every	150	46	logs/rbF_pusht_leflow_every_t150_seed46.log	python -m surveyor.envs.pusht.eval --subgoal leflow+surveyor --leflow-ckpt leflow/pusht/latent_planner.pt --leflow-stats leflow/pusht/action_stats.json --gdm-ckpt gdm_stride10.pt --gdm-steps 3 --accept-tau 0.0 --sg-steps 10 --source pretrained --h5 pusht_c2222.h5 --device cuda --mode long --episodes-file episodes/pusht_c2222.episodes150.json --goal-offset 150 --eval-budget 300 --num-eval 256 --score block --angles 20 5 --seed 46 --cem-seed 46
183	pusht	leflow_blind	150	46	logs/rbF_pusht_leflow_blind_t150_seed46.log	python -m surveyor.envs.pusht.eval --subgoal leflow+surveyor --leflow-ckpt leflow/pusht/latent_planner.pt --leflow-stats leflow/pusht/action_stats.json --gdm-ckpt gdm_stride10.pt --gdm-steps 3 --accept-tau 999 --sg-steps 10 --source pretrained --h5 pusht_c2222.h5 --device cuda --mode long --episodes-file episodes/pusht_c2222.episodes150.json --goal-offset 150 --eval-budget 300 --num-eval 256 --score block --angles 20 5 --seed 46 --cem-seed 46
184	pusht	leflow_accept	150	46	logs/rbF_pusht_leflow_accept_t150_seed46.log	python -m surveyor.envs.pusht.eval --subgoal leflow+surveyor --leflow-ckpt leflow/pusht/latent_planner.pt --leflow-stats leflow/pusht/action_stats.json --gdm-ckpt gdm_stride10.pt --gdm-steps 3 --accept-tau 0.20 --sg-steps 10 --source pretrained --h5 pusht_c2222.h5 --device cuda --mode long --episodes-file episodes/pusht_c2222.episodes150.json --goal-offset 150 --eval-budget 300 --num-eval 256 --score block --angles 20 5 --seed 46 --cem-seed 46
185	pusht	leflow	150	47	logs/rbF_pusht_leflow_t150_seed47.log	python -m surveyor.envs.pusht.eval --subgoal leflow --leflow-ckpt leflow/pusht/latent_planner.pt --leflow-stats leflow/pusht/action_stats.json --leflow-receding 25 --source pretrained --h5 pusht_c2222.h5 --device cuda --mode long --episodes-file episodes/pusht_c2222.episodes150.json --goal-offset 150 --eval-budget 300 --num-eval 256 --score block --angles 20 5 --seed 47 --cem-seed 47
186	pusht	leflow_rh10	150	47	logs/rbF_pusht_leflow_rh10_t150_seed47.log	python -m surveyor.envs.pusht.eval --subgoal leflow --leflow-ckpt leflow/pusht/latent_planner.pt --leflow-stats leflow/pusht/action_stats.json --leflow-receding 10 --source pretrained --h5 pusht_c2222.h5 --device cuda --mode long --episodes-file episodes/pusht_c2222.episodes150.json --goal-offset 150 --eval-budget 300 --num-eval 256 --score block --angles 20 5 --seed 47 --cem-seed 47
187	pusht	leflow_every	150	47	logs/rbF_pusht_leflow_every_t150_seed47.log	python -m surveyor.envs.pusht.eval --subgoal leflow+surveyor --leflow-ckpt leflow/pusht/latent_planner.pt --leflow-stats leflow/pusht/action_stats.json --gdm-ckpt gdm_stride10.pt --gdm-steps 3 --accept-tau 0.0 --sg-steps 10 --source pretrained --h5 pusht_c2222.h5 --device cuda --mode long --episodes-file episodes/pusht_c2222.episodes150.json --goal-offset 150 --eval-budget 300 --num-eval 256 --score block --angles 20 5 --seed 47 --cem-seed 47
188	pusht	leflow_blind	150	47	logs/rbF_pusht_leflow_blind_t150_seed47.log	python -m surveyor.envs.pusht.eval --subgoal leflow+surveyor --leflow-ckpt leflow/pusht/latent_planner.pt --leflow-stats leflow/pusht/action_stats.json --gdm-ckpt gdm_stride10.pt --gdm-steps 3 --accept-tau 999 --sg-steps 10 --source pretrained --h5 pusht_c2222.h5 --device cuda --mode long --episodes-file episodes/pusht_c2222.episodes150.json --goal-offset 150 --eval-budget 300 --num-eval 256 --score block --angles 20 5 --seed 47 --cem-seed 47
189	pusht	leflow_accept	150	47	logs/rbF_pusht_leflow_accept_t150_seed47.log	python -m surveyor.envs.pusht.eval --subgoal leflow+surveyor --leflow-ckpt leflow/pusht/latent_planner.pt --leflow-stats leflow/pusht/action_stats.json --gdm-ckpt gdm_stride10.pt --gdm-steps 3 --accept-tau 0.20 --sg-steps 10 --source pretrained --h5 pusht_c2222.h5 --device cuda --mode long --episodes-file episodes/pusht_c2222.episodes150.json --goal-offset 150 --eval-budget 300 --num-eval 256 --score block --angles 20 5 --seed 47 --cem-seed 47
190	pusht	leflow	150	48	logs/rbF_pusht_leflow_t150_seed48.log	python -m surveyor.envs.pusht.eval --subgoal leflow --leflow-ckpt leflow/pusht/latent_planner.pt --leflow-stats leflow/pusht/action_stats.json --leflow-receding 25 --source pretrained --h5 pusht_c2222.h5 --device cuda --mode long --episodes-file episodes/pusht_c2222.episodes150.json --goal-offset 150 --eval-budget 300 --num-eval 256 --score block --angles 20 5 --seed 48 --cem-seed 48
191	pusht	leflow_rh10	150	48	logs/rbF_pusht_leflow_rh10_t150_seed48.log	python -m surveyor.envs.pusht.eval --subgoal leflow --leflow-ckpt leflow/pusht/latent_planner.pt --leflow-stats leflow/pusht/action_stats.json --leflow-receding 10 --source pretrained --h5 pusht_c2222.h5 --device cuda --mode long --episodes-file episodes/pusht_c2222.episodes150.json --goal-offset 150 --eval-budget 300 --num-eval 256 --score block --angles 20 5 --seed 48 --cem-seed 48
192	pusht	leflow_every	150	48	logs/rbF_pusht_leflow_every_t150_seed48.log	python -m surveyor.envs.pusht.eval --subgoal leflow+surveyor --leflow-ckpt leflow/pusht/latent_planner.pt --leflow-stats leflow/pusht/action_stats.json --gdm-ckpt gdm_stride10.pt --gdm-steps 3 --accept-tau 0.0 --sg-steps 10 --source pretrained --h5 pusht_c2222.h5 --device cuda --mode long --episodes-file episodes/pusht_c2222.episodes150.json --goal-offset 150 --eval-budget 300 --num-eval 256 --score block --angles 20 5 --seed 48 --cem-seed 48
193	pusht	leflow_blind	150	48	logs/rbF_pusht_leflow_blind_t150_seed48.log	python -m surveyor.envs.pusht.eval --subgoal leflow+surveyor --leflow-ckpt leflow/pusht/latent_planner.pt --leflow-stats leflow/pusht/action_stats.json --gdm-ckpt gdm_stride10.pt --gdm-steps 3 --accept-tau 999 --sg-steps 10 --source pretrained --h5 pusht_c2222.h5 --device cuda --mode long --episodes-file episodes/pusht_c2222.episodes150.json --goal-offset 150 --eval-budget 300 --num-eval 256 --score block --angles 20 5 --seed 48 --cem-seed 48
194	pusht	leflow_accept	150	48	logs/rbF_pusht_leflow_accept_t150_seed48.log	python -m surveyor.envs.pusht.eval --subgoal leflow+surveyor --leflow-ckpt leflow/pusht/latent_planner.pt --leflow-stats leflow/pusht/action_stats.json --gdm-ckpt gdm_stride10.pt --gdm-steps 3 --accept-tau 0.20 --sg-steps 10 --source pretrained --h5 pusht_c2222.h5 --device cuda --mode long --episodes-file episodes/pusht_c2222.episodes150.json --goal-offset 150 --eval-budget 300 --num-eval 256 --score block --angles 20 5 --seed 48 --cem-seed 48
195	pusht	leflow	150	49	logs/rbF_pusht_leflow_t150_seed49.log	python -m surveyor.envs.pusht.eval --subgoal leflow --leflow-ckpt leflow/pusht/latent_planner.pt --leflow-stats leflow/pusht/action_stats.json --leflow-receding 25 --source pretrained --h5 pusht_c2222.h5 --device cuda --mode long --episodes-file episodes/pusht_c2222.episodes150.json --goal-offset 150 --eval-budget 300 --num-eval 256 --score block --angles 20 5 --seed 49 --cem-seed 49
196	pusht	leflow_rh10	150	49	logs/rbF_pusht_leflow_rh10_t150_seed49.log	python -m surveyor.envs.pusht.eval --subgoal leflow --leflow-ckpt leflow/pusht/latent_planner.pt --leflow-stats leflow/pusht/action_stats.json --leflow-receding 10 --source pretrained --h5 pusht_c2222.h5 --device cuda --mode long --episodes-file episodes/pusht_c2222.episodes150.json --goal-offset 150 --eval-budget 300 --num-eval 256 --score block --angles 20 5 --seed 49 --cem-seed 49
197	pusht	leflow_every	150	49	logs/rbF_pusht_leflow_every_t150_seed49.log	python -m surveyor.envs.pusht.eval --subgoal leflow+surveyor --leflow-ckpt leflow/pusht/latent_planner.pt --leflow-stats leflow/pusht/action_stats.json --gdm-ckpt gdm_stride10.pt --gdm-steps 3 --accept-tau 0.0 --sg-steps 10 --source pretrained --h5 pusht_c2222.h5 --device cuda --mode long --episodes-file episodes/pusht_c2222.episodes150.json --goal-offset 150 --eval-budget 300 --num-eval 256 --score block --angles 20 5 --seed 49 --cem-seed 49
198	pusht	leflow_blind	150	49	logs/rbF_pusht_leflow_blind_t150_seed49.log	python -m surveyor.envs.pusht.eval --subgoal leflow+surveyor --leflow-ckpt leflow/pusht/latent_planner.pt --leflow-stats leflow/pusht/action_stats.json --gdm-ckpt gdm_stride10.pt --gdm-steps 3 --accept-tau 999 --sg-steps 10 --source pretrained --h5 pusht_c2222.h5 --device cuda --mode long --episodes-file episodes/pusht_c2222.episodes150.json --goal-offset 150 --eval-budget 300 --num-eval 256 --score block --angles 20 5 --seed 49 --cem-seed 49
199	pusht	leflow_accept	150	49	logs/rbF_pusht_leflow_accept_t150_seed49.log	python -m surveyor.envs.pusht.eval --subgoal leflow+surveyor --leflow-ckpt leflow/pusht/latent_planner.pt --leflow-stats leflow/pusht/action_stats.json --gdm-ckpt gdm_stride10.pt --gdm-steps 3 --accept-tau 0.20 --sg-steps 10 --source pretrained --h5 pusht_c2222.h5 --device cuda --mode long --episodes-file episodes/pusht_c2222.episodes150.json --goal-offset 150 --eval-budget 300 --num-eval 256 --score block --angles 20 5 --seed 49 --cem-seed 49
200	reacher	leflow	25	42	logs/rbF_reacher_leflow_t25_seed42.log	python -m surveyor.envs.reacher.eval --subgoal leflow --leflow-ckpt leflow/reacher/latent_planner.pt --leflow-stats leflow/reacher/action_stats.json --leflow-receding 25 --source local --local-dir encoder_reacher --h5 "$REACHER_H5" --device cuda --num-eval 128 --seed 42 --cem-seed 42 --episodes-file episodes/reacher_c2222.ep100.s2222.json --goal-offset 25 --eval-budget 50
201	reacher	leflow_rh10	25	42	logs/rbF_reacher_leflow_rh10_t25_seed42.log	python -m surveyor.envs.reacher.eval --subgoal leflow --leflow-ckpt leflow/reacher/latent_planner.pt --leflow-stats leflow/reacher/action_stats.json --leflow-receding 10 --source local --local-dir encoder_reacher --h5 "$REACHER_H5" --device cuda --num-eval 128 --seed 42 --cem-seed 42 --episodes-file episodes/reacher_c2222.ep100.s2222.json --goal-offset 25 --eval-budget 50
202	reacher	leflow_every	25	42	logs/rbF_reacher_leflow_every_t25_seed42.log	python -m surveyor.envs.reacher.eval --subgoal leflow+surveyor --leflow-ckpt leflow/reacher/latent_planner.pt --leflow-stats leflow/reacher/action_stats.json --gdm-ckpt gdm_reacher_s10.pt --gdm-steps 4 --accept-tau 0.0 --sg-steps 10 --source local --local-dir encoder_reacher --h5 "$REACHER_H5" --device cuda --num-eval 128 --seed 42 --cem-seed 42 --episodes-file episodes/reacher_c2222.ep100.s2222.json --goal-offset 25 --eval-budget 50
203	reacher	leflow_blind	25	42	logs/rbF_reacher_leflow_blind_t25_seed42.log	python -m surveyor.envs.reacher.eval --subgoal leflow+surveyor --leflow-ckpt leflow/reacher/latent_planner.pt --leflow-stats leflow/reacher/action_stats.json --gdm-ckpt gdm_reacher_s10.pt --gdm-steps 4 --accept-tau 999 --sg-steps 10 --source local --local-dir encoder_reacher --h5 "$REACHER_H5" --device cuda --num-eval 128 --seed 42 --cem-seed 42 --episodes-file episodes/reacher_c2222.ep100.s2222.json --goal-offset 25 --eval-budget 50
204	reacher	leflow_accept	25	42	logs/rbF_reacher_leflow_accept_t25_seed42.log	python -m surveyor.envs.reacher.eval --subgoal leflow+surveyor --leflow-ckpt leflow/reacher/latent_planner.pt --leflow-stats leflow/reacher/action_stats.json --gdm-ckpt gdm_reacher_s10.pt --gdm-steps 4 --accept-tau 0.20 --sg-steps 10 --source local --local-dir encoder_reacher --h5 "$REACHER_H5" --device cuda --num-eval 128 --seed 42 --cem-seed 42 --episodes-file episodes/reacher_c2222.ep100.s2222.json --goal-offset 25 --eval-budget 50
205	reacher	leflow	25	43	logs/rbF_reacher_leflow_t25_seed43.log	python -m surveyor.envs.reacher.eval --subgoal leflow --leflow-ckpt leflow/reacher/latent_planner.pt --leflow-stats leflow/reacher/action_stats.json --leflow-receding 25 --source local --local-dir encoder_reacher --h5 "$REACHER_H5" --device cuda --num-eval 128 --seed 43 --cem-seed 43 --episodes-file episodes/reacher_c2222.ep100.s2222.json --goal-offset 25 --eval-budget 50
206	reacher	leflow_rh10	25	43	logs/rbF_reacher_leflow_rh10_t25_seed43.log	python -m surveyor.envs.reacher.eval --subgoal leflow --leflow-ckpt leflow/reacher/latent_planner.pt --leflow-stats leflow/reacher/action_stats.json --leflow-receding 10 --source local --local-dir encoder_reacher --h5 "$REACHER_H5" --device cuda --num-eval 128 --seed 43 --cem-seed 43 --episodes-file episodes/reacher_c2222.ep100.s2222.json --goal-offset 25 --eval-budget 50
207	reacher	leflow_every	25	43	logs/rbF_reacher_leflow_every_t25_seed43.log	python -m surveyor.envs.reacher.eval --subgoal leflow+surveyor --leflow-ckpt leflow/reacher/latent_planner.pt --leflow-stats leflow/reacher/action_stats.json --gdm-ckpt gdm_reacher_s10.pt --gdm-steps 4 --accept-tau 0.0 --sg-steps 10 --source local --local-dir encoder_reacher --h5 "$REACHER_H5" --device cuda --num-eval 128 --seed 43 --cem-seed 43 --episodes-file episodes/reacher_c2222.ep100.s2222.json --goal-offset 25 --eval-budget 50
208	reacher	leflow_blind	25	43	logs/rbF_reacher_leflow_blind_t25_seed43.log	python -m surveyor.envs.reacher.eval --subgoal leflow+surveyor --leflow-ckpt leflow/reacher/latent_planner.pt --leflow-stats leflow/reacher/action_stats.json --gdm-ckpt gdm_reacher_s10.pt --gdm-steps 4 --accept-tau 999 --sg-steps 10 --source local --local-dir encoder_reacher --h5 "$REACHER_H5" --device cuda --num-eval 128 --seed 43 --cem-seed 43 --episodes-file episodes/reacher_c2222.ep100.s2222.json --goal-offset 25 --eval-budget 50
209	reacher	leflow_accept	25	43	logs/rbF_reacher_leflow_accept_t25_seed43.log	python -m surveyor.envs.reacher.eval --subgoal leflow+surveyor --leflow-ckpt leflow/reacher/latent_planner.pt --leflow-stats leflow/reacher/action_stats.json --gdm-ckpt gdm_reacher_s10.pt --gdm-steps 4 --accept-tau 0.20 --sg-steps 10 --source local --local-dir encoder_reacher --h5 "$REACHER_H5" --device cuda --num-eval 128 --seed 43 --cem-seed 43 --episodes-file episodes/reacher_c2222.ep100.s2222.json --goal-offset 25 --eval-budget 50
210	reacher	leflow	25	44	logs/rbF_reacher_leflow_t25_seed44.log	python -m surveyor.envs.reacher.eval --subgoal leflow --leflow-ckpt leflow/reacher/latent_planner.pt --leflow-stats leflow/reacher/action_stats.json --leflow-receding 25 --source local --local-dir encoder_reacher --h5 "$REACHER_H5" --device cuda --num-eval 128 --seed 44 --cem-seed 44 --episodes-file episodes/reacher_c2222.ep100.s2222.json --goal-offset 25 --eval-budget 50
211	reacher	leflow_rh10	25	44	logs/rbF_reacher_leflow_rh10_t25_seed44.log	python -m surveyor.envs.reacher.eval --subgoal leflow --leflow-ckpt leflow/reacher/latent_planner.pt --leflow-stats leflow/reacher/action_stats.json --leflow-receding 10 --source local --local-dir encoder_reacher --h5 "$REACHER_H5" --device cuda --num-eval 128 --seed 44 --cem-seed 44 --episodes-file episodes/reacher_c2222.ep100.s2222.json --goal-offset 25 --eval-budget 50
212	reacher	leflow_every	25	44	logs/rbF_reacher_leflow_every_t25_seed44.log	python -m surveyor.envs.reacher.eval --subgoal leflow+surveyor --leflow-ckpt leflow/reacher/latent_planner.pt --leflow-stats leflow/reacher/action_stats.json --gdm-ckpt gdm_reacher_s10.pt --gdm-steps 4 --accept-tau 0.0 --sg-steps 10 --source local --local-dir encoder_reacher --h5 "$REACHER_H5" --device cuda --num-eval 128 --seed 44 --cem-seed 44 --episodes-file episodes/reacher_c2222.ep100.s2222.json --goal-offset 25 --eval-budget 50
213	reacher	leflow_blind	25	44	logs/rbF_reacher_leflow_blind_t25_seed44.log	python -m surveyor.envs.reacher.eval --subgoal leflow+surveyor --leflow-ckpt leflow/reacher/latent_planner.pt --leflow-stats leflow/reacher/action_stats.json --gdm-ckpt gdm_reacher_s10.pt --gdm-steps 4 --accept-tau 999 --sg-steps 10 --source local --local-dir encoder_reacher --h5 "$REACHER_H5" --device cuda --num-eval 128 --seed 44 --cem-seed 44 --episodes-file episodes/reacher_c2222.ep100.s2222.json --goal-offset 25 --eval-budget 50
214	reacher	leflow_accept	25	44	logs/rbF_reacher_leflow_accept_t25_seed44.log	python -m surveyor.envs.reacher.eval --subgoal leflow+surveyor --leflow-ckpt leflow/reacher/latent_planner.pt --leflow-stats leflow/reacher/action_stats.json --gdm-ckpt gdm_reacher_s10.pt --gdm-steps 4 --accept-tau 0.20 --sg-steps 10 --source local --local-dir encoder_reacher --h5 "$REACHER_H5" --device cuda --num-eval 128 --seed 44 --cem-seed 44 --episodes-file episodes/reacher_c2222.ep100.s2222.json --goal-offset 25 --eval-budget 50
215	reacher	leflow	25	45	logs/rbF_reacher_leflow_t25_seed45.log	python -m surveyor.envs.reacher.eval --subgoal leflow --leflow-ckpt leflow/reacher/latent_planner.pt --leflow-stats leflow/reacher/action_stats.json --leflow-receding 25 --source local --local-dir encoder_reacher --h5 "$REACHER_H5" --device cuda --num-eval 128 --seed 45 --cem-seed 45 --episodes-file episodes/reacher_c2222.ep100.s2222.json --goal-offset 25 --eval-budget 50
216	reacher	leflow_rh10	25	45	logs/rbF_reacher_leflow_rh10_t25_seed45.log	python -m surveyor.envs.reacher.eval --subgoal leflow --leflow-ckpt leflow/reacher/latent_planner.pt --leflow-stats leflow/reacher/action_stats.json --leflow-receding 10 --source local --local-dir encoder_reacher --h5 "$REACHER_H5" --device cuda --num-eval 128 --seed 45 --cem-seed 45 --episodes-file episodes/reacher_c2222.ep100.s2222.json --goal-offset 25 --eval-budget 50
217	reacher	leflow_every	25	45	logs/rbF_reacher_leflow_every_t25_seed45.log	python -m surveyor.envs.reacher.eval --subgoal leflow+surveyor --leflow-ckpt leflow/reacher/latent_planner.pt --leflow-stats leflow/reacher/action_stats.json --gdm-ckpt gdm_reacher_s10.pt --gdm-steps 4 --accept-tau 0.0 --sg-steps 10 --source local --local-dir encoder_reacher --h5 "$REACHER_H5" --device cuda --num-eval 128 --seed 45 --cem-seed 45 --episodes-file episodes/reacher_c2222.ep100.s2222.json --goal-offset 25 --eval-budget 50
218	reacher	leflow_blind	25	45	logs/rbF_reacher_leflow_blind_t25_seed45.log	python -m surveyor.envs.reacher.eval --subgoal leflow+surveyor --leflow-ckpt leflow/reacher/latent_planner.pt --leflow-stats leflow/reacher/action_stats.json --gdm-ckpt gdm_reacher_s10.pt --gdm-steps 4 --accept-tau 999 --sg-steps 10 --source local --local-dir encoder_reacher --h5 "$REACHER_H5" --device cuda --num-eval 128 --seed 45 --cem-seed 45 --episodes-file episodes/reacher_c2222.ep100.s2222.json --goal-offset 25 --eval-budget 50
219	reacher	leflow_accept	25	45	logs/rbF_reacher_leflow_accept_t25_seed45.log	python -m surveyor.envs.reacher.eval --subgoal leflow+surveyor --leflow-ckpt leflow/reacher/latent_planner.pt --leflow-stats leflow/reacher/action_stats.json --gdm-ckpt gdm_reacher_s10.pt --gdm-steps 4 --accept-tau 0.20 --sg-steps 10 --source local --local-dir encoder_reacher --h5 "$REACHER_H5" --device cuda --num-eval 128 --seed 45 --cem-seed 45 --episodes-file episodes/reacher_c2222.ep100.s2222.json --goal-offset 25 --eval-budget 50
220	reacher	leflow	25	46	logs/rbF_reacher_leflow_t25_seed46.log	python -m surveyor.envs.reacher.eval --subgoal leflow --leflow-ckpt leflow/reacher/latent_planner.pt --leflow-stats leflow/reacher/action_stats.json --leflow-receding 25 --source local --local-dir encoder_reacher --h5 "$REACHER_H5" --device cuda --num-eval 128 --seed 46 --cem-seed 46 --episodes-file episodes/reacher_c2222.ep100.s2222.json --goal-offset 25 --eval-budget 50
221	reacher	leflow_rh10	25	46	logs/rbF_reacher_leflow_rh10_t25_seed46.log	python -m surveyor.envs.reacher.eval --subgoal leflow --leflow-ckpt leflow/reacher/latent_planner.pt --leflow-stats leflow/reacher/action_stats.json --leflow-receding 10 --source local --local-dir encoder_reacher --h5 "$REACHER_H5" --device cuda --num-eval 128 --seed 46 --cem-seed 46 --episodes-file episodes/reacher_c2222.ep100.s2222.json --goal-offset 25 --eval-budget 50
222	reacher	leflow_every	25	46	logs/rbF_reacher_leflow_every_t25_seed46.log	python -m surveyor.envs.reacher.eval --subgoal leflow+surveyor --leflow-ckpt leflow/reacher/latent_planner.pt --leflow-stats leflow/reacher/action_stats.json --gdm-ckpt gdm_reacher_s10.pt --gdm-steps 4 --accept-tau 0.0 --sg-steps 10 --source local --local-dir encoder_reacher --h5 "$REACHER_H5" --device cuda --num-eval 128 --seed 46 --cem-seed 46 --episodes-file episodes/reacher_c2222.ep100.s2222.json --goal-offset 25 --eval-budget 50
223	reacher	leflow_blind	25	46	logs/rbF_reacher_leflow_blind_t25_seed46.log	python -m surveyor.envs.reacher.eval --subgoal leflow+surveyor --leflow-ckpt leflow/reacher/latent_planner.pt --leflow-stats leflow/reacher/action_stats.json --gdm-ckpt gdm_reacher_s10.pt --gdm-steps 4 --accept-tau 999 --sg-steps 10 --source local --local-dir encoder_reacher --h5 "$REACHER_H5" --device cuda --num-eval 128 --seed 46 --cem-seed 46 --episodes-file episodes/reacher_c2222.ep100.s2222.json --goal-offset 25 --eval-budget 50
224	reacher	leflow_accept	25	46	logs/rbF_reacher_leflow_accept_t25_seed46.log	python -m surveyor.envs.reacher.eval --subgoal leflow+surveyor --leflow-ckpt leflow/reacher/latent_planner.pt --leflow-stats leflow/reacher/action_stats.json --gdm-ckpt gdm_reacher_s10.pt --gdm-steps 4 --accept-tau 0.20 --sg-steps 10 --source local --local-dir encoder_reacher --h5 "$REACHER_H5" --device cuda --num-eval 128 --seed 46 --cem-seed 46 --episodes-file episodes/reacher_c2222.ep100.s2222.json --goal-offset 25 --eval-budget 50
225	reacher	leflow	25	47	logs/rbF_reacher_leflow_t25_seed47.log	python -m surveyor.envs.reacher.eval --subgoal leflow --leflow-ckpt leflow/reacher/latent_planner.pt --leflow-stats leflow/reacher/action_stats.json --leflow-receding 25 --source local --local-dir encoder_reacher --h5 "$REACHER_H5" --device cuda --num-eval 128 --seed 47 --cem-seed 47 --episodes-file episodes/reacher_c2222.ep100.s2222.json --goal-offset 25 --eval-budget 50
226	reacher	leflow_rh10	25	47	logs/rbF_reacher_leflow_rh10_t25_seed47.log	python -m surveyor.envs.reacher.eval --subgoal leflow --leflow-ckpt leflow/reacher/latent_planner.pt --leflow-stats leflow/reacher/action_stats.json --leflow-receding 10 --source local --local-dir encoder_reacher --h5 "$REACHER_H5" --device cuda --num-eval 128 --seed 47 --cem-seed 47 --episodes-file episodes/reacher_c2222.ep100.s2222.json --goal-offset 25 --eval-budget 50
227	reacher	leflow_every	25	47	logs/rbF_reacher_leflow_every_t25_seed47.log	python -m surveyor.envs.reacher.eval --subgoal leflow+surveyor --leflow-ckpt leflow/reacher/latent_planner.pt --leflow-stats leflow/reacher/action_stats.json --gdm-ckpt gdm_reacher_s10.pt --gdm-steps 4 --accept-tau 0.0 --sg-steps 10 --source local --local-dir encoder_reacher --h5 "$REACHER_H5" --device cuda --num-eval 128 --seed 47 --cem-seed 47 --episodes-file episodes/reacher_c2222.ep100.s2222.json --goal-offset 25 --eval-budget 50
228	reacher	leflow_blind	25	47	logs/rbF_reacher_leflow_blind_t25_seed47.log	python -m surveyor.envs.reacher.eval --subgoal leflow+surveyor --leflow-ckpt leflow/reacher/latent_planner.pt --leflow-stats leflow/reacher/action_stats.json --gdm-ckpt gdm_reacher_s10.pt --gdm-steps 4 --accept-tau 999 --sg-steps 10 --source local --local-dir encoder_reacher --h5 "$REACHER_H5" --device cuda --num-eval 128 --seed 47 --cem-seed 47 --episodes-file episodes/reacher_c2222.ep100.s2222.json --goal-offset 25 --eval-budget 50
229	reacher	leflow_accept	25	47	logs/rbF_reacher_leflow_accept_t25_seed47.log	python -m surveyor.envs.reacher.eval --subgoal leflow+surveyor --leflow-ckpt leflow/reacher/latent_planner.pt --leflow-stats leflow/reacher/action_stats.json --gdm-ckpt gdm_reacher_s10.pt --gdm-steps 4 --accept-tau 0.20 --sg-steps 10 --source local --local-dir encoder_reacher --h5 "$REACHER_H5" --device cuda --num-eval 128 --seed 47 --cem-seed 47 --episodes-file episodes/reacher_c2222.ep100.s2222.json --goal-offset 25 --eval-budget 50
230	reacher	leflow	25	48	logs/rbF_reacher_leflow_t25_seed48.log	python -m surveyor.envs.reacher.eval --subgoal leflow --leflow-ckpt leflow/reacher/latent_planner.pt --leflow-stats leflow/reacher/action_stats.json --leflow-receding 25 --source local --local-dir encoder_reacher --h5 "$REACHER_H5" --device cuda --num-eval 128 --seed 48 --cem-seed 48 --episodes-file episodes/reacher_c2222.ep100.s2222.json --goal-offset 25 --eval-budget 50
231	reacher	leflow_rh10	25	48	logs/rbF_reacher_leflow_rh10_t25_seed48.log	python -m surveyor.envs.reacher.eval --subgoal leflow --leflow-ckpt leflow/reacher/latent_planner.pt --leflow-stats leflow/reacher/action_stats.json --leflow-receding 10 --source local --local-dir encoder_reacher --h5 "$REACHER_H5" --device cuda --num-eval 128 --seed 48 --cem-seed 48 --episodes-file episodes/reacher_c2222.ep100.s2222.json --goal-offset 25 --eval-budget 50
232	reacher	leflow_every	25	48	logs/rbF_reacher_leflow_every_t25_seed48.log	python -m surveyor.envs.reacher.eval --subgoal leflow+surveyor --leflow-ckpt leflow/reacher/latent_planner.pt --leflow-stats leflow/reacher/action_stats.json --gdm-ckpt gdm_reacher_s10.pt --gdm-steps 4 --accept-tau 0.0 --sg-steps 10 --source local --local-dir encoder_reacher --h5 "$REACHER_H5" --device cuda --num-eval 128 --seed 48 --cem-seed 48 --episodes-file episodes/reacher_c2222.ep100.s2222.json --goal-offset 25 --eval-budget 50
233	reacher	leflow_blind	25	48	logs/rbF_reacher_leflow_blind_t25_seed48.log	python -m surveyor.envs.reacher.eval --subgoal leflow+surveyor --leflow-ckpt leflow/reacher/latent_planner.pt --leflow-stats leflow/reacher/action_stats.json --gdm-ckpt gdm_reacher_s10.pt --gdm-steps 4 --accept-tau 999 --sg-steps 10 --source local --local-dir encoder_reacher --h5 "$REACHER_H5" --device cuda --num-eval 128 --seed 48 --cem-seed 48 --episodes-file episodes/reacher_c2222.ep100.s2222.json --goal-offset 25 --eval-budget 50
234	reacher	leflow_accept	25	48	logs/rbF_reacher_leflow_accept_t25_seed48.log	python -m surveyor.envs.reacher.eval --subgoal leflow+surveyor --leflow-ckpt leflow/reacher/latent_planner.pt --leflow-stats leflow/reacher/action_stats.json --gdm-ckpt gdm_reacher_s10.pt --gdm-steps 4 --accept-tau 0.20 --sg-steps 10 --source local --local-dir encoder_reacher --h5 "$REACHER_H5" --device cuda --num-eval 128 --seed 48 --cem-seed 48 --episodes-file episodes/reacher_c2222.ep100.s2222.json --goal-offset 25 --eval-budget 50
235	reacher	leflow	25	49	logs/rbF_reacher_leflow_t25_seed49.log	python -m surveyor.envs.reacher.eval --subgoal leflow --leflow-ckpt leflow/reacher/latent_planner.pt --leflow-stats leflow/reacher/action_stats.json --leflow-receding 25 --source local --local-dir encoder_reacher --h5 "$REACHER_H5" --device cuda --num-eval 128 --seed 49 --cem-seed 49 --episodes-file episodes/reacher_c2222.ep100.s2222.json --goal-offset 25 --eval-budget 50
236	reacher	leflow_rh10	25	49	logs/rbF_reacher_leflow_rh10_t25_seed49.log	python -m surveyor.envs.reacher.eval --subgoal leflow --leflow-ckpt leflow/reacher/latent_planner.pt --leflow-stats leflow/reacher/action_stats.json --leflow-receding 10 --source local --local-dir encoder_reacher --h5 "$REACHER_H5" --device cuda --num-eval 128 --seed 49 --cem-seed 49 --episodes-file episodes/reacher_c2222.ep100.s2222.json --goal-offset 25 --eval-budget 50
237	reacher	leflow_every	25	49	logs/rbF_reacher_leflow_every_t25_seed49.log	python -m surveyor.envs.reacher.eval --subgoal leflow+surveyor --leflow-ckpt leflow/reacher/latent_planner.pt --leflow-stats leflow/reacher/action_stats.json --gdm-ckpt gdm_reacher_s10.pt --gdm-steps 4 --accept-tau 0.0 --sg-steps 10 --source local --local-dir encoder_reacher --h5 "$REACHER_H5" --device cuda --num-eval 128 --seed 49 --cem-seed 49 --episodes-file episodes/reacher_c2222.ep100.s2222.json --goal-offset 25 --eval-budget 50
238	reacher	leflow_blind	25	49	logs/rbF_reacher_leflow_blind_t25_seed49.log	python -m surveyor.envs.reacher.eval --subgoal leflow+surveyor --leflow-ckpt leflow/reacher/latent_planner.pt --leflow-stats leflow/reacher/action_stats.json --gdm-ckpt gdm_reacher_s10.pt --gdm-steps 4 --accept-tau 999 --sg-steps 10 --source local --local-dir encoder_reacher --h5 "$REACHER_H5" --device cuda --num-eval 128 --seed 49 --cem-seed 49 --episodes-file episodes/reacher_c2222.ep100.s2222.json --goal-offset 25 --eval-budget 50
239	reacher	leflow_accept	25	49	logs/rbF_reacher_leflow_accept_t25_seed49.log	python -m surveyor.envs.reacher.eval --subgoal leflow+surveyor --leflow-ckpt leflow/reacher/latent_planner.pt --leflow-stats leflow/reacher/action_stats.json --gdm-ckpt gdm_reacher_s10.pt --gdm-steps 4 --accept-tau 0.20 --sg-steps 10 --source local --local-dir encoder_reacher --h5 "$REACHER_H5" --device cuda --num-eval 128 --seed 49 --cem-seed 49 --episodes-file episodes/reacher_c2222.ep100.s2222.json --goal-offset 25 --eval-budget 50
240	reacher	leflow	50	42	logs/rbF_reacher_leflow_t50_seed42.log	python -m surveyor.envs.reacher.eval --subgoal leflow --leflow-ckpt leflow/reacher/latent_planner.pt --leflow-stats leflow/reacher/action_stats.json --leflow-receding 25 --source local --local-dir encoder_reacher --h5 "$REACHER_H5" --device cuda --num-eval 128 --seed 42 --cem-seed 42 --episodes-file episodes/reacher_c2222.ep100.s2222.json --goal-offset 50 --eval-budget 100
241	reacher	leflow_rh10	50	42	logs/rbF_reacher_leflow_rh10_t50_seed42.log	python -m surveyor.envs.reacher.eval --subgoal leflow --leflow-ckpt leflow/reacher/latent_planner.pt --leflow-stats leflow/reacher/action_stats.json --leflow-receding 10 --source local --local-dir encoder_reacher --h5 "$REACHER_H5" --device cuda --num-eval 128 --seed 42 --cem-seed 42 --episodes-file episodes/reacher_c2222.ep100.s2222.json --goal-offset 50 --eval-budget 100
242	reacher	leflow_every	50	42	logs/rbF_reacher_leflow_every_t50_seed42.log	python -m surveyor.envs.reacher.eval --subgoal leflow+surveyor --leflow-ckpt leflow/reacher/latent_planner.pt --leflow-stats leflow/reacher/action_stats.json --gdm-ckpt gdm_reacher_s10.pt --gdm-steps 4 --accept-tau 0.0 --sg-steps 10 --source local --local-dir encoder_reacher --h5 "$REACHER_H5" --device cuda --num-eval 128 --seed 42 --cem-seed 42 --episodes-file episodes/reacher_c2222.ep100.s2222.json --goal-offset 50 --eval-budget 100
243	reacher	leflow_blind	50	42	logs/rbF_reacher_leflow_blind_t50_seed42.log	python -m surveyor.envs.reacher.eval --subgoal leflow+surveyor --leflow-ckpt leflow/reacher/latent_planner.pt --leflow-stats leflow/reacher/action_stats.json --gdm-ckpt gdm_reacher_s10.pt --gdm-steps 4 --accept-tau 999 --sg-steps 10 --source local --local-dir encoder_reacher --h5 "$REACHER_H5" --device cuda --num-eval 128 --seed 42 --cem-seed 42 --episodes-file episodes/reacher_c2222.ep100.s2222.json --goal-offset 50 --eval-budget 100
244	reacher	leflow_accept	50	42	logs/rbF_reacher_leflow_accept_t50_seed42.log	python -m surveyor.envs.reacher.eval --subgoal leflow+surveyor --leflow-ckpt leflow/reacher/latent_planner.pt --leflow-stats leflow/reacher/action_stats.json --gdm-ckpt gdm_reacher_s10.pt --gdm-steps 4 --accept-tau 0.20 --sg-steps 10 --source local --local-dir encoder_reacher --h5 "$REACHER_H5" --device cuda --num-eval 128 --seed 42 --cem-seed 42 --episodes-file episodes/reacher_c2222.ep100.s2222.json --goal-offset 50 --eval-budget 100
245	reacher	leflow	50	43	logs/rbF_reacher_leflow_t50_seed43.log	python -m surveyor.envs.reacher.eval --subgoal leflow --leflow-ckpt leflow/reacher/latent_planner.pt --leflow-stats leflow/reacher/action_stats.json --leflow-receding 25 --source local --local-dir encoder_reacher --h5 "$REACHER_H5" --device cuda --num-eval 128 --seed 43 --cem-seed 43 --episodes-file episodes/reacher_c2222.ep100.s2222.json --goal-offset 50 --eval-budget 100
246	reacher	leflow_rh10	50	43	logs/rbF_reacher_leflow_rh10_t50_seed43.log	python -m surveyor.envs.reacher.eval --subgoal leflow --leflow-ckpt leflow/reacher/latent_planner.pt --leflow-stats leflow/reacher/action_stats.json --leflow-receding 10 --source local --local-dir encoder_reacher --h5 "$REACHER_H5" --device cuda --num-eval 128 --seed 43 --cem-seed 43 --episodes-file episodes/reacher_c2222.ep100.s2222.json --goal-offset 50 --eval-budget 100
247	reacher	leflow_every	50	43	logs/rbF_reacher_leflow_every_t50_seed43.log	python -m surveyor.envs.reacher.eval --subgoal leflow+surveyor --leflow-ckpt leflow/reacher/latent_planner.pt --leflow-stats leflow/reacher/action_stats.json --gdm-ckpt gdm_reacher_s10.pt --gdm-steps 4 --accept-tau 0.0 --sg-steps 10 --source local --local-dir encoder_reacher --h5 "$REACHER_H5" --device cuda --num-eval 128 --seed 43 --cem-seed 43 --episodes-file episodes/reacher_c2222.ep100.s2222.json --goal-offset 50 --eval-budget 100
248	reacher	leflow_blind	50	43	logs/rbF_reacher_leflow_blind_t50_seed43.log	python -m surveyor.envs.reacher.eval --subgoal leflow+surveyor --leflow-ckpt leflow/reacher/latent_planner.pt --leflow-stats leflow/reacher/action_stats.json --gdm-ckpt gdm_reacher_s10.pt --gdm-steps 4 --accept-tau 999 --sg-steps 10 --source local --local-dir encoder_reacher --h5 "$REACHER_H5" --device cuda --num-eval 128 --seed 43 --cem-seed 43 --episodes-file episodes/reacher_c2222.ep100.s2222.json --goal-offset 50 --eval-budget 100
249	reacher	leflow_accept	50	43	logs/rbF_reacher_leflow_accept_t50_seed43.log	python -m surveyor.envs.reacher.eval --subgoal leflow+surveyor --leflow-ckpt leflow/reacher/latent_planner.pt --leflow-stats leflow/reacher/action_stats.json --gdm-ckpt gdm_reacher_s10.pt --gdm-steps 4 --accept-tau 0.20 --sg-steps 10 --source local --local-dir encoder_reacher --h5 "$REACHER_H5" --device cuda --num-eval 128 --seed 43 --cem-seed 43 --episodes-file episodes/reacher_c2222.ep100.s2222.json --goal-offset 50 --eval-budget 100
250	reacher	leflow	50	44	logs/rbF_reacher_leflow_t50_seed44.log	python -m surveyor.envs.reacher.eval --subgoal leflow --leflow-ckpt leflow/reacher/latent_planner.pt --leflow-stats leflow/reacher/action_stats.json --leflow-receding 25 --source local --local-dir encoder_reacher --h5 "$REACHER_H5" --device cuda --num-eval 128 --seed 44 --cem-seed 44 --episodes-file episodes/reacher_c2222.ep100.s2222.json --goal-offset 50 --eval-budget 100
251	reacher	leflow_rh10	50	44	logs/rbF_reacher_leflow_rh10_t50_seed44.log	python -m surveyor.envs.reacher.eval --subgoal leflow --leflow-ckpt leflow/reacher/latent_planner.pt --leflow-stats leflow/reacher/action_stats.json --leflow-receding 10 --source local --local-dir encoder_reacher --h5 "$REACHER_H5" --device cuda --num-eval 128 --seed 44 --cem-seed 44 --episodes-file episodes/reacher_c2222.ep100.s2222.json --goal-offset 50 --eval-budget 100
252	reacher	leflow_every	50	44	logs/rbF_reacher_leflow_every_t50_seed44.log	python -m surveyor.envs.reacher.eval --subgoal leflow+surveyor --leflow-ckpt leflow/reacher/latent_planner.pt --leflow-stats leflow/reacher/action_stats.json --gdm-ckpt gdm_reacher_s10.pt --gdm-steps 4 --accept-tau 0.0 --sg-steps 10 --source local --local-dir encoder_reacher --h5 "$REACHER_H5" --device cuda --num-eval 128 --seed 44 --cem-seed 44 --episodes-file episodes/reacher_c2222.ep100.s2222.json --goal-offset 50 --eval-budget 100
253	reacher	leflow_blind	50	44	logs/rbF_reacher_leflow_blind_t50_seed44.log	python -m surveyor.envs.reacher.eval --subgoal leflow+surveyor --leflow-ckpt leflow/reacher/latent_planner.pt --leflow-stats leflow/reacher/action_stats.json --gdm-ckpt gdm_reacher_s10.pt --gdm-steps 4 --accept-tau 999 --sg-steps 10 --source local --local-dir encoder_reacher --h5 "$REACHER_H5" --device cuda --num-eval 128 --seed 44 --cem-seed 44 --episodes-file episodes/reacher_c2222.ep100.s2222.json --goal-offset 50 --eval-budget 100
254	reacher	leflow_accept	50	44	logs/rbF_reacher_leflow_accept_t50_seed44.log	python -m surveyor.envs.reacher.eval --subgoal leflow+surveyor --leflow-ckpt leflow/reacher/latent_planner.pt --leflow-stats leflow/reacher/action_stats.json --gdm-ckpt gdm_reacher_s10.pt --gdm-steps 4 --accept-tau 0.20 --sg-steps 10 --source local --local-dir encoder_reacher --h5 "$REACHER_H5" --device cuda --num-eval 128 --seed 44 --cem-seed 44 --episodes-file episodes/reacher_c2222.ep100.s2222.json --goal-offset 50 --eval-budget 100
255	reacher	leflow	50	45	logs/rbF_reacher_leflow_t50_seed45.log	python -m surveyor.envs.reacher.eval --subgoal leflow --leflow-ckpt leflow/reacher/latent_planner.pt --leflow-stats leflow/reacher/action_stats.json --leflow-receding 25 --source local --local-dir encoder_reacher --h5 "$REACHER_H5" --device cuda --num-eval 128 --seed 45 --cem-seed 45 --episodes-file episodes/reacher_c2222.ep100.s2222.json --goal-offset 50 --eval-budget 100
256	reacher	leflow_rh10	50	45	logs/rbF_reacher_leflow_rh10_t50_seed45.log	python -m surveyor.envs.reacher.eval --subgoal leflow --leflow-ckpt leflow/reacher/latent_planner.pt --leflow-stats leflow/reacher/action_stats.json --leflow-receding 10 --source local --local-dir encoder_reacher --h5 "$REACHER_H5" --device cuda --num-eval 128 --seed 45 --cem-seed 45 --episodes-file episodes/reacher_c2222.ep100.s2222.json --goal-offset 50 --eval-budget 100
257	reacher	leflow_every	50	45	logs/rbF_reacher_leflow_every_t50_seed45.log	python -m surveyor.envs.reacher.eval --subgoal leflow+surveyor --leflow-ckpt leflow/reacher/latent_planner.pt --leflow-stats leflow/reacher/action_stats.json --gdm-ckpt gdm_reacher_s10.pt --gdm-steps 4 --accept-tau 0.0 --sg-steps 10 --source local --local-dir encoder_reacher --h5 "$REACHER_H5" --device cuda --num-eval 128 --seed 45 --cem-seed 45 --episodes-file episodes/reacher_c2222.ep100.s2222.json --goal-offset 50 --eval-budget 100
258	reacher	leflow_blind	50	45	logs/rbF_reacher_leflow_blind_t50_seed45.log	python -m surveyor.envs.reacher.eval --subgoal leflow+surveyor --leflow-ckpt leflow/reacher/latent_planner.pt --leflow-stats leflow/reacher/action_stats.json --gdm-ckpt gdm_reacher_s10.pt --gdm-steps 4 --accept-tau 999 --sg-steps 10 --source local --local-dir encoder_reacher --h5 "$REACHER_H5" --device cuda --num-eval 128 --seed 45 --cem-seed 45 --episodes-file episodes/reacher_c2222.ep100.s2222.json --goal-offset 50 --eval-budget 100
259	reacher	leflow_accept	50	45	logs/rbF_reacher_leflow_accept_t50_seed45.log	python -m surveyor.envs.reacher.eval --subgoal leflow+surveyor --leflow-ckpt leflow/reacher/latent_planner.pt --leflow-stats leflow/reacher/action_stats.json --gdm-ckpt gdm_reacher_s10.pt --gdm-steps 4 --accept-tau 0.20 --sg-steps 10 --source local --local-dir encoder_reacher --h5 "$REACHER_H5" --device cuda --num-eval 128 --seed 45 --cem-seed 45 --episodes-file episodes/reacher_c2222.ep100.s2222.json --goal-offset 50 --eval-budget 100
260	reacher	leflow	50	46	logs/rbF_reacher_leflow_t50_seed46.log	python -m surveyor.envs.reacher.eval --subgoal leflow --leflow-ckpt leflow/reacher/latent_planner.pt --leflow-stats leflow/reacher/action_stats.json --leflow-receding 25 --source local --local-dir encoder_reacher --h5 "$REACHER_H5" --device cuda --num-eval 128 --seed 46 --cem-seed 46 --episodes-file episodes/reacher_c2222.ep100.s2222.json --goal-offset 50 --eval-budget 100
261	reacher	leflow_rh10	50	46	logs/rbF_reacher_leflow_rh10_t50_seed46.log	python -m surveyor.envs.reacher.eval --subgoal leflow --leflow-ckpt leflow/reacher/latent_planner.pt --leflow-stats leflow/reacher/action_stats.json --leflow-receding 10 --source local --local-dir encoder_reacher --h5 "$REACHER_H5" --device cuda --num-eval 128 --seed 46 --cem-seed 46 --episodes-file episodes/reacher_c2222.ep100.s2222.json --goal-offset 50 --eval-budget 100
262	reacher	leflow_every	50	46	logs/rbF_reacher_leflow_every_t50_seed46.log	python -m surveyor.envs.reacher.eval --subgoal leflow+surveyor --leflow-ckpt leflow/reacher/latent_planner.pt --leflow-stats leflow/reacher/action_stats.json --gdm-ckpt gdm_reacher_s10.pt --gdm-steps 4 --accept-tau 0.0 --sg-steps 10 --source local --local-dir encoder_reacher --h5 "$REACHER_H5" --device cuda --num-eval 128 --seed 46 --cem-seed 46 --episodes-file episodes/reacher_c2222.ep100.s2222.json --goal-offset 50 --eval-budget 100
263	reacher	leflow_blind	50	46	logs/rbF_reacher_leflow_blind_t50_seed46.log	python -m surveyor.envs.reacher.eval --subgoal leflow+surveyor --leflow-ckpt leflow/reacher/latent_planner.pt --leflow-stats leflow/reacher/action_stats.json --gdm-ckpt gdm_reacher_s10.pt --gdm-steps 4 --accept-tau 999 --sg-steps 10 --source local --local-dir encoder_reacher --h5 "$REACHER_H5" --device cuda --num-eval 128 --seed 46 --cem-seed 46 --episodes-file episodes/reacher_c2222.ep100.s2222.json --goal-offset 50 --eval-budget 100
264	reacher	leflow_accept	50	46	logs/rbF_reacher_leflow_accept_t50_seed46.log	python -m surveyor.envs.reacher.eval --subgoal leflow+surveyor --leflow-ckpt leflow/reacher/latent_planner.pt --leflow-stats leflow/reacher/action_stats.json --gdm-ckpt gdm_reacher_s10.pt --gdm-steps 4 --accept-tau 0.20 --sg-steps 10 --source local --local-dir encoder_reacher --h5 "$REACHER_H5" --device cuda --num-eval 128 --seed 46 --cem-seed 46 --episodes-file episodes/reacher_c2222.ep100.s2222.json --goal-offset 50 --eval-budget 100
265	reacher	leflow	50	47	logs/rbF_reacher_leflow_t50_seed47.log	python -m surveyor.envs.reacher.eval --subgoal leflow --leflow-ckpt leflow/reacher/latent_planner.pt --leflow-stats leflow/reacher/action_stats.json --leflow-receding 25 --source local --local-dir encoder_reacher --h5 "$REACHER_H5" --device cuda --num-eval 128 --seed 47 --cem-seed 47 --episodes-file episodes/reacher_c2222.ep100.s2222.json --goal-offset 50 --eval-budget 100
266	reacher	leflow_rh10	50	47	logs/rbF_reacher_leflow_rh10_t50_seed47.log	python -m surveyor.envs.reacher.eval --subgoal leflow --leflow-ckpt leflow/reacher/latent_planner.pt --leflow-stats leflow/reacher/action_stats.json --leflow-receding 10 --source local --local-dir encoder_reacher --h5 "$REACHER_H5" --device cuda --num-eval 128 --seed 47 --cem-seed 47 --episodes-file episodes/reacher_c2222.ep100.s2222.json --goal-offset 50 --eval-budget 100
267	reacher	leflow_every	50	47	logs/rbF_reacher_leflow_every_t50_seed47.log	python -m surveyor.envs.reacher.eval --subgoal leflow+surveyor --leflow-ckpt leflow/reacher/latent_planner.pt --leflow-stats leflow/reacher/action_stats.json --gdm-ckpt gdm_reacher_s10.pt --gdm-steps 4 --accept-tau 0.0 --sg-steps 10 --source local --local-dir encoder_reacher --h5 "$REACHER_H5" --device cuda --num-eval 128 --seed 47 --cem-seed 47 --episodes-file episodes/reacher_c2222.ep100.s2222.json --goal-offset 50 --eval-budget 100
268	reacher	leflow_blind	50	47	logs/rbF_reacher_leflow_blind_t50_seed47.log	python -m surveyor.envs.reacher.eval --subgoal leflow+surveyor --leflow-ckpt leflow/reacher/latent_planner.pt --leflow-stats leflow/reacher/action_stats.json --gdm-ckpt gdm_reacher_s10.pt --gdm-steps 4 --accept-tau 999 --sg-steps 10 --source local --local-dir encoder_reacher --h5 "$REACHER_H5" --device cuda --num-eval 128 --seed 47 --cem-seed 47 --episodes-file episodes/reacher_c2222.ep100.s2222.json --goal-offset 50 --eval-budget 100
269	reacher	leflow_accept	50	47	logs/rbF_reacher_leflow_accept_t50_seed47.log	python -m surveyor.envs.reacher.eval --subgoal leflow+surveyor --leflow-ckpt leflow/reacher/latent_planner.pt --leflow-stats leflow/reacher/action_stats.json --gdm-ckpt gdm_reacher_s10.pt --gdm-steps 4 --accept-tau 0.20 --sg-steps 10 --source local --local-dir encoder_reacher --h5 "$REACHER_H5" --device cuda --num-eval 128 --seed 47 --cem-seed 47 --episodes-file episodes/reacher_c2222.ep100.s2222.json --goal-offset 50 --eval-budget 100
270	reacher	leflow	50	48	logs/rbF_reacher_leflow_t50_seed48.log	python -m surveyor.envs.reacher.eval --subgoal leflow --leflow-ckpt leflow/reacher/latent_planner.pt --leflow-stats leflow/reacher/action_stats.json --leflow-receding 25 --source local --local-dir encoder_reacher --h5 "$REACHER_H5" --device cuda --num-eval 128 --seed 48 --cem-seed 48 --episodes-file episodes/reacher_c2222.ep100.s2222.json --goal-offset 50 --eval-budget 100
271	reacher	leflow_rh10	50	48	logs/rbF_reacher_leflow_rh10_t50_seed48.log	python -m surveyor.envs.reacher.eval --subgoal leflow --leflow-ckpt leflow/reacher/latent_planner.pt --leflow-stats leflow/reacher/action_stats.json --leflow-receding 10 --source local --local-dir encoder_reacher --h5 "$REACHER_H5" --device cuda --num-eval 128 --seed 48 --cem-seed 48 --episodes-file episodes/reacher_c2222.ep100.s2222.json --goal-offset 50 --eval-budget 100
272	reacher	leflow_every	50	48	logs/rbF_reacher_leflow_every_t50_seed48.log	python -m surveyor.envs.reacher.eval --subgoal leflow+surveyor --leflow-ckpt leflow/reacher/latent_planner.pt --leflow-stats leflow/reacher/action_stats.json --gdm-ckpt gdm_reacher_s10.pt --gdm-steps 4 --accept-tau 0.0 --sg-steps 10 --source local --local-dir encoder_reacher --h5 "$REACHER_H5" --device cuda --num-eval 128 --seed 48 --cem-seed 48 --episodes-file episodes/reacher_c2222.ep100.s2222.json --goal-offset 50 --eval-budget 100
273	reacher	leflow_blind	50	48	logs/rbF_reacher_leflow_blind_t50_seed48.log	python -m surveyor.envs.reacher.eval --subgoal leflow+surveyor --leflow-ckpt leflow/reacher/latent_planner.pt --leflow-stats leflow/reacher/action_stats.json --gdm-ckpt gdm_reacher_s10.pt --gdm-steps 4 --accept-tau 999 --sg-steps 10 --source local --local-dir encoder_reacher --h5 "$REACHER_H5" --device cuda --num-eval 128 --seed 48 --cem-seed 48 --episodes-file episodes/reacher_c2222.ep100.s2222.json --goal-offset 50 --eval-budget 100
274	reacher	leflow_accept	50	48	logs/rbF_reacher_leflow_accept_t50_seed48.log	python -m surveyor.envs.reacher.eval --subgoal leflow+surveyor --leflow-ckpt leflow/reacher/latent_planner.pt --leflow-stats leflow/reacher/action_stats.json --gdm-ckpt gdm_reacher_s10.pt --gdm-steps 4 --accept-tau 0.20 --sg-steps 10 --source local --local-dir encoder_reacher --h5 "$REACHER_H5" --device cuda --num-eval 128 --seed 48 --cem-seed 48 --episodes-file episodes/reacher_c2222.ep100.s2222.json --goal-offset 50 --eval-budget 100
275	reacher	leflow	50	49	logs/rbF_reacher_leflow_t50_seed49.log	python -m surveyor.envs.reacher.eval --subgoal leflow --leflow-ckpt leflow/reacher/latent_planner.pt --leflow-stats leflow/reacher/action_stats.json --leflow-receding 25 --source local --local-dir encoder_reacher --h5 "$REACHER_H5" --device cuda --num-eval 128 --seed 49 --cem-seed 49 --episodes-file episodes/reacher_c2222.ep100.s2222.json --goal-offset 50 --eval-budget 100
276	reacher	leflow_rh10	50	49	logs/rbF_reacher_leflow_rh10_t50_seed49.log	python -m surveyor.envs.reacher.eval --subgoal leflow --leflow-ckpt leflow/reacher/latent_planner.pt --leflow-stats leflow/reacher/action_stats.json --leflow-receding 10 --source local --local-dir encoder_reacher --h5 "$REACHER_H5" --device cuda --num-eval 128 --seed 49 --cem-seed 49 --episodes-file episodes/reacher_c2222.ep100.s2222.json --goal-offset 50 --eval-budget 100
277	reacher	leflow_every	50	49	logs/rbF_reacher_leflow_every_t50_seed49.log	python -m surveyor.envs.reacher.eval --subgoal leflow+surveyor --leflow-ckpt leflow/reacher/latent_planner.pt --leflow-stats leflow/reacher/action_stats.json --gdm-ckpt gdm_reacher_s10.pt --gdm-steps 4 --accept-tau 0.0 --sg-steps 10 --source local --local-dir encoder_reacher --h5 "$REACHER_H5" --device cuda --num-eval 128 --seed 49 --cem-seed 49 --episodes-file episodes/reacher_c2222.ep100.s2222.json --goal-offset 50 --eval-budget 100
278	reacher	leflow_blind	50	49	logs/rbF_reacher_leflow_blind_t50_seed49.log	python -m surveyor.envs.reacher.eval --subgoal leflow+surveyor --leflow-ckpt leflow/reacher/latent_planner.pt --leflow-stats leflow/reacher/action_stats.json --gdm-ckpt gdm_reacher_s10.pt --gdm-steps 4 --accept-tau 999 --sg-steps 10 --source local --local-dir encoder_reacher --h5 "$REACHER_H5" --device cuda --num-eval 128 --seed 49 --cem-seed 49 --episodes-file episodes/reacher_c2222.ep100.s2222.json --goal-offset 50 --eval-budget 100
279	reacher	leflow_accept	50	49	logs/rbF_reacher_leflow_accept_t50_seed49.log	python -m surveyor.envs.reacher.eval --subgoal leflow+surveyor --leflow-ckpt leflow/reacher/latent_planner.pt --leflow-stats leflow/reacher/action_stats.json --gdm-ckpt gdm_reacher_s10.pt --gdm-steps 4 --accept-tau 0.20 --sg-steps 10 --source local --local-dir encoder_reacher --h5 "$REACHER_H5" --device cuda --num-eval 128 --seed 49 --cem-seed 49 --episodes-file episodes/reacher_c2222.ep100.s2222.json --goal-offset 50 --eval-budget 100
280	reacher	leflow	100	42	logs/rbF_reacher_leflow_t100_seed42.log	python -m surveyor.envs.reacher.eval --subgoal leflow --leflow-ckpt leflow/reacher/latent_planner.pt --leflow-stats leflow/reacher/action_stats.json --leflow-receding 25 --source local --local-dir encoder_reacher --h5 "$REACHER_H5" --device cuda --num-eval 128 --seed 42 --cem-seed 42 --episodes-file episodes/reacher_c2222.ep100.s2222.json --goal-offset 100 --eval-budget 200
281	reacher	leflow_rh10	100	42	logs/rbF_reacher_leflow_rh10_t100_seed42.log	python -m surveyor.envs.reacher.eval --subgoal leflow --leflow-ckpt leflow/reacher/latent_planner.pt --leflow-stats leflow/reacher/action_stats.json --leflow-receding 10 --source local --local-dir encoder_reacher --h5 "$REACHER_H5" --device cuda --num-eval 128 --seed 42 --cem-seed 42 --episodes-file episodes/reacher_c2222.ep100.s2222.json --goal-offset 100 --eval-budget 200
282	reacher	leflow_every	100	42	logs/rbF_reacher_leflow_every_t100_seed42.log	python -m surveyor.envs.reacher.eval --subgoal leflow+surveyor --leflow-ckpt leflow/reacher/latent_planner.pt --leflow-stats leflow/reacher/action_stats.json --gdm-ckpt gdm_reacher_s10.pt --gdm-steps 4 --accept-tau 0.0 --sg-steps 10 --source local --local-dir encoder_reacher --h5 "$REACHER_H5" --device cuda --num-eval 128 --seed 42 --cem-seed 42 --episodes-file episodes/reacher_c2222.ep100.s2222.json --goal-offset 100 --eval-budget 200
283	reacher	leflow_blind	100	42	logs/rbF_reacher_leflow_blind_t100_seed42.log	python -m surveyor.envs.reacher.eval --subgoal leflow+surveyor --leflow-ckpt leflow/reacher/latent_planner.pt --leflow-stats leflow/reacher/action_stats.json --gdm-ckpt gdm_reacher_s10.pt --gdm-steps 4 --accept-tau 999 --sg-steps 10 --source local --local-dir encoder_reacher --h5 "$REACHER_H5" --device cuda --num-eval 128 --seed 42 --cem-seed 42 --episodes-file episodes/reacher_c2222.ep100.s2222.json --goal-offset 100 --eval-budget 200
284	reacher	leflow_accept	100	42	logs/rbF_reacher_leflow_accept_t100_seed42.log	python -m surveyor.envs.reacher.eval --subgoal leflow+surveyor --leflow-ckpt leflow/reacher/latent_planner.pt --leflow-stats leflow/reacher/action_stats.json --gdm-ckpt gdm_reacher_s10.pt --gdm-steps 4 --accept-tau 0.20 --sg-steps 10 --source local --local-dir encoder_reacher --h5 "$REACHER_H5" --device cuda --num-eval 128 --seed 42 --cem-seed 42 --episodes-file episodes/reacher_c2222.ep100.s2222.json --goal-offset 100 --eval-budget 200
285	reacher	leflow	100	43	logs/rbF_reacher_leflow_t100_seed43.log	python -m surveyor.envs.reacher.eval --subgoal leflow --leflow-ckpt leflow/reacher/latent_planner.pt --leflow-stats leflow/reacher/action_stats.json --leflow-receding 25 --source local --local-dir encoder_reacher --h5 "$REACHER_H5" --device cuda --num-eval 128 --seed 43 --cem-seed 43 --episodes-file episodes/reacher_c2222.ep100.s2222.json --goal-offset 100 --eval-budget 200
286	reacher	leflow_rh10	100	43	logs/rbF_reacher_leflow_rh10_t100_seed43.log	python -m surveyor.envs.reacher.eval --subgoal leflow --leflow-ckpt leflow/reacher/latent_planner.pt --leflow-stats leflow/reacher/action_stats.json --leflow-receding 10 --source local --local-dir encoder_reacher --h5 "$REACHER_H5" --device cuda --num-eval 128 --seed 43 --cem-seed 43 --episodes-file episodes/reacher_c2222.ep100.s2222.json --goal-offset 100 --eval-budget 200
287	reacher	leflow_every	100	43	logs/rbF_reacher_leflow_every_t100_seed43.log	python -m surveyor.envs.reacher.eval --subgoal leflow+surveyor --leflow-ckpt leflow/reacher/latent_planner.pt --leflow-stats leflow/reacher/action_stats.json --gdm-ckpt gdm_reacher_s10.pt --gdm-steps 4 --accept-tau 0.0 --sg-steps 10 --source local --local-dir encoder_reacher --h5 "$REACHER_H5" --device cuda --num-eval 128 --seed 43 --cem-seed 43 --episodes-file episodes/reacher_c2222.ep100.s2222.json --goal-offset 100 --eval-budget 200
288	reacher	leflow_blind	100	43	logs/rbF_reacher_leflow_blind_t100_seed43.log	python -m surveyor.envs.reacher.eval --subgoal leflow+surveyor --leflow-ckpt leflow/reacher/latent_planner.pt --leflow-stats leflow/reacher/action_stats.json --gdm-ckpt gdm_reacher_s10.pt --gdm-steps 4 --accept-tau 999 --sg-steps 10 --source local --local-dir encoder_reacher --h5 "$REACHER_H5" --device cuda --num-eval 128 --seed 43 --cem-seed 43 --episodes-file episodes/reacher_c2222.ep100.s2222.json --goal-offset 100 --eval-budget 200
289	reacher	leflow_accept	100	43	logs/rbF_reacher_leflow_accept_t100_seed43.log	python -m surveyor.envs.reacher.eval --subgoal leflow+surveyor --leflow-ckpt leflow/reacher/latent_planner.pt --leflow-stats leflow/reacher/action_stats.json --gdm-ckpt gdm_reacher_s10.pt --gdm-steps 4 --accept-tau 0.20 --sg-steps 10 --source local --local-dir encoder_reacher --h5 "$REACHER_H5" --device cuda --num-eval 128 --seed 43 --cem-seed 43 --episodes-file episodes/reacher_c2222.ep100.s2222.json --goal-offset 100 --eval-budget 200
290	reacher	leflow	100	44	logs/rbF_reacher_leflow_t100_seed44.log	python -m surveyor.envs.reacher.eval --subgoal leflow --leflow-ckpt leflow/reacher/latent_planner.pt --leflow-stats leflow/reacher/action_stats.json --leflow-receding 25 --source local --local-dir encoder_reacher --h5 "$REACHER_H5" --device cuda --num-eval 128 --seed 44 --cem-seed 44 --episodes-file episodes/reacher_c2222.ep100.s2222.json --goal-offset 100 --eval-budget 200
291	reacher	leflow_rh10	100	44	logs/rbF_reacher_leflow_rh10_t100_seed44.log	python -m surveyor.envs.reacher.eval --subgoal leflow --leflow-ckpt leflow/reacher/latent_planner.pt --leflow-stats leflow/reacher/action_stats.json --leflow-receding 10 --source local --local-dir encoder_reacher --h5 "$REACHER_H5" --device cuda --num-eval 128 --seed 44 --cem-seed 44 --episodes-file episodes/reacher_c2222.ep100.s2222.json --goal-offset 100 --eval-budget 200
292	reacher	leflow_every	100	44	logs/rbF_reacher_leflow_every_t100_seed44.log	python -m surveyor.envs.reacher.eval --subgoal leflow+surveyor --leflow-ckpt leflow/reacher/latent_planner.pt --leflow-stats leflow/reacher/action_stats.json --gdm-ckpt gdm_reacher_s10.pt --gdm-steps 4 --accept-tau 0.0 --sg-steps 10 --source local --local-dir encoder_reacher --h5 "$REACHER_H5" --device cuda --num-eval 128 --seed 44 --cem-seed 44 --episodes-file episodes/reacher_c2222.ep100.s2222.json --goal-offset 100 --eval-budget 200
293	reacher	leflow_blind	100	44	logs/rbF_reacher_leflow_blind_t100_seed44.log	python -m surveyor.envs.reacher.eval --subgoal leflow+surveyor --leflow-ckpt leflow/reacher/latent_planner.pt --leflow-stats leflow/reacher/action_stats.json --gdm-ckpt gdm_reacher_s10.pt --gdm-steps 4 --accept-tau 999 --sg-steps 10 --source local --local-dir encoder_reacher --h5 "$REACHER_H5" --device cuda --num-eval 128 --seed 44 --cem-seed 44 --episodes-file episodes/reacher_c2222.ep100.s2222.json --goal-offset 100 --eval-budget 200
294	reacher	leflow_accept	100	44	logs/rbF_reacher_leflow_accept_t100_seed44.log	python -m surveyor.envs.reacher.eval --subgoal leflow+surveyor --leflow-ckpt leflow/reacher/latent_planner.pt --leflow-stats leflow/reacher/action_stats.json --gdm-ckpt gdm_reacher_s10.pt --gdm-steps 4 --accept-tau 0.20 --sg-steps 10 --source local --local-dir encoder_reacher --h5 "$REACHER_H5" --device cuda --num-eval 128 --seed 44 --cem-seed 44 --episodes-file episodes/reacher_c2222.ep100.s2222.json --goal-offset 100 --eval-budget 200
295	reacher	leflow	100	45	logs/rbF_reacher_leflow_t100_seed45.log	python -m surveyor.envs.reacher.eval --subgoal leflow --leflow-ckpt leflow/reacher/latent_planner.pt --leflow-stats leflow/reacher/action_stats.json --leflow-receding 25 --source local --local-dir encoder_reacher --h5 "$REACHER_H5" --device cuda --num-eval 128 --seed 45 --cem-seed 45 --episodes-file episodes/reacher_c2222.ep100.s2222.json --goal-offset 100 --eval-budget 200
296	reacher	leflow_rh10	100	45	logs/rbF_reacher_leflow_rh10_t100_seed45.log	python -m surveyor.envs.reacher.eval --subgoal leflow --leflow-ckpt leflow/reacher/latent_planner.pt --leflow-stats leflow/reacher/action_stats.json --leflow-receding 10 --source local --local-dir encoder_reacher --h5 "$REACHER_H5" --device cuda --num-eval 128 --seed 45 --cem-seed 45 --episodes-file episodes/reacher_c2222.ep100.s2222.json --goal-offset 100 --eval-budget 200
297	reacher	leflow_every	100	45	logs/rbF_reacher_leflow_every_t100_seed45.log	python -m surveyor.envs.reacher.eval --subgoal leflow+surveyor --leflow-ckpt leflow/reacher/latent_planner.pt --leflow-stats leflow/reacher/action_stats.json --gdm-ckpt gdm_reacher_s10.pt --gdm-steps 4 --accept-tau 0.0 --sg-steps 10 --source local --local-dir encoder_reacher --h5 "$REACHER_H5" --device cuda --num-eval 128 --seed 45 --cem-seed 45 --episodes-file episodes/reacher_c2222.ep100.s2222.json --goal-offset 100 --eval-budget 200
298	reacher	leflow_blind	100	45	logs/rbF_reacher_leflow_blind_t100_seed45.log	python -m surveyor.envs.reacher.eval --subgoal leflow+surveyor --leflow-ckpt leflow/reacher/latent_planner.pt --leflow-stats leflow/reacher/action_stats.json --gdm-ckpt gdm_reacher_s10.pt --gdm-steps 4 --accept-tau 999 --sg-steps 10 --source local --local-dir encoder_reacher --h5 "$REACHER_H5" --device cuda --num-eval 128 --seed 45 --cem-seed 45 --episodes-file episodes/reacher_c2222.ep100.s2222.json --goal-offset 100 --eval-budget 200
299	reacher	leflow_accept	100	45	logs/rbF_reacher_leflow_accept_t100_seed45.log	python -m surveyor.envs.reacher.eval --subgoal leflow+surveyor --leflow-ckpt leflow/reacher/latent_planner.pt --leflow-stats leflow/reacher/action_stats.json --gdm-ckpt gdm_reacher_s10.pt --gdm-steps 4 --accept-tau 0.20 --sg-steps 10 --source local --local-dir encoder_reacher --h5 "$REACHER_H5" --device cuda --num-eval 128 --seed 45 --cem-seed 45 --episodes-file episodes/reacher_c2222.ep100.s2222.json --goal-offset 100 --eval-budget 200
300	reacher	leflow	100	46	logs/rbF_reacher_leflow_t100_seed46.log	python -m surveyor.envs.reacher.eval --subgoal leflow --leflow-ckpt leflow/reacher/latent_planner.pt --leflow-stats leflow/reacher/action_stats.json --leflow-receding 25 --source local --local-dir encoder_reacher --h5 "$REACHER_H5" --device cuda --num-eval 128 --seed 46 --cem-seed 46 --episodes-file episodes/reacher_c2222.ep100.s2222.json --goal-offset 100 --eval-budget 200
301	reacher	leflow_rh10	100	46	logs/rbF_reacher_leflow_rh10_t100_seed46.log	python -m surveyor.envs.reacher.eval --subgoal leflow --leflow-ckpt leflow/reacher/latent_planner.pt --leflow-stats leflow/reacher/action_stats.json --leflow-receding 10 --source local --local-dir encoder_reacher --h5 "$REACHER_H5" --device cuda --num-eval 128 --seed 46 --cem-seed 46 --episodes-file episodes/reacher_c2222.ep100.s2222.json --goal-offset 100 --eval-budget 200
302	reacher	leflow_every	100	46	logs/rbF_reacher_leflow_every_t100_seed46.log	python -m surveyor.envs.reacher.eval --subgoal leflow+surveyor --leflow-ckpt leflow/reacher/latent_planner.pt --leflow-stats leflow/reacher/action_stats.json --gdm-ckpt gdm_reacher_s10.pt --gdm-steps 4 --accept-tau 0.0 --sg-steps 10 --source local --local-dir encoder_reacher --h5 "$REACHER_H5" --device cuda --num-eval 128 --seed 46 --cem-seed 46 --episodes-file episodes/reacher_c2222.ep100.s2222.json --goal-offset 100 --eval-budget 200
303	reacher	leflow_blind	100	46	logs/rbF_reacher_leflow_blind_t100_seed46.log	python -m surveyor.envs.reacher.eval --subgoal leflow+surveyor --leflow-ckpt leflow/reacher/latent_planner.pt --leflow-stats leflow/reacher/action_stats.json --gdm-ckpt gdm_reacher_s10.pt --gdm-steps 4 --accept-tau 999 --sg-steps 10 --source local --local-dir encoder_reacher --h5 "$REACHER_H5" --device cuda --num-eval 128 --seed 46 --cem-seed 46 --episodes-file episodes/reacher_c2222.ep100.s2222.json --goal-offset 100 --eval-budget 200
304	reacher	leflow_accept	100	46	logs/rbF_reacher_leflow_accept_t100_seed46.log	python -m surveyor.envs.reacher.eval --subgoal leflow+surveyor --leflow-ckpt leflow/reacher/latent_planner.pt --leflow-stats leflow/reacher/action_stats.json --gdm-ckpt gdm_reacher_s10.pt --gdm-steps 4 --accept-tau 0.20 --sg-steps 10 --source local --local-dir encoder_reacher --h5 "$REACHER_H5" --device cuda --num-eval 128 --seed 46 --cem-seed 46 --episodes-file episodes/reacher_c2222.ep100.s2222.json --goal-offset 100 --eval-budget 200
305	reacher	leflow	100	47	logs/rbF_reacher_leflow_t100_seed47.log	python -m surveyor.envs.reacher.eval --subgoal leflow --leflow-ckpt leflow/reacher/latent_planner.pt --leflow-stats leflow/reacher/action_stats.json --leflow-receding 25 --source local --local-dir encoder_reacher --h5 "$REACHER_H5" --device cuda --num-eval 128 --seed 47 --cem-seed 47 --episodes-file episodes/reacher_c2222.ep100.s2222.json --goal-offset 100 --eval-budget 200
306	reacher	leflow_rh10	100	47	logs/rbF_reacher_leflow_rh10_t100_seed47.log	python -m surveyor.envs.reacher.eval --subgoal leflow --leflow-ckpt leflow/reacher/latent_planner.pt --leflow-stats leflow/reacher/action_stats.json --leflow-receding 10 --source local --local-dir encoder_reacher --h5 "$REACHER_H5" --device cuda --num-eval 128 --seed 47 --cem-seed 47 --episodes-file episodes/reacher_c2222.ep100.s2222.json --goal-offset 100 --eval-budget 200
307	reacher	leflow_every	100	47	logs/rbF_reacher_leflow_every_t100_seed47.log	python -m surveyor.envs.reacher.eval --subgoal leflow+surveyor --leflow-ckpt leflow/reacher/latent_planner.pt --leflow-stats leflow/reacher/action_stats.json --gdm-ckpt gdm_reacher_s10.pt --gdm-steps 4 --accept-tau 0.0 --sg-steps 10 --source local --local-dir encoder_reacher --h5 "$REACHER_H5" --device cuda --num-eval 128 --seed 47 --cem-seed 47 --episodes-file episodes/reacher_c2222.ep100.s2222.json --goal-offset 100 --eval-budget 200
308	reacher	leflow_blind	100	47	logs/rbF_reacher_leflow_blind_t100_seed47.log	python -m surveyor.envs.reacher.eval --subgoal leflow+surveyor --leflow-ckpt leflow/reacher/latent_planner.pt --leflow-stats leflow/reacher/action_stats.json --gdm-ckpt gdm_reacher_s10.pt --gdm-steps 4 --accept-tau 999 --sg-steps 10 --source local --local-dir encoder_reacher --h5 "$REACHER_H5" --device cuda --num-eval 128 --seed 47 --cem-seed 47 --episodes-file episodes/reacher_c2222.ep100.s2222.json --goal-offset 100 --eval-budget 200
309	reacher	leflow_accept	100	47	logs/rbF_reacher_leflow_accept_t100_seed47.log	python -m surveyor.envs.reacher.eval --subgoal leflow+surveyor --leflow-ckpt leflow/reacher/latent_planner.pt --leflow-stats leflow/reacher/action_stats.json --gdm-ckpt gdm_reacher_s10.pt --gdm-steps 4 --accept-tau 0.20 --sg-steps 10 --source local --local-dir encoder_reacher --h5 "$REACHER_H5" --device cuda --num-eval 128 --seed 47 --cem-seed 47 --episodes-file episodes/reacher_c2222.ep100.s2222.json --goal-offset 100 --eval-budget 200
310	reacher	leflow	100	48	logs/rbF_reacher_leflow_t100_seed48.log	python -m surveyor.envs.reacher.eval --subgoal leflow --leflow-ckpt leflow/reacher/latent_planner.pt --leflow-stats leflow/reacher/action_stats.json --leflow-receding 25 --source local --local-dir encoder_reacher --h5 "$REACHER_H5" --device cuda --num-eval 128 --seed 48 --cem-seed 48 --episodes-file episodes/reacher_c2222.ep100.s2222.json --goal-offset 100 --eval-budget 200
311	reacher	leflow_rh10	100	48	logs/rbF_reacher_leflow_rh10_t100_seed48.log	python -m surveyor.envs.reacher.eval --subgoal leflow --leflow-ckpt leflow/reacher/latent_planner.pt --leflow-stats leflow/reacher/action_stats.json --leflow-receding 10 --source local --local-dir encoder_reacher --h5 "$REACHER_H5" --device cuda --num-eval 128 --seed 48 --cem-seed 48 --episodes-file episodes/reacher_c2222.ep100.s2222.json --goal-offset 100 --eval-budget 200
312	reacher	leflow_every	100	48	logs/rbF_reacher_leflow_every_t100_seed48.log	python -m surveyor.envs.reacher.eval --subgoal leflow+surveyor --leflow-ckpt leflow/reacher/latent_planner.pt --leflow-stats leflow/reacher/action_stats.json --gdm-ckpt gdm_reacher_s10.pt --gdm-steps 4 --accept-tau 0.0 --sg-steps 10 --source local --local-dir encoder_reacher --h5 "$REACHER_H5" --device cuda --num-eval 128 --seed 48 --cem-seed 48 --episodes-file episodes/reacher_c2222.ep100.s2222.json --goal-offset 100 --eval-budget 200
313	reacher	leflow_blind	100	48	logs/rbF_reacher_leflow_blind_t100_seed48.log	python -m surveyor.envs.reacher.eval --subgoal leflow+surveyor --leflow-ckpt leflow/reacher/latent_planner.pt --leflow-stats leflow/reacher/action_stats.json --gdm-ckpt gdm_reacher_s10.pt --gdm-steps 4 --accept-tau 999 --sg-steps 10 --source local --local-dir encoder_reacher --h5 "$REACHER_H5" --device cuda --num-eval 128 --seed 48 --cem-seed 48 --episodes-file episodes/reacher_c2222.ep100.s2222.json --goal-offset 100 --eval-budget 200
314	reacher	leflow_accept	100	48	logs/rbF_reacher_leflow_accept_t100_seed48.log	python -m surveyor.envs.reacher.eval --subgoal leflow+surveyor --leflow-ckpt leflow/reacher/latent_planner.pt --leflow-stats leflow/reacher/action_stats.json --gdm-ckpt gdm_reacher_s10.pt --gdm-steps 4 --accept-tau 0.20 --sg-steps 10 --source local --local-dir encoder_reacher --h5 "$REACHER_H5" --device cuda --num-eval 128 --seed 48 --cem-seed 48 --episodes-file episodes/reacher_c2222.ep100.s2222.json --goal-offset 100 --eval-budget 200
315	reacher	leflow	100	49	logs/rbF_reacher_leflow_t100_seed49.log	python -m surveyor.envs.reacher.eval --subgoal leflow --leflow-ckpt leflow/reacher/latent_planner.pt --leflow-stats leflow/reacher/action_stats.json --leflow-receding 25 --source local --local-dir encoder_reacher --h5 "$REACHER_H5" --device cuda --num-eval 128 --seed 49 --cem-seed 49 --episodes-file episodes/reacher_c2222.ep100.s2222.json --goal-offset 100 --eval-budget 200
316	reacher	leflow_rh10	100	49	logs/rbF_reacher_leflow_rh10_t100_seed49.log	python -m surveyor.envs.reacher.eval --subgoal leflow --leflow-ckpt leflow/reacher/latent_planner.pt --leflow-stats leflow/reacher/action_stats.json --leflow-receding 10 --source local --local-dir encoder_reacher --h5 "$REACHER_H5" --device cuda --num-eval 128 --seed 49 --cem-seed 49 --episodes-file episodes/reacher_c2222.ep100.s2222.json --goal-offset 100 --eval-budget 200
317	reacher	leflow_every	100	49	logs/rbF_reacher_leflow_every_t100_seed49.log	python -m surveyor.envs.reacher.eval --subgoal leflow+surveyor --leflow-ckpt leflow/reacher/latent_planner.pt --leflow-stats leflow/reacher/action_stats.json --gdm-ckpt gdm_reacher_s10.pt --gdm-steps 4 --accept-tau 0.0 --sg-steps 10 --source local --local-dir encoder_reacher --h5 "$REACHER_H5" --device cuda --num-eval 128 --seed 49 --cem-seed 49 --episodes-file episodes/reacher_c2222.ep100.s2222.json --goal-offset 100 --eval-budget 200
318	reacher	leflow_blind	100	49	logs/rbF_reacher_leflow_blind_t100_seed49.log	python -m surveyor.envs.reacher.eval --subgoal leflow+surveyor --leflow-ckpt leflow/reacher/latent_planner.pt --leflow-stats leflow/reacher/action_stats.json --gdm-ckpt gdm_reacher_s10.pt --gdm-steps 4 --accept-tau 999 --sg-steps 10 --source local --local-dir encoder_reacher --h5 "$REACHER_H5" --device cuda --num-eval 128 --seed 49 --cem-seed 49 --episodes-file episodes/reacher_c2222.ep100.s2222.json --goal-offset 100 --eval-budget 200
319	reacher	leflow_accept	100	49	logs/rbF_reacher_leflow_accept_t100_seed49.log	python -m surveyor.envs.reacher.eval --subgoal leflow+surveyor --leflow-ckpt leflow/reacher/latent_planner.pt --leflow-stats leflow/reacher/action_stats.json --gdm-ckpt gdm_reacher_s10.pt --gdm-steps 4 --accept-tau 0.20 --sg-steps 10 --source local --local-dir encoder_reacher --h5 "$REACHER_H5" --device cuda --num-eval 128 --seed 49 --cem-seed 49 --episodes-file episodes/reacher_c2222.ep100.s2222.json --goal-offset 100 --eval-budget 200
320	reacher	leflow	150	42	logs/rbF_reacher_leflow_t150_seed42.log	python -m surveyor.envs.reacher.eval --subgoal leflow --leflow-ckpt leflow/reacher/latent_planner.pt --leflow-stats leflow/reacher/action_stats.json --leflow-receding 25 --source local --local-dir encoder_reacher --h5 "$REACHER_H5" --device cuda --num-eval 128 --seed 42 --cem-seed 42 --episodes-file episodes/reacher_c2222.ep150.s2222.json --goal-offset 150 --eval-budget 300
321	reacher	leflow_rh10	150	42	logs/rbF_reacher_leflow_rh10_t150_seed42.log	python -m surveyor.envs.reacher.eval --subgoal leflow --leflow-ckpt leflow/reacher/latent_planner.pt --leflow-stats leflow/reacher/action_stats.json --leflow-receding 10 --source local --local-dir encoder_reacher --h5 "$REACHER_H5" --device cuda --num-eval 128 --seed 42 --cem-seed 42 --episodes-file episodes/reacher_c2222.ep150.s2222.json --goal-offset 150 --eval-budget 300
322	reacher	leflow_every	150	42	logs/rbF_reacher_leflow_every_t150_seed42.log	python -m surveyor.envs.reacher.eval --subgoal leflow+surveyor --leflow-ckpt leflow/reacher/latent_planner.pt --leflow-stats leflow/reacher/action_stats.json --gdm-ckpt gdm_reacher_s10.pt --gdm-steps 4 --accept-tau 0.0 --sg-steps 10 --source local --local-dir encoder_reacher --h5 "$REACHER_H5" --device cuda --num-eval 128 --seed 42 --cem-seed 42 --episodes-file episodes/reacher_c2222.ep150.s2222.json --goal-offset 150 --eval-budget 300
323	reacher	leflow_blind	150	42	logs/rbF_reacher_leflow_blind_t150_seed42.log	python -m surveyor.envs.reacher.eval --subgoal leflow+surveyor --leflow-ckpt leflow/reacher/latent_planner.pt --leflow-stats leflow/reacher/action_stats.json --gdm-ckpt gdm_reacher_s10.pt --gdm-steps 4 --accept-tau 999 --sg-steps 10 --source local --local-dir encoder_reacher --h5 "$REACHER_H5" --device cuda --num-eval 128 --seed 42 --cem-seed 42 --episodes-file episodes/reacher_c2222.ep150.s2222.json --goal-offset 150 --eval-budget 300
324	reacher	leflow_accept	150	42	logs/rbF_reacher_leflow_accept_t150_seed42.log	python -m surveyor.envs.reacher.eval --subgoal leflow+surveyor --leflow-ckpt leflow/reacher/latent_planner.pt --leflow-stats leflow/reacher/action_stats.json --gdm-ckpt gdm_reacher_s10.pt --gdm-steps 4 --accept-tau 0.20 --sg-steps 10 --source local --local-dir encoder_reacher --h5 "$REACHER_H5" --device cuda --num-eval 128 --seed 42 --cem-seed 42 --episodes-file episodes/reacher_c2222.ep150.s2222.json --goal-offset 150 --eval-budget 300
325	reacher	leflow	150	43	logs/rbF_reacher_leflow_t150_seed43.log	python -m surveyor.envs.reacher.eval --subgoal leflow --leflow-ckpt leflow/reacher/latent_planner.pt --leflow-stats leflow/reacher/action_stats.json --leflow-receding 25 --source local --local-dir encoder_reacher --h5 "$REACHER_H5" --device cuda --num-eval 128 --seed 43 --cem-seed 43 --episodes-file episodes/reacher_c2222.ep150.s2222.json --goal-offset 150 --eval-budget 300
326	reacher	leflow_rh10	150	43	logs/rbF_reacher_leflow_rh10_t150_seed43.log	python -m surveyor.envs.reacher.eval --subgoal leflow --leflow-ckpt leflow/reacher/latent_planner.pt --leflow-stats leflow/reacher/action_stats.json --leflow-receding 10 --source local --local-dir encoder_reacher --h5 "$REACHER_H5" --device cuda --num-eval 128 --seed 43 --cem-seed 43 --episodes-file episodes/reacher_c2222.ep150.s2222.json --goal-offset 150 --eval-budget 300
327	reacher	leflow_every	150	43	logs/rbF_reacher_leflow_every_t150_seed43.log	python -m surveyor.envs.reacher.eval --subgoal leflow+surveyor --leflow-ckpt leflow/reacher/latent_planner.pt --leflow-stats leflow/reacher/action_stats.json --gdm-ckpt gdm_reacher_s10.pt --gdm-steps 4 --accept-tau 0.0 --sg-steps 10 --source local --local-dir encoder_reacher --h5 "$REACHER_H5" --device cuda --num-eval 128 --seed 43 --cem-seed 43 --episodes-file episodes/reacher_c2222.ep150.s2222.json --goal-offset 150 --eval-budget 300
328	reacher	leflow_blind	150	43	logs/rbF_reacher_leflow_blind_t150_seed43.log	python -m surveyor.envs.reacher.eval --subgoal leflow+surveyor --leflow-ckpt leflow/reacher/latent_planner.pt --leflow-stats leflow/reacher/action_stats.json --gdm-ckpt gdm_reacher_s10.pt --gdm-steps 4 --accept-tau 999 --sg-steps 10 --source local --local-dir encoder_reacher --h5 "$REACHER_H5" --device cuda --num-eval 128 --seed 43 --cem-seed 43 --episodes-file episodes/reacher_c2222.ep150.s2222.json --goal-offset 150 --eval-budget 300
329	reacher	leflow_accept	150	43	logs/rbF_reacher_leflow_accept_t150_seed43.log	python -m surveyor.envs.reacher.eval --subgoal leflow+surveyor --leflow-ckpt leflow/reacher/latent_planner.pt --leflow-stats leflow/reacher/action_stats.json --gdm-ckpt gdm_reacher_s10.pt --gdm-steps 4 --accept-tau 0.20 --sg-steps 10 --source local --local-dir encoder_reacher --h5 "$REACHER_H5" --device cuda --num-eval 128 --seed 43 --cem-seed 43 --episodes-file episodes/reacher_c2222.ep150.s2222.json --goal-offset 150 --eval-budget 300
330	reacher	leflow	150	44	logs/rbF_reacher_leflow_t150_seed44.log	python -m surveyor.envs.reacher.eval --subgoal leflow --leflow-ckpt leflow/reacher/latent_planner.pt --leflow-stats leflow/reacher/action_stats.json --leflow-receding 25 --source local --local-dir encoder_reacher --h5 "$REACHER_H5" --device cuda --num-eval 128 --seed 44 --cem-seed 44 --episodes-file episodes/reacher_c2222.ep150.s2222.json --goal-offset 150 --eval-budget 300
331	reacher	leflow_rh10	150	44	logs/rbF_reacher_leflow_rh10_t150_seed44.log	python -m surveyor.envs.reacher.eval --subgoal leflow --leflow-ckpt leflow/reacher/latent_planner.pt --leflow-stats leflow/reacher/action_stats.json --leflow-receding 10 --source local --local-dir encoder_reacher --h5 "$REACHER_H5" --device cuda --num-eval 128 --seed 44 --cem-seed 44 --episodes-file episodes/reacher_c2222.ep150.s2222.json --goal-offset 150 --eval-budget 300
332	reacher	leflow_every	150	44	logs/rbF_reacher_leflow_every_t150_seed44.log	python -m surveyor.envs.reacher.eval --subgoal leflow+surveyor --leflow-ckpt leflow/reacher/latent_planner.pt --leflow-stats leflow/reacher/action_stats.json --gdm-ckpt gdm_reacher_s10.pt --gdm-steps 4 --accept-tau 0.0 --sg-steps 10 --source local --local-dir encoder_reacher --h5 "$REACHER_H5" --device cuda --num-eval 128 --seed 44 --cem-seed 44 --episodes-file episodes/reacher_c2222.ep150.s2222.json --goal-offset 150 --eval-budget 300
333	reacher	leflow_blind	150	44	logs/rbF_reacher_leflow_blind_t150_seed44.log	python -m surveyor.envs.reacher.eval --subgoal leflow+surveyor --leflow-ckpt leflow/reacher/latent_planner.pt --leflow-stats leflow/reacher/action_stats.json --gdm-ckpt gdm_reacher_s10.pt --gdm-steps 4 --accept-tau 999 --sg-steps 10 --source local --local-dir encoder_reacher --h5 "$REACHER_H5" --device cuda --num-eval 128 --seed 44 --cem-seed 44 --episodes-file episodes/reacher_c2222.ep150.s2222.json --goal-offset 150 --eval-budget 300
334	reacher	leflow_accept	150	44	logs/rbF_reacher_leflow_accept_t150_seed44.log	python -m surveyor.envs.reacher.eval --subgoal leflow+surveyor --leflow-ckpt leflow/reacher/latent_planner.pt --leflow-stats leflow/reacher/action_stats.json --gdm-ckpt gdm_reacher_s10.pt --gdm-steps 4 --accept-tau 0.20 --sg-steps 10 --source local --local-dir encoder_reacher --h5 "$REACHER_H5" --device cuda --num-eval 128 --seed 44 --cem-seed 44 --episodes-file episodes/reacher_c2222.ep150.s2222.json --goal-offset 150 --eval-budget 300
335	reacher	leflow	150	45	logs/rbF_reacher_leflow_t150_seed45.log	python -m surveyor.envs.reacher.eval --subgoal leflow --leflow-ckpt leflow/reacher/latent_planner.pt --leflow-stats leflow/reacher/action_stats.json --leflow-receding 25 --source local --local-dir encoder_reacher --h5 "$REACHER_H5" --device cuda --num-eval 128 --seed 45 --cem-seed 45 --episodes-file episodes/reacher_c2222.ep150.s2222.json --goal-offset 150 --eval-budget 300
336	reacher	leflow_rh10	150	45	logs/rbF_reacher_leflow_rh10_t150_seed45.log	python -m surveyor.envs.reacher.eval --subgoal leflow --leflow-ckpt leflow/reacher/latent_planner.pt --leflow-stats leflow/reacher/action_stats.json --leflow-receding 10 --source local --local-dir encoder_reacher --h5 "$REACHER_H5" --device cuda --num-eval 128 --seed 45 --cem-seed 45 --episodes-file episodes/reacher_c2222.ep150.s2222.json --goal-offset 150 --eval-budget 300
337	reacher	leflow_every	150	45	logs/rbF_reacher_leflow_every_t150_seed45.log	python -m surveyor.envs.reacher.eval --subgoal leflow+surveyor --leflow-ckpt leflow/reacher/latent_planner.pt --leflow-stats leflow/reacher/action_stats.json --gdm-ckpt gdm_reacher_s10.pt --gdm-steps 4 --accept-tau 0.0 --sg-steps 10 --source local --local-dir encoder_reacher --h5 "$REACHER_H5" --device cuda --num-eval 128 --seed 45 --cem-seed 45 --episodes-file episodes/reacher_c2222.ep150.s2222.json --goal-offset 150 --eval-budget 300
338	reacher	leflow_blind	150	45	logs/rbF_reacher_leflow_blind_t150_seed45.log	python -m surveyor.envs.reacher.eval --subgoal leflow+surveyor --leflow-ckpt leflow/reacher/latent_planner.pt --leflow-stats leflow/reacher/action_stats.json --gdm-ckpt gdm_reacher_s10.pt --gdm-steps 4 --accept-tau 999 --sg-steps 10 --source local --local-dir encoder_reacher --h5 "$REACHER_H5" --device cuda --num-eval 128 --seed 45 --cem-seed 45 --episodes-file episodes/reacher_c2222.ep150.s2222.json --goal-offset 150 --eval-budget 300
339	reacher	leflow_accept	150	45	logs/rbF_reacher_leflow_accept_t150_seed45.log	python -m surveyor.envs.reacher.eval --subgoal leflow+surveyor --leflow-ckpt leflow/reacher/latent_planner.pt --leflow-stats leflow/reacher/action_stats.json --gdm-ckpt gdm_reacher_s10.pt --gdm-steps 4 --accept-tau 0.20 --sg-steps 10 --source local --local-dir encoder_reacher --h5 "$REACHER_H5" --device cuda --num-eval 128 --seed 45 --cem-seed 45 --episodes-file episodes/reacher_c2222.ep150.s2222.json --goal-offset 150 --eval-budget 300
340	reacher	leflow	150	46	logs/rbF_reacher_leflow_t150_seed46.log	python -m surveyor.envs.reacher.eval --subgoal leflow --leflow-ckpt leflow/reacher/latent_planner.pt --leflow-stats leflow/reacher/action_stats.json --leflow-receding 25 --source local --local-dir encoder_reacher --h5 "$REACHER_H5" --device cuda --num-eval 128 --seed 46 --cem-seed 46 --episodes-file episodes/reacher_c2222.ep150.s2222.json --goal-offset 150 --eval-budget 300
341	reacher	leflow_rh10	150	46	logs/rbF_reacher_leflow_rh10_t150_seed46.log	python -m surveyor.envs.reacher.eval --subgoal leflow --leflow-ckpt leflow/reacher/latent_planner.pt --leflow-stats leflow/reacher/action_stats.json --leflow-receding 10 --source local --local-dir encoder_reacher --h5 "$REACHER_H5" --device cuda --num-eval 128 --seed 46 --cem-seed 46 --episodes-file episodes/reacher_c2222.ep150.s2222.json --goal-offset 150 --eval-budget 300
342	reacher	leflow_every	150	46	logs/rbF_reacher_leflow_every_t150_seed46.log	python -m surveyor.envs.reacher.eval --subgoal leflow+surveyor --leflow-ckpt leflow/reacher/latent_planner.pt --leflow-stats leflow/reacher/action_stats.json --gdm-ckpt gdm_reacher_s10.pt --gdm-steps 4 --accept-tau 0.0 --sg-steps 10 --source local --local-dir encoder_reacher --h5 "$REACHER_H5" --device cuda --num-eval 128 --seed 46 --cem-seed 46 --episodes-file episodes/reacher_c2222.ep150.s2222.json --goal-offset 150 --eval-budget 300
343	reacher	leflow_blind	150	46	logs/rbF_reacher_leflow_blind_t150_seed46.log	python -m surveyor.envs.reacher.eval --subgoal leflow+surveyor --leflow-ckpt leflow/reacher/latent_planner.pt --leflow-stats leflow/reacher/action_stats.json --gdm-ckpt gdm_reacher_s10.pt --gdm-steps 4 --accept-tau 999 --sg-steps 10 --source local --local-dir encoder_reacher --h5 "$REACHER_H5" --device cuda --num-eval 128 --seed 46 --cem-seed 46 --episodes-file episodes/reacher_c2222.ep150.s2222.json --goal-offset 150 --eval-budget 300
344	reacher	leflow_accept	150	46	logs/rbF_reacher_leflow_accept_t150_seed46.log	python -m surveyor.envs.reacher.eval --subgoal leflow+surveyor --leflow-ckpt leflow/reacher/latent_planner.pt --leflow-stats leflow/reacher/action_stats.json --gdm-ckpt gdm_reacher_s10.pt --gdm-steps 4 --accept-tau 0.20 --sg-steps 10 --source local --local-dir encoder_reacher --h5 "$REACHER_H5" --device cuda --num-eval 128 --seed 46 --cem-seed 46 --episodes-file episodes/reacher_c2222.ep150.s2222.json --goal-offset 150 --eval-budget 300
345	reacher	leflow	150	47	logs/rbF_reacher_leflow_t150_seed47.log	python -m surveyor.envs.reacher.eval --subgoal leflow --leflow-ckpt leflow/reacher/latent_planner.pt --leflow-stats leflow/reacher/action_stats.json --leflow-receding 25 --source local --local-dir encoder_reacher --h5 "$REACHER_H5" --device cuda --num-eval 128 --seed 47 --cem-seed 47 --episodes-file episodes/reacher_c2222.ep150.s2222.json --goal-offset 150 --eval-budget 300
346	reacher	leflow_rh10	150	47	logs/rbF_reacher_leflow_rh10_t150_seed47.log	python -m surveyor.envs.reacher.eval --subgoal leflow --leflow-ckpt leflow/reacher/latent_planner.pt --leflow-stats leflow/reacher/action_stats.json --leflow-receding 10 --source local --local-dir encoder_reacher --h5 "$REACHER_H5" --device cuda --num-eval 128 --seed 47 --cem-seed 47 --episodes-file episodes/reacher_c2222.ep150.s2222.json --goal-offset 150 --eval-budget 300
347	reacher	leflow_every	150	47	logs/rbF_reacher_leflow_every_t150_seed47.log	python -m surveyor.envs.reacher.eval --subgoal leflow+surveyor --leflow-ckpt leflow/reacher/latent_planner.pt --leflow-stats leflow/reacher/action_stats.json --gdm-ckpt gdm_reacher_s10.pt --gdm-steps 4 --accept-tau 0.0 --sg-steps 10 --source local --local-dir encoder_reacher --h5 "$REACHER_H5" --device cuda --num-eval 128 --seed 47 --cem-seed 47 --episodes-file episodes/reacher_c2222.ep150.s2222.json --goal-offset 150 --eval-budget 300
348	reacher	leflow_blind	150	47	logs/rbF_reacher_leflow_blind_t150_seed47.log	python -m surveyor.envs.reacher.eval --subgoal leflow+surveyor --leflow-ckpt leflow/reacher/latent_planner.pt --leflow-stats leflow/reacher/action_stats.json --gdm-ckpt gdm_reacher_s10.pt --gdm-steps 4 --accept-tau 999 --sg-steps 10 --source local --local-dir encoder_reacher --h5 "$REACHER_H5" --device cuda --num-eval 128 --seed 47 --cem-seed 47 --episodes-file episodes/reacher_c2222.ep150.s2222.json --goal-offset 150 --eval-budget 300
349	reacher	leflow_accept	150	47	logs/rbF_reacher_leflow_accept_t150_seed47.log	python -m surveyor.envs.reacher.eval --subgoal leflow+surveyor --leflow-ckpt leflow/reacher/latent_planner.pt --leflow-stats leflow/reacher/action_stats.json --gdm-ckpt gdm_reacher_s10.pt --gdm-steps 4 --accept-tau 0.20 --sg-steps 10 --source local --local-dir encoder_reacher --h5 "$REACHER_H5" --device cuda --num-eval 128 --seed 47 --cem-seed 47 --episodes-file episodes/reacher_c2222.ep150.s2222.json --goal-offset 150 --eval-budget 300
350	reacher	leflow	150	48	logs/rbF_reacher_leflow_t150_seed48.log	python -m surveyor.envs.reacher.eval --subgoal leflow --leflow-ckpt leflow/reacher/latent_planner.pt --leflow-stats leflow/reacher/action_stats.json --leflow-receding 25 --source local --local-dir encoder_reacher --h5 "$REACHER_H5" --device cuda --num-eval 128 --seed 48 --cem-seed 48 --episodes-file episodes/reacher_c2222.ep150.s2222.json --goal-offset 150 --eval-budget 300
351	reacher	leflow_rh10	150	48	logs/rbF_reacher_leflow_rh10_t150_seed48.log	python -m surveyor.envs.reacher.eval --subgoal leflow --leflow-ckpt leflow/reacher/latent_planner.pt --leflow-stats leflow/reacher/action_stats.json --leflow-receding 10 --source local --local-dir encoder_reacher --h5 "$REACHER_H5" --device cuda --num-eval 128 --seed 48 --cem-seed 48 --episodes-file episodes/reacher_c2222.ep150.s2222.json --goal-offset 150 --eval-budget 300
352	reacher	leflow_every	150	48	logs/rbF_reacher_leflow_every_t150_seed48.log	python -m surveyor.envs.reacher.eval --subgoal leflow+surveyor --leflow-ckpt leflow/reacher/latent_planner.pt --leflow-stats leflow/reacher/action_stats.json --gdm-ckpt gdm_reacher_s10.pt --gdm-steps 4 --accept-tau 0.0 --sg-steps 10 --source local --local-dir encoder_reacher --h5 "$REACHER_H5" --device cuda --num-eval 128 --seed 48 --cem-seed 48 --episodes-file episodes/reacher_c2222.ep150.s2222.json --goal-offset 150 --eval-budget 300
353	reacher	leflow_blind	150	48	logs/rbF_reacher_leflow_blind_t150_seed48.log	python -m surveyor.envs.reacher.eval --subgoal leflow+surveyor --leflow-ckpt leflow/reacher/latent_planner.pt --leflow-stats leflow/reacher/action_stats.json --gdm-ckpt gdm_reacher_s10.pt --gdm-steps 4 --accept-tau 999 --sg-steps 10 --source local --local-dir encoder_reacher --h5 "$REACHER_H5" --device cuda --num-eval 128 --seed 48 --cem-seed 48 --episodes-file episodes/reacher_c2222.ep150.s2222.json --goal-offset 150 --eval-budget 300
354	reacher	leflow_accept	150	48	logs/rbF_reacher_leflow_accept_t150_seed48.log	python -m surveyor.envs.reacher.eval --subgoal leflow+surveyor --leflow-ckpt leflow/reacher/latent_planner.pt --leflow-stats leflow/reacher/action_stats.json --gdm-ckpt gdm_reacher_s10.pt --gdm-steps 4 --accept-tau 0.20 --sg-steps 10 --source local --local-dir encoder_reacher --h5 "$REACHER_H5" --device cuda --num-eval 128 --seed 48 --cem-seed 48 --episodes-file episodes/reacher_c2222.ep150.s2222.json --goal-offset 150 --eval-budget 300
355	reacher	leflow	150	49	logs/rbF_reacher_leflow_t150_seed49.log	python -m surveyor.envs.reacher.eval --subgoal leflow --leflow-ckpt leflow/reacher/latent_planner.pt --leflow-stats leflow/reacher/action_stats.json --leflow-receding 25 --source local --local-dir encoder_reacher --h5 "$REACHER_H5" --device cuda --num-eval 128 --seed 49 --cem-seed 49 --episodes-file episodes/reacher_c2222.ep150.s2222.json --goal-offset 150 --eval-budget 300
356	reacher	leflow_rh10	150	49	logs/rbF_reacher_leflow_rh10_t150_seed49.log	python -m surveyor.envs.reacher.eval --subgoal leflow --leflow-ckpt leflow/reacher/latent_planner.pt --leflow-stats leflow/reacher/action_stats.json --leflow-receding 10 --source local --local-dir encoder_reacher --h5 "$REACHER_H5" --device cuda --num-eval 128 --seed 49 --cem-seed 49 --episodes-file episodes/reacher_c2222.ep150.s2222.json --goal-offset 150 --eval-budget 300
357	reacher	leflow_every	150	49	logs/rbF_reacher_leflow_every_t150_seed49.log	python -m surveyor.envs.reacher.eval --subgoal leflow+surveyor --leflow-ckpt leflow/reacher/latent_planner.pt --leflow-stats leflow/reacher/action_stats.json --gdm-ckpt gdm_reacher_s10.pt --gdm-steps 4 --accept-tau 0.0 --sg-steps 10 --source local --local-dir encoder_reacher --h5 "$REACHER_H5" --device cuda --num-eval 128 --seed 49 --cem-seed 49 --episodes-file episodes/reacher_c2222.ep150.s2222.json --goal-offset 150 --eval-budget 300
358	reacher	leflow_blind	150	49	logs/rbF_reacher_leflow_blind_t150_seed49.log	python -m surveyor.envs.reacher.eval --subgoal leflow+surveyor --leflow-ckpt leflow/reacher/latent_planner.pt --leflow-stats leflow/reacher/action_stats.json --gdm-ckpt gdm_reacher_s10.pt --gdm-steps 4 --accept-tau 999 --sg-steps 10 --source local --local-dir encoder_reacher --h5 "$REACHER_H5" --device cuda --num-eval 128 --seed 49 --cem-seed 49 --episodes-file episodes/reacher_c2222.ep150.s2222.json --goal-offset 150 --eval-budget 300
359	reacher	leflow_accept	150	49	logs/rbF_reacher_leflow_accept_t150_seed49.log	python -m surveyor.envs.reacher.eval --subgoal leflow+surveyor --leflow-ckpt leflow/reacher/latent_planner.pt --leflow-stats leflow/reacher/action_stats.json --gdm-ckpt gdm_reacher_s10.pt --gdm-steps 4 --accept-tau 0.20 --sg-steps 10 --source local --local-dir encoder_reacher --h5 "$REACHER_H5" --device cuda --num-eval 128 --seed 49 --cem-seed 49 --episodes-file episodes/reacher_c2222.ep150.s2222.json --goal-offset 150 --eval-budget 300
