idx	env	arm	t	seed	log	cmd
0	cube	gd_router_tauown	175	42	logs/rbW_cube_gd_router_tauown_t175_seed42.log	python -m surveyor.envs.cube.eval --solver gd --subgoal router+surveyor --gdm-ckpt gdm_cube_s10_gc.pt --gdm-steps 3 --accept-tau 0.794 --horizon 2 --receding-horizon 2 --num-samples 600 --n-steps 30 --source pretrained --encoder-id quentinll/lewm-cube --h5 "$CUBE_H5" --device cuda --goal-offset 175 --eval-budget 350 --num-eval 128 --seed 42 --cem-seed 42 --episodes-file episodes/cube_c2222.episodes175.json
1	cube	gd_router_tauown	175	43	logs/rbW_cube_gd_router_tauown_t175_seed43.log	python -m surveyor.envs.cube.eval --solver gd --subgoal router+surveyor --gdm-ckpt gdm_cube_s10_gc.pt --gdm-steps 3 --accept-tau 0.794 --horizon 2 --receding-horizon 2 --num-samples 600 --n-steps 30 --source pretrained --encoder-id quentinll/lewm-cube --h5 "$CUBE_H5" --device cuda --goal-offset 175 --eval-budget 350 --num-eval 128 --seed 43 --cem-seed 43 --episodes-file episodes/cube_c2222.episodes175.json
2	cube	gd_router_tauown	175	44	logs/rbW_cube_gd_router_tauown_t175_seed44.log	python -m surveyor.envs.cube.eval --solver gd --subgoal router+surveyor --gdm-ckpt gdm_cube_s10_gc.pt --gdm-steps 3 --accept-tau 0.794 --horizon 2 --receding-horizon 2 --num-samples 600 --n-steps 30 --source pretrained --encoder-id quentinll/lewm-cube --h5 "$CUBE_H5" --device cuda --goal-offset 175 --eval-budget 350 --num-eval 128 --seed 44 --cem-seed 44 --episodes-file episodes/cube_c2222.episodes175.json
3	cube	gd_router_tauown	175	45	logs/rbW_cube_gd_router_tauown_t175_seed45.log	python -m surveyor.envs.cube.eval --solver gd --subgoal router+surveyor --gdm-ckpt gdm_cube_s10_gc.pt --gdm-steps 3 --accept-tau 0.794 --horizon 2 --receding-horizon 2 --num-samples 600 --n-steps 30 --source pretrained --encoder-id quentinll/lewm-cube --h5 "$CUBE_H5" --device cuda --goal-offset 175 --eval-budget 350 --num-eval 128 --seed 45 --cem-seed 45 --episodes-file episodes/cube_c2222.episodes175.json
4	cube	gd_router_tauown	175	46	logs/rbW_cube_gd_router_tauown_t175_seed46.log	python -m surveyor.envs.cube.eval --solver gd --subgoal router+surveyor --gdm-ckpt gdm_cube_s10_gc.pt --gdm-steps 3 --accept-tau 0.794 --horizon 2 --receding-horizon 2 --num-samples 600 --n-steps 30 --source pretrained --encoder-id quentinll/lewm-cube --h5 "$CUBE_H5" --device cuda --goal-offset 175 --eval-budget 350 --num-eval 128 --seed 46 --cem-seed 46 --episodes-file episodes/cube_c2222.episodes175.json
5	cube	gd_router_tauown	175	47	logs/rbW_cube_gd_router_tauown_t175_seed47.log	python -m surveyor.envs.cube.eval --solver gd --subgoal router+surveyor --gdm-ckpt gdm_cube_s10_gc.pt --gdm-steps 3 --accept-tau 0.794 --horizon 2 --receding-horizon 2 --num-samples 600 --n-steps 30 --source pretrained --encoder-id quentinll/lewm-cube --h5 "$CUBE_H5" --device cuda --goal-offset 175 --eval-budget 350 --num-eval 128 --seed 47 --cem-seed 47 --episodes-file episodes/cube_c2222.episodes175.json
6	cube	gd_router_tauown	175	48	logs/rbW_cube_gd_router_tauown_t175_seed48.log	python -m surveyor.envs.cube.eval --solver gd --subgoal router+surveyor --gdm-ckpt gdm_cube_s10_gc.pt --gdm-steps 3 --accept-tau 0.794 --horizon 2 --receding-horizon 2 --num-samples 600 --n-steps 30 --source pretrained --encoder-id quentinll/lewm-cube --h5 "$CUBE_H5" --device cuda --goal-offset 175 --eval-budget 350 --num-eval 128 --seed 48 --cem-seed 48 --episodes-file episodes/cube_c2222.episodes175.json
7	cube	gd_router_tauown	175	49	logs/rbW_cube_gd_router_tauown_t175_seed49.log	python -m surveyor.envs.cube.eval --solver gd --subgoal router+surveyor --gdm-ckpt gdm_cube_s10_gc.pt --gdm-steps 3 --accept-tau 0.794 --horizon 2 --receding-horizon 2 --num-samples 600 --n-steps 30 --source pretrained --encoder-id quentinll/lewm-cube --h5 "$CUBE_H5" --device cuda --goal-offset 175 --eval-budget 350 --num-eval 128 --seed 49 --cem-seed 49 --episodes-file episodes/cube_c2222.episodes175.json
8	cube	gd_router_tauown	195	42	logs/rbW_cube_gd_router_tauown_t195_seed42.log	python -m surveyor.envs.cube.eval --solver gd --subgoal router+surveyor --gdm-ckpt gdm_cube_s10_gc.pt --gdm-steps 3 --accept-tau 0.794 --horizon 2 --receding-horizon 2 --num-samples 600 --n-steps 30 --source pretrained --encoder-id quentinll/lewm-cube --h5 "$CUBE_H5" --device cuda --goal-offset 195 --eval-budget 390 --num-eval 128 --seed 42 --cem-seed 42 --episodes-file episodes/cube_c2222.episodes195.json
9	cube	gd_router_tauown	195	43	logs/rbW_cube_gd_router_tauown_t195_seed43.log	python -m surveyor.envs.cube.eval --solver gd --subgoal router+surveyor --gdm-ckpt gdm_cube_s10_gc.pt --gdm-steps 3 --accept-tau 0.794 --horizon 2 --receding-horizon 2 --num-samples 600 --n-steps 30 --source pretrained --encoder-id quentinll/lewm-cube --h5 "$CUBE_H5" --device cuda --goal-offset 195 --eval-budget 390 --num-eval 128 --seed 43 --cem-seed 43 --episodes-file episodes/cube_c2222.episodes195.json
10	cube	gd_router_tauown	195	44	logs/rbW_cube_gd_router_tauown_t195_seed44.log	python -m surveyor.envs.cube.eval --solver gd --subgoal router+surveyor --gdm-ckpt gdm_cube_s10_gc.pt --gdm-steps 3 --accept-tau 0.794 --horizon 2 --receding-horizon 2 --num-samples 600 --n-steps 30 --source pretrained --encoder-id quentinll/lewm-cube --h5 "$CUBE_H5" --device cuda --goal-offset 195 --eval-budget 390 --num-eval 128 --seed 44 --cem-seed 44 --episodes-file episodes/cube_c2222.episodes195.json
11	cube	gd_router_tauown	195	45	logs/rbW_cube_gd_router_tauown_t195_seed45.log	python -m surveyor.envs.cube.eval --solver gd --subgoal router+surveyor --gdm-ckpt gdm_cube_s10_gc.pt --gdm-steps 3 --accept-tau 0.794 --horizon 2 --receding-horizon 2 --num-samples 600 --n-steps 30 --source pretrained --encoder-id quentinll/lewm-cube --h5 "$CUBE_H5" --device cuda --goal-offset 195 --eval-budget 390 --num-eval 128 --seed 45 --cem-seed 45 --episodes-file episodes/cube_c2222.episodes195.json
12	cube	gd_router_tauown	195	46	logs/rbW_cube_gd_router_tauown_t195_seed46.log	python -m surveyor.envs.cube.eval --solver gd --subgoal router+surveyor --gdm-ckpt gdm_cube_s10_gc.pt --gdm-steps 3 --accept-tau 0.794 --horizon 2 --receding-horizon 2 --num-samples 600 --n-steps 30 --source pretrained --encoder-id quentinll/lewm-cube --h5 "$CUBE_H5" --device cuda --goal-offset 195 --eval-budget 390 --num-eval 128 --seed 46 --cem-seed 46 --episodes-file episodes/cube_c2222.episodes195.json
13	cube	gd_router_tauown	195	47	logs/rbW_cube_gd_router_tauown_t195_seed47.log	python -m surveyor.envs.cube.eval --solver gd --subgoal router+surveyor --gdm-ckpt gdm_cube_s10_gc.pt --gdm-steps 3 --accept-tau 0.794 --horizon 2 --receding-horizon 2 --num-samples 600 --n-steps 30 --source pretrained --encoder-id quentinll/lewm-cube --h5 "$CUBE_H5" --device cuda --goal-offset 195 --eval-budget 390 --num-eval 128 --seed 47 --cem-seed 47 --episodes-file episodes/cube_c2222.episodes195.json
14	cube	gd_router_tauown	195	48	logs/rbW_cube_gd_router_tauown_t195_seed48.log	python -m surveyor.envs.cube.eval --solver gd --subgoal router+surveyor --gdm-ckpt gdm_cube_s10_gc.pt --gdm-steps 3 --accept-tau 0.794 --horizon 2 --receding-horizon 2 --num-samples 600 --n-steps 30 --source pretrained --encoder-id quentinll/lewm-cube --h5 "$CUBE_H5" --device cuda --goal-offset 195 --eval-budget 390 --num-eval 128 --seed 48 --cem-seed 48 --episodes-file episodes/cube_c2222.episodes195.json
15	cube	gd_router_tauown	195	49	logs/rbW_cube_gd_router_tauown_t195_seed49.log	python -m surveyor.envs.cube.eval --solver gd --subgoal router+surveyor --gdm-ckpt gdm_cube_s10_gc.pt --gdm-steps 3 --accept-tau 0.794 --horizon 2 --receding-horizon 2 --num-samples 600 --n-steps 30 --source pretrained --encoder-id quentinll/lewm-cube --h5 "$CUBE_H5" --device cuda --goal-offset 195 --eval-budget 390 --num-eval 128 --seed 49 --cem-seed 49 --episodes-file episodes/cube_c2222.episodes195.json
16	cube	icem_router_tauown	175	42	logs/rbW_cube_icem_router_tauown_t175_seed42.log	python -m surveyor.envs.cube.eval --solver icem --subgoal router+surveyor --gdm-ckpt gdm_cube_s10_gc.pt --gdm-steps 3 --accept-tau 0.794 --horizon 2 --receding-horizon 2 --num-samples 600 --n-steps 30 --source pretrained --encoder-id quentinll/lewm-cube --h5 "$CUBE_H5" --device cuda --goal-offset 175 --eval-budget 350 --num-eval 128 --seed 42 --cem-seed 42 --episodes-file episodes/cube_c2222.episodes175.json
17	cube	icem_router_tauown	175	43	logs/rbW_cube_icem_router_tauown_t175_seed43.log	python -m surveyor.envs.cube.eval --solver icem --subgoal router+surveyor --gdm-ckpt gdm_cube_s10_gc.pt --gdm-steps 3 --accept-tau 0.794 --horizon 2 --receding-horizon 2 --num-samples 600 --n-steps 30 --source pretrained --encoder-id quentinll/lewm-cube --h5 "$CUBE_H5" --device cuda --goal-offset 175 --eval-budget 350 --num-eval 128 --seed 43 --cem-seed 43 --episodes-file episodes/cube_c2222.episodes175.json
18	cube	icem_router_tauown	175	44	logs/rbW_cube_icem_router_tauown_t175_seed44.log	python -m surveyor.envs.cube.eval --solver icem --subgoal router+surveyor --gdm-ckpt gdm_cube_s10_gc.pt --gdm-steps 3 --accept-tau 0.794 --horizon 2 --receding-horizon 2 --num-samples 600 --n-steps 30 --source pretrained --encoder-id quentinll/lewm-cube --h5 "$CUBE_H5" --device cuda --goal-offset 175 --eval-budget 350 --num-eval 128 --seed 44 --cem-seed 44 --episodes-file episodes/cube_c2222.episodes175.json
19	cube	icem_router_tauown	175	45	logs/rbW_cube_icem_router_tauown_t175_seed45.log	python -m surveyor.envs.cube.eval --solver icem --subgoal router+surveyor --gdm-ckpt gdm_cube_s10_gc.pt --gdm-steps 3 --accept-tau 0.794 --horizon 2 --receding-horizon 2 --num-samples 600 --n-steps 30 --source pretrained --encoder-id quentinll/lewm-cube --h5 "$CUBE_H5" --device cuda --goal-offset 175 --eval-budget 350 --num-eval 128 --seed 45 --cem-seed 45 --episodes-file episodes/cube_c2222.episodes175.json
20	cube	icem_router_tauown	175	46	logs/rbW_cube_icem_router_tauown_t175_seed46.log	python -m surveyor.envs.cube.eval --solver icem --subgoal router+surveyor --gdm-ckpt gdm_cube_s10_gc.pt --gdm-steps 3 --accept-tau 0.794 --horizon 2 --receding-horizon 2 --num-samples 600 --n-steps 30 --source pretrained --encoder-id quentinll/lewm-cube --h5 "$CUBE_H5" --device cuda --goal-offset 175 --eval-budget 350 --num-eval 128 --seed 46 --cem-seed 46 --episodes-file episodes/cube_c2222.episodes175.json
21	cube	icem_router_tauown	175	47	logs/rbW_cube_icem_router_tauown_t175_seed47.log	python -m surveyor.envs.cube.eval --solver icem --subgoal router+surveyor --gdm-ckpt gdm_cube_s10_gc.pt --gdm-steps 3 --accept-tau 0.794 --horizon 2 --receding-horizon 2 --num-samples 600 --n-steps 30 --source pretrained --encoder-id quentinll/lewm-cube --h5 "$CUBE_H5" --device cuda --goal-offset 175 --eval-budget 350 --num-eval 128 --seed 47 --cem-seed 47 --episodes-file episodes/cube_c2222.episodes175.json
22	cube	icem_router_tauown	175	48	logs/rbW_cube_icem_router_tauown_t175_seed48.log	python -m surveyor.envs.cube.eval --solver icem --subgoal router+surveyor --gdm-ckpt gdm_cube_s10_gc.pt --gdm-steps 3 --accept-tau 0.794 --horizon 2 --receding-horizon 2 --num-samples 600 --n-steps 30 --source pretrained --encoder-id quentinll/lewm-cube --h5 "$CUBE_H5" --device cuda --goal-offset 175 --eval-budget 350 --num-eval 128 --seed 48 --cem-seed 48 --episodes-file episodes/cube_c2222.episodes175.json
23	cube	icem_router_tauown	175	49	logs/rbW_cube_icem_router_tauown_t175_seed49.log	python -m surveyor.envs.cube.eval --solver icem --subgoal router+surveyor --gdm-ckpt gdm_cube_s10_gc.pt --gdm-steps 3 --accept-tau 0.794 --horizon 2 --receding-horizon 2 --num-samples 600 --n-steps 30 --source pretrained --encoder-id quentinll/lewm-cube --h5 "$CUBE_H5" --device cuda --goal-offset 175 --eval-budget 350 --num-eval 128 --seed 49 --cem-seed 49 --episodes-file episodes/cube_c2222.episodes175.json
24	cube	icem_router_tauown	195	42	logs/rbW_cube_icem_router_tauown_t195_seed42.log	python -m surveyor.envs.cube.eval --solver icem --subgoal router+surveyor --gdm-ckpt gdm_cube_s10_gc.pt --gdm-steps 3 --accept-tau 0.794 --horizon 2 --receding-horizon 2 --num-samples 600 --n-steps 30 --source pretrained --encoder-id quentinll/lewm-cube --h5 "$CUBE_H5" --device cuda --goal-offset 195 --eval-budget 390 --num-eval 128 --seed 42 --cem-seed 42 --episodes-file episodes/cube_c2222.episodes195.json
25	cube	icem_router_tauown	195	43	logs/rbW_cube_icem_router_tauown_t195_seed43.log	python -m surveyor.envs.cube.eval --solver icem --subgoal router+surveyor --gdm-ckpt gdm_cube_s10_gc.pt --gdm-steps 3 --accept-tau 0.794 --horizon 2 --receding-horizon 2 --num-samples 600 --n-steps 30 --source pretrained --encoder-id quentinll/lewm-cube --h5 "$CUBE_H5" --device cuda --goal-offset 195 --eval-budget 390 --num-eval 128 --seed 43 --cem-seed 43 --episodes-file episodes/cube_c2222.episodes195.json
26	cube	icem_router_tauown	195	44	logs/rbW_cube_icem_router_tauown_t195_seed44.log	python -m surveyor.envs.cube.eval --solver icem --subgoal router+surveyor --gdm-ckpt gdm_cube_s10_gc.pt --gdm-steps 3 --accept-tau 0.794 --horizon 2 --receding-horizon 2 --num-samples 600 --n-steps 30 --source pretrained --encoder-id quentinll/lewm-cube --h5 "$CUBE_H5" --device cuda --goal-offset 195 --eval-budget 390 --num-eval 128 --seed 44 --cem-seed 44 --episodes-file episodes/cube_c2222.episodes195.json
27	cube	icem_router_tauown	195	45	logs/rbW_cube_icem_router_tauown_t195_seed45.log	python -m surveyor.envs.cube.eval --solver icem --subgoal router+surveyor --gdm-ckpt gdm_cube_s10_gc.pt --gdm-steps 3 --accept-tau 0.794 --horizon 2 --receding-horizon 2 --num-samples 600 --n-steps 30 --source pretrained --encoder-id quentinll/lewm-cube --h5 "$CUBE_H5" --device cuda --goal-offset 195 --eval-budget 390 --num-eval 128 --seed 45 --cem-seed 45 --episodes-file episodes/cube_c2222.episodes195.json
28	cube	icem_router_tauown	195	46	logs/rbW_cube_icem_router_tauown_t195_seed46.log	python -m surveyor.envs.cube.eval --solver icem --subgoal router+surveyor --gdm-ckpt gdm_cube_s10_gc.pt --gdm-steps 3 --accept-tau 0.794 --horizon 2 --receding-horizon 2 --num-samples 600 --n-steps 30 --source pretrained --encoder-id quentinll/lewm-cube --h5 "$CUBE_H5" --device cuda --goal-offset 195 --eval-budget 390 --num-eval 128 --seed 46 --cem-seed 46 --episodes-file episodes/cube_c2222.episodes195.json
29	cube	icem_router_tauown	195	47	logs/rbW_cube_icem_router_tauown_t195_seed47.log	python -m surveyor.envs.cube.eval --solver icem --subgoal router+surveyor --gdm-ckpt gdm_cube_s10_gc.pt --gdm-steps 3 --accept-tau 0.794 --horizon 2 --receding-horizon 2 --num-samples 600 --n-steps 30 --source pretrained --encoder-id quentinll/lewm-cube --h5 "$CUBE_H5" --device cuda --goal-offset 195 --eval-budget 390 --num-eval 128 --seed 47 --cem-seed 47 --episodes-file episodes/cube_c2222.episodes195.json
30	cube	icem_router_tauown	195	48	logs/rbW_cube_icem_router_tauown_t195_seed48.log	python -m surveyor.envs.cube.eval --solver icem --subgoal router+surveyor --gdm-ckpt gdm_cube_s10_gc.pt --gdm-steps 3 --accept-tau 0.794 --horizon 2 --receding-horizon 2 --num-samples 600 --n-steps 30 --source pretrained --encoder-id quentinll/lewm-cube --h5 "$CUBE_H5" --device cuda --goal-offset 195 --eval-budget 390 --num-eval 128 --seed 48 --cem-seed 48 --episodes-file episodes/cube_c2222.episodes195.json
31	cube	icem_router_tauown	195	49	logs/rbW_cube_icem_router_tauown_t195_seed49.log	python -m surveyor.envs.cube.eval --solver icem --subgoal router+surveyor --gdm-ckpt gdm_cube_s10_gc.pt --gdm-steps 3 --accept-tau 0.794 --horizon 2 --receding-horizon 2 --num-samples 600 --n-steps 30 --source pretrained --encoder-id quentinll/lewm-cube --h5 "$CUBE_H5" --device cuda --goal-offset 195 --eval-budget 390 --num-eval 128 --seed 49 --cem-seed 49 --episodes-file episodes/cube_c2222.episodes195.json
32	cube	mppi_router_tauown	175	42	logs/rbW_cube_mppi_router_tauown_t175_seed42.log	python -m surveyor.envs.cube.eval --solver mppi --subgoal router+surveyor --gdm-ckpt gdm_cube_s10_gc.pt --gdm-steps 3 --accept-tau 0.794 --horizon 2 --receding-horizon 2 --num-samples 600 --n-steps 30 --source pretrained --encoder-id quentinll/lewm-cube --h5 "$CUBE_H5" --device cuda --goal-offset 175 --eval-budget 350 --num-eval 128 --seed 42 --cem-seed 42 --episodes-file episodes/cube_c2222.episodes175.json
33	cube	mppi_router_tauown	175	43	logs/rbW_cube_mppi_router_tauown_t175_seed43.log	python -m surveyor.envs.cube.eval --solver mppi --subgoal router+surveyor --gdm-ckpt gdm_cube_s10_gc.pt --gdm-steps 3 --accept-tau 0.794 --horizon 2 --receding-horizon 2 --num-samples 600 --n-steps 30 --source pretrained --encoder-id quentinll/lewm-cube --h5 "$CUBE_H5" --device cuda --goal-offset 175 --eval-budget 350 --num-eval 128 --seed 43 --cem-seed 43 --episodes-file episodes/cube_c2222.episodes175.json
34	cube	mppi_router_tauown	175	44	logs/rbW_cube_mppi_router_tauown_t175_seed44.log	python -m surveyor.envs.cube.eval --solver mppi --subgoal router+surveyor --gdm-ckpt gdm_cube_s10_gc.pt --gdm-steps 3 --accept-tau 0.794 --horizon 2 --receding-horizon 2 --num-samples 600 --n-steps 30 --source pretrained --encoder-id quentinll/lewm-cube --h5 "$CUBE_H5" --device cuda --goal-offset 175 --eval-budget 350 --num-eval 128 --seed 44 --cem-seed 44 --episodes-file episodes/cube_c2222.episodes175.json
35	cube	mppi_router_tauown	175	45	logs/rbW_cube_mppi_router_tauown_t175_seed45.log	python -m surveyor.envs.cube.eval --solver mppi --subgoal router+surveyor --gdm-ckpt gdm_cube_s10_gc.pt --gdm-steps 3 --accept-tau 0.794 --horizon 2 --receding-horizon 2 --num-samples 600 --n-steps 30 --source pretrained --encoder-id quentinll/lewm-cube --h5 "$CUBE_H5" --device cuda --goal-offset 175 --eval-budget 350 --num-eval 128 --seed 45 --cem-seed 45 --episodes-file episodes/cube_c2222.episodes175.json
36	cube	mppi_router_tauown	175	46	logs/rbW_cube_mppi_router_tauown_t175_seed46.log	python -m surveyor.envs.cube.eval --solver mppi --subgoal router+surveyor --gdm-ckpt gdm_cube_s10_gc.pt --gdm-steps 3 --accept-tau 0.794 --horizon 2 --receding-horizon 2 --num-samples 600 --n-steps 30 --source pretrained --encoder-id quentinll/lewm-cube --h5 "$CUBE_H5" --device cuda --goal-offset 175 --eval-budget 350 --num-eval 128 --seed 46 --cem-seed 46 --episodes-file episodes/cube_c2222.episodes175.json
37	cube	mppi_router_tauown	175	47	logs/rbW_cube_mppi_router_tauown_t175_seed47.log	python -m surveyor.envs.cube.eval --solver mppi --subgoal router+surveyor --gdm-ckpt gdm_cube_s10_gc.pt --gdm-steps 3 --accept-tau 0.794 --horizon 2 --receding-horizon 2 --num-samples 600 --n-steps 30 --source pretrained --encoder-id quentinll/lewm-cube --h5 "$CUBE_H5" --device cuda --goal-offset 175 --eval-budget 350 --num-eval 128 --seed 47 --cem-seed 47 --episodes-file episodes/cube_c2222.episodes175.json
38	cube	mppi_router_tauown	175	48	logs/rbW_cube_mppi_router_tauown_t175_seed48.log	python -m surveyor.envs.cube.eval --solver mppi --subgoal router+surveyor --gdm-ckpt gdm_cube_s10_gc.pt --gdm-steps 3 --accept-tau 0.794 --horizon 2 --receding-horizon 2 --num-samples 600 --n-steps 30 --source pretrained --encoder-id quentinll/lewm-cube --h5 "$CUBE_H5" --device cuda --goal-offset 175 --eval-budget 350 --num-eval 128 --seed 48 --cem-seed 48 --episodes-file episodes/cube_c2222.episodes175.json
39	cube	mppi_router_tauown	175	49	logs/rbW_cube_mppi_router_tauown_t175_seed49.log	python -m surveyor.envs.cube.eval --solver mppi --subgoal router+surveyor --gdm-ckpt gdm_cube_s10_gc.pt --gdm-steps 3 --accept-tau 0.794 --horizon 2 --receding-horizon 2 --num-samples 600 --n-steps 30 --source pretrained --encoder-id quentinll/lewm-cube --h5 "$CUBE_H5" --device cuda --goal-offset 175 --eval-budget 350 --num-eval 128 --seed 49 --cem-seed 49 --episodes-file episodes/cube_c2222.episodes175.json
40	cube	mppi_router_tauown	195	42	logs/rbW_cube_mppi_router_tauown_t195_seed42.log	python -m surveyor.envs.cube.eval --solver mppi --subgoal router+surveyor --gdm-ckpt gdm_cube_s10_gc.pt --gdm-steps 3 --accept-tau 0.794 --horizon 2 --receding-horizon 2 --num-samples 600 --n-steps 30 --source pretrained --encoder-id quentinll/lewm-cube --h5 "$CUBE_H5" --device cuda --goal-offset 195 --eval-budget 390 --num-eval 128 --seed 42 --cem-seed 42 --episodes-file episodes/cube_c2222.episodes195.json
41	cube	mppi_router_tauown	195	43	logs/rbW_cube_mppi_router_tauown_t195_seed43.log	python -m surveyor.envs.cube.eval --solver mppi --subgoal router+surveyor --gdm-ckpt gdm_cube_s10_gc.pt --gdm-steps 3 --accept-tau 0.794 --horizon 2 --receding-horizon 2 --num-samples 600 --n-steps 30 --source pretrained --encoder-id quentinll/lewm-cube --h5 "$CUBE_H5" --device cuda --goal-offset 195 --eval-budget 390 --num-eval 128 --seed 43 --cem-seed 43 --episodes-file episodes/cube_c2222.episodes195.json
42	cube	mppi_router_tauown	195	44	logs/rbW_cube_mppi_router_tauown_t195_seed44.log	python -m surveyor.envs.cube.eval --solver mppi --subgoal router+surveyor --gdm-ckpt gdm_cube_s10_gc.pt --gdm-steps 3 --accept-tau 0.794 --horizon 2 --receding-horizon 2 --num-samples 600 --n-steps 30 --source pretrained --encoder-id quentinll/lewm-cube --h5 "$CUBE_H5" --device cuda --goal-offset 195 --eval-budget 390 --num-eval 128 --seed 44 --cem-seed 44 --episodes-file episodes/cube_c2222.episodes195.json
43	cube	mppi_router_tauown	195	45	logs/rbW_cube_mppi_router_tauown_t195_seed45.log	python -m surveyor.envs.cube.eval --solver mppi --subgoal router+surveyor --gdm-ckpt gdm_cube_s10_gc.pt --gdm-steps 3 --accept-tau 0.794 --horizon 2 --receding-horizon 2 --num-samples 600 --n-steps 30 --source pretrained --encoder-id quentinll/lewm-cube --h5 "$CUBE_H5" --device cuda --goal-offset 195 --eval-budget 390 --num-eval 128 --seed 45 --cem-seed 45 --episodes-file episodes/cube_c2222.episodes195.json
44	cube	mppi_router_tauown	195	46	logs/rbW_cube_mppi_router_tauown_t195_seed46.log	python -m surveyor.envs.cube.eval --solver mppi --subgoal router+surveyor --gdm-ckpt gdm_cube_s10_gc.pt --gdm-steps 3 --accept-tau 0.794 --horizon 2 --receding-horizon 2 --num-samples 600 --n-steps 30 --source pretrained --encoder-id quentinll/lewm-cube --h5 "$CUBE_H5" --device cuda --goal-offset 195 --eval-budget 390 --num-eval 128 --seed 46 --cem-seed 46 --episodes-file episodes/cube_c2222.episodes195.json
45	cube	mppi_router_tauown	195	47	logs/rbW_cube_mppi_router_tauown_t195_seed47.log	python -m surveyor.envs.cube.eval --solver mppi --subgoal router+surveyor --gdm-ckpt gdm_cube_s10_gc.pt --gdm-steps 3 --accept-tau 0.794 --horizon 2 --receding-horizon 2 --num-samples 600 --n-steps 30 --source pretrained --encoder-id quentinll/lewm-cube --h5 "$CUBE_H5" --device cuda --goal-offset 195 --eval-budget 390 --num-eval 128 --seed 47 --cem-seed 47 --episodes-file episodes/cube_c2222.episodes195.json
46	cube	mppi_router_tauown	195	48	logs/rbW_cube_mppi_router_tauown_t195_seed48.log	python -m surveyor.envs.cube.eval --solver mppi --subgoal router+surveyor --gdm-ckpt gdm_cube_s10_gc.pt --gdm-steps 3 --accept-tau 0.794 --horizon 2 --receding-horizon 2 --num-samples 600 --n-steps 30 --source pretrained --encoder-id quentinll/lewm-cube --h5 "$CUBE_H5" --device cuda --goal-offset 195 --eval-budget 390 --num-eval 128 --seed 48 --cem-seed 48 --episodes-file episodes/cube_c2222.episodes195.json
47	cube	mppi_router_tauown	195	49	logs/rbW_cube_mppi_router_tauown_t195_seed49.log	python -m surveyor.envs.cube.eval --solver mppi --subgoal router+surveyor --gdm-ckpt gdm_cube_s10_gc.pt --gdm-steps 3 --accept-tau 0.794 --horizon 2 --receding-horizon 2 --num-samples 600 --n-steps 30 --source pretrained --encoder-id quentinll/lewm-cube --h5 "$CUBE_H5" --device cuda --goal-offset 195 --eval-budget 390 --num-eval 128 --seed 49 --cem-seed 49 --episodes-file episodes/cube_c2222.episodes195.json
48	cube	router_tauown	175	42	logs/rbW_cube_router_tauown_t175_seed42.log	python -m surveyor.envs.cube.eval --subgoal router+surveyor --gdm-ckpt gdm_cube_s10_gc.pt --gdm-steps 3 --accept-tau 0.794 --horizon 2 --receding-horizon 2 --num-samples 600 --n-steps 30 --source pretrained --encoder-id quentinll/lewm-cube --h5 "$CUBE_H5" --device cuda --goal-offset 175 --eval-budget 350 --num-eval 128 --seed 42 --cem-seed 42 --episodes-file episodes/cube_c2222.episodes175.json
49	cube	router_tauown	175	43	logs/rbW_cube_router_tauown_t175_seed43.log	python -m surveyor.envs.cube.eval --subgoal router+surveyor --gdm-ckpt gdm_cube_s10_gc.pt --gdm-steps 3 --accept-tau 0.794 --horizon 2 --receding-horizon 2 --num-samples 600 --n-steps 30 --source pretrained --encoder-id quentinll/lewm-cube --h5 "$CUBE_H5" --device cuda --goal-offset 175 --eval-budget 350 --num-eval 128 --seed 43 --cem-seed 43 --episodes-file episodes/cube_c2222.episodes175.json
50	cube	router_tauown	175	44	logs/rbW_cube_router_tauown_t175_seed44.log	python -m surveyor.envs.cube.eval --subgoal router+surveyor --gdm-ckpt gdm_cube_s10_gc.pt --gdm-steps 3 --accept-tau 0.794 --horizon 2 --receding-horizon 2 --num-samples 600 --n-steps 30 --source pretrained --encoder-id quentinll/lewm-cube --h5 "$CUBE_H5" --device cuda --goal-offset 175 --eval-budget 350 --num-eval 128 --seed 44 --cem-seed 44 --episodes-file episodes/cube_c2222.episodes175.json
51	cube	router_tauown	175	45	logs/rbW_cube_router_tauown_t175_seed45.log	python -m surveyor.envs.cube.eval --subgoal router+surveyor --gdm-ckpt gdm_cube_s10_gc.pt --gdm-steps 3 --accept-tau 0.794 --horizon 2 --receding-horizon 2 --num-samples 600 --n-steps 30 --source pretrained --encoder-id quentinll/lewm-cube --h5 "$CUBE_H5" --device cuda --goal-offset 175 --eval-budget 350 --num-eval 128 --seed 45 --cem-seed 45 --episodes-file episodes/cube_c2222.episodes175.json
52	cube	router_tauown	175	46	logs/rbW_cube_router_tauown_t175_seed46.log	python -m surveyor.envs.cube.eval --subgoal router+surveyor --gdm-ckpt gdm_cube_s10_gc.pt --gdm-steps 3 --accept-tau 0.794 --horizon 2 --receding-horizon 2 --num-samples 600 --n-steps 30 --source pretrained --encoder-id quentinll/lewm-cube --h5 "$CUBE_H5" --device cuda --goal-offset 175 --eval-budget 350 --num-eval 128 --seed 46 --cem-seed 46 --episodes-file episodes/cube_c2222.episodes175.json
53	cube	router_tauown	175	47	logs/rbW_cube_router_tauown_t175_seed47.log	python -m surveyor.envs.cube.eval --subgoal router+surveyor --gdm-ckpt gdm_cube_s10_gc.pt --gdm-steps 3 --accept-tau 0.794 --horizon 2 --receding-horizon 2 --num-samples 600 --n-steps 30 --source pretrained --encoder-id quentinll/lewm-cube --h5 "$CUBE_H5" --device cuda --goal-offset 175 --eval-budget 350 --num-eval 128 --seed 47 --cem-seed 47 --episodes-file episodes/cube_c2222.episodes175.json
54	cube	router_tauown	175	48	logs/rbW_cube_router_tauown_t175_seed48.log	python -m surveyor.envs.cube.eval --subgoal router+surveyor --gdm-ckpt gdm_cube_s10_gc.pt --gdm-steps 3 --accept-tau 0.794 --horizon 2 --receding-horizon 2 --num-samples 600 --n-steps 30 --source pretrained --encoder-id quentinll/lewm-cube --h5 "$CUBE_H5" --device cuda --goal-offset 175 --eval-budget 350 --num-eval 128 --seed 48 --cem-seed 48 --episodes-file episodes/cube_c2222.episodes175.json
55	cube	router_tauown	175	49	logs/rbW_cube_router_tauown_t175_seed49.log	python -m surveyor.envs.cube.eval --subgoal router+surveyor --gdm-ckpt gdm_cube_s10_gc.pt --gdm-steps 3 --accept-tau 0.794 --horizon 2 --receding-horizon 2 --num-samples 600 --n-steps 30 --source pretrained --encoder-id quentinll/lewm-cube --h5 "$CUBE_H5" --device cuda --goal-offset 175 --eval-budget 350 --num-eval 128 --seed 49 --cem-seed 49 --episodes-file episodes/cube_c2222.episodes175.json
56	cube	router_tauown	195	42	logs/rbW_cube_router_tauown_t195_seed42.log	python -m surveyor.envs.cube.eval --subgoal router+surveyor --gdm-ckpt gdm_cube_s10_gc.pt --gdm-steps 3 --accept-tau 0.794 --horizon 2 --receding-horizon 2 --num-samples 600 --n-steps 30 --source pretrained --encoder-id quentinll/lewm-cube --h5 "$CUBE_H5" --device cuda --goal-offset 195 --eval-budget 390 --num-eval 128 --seed 42 --cem-seed 42 --episodes-file episodes/cube_c2222.episodes195.json
57	cube	router_tauown	195	43	logs/rbW_cube_router_tauown_t195_seed43.log	python -m surveyor.envs.cube.eval --subgoal router+surveyor --gdm-ckpt gdm_cube_s10_gc.pt --gdm-steps 3 --accept-tau 0.794 --horizon 2 --receding-horizon 2 --num-samples 600 --n-steps 30 --source pretrained --encoder-id quentinll/lewm-cube --h5 "$CUBE_H5" --device cuda --goal-offset 195 --eval-budget 390 --num-eval 128 --seed 43 --cem-seed 43 --episodes-file episodes/cube_c2222.episodes195.json
58	cube	router_tauown	195	44	logs/rbW_cube_router_tauown_t195_seed44.log	python -m surveyor.envs.cube.eval --subgoal router+surveyor --gdm-ckpt gdm_cube_s10_gc.pt --gdm-steps 3 --accept-tau 0.794 --horizon 2 --receding-horizon 2 --num-samples 600 --n-steps 30 --source pretrained --encoder-id quentinll/lewm-cube --h5 "$CUBE_H5" --device cuda --goal-offset 195 --eval-budget 390 --num-eval 128 --seed 44 --cem-seed 44 --episodes-file episodes/cube_c2222.episodes195.json
59	cube	router_tauown	195	45	logs/rbW_cube_router_tauown_t195_seed45.log	python -m surveyor.envs.cube.eval --subgoal router+surveyor --gdm-ckpt gdm_cube_s10_gc.pt --gdm-steps 3 --accept-tau 0.794 --horizon 2 --receding-horizon 2 --num-samples 600 --n-steps 30 --source pretrained --encoder-id quentinll/lewm-cube --h5 "$CUBE_H5" --device cuda --goal-offset 195 --eval-budget 390 --num-eval 128 --seed 45 --cem-seed 45 --episodes-file episodes/cube_c2222.episodes195.json
60	cube	router_tauown	195	46	logs/rbW_cube_router_tauown_t195_seed46.log	python -m surveyor.envs.cube.eval --subgoal router+surveyor --gdm-ckpt gdm_cube_s10_gc.pt --gdm-steps 3 --accept-tau 0.794 --horizon 2 --receding-horizon 2 --num-samples 600 --n-steps 30 --source pretrained --encoder-id quentinll/lewm-cube --h5 "$CUBE_H5" --device cuda --goal-offset 195 --eval-budget 390 --num-eval 128 --seed 46 --cem-seed 46 --episodes-file episodes/cube_c2222.episodes195.json
61	cube	router_tauown	195	47	logs/rbW_cube_router_tauown_t195_seed47.log	python -m surveyor.envs.cube.eval --subgoal router+surveyor --gdm-ckpt gdm_cube_s10_gc.pt --gdm-steps 3 --accept-tau 0.794 --horizon 2 --receding-horizon 2 --num-samples 600 --n-steps 30 --source pretrained --encoder-id quentinll/lewm-cube --h5 "$CUBE_H5" --device cuda --goal-offset 195 --eval-budget 390 --num-eval 128 --seed 47 --cem-seed 47 --episodes-file episodes/cube_c2222.episodes195.json
62	cube	router_tauown	195	48	logs/rbW_cube_router_tauown_t195_seed48.log	python -m surveyor.envs.cube.eval --subgoal router+surveyor --gdm-ckpt gdm_cube_s10_gc.pt --gdm-steps 3 --accept-tau 0.794 --horizon 2 --receding-horizon 2 --num-samples 600 --n-steps 30 --source pretrained --encoder-id quentinll/lewm-cube --h5 "$CUBE_H5" --device cuda --goal-offset 195 --eval-budget 390 --num-eval 128 --seed 48 --cem-seed 48 --episodes-file episodes/cube_c2222.episodes195.json
63	cube	router_tauown	195	49	logs/rbW_cube_router_tauown_t195_seed49.log	python -m surveyor.envs.cube.eval --subgoal router+surveyor --gdm-ckpt gdm_cube_s10_gc.pt --gdm-steps 3 --accept-tau 0.794 --horizon 2 --receding-horizon 2 --num-samples 600 --n-steps 30 --source pretrained --encoder-id quentinll/lewm-cube --h5 "$CUBE_H5" --device cuda --goal-offset 195 --eval-budget 390 --num-eval 128 --seed 49 --cem-seed 49 --episodes-file episodes/cube_c2222.episodes195.json
64	reacher	gd_router_tauown	175	42	logs/rbW_reacher_gd_router_tauown_t175_seed42.log	python -m surveyor.envs.reacher.eval --solver gd --subgoal router+surveyor --gdm-ckpt gdm_reacher_s10.pt --gdm-steps 8 --accept-tau 0.106 --horizon 2 --receding-horizon 2 --source local --local-dir encoder_reacher --h5 "$REACHER_H5" --device cuda --num-eval 128 --seed 42 --cem-seed 42 --episodes-file episodes/reacher_c2222.ep175.s2222.json --goal-offset 175 --eval-budget 350
65	reacher	gd_router_tauown	175	43	logs/rbW_reacher_gd_router_tauown_t175_seed43.log	python -m surveyor.envs.reacher.eval --solver gd --subgoal router+surveyor --gdm-ckpt gdm_reacher_s10.pt --gdm-steps 8 --accept-tau 0.106 --horizon 2 --receding-horizon 2 --source local --local-dir encoder_reacher --h5 "$REACHER_H5" --device cuda --num-eval 128 --seed 43 --cem-seed 43 --episodes-file episodes/reacher_c2222.ep175.s2222.json --goal-offset 175 --eval-budget 350
66	reacher	gd_router_tauown	175	44	logs/rbW_reacher_gd_router_tauown_t175_seed44.log	python -m surveyor.envs.reacher.eval --solver gd --subgoal router+surveyor --gdm-ckpt gdm_reacher_s10.pt --gdm-steps 8 --accept-tau 0.106 --horizon 2 --receding-horizon 2 --source local --local-dir encoder_reacher --h5 "$REACHER_H5" --device cuda --num-eval 128 --seed 44 --cem-seed 44 --episodes-file episodes/reacher_c2222.ep175.s2222.json --goal-offset 175 --eval-budget 350
67	reacher	gd_router_tauown	175	45	logs/rbW_reacher_gd_router_tauown_t175_seed45.log	python -m surveyor.envs.reacher.eval --solver gd --subgoal router+surveyor --gdm-ckpt gdm_reacher_s10.pt --gdm-steps 8 --accept-tau 0.106 --horizon 2 --receding-horizon 2 --source local --local-dir encoder_reacher --h5 "$REACHER_H5" --device cuda --num-eval 128 --seed 45 --cem-seed 45 --episodes-file episodes/reacher_c2222.ep175.s2222.json --goal-offset 175 --eval-budget 350
68	reacher	gd_router_tauown	175	46	logs/rbW_reacher_gd_router_tauown_t175_seed46.log	python -m surveyor.envs.reacher.eval --solver gd --subgoal router+surveyor --gdm-ckpt gdm_reacher_s10.pt --gdm-steps 8 --accept-tau 0.106 --horizon 2 --receding-horizon 2 --source local --local-dir encoder_reacher --h5 "$REACHER_H5" --device cuda --num-eval 128 --seed 46 --cem-seed 46 --episodes-file episodes/reacher_c2222.ep175.s2222.json --goal-offset 175 --eval-budget 350
69	reacher	gd_router_tauown	175	47	logs/rbW_reacher_gd_router_tauown_t175_seed47.log	python -m surveyor.envs.reacher.eval --solver gd --subgoal router+surveyor --gdm-ckpt gdm_reacher_s10.pt --gdm-steps 8 --accept-tau 0.106 --horizon 2 --receding-horizon 2 --source local --local-dir encoder_reacher --h5 "$REACHER_H5" --device cuda --num-eval 128 --seed 47 --cem-seed 47 --episodes-file episodes/reacher_c2222.ep175.s2222.json --goal-offset 175 --eval-budget 350
70	reacher	gd_router_tauown	175	48	logs/rbW_reacher_gd_router_tauown_t175_seed48.log	python -m surveyor.envs.reacher.eval --solver gd --subgoal router+surveyor --gdm-ckpt gdm_reacher_s10.pt --gdm-steps 8 --accept-tau 0.106 --horizon 2 --receding-horizon 2 --source local --local-dir encoder_reacher --h5 "$REACHER_H5" --device cuda --num-eval 128 --seed 48 --cem-seed 48 --episodes-file episodes/reacher_c2222.ep175.s2222.json --goal-offset 175 --eval-budget 350
71	reacher	gd_router_tauown	175	49	logs/rbW_reacher_gd_router_tauown_t175_seed49.log	python -m surveyor.envs.reacher.eval --solver gd --subgoal router+surveyor --gdm-ckpt gdm_reacher_s10.pt --gdm-steps 8 --accept-tau 0.106 --horizon 2 --receding-horizon 2 --source local --local-dir encoder_reacher --h5 "$REACHER_H5" --device cuda --num-eval 128 --seed 49 --cem-seed 49 --episodes-file episodes/reacher_c2222.ep175.s2222.json --goal-offset 175 --eval-budget 350
72	reacher	gd_router_tauown	195	42	logs/rbW_reacher_gd_router_tauown_t195_seed42.log	python -m surveyor.envs.reacher.eval --solver gd --subgoal router+surveyor --gdm-ckpt gdm_reacher_s10.pt --gdm-steps 8 --accept-tau 0.106 --horizon 2 --receding-horizon 2 --source local --local-dir encoder_reacher --h5 "$REACHER_H5" --device cuda --num-eval 128 --seed 42 --cem-seed 42 --episodes-file episodes/reacher_c2222.ep195.s2222.json --goal-offset 195 --eval-budget 390
73	reacher	gd_router_tauown	195	43	logs/rbW_reacher_gd_router_tauown_t195_seed43.log	python -m surveyor.envs.reacher.eval --solver gd --subgoal router+surveyor --gdm-ckpt gdm_reacher_s10.pt --gdm-steps 8 --accept-tau 0.106 --horizon 2 --receding-horizon 2 --source local --local-dir encoder_reacher --h5 "$REACHER_H5" --device cuda --num-eval 128 --seed 43 --cem-seed 43 --episodes-file episodes/reacher_c2222.ep195.s2222.json --goal-offset 195 --eval-budget 390
74	reacher	gd_router_tauown	195	44	logs/rbW_reacher_gd_router_tauown_t195_seed44.log	python -m surveyor.envs.reacher.eval --solver gd --subgoal router+surveyor --gdm-ckpt gdm_reacher_s10.pt --gdm-steps 8 --accept-tau 0.106 --horizon 2 --receding-horizon 2 --source local --local-dir encoder_reacher --h5 "$REACHER_H5" --device cuda --num-eval 128 --seed 44 --cem-seed 44 --episodes-file episodes/reacher_c2222.ep195.s2222.json --goal-offset 195 --eval-budget 390
75	reacher	gd_router_tauown	195	45	logs/rbW_reacher_gd_router_tauown_t195_seed45.log	python -m surveyor.envs.reacher.eval --solver gd --subgoal router+surveyor --gdm-ckpt gdm_reacher_s10.pt --gdm-steps 8 --accept-tau 0.106 --horizon 2 --receding-horizon 2 --source local --local-dir encoder_reacher --h5 "$REACHER_H5" --device cuda --num-eval 128 --seed 45 --cem-seed 45 --episodes-file episodes/reacher_c2222.ep195.s2222.json --goal-offset 195 --eval-budget 390
76	reacher	gd_router_tauown	195	46	logs/rbW_reacher_gd_router_tauown_t195_seed46.log	python -m surveyor.envs.reacher.eval --solver gd --subgoal router+surveyor --gdm-ckpt gdm_reacher_s10.pt --gdm-steps 8 --accept-tau 0.106 --horizon 2 --receding-horizon 2 --source local --local-dir encoder_reacher --h5 "$REACHER_H5" --device cuda --num-eval 128 --seed 46 --cem-seed 46 --episodes-file episodes/reacher_c2222.ep195.s2222.json --goal-offset 195 --eval-budget 390
77	reacher	gd_router_tauown	195	47	logs/rbW_reacher_gd_router_tauown_t195_seed47.log	python -m surveyor.envs.reacher.eval --solver gd --subgoal router+surveyor --gdm-ckpt gdm_reacher_s10.pt --gdm-steps 8 --accept-tau 0.106 --horizon 2 --receding-horizon 2 --source local --local-dir encoder_reacher --h5 "$REACHER_H5" --device cuda --num-eval 128 --seed 47 --cem-seed 47 --episodes-file episodes/reacher_c2222.ep195.s2222.json --goal-offset 195 --eval-budget 390
78	reacher	gd_router_tauown	195	48	logs/rbW_reacher_gd_router_tauown_t195_seed48.log	python -m surveyor.envs.reacher.eval --solver gd --subgoal router+surveyor --gdm-ckpt gdm_reacher_s10.pt --gdm-steps 8 --accept-tau 0.106 --horizon 2 --receding-horizon 2 --source local --local-dir encoder_reacher --h5 "$REACHER_H5" --device cuda --num-eval 128 --seed 48 --cem-seed 48 --episodes-file episodes/reacher_c2222.ep195.s2222.json --goal-offset 195 --eval-budget 390
79	reacher	gd_router_tauown	195	49	logs/rbW_reacher_gd_router_tauown_t195_seed49.log	python -m surveyor.envs.reacher.eval --solver gd --subgoal router+surveyor --gdm-ckpt gdm_reacher_s10.pt --gdm-steps 8 --accept-tau 0.106 --horizon 2 --receding-horizon 2 --source local --local-dir encoder_reacher --h5 "$REACHER_H5" --device cuda --num-eval 128 --seed 49 --cem-seed 49 --episodes-file episodes/reacher_c2222.ep195.s2222.json --goal-offset 195 --eval-budget 390
80	reacher	icem_router_tauown	175	42	logs/rbW_reacher_icem_router_tauown_t175_seed42.log	python -m surveyor.envs.reacher.eval --solver icem --subgoal router+surveyor --gdm-ckpt gdm_reacher_s10.pt --gdm-steps 8 --accept-tau 0.106 --horizon 2 --receding-horizon 2 --source local --local-dir encoder_reacher --h5 "$REACHER_H5" --device cuda --num-eval 128 --seed 42 --cem-seed 42 --episodes-file episodes/reacher_c2222.ep175.s2222.json --goal-offset 175 --eval-budget 350
81	reacher	icem_router_tauown	175	43	logs/rbW_reacher_icem_router_tauown_t175_seed43.log	python -m surveyor.envs.reacher.eval --solver icem --subgoal router+surveyor --gdm-ckpt gdm_reacher_s10.pt --gdm-steps 8 --accept-tau 0.106 --horizon 2 --receding-horizon 2 --source local --local-dir encoder_reacher --h5 "$REACHER_H5" --device cuda --num-eval 128 --seed 43 --cem-seed 43 --episodes-file episodes/reacher_c2222.ep175.s2222.json --goal-offset 175 --eval-budget 350
82	reacher	icem_router_tauown	175	44	logs/rbW_reacher_icem_router_tauown_t175_seed44.log	python -m surveyor.envs.reacher.eval --solver icem --subgoal router+surveyor --gdm-ckpt gdm_reacher_s10.pt --gdm-steps 8 --accept-tau 0.106 --horizon 2 --receding-horizon 2 --source local --local-dir encoder_reacher --h5 "$REACHER_H5" --device cuda --num-eval 128 --seed 44 --cem-seed 44 --episodes-file episodes/reacher_c2222.ep175.s2222.json --goal-offset 175 --eval-budget 350
83	reacher	icem_router_tauown	175	45	logs/rbW_reacher_icem_router_tauown_t175_seed45.log	python -m surveyor.envs.reacher.eval --solver icem --subgoal router+surveyor --gdm-ckpt gdm_reacher_s10.pt --gdm-steps 8 --accept-tau 0.106 --horizon 2 --receding-horizon 2 --source local --local-dir encoder_reacher --h5 "$REACHER_H5" --device cuda --num-eval 128 --seed 45 --cem-seed 45 --episodes-file episodes/reacher_c2222.ep175.s2222.json --goal-offset 175 --eval-budget 350
84	reacher	icem_router_tauown	175	46	logs/rbW_reacher_icem_router_tauown_t175_seed46.log	python -m surveyor.envs.reacher.eval --solver icem --subgoal router+surveyor --gdm-ckpt gdm_reacher_s10.pt --gdm-steps 8 --accept-tau 0.106 --horizon 2 --receding-horizon 2 --source local --local-dir encoder_reacher --h5 "$REACHER_H5" --device cuda --num-eval 128 --seed 46 --cem-seed 46 --episodes-file episodes/reacher_c2222.ep175.s2222.json --goal-offset 175 --eval-budget 350
85	reacher	icem_router_tauown	175	47	logs/rbW_reacher_icem_router_tauown_t175_seed47.log	python -m surveyor.envs.reacher.eval --solver icem --subgoal router+surveyor --gdm-ckpt gdm_reacher_s10.pt --gdm-steps 8 --accept-tau 0.106 --horizon 2 --receding-horizon 2 --source local --local-dir encoder_reacher --h5 "$REACHER_H5" --device cuda --num-eval 128 --seed 47 --cem-seed 47 --episodes-file episodes/reacher_c2222.ep175.s2222.json --goal-offset 175 --eval-budget 350
86	reacher	icem_router_tauown	175	48	logs/rbW_reacher_icem_router_tauown_t175_seed48.log	python -m surveyor.envs.reacher.eval --solver icem --subgoal router+surveyor --gdm-ckpt gdm_reacher_s10.pt --gdm-steps 8 --accept-tau 0.106 --horizon 2 --receding-horizon 2 --source local --local-dir encoder_reacher --h5 "$REACHER_H5" --device cuda --num-eval 128 --seed 48 --cem-seed 48 --episodes-file episodes/reacher_c2222.ep175.s2222.json --goal-offset 175 --eval-budget 350
87	reacher	icem_router_tauown	175	49	logs/rbW_reacher_icem_router_tauown_t175_seed49.log	python -m surveyor.envs.reacher.eval --solver icem --subgoal router+surveyor --gdm-ckpt gdm_reacher_s10.pt --gdm-steps 8 --accept-tau 0.106 --horizon 2 --receding-horizon 2 --source local --local-dir encoder_reacher --h5 "$REACHER_H5" --device cuda --num-eval 128 --seed 49 --cem-seed 49 --episodes-file episodes/reacher_c2222.ep175.s2222.json --goal-offset 175 --eval-budget 350
88	reacher	icem_router_tauown	195	42	logs/rbW_reacher_icem_router_tauown_t195_seed42.log	python -m surveyor.envs.reacher.eval --solver icem --subgoal router+surveyor --gdm-ckpt gdm_reacher_s10.pt --gdm-steps 8 --accept-tau 0.106 --horizon 2 --receding-horizon 2 --source local --local-dir encoder_reacher --h5 "$REACHER_H5" --device cuda --num-eval 128 --seed 42 --cem-seed 42 --episodes-file episodes/reacher_c2222.ep195.s2222.json --goal-offset 195 --eval-budget 390
89	reacher	icem_router_tauown	195	43	logs/rbW_reacher_icem_router_tauown_t195_seed43.log	python -m surveyor.envs.reacher.eval --solver icem --subgoal router+surveyor --gdm-ckpt gdm_reacher_s10.pt --gdm-steps 8 --accept-tau 0.106 --horizon 2 --receding-horizon 2 --source local --local-dir encoder_reacher --h5 "$REACHER_H5" --device cuda --num-eval 128 --seed 43 --cem-seed 43 --episodes-file episodes/reacher_c2222.ep195.s2222.json --goal-offset 195 --eval-budget 390
90	reacher	icem_router_tauown	195	44	logs/rbW_reacher_icem_router_tauown_t195_seed44.log	python -m surveyor.envs.reacher.eval --solver icem --subgoal router+surveyor --gdm-ckpt gdm_reacher_s10.pt --gdm-steps 8 --accept-tau 0.106 --horizon 2 --receding-horizon 2 --source local --local-dir encoder_reacher --h5 "$REACHER_H5" --device cuda --num-eval 128 --seed 44 --cem-seed 44 --episodes-file episodes/reacher_c2222.ep195.s2222.json --goal-offset 195 --eval-budget 390
91	reacher	icem_router_tauown	195	45	logs/rbW_reacher_icem_router_tauown_t195_seed45.log	python -m surveyor.envs.reacher.eval --solver icem --subgoal router+surveyor --gdm-ckpt gdm_reacher_s10.pt --gdm-steps 8 --accept-tau 0.106 --horizon 2 --receding-horizon 2 --source local --local-dir encoder_reacher --h5 "$REACHER_H5" --device cuda --num-eval 128 --seed 45 --cem-seed 45 --episodes-file episodes/reacher_c2222.ep195.s2222.json --goal-offset 195 --eval-budget 390
92	reacher	icem_router_tauown	195	46	logs/rbW_reacher_icem_router_tauown_t195_seed46.log	python -m surveyor.envs.reacher.eval --solver icem --subgoal router+surveyor --gdm-ckpt gdm_reacher_s10.pt --gdm-steps 8 --accept-tau 0.106 --horizon 2 --receding-horizon 2 --source local --local-dir encoder_reacher --h5 "$REACHER_H5" --device cuda --num-eval 128 --seed 46 --cem-seed 46 --episodes-file episodes/reacher_c2222.ep195.s2222.json --goal-offset 195 --eval-budget 390
93	reacher	icem_router_tauown	195	47	logs/rbW_reacher_icem_router_tauown_t195_seed47.log	python -m surveyor.envs.reacher.eval --solver icem --subgoal router+surveyor --gdm-ckpt gdm_reacher_s10.pt --gdm-steps 8 --accept-tau 0.106 --horizon 2 --receding-horizon 2 --source local --local-dir encoder_reacher --h5 "$REACHER_H5" --device cuda --num-eval 128 --seed 47 --cem-seed 47 --episodes-file episodes/reacher_c2222.ep195.s2222.json --goal-offset 195 --eval-budget 390
94	reacher	icem_router_tauown	195	48	logs/rbW_reacher_icem_router_tauown_t195_seed48.log	python -m surveyor.envs.reacher.eval --solver icem --subgoal router+surveyor --gdm-ckpt gdm_reacher_s10.pt --gdm-steps 8 --accept-tau 0.106 --horizon 2 --receding-horizon 2 --source local --local-dir encoder_reacher --h5 "$REACHER_H5" --device cuda --num-eval 128 --seed 48 --cem-seed 48 --episodes-file episodes/reacher_c2222.ep195.s2222.json --goal-offset 195 --eval-budget 390
95	reacher	icem_router_tauown	195	49	logs/rbW_reacher_icem_router_tauown_t195_seed49.log	python -m surveyor.envs.reacher.eval --solver icem --subgoal router+surveyor --gdm-ckpt gdm_reacher_s10.pt --gdm-steps 8 --accept-tau 0.106 --horizon 2 --receding-horizon 2 --source local --local-dir encoder_reacher --h5 "$REACHER_H5" --device cuda --num-eval 128 --seed 49 --cem-seed 49 --episodes-file episodes/reacher_c2222.ep195.s2222.json --goal-offset 195 --eval-budget 390
96	reacher	mppi_router_tauown	175	42	logs/rbW_reacher_mppi_router_tauown_t175_seed42.log	python -m surveyor.envs.reacher.eval --solver mppi --subgoal router+surveyor --gdm-ckpt gdm_reacher_s10.pt --gdm-steps 8 --accept-tau 0.106 --horizon 2 --receding-horizon 2 --source local --local-dir encoder_reacher --h5 "$REACHER_H5" --device cuda --num-eval 128 --seed 42 --cem-seed 42 --episodes-file episodes/reacher_c2222.ep175.s2222.json --goal-offset 175 --eval-budget 350
97	reacher	mppi_router_tauown	175	43	logs/rbW_reacher_mppi_router_tauown_t175_seed43.log	python -m surveyor.envs.reacher.eval --solver mppi --subgoal router+surveyor --gdm-ckpt gdm_reacher_s10.pt --gdm-steps 8 --accept-tau 0.106 --horizon 2 --receding-horizon 2 --source local --local-dir encoder_reacher --h5 "$REACHER_H5" --device cuda --num-eval 128 --seed 43 --cem-seed 43 --episodes-file episodes/reacher_c2222.ep175.s2222.json --goal-offset 175 --eval-budget 350
98	reacher	mppi_router_tauown	175	44	logs/rbW_reacher_mppi_router_tauown_t175_seed44.log	python -m surveyor.envs.reacher.eval --solver mppi --subgoal router+surveyor --gdm-ckpt gdm_reacher_s10.pt --gdm-steps 8 --accept-tau 0.106 --horizon 2 --receding-horizon 2 --source local --local-dir encoder_reacher --h5 "$REACHER_H5" --device cuda --num-eval 128 --seed 44 --cem-seed 44 --episodes-file episodes/reacher_c2222.ep175.s2222.json --goal-offset 175 --eval-budget 350
99	reacher	mppi_router_tauown	175	45	logs/rbW_reacher_mppi_router_tauown_t175_seed45.log	python -m surveyor.envs.reacher.eval --solver mppi --subgoal router+surveyor --gdm-ckpt gdm_reacher_s10.pt --gdm-steps 8 --accept-tau 0.106 --horizon 2 --receding-horizon 2 --source local --local-dir encoder_reacher --h5 "$REACHER_H5" --device cuda --num-eval 128 --seed 45 --cem-seed 45 --episodes-file episodes/reacher_c2222.ep175.s2222.json --goal-offset 175 --eval-budget 350
100	reacher	mppi_router_tauown	175	46	logs/rbW_reacher_mppi_router_tauown_t175_seed46.log	python -m surveyor.envs.reacher.eval --solver mppi --subgoal router+surveyor --gdm-ckpt gdm_reacher_s10.pt --gdm-steps 8 --accept-tau 0.106 --horizon 2 --receding-horizon 2 --source local --local-dir encoder_reacher --h5 "$REACHER_H5" --device cuda --num-eval 128 --seed 46 --cem-seed 46 --episodes-file episodes/reacher_c2222.ep175.s2222.json --goal-offset 175 --eval-budget 350
101	reacher	mppi_router_tauown	175	47	logs/rbW_reacher_mppi_router_tauown_t175_seed47.log	python -m surveyor.envs.reacher.eval --solver mppi --subgoal router+surveyor --gdm-ckpt gdm_reacher_s10.pt --gdm-steps 8 --accept-tau 0.106 --horizon 2 --receding-horizon 2 --source local --local-dir encoder_reacher --h5 "$REACHER_H5" --device cuda --num-eval 128 --seed 47 --cem-seed 47 --episodes-file episodes/reacher_c2222.ep175.s2222.json --goal-offset 175 --eval-budget 350
102	reacher	mppi_router_tauown	175	48	logs/rbW_reacher_mppi_router_tauown_t175_seed48.log	python -m surveyor.envs.reacher.eval --solver mppi --subgoal router+surveyor --gdm-ckpt gdm_reacher_s10.pt --gdm-steps 8 --accept-tau 0.106 --horizon 2 --receding-horizon 2 --source local --local-dir encoder_reacher --h5 "$REACHER_H5" --device cuda --num-eval 128 --seed 48 --cem-seed 48 --episodes-file episodes/reacher_c2222.ep175.s2222.json --goal-offset 175 --eval-budget 350
103	reacher	mppi_router_tauown	175	49	logs/rbW_reacher_mppi_router_tauown_t175_seed49.log	python -m surveyor.envs.reacher.eval --solver mppi --subgoal router+surveyor --gdm-ckpt gdm_reacher_s10.pt --gdm-steps 8 --accept-tau 0.106 --horizon 2 --receding-horizon 2 --source local --local-dir encoder_reacher --h5 "$REACHER_H5" --device cuda --num-eval 128 --seed 49 --cem-seed 49 --episodes-file episodes/reacher_c2222.ep175.s2222.json --goal-offset 175 --eval-budget 350
104	reacher	mppi_router_tauown	195	42	logs/rbW_reacher_mppi_router_tauown_t195_seed42.log	python -m surveyor.envs.reacher.eval --solver mppi --subgoal router+surveyor --gdm-ckpt gdm_reacher_s10.pt --gdm-steps 8 --accept-tau 0.106 --horizon 2 --receding-horizon 2 --source local --local-dir encoder_reacher --h5 "$REACHER_H5" --device cuda --num-eval 128 --seed 42 --cem-seed 42 --episodes-file episodes/reacher_c2222.ep195.s2222.json --goal-offset 195 --eval-budget 390
105	reacher	mppi_router_tauown	195	43	logs/rbW_reacher_mppi_router_tauown_t195_seed43.log	python -m surveyor.envs.reacher.eval --solver mppi --subgoal router+surveyor --gdm-ckpt gdm_reacher_s10.pt --gdm-steps 8 --accept-tau 0.106 --horizon 2 --receding-horizon 2 --source local --local-dir encoder_reacher --h5 "$REACHER_H5" --device cuda --num-eval 128 --seed 43 --cem-seed 43 --episodes-file episodes/reacher_c2222.ep195.s2222.json --goal-offset 195 --eval-budget 390
106	reacher	mppi_router_tauown	195	44	logs/rbW_reacher_mppi_router_tauown_t195_seed44.log	python -m surveyor.envs.reacher.eval --solver mppi --subgoal router+surveyor --gdm-ckpt gdm_reacher_s10.pt --gdm-steps 8 --accept-tau 0.106 --horizon 2 --receding-horizon 2 --source local --local-dir encoder_reacher --h5 "$REACHER_H5" --device cuda --num-eval 128 --seed 44 --cem-seed 44 --episodes-file episodes/reacher_c2222.ep195.s2222.json --goal-offset 195 --eval-budget 390
107	reacher	mppi_router_tauown	195	45	logs/rbW_reacher_mppi_router_tauown_t195_seed45.log	python -m surveyor.envs.reacher.eval --solver mppi --subgoal router+surveyor --gdm-ckpt gdm_reacher_s10.pt --gdm-steps 8 --accept-tau 0.106 --horizon 2 --receding-horizon 2 --source local --local-dir encoder_reacher --h5 "$REACHER_H5" --device cuda --num-eval 128 --seed 45 --cem-seed 45 --episodes-file episodes/reacher_c2222.ep195.s2222.json --goal-offset 195 --eval-budget 390
108	reacher	mppi_router_tauown	195	46	logs/rbW_reacher_mppi_router_tauown_t195_seed46.log	python -m surveyor.envs.reacher.eval --solver mppi --subgoal router+surveyor --gdm-ckpt gdm_reacher_s10.pt --gdm-steps 8 --accept-tau 0.106 --horizon 2 --receding-horizon 2 --source local --local-dir encoder_reacher --h5 "$REACHER_H5" --device cuda --num-eval 128 --seed 46 --cem-seed 46 --episodes-file episodes/reacher_c2222.ep195.s2222.json --goal-offset 195 --eval-budget 390
109	reacher	mppi_router_tauown	195	47	logs/rbW_reacher_mppi_router_tauown_t195_seed47.log	python -m surveyor.envs.reacher.eval --solver mppi --subgoal router+surveyor --gdm-ckpt gdm_reacher_s10.pt --gdm-steps 8 --accept-tau 0.106 --horizon 2 --receding-horizon 2 --source local --local-dir encoder_reacher --h5 "$REACHER_H5" --device cuda --num-eval 128 --seed 47 --cem-seed 47 --episodes-file episodes/reacher_c2222.ep195.s2222.json --goal-offset 195 --eval-budget 390
110	reacher	mppi_router_tauown	195	48	logs/rbW_reacher_mppi_router_tauown_t195_seed48.log	python -m surveyor.envs.reacher.eval --solver mppi --subgoal router+surveyor --gdm-ckpt gdm_reacher_s10.pt --gdm-steps 8 --accept-tau 0.106 --horizon 2 --receding-horizon 2 --source local --local-dir encoder_reacher --h5 "$REACHER_H5" --device cuda --num-eval 128 --seed 48 --cem-seed 48 --episodes-file episodes/reacher_c2222.ep195.s2222.json --goal-offset 195 --eval-budget 390
111	reacher	mppi_router_tauown	195	49	logs/rbW_reacher_mppi_router_tauown_t195_seed49.log	python -m surveyor.envs.reacher.eval --solver mppi --subgoal router+surveyor --gdm-ckpt gdm_reacher_s10.pt --gdm-steps 8 --accept-tau 0.106 --horizon 2 --receding-horizon 2 --source local --local-dir encoder_reacher --h5 "$REACHER_H5" --device cuda --num-eval 128 --seed 49 --cem-seed 49 --episodes-file episodes/reacher_c2222.ep195.s2222.json --goal-offset 195 --eval-budget 390
112	reacher	router_tauown	175	42	logs/rbW_reacher_router_tauown_t175_seed42.log	python -m surveyor.envs.reacher.eval --subgoal router+surveyor --gdm-ckpt gdm_reacher_s10.pt --gdm-steps 8 --accept-tau 0.106 --horizon 2 --receding-horizon 2 --source local --local-dir encoder_reacher --h5 "$REACHER_H5" --device cuda --num-eval 128 --seed 42 --cem-seed 42 --episodes-file episodes/reacher_c2222.ep175.s2222.json --goal-offset 175 --eval-budget 350
113	reacher	router_tauown	175	43	logs/rbW_reacher_router_tauown_t175_seed43.log	python -m surveyor.envs.reacher.eval --subgoal router+surveyor --gdm-ckpt gdm_reacher_s10.pt --gdm-steps 8 --accept-tau 0.106 --horizon 2 --receding-horizon 2 --source local --local-dir encoder_reacher --h5 "$REACHER_H5" --device cuda --num-eval 128 --seed 43 --cem-seed 43 --episodes-file episodes/reacher_c2222.ep175.s2222.json --goal-offset 175 --eval-budget 350
114	reacher	router_tauown	175	44	logs/rbW_reacher_router_tauown_t175_seed44.log	python -m surveyor.envs.reacher.eval --subgoal router+surveyor --gdm-ckpt gdm_reacher_s10.pt --gdm-steps 8 --accept-tau 0.106 --horizon 2 --receding-horizon 2 --source local --local-dir encoder_reacher --h5 "$REACHER_H5" --device cuda --num-eval 128 --seed 44 --cem-seed 44 --episodes-file episodes/reacher_c2222.ep175.s2222.json --goal-offset 175 --eval-budget 350
115	reacher	router_tauown	175	45	logs/rbW_reacher_router_tauown_t175_seed45.log	python -m surveyor.envs.reacher.eval --subgoal router+surveyor --gdm-ckpt gdm_reacher_s10.pt --gdm-steps 8 --accept-tau 0.106 --horizon 2 --receding-horizon 2 --source local --local-dir encoder_reacher --h5 "$REACHER_H5" --device cuda --num-eval 128 --seed 45 --cem-seed 45 --episodes-file episodes/reacher_c2222.ep175.s2222.json --goal-offset 175 --eval-budget 350
116	reacher	router_tauown	175	46	logs/rbW_reacher_router_tauown_t175_seed46.log	python -m surveyor.envs.reacher.eval --subgoal router+surveyor --gdm-ckpt gdm_reacher_s10.pt --gdm-steps 8 --accept-tau 0.106 --horizon 2 --receding-horizon 2 --source local --local-dir encoder_reacher --h5 "$REACHER_H5" --device cuda --num-eval 128 --seed 46 --cem-seed 46 --episodes-file episodes/reacher_c2222.ep175.s2222.json --goal-offset 175 --eval-budget 350
117	reacher	router_tauown	175	47	logs/rbW_reacher_router_tauown_t175_seed47.log	python -m surveyor.envs.reacher.eval --subgoal router+surveyor --gdm-ckpt gdm_reacher_s10.pt --gdm-steps 8 --accept-tau 0.106 --horizon 2 --receding-horizon 2 --source local --local-dir encoder_reacher --h5 "$REACHER_H5" --device cuda --num-eval 128 --seed 47 --cem-seed 47 --episodes-file episodes/reacher_c2222.ep175.s2222.json --goal-offset 175 --eval-budget 350
118	reacher	router_tauown	175	48	logs/rbW_reacher_router_tauown_t175_seed48.log	python -m surveyor.envs.reacher.eval --subgoal router+surveyor --gdm-ckpt gdm_reacher_s10.pt --gdm-steps 8 --accept-tau 0.106 --horizon 2 --receding-horizon 2 --source local --local-dir encoder_reacher --h5 "$REACHER_H5" --device cuda --num-eval 128 --seed 48 --cem-seed 48 --episodes-file episodes/reacher_c2222.ep175.s2222.json --goal-offset 175 --eval-budget 350
119	reacher	router_tauown	175	49	logs/rbW_reacher_router_tauown_t175_seed49.log	python -m surveyor.envs.reacher.eval --subgoal router+surveyor --gdm-ckpt gdm_reacher_s10.pt --gdm-steps 8 --accept-tau 0.106 --horizon 2 --receding-horizon 2 --source local --local-dir encoder_reacher --h5 "$REACHER_H5" --device cuda --num-eval 128 --seed 49 --cem-seed 49 --episodes-file episodes/reacher_c2222.ep175.s2222.json --goal-offset 175 --eval-budget 350
120	reacher	router_tauown	195	42	logs/rbW_reacher_router_tauown_t195_seed42.log	python -m surveyor.envs.reacher.eval --subgoal router+surveyor --gdm-ckpt gdm_reacher_s10.pt --gdm-steps 8 --accept-tau 0.106 --horizon 2 --receding-horizon 2 --source local --local-dir encoder_reacher --h5 "$REACHER_H5" --device cuda --num-eval 128 --seed 42 --cem-seed 42 --episodes-file episodes/reacher_c2222.ep195.s2222.json --goal-offset 195 --eval-budget 390
121	reacher	router_tauown	195	43	logs/rbW_reacher_router_tauown_t195_seed43.log	python -m surveyor.envs.reacher.eval --subgoal router+surveyor --gdm-ckpt gdm_reacher_s10.pt --gdm-steps 8 --accept-tau 0.106 --horizon 2 --receding-horizon 2 --source local --local-dir encoder_reacher --h5 "$REACHER_H5" --device cuda --num-eval 128 --seed 43 --cem-seed 43 --episodes-file episodes/reacher_c2222.ep195.s2222.json --goal-offset 195 --eval-budget 390
122	reacher	router_tauown	195	44	logs/rbW_reacher_router_tauown_t195_seed44.log	python -m surveyor.envs.reacher.eval --subgoal router+surveyor --gdm-ckpt gdm_reacher_s10.pt --gdm-steps 8 --accept-tau 0.106 --horizon 2 --receding-horizon 2 --source local --local-dir encoder_reacher --h5 "$REACHER_H5" --device cuda --num-eval 128 --seed 44 --cem-seed 44 --episodes-file episodes/reacher_c2222.ep195.s2222.json --goal-offset 195 --eval-budget 390
123	reacher	router_tauown	195	45	logs/rbW_reacher_router_tauown_t195_seed45.log	python -m surveyor.envs.reacher.eval --subgoal router+surveyor --gdm-ckpt gdm_reacher_s10.pt --gdm-steps 8 --accept-tau 0.106 --horizon 2 --receding-horizon 2 --source local --local-dir encoder_reacher --h5 "$REACHER_H5" --device cuda --num-eval 128 --seed 45 --cem-seed 45 --episodes-file episodes/reacher_c2222.ep195.s2222.json --goal-offset 195 --eval-budget 390
124	reacher	router_tauown	195	46	logs/rbW_reacher_router_tauown_t195_seed46.log	python -m surveyor.envs.reacher.eval --subgoal router+surveyor --gdm-ckpt gdm_reacher_s10.pt --gdm-steps 8 --accept-tau 0.106 --horizon 2 --receding-horizon 2 --source local --local-dir encoder_reacher --h5 "$REACHER_H5" --device cuda --num-eval 128 --seed 46 --cem-seed 46 --episodes-file episodes/reacher_c2222.ep195.s2222.json --goal-offset 195 --eval-budget 390
125	reacher	router_tauown	195	47	logs/rbW_reacher_router_tauown_t195_seed47.log	python -m surveyor.envs.reacher.eval --subgoal router+surveyor --gdm-ckpt gdm_reacher_s10.pt --gdm-steps 8 --accept-tau 0.106 --horizon 2 --receding-horizon 2 --source local --local-dir encoder_reacher --h5 "$REACHER_H5" --device cuda --num-eval 128 --seed 47 --cem-seed 47 --episodes-file episodes/reacher_c2222.ep195.s2222.json --goal-offset 195 --eval-budget 390
126	reacher	router_tauown	195	48	logs/rbW_reacher_router_tauown_t195_seed48.log	python -m surveyor.envs.reacher.eval --subgoal router+surveyor --gdm-ckpt gdm_reacher_s10.pt --gdm-steps 8 --accept-tau 0.106 --horizon 2 --receding-horizon 2 --source local --local-dir encoder_reacher --h5 "$REACHER_H5" --device cuda --num-eval 128 --seed 48 --cem-seed 48 --episodes-file episodes/reacher_c2222.ep195.s2222.json --goal-offset 195 --eval-budget 390
127	reacher	router_tauown	195	49	logs/rbW_reacher_router_tauown_t195_seed49.log	python -m surveyor.envs.reacher.eval --subgoal router+surveyor --gdm-ckpt gdm_reacher_s10.pt --gdm-steps 8 --accept-tau 0.106 --horizon 2 --receding-horizon 2 --source local --local-dir encoder_reacher --h5 "$REACHER_H5" --device cuda --num-eval 128 --seed 49 --cem-seed 49 --episodes-file episodes/reacher_c2222.ep195.s2222.json --goal-offset 195 --eval-budget 390
128	cube	flat_rh2	175	42	logs/rbW_cube_flat_rh2_t175_seed42.log	python -m surveyor.envs.cube.eval --subgoal flat --horizon 2 --receding-horizon 2 --num-samples 600 --n-steps 30 --source pretrained --encoder-id quentinll/lewm-cube --h5 "$CUBE_H5" --device cuda --goal-offset 175 --eval-budget 350 --num-eval 128 --seed 42 --cem-seed 42 --episodes-file episodes/cube_c2222.episodes175.json
129	cube	flat_rh2	175	43	logs/rbW_cube_flat_rh2_t175_seed43.log	python -m surveyor.envs.cube.eval --subgoal flat --horizon 2 --receding-horizon 2 --num-samples 600 --n-steps 30 --source pretrained --encoder-id quentinll/lewm-cube --h5 "$CUBE_H5" --device cuda --goal-offset 175 --eval-budget 350 --num-eval 128 --seed 43 --cem-seed 43 --episodes-file episodes/cube_c2222.episodes175.json
130	cube	flat_rh2	175	44	logs/rbW_cube_flat_rh2_t175_seed44.log	python -m surveyor.envs.cube.eval --subgoal flat --horizon 2 --receding-horizon 2 --num-samples 600 --n-steps 30 --source pretrained --encoder-id quentinll/lewm-cube --h5 "$CUBE_H5" --device cuda --goal-offset 175 --eval-budget 350 --num-eval 128 --seed 44 --cem-seed 44 --episodes-file episodes/cube_c2222.episodes175.json
131	cube	flat_rh2	175	45	logs/rbW_cube_flat_rh2_t175_seed45.log	python -m surveyor.envs.cube.eval --subgoal flat --horizon 2 --receding-horizon 2 --num-samples 600 --n-steps 30 --source pretrained --encoder-id quentinll/lewm-cube --h5 "$CUBE_H5" --device cuda --goal-offset 175 --eval-budget 350 --num-eval 128 --seed 45 --cem-seed 45 --episodes-file episodes/cube_c2222.episodes175.json
132	cube	flat_rh2	175	46	logs/rbW_cube_flat_rh2_t175_seed46.log	python -m surveyor.envs.cube.eval --subgoal flat --horizon 2 --receding-horizon 2 --num-samples 600 --n-steps 30 --source pretrained --encoder-id quentinll/lewm-cube --h5 "$CUBE_H5" --device cuda --goal-offset 175 --eval-budget 350 --num-eval 128 --seed 46 --cem-seed 46 --episodes-file episodes/cube_c2222.episodes175.json
133	cube	flat_rh2	175	47	logs/rbW_cube_flat_rh2_t175_seed47.log	python -m surveyor.envs.cube.eval --subgoal flat --horizon 2 --receding-horizon 2 --num-samples 600 --n-steps 30 --source pretrained --encoder-id quentinll/lewm-cube --h5 "$CUBE_H5" --device cuda --goal-offset 175 --eval-budget 350 --num-eval 128 --seed 47 --cem-seed 47 --episodes-file episodes/cube_c2222.episodes175.json
134	cube	flat_rh2	175	48	logs/rbW_cube_flat_rh2_t175_seed48.log	python -m surveyor.envs.cube.eval --subgoal flat --horizon 2 --receding-horizon 2 --num-samples 600 --n-steps 30 --source pretrained --encoder-id quentinll/lewm-cube --h5 "$CUBE_H5" --device cuda --goal-offset 175 --eval-budget 350 --num-eval 128 --seed 48 --cem-seed 48 --episodes-file episodes/cube_c2222.episodes175.json
135	cube	flat_rh2	175	49	logs/rbW_cube_flat_rh2_t175_seed49.log	python -m surveyor.envs.cube.eval --subgoal flat --horizon 2 --receding-horizon 2 --num-samples 600 --n-steps 30 --source pretrained --encoder-id quentinll/lewm-cube --h5 "$CUBE_H5" --device cuda --goal-offset 175 --eval-budget 350 --num-eval 128 --seed 49 --cem-seed 49 --episodes-file episodes/cube_c2222.episodes175.json
136	cube	flat_rh2	195	42	logs/rbW_cube_flat_rh2_t195_seed42.log	python -m surveyor.envs.cube.eval --subgoal flat --horizon 2 --receding-horizon 2 --num-samples 600 --n-steps 30 --source pretrained --encoder-id quentinll/lewm-cube --h5 "$CUBE_H5" --device cuda --goal-offset 195 --eval-budget 390 --num-eval 128 --seed 42 --cem-seed 42 --episodes-file episodes/cube_c2222.episodes195.json
137	cube	flat_rh2	195	43	logs/rbW_cube_flat_rh2_t195_seed43.log	python -m surveyor.envs.cube.eval --subgoal flat --horizon 2 --receding-horizon 2 --num-samples 600 --n-steps 30 --source pretrained --encoder-id quentinll/lewm-cube --h5 "$CUBE_H5" --device cuda --goal-offset 195 --eval-budget 390 --num-eval 128 --seed 43 --cem-seed 43 --episodes-file episodes/cube_c2222.episodes195.json
138	cube	flat_rh2	195	44	logs/rbW_cube_flat_rh2_t195_seed44.log	python -m surveyor.envs.cube.eval --subgoal flat --horizon 2 --receding-horizon 2 --num-samples 600 --n-steps 30 --source pretrained --encoder-id quentinll/lewm-cube --h5 "$CUBE_H5" --device cuda --goal-offset 195 --eval-budget 390 --num-eval 128 --seed 44 --cem-seed 44 --episodes-file episodes/cube_c2222.episodes195.json
139	cube	flat_rh2	195	45	logs/rbW_cube_flat_rh2_t195_seed45.log	python -m surveyor.envs.cube.eval --subgoal flat --horizon 2 --receding-horizon 2 --num-samples 600 --n-steps 30 --source pretrained --encoder-id quentinll/lewm-cube --h5 "$CUBE_H5" --device cuda --goal-offset 195 --eval-budget 390 --num-eval 128 --seed 45 --cem-seed 45 --episodes-file episodes/cube_c2222.episodes195.json
140	cube	flat_rh2	195	46	logs/rbW_cube_flat_rh2_t195_seed46.log	python -m surveyor.envs.cube.eval --subgoal flat --horizon 2 --receding-horizon 2 --num-samples 600 --n-steps 30 --source pretrained --encoder-id quentinll/lewm-cube --h5 "$CUBE_H5" --device cuda --goal-offset 195 --eval-budget 390 --num-eval 128 --seed 46 --cem-seed 46 --episodes-file episodes/cube_c2222.episodes195.json
141	cube	flat_rh2	195	47	logs/rbW_cube_flat_rh2_t195_seed47.log	python -m surveyor.envs.cube.eval --subgoal flat --horizon 2 --receding-horizon 2 --num-samples 600 --n-steps 30 --source pretrained --encoder-id quentinll/lewm-cube --h5 "$CUBE_H5" --device cuda --goal-offset 195 --eval-budget 390 --num-eval 128 --seed 47 --cem-seed 47 --episodes-file episodes/cube_c2222.episodes195.json
142	cube	flat_rh2	195	48	logs/rbW_cube_flat_rh2_t195_seed48.log	python -m surveyor.envs.cube.eval --subgoal flat --horizon 2 --receding-horizon 2 --num-samples 600 --n-steps 30 --source pretrained --encoder-id quentinll/lewm-cube --h5 "$CUBE_H5" --device cuda --goal-offset 195 --eval-budget 390 --num-eval 128 --seed 48 --cem-seed 48 --episodes-file episodes/cube_c2222.episodes195.json
143	cube	flat_rh2	195	49	logs/rbW_cube_flat_rh2_t195_seed49.log	python -m surveyor.envs.cube.eval --subgoal flat --horizon 2 --receding-horizon 2 --num-samples 600 --n-steps 30 --source pretrained --encoder-id quentinll/lewm-cube --h5 "$CUBE_H5" --device cuda --goal-offset 195 --eval-budget 390 --num-eval 128 --seed 49 --cem-seed 49 --episodes-file episodes/cube_c2222.episodes195.json
144	cube	flat_rh5	175	42	logs/rbW_cube_flat_rh5_t175_seed42.log	python -m surveyor.envs.cube.eval --subgoal flat --horizon 5 --receding-horizon 5 --num-samples 600 --n-steps 30 --source pretrained --encoder-id quentinll/lewm-cube --h5 "$CUBE_H5" --device cuda --goal-offset 175 --eval-budget 350 --num-eval 128 --seed 42 --cem-seed 42 --episodes-file episodes/cube_c2222.episodes175.json
145	cube	flat_rh5	175	43	logs/rbW_cube_flat_rh5_t175_seed43.log	python -m surveyor.envs.cube.eval --subgoal flat --horizon 5 --receding-horizon 5 --num-samples 600 --n-steps 30 --source pretrained --encoder-id quentinll/lewm-cube --h5 "$CUBE_H5" --device cuda --goal-offset 175 --eval-budget 350 --num-eval 128 --seed 43 --cem-seed 43 --episodes-file episodes/cube_c2222.episodes175.json
146	cube	flat_rh5	175	44	logs/rbW_cube_flat_rh5_t175_seed44.log	python -m surveyor.envs.cube.eval --subgoal flat --horizon 5 --receding-horizon 5 --num-samples 600 --n-steps 30 --source pretrained --encoder-id quentinll/lewm-cube --h5 "$CUBE_H5" --device cuda --goal-offset 175 --eval-budget 350 --num-eval 128 --seed 44 --cem-seed 44 --episodes-file episodes/cube_c2222.episodes175.json
147	cube	flat_rh5	175	45	logs/rbW_cube_flat_rh5_t175_seed45.log	python -m surveyor.envs.cube.eval --subgoal flat --horizon 5 --receding-horizon 5 --num-samples 600 --n-steps 30 --source pretrained --encoder-id quentinll/lewm-cube --h5 "$CUBE_H5" --device cuda --goal-offset 175 --eval-budget 350 --num-eval 128 --seed 45 --cem-seed 45 --episodes-file episodes/cube_c2222.episodes175.json
148	cube	flat_rh5	175	46	logs/rbW_cube_flat_rh5_t175_seed46.log	python -m surveyor.envs.cube.eval --subgoal flat --horizon 5 --receding-horizon 5 --num-samples 600 --n-steps 30 --source pretrained --encoder-id quentinll/lewm-cube --h5 "$CUBE_H5" --device cuda --goal-offset 175 --eval-budget 350 --num-eval 128 --seed 46 --cem-seed 46 --episodes-file episodes/cube_c2222.episodes175.json
149	cube	flat_rh5	175	47	logs/rbW_cube_flat_rh5_t175_seed47.log	python -m surveyor.envs.cube.eval --subgoal flat --horizon 5 --receding-horizon 5 --num-samples 600 --n-steps 30 --source pretrained --encoder-id quentinll/lewm-cube --h5 "$CUBE_H5" --device cuda --goal-offset 175 --eval-budget 350 --num-eval 128 --seed 47 --cem-seed 47 --episodes-file episodes/cube_c2222.episodes175.json
150	cube	flat_rh5	175	48	logs/rbW_cube_flat_rh5_t175_seed48.log	python -m surveyor.envs.cube.eval --subgoal flat --horizon 5 --receding-horizon 5 --num-samples 600 --n-steps 30 --source pretrained --encoder-id quentinll/lewm-cube --h5 "$CUBE_H5" --device cuda --goal-offset 175 --eval-budget 350 --num-eval 128 --seed 48 --cem-seed 48 --episodes-file episodes/cube_c2222.episodes175.json
151	cube	flat_rh5	175	49	logs/rbW_cube_flat_rh5_t175_seed49.log	python -m surveyor.envs.cube.eval --subgoal flat --horizon 5 --receding-horizon 5 --num-samples 600 --n-steps 30 --source pretrained --encoder-id quentinll/lewm-cube --h5 "$CUBE_H5" --device cuda --goal-offset 175 --eval-budget 350 --num-eval 128 --seed 49 --cem-seed 49 --episodes-file episodes/cube_c2222.episodes175.json
152	cube	flat_rh5	195	42	logs/rbW_cube_flat_rh5_t195_seed42.log	python -m surveyor.envs.cube.eval --subgoal flat --horizon 5 --receding-horizon 5 --num-samples 600 --n-steps 30 --source pretrained --encoder-id quentinll/lewm-cube --h5 "$CUBE_H5" --device cuda --goal-offset 195 --eval-budget 390 --num-eval 128 --seed 42 --cem-seed 42 --episodes-file episodes/cube_c2222.episodes195.json
153	cube	flat_rh5	195	43	logs/rbW_cube_flat_rh5_t195_seed43.log	python -m surveyor.envs.cube.eval --subgoal flat --horizon 5 --receding-horizon 5 --num-samples 600 --n-steps 30 --source pretrained --encoder-id quentinll/lewm-cube --h5 "$CUBE_H5" --device cuda --goal-offset 195 --eval-budget 390 --num-eval 128 --seed 43 --cem-seed 43 --episodes-file episodes/cube_c2222.episodes195.json
154	cube	flat_rh5	195	44	logs/rbW_cube_flat_rh5_t195_seed44.log	python -m surveyor.envs.cube.eval --subgoal flat --horizon 5 --receding-horizon 5 --num-samples 600 --n-steps 30 --source pretrained --encoder-id quentinll/lewm-cube --h5 "$CUBE_H5" --device cuda --goal-offset 195 --eval-budget 390 --num-eval 128 --seed 44 --cem-seed 44 --episodes-file episodes/cube_c2222.episodes195.json
155	cube	flat_rh5	195	45	logs/rbW_cube_flat_rh5_t195_seed45.log	python -m surveyor.envs.cube.eval --subgoal flat --horizon 5 --receding-horizon 5 --num-samples 600 --n-steps 30 --source pretrained --encoder-id quentinll/lewm-cube --h5 "$CUBE_H5" --device cuda --goal-offset 195 --eval-budget 390 --num-eval 128 --seed 45 --cem-seed 45 --episodes-file episodes/cube_c2222.episodes195.json
156	cube	flat_rh5	195	46	logs/rbW_cube_flat_rh5_t195_seed46.log	python -m surveyor.envs.cube.eval --subgoal flat --horizon 5 --receding-horizon 5 --num-samples 600 --n-steps 30 --source pretrained --encoder-id quentinll/lewm-cube --h5 "$CUBE_H5" --device cuda --goal-offset 195 --eval-budget 390 --num-eval 128 --seed 46 --cem-seed 46 --episodes-file episodes/cube_c2222.episodes195.json
157	cube	flat_rh5	195	47	logs/rbW_cube_flat_rh5_t195_seed47.log	python -m surveyor.envs.cube.eval --subgoal flat --horizon 5 --receding-horizon 5 --num-samples 600 --n-steps 30 --source pretrained --encoder-id quentinll/lewm-cube --h5 "$CUBE_H5" --device cuda --goal-offset 195 --eval-budget 390 --num-eval 128 --seed 47 --cem-seed 47 --episodes-file episodes/cube_c2222.episodes195.json
158	cube	flat_rh5	195	48	logs/rbW_cube_flat_rh5_t195_seed48.log	python -m surveyor.envs.cube.eval --subgoal flat --horizon 5 --receding-horizon 5 --num-samples 600 --n-steps 30 --source pretrained --encoder-id quentinll/lewm-cube --h5 "$CUBE_H5" --device cuda --goal-offset 195 --eval-budget 390 --num-eval 128 --seed 48 --cem-seed 48 --episodes-file episodes/cube_c2222.episodes195.json
159	cube	flat_rh5	195	49	logs/rbW_cube_flat_rh5_t195_seed49.log	python -m surveyor.envs.cube.eval --subgoal flat --horizon 5 --receding-horizon 5 --num-samples 600 --n-steps 30 --source pretrained --encoder-id quentinll/lewm-cube --h5 "$CUBE_H5" --device cuda --goal-offset 195 --eval-budget 390 --num-eval 128 --seed 49 --cem-seed 49 --episodes-file episodes/cube_c2222.episodes195.json
160	cube	gd_flat_rh2	175	42	logs/rbW_cube_gd_flat_rh2_t175_seed42.log	python -m surveyor.envs.cube.eval --solver gd --subgoal flat --horizon 2 --receding-horizon 2 --num-samples 600 --n-steps 30 --source pretrained --encoder-id quentinll/lewm-cube --h5 "$CUBE_H5" --device cuda --goal-offset 175 --eval-budget 350 --num-eval 128 --seed 42 --cem-seed 42 --episodes-file episodes/cube_c2222.episodes175.json
161	cube	gd_flat_rh2	175	43	logs/rbW_cube_gd_flat_rh2_t175_seed43.log	python -m surveyor.envs.cube.eval --solver gd --subgoal flat --horizon 2 --receding-horizon 2 --num-samples 600 --n-steps 30 --source pretrained --encoder-id quentinll/lewm-cube --h5 "$CUBE_H5" --device cuda --goal-offset 175 --eval-budget 350 --num-eval 128 --seed 43 --cem-seed 43 --episodes-file episodes/cube_c2222.episodes175.json
162	cube	gd_flat_rh2	175	44	logs/rbW_cube_gd_flat_rh2_t175_seed44.log	python -m surveyor.envs.cube.eval --solver gd --subgoal flat --horizon 2 --receding-horizon 2 --num-samples 600 --n-steps 30 --source pretrained --encoder-id quentinll/lewm-cube --h5 "$CUBE_H5" --device cuda --goal-offset 175 --eval-budget 350 --num-eval 128 --seed 44 --cem-seed 44 --episodes-file episodes/cube_c2222.episodes175.json
163	cube	gd_flat_rh2	175	45	logs/rbW_cube_gd_flat_rh2_t175_seed45.log	python -m surveyor.envs.cube.eval --solver gd --subgoal flat --horizon 2 --receding-horizon 2 --num-samples 600 --n-steps 30 --source pretrained --encoder-id quentinll/lewm-cube --h5 "$CUBE_H5" --device cuda --goal-offset 175 --eval-budget 350 --num-eval 128 --seed 45 --cem-seed 45 --episodes-file episodes/cube_c2222.episodes175.json
164	cube	gd_flat_rh2	175	46	logs/rbW_cube_gd_flat_rh2_t175_seed46.log	python -m surveyor.envs.cube.eval --solver gd --subgoal flat --horizon 2 --receding-horizon 2 --num-samples 600 --n-steps 30 --source pretrained --encoder-id quentinll/lewm-cube --h5 "$CUBE_H5" --device cuda --goal-offset 175 --eval-budget 350 --num-eval 128 --seed 46 --cem-seed 46 --episodes-file episodes/cube_c2222.episodes175.json
165	cube	gd_flat_rh2	175	47	logs/rbW_cube_gd_flat_rh2_t175_seed47.log	python -m surveyor.envs.cube.eval --solver gd --subgoal flat --horizon 2 --receding-horizon 2 --num-samples 600 --n-steps 30 --source pretrained --encoder-id quentinll/lewm-cube --h5 "$CUBE_H5" --device cuda --goal-offset 175 --eval-budget 350 --num-eval 128 --seed 47 --cem-seed 47 --episodes-file episodes/cube_c2222.episodes175.json
166	cube	gd_flat_rh2	175	48	logs/rbW_cube_gd_flat_rh2_t175_seed48.log	python -m surveyor.envs.cube.eval --solver gd --subgoal flat --horizon 2 --receding-horizon 2 --num-samples 600 --n-steps 30 --source pretrained --encoder-id quentinll/lewm-cube --h5 "$CUBE_H5" --device cuda --goal-offset 175 --eval-budget 350 --num-eval 128 --seed 48 --cem-seed 48 --episodes-file episodes/cube_c2222.episodes175.json
167	cube	gd_flat_rh2	175	49	logs/rbW_cube_gd_flat_rh2_t175_seed49.log	python -m surveyor.envs.cube.eval --solver gd --subgoal flat --horizon 2 --receding-horizon 2 --num-samples 600 --n-steps 30 --source pretrained --encoder-id quentinll/lewm-cube --h5 "$CUBE_H5" --device cuda --goal-offset 175 --eval-budget 350 --num-eval 128 --seed 49 --cem-seed 49 --episodes-file episodes/cube_c2222.episodes175.json
168	cube	gd_flat_rh2	195	42	logs/rbW_cube_gd_flat_rh2_t195_seed42.log	python -m surveyor.envs.cube.eval --solver gd --subgoal flat --horizon 2 --receding-horizon 2 --num-samples 600 --n-steps 30 --source pretrained --encoder-id quentinll/lewm-cube --h5 "$CUBE_H5" --device cuda --goal-offset 195 --eval-budget 390 --num-eval 128 --seed 42 --cem-seed 42 --episodes-file episodes/cube_c2222.episodes195.json
169	cube	gd_flat_rh2	195	43	logs/rbW_cube_gd_flat_rh2_t195_seed43.log	python -m surveyor.envs.cube.eval --solver gd --subgoal flat --horizon 2 --receding-horizon 2 --num-samples 600 --n-steps 30 --source pretrained --encoder-id quentinll/lewm-cube --h5 "$CUBE_H5" --device cuda --goal-offset 195 --eval-budget 390 --num-eval 128 --seed 43 --cem-seed 43 --episodes-file episodes/cube_c2222.episodes195.json
170	cube	gd_flat_rh2	195	44	logs/rbW_cube_gd_flat_rh2_t195_seed44.log	python -m surveyor.envs.cube.eval --solver gd --subgoal flat --horizon 2 --receding-horizon 2 --num-samples 600 --n-steps 30 --source pretrained --encoder-id quentinll/lewm-cube --h5 "$CUBE_H5" --device cuda --goal-offset 195 --eval-budget 390 --num-eval 128 --seed 44 --cem-seed 44 --episodes-file episodes/cube_c2222.episodes195.json
171	cube	gd_flat_rh2	195	45	logs/rbW_cube_gd_flat_rh2_t195_seed45.log	python -m surveyor.envs.cube.eval --solver gd --subgoal flat --horizon 2 --receding-horizon 2 --num-samples 600 --n-steps 30 --source pretrained --encoder-id quentinll/lewm-cube --h5 "$CUBE_H5" --device cuda --goal-offset 195 --eval-budget 390 --num-eval 128 --seed 45 --cem-seed 45 --episodes-file episodes/cube_c2222.episodes195.json
172	cube	gd_flat_rh2	195	46	logs/rbW_cube_gd_flat_rh2_t195_seed46.log	python -m surveyor.envs.cube.eval --solver gd --subgoal flat --horizon 2 --receding-horizon 2 --num-samples 600 --n-steps 30 --source pretrained --encoder-id quentinll/lewm-cube --h5 "$CUBE_H5" --device cuda --goal-offset 195 --eval-budget 390 --num-eval 128 --seed 46 --cem-seed 46 --episodes-file episodes/cube_c2222.episodes195.json
173	cube	gd_flat_rh2	195	47	logs/rbW_cube_gd_flat_rh2_t195_seed47.log	python -m surveyor.envs.cube.eval --solver gd --subgoal flat --horizon 2 --receding-horizon 2 --num-samples 600 --n-steps 30 --source pretrained --encoder-id quentinll/lewm-cube --h5 "$CUBE_H5" --device cuda --goal-offset 195 --eval-budget 390 --num-eval 128 --seed 47 --cem-seed 47 --episodes-file episodes/cube_c2222.episodes195.json
174	cube	gd_flat_rh2	195	48	logs/rbW_cube_gd_flat_rh2_t195_seed48.log	python -m surveyor.envs.cube.eval --solver gd --subgoal flat --horizon 2 --receding-horizon 2 --num-samples 600 --n-steps 30 --source pretrained --encoder-id quentinll/lewm-cube --h5 "$CUBE_H5" --device cuda --goal-offset 195 --eval-budget 390 --num-eval 128 --seed 48 --cem-seed 48 --episodes-file episodes/cube_c2222.episodes195.json
175	cube	gd_flat_rh2	195	49	logs/rbW_cube_gd_flat_rh2_t195_seed49.log	python -m surveyor.envs.cube.eval --solver gd --subgoal flat --horizon 2 --receding-horizon 2 --num-samples 600 --n-steps 30 --source pretrained --encoder-id quentinll/lewm-cube --h5 "$CUBE_H5" --device cuda --goal-offset 195 --eval-budget 390 --num-eval 128 --seed 49 --cem-seed 49 --episodes-file episodes/cube_c2222.episodes195.json
176	cube	gd_flat_rh5	175	42	logs/rbW_cube_gd_flat_rh5_t175_seed42.log	python -m surveyor.envs.cube.eval --solver gd --subgoal flat --horizon 5 --receding-horizon 5 --num-samples 600 --n-steps 30 --source pretrained --encoder-id quentinll/lewm-cube --h5 "$CUBE_H5" --device cuda --goal-offset 175 --eval-budget 350 --num-eval 128 --seed 42 --cem-seed 42 --episodes-file episodes/cube_c2222.episodes175.json
177	cube	gd_flat_rh5	175	43	logs/rbW_cube_gd_flat_rh5_t175_seed43.log	python -m surveyor.envs.cube.eval --solver gd --subgoal flat --horizon 5 --receding-horizon 5 --num-samples 600 --n-steps 30 --source pretrained --encoder-id quentinll/lewm-cube --h5 "$CUBE_H5" --device cuda --goal-offset 175 --eval-budget 350 --num-eval 128 --seed 43 --cem-seed 43 --episodes-file episodes/cube_c2222.episodes175.json
178	cube	gd_flat_rh5	175	44	logs/rbW_cube_gd_flat_rh5_t175_seed44.log	python -m surveyor.envs.cube.eval --solver gd --subgoal flat --horizon 5 --receding-horizon 5 --num-samples 600 --n-steps 30 --source pretrained --encoder-id quentinll/lewm-cube --h5 "$CUBE_H5" --device cuda --goal-offset 175 --eval-budget 350 --num-eval 128 --seed 44 --cem-seed 44 --episodes-file episodes/cube_c2222.episodes175.json
179	cube	gd_flat_rh5	175	45	logs/rbW_cube_gd_flat_rh5_t175_seed45.log	python -m surveyor.envs.cube.eval --solver gd --subgoal flat --horizon 5 --receding-horizon 5 --num-samples 600 --n-steps 30 --source pretrained --encoder-id quentinll/lewm-cube --h5 "$CUBE_H5" --device cuda --goal-offset 175 --eval-budget 350 --num-eval 128 --seed 45 --cem-seed 45 --episodes-file episodes/cube_c2222.episodes175.json
180	cube	gd_flat_rh5	175	46	logs/rbW_cube_gd_flat_rh5_t175_seed46.log	python -m surveyor.envs.cube.eval --solver gd --subgoal flat --horizon 5 --receding-horizon 5 --num-samples 600 --n-steps 30 --source pretrained --encoder-id quentinll/lewm-cube --h5 "$CUBE_H5" --device cuda --goal-offset 175 --eval-budget 350 --num-eval 128 --seed 46 --cem-seed 46 --episodes-file episodes/cube_c2222.episodes175.json
181	cube	gd_flat_rh5	175	47	logs/rbW_cube_gd_flat_rh5_t175_seed47.log	python -m surveyor.envs.cube.eval --solver gd --subgoal flat --horizon 5 --receding-horizon 5 --num-samples 600 --n-steps 30 --source pretrained --encoder-id quentinll/lewm-cube --h5 "$CUBE_H5" --device cuda --goal-offset 175 --eval-budget 350 --num-eval 128 --seed 47 --cem-seed 47 --episodes-file episodes/cube_c2222.episodes175.json
182	cube	gd_flat_rh5	175	48	logs/rbW_cube_gd_flat_rh5_t175_seed48.log	python -m surveyor.envs.cube.eval --solver gd --subgoal flat --horizon 5 --receding-horizon 5 --num-samples 600 --n-steps 30 --source pretrained --encoder-id quentinll/lewm-cube --h5 "$CUBE_H5" --device cuda --goal-offset 175 --eval-budget 350 --num-eval 128 --seed 48 --cem-seed 48 --episodes-file episodes/cube_c2222.episodes175.json
183	cube	gd_flat_rh5	175	49	logs/rbW_cube_gd_flat_rh5_t175_seed49.log	python -m surveyor.envs.cube.eval --solver gd --subgoal flat --horizon 5 --receding-horizon 5 --num-samples 600 --n-steps 30 --source pretrained --encoder-id quentinll/lewm-cube --h5 "$CUBE_H5" --device cuda --goal-offset 175 --eval-budget 350 --num-eval 128 --seed 49 --cem-seed 49 --episodes-file episodes/cube_c2222.episodes175.json
184	cube	gd_flat_rh5	195	42	logs/rbW_cube_gd_flat_rh5_t195_seed42.log	python -m surveyor.envs.cube.eval --solver gd --subgoal flat --horizon 5 --receding-horizon 5 --num-samples 600 --n-steps 30 --source pretrained --encoder-id quentinll/lewm-cube --h5 "$CUBE_H5" --device cuda --goal-offset 195 --eval-budget 390 --num-eval 128 --seed 42 --cem-seed 42 --episodes-file episodes/cube_c2222.episodes195.json
185	cube	gd_flat_rh5	195	43	logs/rbW_cube_gd_flat_rh5_t195_seed43.log	python -m surveyor.envs.cube.eval --solver gd --subgoal flat --horizon 5 --receding-horizon 5 --num-samples 600 --n-steps 30 --source pretrained --encoder-id quentinll/lewm-cube --h5 "$CUBE_H5" --device cuda --goal-offset 195 --eval-budget 390 --num-eval 128 --seed 43 --cem-seed 43 --episodes-file episodes/cube_c2222.episodes195.json
186	cube	gd_flat_rh5	195	44	logs/rbW_cube_gd_flat_rh5_t195_seed44.log	python -m surveyor.envs.cube.eval --solver gd --subgoal flat --horizon 5 --receding-horizon 5 --num-samples 600 --n-steps 30 --source pretrained --encoder-id quentinll/lewm-cube --h5 "$CUBE_H5" --device cuda --goal-offset 195 --eval-budget 390 --num-eval 128 --seed 44 --cem-seed 44 --episodes-file episodes/cube_c2222.episodes195.json
187	cube	gd_flat_rh5	195	45	logs/rbW_cube_gd_flat_rh5_t195_seed45.log	python -m surveyor.envs.cube.eval --solver gd --subgoal flat --horizon 5 --receding-horizon 5 --num-samples 600 --n-steps 30 --source pretrained --encoder-id quentinll/lewm-cube --h5 "$CUBE_H5" --device cuda --goal-offset 195 --eval-budget 390 --num-eval 128 --seed 45 --cem-seed 45 --episodes-file episodes/cube_c2222.episodes195.json
188	cube	gd_flat_rh5	195	46	logs/rbW_cube_gd_flat_rh5_t195_seed46.log	python -m surveyor.envs.cube.eval --solver gd --subgoal flat --horizon 5 --receding-horizon 5 --num-samples 600 --n-steps 30 --source pretrained --encoder-id quentinll/lewm-cube --h5 "$CUBE_H5" --device cuda --goal-offset 195 --eval-budget 390 --num-eval 128 --seed 46 --cem-seed 46 --episodes-file episodes/cube_c2222.episodes195.json
189	cube	gd_flat_rh5	195	47	logs/rbW_cube_gd_flat_rh5_t195_seed47.log	python -m surveyor.envs.cube.eval --solver gd --subgoal flat --horizon 5 --receding-horizon 5 --num-samples 600 --n-steps 30 --source pretrained --encoder-id quentinll/lewm-cube --h5 "$CUBE_H5" --device cuda --goal-offset 195 --eval-budget 390 --num-eval 128 --seed 47 --cem-seed 47 --episodes-file episodes/cube_c2222.episodes195.json
190	cube	gd_flat_rh5	195	48	logs/rbW_cube_gd_flat_rh5_t195_seed48.log	python -m surveyor.envs.cube.eval --solver gd --subgoal flat --horizon 5 --receding-horizon 5 --num-samples 600 --n-steps 30 --source pretrained --encoder-id quentinll/lewm-cube --h5 "$CUBE_H5" --device cuda --goal-offset 195 --eval-budget 390 --num-eval 128 --seed 48 --cem-seed 48 --episodes-file episodes/cube_c2222.episodes195.json
191	cube	gd_flat_rh5	195	49	logs/rbW_cube_gd_flat_rh5_t195_seed49.log	python -m surveyor.envs.cube.eval --solver gd --subgoal flat --horizon 5 --receding-horizon 5 --num-samples 600 --n-steps 30 --source pretrained --encoder-id quentinll/lewm-cube --h5 "$CUBE_H5" --device cuda --goal-offset 195 --eval-budget 390 --num-eval 128 --seed 49 --cem-seed 49 --episodes-file episodes/cube_c2222.episodes195.json
192	cube	icem_flat_rh2	175	42	logs/rbW_cube_icem_flat_rh2_t175_seed42.log	python -m surveyor.envs.cube.eval --solver icem --subgoal flat --horizon 2 --receding-horizon 2 --num-samples 600 --n-steps 30 --source pretrained --encoder-id quentinll/lewm-cube --h5 "$CUBE_H5" --device cuda --goal-offset 175 --eval-budget 350 --num-eval 128 --seed 42 --cem-seed 42 --episodes-file episodes/cube_c2222.episodes175.json
193	cube	icem_flat_rh2	175	43	logs/rbW_cube_icem_flat_rh2_t175_seed43.log	python -m surveyor.envs.cube.eval --solver icem --subgoal flat --horizon 2 --receding-horizon 2 --num-samples 600 --n-steps 30 --source pretrained --encoder-id quentinll/lewm-cube --h5 "$CUBE_H5" --device cuda --goal-offset 175 --eval-budget 350 --num-eval 128 --seed 43 --cem-seed 43 --episodes-file episodes/cube_c2222.episodes175.json
194	cube	icem_flat_rh2	175	44	logs/rbW_cube_icem_flat_rh2_t175_seed44.log	python -m surveyor.envs.cube.eval --solver icem --subgoal flat --horizon 2 --receding-horizon 2 --num-samples 600 --n-steps 30 --source pretrained --encoder-id quentinll/lewm-cube --h5 "$CUBE_H5" --device cuda --goal-offset 175 --eval-budget 350 --num-eval 128 --seed 44 --cem-seed 44 --episodes-file episodes/cube_c2222.episodes175.json
195	cube	icem_flat_rh2	175	45	logs/rbW_cube_icem_flat_rh2_t175_seed45.log	python -m surveyor.envs.cube.eval --solver icem --subgoal flat --horizon 2 --receding-horizon 2 --num-samples 600 --n-steps 30 --source pretrained --encoder-id quentinll/lewm-cube --h5 "$CUBE_H5" --device cuda --goal-offset 175 --eval-budget 350 --num-eval 128 --seed 45 --cem-seed 45 --episodes-file episodes/cube_c2222.episodes175.json
196	cube	icem_flat_rh2	175	46	logs/rbW_cube_icem_flat_rh2_t175_seed46.log	python -m surveyor.envs.cube.eval --solver icem --subgoal flat --horizon 2 --receding-horizon 2 --num-samples 600 --n-steps 30 --source pretrained --encoder-id quentinll/lewm-cube --h5 "$CUBE_H5" --device cuda --goal-offset 175 --eval-budget 350 --num-eval 128 --seed 46 --cem-seed 46 --episodes-file episodes/cube_c2222.episodes175.json
197	cube	icem_flat_rh2	175	47	logs/rbW_cube_icem_flat_rh2_t175_seed47.log	python -m surveyor.envs.cube.eval --solver icem --subgoal flat --horizon 2 --receding-horizon 2 --num-samples 600 --n-steps 30 --source pretrained --encoder-id quentinll/lewm-cube --h5 "$CUBE_H5" --device cuda --goal-offset 175 --eval-budget 350 --num-eval 128 --seed 47 --cem-seed 47 --episodes-file episodes/cube_c2222.episodes175.json
198	cube	icem_flat_rh2	175	48	logs/rbW_cube_icem_flat_rh2_t175_seed48.log	python -m surveyor.envs.cube.eval --solver icem --subgoal flat --horizon 2 --receding-horizon 2 --num-samples 600 --n-steps 30 --source pretrained --encoder-id quentinll/lewm-cube --h5 "$CUBE_H5" --device cuda --goal-offset 175 --eval-budget 350 --num-eval 128 --seed 48 --cem-seed 48 --episodes-file episodes/cube_c2222.episodes175.json
199	cube	icem_flat_rh2	175	49	logs/rbW_cube_icem_flat_rh2_t175_seed49.log	python -m surveyor.envs.cube.eval --solver icem --subgoal flat --horizon 2 --receding-horizon 2 --num-samples 600 --n-steps 30 --source pretrained --encoder-id quentinll/lewm-cube --h5 "$CUBE_H5" --device cuda --goal-offset 175 --eval-budget 350 --num-eval 128 --seed 49 --cem-seed 49 --episodes-file episodes/cube_c2222.episodes175.json
200	cube	icem_flat_rh2	195	42	logs/rbW_cube_icem_flat_rh2_t195_seed42.log	python -m surveyor.envs.cube.eval --solver icem --subgoal flat --horizon 2 --receding-horizon 2 --num-samples 600 --n-steps 30 --source pretrained --encoder-id quentinll/lewm-cube --h5 "$CUBE_H5" --device cuda --goal-offset 195 --eval-budget 390 --num-eval 128 --seed 42 --cem-seed 42 --episodes-file episodes/cube_c2222.episodes195.json
201	cube	icem_flat_rh2	195	43	logs/rbW_cube_icem_flat_rh2_t195_seed43.log	python -m surveyor.envs.cube.eval --solver icem --subgoal flat --horizon 2 --receding-horizon 2 --num-samples 600 --n-steps 30 --source pretrained --encoder-id quentinll/lewm-cube --h5 "$CUBE_H5" --device cuda --goal-offset 195 --eval-budget 390 --num-eval 128 --seed 43 --cem-seed 43 --episodes-file episodes/cube_c2222.episodes195.json
202	cube	icem_flat_rh2	195	44	logs/rbW_cube_icem_flat_rh2_t195_seed44.log	python -m surveyor.envs.cube.eval --solver icem --subgoal flat --horizon 2 --receding-horizon 2 --num-samples 600 --n-steps 30 --source pretrained --encoder-id quentinll/lewm-cube --h5 "$CUBE_H5" --device cuda --goal-offset 195 --eval-budget 390 --num-eval 128 --seed 44 --cem-seed 44 --episodes-file episodes/cube_c2222.episodes195.json
203	cube	icem_flat_rh2	195	45	logs/rbW_cube_icem_flat_rh2_t195_seed45.log	python -m surveyor.envs.cube.eval --solver icem --subgoal flat --horizon 2 --receding-horizon 2 --num-samples 600 --n-steps 30 --source pretrained --encoder-id quentinll/lewm-cube --h5 "$CUBE_H5" --device cuda --goal-offset 195 --eval-budget 390 --num-eval 128 --seed 45 --cem-seed 45 --episodes-file episodes/cube_c2222.episodes195.json
204	cube	icem_flat_rh2	195	46	logs/rbW_cube_icem_flat_rh2_t195_seed46.log	python -m surveyor.envs.cube.eval --solver icem --subgoal flat --horizon 2 --receding-horizon 2 --num-samples 600 --n-steps 30 --source pretrained --encoder-id quentinll/lewm-cube --h5 "$CUBE_H5" --device cuda --goal-offset 195 --eval-budget 390 --num-eval 128 --seed 46 --cem-seed 46 --episodes-file episodes/cube_c2222.episodes195.json
205	cube	icem_flat_rh2	195	47	logs/rbW_cube_icem_flat_rh2_t195_seed47.log	python -m surveyor.envs.cube.eval --solver icem --subgoal flat --horizon 2 --receding-horizon 2 --num-samples 600 --n-steps 30 --source pretrained --encoder-id quentinll/lewm-cube --h5 "$CUBE_H5" --device cuda --goal-offset 195 --eval-budget 390 --num-eval 128 --seed 47 --cem-seed 47 --episodes-file episodes/cube_c2222.episodes195.json
206	cube	icem_flat_rh2	195	48	logs/rbW_cube_icem_flat_rh2_t195_seed48.log	python -m surveyor.envs.cube.eval --solver icem --subgoal flat --horizon 2 --receding-horizon 2 --num-samples 600 --n-steps 30 --source pretrained --encoder-id quentinll/lewm-cube --h5 "$CUBE_H5" --device cuda --goal-offset 195 --eval-budget 390 --num-eval 128 --seed 48 --cem-seed 48 --episodes-file episodes/cube_c2222.episodes195.json
207	cube	icem_flat_rh2	195	49	logs/rbW_cube_icem_flat_rh2_t195_seed49.log	python -m surveyor.envs.cube.eval --solver icem --subgoal flat --horizon 2 --receding-horizon 2 --num-samples 600 --n-steps 30 --source pretrained --encoder-id quentinll/lewm-cube --h5 "$CUBE_H5" --device cuda --goal-offset 195 --eval-budget 390 --num-eval 128 --seed 49 --cem-seed 49 --episodes-file episodes/cube_c2222.episodes195.json
208	cube	icem_flat_rh5	175	42	logs/rbW_cube_icem_flat_rh5_t175_seed42.log	python -m surveyor.envs.cube.eval --solver icem --subgoal flat --horizon 5 --receding-horizon 5 --num-samples 600 --n-steps 30 --source pretrained --encoder-id quentinll/lewm-cube --h5 "$CUBE_H5" --device cuda --goal-offset 175 --eval-budget 350 --num-eval 128 --seed 42 --cem-seed 42 --episodes-file episodes/cube_c2222.episodes175.json
209	cube	icem_flat_rh5	175	43	logs/rbW_cube_icem_flat_rh5_t175_seed43.log	python -m surveyor.envs.cube.eval --solver icem --subgoal flat --horizon 5 --receding-horizon 5 --num-samples 600 --n-steps 30 --source pretrained --encoder-id quentinll/lewm-cube --h5 "$CUBE_H5" --device cuda --goal-offset 175 --eval-budget 350 --num-eval 128 --seed 43 --cem-seed 43 --episodes-file episodes/cube_c2222.episodes175.json
210	cube	icem_flat_rh5	175	44	logs/rbW_cube_icem_flat_rh5_t175_seed44.log	python -m surveyor.envs.cube.eval --solver icem --subgoal flat --horizon 5 --receding-horizon 5 --num-samples 600 --n-steps 30 --source pretrained --encoder-id quentinll/lewm-cube --h5 "$CUBE_H5" --device cuda --goal-offset 175 --eval-budget 350 --num-eval 128 --seed 44 --cem-seed 44 --episodes-file episodes/cube_c2222.episodes175.json
211	cube	icem_flat_rh5	175	45	logs/rbW_cube_icem_flat_rh5_t175_seed45.log	python -m surveyor.envs.cube.eval --solver icem --subgoal flat --horizon 5 --receding-horizon 5 --num-samples 600 --n-steps 30 --source pretrained --encoder-id quentinll/lewm-cube --h5 "$CUBE_H5" --device cuda --goal-offset 175 --eval-budget 350 --num-eval 128 --seed 45 --cem-seed 45 --episodes-file episodes/cube_c2222.episodes175.json
212	cube	icem_flat_rh5	175	46	logs/rbW_cube_icem_flat_rh5_t175_seed46.log	python -m surveyor.envs.cube.eval --solver icem --subgoal flat --horizon 5 --receding-horizon 5 --num-samples 600 --n-steps 30 --source pretrained --encoder-id quentinll/lewm-cube --h5 "$CUBE_H5" --device cuda --goal-offset 175 --eval-budget 350 --num-eval 128 --seed 46 --cem-seed 46 --episodes-file episodes/cube_c2222.episodes175.json
213	cube	icem_flat_rh5	175	47	logs/rbW_cube_icem_flat_rh5_t175_seed47.log	python -m surveyor.envs.cube.eval --solver icem --subgoal flat --horizon 5 --receding-horizon 5 --num-samples 600 --n-steps 30 --source pretrained --encoder-id quentinll/lewm-cube --h5 "$CUBE_H5" --device cuda --goal-offset 175 --eval-budget 350 --num-eval 128 --seed 47 --cem-seed 47 --episodes-file episodes/cube_c2222.episodes175.json
214	cube	icem_flat_rh5	175	48	logs/rbW_cube_icem_flat_rh5_t175_seed48.log	python -m surveyor.envs.cube.eval --solver icem --subgoal flat --horizon 5 --receding-horizon 5 --num-samples 600 --n-steps 30 --source pretrained --encoder-id quentinll/lewm-cube --h5 "$CUBE_H5" --device cuda --goal-offset 175 --eval-budget 350 --num-eval 128 --seed 48 --cem-seed 48 --episodes-file episodes/cube_c2222.episodes175.json
215	cube	icem_flat_rh5	175	49	logs/rbW_cube_icem_flat_rh5_t175_seed49.log	python -m surveyor.envs.cube.eval --solver icem --subgoal flat --horizon 5 --receding-horizon 5 --num-samples 600 --n-steps 30 --source pretrained --encoder-id quentinll/lewm-cube --h5 "$CUBE_H5" --device cuda --goal-offset 175 --eval-budget 350 --num-eval 128 --seed 49 --cem-seed 49 --episodes-file episodes/cube_c2222.episodes175.json
216	cube	icem_flat_rh5	195	42	logs/rbW_cube_icem_flat_rh5_t195_seed42.log	python -m surveyor.envs.cube.eval --solver icem --subgoal flat --horizon 5 --receding-horizon 5 --num-samples 600 --n-steps 30 --source pretrained --encoder-id quentinll/lewm-cube --h5 "$CUBE_H5" --device cuda --goal-offset 195 --eval-budget 390 --num-eval 128 --seed 42 --cem-seed 42 --episodes-file episodes/cube_c2222.episodes195.json
217	cube	icem_flat_rh5	195	43	logs/rbW_cube_icem_flat_rh5_t195_seed43.log	python -m surveyor.envs.cube.eval --solver icem --subgoal flat --horizon 5 --receding-horizon 5 --num-samples 600 --n-steps 30 --source pretrained --encoder-id quentinll/lewm-cube --h5 "$CUBE_H5" --device cuda --goal-offset 195 --eval-budget 390 --num-eval 128 --seed 43 --cem-seed 43 --episodes-file episodes/cube_c2222.episodes195.json
218	cube	icem_flat_rh5	195	44	logs/rbW_cube_icem_flat_rh5_t195_seed44.log	python -m surveyor.envs.cube.eval --solver icem --subgoal flat --horizon 5 --receding-horizon 5 --num-samples 600 --n-steps 30 --source pretrained --encoder-id quentinll/lewm-cube --h5 "$CUBE_H5" --device cuda --goal-offset 195 --eval-budget 390 --num-eval 128 --seed 44 --cem-seed 44 --episodes-file episodes/cube_c2222.episodes195.json
219	cube	icem_flat_rh5	195	45	logs/rbW_cube_icem_flat_rh5_t195_seed45.log	python -m surveyor.envs.cube.eval --solver icem --subgoal flat --horizon 5 --receding-horizon 5 --num-samples 600 --n-steps 30 --source pretrained --encoder-id quentinll/lewm-cube --h5 "$CUBE_H5" --device cuda --goal-offset 195 --eval-budget 390 --num-eval 128 --seed 45 --cem-seed 45 --episodes-file episodes/cube_c2222.episodes195.json
220	cube	icem_flat_rh5	195	46	logs/rbW_cube_icem_flat_rh5_t195_seed46.log	python -m surveyor.envs.cube.eval --solver icem --subgoal flat --horizon 5 --receding-horizon 5 --num-samples 600 --n-steps 30 --source pretrained --encoder-id quentinll/lewm-cube --h5 "$CUBE_H5" --device cuda --goal-offset 195 --eval-budget 390 --num-eval 128 --seed 46 --cem-seed 46 --episodes-file episodes/cube_c2222.episodes195.json
221	cube	icem_flat_rh5	195	47	logs/rbW_cube_icem_flat_rh5_t195_seed47.log	python -m surveyor.envs.cube.eval --solver icem --subgoal flat --horizon 5 --receding-horizon 5 --num-samples 600 --n-steps 30 --source pretrained --encoder-id quentinll/lewm-cube --h5 "$CUBE_H5" --device cuda --goal-offset 195 --eval-budget 390 --num-eval 128 --seed 47 --cem-seed 47 --episodes-file episodes/cube_c2222.episodes195.json
222	cube	icem_flat_rh5	195	48	logs/rbW_cube_icem_flat_rh5_t195_seed48.log	python -m surveyor.envs.cube.eval --solver icem --subgoal flat --horizon 5 --receding-horizon 5 --num-samples 600 --n-steps 30 --source pretrained --encoder-id quentinll/lewm-cube --h5 "$CUBE_H5" --device cuda --goal-offset 195 --eval-budget 390 --num-eval 128 --seed 48 --cem-seed 48 --episodes-file episodes/cube_c2222.episodes195.json
223	cube	icem_flat_rh5	195	49	logs/rbW_cube_icem_flat_rh5_t195_seed49.log	python -m surveyor.envs.cube.eval --solver icem --subgoal flat --horizon 5 --receding-horizon 5 --num-samples 600 --n-steps 30 --source pretrained --encoder-id quentinll/lewm-cube --h5 "$CUBE_H5" --device cuda --goal-offset 195 --eval-budget 390 --num-eval 128 --seed 49 --cem-seed 49 --episodes-file episodes/cube_c2222.episodes195.json
224	cube	mppi_flat_rh2	175	42	logs/rbW_cube_mppi_flat_rh2_t175_seed42.log	python -m surveyor.envs.cube.eval --solver mppi --subgoal flat --horizon 2 --receding-horizon 2 --num-samples 600 --n-steps 30 --source pretrained --encoder-id quentinll/lewm-cube --h5 "$CUBE_H5" --device cuda --goal-offset 175 --eval-budget 350 --num-eval 128 --seed 42 --cem-seed 42 --episodes-file episodes/cube_c2222.episodes175.json
225	cube	mppi_flat_rh2	175	43	logs/rbW_cube_mppi_flat_rh2_t175_seed43.log	python -m surveyor.envs.cube.eval --solver mppi --subgoal flat --horizon 2 --receding-horizon 2 --num-samples 600 --n-steps 30 --source pretrained --encoder-id quentinll/lewm-cube --h5 "$CUBE_H5" --device cuda --goal-offset 175 --eval-budget 350 --num-eval 128 --seed 43 --cem-seed 43 --episodes-file episodes/cube_c2222.episodes175.json
226	cube	mppi_flat_rh2	175	44	logs/rbW_cube_mppi_flat_rh2_t175_seed44.log	python -m surveyor.envs.cube.eval --solver mppi --subgoal flat --horizon 2 --receding-horizon 2 --num-samples 600 --n-steps 30 --source pretrained --encoder-id quentinll/lewm-cube --h5 "$CUBE_H5" --device cuda --goal-offset 175 --eval-budget 350 --num-eval 128 --seed 44 --cem-seed 44 --episodes-file episodes/cube_c2222.episodes175.json
227	cube	mppi_flat_rh2	175	45	logs/rbW_cube_mppi_flat_rh2_t175_seed45.log	python -m surveyor.envs.cube.eval --solver mppi --subgoal flat --horizon 2 --receding-horizon 2 --num-samples 600 --n-steps 30 --source pretrained --encoder-id quentinll/lewm-cube --h5 "$CUBE_H5" --device cuda --goal-offset 175 --eval-budget 350 --num-eval 128 --seed 45 --cem-seed 45 --episodes-file episodes/cube_c2222.episodes175.json
228	cube	mppi_flat_rh2	175	46	logs/rbW_cube_mppi_flat_rh2_t175_seed46.log	python -m surveyor.envs.cube.eval --solver mppi --subgoal flat --horizon 2 --receding-horizon 2 --num-samples 600 --n-steps 30 --source pretrained --encoder-id quentinll/lewm-cube --h5 "$CUBE_H5" --device cuda --goal-offset 175 --eval-budget 350 --num-eval 128 --seed 46 --cem-seed 46 --episodes-file episodes/cube_c2222.episodes175.json
229	cube	mppi_flat_rh2	175	47	logs/rbW_cube_mppi_flat_rh2_t175_seed47.log	python -m surveyor.envs.cube.eval --solver mppi --subgoal flat --horizon 2 --receding-horizon 2 --num-samples 600 --n-steps 30 --source pretrained --encoder-id quentinll/lewm-cube --h5 "$CUBE_H5" --device cuda --goal-offset 175 --eval-budget 350 --num-eval 128 --seed 47 --cem-seed 47 --episodes-file episodes/cube_c2222.episodes175.json
230	cube	mppi_flat_rh2	175	48	logs/rbW_cube_mppi_flat_rh2_t175_seed48.log	python -m surveyor.envs.cube.eval --solver mppi --subgoal flat --horizon 2 --receding-horizon 2 --num-samples 600 --n-steps 30 --source pretrained --encoder-id quentinll/lewm-cube --h5 "$CUBE_H5" --device cuda --goal-offset 175 --eval-budget 350 --num-eval 128 --seed 48 --cem-seed 48 --episodes-file episodes/cube_c2222.episodes175.json
231	cube	mppi_flat_rh2	175	49	logs/rbW_cube_mppi_flat_rh2_t175_seed49.log	python -m surveyor.envs.cube.eval --solver mppi --subgoal flat --horizon 2 --receding-horizon 2 --num-samples 600 --n-steps 30 --source pretrained --encoder-id quentinll/lewm-cube --h5 "$CUBE_H5" --device cuda --goal-offset 175 --eval-budget 350 --num-eval 128 --seed 49 --cem-seed 49 --episodes-file episodes/cube_c2222.episodes175.json
232	cube	mppi_flat_rh2	195	42	logs/rbW_cube_mppi_flat_rh2_t195_seed42.log	python -m surveyor.envs.cube.eval --solver mppi --subgoal flat --horizon 2 --receding-horizon 2 --num-samples 600 --n-steps 30 --source pretrained --encoder-id quentinll/lewm-cube --h5 "$CUBE_H5" --device cuda --goal-offset 195 --eval-budget 390 --num-eval 128 --seed 42 --cem-seed 42 --episodes-file episodes/cube_c2222.episodes195.json
233	cube	mppi_flat_rh2	195	43	logs/rbW_cube_mppi_flat_rh2_t195_seed43.log	python -m surveyor.envs.cube.eval --solver mppi --subgoal flat --horizon 2 --receding-horizon 2 --num-samples 600 --n-steps 30 --source pretrained --encoder-id quentinll/lewm-cube --h5 "$CUBE_H5" --device cuda --goal-offset 195 --eval-budget 390 --num-eval 128 --seed 43 --cem-seed 43 --episodes-file episodes/cube_c2222.episodes195.json
234	cube	mppi_flat_rh2	195	44	logs/rbW_cube_mppi_flat_rh2_t195_seed44.log	python -m surveyor.envs.cube.eval --solver mppi --subgoal flat --horizon 2 --receding-horizon 2 --num-samples 600 --n-steps 30 --source pretrained --encoder-id quentinll/lewm-cube --h5 "$CUBE_H5" --device cuda --goal-offset 195 --eval-budget 390 --num-eval 128 --seed 44 --cem-seed 44 --episodes-file episodes/cube_c2222.episodes195.json
235	cube	mppi_flat_rh2	195	45	logs/rbW_cube_mppi_flat_rh2_t195_seed45.log	python -m surveyor.envs.cube.eval --solver mppi --subgoal flat --horizon 2 --receding-horizon 2 --num-samples 600 --n-steps 30 --source pretrained --encoder-id quentinll/lewm-cube --h5 "$CUBE_H5" --device cuda --goal-offset 195 --eval-budget 390 --num-eval 128 --seed 45 --cem-seed 45 --episodes-file episodes/cube_c2222.episodes195.json
236	cube	mppi_flat_rh2	195	46	logs/rbW_cube_mppi_flat_rh2_t195_seed46.log	python -m surveyor.envs.cube.eval --solver mppi --subgoal flat --horizon 2 --receding-horizon 2 --num-samples 600 --n-steps 30 --source pretrained --encoder-id quentinll/lewm-cube --h5 "$CUBE_H5" --device cuda --goal-offset 195 --eval-budget 390 --num-eval 128 --seed 46 --cem-seed 46 --episodes-file episodes/cube_c2222.episodes195.json
237	cube	mppi_flat_rh2	195	47	logs/rbW_cube_mppi_flat_rh2_t195_seed47.log	python -m surveyor.envs.cube.eval --solver mppi --subgoal flat --horizon 2 --receding-horizon 2 --num-samples 600 --n-steps 30 --source pretrained --encoder-id quentinll/lewm-cube --h5 "$CUBE_H5" --device cuda --goal-offset 195 --eval-budget 390 --num-eval 128 --seed 47 --cem-seed 47 --episodes-file episodes/cube_c2222.episodes195.json
238	cube	mppi_flat_rh2	195	48	logs/rbW_cube_mppi_flat_rh2_t195_seed48.log	python -m surveyor.envs.cube.eval --solver mppi --subgoal flat --horizon 2 --receding-horizon 2 --num-samples 600 --n-steps 30 --source pretrained --encoder-id quentinll/lewm-cube --h5 "$CUBE_H5" --device cuda --goal-offset 195 --eval-budget 390 --num-eval 128 --seed 48 --cem-seed 48 --episodes-file episodes/cube_c2222.episodes195.json
239	cube	mppi_flat_rh2	195	49	logs/rbW_cube_mppi_flat_rh2_t195_seed49.log	python -m surveyor.envs.cube.eval --solver mppi --subgoal flat --horizon 2 --receding-horizon 2 --num-samples 600 --n-steps 30 --source pretrained --encoder-id quentinll/lewm-cube --h5 "$CUBE_H5" --device cuda --goal-offset 195 --eval-budget 390 --num-eval 128 --seed 49 --cem-seed 49 --episodes-file episodes/cube_c2222.episodes195.json
240	cube	mppi_flat_rh5	175	42	logs/rbW_cube_mppi_flat_rh5_t175_seed42.log	python -m surveyor.envs.cube.eval --solver mppi --subgoal flat --horizon 5 --receding-horizon 5 --num-samples 600 --n-steps 30 --source pretrained --encoder-id quentinll/lewm-cube --h5 "$CUBE_H5" --device cuda --goal-offset 175 --eval-budget 350 --num-eval 128 --seed 42 --cem-seed 42 --episodes-file episodes/cube_c2222.episodes175.json
241	cube	mppi_flat_rh5	175	43	logs/rbW_cube_mppi_flat_rh5_t175_seed43.log	python -m surveyor.envs.cube.eval --solver mppi --subgoal flat --horizon 5 --receding-horizon 5 --num-samples 600 --n-steps 30 --source pretrained --encoder-id quentinll/lewm-cube --h5 "$CUBE_H5" --device cuda --goal-offset 175 --eval-budget 350 --num-eval 128 --seed 43 --cem-seed 43 --episodes-file episodes/cube_c2222.episodes175.json
242	cube	mppi_flat_rh5	175	44	logs/rbW_cube_mppi_flat_rh5_t175_seed44.log	python -m surveyor.envs.cube.eval --solver mppi --subgoal flat --horizon 5 --receding-horizon 5 --num-samples 600 --n-steps 30 --source pretrained --encoder-id quentinll/lewm-cube --h5 "$CUBE_H5" --device cuda --goal-offset 175 --eval-budget 350 --num-eval 128 --seed 44 --cem-seed 44 --episodes-file episodes/cube_c2222.episodes175.json
243	cube	mppi_flat_rh5	175	45	logs/rbW_cube_mppi_flat_rh5_t175_seed45.log	python -m surveyor.envs.cube.eval --solver mppi --subgoal flat --horizon 5 --receding-horizon 5 --num-samples 600 --n-steps 30 --source pretrained --encoder-id quentinll/lewm-cube --h5 "$CUBE_H5" --device cuda --goal-offset 175 --eval-budget 350 --num-eval 128 --seed 45 --cem-seed 45 --episodes-file episodes/cube_c2222.episodes175.json
244	cube	mppi_flat_rh5	175	46	logs/rbW_cube_mppi_flat_rh5_t175_seed46.log	python -m surveyor.envs.cube.eval --solver mppi --subgoal flat --horizon 5 --receding-horizon 5 --num-samples 600 --n-steps 30 --source pretrained --encoder-id quentinll/lewm-cube --h5 "$CUBE_H5" --device cuda --goal-offset 175 --eval-budget 350 --num-eval 128 --seed 46 --cem-seed 46 --episodes-file episodes/cube_c2222.episodes175.json
245	cube	mppi_flat_rh5	175	47	logs/rbW_cube_mppi_flat_rh5_t175_seed47.log	python -m surveyor.envs.cube.eval --solver mppi --subgoal flat --horizon 5 --receding-horizon 5 --num-samples 600 --n-steps 30 --source pretrained --encoder-id quentinll/lewm-cube --h5 "$CUBE_H5" --device cuda --goal-offset 175 --eval-budget 350 --num-eval 128 --seed 47 --cem-seed 47 --episodes-file episodes/cube_c2222.episodes175.json
246	cube	mppi_flat_rh5	175	48	logs/rbW_cube_mppi_flat_rh5_t175_seed48.log	python -m surveyor.envs.cube.eval --solver mppi --subgoal flat --horizon 5 --receding-horizon 5 --num-samples 600 --n-steps 30 --source pretrained --encoder-id quentinll/lewm-cube --h5 "$CUBE_H5" --device cuda --goal-offset 175 --eval-budget 350 --num-eval 128 --seed 48 --cem-seed 48 --episodes-file episodes/cube_c2222.episodes175.json
247	cube	mppi_flat_rh5	175	49	logs/rbW_cube_mppi_flat_rh5_t175_seed49.log	python -m surveyor.envs.cube.eval --solver mppi --subgoal flat --horizon 5 --receding-horizon 5 --num-samples 600 --n-steps 30 --source pretrained --encoder-id quentinll/lewm-cube --h5 "$CUBE_H5" --device cuda --goal-offset 175 --eval-budget 350 --num-eval 128 --seed 49 --cem-seed 49 --episodes-file episodes/cube_c2222.episodes175.json
248	cube	mppi_flat_rh5	195	42	logs/rbW_cube_mppi_flat_rh5_t195_seed42.log	python -m surveyor.envs.cube.eval --solver mppi --subgoal flat --horizon 5 --receding-horizon 5 --num-samples 600 --n-steps 30 --source pretrained --encoder-id quentinll/lewm-cube --h5 "$CUBE_H5" --device cuda --goal-offset 195 --eval-budget 390 --num-eval 128 --seed 42 --cem-seed 42 --episodes-file episodes/cube_c2222.episodes195.json
249	cube	mppi_flat_rh5	195	43	logs/rbW_cube_mppi_flat_rh5_t195_seed43.log	python -m surveyor.envs.cube.eval --solver mppi --subgoal flat --horizon 5 --receding-horizon 5 --num-samples 600 --n-steps 30 --source pretrained --encoder-id quentinll/lewm-cube --h5 "$CUBE_H5" --device cuda --goal-offset 195 --eval-budget 390 --num-eval 128 --seed 43 --cem-seed 43 --episodes-file episodes/cube_c2222.episodes195.json
250	cube	mppi_flat_rh5	195	44	logs/rbW_cube_mppi_flat_rh5_t195_seed44.log	python -m surveyor.envs.cube.eval --solver mppi --subgoal flat --horizon 5 --receding-horizon 5 --num-samples 600 --n-steps 30 --source pretrained --encoder-id quentinll/lewm-cube --h5 "$CUBE_H5" --device cuda --goal-offset 195 --eval-budget 390 --num-eval 128 --seed 44 --cem-seed 44 --episodes-file episodes/cube_c2222.episodes195.json
251	cube	mppi_flat_rh5	195	45	logs/rbW_cube_mppi_flat_rh5_t195_seed45.log	python -m surveyor.envs.cube.eval --solver mppi --subgoal flat --horizon 5 --receding-horizon 5 --num-samples 600 --n-steps 30 --source pretrained --encoder-id quentinll/lewm-cube --h5 "$CUBE_H5" --device cuda --goal-offset 195 --eval-budget 390 --num-eval 128 --seed 45 --cem-seed 45 --episodes-file episodes/cube_c2222.episodes195.json
252	cube	mppi_flat_rh5	195	46	logs/rbW_cube_mppi_flat_rh5_t195_seed46.log	python -m surveyor.envs.cube.eval --solver mppi --subgoal flat --horizon 5 --receding-horizon 5 --num-samples 600 --n-steps 30 --source pretrained --encoder-id quentinll/lewm-cube --h5 "$CUBE_H5" --device cuda --goal-offset 195 --eval-budget 390 --num-eval 128 --seed 46 --cem-seed 46 --episodes-file episodes/cube_c2222.episodes195.json
253	cube	mppi_flat_rh5	195	47	logs/rbW_cube_mppi_flat_rh5_t195_seed47.log	python -m surveyor.envs.cube.eval --solver mppi --subgoal flat --horizon 5 --receding-horizon 5 --num-samples 600 --n-steps 30 --source pretrained --encoder-id quentinll/lewm-cube --h5 "$CUBE_H5" --device cuda --goal-offset 195 --eval-budget 390 --num-eval 128 --seed 47 --cem-seed 47 --episodes-file episodes/cube_c2222.episodes195.json
254	cube	mppi_flat_rh5	195	48	logs/rbW_cube_mppi_flat_rh5_t195_seed48.log	python -m surveyor.envs.cube.eval --solver mppi --subgoal flat --horizon 5 --receding-horizon 5 --num-samples 600 --n-steps 30 --source pretrained --encoder-id quentinll/lewm-cube --h5 "$CUBE_H5" --device cuda --goal-offset 195 --eval-budget 390 --num-eval 128 --seed 48 --cem-seed 48 --episodes-file episodes/cube_c2222.episodes195.json
255	cube	mppi_flat_rh5	195	49	logs/rbW_cube_mppi_flat_rh5_t195_seed49.log	python -m surveyor.envs.cube.eval --solver mppi --subgoal flat --horizon 5 --receding-horizon 5 --num-samples 600 --n-steps 30 --source pretrained --encoder-id quentinll/lewm-cube --h5 "$CUBE_H5" --device cuda --goal-offset 195 --eval-budget 390 --num-eval 128 --seed 49 --cem-seed 49 --episodes-file episodes/cube_c2222.episodes195.json
256	reacher	flat_rh2	175	42	logs/rbW_reacher_flat_rh2_t175_seed42.log	python -m surveyor.envs.reacher.eval --subgoal flat --horizon 2 --receding-horizon 2 --source local --local-dir encoder_reacher --h5 "$REACHER_H5" --device cuda --num-eval 128 --seed 42 --cem-seed 42 --episodes-file episodes/reacher_c2222.ep175.s2222.json --goal-offset 175 --eval-budget 350
257	reacher	flat_rh2	175	43	logs/rbW_reacher_flat_rh2_t175_seed43.log	python -m surveyor.envs.reacher.eval --subgoal flat --horizon 2 --receding-horizon 2 --source local --local-dir encoder_reacher --h5 "$REACHER_H5" --device cuda --num-eval 128 --seed 43 --cem-seed 43 --episodes-file episodes/reacher_c2222.ep175.s2222.json --goal-offset 175 --eval-budget 350
258	reacher	flat_rh2	175	44	logs/rbW_reacher_flat_rh2_t175_seed44.log	python -m surveyor.envs.reacher.eval --subgoal flat --horizon 2 --receding-horizon 2 --source local --local-dir encoder_reacher --h5 "$REACHER_H5" --device cuda --num-eval 128 --seed 44 --cem-seed 44 --episodes-file episodes/reacher_c2222.ep175.s2222.json --goal-offset 175 --eval-budget 350
259	reacher	flat_rh2	175	45	logs/rbW_reacher_flat_rh2_t175_seed45.log	python -m surveyor.envs.reacher.eval --subgoal flat --horizon 2 --receding-horizon 2 --source local --local-dir encoder_reacher --h5 "$REACHER_H5" --device cuda --num-eval 128 --seed 45 --cem-seed 45 --episodes-file episodes/reacher_c2222.ep175.s2222.json --goal-offset 175 --eval-budget 350
260	reacher	flat_rh2	175	46	logs/rbW_reacher_flat_rh2_t175_seed46.log	python -m surveyor.envs.reacher.eval --subgoal flat --horizon 2 --receding-horizon 2 --source local --local-dir encoder_reacher --h5 "$REACHER_H5" --device cuda --num-eval 128 --seed 46 --cem-seed 46 --episodes-file episodes/reacher_c2222.ep175.s2222.json --goal-offset 175 --eval-budget 350
261	reacher	flat_rh2	175	47	logs/rbW_reacher_flat_rh2_t175_seed47.log	python -m surveyor.envs.reacher.eval --subgoal flat --horizon 2 --receding-horizon 2 --source local --local-dir encoder_reacher --h5 "$REACHER_H5" --device cuda --num-eval 128 --seed 47 --cem-seed 47 --episodes-file episodes/reacher_c2222.ep175.s2222.json --goal-offset 175 --eval-budget 350
262	reacher	flat_rh2	175	48	logs/rbW_reacher_flat_rh2_t175_seed48.log	python -m surveyor.envs.reacher.eval --subgoal flat --horizon 2 --receding-horizon 2 --source local --local-dir encoder_reacher --h5 "$REACHER_H5" --device cuda --num-eval 128 --seed 48 --cem-seed 48 --episodes-file episodes/reacher_c2222.ep175.s2222.json --goal-offset 175 --eval-budget 350
263	reacher	flat_rh2	175	49	logs/rbW_reacher_flat_rh2_t175_seed49.log	python -m surveyor.envs.reacher.eval --subgoal flat --horizon 2 --receding-horizon 2 --source local --local-dir encoder_reacher --h5 "$REACHER_H5" --device cuda --num-eval 128 --seed 49 --cem-seed 49 --episodes-file episodes/reacher_c2222.ep175.s2222.json --goal-offset 175 --eval-budget 350
264	reacher	flat_rh2	195	42	logs/rbW_reacher_flat_rh2_t195_seed42.log	python -m surveyor.envs.reacher.eval --subgoal flat --horizon 2 --receding-horizon 2 --source local --local-dir encoder_reacher --h5 "$REACHER_H5" --device cuda --num-eval 128 --seed 42 --cem-seed 42 --episodes-file episodes/reacher_c2222.ep195.s2222.json --goal-offset 195 --eval-budget 390
265	reacher	flat_rh2	195	43	logs/rbW_reacher_flat_rh2_t195_seed43.log	python -m surveyor.envs.reacher.eval --subgoal flat --horizon 2 --receding-horizon 2 --source local --local-dir encoder_reacher --h5 "$REACHER_H5" --device cuda --num-eval 128 --seed 43 --cem-seed 43 --episodes-file episodes/reacher_c2222.ep195.s2222.json --goal-offset 195 --eval-budget 390
266	reacher	flat_rh2	195	44	logs/rbW_reacher_flat_rh2_t195_seed44.log	python -m surveyor.envs.reacher.eval --subgoal flat --horizon 2 --receding-horizon 2 --source local --local-dir encoder_reacher --h5 "$REACHER_H5" --device cuda --num-eval 128 --seed 44 --cem-seed 44 --episodes-file episodes/reacher_c2222.ep195.s2222.json --goal-offset 195 --eval-budget 390
267	reacher	flat_rh2	195	45	logs/rbW_reacher_flat_rh2_t195_seed45.log	python -m surveyor.envs.reacher.eval --subgoal flat --horizon 2 --receding-horizon 2 --source local --local-dir encoder_reacher --h5 "$REACHER_H5" --device cuda --num-eval 128 --seed 45 --cem-seed 45 --episodes-file episodes/reacher_c2222.ep195.s2222.json --goal-offset 195 --eval-budget 390
268	reacher	flat_rh2	195	46	logs/rbW_reacher_flat_rh2_t195_seed46.log	python -m surveyor.envs.reacher.eval --subgoal flat --horizon 2 --receding-horizon 2 --source local --local-dir encoder_reacher --h5 "$REACHER_H5" --device cuda --num-eval 128 --seed 46 --cem-seed 46 --episodes-file episodes/reacher_c2222.ep195.s2222.json --goal-offset 195 --eval-budget 390
269	reacher	flat_rh2	195	47	logs/rbW_reacher_flat_rh2_t195_seed47.log	python -m surveyor.envs.reacher.eval --subgoal flat --horizon 2 --receding-horizon 2 --source local --local-dir encoder_reacher --h5 "$REACHER_H5" --device cuda --num-eval 128 --seed 47 --cem-seed 47 --episodes-file episodes/reacher_c2222.ep195.s2222.json --goal-offset 195 --eval-budget 390
270	reacher	flat_rh2	195	48	logs/rbW_reacher_flat_rh2_t195_seed48.log	python -m surveyor.envs.reacher.eval --subgoal flat --horizon 2 --receding-horizon 2 --source local --local-dir encoder_reacher --h5 "$REACHER_H5" --device cuda --num-eval 128 --seed 48 --cem-seed 48 --episodes-file episodes/reacher_c2222.ep195.s2222.json --goal-offset 195 --eval-budget 390
271	reacher	flat_rh2	195	49	logs/rbW_reacher_flat_rh2_t195_seed49.log	python -m surveyor.envs.reacher.eval --subgoal flat --horizon 2 --receding-horizon 2 --source local --local-dir encoder_reacher --h5 "$REACHER_H5" --device cuda --num-eval 128 --seed 49 --cem-seed 49 --episodes-file episodes/reacher_c2222.ep195.s2222.json --goal-offset 195 --eval-budget 390
272	reacher	flat_rh5	175	42	logs/rbW_reacher_flat_rh5_t175_seed42.log	python -m surveyor.envs.reacher.eval --subgoal flat --horizon 5 --receding-horizon 5 --source local --local-dir encoder_reacher --h5 "$REACHER_H5" --device cuda --num-eval 128 --seed 42 --cem-seed 42 --episodes-file episodes/reacher_c2222.ep175.s2222.json --goal-offset 175 --eval-budget 350
273	reacher	flat_rh5	175	43	logs/rbW_reacher_flat_rh5_t175_seed43.log	python -m surveyor.envs.reacher.eval --subgoal flat --horizon 5 --receding-horizon 5 --source local --local-dir encoder_reacher --h5 "$REACHER_H5" --device cuda --num-eval 128 --seed 43 --cem-seed 43 --episodes-file episodes/reacher_c2222.ep175.s2222.json --goal-offset 175 --eval-budget 350
274	reacher	flat_rh5	175	44	logs/rbW_reacher_flat_rh5_t175_seed44.log	python -m surveyor.envs.reacher.eval --subgoal flat --horizon 5 --receding-horizon 5 --source local --local-dir encoder_reacher --h5 "$REACHER_H5" --device cuda --num-eval 128 --seed 44 --cem-seed 44 --episodes-file episodes/reacher_c2222.ep175.s2222.json --goal-offset 175 --eval-budget 350
275	reacher	flat_rh5	175	45	logs/rbW_reacher_flat_rh5_t175_seed45.log	python -m surveyor.envs.reacher.eval --subgoal flat --horizon 5 --receding-horizon 5 --source local --local-dir encoder_reacher --h5 "$REACHER_H5" --device cuda --num-eval 128 --seed 45 --cem-seed 45 --episodes-file episodes/reacher_c2222.ep175.s2222.json --goal-offset 175 --eval-budget 350
276	reacher	flat_rh5	175	46	logs/rbW_reacher_flat_rh5_t175_seed46.log	python -m surveyor.envs.reacher.eval --subgoal flat --horizon 5 --receding-horizon 5 --source local --local-dir encoder_reacher --h5 "$REACHER_H5" --device cuda --num-eval 128 --seed 46 --cem-seed 46 --episodes-file episodes/reacher_c2222.ep175.s2222.json --goal-offset 175 --eval-budget 350
277	reacher	flat_rh5	175	47	logs/rbW_reacher_flat_rh5_t175_seed47.log	python -m surveyor.envs.reacher.eval --subgoal flat --horizon 5 --receding-horizon 5 --source local --local-dir encoder_reacher --h5 "$REACHER_H5" --device cuda --num-eval 128 --seed 47 --cem-seed 47 --episodes-file episodes/reacher_c2222.ep175.s2222.json --goal-offset 175 --eval-budget 350
278	reacher	flat_rh5	175	48	logs/rbW_reacher_flat_rh5_t175_seed48.log	python -m surveyor.envs.reacher.eval --subgoal flat --horizon 5 --receding-horizon 5 --source local --local-dir encoder_reacher --h5 "$REACHER_H5" --device cuda --num-eval 128 --seed 48 --cem-seed 48 --episodes-file episodes/reacher_c2222.ep175.s2222.json --goal-offset 175 --eval-budget 350
279	reacher	flat_rh5	175	49	logs/rbW_reacher_flat_rh5_t175_seed49.log	python -m surveyor.envs.reacher.eval --subgoal flat --horizon 5 --receding-horizon 5 --source local --local-dir encoder_reacher --h5 "$REACHER_H5" --device cuda --num-eval 128 --seed 49 --cem-seed 49 --episodes-file episodes/reacher_c2222.ep175.s2222.json --goal-offset 175 --eval-budget 350
280	reacher	flat_rh5	195	42	logs/rbW_reacher_flat_rh5_t195_seed42.log	python -m surveyor.envs.reacher.eval --subgoal flat --horizon 5 --receding-horizon 5 --source local --local-dir encoder_reacher --h5 "$REACHER_H5" --device cuda --num-eval 128 --seed 42 --cem-seed 42 --episodes-file episodes/reacher_c2222.ep195.s2222.json --goal-offset 195 --eval-budget 390
281	reacher	flat_rh5	195	43	logs/rbW_reacher_flat_rh5_t195_seed43.log	python -m surveyor.envs.reacher.eval --subgoal flat --horizon 5 --receding-horizon 5 --source local --local-dir encoder_reacher --h5 "$REACHER_H5" --device cuda --num-eval 128 --seed 43 --cem-seed 43 --episodes-file episodes/reacher_c2222.ep195.s2222.json --goal-offset 195 --eval-budget 390
282	reacher	flat_rh5	195	44	logs/rbW_reacher_flat_rh5_t195_seed44.log	python -m surveyor.envs.reacher.eval --subgoal flat --horizon 5 --receding-horizon 5 --source local --local-dir encoder_reacher --h5 "$REACHER_H5" --device cuda --num-eval 128 --seed 44 --cem-seed 44 --episodes-file episodes/reacher_c2222.ep195.s2222.json --goal-offset 195 --eval-budget 390
283	reacher	flat_rh5	195	45	logs/rbW_reacher_flat_rh5_t195_seed45.log	python -m surveyor.envs.reacher.eval --subgoal flat --horizon 5 --receding-horizon 5 --source local --local-dir encoder_reacher --h5 "$REACHER_H5" --device cuda --num-eval 128 --seed 45 --cem-seed 45 --episodes-file episodes/reacher_c2222.ep195.s2222.json --goal-offset 195 --eval-budget 390
284	reacher	flat_rh5	195	46	logs/rbW_reacher_flat_rh5_t195_seed46.log	python -m surveyor.envs.reacher.eval --subgoal flat --horizon 5 --receding-horizon 5 --source local --local-dir encoder_reacher --h5 "$REACHER_H5" --device cuda --num-eval 128 --seed 46 --cem-seed 46 --episodes-file episodes/reacher_c2222.ep195.s2222.json --goal-offset 195 --eval-budget 390
285	reacher	flat_rh5	195	47	logs/rbW_reacher_flat_rh5_t195_seed47.log	python -m surveyor.envs.reacher.eval --subgoal flat --horizon 5 --receding-horizon 5 --source local --local-dir encoder_reacher --h5 "$REACHER_H5" --device cuda --num-eval 128 --seed 47 --cem-seed 47 --episodes-file episodes/reacher_c2222.ep195.s2222.json --goal-offset 195 --eval-budget 390
286	reacher	flat_rh5	195	48	logs/rbW_reacher_flat_rh5_t195_seed48.log	python -m surveyor.envs.reacher.eval --subgoal flat --horizon 5 --receding-horizon 5 --source local --local-dir encoder_reacher --h5 "$REACHER_H5" --device cuda --num-eval 128 --seed 48 --cem-seed 48 --episodes-file episodes/reacher_c2222.ep195.s2222.json --goal-offset 195 --eval-budget 390
287	reacher	flat_rh5	195	49	logs/rbW_reacher_flat_rh5_t195_seed49.log	python -m surveyor.envs.reacher.eval --subgoal flat --horizon 5 --receding-horizon 5 --source local --local-dir encoder_reacher --h5 "$REACHER_H5" --device cuda --num-eval 128 --seed 49 --cem-seed 49 --episodes-file episodes/reacher_c2222.ep195.s2222.json --goal-offset 195 --eval-budget 390
288	reacher	gd_flat_rh2	175	42	logs/rbW_reacher_gd_flat_rh2_t175_seed42.log	python -m surveyor.envs.reacher.eval --solver gd --subgoal flat --horizon 2 --receding-horizon 2 --source local --local-dir encoder_reacher --h5 "$REACHER_H5" --device cuda --num-eval 128 --seed 42 --cem-seed 42 --episodes-file episodes/reacher_c2222.ep175.s2222.json --goal-offset 175 --eval-budget 350
289	reacher	gd_flat_rh2	175	43	logs/rbW_reacher_gd_flat_rh2_t175_seed43.log	python -m surveyor.envs.reacher.eval --solver gd --subgoal flat --horizon 2 --receding-horizon 2 --source local --local-dir encoder_reacher --h5 "$REACHER_H5" --device cuda --num-eval 128 --seed 43 --cem-seed 43 --episodes-file episodes/reacher_c2222.ep175.s2222.json --goal-offset 175 --eval-budget 350
290	reacher	gd_flat_rh2	175	44	logs/rbW_reacher_gd_flat_rh2_t175_seed44.log	python -m surveyor.envs.reacher.eval --solver gd --subgoal flat --horizon 2 --receding-horizon 2 --source local --local-dir encoder_reacher --h5 "$REACHER_H5" --device cuda --num-eval 128 --seed 44 --cem-seed 44 --episodes-file episodes/reacher_c2222.ep175.s2222.json --goal-offset 175 --eval-budget 350
291	reacher	gd_flat_rh2	175	45	logs/rbW_reacher_gd_flat_rh2_t175_seed45.log	python -m surveyor.envs.reacher.eval --solver gd --subgoal flat --horizon 2 --receding-horizon 2 --source local --local-dir encoder_reacher --h5 "$REACHER_H5" --device cuda --num-eval 128 --seed 45 --cem-seed 45 --episodes-file episodes/reacher_c2222.ep175.s2222.json --goal-offset 175 --eval-budget 350
292	reacher	gd_flat_rh2	175	46	logs/rbW_reacher_gd_flat_rh2_t175_seed46.log	python -m surveyor.envs.reacher.eval --solver gd --subgoal flat --horizon 2 --receding-horizon 2 --source local --local-dir encoder_reacher --h5 "$REACHER_H5" --device cuda --num-eval 128 --seed 46 --cem-seed 46 --episodes-file episodes/reacher_c2222.ep175.s2222.json --goal-offset 175 --eval-budget 350
293	reacher	gd_flat_rh2	175	47	logs/rbW_reacher_gd_flat_rh2_t175_seed47.log	python -m surveyor.envs.reacher.eval --solver gd --subgoal flat --horizon 2 --receding-horizon 2 --source local --local-dir encoder_reacher --h5 "$REACHER_H5" --device cuda --num-eval 128 --seed 47 --cem-seed 47 --episodes-file episodes/reacher_c2222.ep175.s2222.json --goal-offset 175 --eval-budget 350
294	reacher	gd_flat_rh2	175	48	logs/rbW_reacher_gd_flat_rh2_t175_seed48.log	python -m surveyor.envs.reacher.eval --solver gd --subgoal flat --horizon 2 --receding-horizon 2 --source local --local-dir encoder_reacher --h5 "$REACHER_H5" --device cuda --num-eval 128 --seed 48 --cem-seed 48 --episodes-file episodes/reacher_c2222.ep175.s2222.json --goal-offset 175 --eval-budget 350
295	reacher	gd_flat_rh2	175	49	logs/rbW_reacher_gd_flat_rh2_t175_seed49.log	python -m surveyor.envs.reacher.eval --solver gd --subgoal flat --horizon 2 --receding-horizon 2 --source local --local-dir encoder_reacher --h5 "$REACHER_H5" --device cuda --num-eval 128 --seed 49 --cem-seed 49 --episodes-file episodes/reacher_c2222.ep175.s2222.json --goal-offset 175 --eval-budget 350
296	reacher	gd_flat_rh2	195	42	logs/rbW_reacher_gd_flat_rh2_t195_seed42.log	python -m surveyor.envs.reacher.eval --solver gd --subgoal flat --horizon 2 --receding-horizon 2 --source local --local-dir encoder_reacher --h5 "$REACHER_H5" --device cuda --num-eval 128 --seed 42 --cem-seed 42 --episodes-file episodes/reacher_c2222.ep195.s2222.json --goal-offset 195 --eval-budget 390
297	reacher	gd_flat_rh2	195	43	logs/rbW_reacher_gd_flat_rh2_t195_seed43.log	python -m surveyor.envs.reacher.eval --solver gd --subgoal flat --horizon 2 --receding-horizon 2 --source local --local-dir encoder_reacher --h5 "$REACHER_H5" --device cuda --num-eval 128 --seed 43 --cem-seed 43 --episodes-file episodes/reacher_c2222.ep195.s2222.json --goal-offset 195 --eval-budget 390
298	reacher	gd_flat_rh2	195	44	logs/rbW_reacher_gd_flat_rh2_t195_seed44.log	python -m surveyor.envs.reacher.eval --solver gd --subgoal flat --horizon 2 --receding-horizon 2 --source local --local-dir encoder_reacher --h5 "$REACHER_H5" --device cuda --num-eval 128 --seed 44 --cem-seed 44 --episodes-file episodes/reacher_c2222.ep195.s2222.json --goal-offset 195 --eval-budget 390
299	reacher	gd_flat_rh2	195	45	logs/rbW_reacher_gd_flat_rh2_t195_seed45.log	python -m surveyor.envs.reacher.eval --solver gd --subgoal flat --horizon 2 --receding-horizon 2 --source local --local-dir encoder_reacher --h5 "$REACHER_H5" --device cuda --num-eval 128 --seed 45 --cem-seed 45 --episodes-file episodes/reacher_c2222.ep195.s2222.json --goal-offset 195 --eval-budget 390
300	reacher	gd_flat_rh2	195	46	logs/rbW_reacher_gd_flat_rh2_t195_seed46.log	python -m surveyor.envs.reacher.eval --solver gd --subgoal flat --horizon 2 --receding-horizon 2 --source local --local-dir encoder_reacher --h5 "$REACHER_H5" --device cuda --num-eval 128 --seed 46 --cem-seed 46 --episodes-file episodes/reacher_c2222.ep195.s2222.json --goal-offset 195 --eval-budget 390
301	reacher	gd_flat_rh2	195	47	logs/rbW_reacher_gd_flat_rh2_t195_seed47.log	python -m surveyor.envs.reacher.eval --solver gd --subgoal flat --horizon 2 --receding-horizon 2 --source local --local-dir encoder_reacher --h5 "$REACHER_H5" --device cuda --num-eval 128 --seed 47 --cem-seed 47 --episodes-file episodes/reacher_c2222.ep195.s2222.json --goal-offset 195 --eval-budget 390
302	reacher	gd_flat_rh2	195	48	logs/rbW_reacher_gd_flat_rh2_t195_seed48.log	python -m surveyor.envs.reacher.eval --solver gd --subgoal flat --horizon 2 --receding-horizon 2 --source local --local-dir encoder_reacher --h5 "$REACHER_H5" --device cuda --num-eval 128 --seed 48 --cem-seed 48 --episodes-file episodes/reacher_c2222.ep195.s2222.json --goal-offset 195 --eval-budget 390
303	reacher	gd_flat_rh2	195	49	logs/rbW_reacher_gd_flat_rh2_t195_seed49.log	python -m surveyor.envs.reacher.eval --solver gd --subgoal flat --horizon 2 --receding-horizon 2 --source local --local-dir encoder_reacher --h5 "$REACHER_H5" --device cuda --num-eval 128 --seed 49 --cem-seed 49 --episodes-file episodes/reacher_c2222.ep195.s2222.json --goal-offset 195 --eval-budget 390
304	reacher	gd_flat_rh5	175	42	logs/rbW_reacher_gd_flat_rh5_t175_seed42.log	python -m surveyor.envs.reacher.eval --solver gd --subgoal flat --horizon 5 --receding-horizon 5 --source local --local-dir encoder_reacher --h5 "$REACHER_H5" --device cuda --num-eval 128 --seed 42 --cem-seed 42 --episodes-file episodes/reacher_c2222.ep175.s2222.json --goal-offset 175 --eval-budget 350
305	reacher	gd_flat_rh5	175	43	logs/rbW_reacher_gd_flat_rh5_t175_seed43.log	python -m surveyor.envs.reacher.eval --solver gd --subgoal flat --horizon 5 --receding-horizon 5 --source local --local-dir encoder_reacher --h5 "$REACHER_H5" --device cuda --num-eval 128 --seed 43 --cem-seed 43 --episodes-file episodes/reacher_c2222.ep175.s2222.json --goal-offset 175 --eval-budget 350
306	reacher	gd_flat_rh5	175	44	logs/rbW_reacher_gd_flat_rh5_t175_seed44.log	python -m surveyor.envs.reacher.eval --solver gd --subgoal flat --horizon 5 --receding-horizon 5 --source local --local-dir encoder_reacher --h5 "$REACHER_H5" --device cuda --num-eval 128 --seed 44 --cem-seed 44 --episodes-file episodes/reacher_c2222.ep175.s2222.json --goal-offset 175 --eval-budget 350
307	reacher	gd_flat_rh5	175	45	logs/rbW_reacher_gd_flat_rh5_t175_seed45.log	python -m surveyor.envs.reacher.eval --solver gd --subgoal flat --horizon 5 --receding-horizon 5 --source local --local-dir encoder_reacher --h5 "$REACHER_H5" --device cuda --num-eval 128 --seed 45 --cem-seed 45 --episodes-file episodes/reacher_c2222.ep175.s2222.json --goal-offset 175 --eval-budget 350
308	reacher	gd_flat_rh5	175	46	logs/rbW_reacher_gd_flat_rh5_t175_seed46.log	python -m surveyor.envs.reacher.eval --solver gd --subgoal flat --horizon 5 --receding-horizon 5 --source local --local-dir encoder_reacher --h5 "$REACHER_H5" --device cuda --num-eval 128 --seed 46 --cem-seed 46 --episodes-file episodes/reacher_c2222.ep175.s2222.json --goal-offset 175 --eval-budget 350
309	reacher	gd_flat_rh5	175	47	logs/rbW_reacher_gd_flat_rh5_t175_seed47.log	python -m surveyor.envs.reacher.eval --solver gd --subgoal flat --horizon 5 --receding-horizon 5 --source local --local-dir encoder_reacher --h5 "$REACHER_H5" --device cuda --num-eval 128 --seed 47 --cem-seed 47 --episodes-file episodes/reacher_c2222.ep175.s2222.json --goal-offset 175 --eval-budget 350
310	reacher	gd_flat_rh5	175	48	logs/rbW_reacher_gd_flat_rh5_t175_seed48.log	python -m surveyor.envs.reacher.eval --solver gd --subgoal flat --horizon 5 --receding-horizon 5 --source local --local-dir encoder_reacher --h5 "$REACHER_H5" --device cuda --num-eval 128 --seed 48 --cem-seed 48 --episodes-file episodes/reacher_c2222.ep175.s2222.json --goal-offset 175 --eval-budget 350
311	reacher	gd_flat_rh5	175	49	logs/rbW_reacher_gd_flat_rh5_t175_seed49.log	python -m surveyor.envs.reacher.eval --solver gd --subgoal flat --horizon 5 --receding-horizon 5 --source local --local-dir encoder_reacher --h5 "$REACHER_H5" --device cuda --num-eval 128 --seed 49 --cem-seed 49 --episodes-file episodes/reacher_c2222.ep175.s2222.json --goal-offset 175 --eval-budget 350
312	reacher	gd_flat_rh5	195	42	logs/rbW_reacher_gd_flat_rh5_t195_seed42.log	python -m surveyor.envs.reacher.eval --solver gd --subgoal flat --horizon 5 --receding-horizon 5 --source local --local-dir encoder_reacher --h5 "$REACHER_H5" --device cuda --num-eval 128 --seed 42 --cem-seed 42 --episodes-file episodes/reacher_c2222.ep195.s2222.json --goal-offset 195 --eval-budget 390
313	reacher	gd_flat_rh5	195	43	logs/rbW_reacher_gd_flat_rh5_t195_seed43.log	python -m surveyor.envs.reacher.eval --solver gd --subgoal flat --horizon 5 --receding-horizon 5 --source local --local-dir encoder_reacher --h5 "$REACHER_H5" --device cuda --num-eval 128 --seed 43 --cem-seed 43 --episodes-file episodes/reacher_c2222.ep195.s2222.json --goal-offset 195 --eval-budget 390
314	reacher	gd_flat_rh5	195	44	logs/rbW_reacher_gd_flat_rh5_t195_seed44.log	python -m surveyor.envs.reacher.eval --solver gd --subgoal flat --horizon 5 --receding-horizon 5 --source local --local-dir encoder_reacher --h5 "$REACHER_H5" --device cuda --num-eval 128 --seed 44 --cem-seed 44 --episodes-file episodes/reacher_c2222.ep195.s2222.json --goal-offset 195 --eval-budget 390
315	reacher	gd_flat_rh5	195	45	logs/rbW_reacher_gd_flat_rh5_t195_seed45.log	python -m surveyor.envs.reacher.eval --solver gd --subgoal flat --horizon 5 --receding-horizon 5 --source local --local-dir encoder_reacher --h5 "$REACHER_H5" --device cuda --num-eval 128 --seed 45 --cem-seed 45 --episodes-file episodes/reacher_c2222.ep195.s2222.json --goal-offset 195 --eval-budget 390
316	reacher	gd_flat_rh5	195	46	logs/rbW_reacher_gd_flat_rh5_t195_seed46.log	python -m surveyor.envs.reacher.eval --solver gd --subgoal flat --horizon 5 --receding-horizon 5 --source local --local-dir encoder_reacher --h5 "$REACHER_H5" --device cuda --num-eval 128 --seed 46 --cem-seed 46 --episodes-file episodes/reacher_c2222.ep195.s2222.json --goal-offset 195 --eval-budget 390
317	reacher	gd_flat_rh5	195	47	logs/rbW_reacher_gd_flat_rh5_t195_seed47.log	python -m surveyor.envs.reacher.eval --solver gd --subgoal flat --horizon 5 --receding-horizon 5 --source local --local-dir encoder_reacher --h5 "$REACHER_H5" --device cuda --num-eval 128 --seed 47 --cem-seed 47 --episodes-file episodes/reacher_c2222.ep195.s2222.json --goal-offset 195 --eval-budget 390
318	reacher	gd_flat_rh5	195	48	logs/rbW_reacher_gd_flat_rh5_t195_seed48.log	python -m surveyor.envs.reacher.eval --solver gd --subgoal flat --horizon 5 --receding-horizon 5 --source local --local-dir encoder_reacher --h5 "$REACHER_H5" --device cuda --num-eval 128 --seed 48 --cem-seed 48 --episodes-file episodes/reacher_c2222.ep195.s2222.json --goal-offset 195 --eval-budget 390
319	reacher	gd_flat_rh5	195	49	logs/rbW_reacher_gd_flat_rh5_t195_seed49.log	python -m surveyor.envs.reacher.eval --solver gd --subgoal flat --horizon 5 --receding-horizon 5 --source local --local-dir encoder_reacher --h5 "$REACHER_H5" --device cuda --num-eval 128 --seed 49 --cem-seed 49 --episodes-file episodes/reacher_c2222.ep195.s2222.json --goal-offset 195 --eval-budget 390
320	reacher	icem_flat_rh2	175	42	logs/rbW_reacher_icem_flat_rh2_t175_seed42.log	python -m surveyor.envs.reacher.eval --solver icem --subgoal flat --horizon 2 --receding-horizon 2 --source local --local-dir encoder_reacher --h5 "$REACHER_H5" --device cuda --num-eval 128 --seed 42 --cem-seed 42 --episodes-file episodes/reacher_c2222.ep175.s2222.json --goal-offset 175 --eval-budget 350
321	reacher	icem_flat_rh2	175	43	logs/rbW_reacher_icem_flat_rh2_t175_seed43.log	python -m surveyor.envs.reacher.eval --solver icem --subgoal flat --horizon 2 --receding-horizon 2 --source local --local-dir encoder_reacher --h5 "$REACHER_H5" --device cuda --num-eval 128 --seed 43 --cem-seed 43 --episodes-file episodes/reacher_c2222.ep175.s2222.json --goal-offset 175 --eval-budget 350
322	reacher	icem_flat_rh2	175	44	logs/rbW_reacher_icem_flat_rh2_t175_seed44.log	python -m surveyor.envs.reacher.eval --solver icem --subgoal flat --horizon 2 --receding-horizon 2 --source local --local-dir encoder_reacher --h5 "$REACHER_H5" --device cuda --num-eval 128 --seed 44 --cem-seed 44 --episodes-file episodes/reacher_c2222.ep175.s2222.json --goal-offset 175 --eval-budget 350
323	reacher	icem_flat_rh2	175	45	logs/rbW_reacher_icem_flat_rh2_t175_seed45.log	python -m surveyor.envs.reacher.eval --solver icem --subgoal flat --horizon 2 --receding-horizon 2 --source local --local-dir encoder_reacher --h5 "$REACHER_H5" --device cuda --num-eval 128 --seed 45 --cem-seed 45 --episodes-file episodes/reacher_c2222.ep175.s2222.json --goal-offset 175 --eval-budget 350
324	reacher	icem_flat_rh2	175	46	logs/rbW_reacher_icem_flat_rh2_t175_seed46.log	python -m surveyor.envs.reacher.eval --solver icem --subgoal flat --horizon 2 --receding-horizon 2 --source local --local-dir encoder_reacher --h5 "$REACHER_H5" --device cuda --num-eval 128 --seed 46 --cem-seed 46 --episodes-file episodes/reacher_c2222.ep175.s2222.json --goal-offset 175 --eval-budget 350
325	reacher	icem_flat_rh2	175	47	logs/rbW_reacher_icem_flat_rh2_t175_seed47.log	python -m surveyor.envs.reacher.eval --solver icem --subgoal flat --horizon 2 --receding-horizon 2 --source local --local-dir encoder_reacher --h5 "$REACHER_H5" --device cuda --num-eval 128 --seed 47 --cem-seed 47 --episodes-file episodes/reacher_c2222.ep175.s2222.json --goal-offset 175 --eval-budget 350
326	reacher	icem_flat_rh2	175	48	logs/rbW_reacher_icem_flat_rh2_t175_seed48.log	python -m surveyor.envs.reacher.eval --solver icem --subgoal flat --horizon 2 --receding-horizon 2 --source local --local-dir encoder_reacher --h5 "$REACHER_H5" --device cuda --num-eval 128 --seed 48 --cem-seed 48 --episodes-file episodes/reacher_c2222.ep175.s2222.json --goal-offset 175 --eval-budget 350
327	reacher	icem_flat_rh2	175	49	logs/rbW_reacher_icem_flat_rh2_t175_seed49.log	python -m surveyor.envs.reacher.eval --solver icem --subgoal flat --horizon 2 --receding-horizon 2 --source local --local-dir encoder_reacher --h5 "$REACHER_H5" --device cuda --num-eval 128 --seed 49 --cem-seed 49 --episodes-file episodes/reacher_c2222.ep175.s2222.json --goal-offset 175 --eval-budget 350
328	reacher	icem_flat_rh2	195	42	logs/rbW_reacher_icem_flat_rh2_t195_seed42.log	python -m surveyor.envs.reacher.eval --solver icem --subgoal flat --horizon 2 --receding-horizon 2 --source local --local-dir encoder_reacher --h5 "$REACHER_H5" --device cuda --num-eval 128 --seed 42 --cem-seed 42 --episodes-file episodes/reacher_c2222.ep195.s2222.json --goal-offset 195 --eval-budget 390
329	reacher	icem_flat_rh2	195	43	logs/rbW_reacher_icem_flat_rh2_t195_seed43.log	python -m surveyor.envs.reacher.eval --solver icem --subgoal flat --horizon 2 --receding-horizon 2 --source local --local-dir encoder_reacher --h5 "$REACHER_H5" --device cuda --num-eval 128 --seed 43 --cem-seed 43 --episodes-file episodes/reacher_c2222.ep195.s2222.json --goal-offset 195 --eval-budget 390
330	reacher	icem_flat_rh2	195	44	logs/rbW_reacher_icem_flat_rh2_t195_seed44.log	python -m surveyor.envs.reacher.eval --solver icem --subgoal flat --horizon 2 --receding-horizon 2 --source local --local-dir encoder_reacher --h5 "$REACHER_H5" --device cuda --num-eval 128 --seed 44 --cem-seed 44 --episodes-file episodes/reacher_c2222.ep195.s2222.json --goal-offset 195 --eval-budget 390
331	reacher	icem_flat_rh2	195	45	logs/rbW_reacher_icem_flat_rh2_t195_seed45.log	python -m surveyor.envs.reacher.eval --solver icem --subgoal flat --horizon 2 --receding-horizon 2 --source local --local-dir encoder_reacher --h5 "$REACHER_H5" --device cuda --num-eval 128 --seed 45 --cem-seed 45 --episodes-file episodes/reacher_c2222.ep195.s2222.json --goal-offset 195 --eval-budget 390
332	reacher	icem_flat_rh2	195	46	logs/rbW_reacher_icem_flat_rh2_t195_seed46.log	python -m surveyor.envs.reacher.eval --solver icem --subgoal flat --horizon 2 --receding-horizon 2 --source local --local-dir encoder_reacher --h5 "$REACHER_H5" --device cuda --num-eval 128 --seed 46 --cem-seed 46 --episodes-file episodes/reacher_c2222.ep195.s2222.json --goal-offset 195 --eval-budget 390
333	reacher	icem_flat_rh2	195	47	logs/rbW_reacher_icem_flat_rh2_t195_seed47.log	python -m surveyor.envs.reacher.eval --solver icem --subgoal flat --horizon 2 --receding-horizon 2 --source local --local-dir encoder_reacher --h5 "$REACHER_H5" --device cuda --num-eval 128 --seed 47 --cem-seed 47 --episodes-file episodes/reacher_c2222.ep195.s2222.json --goal-offset 195 --eval-budget 390
334	reacher	icem_flat_rh2	195	48	logs/rbW_reacher_icem_flat_rh2_t195_seed48.log	python -m surveyor.envs.reacher.eval --solver icem --subgoal flat --horizon 2 --receding-horizon 2 --source local --local-dir encoder_reacher --h5 "$REACHER_H5" --device cuda --num-eval 128 --seed 48 --cem-seed 48 --episodes-file episodes/reacher_c2222.ep195.s2222.json --goal-offset 195 --eval-budget 390
335	reacher	icem_flat_rh2	195	49	logs/rbW_reacher_icem_flat_rh2_t195_seed49.log	python -m surveyor.envs.reacher.eval --solver icem --subgoal flat --horizon 2 --receding-horizon 2 --source local --local-dir encoder_reacher --h5 "$REACHER_H5" --device cuda --num-eval 128 --seed 49 --cem-seed 49 --episodes-file episodes/reacher_c2222.ep195.s2222.json --goal-offset 195 --eval-budget 390
336	reacher	icem_flat_rh5	175	42	logs/rbW_reacher_icem_flat_rh5_t175_seed42.log	python -m surveyor.envs.reacher.eval --solver icem --subgoal flat --horizon 5 --receding-horizon 5 --source local --local-dir encoder_reacher --h5 "$REACHER_H5" --device cuda --num-eval 128 --seed 42 --cem-seed 42 --episodes-file episodes/reacher_c2222.ep175.s2222.json --goal-offset 175 --eval-budget 350
337	reacher	icem_flat_rh5	175	43	logs/rbW_reacher_icem_flat_rh5_t175_seed43.log	python -m surveyor.envs.reacher.eval --solver icem --subgoal flat --horizon 5 --receding-horizon 5 --source local --local-dir encoder_reacher --h5 "$REACHER_H5" --device cuda --num-eval 128 --seed 43 --cem-seed 43 --episodes-file episodes/reacher_c2222.ep175.s2222.json --goal-offset 175 --eval-budget 350
338	reacher	icem_flat_rh5	175	44	logs/rbW_reacher_icem_flat_rh5_t175_seed44.log	python -m surveyor.envs.reacher.eval --solver icem --subgoal flat --horizon 5 --receding-horizon 5 --source local --local-dir encoder_reacher --h5 "$REACHER_H5" --device cuda --num-eval 128 --seed 44 --cem-seed 44 --episodes-file episodes/reacher_c2222.ep175.s2222.json --goal-offset 175 --eval-budget 350
339	reacher	icem_flat_rh5	175	45	logs/rbW_reacher_icem_flat_rh5_t175_seed45.log	python -m surveyor.envs.reacher.eval --solver icem --subgoal flat --horizon 5 --receding-horizon 5 --source local --local-dir encoder_reacher --h5 "$REACHER_H5" --device cuda --num-eval 128 --seed 45 --cem-seed 45 --episodes-file episodes/reacher_c2222.ep175.s2222.json --goal-offset 175 --eval-budget 350
340	reacher	icem_flat_rh5	175	46	logs/rbW_reacher_icem_flat_rh5_t175_seed46.log	python -m surveyor.envs.reacher.eval --solver icem --subgoal flat --horizon 5 --receding-horizon 5 --source local --local-dir encoder_reacher --h5 "$REACHER_H5" --device cuda --num-eval 128 --seed 46 --cem-seed 46 --episodes-file episodes/reacher_c2222.ep175.s2222.json --goal-offset 175 --eval-budget 350
341	reacher	icem_flat_rh5	175	47	logs/rbW_reacher_icem_flat_rh5_t175_seed47.log	python -m surveyor.envs.reacher.eval --solver icem --subgoal flat --horizon 5 --receding-horizon 5 --source local --local-dir encoder_reacher --h5 "$REACHER_H5" --device cuda --num-eval 128 --seed 47 --cem-seed 47 --episodes-file episodes/reacher_c2222.ep175.s2222.json --goal-offset 175 --eval-budget 350
342	reacher	icem_flat_rh5	175	48	logs/rbW_reacher_icem_flat_rh5_t175_seed48.log	python -m surveyor.envs.reacher.eval --solver icem --subgoal flat --horizon 5 --receding-horizon 5 --source local --local-dir encoder_reacher --h5 "$REACHER_H5" --device cuda --num-eval 128 --seed 48 --cem-seed 48 --episodes-file episodes/reacher_c2222.ep175.s2222.json --goal-offset 175 --eval-budget 350
343	reacher	icem_flat_rh5	175	49	logs/rbW_reacher_icem_flat_rh5_t175_seed49.log	python -m surveyor.envs.reacher.eval --solver icem --subgoal flat --horizon 5 --receding-horizon 5 --source local --local-dir encoder_reacher --h5 "$REACHER_H5" --device cuda --num-eval 128 --seed 49 --cem-seed 49 --episodes-file episodes/reacher_c2222.ep175.s2222.json --goal-offset 175 --eval-budget 350
344	reacher	icem_flat_rh5	195	42	logs/rbW_reacher_icem_flat_rh5_t195_seed42.log	python -m surveyor.envs.reacher.eval --solver icem --subgoal flat --horizon 5 --receding-horizon 5 --source local --local-dir encoder_reacher --h5 "$REACHER_H5" --device cuda --num-eval 128 --seed 42 --cem-seed 42 --episodes-file episodes/reacher_c2222.ep195.s2222.json --goal-offset 195 --eval-budget 390
345	reacher	icem_flat_rh5	195	43	logs/rbW_reacher_icem_flat_rh5_t195_seed43.log	python -m surveyor.envs.reacher.eval --solver icem --subgoal flat --horizon 5 --receding-horizon 5 --source local --local-dir encoder_reacher --h5 "$REACHER_H5" --device cuda --num-eval 128 --seed 43 --cem-seed 43 --episodes-file episodes/reacher_c2222.ep195.s2222.json --goal-offset 195 --eval-budget 390
346	reacher	icem_flat_rh5	195	44	logs/rbW_reacher_icem_flat_rh5_t195_seed44.log	python -m surveyor.envs.reacher.eval --solver icem --subgoal flat --horizon 5 --receding-horizon 5 --source local --local-dir encoder_reacher --h5 "$REACHER_H5" --device cuda --num-eval 128 --seed 44 --cem-seed 44 --episodes-file episodes/reacher_c2222.ep195.s2222.json --goal-offset 195 --eval-budget 390
347	reacher	icem_flat_rh5	195	45	logs/rbW_reacher_icem_flat_rh5_t195_seed45.log	python -m surveyor.envs.reacher.eval --solver icem --subgoal flat --horizon 5 --receding-horizon 5 --source local --local-dir encoder_reacher --h5 "$REACHER_H5" --device cuda --num-eval 128 --seed 45 --cem-seed 45 --episodes-file episodes/reacher_c2222.ep195.s2222.json --goal-offset 195 --eval-budget 390
348	reacher	icem_flat_rh5	195	46	logs/rbW_reacher_icem_flat_rh5_t195_seed46.log	python -m surveyor.envs.reacher.eval --solver icem --subgoal flat --horizon 5 --receding-horizon 5 --source local --local-dir encoder_reacher --h5 "$REACHER_H5" --device cuda --num-eval 128 --seed 46 --cem-seed 46 --episodes-file episodes/reacher_c2222.ep195.s2222.json --goal-offset 195 --eval-budget 390
349	reacher	icem_flat_rh5	195	47	logs/rbW_reacher_icem_flat_rh5_t195_seed47.log	python -m surveyor.envs.reacher.eval --solver icem --subgoal flat --horizon 5 --receding-horizon 5 --source local --local-dir encoder_reacher --h5 "$REACHER_H5" --device cuda --num-eval 128 --seed 47 --cem-seed 47 --episodes-file episodes/reacher_c2222.ep195.s2222.json --goal-offset 195 --eval-budget 390
350	reacher	icem_flat_rh5	195	48	logs/rbW_reacher_icem_flat_rh5_t195_seed48.log	python -m surveyor.envs.reacher.eval --solver icem --subgoal flat --horizon 5 --receding-horizon 5 --source local --local-dir encoder_reacher --h5 "$REACHER_H5" --device cuda --num-eval 128 --seed 48 --cem-seed 48 --episodes-file episodes/reacher_c2222.ep195.s2222.json --goal-offset 195 --eval-budget 390
351	reacher	icem_flat_rh5	195	49	logs/rbW_reacher_icem_flat_rh5_t195_seed49.log	python -m surveyor.envs.reacher.eval --solver icem --subgoal flat --horizon 5 --receding-horizon 5 --source local --local-dir encoder_reacher --h5 "$REACHER_H5" --device cuda --num-eval 128 --seed 49 --cem-seed 49 --episodes-file episodes/reacher_c2222.ep195.s2222.json --goal-offset 195 --eval-budget 390
352	reacher	mppi_flat_rh2	175	42	logs/rbW_reacher_mppi_flat_rh2_t175_seed42.log	python -m surveyor.envs.reacher.eval --solver mppi --subgoal flat --horizon 2 --receding-horizon 2 --source local --local-dir encoder_reacher --h5 "$REACHER_H5" --device cuda --num-eval 128 --seed 42 --cem-seed 42 --episodes-file episodes/reacher_c2222.ep175.s2222.json --goal-offset 175 --eval-budget 350
353	reacher	mppi_flat_rh2	175	43	logs/rbW_reacher_mppi_flat_rh2_t175_seed43.log	python -m surveyor.envs.reacher.eval --solver mppi --subgoal flat --horizon 2 --receding-horizon 2 --source local --local-dir encoder_reacher --h5 "$REACHER_H5" --device cuda --num-eval 128 --seed 43 --cem-seed 43 --episodes-file episodes/reacher_c2222.ep175.s2222.json --goal-offset 175 --eval-budget 350
354	reacher	mppi_flat_rh2	175	44	logs/rbW_reacher_mppi_flat_rh2_t175_seed44.log	python -m surveyor.envs.reacher.eval --solver mppi --subgoal flat --horizon 2 --receding-horizon 2 --source local --local-dir encoder_reacher --h5 "$REACHER_H5" --device cuda --num-eval 128 --seed 44 --cem-seed 44 --episodes-file episodes/reacher_c2222.ep175.s2222.json --goal-offset 175 --eval-budget 350
355	reacher	mppi_flat_rh2	175	45	logs/rbW_reacher_mppi_flat_rh2_t175_seed45.log	python -m surveyor.envs.reacher.eval --solver mppi --subgoal flat --horizon 2 --receding-horizon 2 --source local --local-dir encoder_reacher --h5 "$REACHER_H5" --device cuda --num-eval 128 --seed 45 --cem-seed 45 --episodes-file episodes/reacher_c2222.ep175.s2222.json --goal-offset 175 --eval-budget 350
356	reacher	mppi_flat_rh2	175	46	logs/rbW_reacher_mppi_flat_rh2_t175_seed46.log	python -m surveyor.envs.reacher.eval --solver mppi --subgoal flat --horizon 2 --receding-horizon 2 --source local --local-dir encoder_reacher --h5 "$REACHER_H5" --device cuda --num-eval 128 --seed 46 --cem-seed 46 --episodes-file episodes/reacher_c2222.ep175.s2222.json --goal-offset 175 --eval-budget 350
357	reacher	mppi_flat_rh2	175	47	logs/rbW_reacher_mppi_flat_rh2_t175_seed47.log	python -m surveyor.envs.reacher.eval --solver mppi --subgoal flat --horizon 2 --receding-horizon 2 --source local --local-dir encoder_reacher --h5 "$REACHER_H5" --device cuda --num-eval 128 --seed 47 --cem-seed 47 --episodes-file episodes/reacher_c2222.ep175.s2222.json --goal-offset 175 --eval-budget 350
358	reacher	mppi_flat_rh2	175	48	logs/rbW_reacher_mppi_flat_rh2_t175_seed48.log	python -m surveyor.envs.reacher.eval --solver mppi --subgoal flat --horizon 2 --receding-horizon 2 --source local --local-dir encoder_reacher --h5 "$REACHER_H5" --device cuda --num-eval 128 --seed 48 --cem-seed 48 --episodes-file episodes/reacher_c2222.ep175.s2222.json --goal-offset 175 --eval-budget 350
359	reacher	mppi_flat_rh2	175	49	logs/rbW_reacher_mppi_flat_rh2_t175_seed49.log	python -m surveyor.envs.reacher.eval --solver mppi --subgoal flat --horizon 2 --receding-horizon 2 --source local --local-dir encoder_reacher --h5 "$REACHER_H5" --device cuda --num-eval 128 --seed 49 --cem-seed 49 --episodes-file episodes/reacher_c2222.ep175.s2222.json --goal-offset 175 --eval-budget 350
360	reacher	mppi_flat_rh2	195	42	logs/rbW_reacher_mppi_flat_rh2_t195_seed42.log	python -m surveyor.envs.reacher.eval --solver mppi --subgoal flat --horizon 2 --receding-horizon 2 --source local --local-dir encoder_reacher --h5 "$REACHER_H5" --device cuda --num-eval 128 --seed 42 --cem-seed 42 --episodes-file episodes/reacher_c2222.ep195.s2222.json --goal-offset 195 --eval-budget 390
361	reacher	mppi_flat_rh2	195	43	logs/rbW_reacher_mppi_flat_rh2_t195_seed43.log	python -m surveyor.envs.reacher.eval --solver mppi --subgoal flat --horizon 2 --receding-horizon 2 --source local --local-dir encoder_reacher --h5 "$REACHER_H5" --device cuda --num-eval 128 --seed 43 --cem-seed 43 --episodes-file episodes/reacher_c2222.ep195.s2222.json --goal-offset 195 --eval-budget 390
362	reacher	mppi_flat_rh2	195	44	logs/rbW_reacher_mppi_flat_rh2_t195_seed44.log	python -m surveyor.envs.reacher.eval --solver mppi --subgoal flat --horizon 2 --receding-horizon 2 --source local --local-dir encoder_reacher --h5 "$REACHER_H5" --device cuda --num-eval 128 --seed 44 --cem-seed 44 --episodes-file episodes/reacher_c2222.ep195.s2222.json --goal-offset 195 --eval-budget 390
363	reacher	mppi_flat_rh2	195	45	logs/rbW_reacher_mppi_flat_rh2_t195_seed45.log	python -m surveyor.envs.reacher.eval --solver mppi --subgoal flat --horizon 2 --receding-horizon 2 --source local --local-dir encoder_reacher --h5 "$REACHER_H5" --device cuda --num-eval 128 --seed 45 --cem-seed 45 --episodes-file episodes/reacher_c2222.ep195.s2222.json --goal-offset 195 --eval-budget 390
364	reacher	mppi_flat_rh2	195	46	logs/rbW_reacher_mppi_flat_rh2_t195_seed46.log	python -m surveyor.envs.reacher.eval --solver mppi --subgoal flat --horizon 2 --receding-horizon 2 --source local --local-dir encoder_reacher --h5 "$REACHER_H5" --device cuda --num-eval 128 --seed 46 --cem-seed 46 --episodes-file episodes/reacher_c2222.ep195.s2222.json --goal-offset 195 --eval-budget 390
365	reacher	mppi_flat_rh2	195	47	logs/rbW_reacher_mppi_flat_rh2_t195_seed47.log	python -m surveyor.envs.reacher.eval --solver mppi --subgoal flat --horizon 2 --receding-horizon 2 --source local --local-dir encoder_reacher --h5 "$REACHER_H5" --device cuda --num-eval 128 --seed 47 --cem-seed 47 --episodes-file episodes/reacher_c2222.ep195.s2222.json --goal-offset 195 --eval-budget 390
366	reacher	mppi_flat_rh2	195	48	logs/rbW_reacher_mppi_flat_rh2_t195_seed48.log	python -m surveyor.envs.reacher.eval --solver mppi --subgoal flat --horizon 2 --receding-horizon 2 --source local --local-dir encoder_reacher --h5 "$REACHER_H5" --device cuda --num-eval 128 --seed 48 --cem-seed 48 --episodes-file episodes/reacher_c2222.ep195.s2222.json --goal-offset 195 --eval-budget 390
367	reacher	mppi_flat_rh2	195	49	logs/rbW_reacher_mppi_flat_rh2_t195_seed49.log	python -m surveyor.envs.reacher.eval --solver mppi --subgoal flat --horizon 2 --receding-horizon 2 --source local --local-dir encoder_reacher --h5 "$REACHER_H5" --device cuda --num-eval 128 --seed 49 --cem-seed 49 --episodes-file episodes/reacher_c2222.ep195.s2222.json --goal-offset 195 --eval-budget 390
368	reacher	mppi_flat_rh5	175	42	logs/rbW_reacher_mppi_flat_rh5_t175_seed42.log	python -m surveyor.envs.reacher.eval --solver mppi --subgoal flat --horizon 5 --receding-horizon 5 --source local --local-dir encoder_reacher --h5 "$REACHER_H5" --device cuda --num-eval 128 --seed 42 --cem-seed 42 --episodes-file episodes/reacher_c2222.ep175.s2222.json --goal-offset 175 --eval-budget 350
369	reacher	mppi_flat_rh5	175	43	logs/rbW_reacher_mppi_flat_rh5_t175_seed43.log	python -m surveyor.envs.reacher.eval --solver mppi --subgoal flat --horizon 5 --receding-horizon 5 --source local --local-dir encoder_reacher --h5 "$REACHER_H5" --device cuda --num-eval 128 --seed 43 --cem-seed 43 --episodes-file episodes/reacher_c2222.ep175.s2222.json --goal-offset 175 --eval-budget 350
370	reacher	mppi_flat_rh5	175	44	logs/rbW_reacher_mppi_flat_rh5_t175_seed44.log	python -m surveyor.envs.reacher.eval --solver mppi --subgoal flat --horizon 5 --receding-horizon 5 --source local --local-dir encoder_reacher --h5 "$REACHER_H5" --device cuda --num-eval 128 --seed 44 --cem-seed 44 --episodes-file episodes/reacher_c2222.ep175.s2222.json --goal-offset 175 --eval-budget 350
371	reacher	mppi_flat_rh5	175	45	logs/rbW_reacher_mppi_flat_rh5_t175_seed45.log	python -m surveyor.envs.reacher.eval --solver mppi --subgoal flat --horizon 5 --receding-horizon 5 --source local --local-dir encoder_reacher --h5 "$REACHER_H5" --device cuda --num-eval 128 --seed 45 --cem-seed 45 --episodes-file episodes/reacher_c2222.ep175.s2222.json --goal-offset 175 --eval-budget 350
372	reacher	mppi_flat_rh5	175	46	logs/rbW_reacher_mppi_flat_rh5_t175_seed46.log	python -m surveyor.envs.reacher.eval --solver mppi --subgoal flat --horizon 5 --receding-horizon 5 --source local --local-dir encoder_reacher --h5 "$REACHER_H5" --device cuda --num-eval 128 --seed 46 --cem-seed 46 --episodes-file episodes/reacher_c2222.ep175.s2222.json --goal-offset 175 --eval-budget 350
373	reacher	mppi_flat_rh5	175	47	logs/rbW_reacher_mppi_flat_rh5_t175_seed47.log	python -m surveyor.envs.reacher.eval --solver mppi --subgoal flat --horizon 5 --receding-horizon 5 --source local --local-dir encoder_reacher --h5 "$REACHER_H5" --device cuda --num-eval 128 --seed 47 --cem-seed 47 --episodes-file episodes/reacher_c2222.ep175.s2222.json --goal-offset 175 --eval-budget 350
374	reacher	mppi_flat_rh5	175	48	logs/rbW_reacher_mppi_flat_rh5_t175_seed48.log	python -m surveyor.envs.reacher.eval --solver mppi --subgoal flat --horizon 5 --receding-horizon 5 --source local --local-dir encoder_reacher --h5 "$REACHER_H5" --device cuda --num-eval 128 --seed 48 --cem-seed 48 --episodes-file episodes/reacher_c2222.ep175.s2222.json --goal-offset 175 --eval-budget 350
375	reacher	mppi_flat_rh5	175	49	logs/rbW_reacher_mppi_flat_rh5_t175_seed49.log	python -m surveyor.envs.reacher.eval --solver mppi --subgoal flat --horizon 5 --receding-horizon 5 --source local --local-dir encoder_reacher --h5 "$REACHER_H5" --device cuda --num-eval 128 --seed 49 --cem-seed 49 --episodes-file episodes/reacher_c2222.ep175.s2222.json --goal-offset 175 --eval-budget 350
376	reacher	mppi_flat_rh5	195	42	logs/rbW_reacher_mppi_flat_rh5_t195_seed42.log	python -m surveyor.envs.reacher.eval --solver mppi --subgoal flat --horizon 5 --receding-horizon 5 --source local --local-dir encoder_reacher --h5 "$REACHER_H5" --device cuda --num-eval 128 --seed 42 --cem-seed 42 --episodes-file episodes/reacher_c2222.ep195.s2222.json --goal-offset 195 --eval-budget 390
377	reacher	mppi_flat_rh5	195	43	logs/rbW_reacher_mppi_flat_rh5_t195_seed43.log	python -m surveyor.envs.reacher.eval --solver mppi --subgoal flat --horizon 5 --receding-horizon 5 --source local --local-dir encoder_reacher --h5 "$REACHER_H5" --device cuda --num-eval 128 --seed 43 --cem-seed 43 --episodes-file episodes/reacher_c2222.ep195.s2222.json --goal-offset 195 --eval-budget 390
378	reacher	mppi_flat_rh5	195	44	logs/rbW_reacher_mppi_flat_rh5_t195_seed44.log	python -m surveyor.envs.reacher.eval --solver mppi --subgoal flat --horizon 5 --receding-horizon 5 --source local --local-dir encoder_reacher --h5 "$REACHER_H5" --device cuda --num-eval 128 --seed 44 --cem-seed 44 --episodes-file episodes/reacher_c2222.ep195.s2222.json --goal-offset 195 --eval-budget 390
379	reacher	mppi_flat_rh5	195	45	logs/rbW_reacher_mppi_flat_rh5_t195_seed45.log	python -m surveyor.envs.reacher.eval --solver mppi --subgoal flat --horizon 5 --receding-horizon 5 --source local --local-dir encoder_reacher --h5 "$REACHER_H5" --device cuda --num-eval 128 --seed 45 --cem-seed 45 --episodes-file episodes/reacher_c2222.ep195.s2222.json --goal-offset 195 --eval-budget 390
380	reacher	mppi_flat_rh5	195	46	logs/rbW_reacher_mppi_flat_rh5_t195_seed46.log	python -m surveyor.envs.reacher.eval --solver mppi --subgoal flat --horizon 5 --receding-horizon 5 --source local --local-dir encoder_reacher --h5 "$REACHER_H5" --device cuda --num-eval 128 --seed 46 --cem-seed 46 --episodes-file episodes/reacher_c2222.ep195.s2222.json --goal-offset 195 --eval-budget 390
381	reacher	mppi_flat_rh5	195	47	logs/rbW_reacher_mppi_flat_rh5_t195_seed47.log	python -m surveyor.envs.reacher.eval --solver mppi --subgoal flat --horizon 5 --receding-horizon 5 --source local --local-dir encoder_reacher --h5 "$REACHER_H5" --device cuda --num-eval 128 --seed 47 --cem-seed 47 --episodes-file episodes/reacher_c2222.ep195.s2222.json --goal-offset 195 --eval-budget 390
382	reacher	mppi_flat_rh5	195	48	logs/rbW_reacher_mppi_flat_rh5_t195_seed48.log	python -m surveyor.envs.reacher.eval --solver mppi --subgoal flat --horizon 5 --receding-horizon 5 --source local --local-dir encoder_reacher --h5 "$REACHER_H5" --device cuda --num-eval 128 --seed 48 --cem-seed 48 --episodes-file episodes/reacher_c2222.ep195.s2222.json --goal-offset 195 --eval-budget 390
383	reacher	mppi_flat_rh5	195	49	logs/rbW_reacher_mppi_flat_rh5_t195_seed49.log	python -m surveyor.envs.reacher.eval --solver mppi --subgoal flat --horizon 5 --receding-horizon 5 --source local --local-dir encoder_reacher --h5 "$REACHER_H5" --device cuda --num-eval 128 --seed 49 --cem-seed 49 --episodes-file episodes/reacher_c2222.ep195.s2222.json --goal-offset 195 --eval-budget 390
384	cube	gd_surveyor_tauown	175	42	logs/rbW_cube_gd_surveyor_tauown_t175_seed42.log	python -m surveyor.envs.cube.eval --solver gd --subgoal surveyor --gdm-ckpt gdm_cube_s10_gc.pt --gdm-steps 3 --accept-tau 0.794 --horizon 2 --receding-horizon 2 --num-samples 600 --n-steps 30 --source pretrained --encoder-id quentinll/lewm-cube --h5 "$CUBE_H5" --device cuda --goal-offset 175 --eval-budget 350 --num-eval 128 --seed 42 --cem-seed 42 --episodes-file episodes/cube_c2222.episodes175.json
385	cube	gd_surveyor_tauown	175	43	logs/rbW_cube_gd_surveyor_tauown_t175_seed43.log	python -m surveyor.envs.cube.eval --solver gd --subgoal surveyor --gdm-ckpt gdm_cube_s10_gc.pt --gdm-steps 3 --accept-tau 0.794 --horizon 2 --receding-horizon 2 --num-samples 600 --n-steps 30 --source pretrained --encoder-id quentinll/lewm-cube --h5 "$CUBE_H5" --device cuda --goal-offset 175 --eval-budget 350 --num-eval 128 --seed 43 --cem-seed 43 --episodes-file episodes/cube_c2222.episodes175.json
386	cube	gd_surveyor_tauown	175	44	logs/rbW_cube_gd_surveyor_tauown_t175_seed44.log	python -m surveyor.envs.cube.eval --solver gd --subgoal surveyor --gdm-ckpt gdm_cube_s10_gc.pt --gdm-steps 3 --accept-tau 0.794 --horizon 2 --receding-horizon 2 --num-samples 600 --n-steps 30 --source pretrained --encoder-id quentinll/lewm-cube --h5 "$CUBE_H5" --device cuda --goal-offset 175 --eval-budget 350 --num-eval 128 --seed 44 --cem-seed 44 --episodes-file episodes/cube_c2222.episodes175.json
387	cube	gd_surveyor_tauown	175	45	logs/rbW_cube_gd_surveyor_tauown_t175_seed45.log	python -m surveyor.envs.cube.eval --solver gd --subgoal surveyor --gdm-ckpt gdm_cube_s10_gc.pt --gdm-steps 3 --accept-tau 0.794 --horizon 2 --receding-horizon 2 --num-samples 600 --n-steps 30 --source pretrained --encoder-id quentinll/lewm-cube --h5 "$CUBE_H5" --device cuda --goal-offset 175 --eval-budget 350 --num-eval 128 --seed 45 --cem-seed 45 --episodes-file episodes/cube_c2222.episodes175.json
388	cube	gd_surveyor_tauown	175	46	logs/rbW_cube_gd_surveyor_tauown_t175_seed46.log	python -m surveyor.envs.cube.eval --solver gd --subgoal surveyor --gdm-ckpt gdm_cube_s10_gc.pt --gdm-steps 3 --accept-tau 0.794 --horizon 2 --receding-horizon 2 --num-samples 600 --n-steps 30 --source pretrained --encoder-id quentinll/lewm-cube --h5 "$CUBE_H5" --device cuda --goal-offset 175 --eval-budget 350 --num-eval 128 --seed 46 --cem-seed 46 --episodes-file episodes/cube_c2222.episodes175.json
389	cube	gd_surveyor_tauown	175	47	logs/rbW_cube_gd_surveyor_tauown_t175_seed47.log	python -m surveyor.envs.cube.eval --solver gd --subgoal surveyor --gdm-ckpt gdm_cube_s10_gc.pt --gdm-steps 3 --accept-tau 0.794 --horizon 2 --receding-horizon 2 --num-samples 600 --n-steps 30 --source pretrained --encoder-id quentinll/lewm-cube --h5 "$CUBE_H5" --device cuda --goal-offset 175 --eval-budget 350 --num-eval 128 --seed 47 --cem-seed 47 --episodes-file episodes/cube_c2222.episodes175.json
390	cube	gd_surveyor_tauown	175	48	logs/rbW_cube_gd_surveyor_tauown_t175_seed48.log	python -m surveyor.envs.cube.eval --solver gd --subgoal surveyor --gdm-ckpt gdm_cube_s10_gc.pt --gdm-steps 3 --accept-tau 0.794 --horizon 2 --receding-horizon 2 --num-samples 600 --n-steps 30 --source pretrained --encoder-id quentinll/lewm-cube --h5 "$CUBE_H5" --device cuda --goal-offset 175 --eval-budget 350 --num-eval 128 --seed 48 --cem-seed 48 --episodes-file episodes/cube_c2222.episodes175.json
391	cube	gd_surveyor_tauown	175	49	logs/rbW_cube_gd_surveyor_tauown_t175_seed49.log	python -m surveyor.envs.cube.eval --solver gd --subgoal surveyor --gdm-ckpt gdm_cube_s10_gc.pt --gdm-steps 3 --accept-tau 0.794 --horizon 2 --receding-horizon 2 --num-samples 600 --n-steps 30 --source pretrained --encoder-id quentinll/lewm-cube --h5 "$CUBE_H5" --device cuda --goal-offset 175 --eval-budget 350 --num-eval 128 --seed 49 --cem-seed 49 --episodes-file episodes/cube_c2222.episodes175.json
392	cube	gd_surveyor_tauown	195	42	logs/rbW_cube_gd_surveyor_tauown_t195_seed42.log	python -m surveyor.envs.cube.eval --solver gd --subgoal surveyor --gdm-ckpt gdm_cube_s10_gc.pt --gdm-steps 3 --accept-tau 0.794 --horizon 2 --receding-horizon 2 --num-samples 600 --n-steps 30 --source pretrained --encoder-id quentinll/lewm-cube --h5 "$CUBE_H5" --device cuda --goal-offset 195 --eval-budget 390 --num-eval 128 --seed 42 --cem-seed 42 --episodes-file episodes/cube_c2222.episodes195.json
393	cube	gd_surveyor_tauown	195	43	logs/rbW_cube_gd_surveyor_tauown_t195_seed43.log	python -m surveyor.envs.cube.eval --solver gd --subgoal surveyor --gdm-ckpt gdm_cube_s10_gc.pt --gdm-steps 3 --accept-tau 0.794 --horizon 2 --receding-horizon 2 --num-samples 600 --n-steps 30 --source pretrained --encoder-id quentinll/lewm-cube --h5 "$CUBE_H5" --device cuda --goal-offset 195 --eval-budget 390 --num-eval 128 --seed 43 --cem-seed 43 --episodes-file episodes/cube_c2222.episodes195.json
394	cube	gd_surveyor_tauown	195	44	logs/rbW_cube_gd_surveyor_tauown_t195_seed44.log	python -m surveyor.envs.cube.eval --solver gd --subgoal surveyor --gdm-ckpt gdm_cube_s10_gc.pt --gdm-steps 3 --accept-tau 0.794 --horizon 2 --receding-horizon 2 --num-samples 600 --n-steps 30 --source pretrained --encoder-id quentinll/lewm-cube --h5 "$CUBE_H5" --device cuda --goal-offset 195 --eval-budget 390 --num-eval 128 --seed 44 --cem-seed 44 --episodes-file episodes/cube_c2222.episodes195.json
395	cube	gd_surveyor_tauown	195	45	logs/rbW_cube_gd_surveyor_tauown_t195_seed45.log	python -m surveyor.envs.cube.eval --solver gd --subgoal surveyor --gdm-ckpt gdm_cube_s10_gc.pt --gdm-steps 3 --accept-tau 0.794 --horizon 2 --receding-horizon 2 --num-samples 600 --n-steps 30 --source pretrained --encoder-id quentinll/lewm-cube --h5 "$CUBE_H5" --device cuda --goal-offset 195 --eval-budget 390 --num-eval 128 --seed 45 --cem-seed 45 --episodes-file episodes/cube_c2222.episodes195.json
396	cube	gd_surveyor_tauown	195	46	logs/rbW_cube_gd_surveyor_tauown_t195_seed46.log	python -m surveyor.envs.cube.eval --solver gd --subgoal surveyor --gdm-ckpt gdm_cube_s10_gc.pt --gdm-steps 3 --accept-tau 0.794 --horizon 2 --receding-horizon 2 --num-samples 600 --n-steps 30 --source pretrained --encoder-id quentinll/lewm-cube --h5 "$CUBE_H5" --device cuda --goal-offset 195 --eval-budget 390 --num-eval 128 --seed 46 --cem-seed 46 --episodes-file episodes/cube_c2222.episodes195.json
397	cube	gd_surveyor_tauown	195	47	logs/rbW_cube_gd_surveyor_tauown_t195_seed47.log	python -m surveyor.envs.cube.eval --solver gd --subgoal surveyor --gdm-ckpt gdm_cube_s10_gc.pt --gdm-steps 3 --accept-tau 0.794 --horizon 2 --receding-horizon 2 --num-samples 600 --n-steps 30 --source pretrained --encoder-id quentinll/lewm-cube --h5 "$CUBE_H5" --device cuda --goal-offset 195 --eval-budget 390 --num-eval 128 --seed 47 --cem-seed 47 --episodes-file episodes/cube_c2222.episodes195.json
398	cube	gd_surveyor_tauown	195	48	logs/rbW_cube_gd_surveyor_tauown_t195_seed48.log	python -m surveyor.envs.cube.eval --solver gd --subgoal surveyor --gdm-ckpt gdm_cube_s10_gc.pt --gdm-steps 3 --accept-tau 0.794 --horizon 2 --receding-horizon 2 --num-samples 600 --n-steps 30 --source pretrained --encoder-id quentinll/lewm-cube --h5 "$CUBE_H5" --device cuda --goal-offset 195 --eval-budget 390 --num-eval 128 --seed 48 --cem-seed 48 --episodes-file episodes/cube_c2222.episodes195.json
399	cube	gd_surveyor_tauown	195	49	logs/rbW_cube_gd_surveyor_tauown_t195_seed49.log	python -m surveyor.envs.cube.eval --solver gd --subgoal surveyor --gdm-ckpt gdm_cube_s10_gc.pt --gdm-steps 3 --accept-tau 0.794 --horizon 2 --receding-horizon 2 --num-samples 600 --n-steps 30 --source pretrained --encoder-id quentinll/lewm-cube --h5 "$CUBE_H5" --device cuda --goal-offset 195 --eval-budget 390 --num-eval 128 --seed 49 --cem-seed 49 --episodes-file episodes/cube_c2222.episodes195.json
400	cube	icem_surveyor_tauown	175	42	logs/rbW_cube_icem_surveyor_tauown_t175_seed42.log	python -m surveyor.envs.cube.eval --solver icem --subgoal surveyor --gdm-ckpt gdm_cube_s10_gc.pt --gdm-steps 3 --accept-tau 0.794 --horizon 2 --receding-horizon 2 --num-samples 600 --n-steps 30 --source pretrained --encoder-id quentinll/lewm-cube --h5 "$CUBE_H5" --device cuda --goal-offset 175 --eval-budget 350 --num-eval 128 --seed 42 --cem-seed 42 --episodes-file episodes/cube_c2222.episodes175.json
401	cube	icem_surveyor_tauown	175	43	logs/rbW_cube_icem_surveyor_tauown_t175_seed43.log	python -m surveyor.envs.cube.eval --solver icem --subgoal surveyor --gdm-ckpt gdm_cube_s10_gc.pt --gdm-steps 3 --accept-tau 0.794 --horizon 2 --receding-horizon 2 --num-samples 600 --n-steps 30 --source pretrained --encoder-id quentinll/lewm-cube --h5 "$CUBE_H5" --device cuda --goal-offset 175 --eval-budget 350 --num-eval 128 --seed 43 --cem-seed 43 --episodes-file episodes/cube_c2222.episodes175.json
402	cube	icem_surveyor_tauown	175	44	logs/rbW_cube_icem_surveyor_tauown_t175_seed44.log	python -m surveyor.envs.cube.eval --solver icem --subgoal surveyor --gdm-ckpt gdm_cube_s10_gc.pt --gdm-steps 3 --accept-tau 0.794 --horizon 2 --receding-horizon 2 --num-samples 600 --n-steps 30 --source pretrained --encoder-id quentinll/lewm-cube --h5 "$CUBE_H5" --device cuda --goal-offset 175 --eval-budget 350 --num-eval 128 --seed 44 --cem-seed 44 --episodes-file episodes/cube_c2222.episodes175.json
403	cube	icem_surveyor_tauown	175	45	logs/rbW_cube_icem_surveyor_tauown_t175_seed45.log	python -m surveyor.envs.cube.eval --solver icem --subgoal surveyor --gdm-ckpt gdm_cube_s10_gc.pt --gdm-steps 3 --accept-tau 0.794 --horizon 2 --receding-horizon 2 --num-samples 600 --n-steps 30 --source pretrained --encoder-id quentinll/lewm-cube --h5 "$CUBE_H5" --device cuda --goal-offset 175 --eval-budget 350 --num-eval 128 --seed 45 --cem-seed 45 --episodes-file episodes/cube_c2222.episodes175.json
404	cube	icem_surveyor_tauown	175	46	logs/rbW_cube_icem_surveyor_tauown_t175_seed46.log	python -m surveyor.envs.cube.eval --solver icem --subgoal surveyor --gdm-ckpt gdm_cube_s10_gc.pt --gdm-steps 3 --accept-tau 0.794 --horizon 2 --receding-horizon 2 --num-samples 600 --n-steps 30 --source pretrained --encoder-id quentinll/lewm-cube --h5 "$CUBE_H5" --device cuda --goal-offset 175 --eval-budget 350 --num-eval 128 --seed 46 --cem-seed 46 --episodes-file episodes/cube_c2222.episodes175.json
405	cube	icem_surveyor_tauown	175	47	logs/rbW_cube_icem_surveyor_tauown_t175_seed47.log	python -m surveyor.envs.cube.eval --solver icem --subgoal surveyor --gdm-ckpt gdm_cube_s10_gc.pt --gdm-steps 3 --accept-tau 0.794 --horizon 2 --receding-horizon 2 --num-samples 600 --n-steps 30 --source pretrained --encoder-id quentinll/lewm-cube --h5 "$CUBE_H5" --device cuda --goal-offset 175 --eval-budget 350 --num-eval 128 --seed 47 --cem-seed 47 --episodes-file episodes/cube_c2222.episodes175.json
406	cube	icem_surveyor_tauown	175	48	logs/rbW_cube_icem_surveyor_tauown_t175_seed48.log	python -m surveyor.envs.cube.eval --solver icem --subgoal surveyor --gdm-ckpt gdm_cube_s10_gc.pt --gdm-steps 3 --accept-tau 0.794 --horizon 2 --receding-horizon 2 --num-samples 600 --n-steps 30 --source pretrained --encoder-id quentinll/lewm-cube --h5 "$CUBE_H5" --device cuda --goal-offset 175 --eval-budget 350 --num-eval 128 --seed 48 --cem-seed 48 --episodes-file episodes/cube_c2222.episodes175.json
407	cube	icem_surveyor_tauown	175	49	logs/rbW_cube_icem_surveyor_tauown_t175_seed49.log	python -m surveyor.envs.cube.eval --solver icem --subgoal surveyor --gdm-ckpt gdm_cube_s10_gc.pt --gdm-steps 3 --accept-tau 0.794 --horizon 2 --receding-horizon 2 --num-samples 600 --n-steps 30 --source pretrained --encoder-id quentinll/lewm-cube --h5 "$CUBE_H5" --device cuda --goal-offset 175 --eval-budget 350 --num-eval 128 --seed 49 --cem-seed 49 --episodes-file episodes/cube_c2222.episodes175.json
408	cube	icem_surveyor_tauown	195	42	logs/rbW_cube_icem_surveyor_tauown_t195_seed42.log	python -m surveyor.envs.cube.eval --solver icem --subgoal surveyor --gdm-ckpt gdm_cube_s10_gc.pt --gdm-steps 3 --accept-tau 0.794 --horizon 2 --receding-horizon 2 --num-samples 600 --n-steps 30 --source pretrained --encoder-id quentinll/lewm-cube --h5 "$CUBE_H5" --device cuda --goal-offset 195 --eval-budget 390 --num-eval 128 --seed 42 --cem-seed 42 --episodes-file episodes/cube_c2222.episodes195.json
409	cube	icem_surveyor_tauown	195	43	logs/rbW_cube_icem_surveyor_tauown_t195_seed43.log	python -m surveyor.envs.cube.eval --solver icem --subgoal surveyor --gdm-ckpt gdm_cube_s10_gc.pt --gdm-steps 3 --accept-tau 0.794 --horizon 2 --receding-horizon 2 --num-samples 600 --n-steps 30 --source pretrained --encoder-id quentinll/lewm-cube --h5 "$CUBE_H5" --device cuda --goal-offset 195 --eval-budget 390 --num-eval 128 --seed 43 --cem-seed 43 --episodes-file episodes/cube_c2222.episodes195.json
410	cube	icem_surveyor_tauown	195	44	logs/rbW_cube_icem_surveyor_tauown_t195_seed44.log	python -m surveyor.envs.cube.eval --solver icem --subgoal surveyor --gdm-ckpt gdm_cube_s10_gc.pt --gdm-steps 3 --accept-tau 0.794 --horizon 2 --receding-horizon 2 --num-samples 600 --n-steps 30 --source pretrained --encoder-id quentinll/lewm-cube --h5 "$CUBE_H5" --device cuda --goal-offset 195 --eval-budget 390 --num-eval 128 --seed 44 --cem-seed 44 --episodes-file episodes/cube_c2222.episodes195.json
411	cube	icem_surveyor_tauown	195	45	logs/rbW_cube_icem_surveyor_tauown_t195_seed45.log	python -m surveyor.envs.cube.eval --solver icem --subgoal surveyor --gdm-ckpt gdm_cube_s10_gc.pt --gdm-steps 3 --accept-tau 0.794 --horizon 2 --receding-horizon 2 --num-samples 600 --n-steps 30 --source pretrained --encoder-id quentinll/lewm-cube --h5 "$CUBE_H5" --device cuda --goal-offset 195 --eval-budget 390 --num-eval 128 --seed 45 --cem-seed 45 --episodes-file episodes/cube_c2222.episodes195.json
412	cube	icem_surveyor_tauown	195	46	logs/rbW_cube_icem_surveyor_tauown_t195_seed46.log	python -m surveyor.envs.cube.eval --solver icem --subgoal surveyor --gdm-ckpt gdm_cube_s10_gc.pt --gdm-steps 3 --accept-tau 0.794 --horizon 2 --receding-horizon 2 --num-samples 600 --n-steps 30 --source pretrained --encoder-id quentinll/lewm-cube --h5 "$CUBE_H5" --device cuda --goal-offset 195 --eval-budget 390 --num-eval 128 --seed 46 --cem-seed 46 --episodes-file episodes/cube_c2222.episodes195.json
413	cube	icem_surveyor_tauown	195	47	logs/rbW_cube_icem_surveyor_tauown_t195_seed47.log	python -m surveyor.envs.cube.eval --solver icem --subgoal surveyor --gdm-ckpt gdm_cube_s10_gc.pt --gdm-steps 3 --accept-tau 0.794 --horizon 2 --receding-horizon 2 --num-samples 600 --n-steps 30 --source pretrained --encoder-id quentinll/lewm-cube --h5 "$CUBE_H5" --device cuda --goal-offset 195 --eval-budget 390 --num-eval 128 --seed 47 --cem-seed 47 --episodes-file episodes/cube_c2222.episodes195.json
414	cube	icem_surveyor_tauown	195	48	logs/rbW_cube_icem_surveyor_tauown_t195_seed48.log	python -m surveyor.envs.cube.eval --solver icem --subgoal surveyor --gdm-ckpt gdm_cube_s10_gc.pt --gdm-steps 3 --accept-tau 0.794 --horizon 2 --receding-horizon 2 --num-samples 600 --n-steps 30 --source pretrained --encoder-id quentinll/lewm-cube --h5 "$CUBE_H5" --device cuda --goal-offset 195 --eval-budget 390 --num-eval 128 --seed 48 --cem-seed 48 --episodes-file episodes/cube_c2222.episodes195.json
415	cube	icem_surveyor_tauown	195	49	logs/rbW_cube_icem_surveyor_tauown_t195_seed49.log	python -m surveyor.envs.cube.eval --solver icem --subgoal surveyor --gdm-ckpt gdm_cube_s10_gc.pt --gdm-steps 3 --accept-tau 0.794 --horizon 2 --receding-horizon 2 --num-samples 600 --n-steps 30 --source pretrained --encoder-id quentinll/lewm-cube --h5 "$CUBE_H5" --device cuda --goal-offset 195 --eval-budget 390 --num-eval 128 --seed 49 --cem-seed 49 --episodes-file episodes/cube_c2222.episodes195.json
416	cube	mppi_surveyor_tauown	175	42	logs/rbW_cube_mppi_surveyor_tauown_t175_seed42.log	python -m surveyor.envs.cube.eval --solver mppi --subgoal surveyor --gdm-ckpt gdm_cube_s10_gc.pt --gdm-steps 3 --accept-tau 0.794 --horizon 2 --receding-horizon 2 --num-samples 600 --n-steps 30 --source pretrained --encoder-id quentinll/lewm-cube --h5 "$CUBE_H5" --device cuda --goal-offset 175 --eval-budget 350 --num-eval 128 --seed 42 --cem-seed 42 --episodes-file episodes/cube_c2222.episodes175.json
417	cube	mppi_surveyor_tauown	175	43	logs/rbW_cube_mppi_surveyor_tauown_t175_seed43.log	python -m surveyor.envs.cube.eval --solver mppi --subgoal surveyor --gdm-ckpt gdm_cube_s10_gc.pt --gdm-steps 3 --accept-tau 0.794 --horizon 2 --receding-horizon 2 --num-samples 600 --n-steps 30 --source pretrained --encoder-id quentinll/lewm-cube --h5 "$CUBE_H5" --device cuda --goal-offset 175 --eval-budget 350 --num-eval 128 --seed 43 --cem-seed 43 --episodes-file episodes/cube_c2222.episodes175.json
418	cube	mppi_surveyor_tauown	175	44	logs/rbW_cube_mppi_surveyor_tauown_t175_seed44.log	python -m surveyor.envs.cube.eval --solver mppi --subgoal surveyor --gdm-ckpt gdm_cube_s10_gc.pt --gdm-steps 3 --accept-tau 0.794 --horizon 2 --receding-horizon 2 --num-samples 600 --n-steps 30 --source pretrained --encoder-id quentinll/lewm-cube --h5 "$CUBE_H5" --device cuda --goal-offset 175 --eval-budget 350 --num-eval 128 --seed 44 --cem-seed 44 --episodes-file episodes/cube_c2222.episodes175.json
419	cube	mppi_surveyor_tauown	175	45	logs/rbW_cube_mppi_surveyor_tauown_t175_seed45.log	python -m surveyor.envs.cube.eval --solver mppi --subgoal surveyor --gdm-ckpt gdm_cube_s10_gc.pt --gdm-steps 3 --accept-tau 0.794 --horizon 2 --receding-horizon 2 --num-samples 600 --n-steps 30 --source pretrained --encoder-id quentinll/lewm-cube --h5 "$CUBE_H5" --device cuda --goal-offset 175 --eval-budget 350 --num-eval 128 --seed 45 --cem-seed 45 --episodes-file episodes/cube_c2222.episodes175.json
420	cube	mppi_surveyor_tauown	175	46	logs/rbW_cube_mppi_surveyor_tauown_t175_seed46.log	python -m surveyor.envs.cube.eval --solver mppi --subgoal surveyor --gdm-ckpt gdm_cube_s10_gc.pt --gdm-steps 3 --accept-tau 0.794 --horizon 2 --receding-horizon 2 --num-samples 600 --n-steps 30 --source pretrained --encoder-id quentinll/lewm-cube --h5 "$CUBE_H5" --device cuda --goal-offset 175 --eval-budget 350 --num-eval 128 --seed 46 --cem-seed 46 --episodes-file episodes/cube_c2222.episodes175.json
421	cube	mppi_surveyor_tauown	175	47	logs/rbW_cube_mppi_surveyor_tauown_t175_seed47.log	python -m surveyor.envs.cube.eval --solver mppi --subgoal surveyor --gdm-ckpt gdm_cube_s10_gc.pt --gdm-steps 3 --accept-tau 0.794 --horizon 2 --receding-horizon 2 --num-samples 600 --n-steps 30 --source pretrained --encoder-id quentinll/lewm-cube --h5 "$CUBE_H5" --device cuda --goal-offset 175 --eval-budget 350 --num-eval 128 --seed 47 --cem-seed 47 --episodes-file episodes/cube_c2222.episodes175.json
422	cube	mppi_surveyor_tauown	175	48	logs/rbW_cube_mppi_surveyor_tauown_t175_seed48.log	python -m surveyor.envs.cube.eval --solver mppi --subgoal surveyor --gdm-ckpt gdm_cube_s10_gc.pt --gdm-steps 3 --accept-tau 0.794 --horizon 2 --receding-horizon 2 --num-samples 600 --n-steps 30 --source pretrained --encoder-id quentinll/lewm-cube --h5 "$CUBE_H5" --device cuda --goal-offset 175 --eval-budget 350 --num-eval 128 --seed 48 --cem-seed 48 --episodes-file episodes/cube_c2222.episodes175.json
423	cube	mppi_surveyor_tauown	175	49	logs/rbW_cube_mppi_surveyor_tauown_t175_seed49.log	python -m surveyor.envs.cube.eval --solver mppi --subgoal surveyor --gdm-ckpt gdm_cube_s10_gc.pt --gdm-steps 3 --accept-tau 0.794 --horizon 2 --receding-horizon 2 --num-samples 600 --n-steps 30 --source pretrained --encoder-id quentinll/lewm-cube --h5 "$CUBE_H5" --device cuda --goal-offset 175 --eval-budget 350 --num-eval 128 --seed 49 --cem-seed 49 --episodes-file episodes/cube_c2222.episodes175.json
424	cube	mppi_surveyor_tauown	195	42	logs/rbW_cube_mppi_surveyor_tauown_t195_seed42.log	python -m surveyor.envs.cube.eval --solver mppi --subgoal surveyor --gdm-ckpt gdm_cube_s10_gc.pt --gdm-steps 3 --accept-tau 0.794 --horizon 2 --receding-horizon 2 --num-samples 600 --n-steps 30 --source pretrained --encoder-id quentinll/lewm-cube --h5 "$CUBE_H5" --device cuda --goal-offset 195 --eval-budget 390 --num-eval 128 --seed 42 --cem-seed 42 --episodes-file episodes/cube_c2222.episodes195.json
425	cube	mppi_surveyor_tauown	195	43	logs/rbW_cube_mppi_surveyor_tauown_t195_seed43.log	python -m surveyor.envs.cube.eval --solver mppi --subgoal surveyor --gdm-ckpt gdm_cube_s10_gc.pt --gdm-steps 3 --accept-tau 0.794 --horizon 2 --receding-horizon 2 --num-samples 600 --n-steps 30 --source pretrained --encoder-id quentinll/lewm-cube --h5 "$CUBE_H5" --device cuda --goal-offset 195 --eval-budget 390 --num-eval 128 --seed 43 --cem-seed 43 --episodes-file episodes/cube_c2222.episodes195.json
426	cube	mppi_surveyor_tauown	195	44	logs/rbW_cube_mppi_surveyor_tauown_t195_seed44.log	python -m surveyor.envs.cube.eval --solver mppi --subgoal surveyor --gdm-ckpt gdm_cube_s10_gc.pt --gdm-steps 3 --accept-tau 0.794 --horizon 2 --receding-horizon 2 --num-samples 600 --n-steps 30 --source pretrained --encoder-id quentinll/lewm-cube --h5 "$CUBE_H5" --device cuda --goal-offset 195 --eval-budget 390 --num-eval 128 --seed 44 --cem-seed 44 --episodes-file episodes/cube_c2222.episodes195.json
427	cube	mppi_surveyor_tauown	195	45	logs/rbW_cube_mppi_surveyor_tauown_t195_seed45.log	python -m surveyor.envs.cube.eval --solver mppi --subgoal surveyor --gdm-ckpt gdm_cube_s10_gc.pt --gdm-steps 3 --accept-tau 0.794 --horizon 2 --receding-horizon 2 --num-samples 600 --n-steps 30 --source pretrained --encoder-id quentinll/lewm-cube --h5 "$CUBE_H5" --device cuda --goal-offset 195 --eval-budget 390 --num-eval 128 --seed 45 --cem-seed 45 --episodes-file episodes/cube_c2222.episodes195.json
428	cube	mppi_surveyor_tauown	195	46	logs/rbW_cube_mppi_surveyor_tauown_t195_seed46.log	python -m surveyor.envs.cube.eval --solver mppi --subgoal surveyor --gdm-ckpt gdm_cube_s10_gc.pt --gdm-steps 3 --accept-tau 0.794 --horizon 2 --receding-horizon 2 --num-samples 600 --n-steps 30 --source pretrained --encoder-id quentinll/lewm-cube --h5 "$CUBE_H5" --device cuda --goal-offset 195 --eval-budget 390 --num-eval 128 --seed 46 --cem-seed 46 --episodes-file episodes/cube_c2222.episodes195.json
429	cube	mppi_surveyor_tauown	195	47	logs/rbW_cube_mppi_surveyor_tauown_t195_seed47.log	python -m surveyor.envs.cube.eval --solver mppi --subgoal surveyor --gdm-ckpt gdm_cube_s10_gc.pt --gdm-steps 3 --accept-tau 0.794 --horizon 2 --receding-horizon 2 --num-samples 600 --n-steps 30 --source pretrained --encoder-id quentinll/lewm-cube --h5 "$CUBE_H5" --device cuda --goal-offset 195 --eval-budget 390 --num-eval 128 --seed 47 --cem-seed 47 --episodes-file episodes/cube_c2222.episodes195.json
430	cube	mppi_surveyor_tauown	195	48	logs/rbW_cube_mppi_surveyor_tauown_t195_seed48.log	python -m surveyor.envs.cube.eval --solver mppi --subgoal surveyor --gdm-ckpt gdm_cube_s10_gc.pt --gdm-steps 3 --accept-tau 0.794 --horizon 2 --receding-horizon 2 --num-samples 600 --n-steps 30 --source pretrained --encoder-id quentinll/lewm-cube --h5 "$CUBE_H5" --device cuda --goal-offset 195 --eval-budget 390 --num-eval 128 --seed 48 --cem-seed 48 --episodes-file episodes/cube_c2222.episodes195.json
431	cube	mppi_surveyor_tauown	195	49	logs/rbW_cube_mppi_surveyor_tauown_t195_seed49.log	python -m surveyor.envs.cube.eval --solver mppi --subgoal surveyor --gdm-ckpt gdm_cube_s10_gc.pt --gdm-steps 3 --accept-tau 0.794 --horizon 2 --receding-horizon 2 --num-samples 600 --n-steps 30 --source pretrained --encoder-id quentinll/lewm-cube --h5 "$CUBE_H5" --device cuda --goal-offset 195 --eval-budget 390 --num-eval 128 --seed 49 --cem-seed 49 --episodes-file episodes/cube_c2222.episodes195.json
432	cube	surveyor_tauown	175	42	logs/rbW_cube_surveyor_tauown_t175_seed42.log	python -m surveyor.envs.cube.eval --subgoal surveyor --gdm-ckpt gdm_cube_s10_gc.pt --gdm-steps 3 --accept-tau 0.794 --horizon 2 --receding-horizon 2 --num-samples 600 --n-steps 30 --source pretrained --encoder-id quentinll/lewm-cube --h5 "$CUBE_H5" --device cuda --goal-offset 175 --eval-budget 350 --num-eval 128 --seed 42 --cem-seed 42 --episodes-file episodes/cube_c2222.episodes175.json
433	cube	surveyor_tauown	175	43	logs/rbW_cube_surveyor_tauown_t175_seed43.log	python -m surveyor.envs.cube.eval --subgoal surveyor --gdm-ckpt gdm_cube_s10_gc.pt --gdm-steps 3 --accept-tau 0.794 --horizon 2 --receding-horizon 2 --num-samples 600 --n-steps 30 --source pretrained --encoder-id quentinll/lewm-cube --h5 "$CUBE_H5" --device cuda --goal-offset 175 --eval-budget 350 --num-eval 128 --seed 43 --cem-seed 43 --episodes-file episodes/cube_c2222.episodes175.json
434	cube	surveyor_tauown	175	44	logs/rbW_cube_surveyor_tauown_t175_seed44.log	python -m surveyor.envs.cube.eval --subgoal surveyor --gdm-ckpt gdm_cube_s10_gc.pt --gdm-steps 3 --accept-tau 0.794 --horizon 2 --receding-horizon 2 --num-samples 600 --n-steps 30 --source pretrained --encoder-id quentinll/lewm-cube --h5 "$CUBE_H5" --device cuda --goal-offset 175 --eval-budget 350 --num-eval 128 --seed 44 --cem-seed 44 --episodes-file episodes/cube_c2222.episodes175.json
435	cube	surveyor_tauown	175	45	logs/rbW_cube_surveyor_tauown_t175_seed45.log	python -m surveyor.envs.cube.eval --subgoal surveyor --gdm-ckpt gdm_cube_s10_gc.pt --gdm-steps 3 --accept-tau 0.794 --horizon 2 --receding-horizon 2 --num-samples 600 --n-steps 30 --source pretrained --encoder-id quentinll/lewm-cube --h5 "$CUBE_H5" --device cuda --goal-offset 175 --eval-budget 350 --num-eval 128 --seed 45 --cem-seed 45 --episodes-file episodes/cube_c2222.episodes175.json
436	cube	surveyor_tauown	175	46	logs/rbW_cube_surveyor_tauown_t175_seed46.log	python -m surveyor.envs.cube.eval --subgoal surveyor --gdm-ckpt gdm_cube_s10_gc.pt --gdm-steps 3 --accept-tau 0.794 --horizon 2 --receding-horizon 2 --num-samples 600 --n-steps 30 --source pretrained --encoder-id quentinll/lewm-cube --h5 "$CUBE_H5" --device cuda --goal-offset 175 --eval-budget 350 --num-eval 128 --seed 46 --cem-seed 46 --episodes-file episodes/cube_c2222.episodes175.json
437	cube	surveyor_tauown	175	47	logs/rbW_cube_surveyor_tauown_t175_seed47.log	python -m surveyor.envs.cube.eval --subgoal surveyor --gdm-ckpt gdm_cube_s10_gc.pt --gdm-steps 3 --accept-tau 0.794 --horizon 2 --receding-horizon 2 --num-samples 600 --n-steps 30 --source pretrained --encoder-id quentinll/lewm-cube --h5 "$CUBE_H5" --device cuda --goal-offset 175 --eval-budget 350 --num-eval 128 --seed 47 --cem-seed 47 --episodes-file episodes/cube_c2222.episodes175.json
438	cube	surveyor_tauown	175	48	logs/rbW_cube_surveyor_tauown_t175_seed48.log	python -m surveyor.envs.cube.eval --subgoal surveyor --gdm-ckpt gdm_cube_s10_gc.pt --gdm-steps 3 --accept-tau 0.794 --horizon 2 --receding-horizon 2 --num-samples 600 --n-steps 30 --source pretrained --encoder-id quentinll/lewm-cube --h5 "$CUBE_H5" --device cuda --goal-offset 175 --eval-budget 350 --num-eval 128 --seed 48 --cem-seed 48 --episodes-file episodes/cube_c2222.episodes175.json
439	cube	surveyor_tauown	175	49	logs/rbW_cube_surveyor_tauown_t175_seed49.log	python -m surveyor.envs.cube.eval --subgoal surveyor --gdm-ckpt gdm_cube_s10_gc.pt --gdm-steps 3 --accept-tau 0.794 --horizon 2 --receding-horizon 2 --num-samples 600 --n-steps 30 --source pretrained --encoder-id quentinll/lewm-cube --h5 "$CUBE_H5" --device cuda --goal-offset 175 --eval-budget 350 --num-eval 128 --seed 49 --cem-seed 49 --episodes-file episodes/cube_c2222.episodes175.json
440	cube	surveyor_tauown	195	42	logs/rbW_cube_surveyor_tauown_t195_seed42.log	python -m surveyor.envs.cube.eval --subgoal surveyor --gdm-ckpt gdm_cube_s10_gc.pt --gdm-steps 3 --accept-tau 0.794 --horizon 2 --receding-horizon 2 --num-samples 600 --n-steps 30 --source pretrained --encoder-id quentinll/lewm-cube --h5 "$CUBE_H5" --device cuda --goal-offset 195 --eval-budget 390 --num-eval 128 --seed 42 --cem-seed 42 --episodes-file episodes/cube_c2222.episodes195.json
441	cube	surveyor_tauown	195	43	logs/rbW_cube_surveyor_tauown_t195_seed43.log	python -m surveyor.envs.cube.eval --subgoal surveyor --gdm-ckpt gdm_cube_s10_gc.pt --gdm-steps 3 --accept-tau 0.794 --horizon 2 --receding-horizon 2 --num-samples 600 --n-steps 30 --source pretrained --encoder-id quentinll/lewm-cube --h5 "$CUBE_H5" --device cuda --goal-offset 195 --eval-budget 390 --num-eval 128 --seed 43 --cem-seed 43 --episodes-file episodes/cube_c2222.episodes195.json
442	cube	surveyor_tauown	195	44	logs/rbW_cube_surveyor_tauown_t195_seed44.log	python -m surveyor.envs.cube.eval --subgoal surveyor --gdm-ckpt gdm_cube_s10_gc.pt --gdm-steps 3 --accept-tau 0.794 --horizon 2 --receding-horizon 2 --num-samples 600 --n-steps 30 --source pretrained --encoder-id quentinll/lewm-cube --h5 "$CUBE_H5" --device cuda --goal-offset 195 --eval-budget 390 --num-eval 128 --seed 44 --cem-seed 44 --episodes-file episodes/cube_c2222.episodes195.json
443	cube	surveyor_tauown	195	45	logs/rbW_cube_surveyor_tauown_t195_seed45.log	python -m surveyor.envs.cube.eval --subgoal surveyor --gdm-ckpt gdm_cube_s10_gc.pt --gdm-steps 3 --accept-tau 0.794 --horizon 2 --receding-horizon 2 --num-samples 600 --n-steps 30 --source pretrained --encoder-id quentinll/lewm-cube --h5 "$CUBE_H5" --device cuda --goal-offset 195 --eval-budget 390 --num-eval 128 --seed 45 --cem-seed 45 --episodes-file episodes/cube_c2222.episodes195.json
444	cube	surveyor_tauown	195	46	logs/rbW_cube_surveyor_tauown_t195_seed46.log	python -m surveyor.envs.cube.eval --subgoal surveyor --gdm-ckpt gdm_cube_s10_gc.pt --gdm-steps 3 --accept-tau 0.794 --horizon 2 --receding-horizon 2 --num-samples 600 --n-steps 30 --source pretrained --encoder-id quentinll/lewm-cube --h5 "$CUBE_H5" --device cuda --goal-offset 195 --eval-budget 390 --num-eval 128 --seed 46 --cem-seed 46 --episodes-file episodes/cube_c2222.episodes195.json
445	cube	surveyor_tauown	195	47	logs/rbW_cube_surveyor_tauown_t195_seed47.log	python -m surveyor.envs.cube.eval --subgoal surveyor --gdm-ckpt gdm_cube_s10_gc.pt --gdm-steps 3 --accept-tau 0.794 --horizon 2 --receding-horizon 2 --num-samples 600 --n-steps 30 --source pretrained --encoder-id quentinll/lewm-cube --h5 "$CUBE_H5" --device cuda --goal-offset 195 --eval-budget 390 --num-eval 128 --seed 47 --cem-seed 47 --episodes-file episodes/cube_c2222.episodes195.json
446	cube	surveyor_tauown	195	48	logs/rbW_cube_surveyor_tauown_t195_seed48.log	python -m surveyor.envs.cube.eval --subgoal surveyor --gdm-ckpt gdm_cube_s10_gc.pt --gdm-steps 3 --accept-tau 0.794 --horizon 2 --receding-horizon 2 --num-samples 600 --n-steps 30 --source pretrained --encoder-id quentinll/lewm-cube --h5 "$CUBE_H5" --device cuda --goal-offset 195 --eval-budget 390 --num-eval 128 --seed 48 --cem-seed 48 --episodes-file episodes/cube_c2222.episodes195.json
447	cube	surveyor_tauown	195	49	logs/rbW_cube_surveyor_tauown_t195_seed49.log	python -m surveyor.envs.cube.eval --subgoal surveyor --gdm-ckpt gdm_cube_s10_gc.pt --gdm-steps 3 --accept-tau 0.794 --horizon 2 --receding-horizon 2 --num-samples 600 --n-steps 30 --source pretrained --encoder-id quentinll/lewm-cube --h5 "$CUBE_H5" --device cuda --goal-offset 195 --eval-budget 390 --num-eval 128 --seed 49 --cem-seed 49 --episodes-file episodes/cube_c2222.episodes195.json
448	reacher	gd_surveyor_tauown	175	42	logs/rbW_reacher_gd_surveyor_tauown_t175_seed42.log	python -m surveyor.envs.reacher.eval --solver gd --subgoal surveyor --gdm-ckpt gdm_reacher_s10.pt --gdm-steps 8 --accept-tau 0.106 --horizon 2 --receding-horizon 2 --source local --local-dir encoder_reacher --h5 "$REACHER_H5" --device cuda --num-eval 128 --seed 42 --cem-seed 42 --episodes-file episodes/reacher_c2222.ep175.s2222.json --goal-offset 175 --eval-budget 350
449	reacher	gd_surveyor_tauown	175	43	logs/rbW_reacher_gd_surveyor_tauown_t175_seed43.log	python -m surveyor.envs.reacher.eval --solver gd --subgoal surveyor --gdm-ckpt gdm_reacher_s10.pt --gdm-steps 8 --accept-tau 0.106 --horizon 2 --receding-horizon 2 --source local --local-dir encoder_reacher --h5 "$REACHER_H5" --device cuda --num-eval 128 --seed 43 --cem-seed 43 --episodes-file episodes/reacher_c2222.ep175.s2222.json --goal-offset 175 --eval-budget 350
450	reacher	gd_surveyor_tauown	175	44	logs/rbW_reacher_gd_surveyor_tauown_t175_seed44.log	python -m surveyor.envs.reacher.eval --solver gd --subgoal surveyor --gdm-ckpt gdm_reacher_s10.pt --gdm-steps 8 --accept-tau 0.106 --horizon 2 --receding-horizon 2 --source local --local-dir encoder_reacher --h5 "$REACHER_H5" --device cuda --num-eval 128 --seed 44 --cem-seed 44 --episodes-file episodes/reacher_c2222.ep175.s2222.json --goal-offset 175 --eval-budget 350
451	reacher	gd_surveyor_tauown	175	45	logs/rbW_reacher_gd_surveyor_tauown_t175_seed45.log	python -m surveyor.envs.reacher.eval --solver gd --subgoal surveyor --gdm-ckpt gdm_reacher_s10.pt --gdm-steps 8 --accept-tau 0.106 --horizon 2 --receding-horizon 2 --source local --local-dir encoder_reacher --h5 "$REACHER_H5" --device cuda --num-eval 128 --seed 45 --cem-seed 45 --episodes-file episodes/reacher_c2222.ep175.s2222.json --goal-offset 175 --eval-budget 350
452	reacher	gd_surveyor_tauown	175	46	logs/rbW_reacher_gd_surveyor_tauown_t175_seed46.log	python -m surveyor.envs.reacher.eval --solver gd --subgoal surveyor --gdm-ckpt gdm_reacher_s10.pt --gdm-steps 8 --accept-tau 0.106 --horizon 2 --receding-horizon 2 --source local --local-dir encoder_reacher --h5 "$REACHER_H5" --device cuda --num-eval 128 --seed 46 --cem-seed 46 --episodes-file episodes/reacher_c2222.ep175.s2222.json --goal-offset 175 --eval-budget 350
453	reacher	gd_surveyor_tauown	175	47	logs/rbW_reacher_gd_surveyor_tauown_t175_seed47.log	python -m surveyor.envs.reacher.eval --solver gd --subgoal surveyor --gdm-ckpt gdm_reacher_s10.pt --gdm-steps 8 --accept-tau 0.106 --horizon 2 --receding-horizon 2 --source local --local-dir encoder_reacher --h5 "$REACHER_H5" --device cuda --num-eval 128 --seed 47 --cem-seed 47 --episodes-file episodes/reacher_c2222.ep175.s2222.json --goal-offset 175 --eval-budget 350
454	reacher	gd_surveyor_tauown	175	48	logs/rbW_reacher_gd_surveyor_tauown_t175_seed48.log	python -m surveyor.envs.reacher.eval --solver gd --subgoal surveyor --gdm-ckpt gdm_reacher_s10.pt --gdm-steps 8 --accept-tau 0.106 --horizon 2 --receding-horizon 2 --source local --local-dir encoder_reacher --h5 "$REACHER_H5" --device cuda --num-eval 128 --seed 48 --cem-seed 48 --episodes-file episodes/reacher_c2222.ep175.s2222.json --goal-offset 175 --eval-budget 350
455	reacher	gd_surveyor_tauown	175	49	logs/rbW_reacher_gd_surveyor_tauown_t175_seed49.log	python -m surveyor.envs.reacher.eval --solver gd --subgoal surveyor --gdm-ckpt gdm_reacher_s10.pt --gdm-steps 8 --accept-tau 0.106 --horizon 2 --receding-horizon 2 --source local --local-dir encoder_reacher --h5 "$REACHER_H5" --device cuda --num-eval 128 --seed 49 --cem-seed 49 --episodes-file episodes/reacher_c2222.ep175.s2222.json --goal-offset 175 --eval-budget 350
456	reacher	gd_surveyor_tauown	195	42	logs/rbW_reacher_gd_surveyor_tauown_t195_seed42.log	python -m surveyor.envs.reacher.eval --solver gd --subgoal surveyor --gdm-ckpt gdm_reacher_s10.pt --gdm-steps 8 --accept-tau 0.106 --horizon 2 --receding-horizon 2 --source local --local-dir encoder_reacher --h5 "$REACHER_H5" --device cuda --num-eval 128 --seed 42 --cem-seed 42 --episodes-file episodes/reacher_c2222.ep195.s2222.json --goal-offset 195 --eval-budget 390
457	reacher	gd_surveyor_tauown	195	43	logs/rbW_reacher_gd_surveyor_tauown_t195_seed43.log	python -m surveyor.envs.reacher.eval --solver gd --subgoal surveyor --gdm-ckpt gdm_reacher_s10.pt --gdm-steps 8 --accept-tau 0.106 --horizon 2 --receding-horizon 2 --source local --local-dir encoder_reacher --h5 "$REACHER_H5" --device cuda --num-eval 128 --seed 43 --cem-seed 43 --episodes-file episodes/reacher_c2222.ep195.s2222.json --goal-offset 195 --eval-budget 390
458	reacher	gd_surveyor_tauown	195	44	logs/rbW_reacher_gd_surveyor_tauown_t195_seed44.log	python -m surveyor.envs.reacher.eval --solver gd --subgoal surveyor --gdm-ckpt gdm_reacher_s10.pt --gdm-steps 8 --accept-tau 0.106 --horizon 2 --receding-horizon 2 --source local --local-dir encoder_reacher --h5 "$REACHER_H5" --device cuda --num-eval 128 --seed 44 --cem-seed 44 --episodes-file episodes/reacher_c2222.ep195.s2222.json --goal-offset 195 --eval-budget 390
459	reacher	gd_surveyor_tauown	195	45	logs/rbW_reacher_gd_surveyor_tauown_t195_seed45.log	python -m surveyor.envs.reacher.eval --solver gd --subgoal surveyor --gdm-ckpt gdm_reacher_s10.pt --gdm-steps 8 --accept-tau 0.106 --horizon 2 --receding-horizon 2 --source local --local-dir encoder_reacher --h5 "$REACHER_H5" --device cuda --num-eval 128 --seed 45 --cem-seed 45 --episodes-file episodes/reacher_c2222.ep195.s2222.json --goal-offset 195 --eval-budget 390
460	reacher	gd_surveyor_tauown	195	46	logs/rbW_reacher_gd_surveyor_tauown_t195_seed46.log	python -m surveyor.envs.reacher.eval --solver gd --subgoal surveyor --gdm-ckpt gdm_reacher_s10.pt --gdm-steps 8 --accept-tau 0.106 --horizon 2 --receding-horizon 2 --source local --local-dir encoder_reacher --h5 "$REACHER_H5" --device cuda --num-eval 128 --seed 46 --cem-seed 46 --episodes-file episodes/reacher_c2222.ep195.s2222.json --goal-offset 195 --eval-budget 390
461	reacher	gd_surveyor_tauown	195	47	logs/rbW_reacher_gd_surveyor_tauown_t195_seed47.log	python -m surveyor.envs.reacher.eval --solver gd --subgoal surveyor --gdm-ckpt gdm_reacher_s10.pt --gdm-steps 8 --accept-tau 0.106 --horizon 2 --receding-horizon 2 --source local --local-dir encoder_reacher --h5 "$REACHER_H5" --device cuda --num-eval 128 --seed 47 --cem-seed 47 --episodes-file episodes/reacher_c2222.ep195.s2222.json --goal-offset 195 --eval-budget 390
462	reacher	gd_surveyor_tauown	195	48	logs/rbW_reacher_gd_surveyor_tauown_t195_seed48.log	python -m surveyor.envs.reacher.eval --solver gd --subgoal surveyor --gdm-ckpt gdm_reacher_s10.pt --gdm-steps 8 --accept-tau 0.106 --horizon 2 --receding-horizon 2 --source local --local-dir encoder_reacher --h5 "$REACHER_H5" --device cuda --num-eval 128 --seed 48 --cem-seed 48 --episodes-file episodes/reacher_c2222.ep195.s2222.json --goal-offset 195 --eval-budget 390
463	reacher	gd_surveyor_tauown	195	49	logs/rbW_reacher_gd_surveyor_tauown_t195_seed49.log	python -m surveyor.envs.reacher.eval --solver gd --subgoal surveyor --gdm-ckpt gdm_reacher_s10.pt --gdm-steps 8 --accept-tau 0.106 --horizon 2 --receding-horizon 2 --source local --local-dir encoder_reacher --h5 "$REACHER_H5" --device cuda --num-eval 128 --seed 49 --cem-seed 49 --episodes-file episodes/reacher_c2222.ep195.s2222.json --goal-offset 195 --eval-budget 390
464	reacher	icem_surveyor_tauown	175	42	logs/rbW_reacher_icem_surveyor_tauown_t175_seed42.log	python -m surveyor.envs.reacher.eval --solver icem --subgoal surveyor --gdm-ckpt gdm_reacher_s10.pt --gdm-steps 8 --accept-tau 0.106 --horizon 2 --receding-horizon 2 --source local --local-dir encoder_reacher --h5 "$REACHER_H5" --device cuda --num-eval 128 --seed 42 --cem-seed 42 --episodes-file episodes/reacher_c2222.ep175.s2222.json --goal-offset 175 --eval-budget 350
465	reacher	icem_surveyor_tauown	175	43	logs/rbW_reacher_icem_surveyor_tauown_t175_seed43.log	python -m surveyor.envs.reacher.eval --solver icem --subgoal surveyor --gdm-ckpt gdm_reacher_s10.pt --gdm-steps 8 --accept-tau 0.106 --horizon 2 --receding-horizon 2 --source local --local-dir encoder_reacher --h5 "$REACHER_H5" --device cuda --num-eval 128 --seed 43 --cem-seed 43 --episodes-file episodes/reacher_c2222.ep175.s2222.json --goal-offset 175 --eval-budget 350
466	reacher	icem_surveyor_tauown	175	44	logs/rbW_reacher_icem_surveyor_tauown_t175_seed44.log	python -m surveyor.envs.reacher.eval --solver icem --subgoal surveyor --gdm-ckpt gdm_reacher_s10.pt --gdm-steps 8 --accept-tau 0.106 --horizon 2 --receding-horizon 2 --source local --local-dir encoder_reacher --h5 "$REACHER_H5" --device cuda --num-eval 128 --seed 44 --cem-seed 44 --episodes-file episodes/reacher_c2222.ep175.s2222.json --goal-offset 175 --eval-budget 350
467	reacher	icem_surveyor_tauown	175	45	logs/rbW_reacher_icem_surveyor_tauown_t175_seed45.log	python -m surveyor.envs.reacher.eval --solver icem --subgoal surveyor --gdm-ckpt gdm_reacher_s10.pt --gdm-steps 8 --accept-tau 0.106 --horizon 2 --receding-horizon 2 --source local --local-dir encoder_reacher --h5 "$REACHER_H5" --device cuda --num-eval 128 --seed 45 --cem-seed 45 --episodes-file episodes/reacher_c2222.ep175.s2222.json --goal-offset 175 --eval-budget 350
468	reacher	icem_surveyor_tauown	175	46	logs/rbW_reacher_icem_surveyor_tauown_t175_seed46.log	python -m surveyor.envs.reacher.eval --solver icem --subgoal surveyor --gdm-ckpt gdm_reacher_s10.pt --gdm-steps 8 --accept-tau 0.106 --horizon 2 --receding-horizon 2 --source local --local-dir encoder_reacher --h5 "$REACHER_H5" --device cuda --num-eval 128 --seed 46 --cem-seed 46 --episodes-file episodes/reacher_c2222.ep175.s2222.json --goal-offset 175 --eval-budget 350
469	reacher	icem_surveyor_tauown	175	47	logs/rbW_reacher_icem_surveyor_tauown_t175_seed47.log	python -m surveyor.envs.reacher.eval --solver icem --subgoal surveyor --gdm-ckpt gdm_reacher_s10.pt --gdm-steps 8 --accept-tau 0.106 --horizon 2 --receding-horizon 2 --source local --local-dir encoder_reacher --h5 "$REACHER_H5" --device cuda --num-eval 128 --seed 47 --cem-seed 47 --episodes-file episodes/reacher_c2222.ep175.s2222.json --goal-offset 175 --eval-budget 350
470	reacher	icem_surveyor_tauown	175	48	logs/rbW_reacher_icem_surveyor_tauown_t175_seed48.log	python -m surveyor.envs.reacher.eval --solver icem --subgoal surveyor --gdm-ckpt gdm_reacher_s10.pt --gdm-steps 8 --accept-tau 0.106 --horizon 2 --receding-horizon 2 --source local --local-dir encoder_reacher --h5 "$REACHER_H5" --device cuda --num-eval 128 --seed 48 --cem-seed 48 --episodes-file episodes/reacher_c2222.ep175.s2222.json --goal-offset 175 --eval-budget 350
471	reacher	icem_surveyor_tauown	175	49	logs/rbW_reacher_icem_surveyor_tauown_t175_seed49.log	python -m surveyor.envs.reacher.eval --solver icem --subgoal surveyor --gdm-ckpt gdm_reacher_s10.pt --gdm-steps 8 --accept-tau 0.106 --horizon 2 --receding-horizon 2 --source local --local-dir encoder_reacher --h5 "$REACHER_H5" --device cuda --num-eval 128 --seed 49 --cem-seed 49 --episodes-file episodes/reacher_c2222.ep175.s2222.json --goal-offset 175 --eval-budget 350
472	reacher	icem_surveyor_tauown	195	42	logs/rbW_reacher_icem_surveyor_tauown_t195_seed42.log	python -m surveyor.envs.reacher.eval --solver icem --subgoal surveyor --gdm-ckpt gdm_reacher_s10.pt --gdm-steps 8 --accept-tau 0.106 --horizon 2 --receding-horizon 2 --source local --local-dir encoder_reacher --h5 "$REACHER_H5" --device cuda --num-eval 128 --seed 42 --cem-seed 42 --episodes-file episodes/reacher_c2222.ep195.s2222.json --goal-offset 195 --eval-budget 390
473	reacher	icem_surveyor_tauown	195	43	logs/rbW_reacher_icem_surveyor_tauown_t195_seed43.log	python -m surveyor.envs.reacher.eval --solver icem --subgoal surveyor --gdm-ckpt gdm_reacher_s10.pt --gdm-steps 8 --accept-tau 0.106 --horizon 2 --receding-horizon 2 --source local --local-dir encoder_reacher --h5 "$REACHER_H5" --device cuda --num-eval 128 --seed 43 --cem-seed 43 --episodes-file episodes/reacher_c2222.ep195.s2222.json --goal-offset 195 --eval-budget 390
474	reacher	icem_surveyor_tauown	195	44	logs/rbW_reacher_icem_surveyor_tauown_t195_seed44.log	python -m surveyor.envs.reacher.eval --solver icem --subgoal surveyor --gdm-ckpt gdm_reacher_s10.pt --gdm-steps 8 --accept-tau 0.106 --horizon 2 --receding-horizon 2 --source local --local-dir encoder_reacher --h5 "$REACHER_H5" --device cuda --num-eval 128 --seed 44 --cem-seed 44 --episodes-file episodes/reacher_c2222.ep195.s2222.json --goal-offset 195 --eval-budget 390
475	reacher	icem_surveyor_tauown	195	45	logs/rbW_reacher_icem_surveyor_tauown_t195_seed45.log	python -m surveyor.envs.reacher.eval --solver icem --subgoal surveyor --gdm-ckpt gdm_reacher_s10.pt --gdm-steps 8 --accept-tau 0.106 --horizon 2 --receding-horizon 2 --source local --local-dir encoder_reacher --h5 "$REACHER_H5" --device cuda --num-eval 128 --seed 45 --cem-seed 45 --episodes-file episodes/reacher_c2222.ep195.s2222.json --goal-offset 195 --eval-budget 390
476	reacher	icem_surveyor_tauown	195	46	logs/rbW_reacher_icem_surveyor_tauown_t195_seed46.log	python -m surveyor.envs.reacher.eval --solver icem --subgoal surveyor --gdm-ckpt gdm_reacher_s10.pt --gdm-steps 8 --accept-tau 0.106 --horizon 2 --receding-horizon 2 --source local --local-dir encoder_reacher --h5 "$REACHER_H5" --device cuda --num-eval 128 --seed 46 --cem-seed 46 --episodes-file episodes/reacher_c2222.ep195.s2222.json --goal-offset 195 --eval-budget 390
477	reacher	icem_surveyor_tauown	195	47	logs/rbW_reacher_icem_surveyor_tauown_t195_seed47.log	python -m surveyor.envs.reacher.eval --solver icem --subgoal surveyor --gdm-ckpt gdm_reacher_s10.pt --gdm-steps 8 --accept-tau 0.106 --horizon 2 --receding-horizon 2 --source local --local-dir encoder_reacher --h5 "$REACHER_H5" --device cuda --num-eval 128 --seed 47 --cem-seed 47 --episodes-file episodes/reacher_c2222.ep195.s2222.json --goal-offset 195 --eval-budget 390
478	reacher	icem_surveyor_tauown	195	48	logs/rbW_reacher_icem_surveyor_tauown_t195_seed48.log	python -m surveyor.envs.reacher.eval --solver icem --subgoal surveyor --gdm-ckpt gdm_reacher_s10.pt --gdm-steps 8 --accept-tau 0.106 --horizon 2 --receding-horizon 2 --source local --local-dir encoder_reacher --h5 "$REACHER_H5" --device cuda --num-eval 128 --seed 48 --cem-seed 48 --episodes-file episodes/reacher_c2222.ep195.s2222.json --goal-offset 195 --eval-budget 390
479	reacher	icem_surveyor_tauown	195	49	logs/rbW_reacher_icem_surveyor_tauown_t195_seed49.log	python -m surveyor.envs.reacher.eval --solver icem --subgoal surveyor --gdm-ckpt gdm_reacher_s10.pt --gdm-steps 8 --accept-tau 0.106 --horizon 2 --receding-horizon 2 --source local --local-dir encoder_reacher --h5 "$REACHER_H5" --device cuda --num-eval 128 --seed 49 --cem-seed 49 --episodes-file episodes/reacher_c2222.ep195.s2222.json --goal-offset 195 --eval-budget 390
480	reacher	mppi_surveyor_tauown	175	42	logs/rbW_reacher_mppi_surveyor_tauown_t175_seed42.log	python -m surveyor.envs.reacher.eval --solver mppi --subgoal surveyor --gdm-ckpt gdm_reacher_s10.pt --gdm-steps 8 --accept-tau 0.106 --horizon 2 --receding-horizon 2 --source local --local-dir encoder_reacher --h5 "$REACHER_H5" --device cuda --num-eval 128 --seed 42 --cem-seed 42 --episodes-file episodes/reacher_c2222.ep175.s2222.json --goal-offset 175 --eval-budget 350
481	reacher	mppi_surveyor_tauown	175	43	logs/rbW_reacher_mppi_surveyor_tauown_t175_seed43.log	python -m surveyor.envs.reacher.eval --solver mppi --subgoal surveyor --gdm-ckpt gdm_reacher_s10.pt --gdm-steps 8 --accept-tau 0.106 --horizon 2 --receding-horizon 2 --source local --local-dir encoder_reacher --h5 "$REACHER_H5" --device cuda --num-eval 128 --seed 43 --cem-seed 43 --episodes-file episodes/reacher_c2222.ep175.s2222.json --goal-offset 175 --eval-budget 350
482	reacher	mppi_surveyor_tauown	175	44	logs/rbW_reacher_mppi_surveyor_tauown_t175_seed44.log	python -m surveyor.envs.reacher.eval --solver mppi --subgoal surveyor --gdm-ckpt gdm_reacher_s10.pt --gdm-steps 8 --accept-tau 0.106 --horizon 2 --receding-horizon 2 --source local --local-dir encoder_reacher --h5 "$REACHER_H5" --device cuda --num-eval 128 --seed 44 --cem-seed 44 --episodes-file episodes/reacher_c2222.ep175.s2222.json --goal-offset 175 --eval-budget 350
483	reacher	mppi_surveyor_tauown	175	45	logs/rbW_reacher_mppi_surveyor_tauown_t175_seed45.log	python -m surveyor.envs.reacher.eval --solver mppi --subgoal surveyor --gdm-ckpt gdm_reacher_s10.pt --gdm-steps 8 --accept-tau 0.106 --horizon 2 --receding-horizon 2 --source local --local-dir encoder_reacher --h5 "$REACHER_H5" --device cuda --num-eval 128 --seed 45 --cem-seed 45 --episodes-file episodes/reacher_c2222.ep175.s2222.json --goal-offset 175 --eval-budget 350
484	reacher	mppi_surveyor_tauown	175	46	logs/rbW_reacher_mppi_surveyor_tauown_t175_seed46.log	python -m surveyor.envs.reacher.eval --solver mppi --subgoal surveyor --gdm-ckpt gdm_reacher_s10.pt --gdm-steps 8 --accept-tau 0.106 --horizon 2 --receding-horizon 2 --source local --local-dir encoder_reacher --h5 "$REACHER_H5" --device cuda --num-eval 128 --seed 46 --cem-seed 46 --episodes-file episodes/reacher_c2222.ep175.s2222.json --goal-offset 175 --eval-budget 350
485	reacher	mppi_surveyor_tauown	175	47	logs/rbW_reacher_mppi_surveyor_tauown_t175_seed47.log	python -m surveyor.envs.reacher.eval --solver mppi --subgoal surveyor --gdm-ckpt gdm_reacher_s10.pt --gdm-steps 8 --accept-tau 0.106 --horizon 2 --receding-horizon 2 --source local --local-dir encoder_reacher --h5 "$REACHER_H5" --device cuda --num-eval 128 --seed 47 --cem-seed 47 --episodes-file episodes/reacher_c2222.ep175.s2222.json --goal-offset 175 --eval-budget 350
486	reacher	mppi_surveyor_tauown	175	48	logs/rbW_reacher_mppi_surveyor_tauown_t175_seed48.log	python -m surveyor.envs.reacher.eval --solver mppi --subgoal surveyor --gdm-ckpt gdm_reacher_s10.pt --gdm-steps 8 --accept-tau 0.106 --horizon 2 --receding-horizon 2 --source local --local-dir encoder_reacher --h5 "$REACHER_H5" --device cuda --num-eval 128 --seed 48 --cem-seed 48 --episodes-file episodes/reacher_c2222.ep175.s2222.json --goal-offset 175 --eval-budget 350
487	reacher	mppi_surveyor_tauown	175	49	logs/rbW_reacher_mppi_surveyor_tauown_t175_seed49.log	python -m surveyor.envs.reacher.eval --solver mppi --subgoal surveyor --gdm-ckpt gdm_reacher_s10.pt --gdm-steps 8 --accept-tau 0.106 --horizon 2 --receding-horizon 2 --source local --local-dir encoder_reacher --h5 "$REACHER_H5" --device cuda --num-eval 128 --seed 49 --cem-seed 49 --episodes-file episodes/reacher_c2222.ep175.s2222.json --goal-offset 175 --eval-budget 350
488	reacher	mppi_surveyor_tauown	195	42	logs/rbW_reacher_mppi_surveyor_tauown_t195_seed42.log	python -m surveyor.envs.reacher.eval --solver mppi --subgoal surveyor --gdm-ckpt gdm_reacher_s10.pt --gdm-steps 8 --accept-tau 0.106 --horizon 2 --receding-horizon 2 --source local --local-dir encoder_reacher --h5 "$REACHER_H5" --device cuda --num-eval 128 --seed 42 --cem-seed 42 --episodes-file episodes/reacher_c2222.ep195.s2222.json --goal-offset 195 --eval-budget 390
489	reacher	mppi_surveyor_tauown	195	43	logs/rbW_reacher_mppi_surveyor_tauown_t195_seed43.log	python -m surveyor.envs.reacher.eval --solver mppi --subgoal surveyor --gdm-ckpt gdm_reacher_s10.pt --gdm-steps 8 --accept-tau 0.106 --horizon 2 --receding-horizon 2 --source local --local-dir encoder_reacher --h5 "$REACHER_H5" --device cuda --num-eval 128 --seed 43 --cem-seed 43 --episodes-file episodes/reacher_c2222.ep195.s2222.json --goal-offset 195 --eval-budget 390
490	reacher	mppi_surveyor_tauown	195	44	logs/rbW_reacher_mppi_surveyor_tauown_t195_seed44.log	python -m surveyor.envs.reacher.eval --solver mppi --subgoal surveyor --gdm-ckpt gdm_reacher_s10.pt --gdm-steps 8 --accept-tau 0.106 --horizon 2 --receding-horizon 2 --source local --local-dir encoder_reacher --h5 "$REACHER_H5" --device cuda --num-eval 128 --seed 44 --cem-seed 44 --episodes-file episodes/reacher_c2222.ep195.s2222.json --goal-offset 195 --eval-budget 390
491	reacher	mppi_surveyor_tauown	195	45	logs/rbW_reacher_mppi_surveyor_tauown_t195_seed45.log	python -m surveyor.envs.reacher.eval --solver mppi --subgoal surveyor --gdm-ckpt gdm_reacher_s10.pt --gdm-steps 8 --accept-tau 0.106 --horizon 2 --receding-horizon 2 --source local --local-dir encoder_reacher --h5 "$REACHER_H5" --device cuda --num-eval 128 --seed 45 --cem-seed 45 --episodes-file episodes/reacher_c2222.ep195.s2222.json --goal-offset 195 --eval-budget 390
492	reacher	mppi_surveyor_tauown	195	46	logs/rbW_reacher_mppi_surveyor_tauown_t195_seed46.log	python -m surveyor.envs.reacher.eval --solver mppi --subgoal surveyor --gdm-ckpt gdm_reacher_s10.pt --gdm-steps 8 --accept-tau 0.106 --horizon 2 --receding-horizon 2 --source local --local-dir encoder_reacher --h5 "$REACHER_H5" --device cuda --num-eval 128 --seed 46 --cem-seed 46 --episodes-file episodes/reacher_c2222.ep195.s2222.json --goal-offset 195 --eval-budget 390
493	reacher	mppi_surveyor_tauown	195	47	logs/rbW_reacher_mppi_surveyor_tauown_t195_seed47.log	python -m surveyor.envs.reacher.eval --solver mppi --subgoal surveyor --gdm-ckpt gdm_reacher_s10.pt --gdm-steps 8 --accept-tau 0.106 --horizon 2 --receding-horizon 2 --source local --local-dir encoder_reacher --h5 "$REACHER_H5" --device cuda --num-eval 128 --seed 47 --cem-seed 47 --episodes-file episodes/reacher_c2222.ep195.s2222.json --goal-offset 195 --eval-budget 390
494	reacher	mppi_surveyor_tauown	195	48	logs/rbW_reacher_mppi_surveyor_tauown_t195_seed48.log	python -m surveyor.envs.reacher.eval --solver mppi --subgoal surveyor --gdm-ckpt gdm_reacher_s10.pt --gdm-steps 8 --accept-tau 0.106 --horizon 2 --receding-horizon 2 --source local --local-dir encoder_reacher --h5 "$REACHER_H5" --device cuda --num-eval 128 --seed 48 --cem-seed 48 --episodes-file episodes/reacher_c2222.ep195.s2222.json --goal-offset 195 --eval-budget 390
495	reacher	mppi_surveyor_tauown	195	49	logs/rbW_reacher_mppi_surveyor_tauown_t195_seed49.log	python -m surveyor.envs.reacher.eval --solver mppi --subgoal surveyor --gdm-ckpt gdm_reacher_s10.pt --gdm-steps 8 --accept-tau 0.106 --horizon 2 --receding-horizon 2 --source local --local-dir encoder_reacher --h5 "$REACHER_H5" --device cuda --num-eval 128 --seed 49 --cem-seed 49 --episodes-file episodes/reacher_c2222.ep195.s2222.json --goal-offset 195 --eval-budget 390
496	reacher	surveyor_tauown	175	42	logs/rbW_reacher_surveyor_tauown_t175_seed42.log	python -m surveyor.envs.reacher.eval --subgoal surveyor --gdm-ckpt gdm_reacher_s10.pt --gdm-steps 8 --accept-tau 0.106 --horizon 2 --receding-horizon 2 --source local --local-dir encoder_reacher --h5 "$REACHER_H5" --device cuda --num-eval 128 --seed 42 --cem-seed 42 --episodes-file episodes/reacher_c2222.ep175.s2222.json --goal-offset 175 --eval-budget 350
497	reacher	surveyor_tauown	175	43	logs/rbW_reacher_surveyor_tauown_t175_seed43.log	python -m surveyor.envs.reacher.eval --subgoal surveyor --gdm-ckpt gdm_reacher_s10.pt --gdm-steps 8 --accept-tau 0.106 --horizon 2 --receding-horizon 2 --source local --local-dir encoder_reacher --h5 "$REACHER_H5" --device cuda --num-eval 128 --seed 43 --cem-seed 43 --episodes-file episodes/reacher_c2222.ep175.s2222.json --goal-offset 175 --eval-budget 350
498	reacher	surveyor_tauown	175	44	logs/rbW_reacher_surveyor_tauown_t175_seed44.log	python -m surveyor.envs.reacher.eval --subgoal surveyor --gdm-ckpt gdm_reacher_s10.pt --gdm-steps 8 --accept-tau 0.106 --horizon 2 --receding-horizon 2 --source local --local-dir encoder_reacher --h5 "$REACHER_H5" --device cuda --num-eval 128 --seed 44 --cem-seed 44 --episodes-file episodes/reacher_c2222.ep175.s2222.json --goal-offset 175 --eval-budget 350
499	reacher	surveyor_tauown	175	45	logs/rbW_reacher_surveyor_tauown_t175_seed45.log	python -m surveyor.envs.reacher.eval --subgoal surveyor --gdm-ckpt gdm_reacher_s10.pt --gdm-steps 8 --accept-tau 0.106 --horizon 2 --receding-horizon 2 --source local --local-dir encoder_reacher --h5 "$REACHER_H5" --device cuda --num-eval 128 --seed 45 --cem-seed 45 --episodes-file episodes/reacher_c2222.ep175.s2222.json --goal-offset 175 --eval-budget 350
500	reacher	surveyor_tauown	175	46	logs/rbW_reacher_surveyor_tauown_t175_seed46.log	python -m surveyor.envs.reacher.eval --subgoal surveyor --gdm-ckpt gdm_reacher_s10.pt --gdm-steps 8 --accept-tau 0.106 --horizon 2 --receding-horizon 2 --source local --local-dir encoder_reacher --h5 "$REACHER_H5" --device cuda --num-eval 128 --seed 46 --cem-seed 46 --episodes-file episodes/reacher_c2222.ep175.s2222.json --goal-offset 175 --eval-budget 350
501	reacher	surveyor_tauown	175	47	logs/rbW_reacher_surveyor_tauown_t175_seed47.log	python -m surveyor.envs.reacher.eval --subgoal surveyor --gdm-ckpt gdm_reacher_s10.pt --gdm-steps 8 --accept-tau 0.106 --horizon 2 --receding-horizon 2 --source local --local-dir encoder_reacher --h5 "$REACHER_H5" --device cuda --num-eval 128 --seed 47 --cem-seed 47 --episodes-file episodes/reacher_c2222.ep175.s2222.json --goal-offset 175 --eval-budget 350
502	reacher	surveyor_tauown	175	48	logs/rbW_reacher_surveyor_tauown_t175_seed48.log	python -m surveyor.envs.reacher.eval --subgoal surveyor --gdm-ckpt gdm_reacher_s10.pt --gdm-steps 8 --accept-tau 0.106 --horizon 2 --receding-horizon 2 --source local --local-dir encoder_reacher --h5 "$REACHER_H5" --device cuda --num-eval 128 --seed 48 --cem-seed 48 --episodes-file episodes/reacher_c2222.ep175.s2222.json --goal-offset 175 --eval-budget 350
503	reacher	surveyor_tauown	175	49	logs/rbW_reacher_surveyor_tauown_t175_seed49.log	python -m surveyor.envs.reacher.eval --subgoal surveyor --gdm-ckpt gdm_reacher_s10.pt --gdm-steps 8 --accept-tau 0.106 --horizon 2 --receding-horizon 2 --source local --local-dir encoder_reacher --h5 "$REACHER_H5" --device cuda --num-eval 128 --seed 49 --cem-seed 49 --episodes-file episodes/reacher_c2222.ep175.s2222.json --goal-offset 175 --eval-budget 350
504	reacher	surveyor_tauown	195	42	logs/rbW_reacher_surveyor_tauown_t195_seed42.log	python -m surveyor.envs.reacher.eval --subgoal surveyor --gdm-ckpt gdm_reacher_s10.pt --gdm-steps 8 --accept-tau 0.106 --horizon 2 --receding-horizon 2 --source local --local-dir encoder_reacher --h5 "$REACHER_H5" --device cuda --num-eval 128 --seed 42 --cem-seed 42 --episodes-file episodes/reacher_c2222.ep195.s2222.json --goal-offset 195 --eval-budget 390
505	reacher	surveyor_tauown	195	43	logs/rbW_reacher_surveyor_tauown_t195_seed43.log	python -m surveyor.envs.reacher.eval --subgoal surveyor --gdm-ckpt gdm_reacher_s10.pt --gdm-steps 8 --accept-tau 0.106 --horizon 2 --receding-horizon 2 --source local --local-dir encoder_reacher --h5 "$REACHER_H5" --device cuda --num-eval 128 --seed 43 --cem-seed 43 --episodes-file episodes/reacher_c2222.ep195.s2222.json --goal-offset 195 --eval-budget 390
506	reacher	surveyor_tauown	195	44	logs/rbW_reacher_surveyor_tauown_t195_seed44.log	python -m surveyor.envs.reacher.eval --subgoal surveyor --gdm-ckpt gdm_reacher_s10.pt --gdm-steps 8 --accept-tau 0.106 --horizon 2 --receding-horizon 2 --source local --local-dir encoder_reacher --h5 "$REACHER_H5" --device cuda --num-eval 128 --seed 44 --cem-seed 44 --episodes-file episodes/reacher_c2222.ep195.s2222.json --goal-offset 195 --eval-budget 390
507	reacher	surveyor_tauown	195	45	logs/rbW_reacher_surveyor_tauown_t195_seed45.log	python -m surveyor.envs.reacher.eval --subgoal surveyor --gdm-ckpt gdm_reacher_s10.pt --gdm-steps 8 --accept-tau 0.106 --horizon 2 --receding-horizon 2 --source local --local-dir encoder_reacher --h5 "$REACHER_H5" --device cuda --num-eval 128 --seed 45 --cem-seed 45 --episodes-file episodes/reacher_c2222.ep195.s2222.json --goal-offset 195 --eval-budget 390
508	reacher	surveyor_tauown	195	46	logs/rbW_reacher_surveyor_tauown_t195_seed46.log	python -m surveyor.envs.reacher.eval --subgoal surveyor --gdm-ckpt gdm_reacher_s10.pt --gdm-steps 8 --accept-tau 0.106 --horizon 2 --receding-horizon 2 --source local --local-dir encoder_reacher --h5 "$REACHER_H5" --device cuda --num-eval 128 --seed 46 --cem-seed 46 --episodes-file episodes/reacher_c2222.ep195.s2222.json --goal-offset 195 --eval-budget 390
509	reacher	surveyor_tauown	195	47	logs/rbW_reacher_surveyor_tauown_t195_seed47.log	python -m surveyor.envs.reacher.eval --subgoal surveyor --gdm-ckpt gdm_reacher_s10.pt --gdm-steps 8 --accept-tau 0.106 --horizon 2 --receding-horizon 2 --source local --local-dir encoder_reacher --h5 "$REACHER_H5" --device cuda --num-eval 128 --seed 47 --cem-seed 47 --episodes-file episodes/reacher_c2222.ep195.s2222.json --goal-offset 195 --eval-budget 390
510	reacher	surveyor_tauown	195	48	logs/rbW_reacher_surveyor_tauown_t195_seed48.log	python -m surveyor.envs.reacher.eval --subgoal surveyor --gdm-ckpt gdm_reacher_s10.pt --gdm-steps 8 --accept-tau 0.106 --horizon 2 --receding-horizon 2 --source local --local-dir encoder_reacher --h5 "$REACHER_H5" --device cuda --num-eval 128 --seed 48 --cem-seed 48 --episodes-file episodes/reacher_c2222.ep195.s2222.json --goal-offset 195 --eval-budget 390
511	reacher	surveyor_tauown	195	49	logs/rbW_reacher_surveyor_tauown_t195_seed49.log	python -m surveyor.envs.reacher.eval --subgoal surveyor --gdm-ckpt gdm_reacher_s10.pt --gdm-steps 8 --accept-tau 0.106 --horizon 2 --receding-horizon 2 --source local --local-dir encoder_reacher --h5 "$REACHER_H5" --device cuda --num-eval 128 --seed 49 --cem-seed 49 --episodes-file episodes/reacher_c2222.ep195.s2222.json --goal-offset 195 --eval-budget 390
512	cube	ffjepa_s10k3	175	42	logs/rbW_cube_ffjepa_s10k3_t175_seed42.log	python -m surveyor.envs.cube.eval --subgoal ffjepa --gdm-ckpt gdm_cube_s10_gc.pt --gdm-steps 3 --horizon 2 --receding-horizon 2 --num-samples 600 --n-steps 30 --source pretrained --encoder-id quentinll/lewm-cube --h5 "$CUBE_H5" --device cuda --goal-offset 175 --eval-budget 350 --num-eval 128 --seed 42 --cem-seed 42 --episodes-file episodes/cube_c2222.episodes175.json
513	cube	ffjepa_s10k3	175	43	logs/rbW_cube_ffjepa_s10k3_t175_seed43.log	python -m surveyor.envs.cube.eval --subgoal ffjepa --gdm-ckpt gdm_cube_s10_gc.pt --gdm-steps 3 --horizon 2 --receding-horizon 2 --num-samples 600 --n-steps 30 --source pretrained --encoder-id quentinll/lewm-cube --h5 "$CUBE_H5" --device cuda --goal-offset 175 --eval-budget 350 --num-eval 128 --seed 43 --cem-seed 43 --episodes-file episodes/cube_c2222.episodes175.json
514	cube	ffjepa_s10k3	175	44	logs/rbW_cube_ffjepa_s10k3_t175_seed44.log	python -m surveyor.envs.cube.eval --subgoal ffjepa --gdm-ckpt gdm_cube_s10_gc.pt --gdm-steps 3 --horizon 2 --receding-horizon 2 --num-samples 600 --n-steps 30 --source pretrained --encoder-id quentinll/lewm-cube --h5 "$CUBE_H5" --device cuda --goal-offset 175 --eval-budget 350 --num-eval 128 --seed 44 --cem-seed 44 --episodes-file episodes/cube_c2222.episodes175.json
515	cube	ffjepa_s10k3	175	45	logs/rbW_cube_ffjepa_s10k3_t175_seed45.log	python -m surveyor.envs.cube.eval --subgoal ffjepa --gdm-ckpt gdm_cube_s10_gc.pt --gdm-steps 3 --horizon 2 --receding-horizon 2 --num-samples 600 --n-steps 30 --source pretrained --encoder-id quentinll/lewm-cube --h5 "$CUBE_H5" --device cuda --goal-offset 175 --eval-budget 350 --num-eval 128 --seed 45 --cem-seed 45 --episodes-file episodes/cube_c2222.episodes175.json
516	cube	ffjepa_s10k3	175	46	logs/rbW_cube_ffjepa_s10k3_t175_seed46.log	python -m surveyor.envs.cube.eval --subgoal ffjepa --gdm-ckpt gdm_cube_s10_gc.pt --gdm-steps 3 --horizon 2 --receding-horizon 2 --num-samples 600 --n-steps 30 --source pretrained --encoder-id quentinll/lewm-cube --h5 "$CUBE_H5" --device cuda --goal-offset 175 --eval-budget 350 --num-eval 128 --seed 46 --cem-seed 46 --episodes-file episodes/cube_c2222.episodes175.json
517	cube	ffjepa_s10k3	175	47	logs/rbW_cube_ffjepa_s10k3_t175_seed47.log	python -m surveyor.envs.cube.eval --subgoal ffjepa --gdm-ckpt gdm_cube_s10_gc.pt --gdm-steps 3 --horizon 2 --receding-horizon 2 --num-samples 600 --n-steps 30 --source pretrained --encoder-id quentinll/lewm-cube --h5 "$CUBE_H5" --device cuda --goal-offset 175 --eval-budget 350 --num-eval 128 --seed 47 --cem-seed 47 --episodes-file episodes/cube_c2222.episodes175.json
518	cube	ffjepa_s10k3	175	48	logs/rbW_cube_ffjepa_s10k3_t175_seed48.log	python -m surveyor.envs.cube.eval --subgoal ffjepa --gdm-ckpt gdm_cube_s10_gc.pt --gdm-steps 3 --horizon 2 --receding-horizon 2 --num-samples 600 --n-steps 30 --source pretrained --encoder-id quentinll/lewm-cube --h5 "$CUBE_H5" --device cuda --goal-offset 175 --eval-budget 350 --num-eval 128 --seed 48 --cem-seed 48 --episodes-file episodes/cube_c2222.episodes175.json
519	cube	ffjepa_s10k3	175	49	logs/rbW_cube_ffjepa_s10k3_t175_seed49.log	python -m surveyor.envs.cube.eval --subgoal ffjepa --gdm-ckpt gdm_cube_s10_gc.pt --gdm-steps 3 --horizon 2 --receding-horizon 2 --num-samples 600 --n-steps 30 --source pretrained --encoder-id quentinll/lewm-cube --h5 "$CUBE_H5" --device cuda --goal-offset 175 --eval-budget 350 --num-eval 128 --seed 49 --cem-seed 49 --episodes-file episodes/cube_c2222.episodes175.json
520	cube	ffjepa_s10k3	195	42	logs/rbW_cube_ffjepa_s10k3_t195_seed42.log	python -m surveyor.envs.cube.eval --subgoal ffjepa --gdm-ckpt gdm_cube_s10_gc.pt --gdm-steps 3 --horizon 2 --receding-horizon 2 --num-samples 600 --n-steps 30 --source pretrained --encoder-id quentinll/lewm-cube --h5 "$CUBE_H5" --device cuda --goal-offset 195 --eval-budget 390 --num-eval 128 --seed 42 --cem-seed 42 --episodes-file episodes/cube_c2222.episodes195.json
521	cube	ffjepa_s10k3	195	43	logs/rbW_cube_ffjepa_s10k3_t195_seed43.log	python -m surveyor.envs.cube.eval --subgoal ffjepa --gdm-ckpt gdm_cube_s10_gc.pt --gdm-steps 3 --horizon 2 --receding-horizon 2 --num-samples 600 --n-steps 30 --source pretrained --encoder-id quentinll/lewm-cube --h5 "$CUBE_H5" --device cuda --goal-offset 195 --eval-budget 390 --num-eval 128 --seed 43 --cem-seed 43 --episodes-file episodes/cube_c2222.episodes195.json
522	cube	ffjepa_s10k3	195	44	logs/rbW_cube_ffjepa_s10k3_t195_seed44.log	python -m surveyor.envs.cube.eval --subgoal ffjepa --gdm-ckpt gdm_cube_s10_gc.pt --gdm-steps 3 --horizon 2 --receding-horizon 2 --num-samples 600 --n-steps 30 --source pretrained --encoder-id quentinll/lewm-cube --h5 "$CUBE_H5" --device cuda --goal-offset 195 --eval-budget 390 --num-eval 128 --seed 44 --cem-seed 44 --episodes-file episodes/cube_c2222.episodes195.json
523	cube	ffjepa_s10k3	195	45	logs/rbW_cube_ffjepa_s10k3_t195_seed45.log	python -m surveyor.envs.cube.eval --subgoal ffjepa --gdm-ckpt gdm_cube_s10_gc.pt --gdm-steps 3 --horizon 2 --receding-horizon 2 --num-samples 600 --n-steps 30 --source pretrained --encoder-id quentinll/lewm-cube --h5 "$CUBE_H5" --device cuda --goal-offset 195 --eval-budget 390 --num-eval 128 --seed 45 --cem-seed 45 --episodes-file episodes/cube_c2222.episodes195.json
524	cube	ffjepa_s10k3	195	46	logs/rbW_cube_ffjepa_s10k3_t195_seed46.log	python -m surveyor.envs.cube.eval --subgoal ffjepa --gdm-ckpt gdm_cube_s10_gc.pt --gdm-steps 3 --horizon 2 --receding-horizon 2 --num-samples 600 --n-steps 30 --source pretrained --encoder-id quentinll/lewm-cube --h5 "$CUBE_H5" --device cuda --goal-offset 195 --eval-budget 390 --num-eval 128 --seed 46 --cem-seed 46 --episodes-file episodes/cube_c2222.episodes195.json
525	cube	ffjepa_s10k3	195	47	logs/rbW_cube_ffjepa_s10k3_t195_seed47.log	python -m surveyor.envs.cube.eval --subgoal ffjepa --gdm-ckpt gdm_cube_s10_gc.pt --gdm-steps 3 --horizon 2 --receding-horizon 2 --num-samples 600 --n-steps 30 --source pretrained --encoder-id quentinll/lewm-cube --h5 "$CUBE_H5" --device cuda --goal-offset 195 --eval-budget 390 --num-eval 128 --seed 47 --cem-seed 47 --episodes-file episodes/cube_c2222.episodes195.json
526	cube	ffjepa_s10k3	195	48	logs/rbW_cube_ffjepa_s10k3_t195_seed48.log	python -m surveyor.envs.cube.eval --subgoal ffjepa --gdm-ckpt gdm_cube_s10_gc.pt --gdm-steps 3 --horizon 2 --receding-horizon 2 --num-samples 600 --n-steps 30 --source pretrained --encoder-id quentinll/lewm-cube --h5 "$CUBE_H5" --device cuda --goal-offset 195 --eval-budget 390 --num-eval 128 --seed 48 --cem-seed 48 --episodes-file episodes/cube_c2222.episodes195.json
527	cube	ffjepa_s10k3	195	49	logs/rbW_cube_ffjepa_s10k3_t195_seed49.log	python -m surveyor.envs.cube.eval --subgoal ffjepa --gdm-ckpt gdm_cube_s10_gc.pt --gdm-steps 3 --horizon 2 --receding-horizon 2 --num-samples 600 --n-steps 30 --source pretrained --encoder-id quentinll/lewm-cube --h5 "$CUBE_H5" --device cuda --goal-offset 195 --eval-budget 390 --num-eval 128 --seed 49 --cem-seed 49 --episodes-file episodes/cube_c2222.episodes195.json
528	cube	gd_ffjepa_s10k3	175	42	logs/rbW_cube_gd_ffjepa_s10k3_t175_seed42.log	python -m surveyor.envs.cube.eval --solver gd --subgoal ffjepa --gdm-ckpt gdm_cube_s10_gc.pt --gdm-steps 3 --horizon 2 --receding-horizon 2 --num-samples 600 --n-steps 30 --source pretrained --encoder-id quentinll/lewm-cube --h5 "$CUBE_H5" --device cuda --goal-offset 175 --eval-budget 350 --num-eval 128 --seed 42 --cem-seed 42 --episodes-file episodes/cube_c2222.episodes175.json
529	cube	gd_ffjepa_s10k3	175	43	logs/rbW_cube_gd_ffjepa_s10k3_t175_seed43.log	python -m surveyor.envs.cube.eval --solver gd --subgoal ffjepa --gdm-ckpt gdm_cube_s10_gc.pt --gdm-steps 3 --horizon 2 --receding-horizon 2 --num-samples 600 --n-steps 30 --source pretrained --encoder-id quentinll/lewm-cube --h5 "$CUBE_H5" --device cuda --goal-offset 175 --eval-budget 350 --num-eval 128 --seed 43 --cem-seed 43 --episodes-file episodes/cube_c2222.episodes175.json
530	cube	gd_ffjepa_s10k3	175	44	logs/rbW_cube_gd_ffjepa_s10k3_t175_seed44.log	python -m surveyor.envs.cube.eval --solver gd --subgoal ffjepa --gdm-ckpt gdm_cube_s10_gc.pt --gdm-steps 3 --horizon 2 --receding-horizon 2 --num-samples 600 --n-steps 30 --source pretrained --encoder-id quentinll/lewm-cube --h5 "$CUBE_H5" --device cuda --goal-offset 175 --eval-budget 350 --num-eval 128 --seed 44 --cem-seed 44 --episodes-file episodes/cube_c2222.episodes175.json
531	cube	gd_ffjepa_s10k3	175	45	logs/rbW_cube_gd_ffjepa_s10k3_t175_seed45.log	python -m surveyor.envs.cube.eval --solver gd --subgoal ffjepa --gdm-ckpt gdm_cube_s10_gc.pt --gdm-steps 3 --horizon 2 --receding-horizon 2 --num-samples 600 --n-steps 30 --source pretrained --encoder-id quentinll/lewm-cube --h5 "$CUBE_H5" --device cuda --goal-offset 175 --eval-budget 350 --num-eval 128 --seed 45 --cem-seed 45 --episodes-file episodes/cube_c2222.episodes175.json
532	cube	gd_ffjepa_s10k3	175	46	logs/rbW_cube_gd_ffjepa_s10k3_t175_seed46.log	python -m surveyor.envs.cube.eval --solver gd --subgoal ffjepa --gdm-ckpt gdm_cube_s10_gc.pt --gdm-steps 3 --horizon 2 --receding-horizon 2 --num-samples 600 --n-steps 30 --source pretrained --encoder-id quentinll/lewm-cube --h5 "$CUBE_H5" --device cuda --goal-offset 175 --eval-budget 350 --num-eval 128 --seed 46 --cem-seed 46 --episodes-file episodes/cube_c2222.episodes175.json
533	cube	gd_ffjepa_s10k3	175	47	logs/rbW_cube_gd_ffjepa_s10k3_t175_seed47.log	python -m surveyor.envs.cube.eval --solver gd --subgoal ffjepa --gdm-ckpt gdm_cube_s10_gc.pt --gdm-steps 3 --horizon 2 --receding-horizon 2 --num-samples 600 --n-steps 30 --source pretrained --encoder-id quentinll/lewm-cube --h5 "$CUBE_H5" --device cuda --goal-offset 175 --eval-budget 350 --num-eval 128 --seed 47 --cem-seed 47 --episodes-file episodes/cube_c2222.episodes175.json
534	cube	gd_ffjepa_s10k3	175	48	logs/rbW_cube_gd_ffjepa_s10k3_t175_seed48.log	python -m surveyor.envs.cube.eval --solver gd --subgoal ffjepa --gdm-ckpt gdm_cube_s10_gc.pt --gdm-steps 3 --horizon 2 --receding-horizon 2 --num-samples 600 --n-steps 30 --source pretrained --encoder-id quentinll/lewm-cube --h5 "$CUBE_H5" --device cuda --goal-offset 175 --eval-budget 350 --num-eval 128 --seed 48 --cem-seed 48 --episodes-file episodes/cube_c2222.episodes175.json
535	cube	gd_ffjepa_s10k3	175	49	logs/rbW_cube_gd_ffjepa_s10k3_t175_seed49.log	python -m surveyor.envs.cube.eval --solver gd --subgoal ffjepa --gdm-ckpt gdm_cube_s10_gc.pt --gdm-steps 3 --horizon 2 --receding-horizon 2 --num-samples 600 --n-steps 30 --source pretrained --encoder-id quentinll/lewm-cube --h5 "$CUBE_H5" --device cuda --goal-offset 175 --eval-budget 350 --num-eval 128 --seed 49 --cem-seed 49 --episodes-file episodes/cube_c2222.episodes175.json
536	cube	gd_ffjepa_s10k3	195	42	logs/rbW_cube_gd_ffjepa_s10k3_t195_seed42.log	python -m surveyor.envs.cube.eval --solver gd --subgoal ffjepa --gdm-ckpt gdm_cube_s10_gc.pt --gdm-steps 3 --horizon 2 --receding-horizon 2 --num-samples 600 --n-steps 30 --source pretrained --encoder-id quentinll/lewm-cube --h5 "$CUBE_H5" --device cuda --goal-offset 195 --eval-budget 390 --num-eval 128 --seed 42 --cem-seed 42 --episodes-file episodes/cube_c2222.episodes195.json
537	cube	gd_ffjepa_s10k3	195	43	logs/rbW_cube_gd_ffjepa_s10k3_t195_seed43.log	python -m surveyor.envs.cube.eval --solver gd --subgoal ffjepa --gdm-ckpt gdm_cube_s10_gc.pt --gdm-steps 3 --horizon 2 --receding-horizon 2 --num-samples 600 --n-steps 30 --source pretrained --encoder-id quentinll/lewm-cube --h5 "$CUBE_H5" --device cuda --goal-offset 195 --eval-budget 390 --num-eval 128 --seed 43 --cem-seed 43 --episodes-file episodes/cube_c2222.episodes195.json
538	cube	gd_ffjepa_s10k3	195	44	logs/rbW_cube_gd_ffjepa_s10k3_t195_seed44.log	python -m surveyor.envs.cube.eval --solver gd --subgoal ffjepa --gdm-ckpt gdm_cube_s10_gc.pt --gdm-steps 3 --horizon 2 --receding-horizon 2 --num-samples 600 --n-steps 30 --source pretrained --encoder-id quentinll/lewm-cube --h5 "$CUBE_H5" --device cuda --goal-offset 195 --eval-budget 390 --num-eval 128 --seed 44 --cem-seed 44 --episodes-file episodes/cube_c2222.episodes195.json
539	cube	gd_ffjepa_s10k3	195	45	logs/rbW_cube_gd_ffjepa_s10k3_t195_seed45.log	python -m surveyor.envs.cube.eval --solver gd --subgoal ffjepa --gdm-ckpt gdm_cube_s10_gc.pt --gdm-steps 3 --horizon 2 --receding-horizon 2 --num-samples 600 --n-steps 30 --source pretrained --encoder-id quentinll/lewm-cube --h5 "$CUBE_H5" --device cuda --goal-offset 195 --eval-budget 390 --num-eval 128 --seed 45 --cem-seed 45 --episodes-file episodes/cube_c2222.episodes195.json
540	cube	gd_ffjepa_s10k3	195	46	logs/rbW_cube_gd_ffjepa_s10k3_t195_seed46.log	python -m surveyor.envs.cube.eval --solver gd --subgoal ffjepa --gdm-ckpt gdm_cube_s10_gc.pt --gdm-steps 3 --horizon 2 --receding-horizon 2 --num-samples 600 --n-steps 30 --source pretrained --encoder-id quentinll/lewm-cube --h5 "$CUBE_H5" --device cuda --goal-offset 195 --eval-budget 390 --num-eval 128 --seed 46 --cem-seed 46 --episodes-file episodes/cube_c2222.episodes195.json
541	cube	gd_ffjepa_s10k3	195	47	logs/rbW_cube_gd_ffjepa_s10k3_t195_seed47.log	python -m surveyor.envs.cube.eval --solver gd --subgoal ffjepa --gdm-ckpt gdm_cube_s10_gc.pt --gdm-steps 3 --horizon 2 --receding-horizon 2 --num-samples 600 --n-steps 30 --source pretrained --encoder-id quentinll/lewm-cube --h5 "$CUBE_H5" --device cuda --goal-offset 195 --eval-budget 390 --num-eval 128 --seed 47 --cem-seed 47 --episodes-file episodes/cube_c2222.episodes195.json
542	cube	gd_ffjepa_s10k3	195	48	logs/rbW_cube_gd_ffjepa_s10k3_t195_seed48.log	python -m surveyor.envs.cube.eval --solver gd --subgoal ffjepa --gdm-ckpt gdm_cube_s10_gc.pt --gdm-steps 3 --horizon 2 --receding-horizon 2 --num-samples 600 --n-steps 30 --source pretrained --encoder-id quentinll/lewm-cube --h5 "$CUBE_H5" --device cuda --goal-offset 195 --eval-budget 390 --num-eval 128 --seed 48 --cem-seed 48 --episodes-file episodes/cube_c2222.episodes195.json
543	cube	gd_ffjepa_s10k3	195	49	logs/rbW_cube_gd_ffjepa_s10k3_t195_seed49.log	python -m surveyor.envs.cube.eval --solver gd --subgoal ffjepa --gdm-ckpt gdm_cube_s10_gc.pt --gdm-steps 3 --horizon 2 --receding-horizon 2 --num-samples 600 --n-steps 30 --source pretrained --encoder-id quentinll/lewm-cube --h5 "$CUBE_H5" --device cuda --goal-offset 195 --eval-budget 390 --num-eval 128 --seed 49 --cem-seed 49 --episodes-file episodes/cube_c2222.episodes195.json
544	cube	icem_ffjepa_s10k3	175	42	logs/rbW_cube_icem_ffjepa_s10k3_t175_seed42.log	python -m surveyor.envs.cube.eval --solver icem --subgoal ffjepa --gdm-ckpt gdm_cube_s10_gc.pt --gdm-steps 3 --horizon 2 --receding-horizon 2 --num-samples 600 --n-steps 30 --source pretrained --encoder-id quentinll/lewm-cube --h5 "$CUBE_H5" --device cuda --goal-offset 175 --eval-budget 350 --num-eval 128 --seed 42 --cem-seed 42 --episodes-file episodes/cube_c2222.episodes175.json
545	cube	icem_ffjepa_s10k3	175	43	logs/rbW_cube_icem_ffjepa_s10k3_t175_seed43.log	python -m surveyor.envs.cube.eval --solver icem --subgoal ffjepa --gdm-ckpt gdm_cube_s10_gc.pt --gdm-steps 3 --horizon 2 --receding-horizon 2 --num-samples 600 --n-steps 30 --source pretrained --encoder-id quentinll/lewm-cube --h5 "$CUBE_H5" --device cuda --goal-offset 175 --eval-budget 350 --num-eval 128 --seed 43 --cem-seed 43 --episodes-file episodes/cube_c2222.episodes175.json
546	cube	icem_ffjepa_s10k3	175	44	logs/rbW_cube_icem_ffjepa_s10k3_t175_seed44.log	python -m surveyor.envs.cube.eval --solver icem --subgoal ffjepa --gdm-ckpt gdm_cube_s10_gc.pt --gdm-steps 3 --horizon 2 --receding-horizon 2 --num-samples 600 --n-steps 30 --source pretrained --encoder-id quentinll/lewm-cube --h5 "$CUBE_H5" --device cuda --goal-offset 175 --eval-budget 350 --num-eval 128 --seed 44 --cem-seed 44 --episodes-file episodes/cube_c2222.episodes175.json
547	cube	icem_ffjepa_s10k3	175	45	logs/rbW_cube_icem_ffjepa_s10k3_t175_seed45.log	python -m surveyor.envs.cube.eval --solver icem --subgoal ffjepa --gdm-ckpt gdm_cube_s10_gc.pt --gdm-steps 3 --horizon 2 --receding-horizon 2 --num-samples 600 --n-steps 30 --source pretrained --encoder-id quentinll/lewm-cube --h5 "$CUBE_H5" --device cuda --goal-offset 175 --eval-budget 350 --num-eval 128 --seed 45 --cem-seed 45 --episodes-file episodes/cube_c2222.episodes175.json
548	cube	icem_ffjepa_s10k3	175	46	logs/rbW_cube_icem_ffjepa_s10k3_t175_seed46.log	python -m surveyor.envs.cube.eval --solver icem --subgoal ffjepa --gdm-ckpt gdm_cube_s10_gc.pt --gdm-steps 3 --horizon 2 --receding-horizon 2 --num-samples 600 --n-steps 30 --source pretrained --encoder-id quentinll/lewm-cube --h5 "$CUBE_H5" --device cuda --goal-offset 175 --eval-budget 350 --num-eval 128 --seed 46 --cem-seed 46 --episodes-file episodes/cube_c2222.episodes175.json
549	cube	icem_ffjepa_s10k3	175	47	logs/rbW_cube_icem_ffjepa_s10k3_t175_seed47.log	python -m surveyor.envs.cube.eval --solver icem --subgoal ffjepa --gdm-ckpt gdm_cube_s10_gc.pt --gdm-steps 3 --horizon 2 --receding-horizon 2 --num-samples 600 --n-steps 30 --source pretrained --encoder-id quentinll/lewm-cube --h5 "$CUBE_H5" --device cuda --goal-offset 175 --eval-budget 350 --num-eval 128 --seed 47 --cem-seed 47 --episodes-file episodes/cube_c2222.episodes175.json
550	cube	icem_ffjepa_s10k3	175	48	logs/rbW_cube_icem_ffjepa_s10k3_t175_seed48.log	python -m surveyor.envs.cube.eval --solver icem --subgoal ffjepa --gdm-ckpt gdm_cube_s10_gc.pt --gdm-steps 3 --horizon 2 --receding-horizon 2 --num-samples 600 --n-steps 30 --source pretrained --encoder-id quentinll/lewm-cube --h5 "$CUBE_H5" --device cuda --goal-offset 175 --eval-budget 350 --num-eval 128 --seed 48 --cem-seed 48 --episodes-file episodes/cube_c2222.episodes175.json
551	cube	icem_ffjepa_s10k3	175	49	logs/rbW_cube_icem_ffjepa_s10k3_t175_seed49.log	python -m surveyor.envs.cube.eval --solver icem --subgoal ffjepa --gdm-ckpt gdm_cube_s10_gc.pt --gdm-steps 3 --horizon 2 --receding-horizon 2 --num-samples 600 --n-steps 30 --source pretrained --encoder-id quentinll/lewm-cube --h5 "$CUBE_H5" --device cuda --goal-offset 175 --eval-budget 350 --num-eval 128 --seed 49 --cem-seed 49 --episodes-file episodes/cube_c2222.episodes175.json
552	cube	icem_ffjepa_s10k3	195	42	logs/rbW_cube_icem_ffjepa_s10k3_t195_seed42.log	python -m surveyor.envs.cube.eval --solver icem --subgoal ffjepa --gdm-ckpt gdm_cube_s10_gc.pt --gdm-steps 3 --horizon 2 --receding-horizon 2 --num-samples 600 --n-steps 30 --source pretrained --encoder-id quentinll/lewm-cube --h5 "$CUBE_H5" --device cuda --goal-offset 195 --eval-budget 390 --num-eval 128 --seed 42 --cem-seed 42 --episodes-file episodes/cube_c2222.episodes195.json
553	cube	icem_ffjepa_s10k3	195	43	logs/rbW_cube_icem_ffjepa_s10k3_t195_seed43.log	python -m surveyor.envs.cube.eval --solver icem --subgoal ffjepa --gdm-ckpt gdm_cube_s10_gc.pt --gdm-steps 3 --horizon 2 --receding-horizon 2 --num-samples 600 --n-steps 30 --source pretrained --encoder-id quentinll/lewm-cube --h5 "$CUBE_H5" --device cuda --goal-offset 195 --eval-budget 390 --num-eval 128 --seed 43 --cem-seed 43 --episodes-file episodes/cube_c2222.episodes195.json
554	cube	icem_ffjepa_s10k3	195	44	logs/rbW_cube_icem_ffjepa_s10k3_t195_seed44.log	python -m surveyor.envs.cube.eval --solver icem --subgoal ffjepa --gdm-ckpt gdm_cube_s10_gc.pt --gdm-steps 3 --horizon 2 --receding-horizon 2 --num-samples 600 --n-steps 30 --source pretrained --encoder-id quentinll/lewm-cube --h5 "$CUBE_H5" --device cuda --goal-offset 195 --eval-budget 390 --num-eval 128 --seed 44 --cem-seed 44 --episodes-file episodes/cube_c2222.episodes195.json
555	cube	icem_ffjepa_s10k3	195	45	logs/rbW_cube_icem_ffjepa_s10k3_t195_seed45.log	python -m surveyor.envs.cube.eval --solver icem --subgoal ffjepa --gdm-ckpt gdm_cube_s10_gc.pt --gdm-steps 3 --horizon 2 --receding-horizon 2 --num-samples 600 --n-steps 30 --source pretrained --encoder-id quentinll/lewm-cube --h5 "$CUBE_H5" --device cuda --goal-offset 195 --eval-budget 390 --num-eval 128 --seed 45 --cem-seed 45 --episodes-file episodes/cube_c2222.episodes195.json
556	cube	icem_ffjepa_s10k3	195	46	logs/rbW_cube_icem_ffjepa_s10k3_t195_seed46.log	python -m surveyor.envs.cube.eval --solver icem --subgoal ffjepa --gdm-ckpt gdm_cube_s10_gc.pt --gdm-steps 3 --horizon 2 --receding-horizon 2 --num-samples 600 --n-steps 30 --source pretrained --encoder-id quentinll/lewm-cube --h5 "$CUBE_H5" --device cuda --goal-offset 195 --eval-budget 390 --num-eval 128 --seed 46 --cem-seed 46 --episodes-file episodes/cube_c2222.episodes195.json
557	cube	icem_ffjepa_s10k3	195	47	logs/rbW_cube_icem_ffjepa_s10k3_t195_seed47.log	python -m surveyor.envs.cube.eval --solver icem --subgoal ffjepa --gdm-ckpt gdm_cube_s10_gc.pt --gdm-steps 3 --horizon 2 --receding-horizon 2 --num-samples 600 --n-steps 30 --source pretrained --encoder-id quentinll/lewm-cube --h5 "$CUBE_H5" --device cuda --goal-offset 195 --eval-budget 390 --num-eval 128 --seed 47 --cem-seed 47 --episodes-file episodes/cube_c2222.episodes195.json
558	cube	icem_ffjepa_s10k3	195	48	logs/rbW_cube_icem_ffjepa_s10k3_t195_seed48.log	python -m surveyor.envs.cube.eval --solver icem --subgoal ffjepa --gdm-ckpt gdm_cube_s10_gc.pt --gdm-steps 3 --horizon 2 --receding-horizon 2 --num-samples 600 --n-steps 30 --source pretrained --encoder-id quentinll/lewm-cube --h5 "$CUBE_H5" --device cuda --goal-offset 195 --eval-budget 390 --num-eval 128 --seed 48 --cem-seed 48 --episodes-file episodes/cube_c2222.episodes195.json
559	cube	icem_ffjepa_s10k3	195	49	logs/rbW_cube_icem_ffjepa_s10k3_t195_seed49.log	python -m surveyor.envs.cube.eval --solver icem --subgoal ffjepa --gdm-ckpt gdm_cube_s10_gc.pt --gdm-steps 3 --horizon 2 --receding-horizon 2 --num-samples 600 --n-steps 30 --source pretrained --encoder-id quentinll/lewm-cube --h5 "$CUBE_H5" --device cuda --goal-offset 195 --eval-budget 390 --num-eval 128 --seed 49 --cem-seed 49 --episodes-file episodes/cube_c2222.episodes195.json
560	cube	mppi_ffjepa_s10k3	175	42	logs/rbW_cube_mppi_ffjepa_s10k3_t175_seed42.log	python -m surveyor.envs.cube.eval --solver mppi --subgoal ffjepa --gdm-ckpt gdm_cube_s10_gc.pt --gdm-steps 3 --horizon 2 --receding-horizon 2 --num-samples 600 --n-steps 30 --source pretrained --encoder-id quentinll/lewm-cube --h5 "$CUBE_H5" --device cuda --goal-offset 175 --eval-budget 350 --num-eval 128 --seed 42 --cem-seed 42 --episodes-file episodes/cube_c2222.episodes175.json
561	cube	mppi_ffjepa_s10k3	175	43	logs/rbW_cube_mppi_ffjepa_s10k3_t175_seed43.log	python -m surveyor.envs.cube.eval --solver mppi --subgoal ffjepa --gdm-ckpt gdm_cube_s10_gc.pt --gdm-steps 3 --horizon 2 --receding-horizon 2 --num-samples 600 --n-steps 30 --source pretrained --encoder-id quentinll/lewm-cube --h5 "$CUBE_H5" --device cuda --goal-offset 175 --eval-budget 350 --num-eval 128 --seed 43 --cem-seed 43 --episodes-file episodes/cube_c2222.episodes175.json
562	cube	mppi_ffjepa_s10k3	175	44	logs/rbW_cube_mppi_ffjepa_s10k3_t175_seed44.log	python -m surveyor.envs.cube.eval --solver mppi --subgoal ffjepa --gdm-ckpt gdm_cube_s10_gc.pt --gdm-steps 3 --horizon 2 --receding-horizon 2 --num-samples 600 --n-steps 30 --source pretrained --encoder-id quentinll/lewm-cube --h5 "$CUBE_H5" --device cuda --goal-offset 175 --eval-budget 350 --num-eval 128 --seed 44 --cem-seed 44 --episodes-file episodes/cube_c2222.episodes175.json
563	cube	mppi_ffjepa_s10k3	175	45	logs/rbW_cube_mppi_ffjepa_s10k3_t175_seed45.log	python -m surveyor.envs.cube.eval --solver mppi --subgoal ffjepa --gdm-ckpt gdm_cube_s10_gc.pt --gdm-steps 3 --horizon 2 --receding-horizon 2 --num-samples 600 --n-steps 30 --source pretrained --encoder-id quentinll/lewm-cube --h5 "$CUBE_H5" --device cuda --goal-offset 175 --eval-budget 350 --num-eval 128 --seed 45 --cem-seed 45 --episodes-file episodes/cube_c2222.episodes175.json
564	cube	mppi_ffjepa_s10k3	175	46	logs/rbW_cube_mppi_ffjepa_s10k3_t175_seed46.log	python -m surveyor.envs.cube.eval --solver mppi --subgoal ffjepa --gdm-ckpt gdm_cube_s10_gc.pt --gdm-steps 3 --horizon 2 --receding-horizon 2 --num-samples 600 --n-steps 30 --source pretrained --encoder-id quentinll/lewm-cube --h5 "$CUBE_H5" --device cuda --goal-offset 175 --eval-budget 350 --num-eval 128 --seed 46 --cem-seed 46 --episodes-file episodes/cube_c2222.episodes175.json
565	cube	mppi_ffjepa_s10k3	175	47	logs/rbW_cube_mppi_ffjepa_s10k3_t175_seed47.log	python -m surveyor.envs.cube.eval --solver mppi --subgoal ffjepa --gdm-ckpt gdm_cube_s10_gc.pt --gdm-steps 3 --horizon 2 --receding-horizon 2 --num-samples 600 --n-steps 30 --source pretrained --encoder-id quentinll/lewm-cube --h5 "$CUBE_H5" --device cuda --goal-offset 175 --eval-budget 350 --num-eval 128 --seed 47 --cem-seed 47 --episodes-file episodes/cube_c2222.episodes175.json
566	cube	mppi_ffjepa_s10k3	175	48	logs/rbW_cube_mppi_ffjepa_s10k3_t175_seed48.log	python -m surveyor.envs.cube.eval --solver mppi --subgoal ffjepa --gdm-ckpt gdm_cube_s10_gc.pt --gdm-steps 3 --horizon 2 --receding-horizon 2 --num-samples 600 --n-steps 30 --source pretrained --encoder-id quentinll/lewm-cube --h5 "$CUBE_H5" --device cuda --goal-offset 175 --eval-budget 350 --num-eval 128 --seed 48 --cem-seed 48 --episodes-file episodes/cube_c2222.episodes175.json
567	cube	mppi_ffjepa_s10k3	175	49	logs/rbW_cube_mppi_ffjepa_s10k3_t175_seed49.log	python -m surveyor.envs.cube.eval --solver mppi --subgoal ffjepa --gdm-ckpt gdm_cube_s10_gc.pt --gdm-steps 3 --horizon 2 --receding-horizon 2 --num-samples 600 --n-steps 30 --source pretrained --encoder-id quentinll/lewm-cube --h5 "$CUBE_H5" --device cuda --goal-offset 175 --eval-budget 350 --num-eval 128 --seed 49 --cem-seed 49 --episodes-file episodes/cube_c2222.episodes175.json
568	cube	mppi_ffjepa_s10k3	195	42	logs/rbW_cube_mppi_ffjepa_s10k3_t195_seed42.log	python -m surveyor.envs.cube.eval --solver mppi --subgoal ffjepa --gdm-ckpt gdm_cube_s10_gc.pt --gdm-steps 3 --horizon 2 --receding-horizon 2 --num-samples 600 --n-steps 30 --source pretrained --encoder-id quentinll/lewm-cube --h5 "$CUBE_H5" --device cuda --goal-offset 195 --eval-budget 390 --num-eval 128 --seed 42 --cem-seed 42 --episodes-file episodes/cube_c2222.episodes195.json
569	cube	mppi_ffjepa_s10k3	195	43	logs/rbW_cube_mppi_ffjepa_s10k3_t195_seed43.log	python -m surveyor.envs.cube.eval --solver mppi --subgoal ffjepa --gdm-ckpt gdm_cube_s10_gc.pt --gdm-steps 3 --horizon 2 --receding-horizon 2 --num-samples 600 --n-steps 30 --source pretrained --encoder-id quentinll/lewm-cube --h5 "$CUBE_H5" --device cuda --goal-offset 195 --eval-budget 390 --num-eval 128 --seed 43 --cem-seed 43 --episodes-file episodes/cube_c2222.episodes195.json
570	cube	mppi_ffjepa_s10k3	195	44	logs/rbW_cube_mppi_ffjepa_s10k3_t195_seed44.log	python -m surveyor.envs.cube.eval --solver mppi --subgoal ffjepa --gdm-ckpt gdm_cube_s10_gc.pt --gdm-steps 3 --horizon 2 --receding-horizon 2 --num-samples 600 --n-steps 30 --source pretrained --encoder-id quentinll/lewm-cube --h5 "$CUBE_H5" --device cuda --goal-offset 195 --eval-budget 390 --num-eval 128 --seed 44 --cem-seed 44 --episodes-file episodes/cube_c2222.episodes195.json
571	cube	mppi_ffjepa_s10k3	195	45	logs/rbW_cube_mppi_ffjepa_s10k3_t195_seed45.log	python -m surveyor.envs.cube.eval --solver mppi --subgoal ffjepa --gdm-ckpt gdm_cube_s10_gc.pt --gdm-steps 3 --horizon 2 --receding-horizon 2 --num-samples 600 --n-steps 30 --source pretrained --encoder-id quentinll/lewm-cube --h5 "$CUBE_H5" --device cuda --goal-offset 195 --eval-budget 390 --num-eval 128 --seed 45 --cem-seed 45 --episodes-file episodes/cube_c2222.episodes195.json
572	cube	mppi_ffjepa_s10k3	195	46	logs/rbW_cube_mppi_ffjepa_s10k3_t195_seed46.log	python -m surveyor.envs.cube.eval --solver mppi --subgoal ffjepa --gdm-ckpt gdm_cube_s10_gc.pt --gdm-steps 3 --horizon 2 --receding-horizon 2 --num-samples 600 --n-steps 30 --source pretrained --encoder-id quentinll/lewm-cube --h5 "$CUBE_H5" --device cuda --goal-offset 195 --eval-budget 390 --num-eval 128 --seed 46 --cem-seed 46 --episodes-file episodes/cube_c2222.episodes195.json
573	cube	mppi_ffjepa_s10k3	195	47	logs/rbW_cube_mppi_ffjepa_s10k3_t195_seed47.log	python -m surveyor.envs.cube.eval --solver mppi --subgoal ffjepa --gdm-ckpt gdm_cube_s10_gc.pt --gdm-steps 3 --horizon 2 --receding-horizon 2 --num-samples 600 --n-steps 30 --source pretrained --encoder-id quentinll/lewm-cube --h5 "$CUBE_H5" --device cuda --goal-offset 195 --eval-budget 390 --num-eval 128 --seed 47 --cem-seed 47 --episodes-file episodes/cube_c2222.episodes195.json
574	cube	mppi_ffjepa_s10k3	195	48	logs/rbW_cube_mppi_ffjepa_s10k3_t195_seed48.log	python -m surveyor.envs.cube.eval --solver mppi --subgoal ffjepa --gdm-ckpt gdm_cube_s10_gc.pt --gdm-steps 3 --horizon 2 --receding-horizon 2 --num-samples 600 --n-steps 30 --source pretrained --encoder-id quentinll/lewm-cube --h5 "$CUBE_H5" --device cuda --goal-offset 195 --eval-budget 390 --num-eval 128 --seed 48 --cem-seed 48 --episodes-file episodes/cube_c2222.episodes195.json
575	cube	mppi_ffjepa_s10k3	195	49	logs/rbW_cube_mppi_ffjepa_s10k3_t195_seed49.log	python -m surveyor.envs.cube.eval --solver mppi --subgoal ffjepa --gdm-ckpt gdm_cube_s10_gc.pt --gdm-steps 3 --horizon 2 --receding-horizon 2 --num-samples 600 --n-steps 30 --source pretrained --encoder-id quentinll/lewm-cube --h5 "$CUBE_H5" --device cuda --goal-offset 195 --eval-budget 390 --num-eval 128 --seed 49 --cem-seed 49 --episodes-file episodes/cube_c2222.episodes195.json
576	reacher	ffjepa_s10k8	175	42	logs/rbW_reacher_ffjepa_s10k8_t175_seed42.log	python -m surveyor.envs.reacher.eval --subgoal ffjepa --gdm-ckpt gdm_reacher_s10.pt --gdm-steps 8 --horizon 2 --receding-horizon 2 --source local --local-dir encoder_reacher --h5 "$REACHER_H5" --device cuda --num-eval 128 --seed 42 --cem-seed 42 --episodes-file episodes/reacher_c2222.ep175.s2222.json --goal-offset 175 --eval-budget 350
577	reacher	ffjepa_s10k8	175	43	logs/rbW_reacher_ffjepa_s10k8_t175_seed43.log	python -m surveyor.envs.reacher.eval --subgoal ffjepa --gdm-ckpt gdm_reacher_s10.pt --gdm-steps 8 --horizon 2 --receding-horizon 2 --source local --local-dir encoder_reacher --h5 "$REACHER_H5" --device cuda --num-eval 128 --seed 43 --cem-seed 43 --episodes-file episodes/reacher_c2222.ep175.s2222.json --goal-offset 175 --eval-budget 350
578	reacher	ffjepa_s10k8	175	44	logs/rbW_reacher_ffjepa_s10k8_t175_seed44.log	python -m surveyor.envs.reacher.eval --subgoal ffjepa --gdm-ckpt gdm_reacher_s10.pt --gdm-steps 8 --horizon 2 --receding-horizon 2 --source local --local-dir encoder_reacher --h5 "$REACHER_H5" --device cuda --num-eval 128 --seed 44 --cem-seed 44 --episodes-file episodes/reacher_c2222.ep175.s2222.json --goal-offset 175 --eval-budget 350
579	reacher	ffjepa_s10k8	175	45	logs/rbW_reacher_ffjepa_s10k8_t175_seed45.log	python -m surveyor.envs.reacher.eval --subgoal ffjepa --gdm-ckpt gdm_reacher_s10.pt --gdm-steps 8 --horizon 2 --receding-horizon 2 --source local --local-dir encoder_reacher --h5 "$REACHER_H5" --device cuda --num-eval 128 --seed 45 --cem-seed 45 --episodes-file episodes/reacher_c2222.ep175.s2222.json --goal-offset 175 --eval-budget 350
580	reacher	ffjepa_s10k8	175	46	logs/rbW_reacher_ffjepa_s10k8_t175_seed46.log	python -m surveyor.envs.reacher.eval --subgoal ffjepa --gdm-ckpt gdm_reacher_s10.pt --gdm-steps 8 --horizon 2 --receding-horizon 2 --source local --local-dir encoder_reacher --h5 "$REACHER_H5" --device cuda --num-eval 128 --seed 46 --cem-seed 46 --episodes-file episodes/reacher_c2222.ep175.s2222.json --goal-offset 175 --eval-budget 350
581	reacher	ffjepa_s10k8	175	47	logs/rbW_reacher_ffjepa_s10k8_t175_seed47.log	python -m surveyor.envs.reacher.eval --subgoal ffjepa --gdm-ckpt gdm_reacher_s10.pt --gdm-steps 8 --horizon 2 --receding-horizon 2 --source local --local-dir encoder_reacher --h5 "$REACHER_H5" --device cuda --num-eval 128 --seed 47 --cem-seed 47 --episodes-file episodes/reacher_c2222.ep175.s2222.json --goal-offset 175 --eval-budget 350
582	reacher	ffjepa_s10k8	175	48	logs/rbW_reacher_ffjepa_s10k8_t175_seed48.log	python -m surveyor.envs.reacher.eval --subgoal ffjepa --gdm-ckpt gdm_reacher_s10.pt --gdm-steps 8 --horizon 2 --receding-horizon 2 --source local --local-dir encoder_reacher --h5 "$REACHER_H5" --device cuda --num-eval 128 --seed 48 --cem-seed 48 --episodes-file episodes/reacher_c2222.ep175.s2222.json --goal-offset 175 --eval-budget 350
583	reacher	ffjepa_s10k8	175	49	logs/rbW_reacher_ffjepa_s10k8_t175_seed49.log	python -m surveyor.envs.reacher.eval --subgoal ffjepa --gdm-ckpt gdm_reacher_s10.pt --gdm-steps 8 --horizon 2 --receding-horizon 2 --source local --local-dir encoder_reacher --h5 "$REACHER_H5" --device cuda --num-eval 128 --seed 49 --cem-seed 49 --episodes-file episodes/reacher_c2222.ep175.s2222.json --goal-offset 175 --eval-budget 350
584	reacher	ffjepa_s10k8	195	42	logs/rbW_reacher_ffjepa_s10k8_t195_seed42.log	python -m surveyor.envs.reacher.eval --subgoal ffjepa --gdm-ckpt gdm_reacher_s10.pt --gdm-steps 8 --horizon 2 --receding-horizon 2 --source local --local-dir encoder_reacher --h5 "$REACHER_H5" --device cuda --num-eval 128 --seed 42 --cem-seed 42 --episodes-file episodes/reacher_c2222.ep195.s2222.json --goal-offset 195 --eval-budget 390
585	reacher	ffjepa_s10k8	195	43	logs/rbW_reacher_ffjepa_s10k8_t195_seed43.log	python -m surveyor.envs.reacher.eval --subgoal ffjepa --gdm-ckpt gdm_reacher_s10.pt --gdm-steps 8 --horizon 2 --receding-horizon 2 --source local --local-dir encoder_reacher --h5 "$REACHER_H5" --device cuda --num-eval 128 --seed 43 --cem-seed 43 --episodes-file episodes/reacher_c2222.ep195.s2222.json --goal-offset 195 --eval-budget 390
586	reacher	ffjepa_s10k8	195	44	logs/rbW_reacher_ffjepa_s10k8_t195_seed44.log	python -m surveyor.envs.reacher.eval --subgoal ffjepa --gdm-ckpt gdm_reacher_s10.pt --gdm-steps 8 --horizon 2 --receding-horizon 2 --source local --local-dir encoder_reacher --h5 "$REACHER_H5" --device cuda --num-eval 128 --seed 44 --cem-seed 44 --episodes-file episodes/reacher_c2222.ep195.s2222.json --goal-offset 195 --eval-budget 390
587	reacher	ffjepa_s10k8	195	45	logs/rbW_reacher_ffjepa_s10k8_t195_seed45.log	python -m surveyor.envs.reacher.eval --subgoal ffjepa --gdm-ckpt gdm_reacher_s10.pt --gdm-steps 8 --horizon 2 --receding-horizon 2 --source local --local-dir encoder_reacher --h5 "$REACHER_H5" --device cuda --num-eval 128 --seed 45 --cem-seed 45 --episodes-file episodes/reacher_c2222.ep195.s2222.json --goal-offset 195 --eval-budget 390
588	reacher	ffjepa_s10k8	195	46	logs/rbW_reacher_ffjepa_s10k8_t195_seed46.log	python -m surveyor.envs.reacher.eval --subgoal ffjepa --gdm-ckpt gdm_reacher_s10.pt --gdm-steps 8 --horizon 2 --receding-horizon 2 --source local --local-dir encoder_reacher --h5 "$REACHER_H5" --device cuda --num-eval 128 --seed 46 --cem-seed 46 --episodes-file episodes/reacher_c2222.ep195.s2222.json --goal-offset 195 --eval-budget 390
589	reacher	ffjepa_s10k8	195	47	logs/rbW_reacher_ffjepa_s10k8_t195_seed47.log	python -m surveyor.envs.reacher.eval --subgoal ffjepa --gdm-ckpt gdm_reacher_s10.pt --gdm-steps 8 --horizon 2 --receding-horizon 2 --source local --local-dir encoder_reacher --h5 "$REACHER_H5" --device cuda --num-eval 128 --seed 47 --cem-seed 47 --episodes-file episodes/reacher_c2222.ep195.s2222.json --goal-offset 195 --eval-budget 390
590	reacher	ffjepa_s10k8	195	48	logs/rbW_reacher_ffjepa_s10k8_t195_seed48.log	python -m surveyor.envs.reacher.eval --subgoal ffjepa --gdm-ckpt gdm_reacher_s10.pt --gdm-steps 8 --horizon 2 --receding-horizon 2 --source local --local-dir encoder_reacher --h5 "$REACHER_H5" --device cuda --num-eval 128 --seed 48 --cem-seed 48 --episodes-file episodes/reacher_c2222.ep195.s2222.json --goal-offset 195 --eval-budget 390
591	reacher	ffjepa_s10k8	195	49	logs/rbW_reacher_ffjepa_s10k8_t195_seed49.log	python -m surveyor.envs.reacher.eval --subgoal ffjepa --gdm-ckpt gdm_reacher_s10.pt --gdm-steps 8 --horizon 2 --receding-horizon 2 --source local --local-dir encoder_reacher --h5 "$REACHER_H5" --device cuda --num-eval 128 --seed 49 --cem-seed 49 --episodes-file episodes/reacher_c2222.ep195.s2222.json --goal-offset 195 --eval-budget 390
592	reacher	gd_ffjepa_s10k8	175	42	logs/rbW_reacher_gd_ffjepa_s10k8_t175_seed42.log	python -m surveyor.envs.reacher.eval --solver gd --subgoal ffjepa --gdm-ckpt gdm_reacher_s10.pt --gdm-steps 8 --horizon 2 --receding-horizon 2 --source local --local-dir encoder_reacher --h5 "$REACHER_H5" --device cuda --num-eval 128 --seed 42 --cem-seed 42 --episodes-file episodes/reacher_c2222.ep175.s2222.json --goal-offset 175 --eval-budget 350
593	reacher	gd_ffjepa_s10k8	175	43	logs/rbW_reacher_gd_ffjepa_s10k8_t175_seed43.log	python -m surveyor.envs.reacher.eval --solver gd --subgoal ffjepa --gdm-ckpt gdm_reacher_s10.pt --gdm-steps 8 --horizon 2 --receding-horizon 2 --source local --local-dir encoder_reacher --h5 "$REACHER_H5" --device cuda --num-eval 128 --seed 43 --cem-seed 43 --episodes-file episodes/reacher_c2222.ep175.s2222.json --goal-offset 175 --eval-budget 350
594	reacher	gd_ffjepa_s10k8	175	44	logs/rbW_reacher_gd_ffjepa_s10k8_t175_seed44.log	python -m surveyor.envs.reacher.eval --solver gd --subgoal ffjepa --gdm-ckpt gdm_reacher_s10.pt --gdm-steps 8 --horizon 2 --receding-horizon 2 --source local --local-dir encoder_reacher --h5 "$REACHER_H5" --device cuda --num-eval 128 --seed 44 --cem-seed 44 --episodes-file episodes/reacher_c2222.ep175.s2222.json --goal-offset 175 --eval-budget 350
595	reacher	gd_ffjepa_s10k8	175	45	logs/rbW_reacher_gd_ffjepa_s10k8_t175_seed45.log	python -m surveyor.envs.reacher.eval --solver gd --subgoal ffjepa --gdm-ckpt gdm_reacher_s10.pt --gdm-steps 8 --horizon 2 --receding-horizon 2 --source local --local-dir encoder_reacher --h5 "$REACHER_H5" --device cuda --num-eval 128 --seed 45 --cem-seed 45 --episodes-file episodes/reacher_c2222.ep175.s2222.json --goal-offset 175 --eval-budget 350
596	reacher	gd_ffjepa_s10k8	175	46	logs/rbW_reacher_gd_ffjepa_s10k8_t175_seed46.log	python -m surveyor.envs.reacher.eval --solver gd --subgoal ffjepa --gdm-ckpt gdm_reacher_s10.pt --gdm-steps 8 --horizon 2 --receding-horizon 2 --source local --local-dir encoder_reacher --h5 "$REACHER_H5" --device cuda --num-eval 128 --seed 46 --cem-seed 46 --episodes-file episodes/reacher_c2222.ep175.s2222.json --goal-offset 175 --eval-budget 350
597	reacher	gd_ffjepa_s10k8	175	47	logs/rbW_reacher_gd_ffjepa_s10k8_t175_seed47.log	python -m surveyor.envs.reacher.eval --solver gd --subgoal ffjepa --gdm-ckpt gdm_reacher_s10.pt --gdm-steps 8 --horizon 2 --receding-horizon 2 --source local --local-dir encoder_reacher --h5 "$REACHER_H5" --device cuda --num-eval 128 --seed 47 --cem-seed 47 --episodes-file episodes/reacher_c2222.ep175.s2222.json --goal-offset 175 --eval-budget 350
598	reacher	gd_ffjepa_s10k8	175	48	logs/rbW_reacher_gd_ffjepa_s10k8_t175_seed48.log	python -m surveyor.envs.reacher.eval --solver gd --subgoal ffjepa --gdm-ckpt gdm_reacher_s10.pt --gdm-steps 8 --horizon 2 --receding-horizon 2 --source local --local-dir encoder_reacher --h5 "$REACHER_H5" --device cuda --num-eval 128 --seed 48 --cem-seed 48 --episodes-file episodes/reacher_c2222.ep175.s2222.json --goal-offset 175 --eval-budget 350
599	reacher	gd_ffjepa_s10k8	175	49	logs/rbW_reacher_gd_ffjepa_s10k8_t175_seed49.log	python -m surveyor.envs.reacher.eval --solver gd --subgoal ffjepa --gdm-ckpt gdm_reacher_s10.pt --gdm-steps 8 --horizon 2 --receding-horizon 2 --source local --local-dir encoder_reacher --h5 "$REACHER_H5" --device cuda --num-eval 128 --seed 49 --cem-seed 49 --episodes-file episodes/reacher_c2222.ep175.s2222.json --goal-offset 175 --eval-budget 350
600	reacher	gd_ffjepa_s10k8	195	42	logs/rbW_reacher_gd_ffjepa_s10k8_t195_seed42.log	python -m surveyor.envs.reacher.eval --solver gd --subgoal ffjepa --gdm-ckpt gdm_reacher_s10.pt --gdm-steps 8 --horizon 2 --receding-horizon 2 --source local --local-dir encoder_reacher --h5 "$REACHER_H5" --device cuda --num-eval 128 --seed 42 --cem-seed 42 --episodes-file episodes/reacher_c2222.ep195.s2222.json --goal-offset 195 --eval-budget 390
601	reacher	gd_ffjepa_s10k8	195	43	logs/rbW_reacher_gd_ffjepa_s10k8_t195_seed43.log	python -m surveyor.envs.reacher.eval --solver gd --subgoal ffjepa --gdm-ckpt gdm_reacher_s10.pt --gdm-steps 8 --horizon 2 --receding-horizon 2 --source local --local-dir encoder_reacher --h5 "$REACHER_H5" --device cuda --num-eval 128 --seed 43 --cem-seed 43 --episodes-file episodes/reacher_c2222.ep195.s2222.json --goal-offset 195 --eval-budget 390
602	reacher	gd_ffjepa_s10k8	195	44	logs/rbW_reacher_gd_ffjepa_s10k8_t195_seed44.log	python -m surveyor.envs.reacher.eval --solver gd --subgoal ffjepa --gdm-ckpt gdm_reacher_s10.pt --gdm-steps 8 --horizon 2 --receding-horizon 2 --source local --local-dir encoder_reacher --h5 "$REACHER_H5" --device cuda --num-eval 128 --seed 44 --cem-seed 44 --episodes-file episodes/reacher_c2222.ep195.s2222.json --goal-offset 195 --eval-budget 390
603	reacher	gd_ffjepa_s10k8	195	45	logs/rbW_reacher_gd_ffjepa_s10k8_t195_seed45.log	python -m surveyor.envs.reacher.eval --solver gd --subgoal ffjepa --gdm-ckpt gdm_reacher_s10.pt --gdm-steps 8 --horizon 2 --receding-horizon 2 --source local --local-dir encoder_reacher --h5 "$REACHER_H5" --device cuda --num-eval 128 --seed 45 --cem-seed 45 --episodes-file episodes/reacher_c2222.ep195.s2222.json --goal-offset 195 --eval-budget 390
604	reacher	gd_ffjepa_s10k8	195	46	logs/rbW_reacher_gd_ffjepa_s10k8_t195_seed46.log	python -m surveyor.envs.reacher.eval --solver gd --subgoal ffjepa --gdm-ckpt gdm_reacher_s10.pt --gdm-steps 8 --horizon 2 --receding-horizon 2 --source local --local-dir encoder_reacher --h5 "$REACHER_H5" --device cuda --num-eval 128 --seed 46 --cem-seed 46 --episodes-file episodes/reacher_c2222.ep195.s2222.json --goal-offset 195 --eval-budget 390
605	reacher	gd_ffjepa_s10k8	195	47	logs/rbW_reacher_gd_ffjepa_s10k8_t195_seed47.log	python -m surveyor.envs.reacher.eval --solver gd --subgoal ffjepa --gdm-ckpt gdm_reacher_s10.pt --gdm-steps 8 --horizon 2 --receding-horizon 2 --source local --local-dir encoder_reacher --h5 "$REACHER_H5" --device cuda --num-eval 128 --seed 47 --cem-seed 47 --episodes-file episodes/reacher_c2222.ep195.s2222.json --goal-offset 195 --eval-budget 390
606	reacher	gd_ffjepa_s10k8	195	48	logs/rbW_reacher_gd_ffjepa_s10k8_t195_seed48.log	python -m surveyor.envs.reacher.eval --solver gd --subgoal ffjepa --gdm-ckpt gdm_reacher_s10.pt --gdm-steps 8 --horizon 2 --receding-horizon 2 --source local --local-dir encoder_reacher --h5 "$REACHER_H5" --device cuda --num-eval 128 --seed 48 --cem-seed 48 --episodes-file episodes/reacher_c2222.ep195.s2222.json --goal-offset 195 --eval-budget 390
607	reacher	gd_ffjepa_s10k8	195	49	logs/rbW_reacher_gd_ffjepa_s10k8_t195_seed49.log	python -m surveyor.envs.reacher.eval --solver gd --subgoal ffjepa --gdm-ckpt gdm_reacher_s10.pt --gdm-steps 8 --horizon 2 --receding-horizon 2 --source local --local-dir encoder_reacher --h5 "$REACHER_H5" --device cuda --num-eval 128 --seed 49 --cem-seed 49 --episodes-file episodes/reacher_c2222.ep195.s2222.json --goal-offset 195 --eval-budget 390
608	reacher	icem_ffjepa_s10k8	175	42	logs/rbW_reacher_icem_ffjepa_s10k8_t175_seed42.log	python -m surveyor.envs.reacher.eval --solver icem --subgoal ffjepa --gdm-ckpt gdm_reacher_s10.pt --gdm-steps 8 --horizon 2 --receding-horizon 2 --source local --local-dir encoder_reacher --h5 "$REACHER_H5" --device cuda --num-eval 128 --seed 42 --cem-seed 42 --episodes-file episodes/reacher_c2222.ep175.s2222.json --goal-offset 175 --eval-budget 350
609	reacher	icem_ffjepa_s10k8	175	43	logs/rbW_reacher_icem_ffjepa_s10k8_t175_seed43.log	python -m surveyor.envs.reacher.eval --solver icem --subgoal ffjepa --gdm-ckpt gdm_reacher_s10.pt --gdm-steps 8 --horizon 2 --receding-horizon 2 --source local --local-dir encoder_reacher --h5 "$REACHER_H5" --device cuda --num-eval 128 --seed 43 --cem-seed 43 --episodes-file episodes/reacher_c2222.ep175.s2222.json --goal-offset 175 --eval-budget 350
610	reacher	icem_ffjepa_s10k8	175	44	logs/rbW_reacher_icem_ffjepa_s10k8_t175_seed44.log	python -m surveyor.envs.reacher.eval --solver icem --subgoal ffjepa --gdm-ckpt gdm_reacher_s10.pt --gdm-steps 8 --horizon 2 --receding-horizon 2 --source local --local-dir encoder_reacher --h5 "$REACHER_H5" --device cuda --num-eval 128 --seed 44 --cem-seed 44 --episodes-file episodes/reacher_c2222.ep175.s2222.json --goal-offset 175 --eval-budget 350
611	reacher	icem_ffjepa_s10k8	175	45	logs/rbW_reacher_icem_ffjepa_s10k8_t175_seed45.log	python -m surveyor.envs.reacher.eval --solver icem --subgoal ffjepa --gdm-ckpt gdm_reacher_s10.pt --gdm-steps 8 --horizon 2 --receding-horizon 2 --source local --local-dir encoder_reacher --h5 "$REACHER_H5" --device cuda --num-eval 128 --seed 45 --cem-seed 45 --episodes-file episodes/reacher_c2222.ep175.s2222.json --goal-offset 175 --eval-budget 350
612	reacher	icem_ffjepa_s10k8	175	46	logs/rbW_reacher_icem_ffjepa_s10k8_t175_seed46.log	python -m surveyor.envs.reacher.eval --solver icem --subgoal ffjepa --gdm-ckpt gdm_reacher_s10.pt --gdm-steps 8 --horizon 2 --receding-horizon 2 --source local --local-dir encoder_reacher --h5 "$REACHER_H5" --device cuda --num-eval 128 --seed 46 --cem-seed 46 --episodes-file episodes/reacher_c2222.ep175.s2222.json --goal-offset 175 --eval-budget 350
613	reacher	icem_ffjepa_s10k8	175	47	logs/rbW_reacher_icem_ffjepa_s10k8_t175_seed47.log	python -m surveyor.envs.reacher.eval --solver icem --subgoal ffjepa --gdm-ckpt gdm_reacher_s10.pt --gdm-steps 8 --horizon 2 --receding-horizon 2 --source local --local-dir encoder_reacher --h5 "$REACHER_H5" --device cuda --num-eval 128 --seed 47 --cem-seed 47 --episodes-file episodes/reacher_c2222.ep175.s2222.json --goal-offset 175 --eval-budget 350
614	reacher	icem_ffjepa_s10k8	175	48	logs/rbW_reacher_icem_ffjepa_s10k8_t175_seed48.log	python -m surveyor.envs.reacher.eval --solver icem --subgoal ffjepa --gdm-ckpt gdm_reacher_s10.pt --gdm-steps 8 --horizon 2 --receding-horizon 2 --source local --local-dir encoder_reacher --h5 "$REACHER_H5" --device cuda --num-eval 128 --seed 48 --cem-seed 48 --episodes-file episodes/reacher_c2222.ep175.s2222.json --goal-offset 175 --eval-budget 350
615	reacher	icem_ffjepa_s10k8	175	49	logs/rbW_reacher_icem_ffjepa_s10k8_t175_seed49.log	python -m surveyor.envs.reacher.eval --solver icem --subgoal ffjepa --gdm-ckpt gdm_reacher_s10.pt --gdm-steps 8 --horizon 2 --receding-horizon 2 --source local --local-dir encoder_reacher --h5 "$REACHER_H5" --device cuda --num-eval 128 --seed 49 --cem-seed 49 --episodes-file episodes/reacher_c2222.ep175.s2222.json --goal-offset 175 --eval-budget 350
616	reacher	icem_ffjepa_s10k8	195	42	logs/rbW_reacher_icem_ffjepa_s10k8_t195_seed42.log	python -m surveyor.envs.reacher.eval --solver icem --subgoal ffjepa --gdm-ckpt gdm_reacher_s10.pt --gdm-steps 8 --horizon 2 --receding-horizon 2 --source local --local-dir encoder_reacher --h5 "$REACHER_H5" --device cuda --num-eval 128 --seed 42 --cem-seed 42 --episodes-file episodes/reacher_c2222.ep195.s2222.json --goal-offset 195 --eval-budget 390
617	reacher	icem_ffjepa_s10k8	195	43	logs/rbW_reacher_icem_ffjepa_s10k8_t195_seed43.log	python -m surveyor.envs.reacher.eval --solver icem --subgoal ffjepa --gdm-ckpt gdm_reacher_s10.pt --gdm-steps 8 --horizon 2 --receding-horizon 2 --source local --local-dir encoder_reacher --h5 "$REACHER_H5" --device cuda --num-eval 128 --seed 43 --cem-seed 43 --episodes-file episodes/reacher_c2222.ep195.s2222.json --goal-offset 195 --eval-budget 390
618	reacher	icem_ffjepa_s10k8	195	44	logs/rbW_reacher_icem_ffjepa_s10k8_t195_seed44.log	python -m surveyor.envs.reacher.eval --solver icem --subgoal ffjepa --gdm-ckpt gdm_reacher_s10.pt --gdm-steps 8 --horizon 2 --receding-horizon 2 --source local --local-dir encoder_reacher --h5 "$REACHER_H5" --device cuda --num-eval 128 --seed 44 --cem-seed 44 --episodes-file episodes/reacher_c2222.ep195.s2222.json --goal-offset 195 --eval-budget 390
619	reacher	icem_ffjepa_s10k8	195	45	logs/rbW_reacher_icem_ffjepa_s10k8_t195_seed45.log	python -m surveyor.envs.reacher.eval --solver icem --subgoal ffjepa --gdm-ckpt gdm_reacher_s10.pt --gdm-steps 8 --horizon 2 --receding-horizon 2 --source local --local-dir encoder_reacher --h5 "$REACHER_H5" --device cuda --num-eval 128 --seed 45 --cem-seed 45 --episodes-file episodes/reacher_c2222.ep195.s2222.json --goal-offset 195 --eval-budget 390
620	reacher	icem_ffjepa_s10k8	195	46	logs/rbW_reacher_icem_ffjepa_s10k8_t195_seed46.log	python -m surveyor.envs.reacher.eval --solver icem --subgoal ffjepa --gdm-ckpt gdm_reacher_s10.pt --gdm-steps 8 --horizon 2 --receding-horizon 2 --source local --local-dir encoder_reacher --h5 "$REACHER_H5" --device cuda --num-eval 128 --seed 46 --cem-seed 46 --episodes-file episodes/reacher_c2222.ep195.s2222.json --goal-offset 195 --eval-budget 390
621	reacher	icem_ffjepa_s10k8	195	47	logs/rbW_reacher_icem_ffjepa_s10k8_t195_seed47.log	python -m surveyor.envs.reacher.eval --solver icem --subgoal ffjepa --gdm-ckpt gdm_reacher_s10.pt --gdm-steps 8 --horizon 2 --receding-horizon 2 --source local --local-dir encoder_reacher --h5 "$REACHER_H5" --device cuda --num-eval 128 --seed 47 --cem-seed 47 --episodes-file episodes/reacher_c2222.ep195.s2222.json --goal-offset 195 --eval-budget 390
622	reacher	icem_ffjepa_s10k8	195	48	logs/rbW_reacher_icem_ffjepa_s10k8_t195_seed48.log	python -m surveyor.envs.reacher.eval --solver icem --subgoal ffjepa --gdm-ckpt gdm_reacher_s10.pt --gdm-steps 8 --horizon 2 --receding-horizon 2 --source local --local-dir encoder_reacher --h5 "$REACHER_H5" --device cuda --num-eval 128 --seed 48 --cem-seed 48 --episodes-file episodes/reacher_c2222.ep195.s2222.json --goal-offset 195 --eval-budget 390
623	reacher	icem_ffjepa_s10k8	195	49	logs/rbW_reacher_icem_ffjepa_s10k8_t195_seed49.log	python -m surveyor.envs.reacher.eval --solver icem --subgoal ffjepa --gdm-ckpt gdm_reacher_s10.pt --gdm-steps 8 --horizon 2 --receding-horizon 2 --source local --local-dir encoder_reacher --h5 "$REACHER_H5" --device cuda --num-eval 128 --seed 49 --cem-seed 49 --episodes-file episodes/reacher_c2222.ep195.s2222.json --goal-offset 195 --eval-budget 390
624	reacher	mppi_ffjepa_s10k8	175	42	logs/rbW_reacher_mppi_ffjepa_s10k8_t175_seed42.log	python -m surveyor.envs.reacher.eval --solver mppi --subgoal ffjepa --gdm-ckpt gdm_reacher_s10.pt --gdm-steps 8 --horizon 2 --receding-horizon 2 --source local --local-dir encoder_reacher --h5 "$REACHER_H5" --device cuda --num-eval 128 --seed 42 --cem-seed 42 --episodes-file episodes/reacher_c2222.ep175.s2222.json --goal-offset 175 --eval-budget 350
625	reacher	mppi_ffjepa_s10k8	175	43	logs/rbW_reacher_mppi_ffjepa_s10k8_t175_seed43.log	python -m surveyor.envs.reacher.eval --solver mppi --subgoal ffjepa --gdm-ckpt gdm_reacher_s10.pt --gdm-steps 8 --horizon 2 --receding-horizon 2 --source local --local-dir encoder_reacher --h5 "$REACHER_H5" --device cuda --num-eval 128 --seed 43 --cem-seed 43 --episodes-file episodes/reacher_c2222.ep175.s2222.json --goal-offset 175 --eval-budget 350
626	reacher	mppi_ffjepa_s10k8	175	44	logs/rbW_reacher_mppi_ffjepa_s10k8_t175_seed44.log	python -m surveyor.envs.reacher.eval --solver mppi --subgoal ffjepa --gdm-ckpt gdm_reacher_s10.pt --gdm-steps 8 --horizon 2 --receding-horizon 2 --source local --local-dir encoder_reacher --h5 "$REACHER_H5" --device cuda --num-eval 128 --seed 44 --cem-seed 44 --episodes-file episodes/reacher_c2222.ep175.s2222.json --goal-offset 175 --eval-budget 350
627	reacher	mppi_ffjepa_s10k8	175	45	logs/rbW_reacher_mppi_ffjepa_s10k8_t175_seed45.log	python -m surveyor.envs.reacher.eval --solver mppi --subgoal ffjepa --gdm-ckpt gdm_reacher_s10.pt --gdm-steps 8 --horizon 2 --receding-horizon 2 --source local --local-dir encoder_reacher --h5 "$REACHER_H5" --device cuda --num-eval 128 --seed 45 --cem-seed 45 --episodes-file episodes/reacher_c2222.ep175.s2222.json --goal-offset 175 --eval-budget 350
628	reacher	mppi_ffjepa_s10k8	175	46	logs/rbW_reacher_mppi_ffjepa_s10k8_t175_seed46.log	python -m surveyor.envs.reacher.eval --solver mppi --subgoal ffjepa --gdm-ckpt gdm_reacher_s10.pt --gdm-steps 8 --horizon 2 --receding-horizon 2 --source local --local-dir encoder_reacher --h5 "$REACHER_H5" --device cuda --num-eval 128 --seed 46 --cem-seed 46 --episodes-file episodes/reacher_c2222.ep175.s2222.json --goal-offset 175 --eval-budget 350
629	reacher	mppi_ffjepa_s10k8	175	47	logs/rbW_reacher_mppi_ffjepa_s10k8_t175_seed47.log	python -m surveyor.envs.reacher.eval --solver mppi --subgoal ffjepa --gdm-ckpt gdm_reacher_s10.pt --gdm-steps 8 --horizon 2 --receding-horizon 2 --source local --local-dir encoder_reacher --h5 "$REACHER_H5" --device cuda --num-eval 128 --seed 47 --cem-seed 47 --episodes-file episodes/reacher_c2222.ep175.s2222.json --goal-offset 175 --eval-budget 350
630	reacher	mppi_ffjepa_s10k8	175	48	logs/rbW_reacher_mppi_ffjepa_s10k8_t175_seed48.log	python -m surveyor.envs.reacher.eval --solver mppi --subgoal ffjepa --gdm-ckpt gdm_reacher_s10.pt --gdm-steps 8 --horizon 2 --receding-horizon 2 --source local --local-dir encoder_reacher --h5 "$REACHER_H5" --device cuda --num-eval 128 --seed 48 --cem-seed 48 --episodes-file episodes/reacher_c2222.ep175.s2222.json --goal-offset 175 --eval-budget 350
631	reacher	mppi_ffjepa_s10k8	175	49	logs/rbW_reacher_mppi_ffjepa_s10k8_t175_seed49.log	python -m surveyor.envs.reacher.eval --solver mppi --subgoal ffjepa --gdm-ckpt gdm_reacher_s10.pt --gdm-steps 8 --horizon 2 --receding-horizon 2 --source local --local-dir encoder_reacher --h5 "$REACHER_H5" --device cuda --num-eval 128 --seed 49 --cem-seed 49 --episodes-file episodes/reacher_c2222.ep175.s2222.json --goal-offset 175 --eval-budget 350
632	reacher	mppi_ffjepa_s10k8	195	42	logs/rbW_reacher_mppi_ffjepa_s10k8_t195_seed42.log	python -m surveyor.envs.reacher.eval --solver mppi --subgoal ffjepa --gdm-ckpt gdm_reacher_s10.pt --gdm-steps 8 --horizon 2 --receding-horizon 2 --source local --local-dir encoder_reacher --h5 "$REACHER_H5" --device cuda --num-eval 128 --seed 42 --cem-seed 42 --episodes-file episodes/reacher_c2222.ep195.s2222.json --goal-offset 195 --eval-budget 390
633	reacher	mppi_ffjepa_s10k8	195	43	logs/rbW_reacher_mppi_ffjepa_s10k8_t195_seed43.log	python -m surveyor.envs.reacher.eval --solver mppi --subgoal ffjepa --gdm-ckpt gdm_reacher_s10.pt --gdm-steps 8 --horizon 2 --receding-horizon 2 --source local --local-dir encoder_reacher --h5 "$REACHER_H5" --device cuda --num-eval 128 --seed 43 --cem-seed 43 --episodes-file episodes/reacher_c2222.ep195.s2222.json --goal-offset 195 --eval-budget 390
634	reacher	mppi_ffjepa_s10k8	195	44	logs/rbW_reacher_mppi_ffjepa_s10k8_t195_seed44.log	python -m surveyor.envs.reacher.eval --solver mppi --subgoal ffjepa --gdm-ckpt gdm_reacher_s10.pt --gdm-steps 8 --horizon 2 --receding-horizon 2 --source local --local-dir encoder_reacher --h5 "$REACHER_H5" --device cuda --num-eval 128 --seed 44 --cem-seed 44 --episodes-file episodes/reacher_c2222.ep195.s2222.json --goal-offset 195 --eval-budget 390
635	reacher	mppi_ffjepa_s10k8	195	45	logs/rbW_reacher_mppi_ffjepa_s10k8_t195_seed45.log	python -m surveyor.envs.reacher.eval --solver mppi --subgoal ffjepa --gdm-ckpt gdm_reacher_s10.pt --gdm-steps 8 --horizon 2 --receding-horizon 2 --source local --local-dir encoder_reacher --h5 "$REACHER_H5" --device cuda --num-eval 128 --seed 45 --cem-seed 45 --episodes-file episodes/reacher_c2222.ep195.s2222.json --goal-offset 195 --eval-budget 390
636	reacher	mppi_ffjepa_s10k8	195	46	logs/rbW_reacher_mppi_ffjepa_s10k8_t195_seed46.log	python -m surveyor.envs.reacher.eval --solver mppi --subgoal ffjepa --gdm-ckpt gdm_reacher_s10.pt --gdm-steps 8 --horizon 2 --receding-horizon 2 --source local --local-dir encoder_reacher --h5 "$REACHER_H5" --device cuda --num-eval 128 --seed 46 --cem-seed 46 --episodes-file episodes/reacher_c2222.ep195.s2222.json --goal-offset 195 --eval-budget 390
637	reacher	mppi_ffjepa_s10k8	195	47	logs/rbW_reacher_mppi_ffjepa_s10k8_t195_seed47.log	python -m surveyor.envs.reacher.eval --solver mppi --subgoal ffjepa --gdm-ckpt gdm_reacher_s10.pt --gdm-steps 8 --horizon 2 --receding-horizon 2 --source local --local-dir encoder_reacher --h5 "$REACHER_H5" --device cuda --num-eval 128 --seed 47 --cem-seed 47 --episodes-file episodes/reacher_c2222.ep195.s2222.json --goal-offset 195 --eval-budget 390
638	reacher	mppi_ffjepa_s10k8	195	48	logs/rbW_reacher_mppi_ffjepa_s10k8_t195_seed48.log	python -m surveyor.envs.reacher.eval --solver mppi --subgoal ffjepa --gdm-ckpt gdm_reacher_s10.pt --gdm-steps 8 --horizon 2 --receding-horizon 2 --source local --local-dir encoder_reacher --h5 "$REACHER_H5" --device cuda --num-eval 128 --seed 48 --cem-seed 48 --episodes-file episodes/reacher_c2222.ep195.s2222.json --goal-offset 195 --eval-budget 390
639	reacher	mppi_ffjepa_s10k8	195	49	logs/rbW_reacher_mppi_ffjepa_s10k8_t195_seed49.log	python -m surveyor.envs.reacher.eval --solver mppi --subgoal ffjepa --gdm-ckpt gdm_reacher_s10.pt --gdm-steps 8 --horizon 2 --receding-horizon 2 --source local --local-dir encoder_reacher --h5 "$REACHER_H5" --device cuda --num-eval 128 --seed 49 --cem-seed 49 --episodes-file episodes/reacher_c2222.ep195.s2222.json --goal-offset 195 --eval-budget 390
