idx	env	arm	t	seed	log	cmd
0	tworoom	flat_rh2	25	42	logs/rbE_tworoom_flat_rh2_t25_seed42.log	python -m surveyor.envs.tworoom.eval --subgoal flat --receding-horizon 2 --mode long --goal-offset 25 --eval-budget 50 --h5 "$DATA/tworoom.h5" --source pretrained --encoder-id quentinll/lewm-tworooms --device cuda --eval-filter none --episode-min 4000 --goal-from-proprio --num-eval 64 --seed 42 --cem-seed 42
1	tworoom	flat_rh5	25	42	logs/rbE_tworoom_flat_rh5_t25_seed42.log	python -m surveyor.envs.tworoom.eval --subgoal flat --receding-horizon 5 --mode long --goal-offset 25 --eval-budget 50 --h5 "$DATA/tworoom.h5" --source pretrained --encoder-id quentinll/lewm-tworooms --device cuda --eval-filter none --episode-min 4000 --goal-from-proprio --num-eval 64 --seed 42 --cem-seed 42
2	tworoom	pair_every	25	42	logs/rbE_tworoom_pair_every_t25_seed42.log	python -m surveyor.envs.tworoom.eval --subgoal paired+surveyor --gdm-ckpt gdm_tworoom_s10_gc_paired_e400v.pt --gdm-steps 50 --accept-tau 0.0 --receding-horizon 2 --mode long --goal-offset 25 --eval-budget 50 --h5 "$DATA/tworoom.h5" --source pretrained --encoder-id quentinll/lewm-tworooms --device cuda --eval-filter none --episode-min 4000 --goal-from-proprio --num-eval 64 --seed 42 --cem-seed 42
3	tworoom	pair_accept	25	42	logs/rbE_tworoom_pair_accept_t25_seed42.log	python -m surveyor.envs.tworoom.eval --subgoal paired+surveyor --gdm-ckpt gdm_tworoom_s10_gc_paired_e400v.pt --gdm-steps 50 --accept-tau 0.098 --receding-horizon 2 --mode long --goal-offset 25 --eval-budget 50 --h5 "$DATA/tworoom.h5" --source pretrained --encoder-id quentinll/lewm-tworooms --device cuda --eval-filter none --episode-min 4000 --goal-from-proprio --num-eval 64 --seed 42 --cem-seed 42
4	tworoom	pair_blind	25	42	logs/rbE_tworoom_pair_blind_t25_seed42.log	python -m surveyor.envs.tworoom.eval --subgoal paired+surveyor --gdm-ckpt gdm_tworoom_s10_gc_paired_e400v.pt --gdm-steps 50 --accept-tau 999 --receding-horizon 2 --mode long --goal-offset 25 --eval-budget 50 --h5 "$DATA/tworoom.h5" --source pretrained --encoder-id quentinll/lewm-tworooms --device cuda --eval-filter none --episode-min 4000 --goal-from-proprio --num-eval 64 --seed 42 --cem-seed 42
5	tworoom	gcidm	25	42	logs/rbE_tworoom_gcidm_t25_seed42.log	python -m surveyor.envs.tworoom.eval --subgoal gcidm --gcidm-ckpt gcidm_tworoom_h50.pt --mode long --goal-offset 25 --eval-budget 50 --h5 "$DATA/tworoom.h5" --source pretrained --encoder-id quentinll/lewm-tworooms --device cuda --eval-filter none --episode-min 4000 --goal-from-proprio --num-eval 64 --seed 42 --cem-seed 42
6	tworoom	random	25	42	logs/rbE_tworoom_random_t25_seed42.log	python -m surveyor.envs.tworoom.eval --subgoal random --mode long --goal-offset 25 --eval-budget 50 --h5 "$DATA/tworoom.h5" --source pretrained --encoder-id quentinll/lewm-tworooms --device cuda --eval-filter none --episode-min 4000 --goal-from-proprio --num-eval 64 --seed 42 --cem-seed 42
7	tworoom	flat_rh2	25	43	logs/rbE_tworoom_flat_rh2_t25_seed43.log	python -m surveyor.envs.tworoom.eval --subgoal flat --receding-horizon 2 --mode long --goal-offset 25 --eval-budget 50 --h5 "$DATA/tworoom.h5" --source pretrained --encoder-id quentinll/lewm-tworooms --device cuda --eval-filter none --episode-min 4000 --goal-from-proprio --num-eval 64 --seed 43 --cem-seed 43
8	tworoom	flat_rh5	25	43	logs/rbE_tworoom_flat_rh5_t25_seed43.log	python -m surveyor.envs.tworoom.eval --subgoal flat --receding-horizon 5 --mode long --goal-offset 25 --eval-budget 50 --h5 "$DATA/tworoom.h5" --source pretrained --encoder-id quentinll/lewm-tworooms --device cuda --eval-filter none --episode-min 4000 --goal-from-proprio --num-eval 64 --seed 43 --cem-seed 43
9	tworoom	pair_every	25	43	logs/rbE_tworoom_pair_every_t25_seed43.log	python -m surveyor.envs.tworoom.eval --subgoal paired+surveyor --gdm-ckpt gdm_tworoom_s10_gc_paired_e400v.pt --gdm-steps 50 --accept-tau 0.0 --receding-horizon 2 --mode long --goal-offset 25 --eval-budget 50 --h5 "$DATA/tworoom.h5" --source pretrained --encoder-id quentinll/lewm-tworooms --device cuda --eval-filter none --episode-min 4000 --goal-from-proprio --num-eval 64 --seed 43 --cem-seed 43
10	tworoom	pair_accept	25	43	logs/rbE_tworoom_pair_accept_t25_seed43.log	python -m surveyor.envs.tworoom.eval --subgoal paired+surveyor --gdm-ckpt gdm_tworoom_s10_gc_paired_e400v.pt --gdm-steps 50 --accept-tau 0.098 --receding-horizon 2 --mode long --goal-offset 25 --eval-budget 50 --h5 "$DATA/tworoom.h5" --source pretrained --encoder-id quentinll/lewm-tworooms --device cuda --eval-filter none --episode-min 4000 --goal-from-proprio --num-eval 64 --seed 43 --cem-seed 43
11	tworoom	pair_blind	25	43	logs/rbE_tworoom_pair_blind_t25_seed43.log	python -m surveyor.envs.tworoom.eval --subgoal paired+surveyor --gdm-ckpt gdm_tworoom_s10_gc_paired_e400v.pt --gdm-steps 50 --accept-tau 999 --receding-horizon 2 --mode long --goal-offset 25 --eval-budget 50 --h5 "$DATA/tworoom.h5" --source pretrained --encoder-id quentinll/lewm-tworooms --device cuda --eval-filter none --episode-min 4000 --goal-from-proprio --num-eval 64 --seed 43 --cem-seed 43
12	tworoom	gcidm	25	43	logs/rbE_tworoom_gcidm_t25_seed43.log	python -m surveyor.envs.tworoom.eval --subgoal gcidm --gcidm-ckpt gcidm_tworoom_h50.pt --mode long --goal-offset 25 --eval-budget 50 --h5 "$DATA/tworoom.h5" --source pretrained --encoder-id quentinll/lewm-tworooms --device cuda --eval-filter none --episode-min 4000 --goal-from-proprio --num-eval 64 --seed 43 --cem-seed 43
13	tworoom	random	25	43	logs/rbE_tworoom_random_t25_seed43.log	python -m surveyor.envs.tworoom.eval --subgoal random --mode long --goal-offset 25 --eval-budget 50 --h5 "$DATA/tworoom.h5" --source pretrained --encoder-id quentinll/lewm-tworooms --device cuda --eval-filter none --episode-min 4000 --goal-from-proprio --num-eval 64 --seed 43 --cem-seed 43
14	tworoom	flat_rh2	25	44	logs/rbE_tworoom_flat_rh2_t25_seed44.log	python -m surveyor.envs.tworoom.eval --subgoal flat --receding-horizon 2 --mode long --goal-offset 25 --eval-budget 50 --h5 "$DATA/tworoom.h5" --source pretrained --encoder-id quentinll/lewm-tworooms --device cuda --eval-filter none --episode-min 4000 --goal-from-proprio --num-eval 64 --seed 44 --cem-seed 44
15	tworoom	flat_rh5	25	44	logs/rbE_tworoom_flat_rh5_t25_seed44.log	python -m surveyor.envs.tworoom.eval --subgoal flat --receding-horizon 5 --mode long --goal-offset 25 --eval-budget 50 --h5 "$DATA/tworoom.h5" --source pretrained --encoder-id quentinll/lewm-tworooms --device cuda --eval-filter none --episode-min 4000 --goal-from-proprio --num-eval 64 --seed 44 --cem-seed 44
16	tworoom	pair_every	25	44	logs/rbE_tworoom_pair_every_t25_seed44.log	python -m surveyor.envs.tworoom.eval --subgoal paired+surveyor --gdm-ckpt gdm_tworoom_s10_gc_paired_e400v.pt --gdm-steps 50 --accept-tau 0.0 --receding-horizon 2 --mode long --goal-offset 25 --eval-budget 50 --h5 "$DATA/tworoom.h5" --source pretrained --encoder-id quentinll/lewm-tworooms --device cuda --eval-filter none --episode-min 4000 --goal-from-proprio --num-eval 64 --seed 44 --cem-seed 44
17	tworoom	pair_accept	25	44	logs/rbE_tworoom_pair_accept_t25_seed44.log	python -m surveyor.envs.tworoom.eval --subgoal paired+surveyor --gdm-ckpt gdm_tworoom_s10_gc_paired_e400v.pt --gdm-steps 50 --accept-tau 0.098 --receding-horizon 2 --mode long --goal-offset 25 --eval-budget 50 --h5 "$DATA/tworoom.h5" --source pretrained --encoder-id quentinll/lewm-tworooms --device cuda --eval-filter none --episode-min 4000 --goal-from-proprio --num-eval 64 --seed 44 --cem-seed 44
18	tworoom	pair_blind	25	44	logs/rbE_tworoom_pair_blind_t25_seed44.log	python -m surveyor.envs.tworoom.eval --subgoal paired+surveyor --gdm-ckpt gdm_tworoom_s10_gc_paired_e400v.pt --gdm-steps 50 --accept-tau 999 --receding-horizon 2 --mode long --goal-offset 25 --eval-budget 50 --h5 "$DATA/tworoom.h5" --source pretrained --encoder-id quentinll/lewm-tworooms --device cuda --eval-filter none --episode-min 4000 --goal-from-proprio --num-eval 64 --seed 44 --cem-seed 44
19	tworoom	gcidm	25	44	logs/rbE_tworoom_gcidm_t25_seed44.log	python -m surveyor.envs.tworoom.eval --subgoal gcidm --gcidm-ckpt gcidm_tworoom_h50.pt --mode long --goal-offset 25 --eval-budget 50 --h5 "$DATA/tworoom.h5" --source pretrained --encoder-id quentinll/lewm-tworooms --device cuda --eval-filter none --episode-min 4000 --goal-from-proprio --num-eval 64 --seed 44 --cem-seed 44
20	tworoom	random	25	44	logs/rbE_tworoom_random_t25_seed44.log	python -m surveyor.envs.tworoom.eval --subgoal random --mode long --goal-offset 25 --eval-budget 50 --h5 "$DATA/tworoom.h5" --source pretrained --encoder-id quentinll/lewm-tworooms --device cuda --eval-filter none --episode-min 4000 --goal-from-proprio --num-eval 64 --seed 44 --cem-seed 44
21	tworoom	flat_rh2	25	45	logs/rbE_tworoom_flat_rh2_t25_seed45.log	python -m surveyor.envs.tworoom.eval --subgoal flat --receding-horizon 2 --mode long --goal-offset 25 --eval-budget 50 --h5 "$DATA/tworoom.h5" --source pretrained --encoder-id quentinll/lewm-tworooms --device cuda --eval-filter none --episode-min 4000 --goal-from-proprio --num-eval 64 --seed 45 --cem-seed 45
22	tworoom	flat_rh5	25	45	logs/rbE_tworoom_flat_rh5_t25_seed45.log	python -m surveyor.envs.tworoom.eval --subgoal flat --receding-horizon 5 --mode long --goal-offset 25 --eval-budget 50 --h5 "$DATA/tworoom.h5" --source pretrained --encoder-id quentinll/lewm-tworooms --device cuda --eval-filter none --episode-min 4000 --goal-from-proprio --num-eval 64 --seed 45 --cem-seed 45
23	tworoom	pair_every	25	45	logs/rbE_tworoom_pair_every_t25_seed45.log	python -m surveyor.envs.tworoom.eval --subgoal paired+surveyor --gdm-ckpt gdm_tworoom_s10_gc_paired_e400v.pt --gdm-steps 50 --accept-tau 0.0 --receding-horizon 2 --mode long --goal-offset 25 --eval-budget 50 --h5 "$DATA/tworoom.h5" --source pretrained --encoder-id quentinll/lewm-tworooms --device cuda --eval-filter none --episode-min 4000 --goal-from-proprio --num-eval 64 --seed 45 --cem-seed 45
24	tworoom	pair_accept	25	45	logs/rbE_tworoom_pair_accept_t25_seed45.log	python -m surveyor.envs.tworoom.eval --subgoal paired+surveyor --gdm-ckpt gdm_tworoom_s10_gc_paired_e400v.pt --gdm-steps 50 --accept-tau 0.098 --receding-horizon 2 --mode long --goal-offset 25 --eval-budget 50 --h5 "$DATA/tworoom.h5" --source pretrained --encoder-id quentinll/lewm-tworooms --device cuda --eval-filter none --episode-min 4000 --goal-from-proprio --num-eval 64 --seed 45 --cem-seed 45
25	tworoom	pair_blind	25	45	logs/rbE_tworoom_pair_blind_t25_seed45.log	python -m surveyor.envs.tworoom.eval --subgoal paired+surveyor --gdm-ckpt gdm_tworoom_s10_gc_paired_e400v.pt --gdm-steps 50 --accept-tau 999 --receding-horizon 2 --mode long --goal-offset 25 --eval-budget 50 --h5 "$DATA/tworoom.h5" --source pretrained --encoder-id quentinll/lewm-tworooms --device cuda --eval-filter none --episode-min 4000 --goal-from-proprio --num-eval 64 --seed 45 --cem-seed 45
26	tworoom	gcidm	25	45	logs/rbE_tworoom_gcidm_t25_seed45.log	python -m surveyor.envs.tworoom.eval --subgoal gcidm --gcidm-ckpt gcidm_tworoom_h50.pt --mode long --goal-offset 25 --eval-budget 50 --h5 "$DATA/tworoom.h5" --source pretrained --encoder-id quentinll/lewm-tworooms --device cuda --eval-filter none --episode-min 4000 --goal-from-proprio --num-eval 64 --seed 45 --cem-seed 45
27	tworoom	random	25	45	logs/rbE_tworoom_random_t25_seed45.log	python -m surveyor.envs.tworoom.eval --subgoal random --mode long --goal-offset 25 --eval-budget 50 --h5 "$DATA/tworoom.h5" --source pretrained --encoder-id quentinll/lewm-tworooms --device cuda --eval-filter none --episode-min 4000 --goal-from-proprio --num-eval 64 --seed 45 --cem-seed 45
28	tworoom	flat_rh2	25	46	logs/rbE_tworoom_flat_rh2_t25_seed46.log	python -m surveyor.envs.tworoom.eval --subgoal flat --receding-horizon 2 --mode long --goal-offset 25 --eval-budget 50 --h5 "$DATA/tworoom.h5" --source pretrained --encoder-id quentinll/lewm-tworooms --device cuda --eval-filter none --episode-min 4000 --goal-from-proprio --num-eval 64 --seed 46 --cem-seed 46
29	tworoom	flat_rh5	25	46	logs/rbE_tworoom_flat_rh5_t25_seed46.log	python -m surveyor.envs.tworoom.eval --subgoal flat --receding-horizon 5 --mode long --goal-offset 25 --eval-budget 50 --h5 "$DATA/tworoom.h5" --source pretrained --encoder-id quentinll/lewm-tworooms --device cuda --eval-filter none --episode-min 4000 --goal-from-proprio --num-eval 64 --seed 46 --cem-seed 46
30	tworoom	pair_every	25	46	logs/rbE_tworoom_pair_every_t25_seed46.log	python -m surveyor.envs.tworoom.eval --subgoal paired+surveyor --gdm-ckpt gdm_tworoom_s10_gc_paired_e400v.pt --gdm-steps 50 --accept-tau 0.0 --receding-horizon 2 --mode long --goal-offset 25 --eval-budget 50 --h5 "$DATA/tworoom.h5" --source pretrained --encoder-id quentinll/lewm-tworooms --device cuda --eval-filter none --episode-min 4000 --goal-from-proprio --num-eval 64 --seed 46 --cem-seed 46
31	tworoom	pair_accept	25	46	logs/rbE_tworoom_pair_accept_t25_seed46.log	python -m surveyor.envs.tworoom.eval --subgoal paired+surveyor --gdm-ckpt gdm_tworoom_s10_gc_paired_e400v.pt --gdm-steps 50 --accept-tau 0.098 --receding-horizon 2 --mode long --goal-offset 25 --eval-budget 50 --h5 "$DATA/tworoom.h5" --source pretrained --encoder-id quentinll/lewm-tworooms --device cuda --eval-filter none --episode-min 4000 --goal-from-proprio --num-eval 64 --seed 46 --cem-seed 46
32	tworoom	pair_blind	25	46	logs/rbE_tworoom_pair_blind_t25_seed46.log	python -m surveyor.envs.tworoom.eval --subgoal paired+surveyor --gdm-ckpt gdm_tworoom_s10_gc_paired_e400v.pt --gdm-steps 50 --accept-tau 999 --receding-horizon 2 --mode long --goal-offset 25 --eval-budget 50 --h5 "$DATA/tworoom.h5" --source pretrained --encoder-id quentinll/lewm-tworooms --device cuda --eval-filter none --episode-min 4000 --goal-from-proprio --num-eval 64 --seed 46 --cem-seed 46
33	tworoom	gcidm	25	46	logs/rbE_tworoom_gcidm_t25_seed46.log	python -m surveyor.envs.tworoom.eval --subgoal gcidm --gcidm-ckpt gcidm_tworoom_h50.pt --mode long --goal-offset 25 --eval-budget 50 --h5 "$DATA/tworoom.h5" --source pretrained --encoder-id quentinll/lewm-tworooms --device cuda --eval-filter none --episode-min 4000 --goal-from-proprio --num-eval 64 --seed 46 --cem-seed 46
34	tworoom	random	25	46	logs/rbE_tworoom_random_t25_seed46.log	python -m surveyor.envs.tworoom.eval --subgoal random --mode long --goal-offset 25 --eval-budget 50 --h5 "$DATA/tworoom.h5" --source pretrained --encoder-id quentinll/lewm-tworooms --device cuda --eval-filter none --episode-min 4000 --goal-from-proprio --num-eval 64 --seed 46 --cem-seed 46
35	tworoom	flat_rh2	25	47	logs/rbE_tworoom_flat_rh2_t25_seed47.log	python -m surveyor.envs.tworoom.eval --subgoal flat --receding-horizon 2 --mode long --goal-offset 25 --eval-budget 50 --h5 "$DATA/tworoom.h5" --source pretrained --encoder-id quentinll/lewm-tworooms --device cuda --eval-filter none --episode-min 4000 --goal-from-proprio --num-eval 64 --seed 47 --cem-seed 47
36	tworoom	flat_rh5	25	47	logs/rbE_tworoom_flat_rh5_t25_seed47.log	python -m surveyor.envs.tworoom.eval --subgoal flat --receding-horizon 5 --mode long --goal-offset 25 --eval-budget 50 --h5 "$DATA/tworoom.h5" --source pretrained --encoder-id quentinll/lewm-tworooms --device cuda --eval-filter none --episode-min 4000 --goal-from-proprio --num-eval 64 --seed 47 --cem-seed 47
37	tworoom	pair_every	25	47	logs/rbE_tworoom_pair_every_t25_seed47.log	python -m surveyor.envs.tworoom.eval --subgoal paired+surveyor --gdm-ckpt gdm_tworoom_s10_gc_paired_e400v.pt --gdm-steps 50 --accept-tau 0.0 --receding-horizon 2 --mode long --goal-offset 25 --eval-budget 50 --h5 "$DATA/tworoom.h5" --source pretrained --encoder-id quentinll/lewm-tworooms --device cuda --eval-filter none --episode-min 4000 --goal-from-proprio --num-eval 64 --seed 47 --cem-seed 47
38	tworoom	pair_accept	25	47	logs/rbE_tworoom_pair_accept_t25_seed47.log	python -m surveyor.envs.tworoom.eval --subgoal paired+surveyor --gdm-ckpt gdm_tworoom_s10_gc_paired_e400v.pt --gdm-steps 50 --accept-tau 0.098 --receding-horizon 2 --mode long --goal-offset 25 --eval-budget 50 --h5 "$DATA/tworoom.h5" --source pretrained --encoder-id quentinll/lewm-tworooms --device cuda --eval-filter none --episode-min 4000 --goal-from-proprio --num-eval 64 --seed 47 --cem-seed 47
39	tworoom	pair_blind	25	47	logs/rbE_tworoom_pair_blind_t25_seed47.log	python -m surveyor.envs.tworoom.eval --subgoal paired+surveyor --gdm-ckpt gdm_tworoom_s10_gc_paired_e400v.pt --gdm-steps 50 --accept-tau 999 --receding-horizon 2 --mode long --goal-offset 25 --eval-budget 50 --h5 "$DATA/tworoom.h5" --source pretrained --encoder-id quentinll/lewm-tworooms --device cuda --eval-filter none --episode-min 4000 --goal-from-proprio --num-eval 64 --seed 47 --cem-seed 47
40	tworoom	gcidm	25	47	logs/rbE_tworoom_gcidm_t25_seed47.log	python -m surveyor.envs.tworoom.eval --subgoal gcidm --gcidm-ckpt gcidm_tworoom_h50.pt --mode long --goal-offset 25 --eval-budget 50 --h5 "$DATA/tworoom.h5" --source pretrained --encoder-id quentinll/lewm-tworooms --device cuda --eval-filter none --episode-min 4000 --goal-from-proprio --num-eval 64 --seed 47 --cem-seed 47
41	tworoom	random	25	47	logs/rbE_tworoom_random_t25_seed47.log	python -m surveyor.envs.tworoom.eval --subgoal random --mode long --goal-offset 25 --eval-budget 50 --h5 "$DATA/tworoom.h5" --source pretrained --encoder-id quentinll/lewm-tworooms --device cuda --eval-filter none --episode-min 4000 --goal-from-proprio --num-eval 64 --seed 47 --cem-seed 47
42	tworoom	flat_rh2	25	48	logs/rbE_tworoom_flat_rh2_t25_seed48.log	python -m surveyor.envs.tworoom.eval --subgoal flat --receding-horizon 2 --mode long --goal-offset 25 --eval-budget 50 --h5 "$DATA/tworoom.h5" --source pretrained --encoder-id quentinll/lewm-tworooms --device cuda --eval-filter none --episode-min 4000 --goal-from-proprio --num-eval 64 --seed 48 --cem-seed 48
43	tworoom	flat_rh5	25	48	logs/rbE_tworoom_flat_rh5_t25_seed48.log	python -m surveyor.envs.tworoom.eval --subgoal flat --receding-horizon 5 --mode long --goal-offset 25 --eval-budget 50 --h5 "$DATA/tworoom.h5" --source pretrained --encoder-id quentinll/lewm-tworooms --device cuda --eval-filter none --episode-min 4000 --goal-from-proprio --num-eval 64 --seed 48 --cem-seed 48
44	tworoom	pair_every	25	48	logs/rbE_tworoom_pair_every_t25_seed48.log	python -m surveyor.envs.tworoom.eval --subgoal paired+surveyor --gdm-ckpt gdm_tworoom_s10_gc_paired_e400v.pt --gdm-steps 50 --accept-tau 0.0 --receding-horizon 2 --mode long --goal-offset 25 --eval-budget 50 --h5 "$DATA/tworoom.h5" --source pretrained --encoder-id quentinll/lewm-tworooms --device cuda --eval-filter none --episode-min 4000 --goal-from-proprio --num-eval 64 --seed 48 --cem-seed 48
45	tworoom	pair_accept	25	48	logs/rbE_tworoom_pair_accept_t25_seed48.log	python -m surveyor.envs.tworoom.eval --subgoal paired+surveyor --gdm-ckpt gdm_tworoom_s10_gc_paired_e400v.pt --gdm-steps 50 --accept-tau 0.098 --receding-horizon 2 --mode long --goal-offset 25 --eval-budget 50 --h5 "$DATA/tworoom.h5" --source pretrained --encoder-id quentinll/lewm-tworooms --device cuda --eval-filter none --episode-min 4000 --goal-from-proprio --num-eval 64 --seed 48 --cem-seed 48
46	tworoom	pair_blind	25	48	logs/rbE_tworoom_pair_blind_t25_seed48.log	python -m surveyor.envs.tworoom.eval --subgoal paired+surveyor --gdm-ckpt gdm_tworoom_s10_gc_paired_e400v.pt --gdm-steps 50 --accept-tau 999 --receding-horizon 2 --mode long --goal-offset 25 --eval-budget 50 --h5 "$DATA/tworoom.h5" --source pretrained --encoder-id quentinll/lewm-tworooms --device cuda --eval-filter none --episode-min 4000 --goal-from-proprio --num-eval 64 --seed 48 --cem-seed 48
47	tworoom	gcidm	25	48	logs/rbE_tworoom_gcidm_t25_seed48.log	python -m surveyor.envs.tworoom.eval --subgoal gcidm --gcidm-ckpt gcidm_tworoom_h50.pt --mode long --goal-offset 25 --eval-budget 50 --h5 "$DATA/tworoom.h5" --source pretrained --encoder-id quentinll/lewm-tworooms --device cuda --eval-filter none --episode-min 4000 --goal-from-proprio --num-eval 64 --seed 48 --cem-seed 48
48	tworoom	random	25	48	logs/rbE_tworoom_random_t25_seed48.log	python -m surveyor.envs.tworoom.eval --subgoal random --mode long --goal-offset 25 --eval-budget 50 --h5 "$DATA/tworoom.h5" --source pretrained --encoder-id quentinll/lewm-tworooms --device cuda --eval-filter none --episode-min 4000 --goal-from-proprio --num-eval 64 --seed 48 --cem-seed 48
49	tworoom	flat_rh2	25	49	logs/rbE_tworoom_flat_rh2_t25_seed49.log	python -m surveyor.envs.tworoom.eval --subgoal flat --receding-horizon 2 --mode long --goal-offset 25 --eval-budget 50 --h5 "$DATA/tworoom.h5" --source pretrained --encoder-id quentinll/lewm-tworooms --device cuda --eval-filter none --episode-min 4000 --goal-from-proprio --num-eval 64 --seed 49 --cem-seed 49
50	tworoom	flat_rh5	25	49	logs/rbE_tworoom_flat_rh5_t25_seed49.log	python -m surveyor.envs.tworoom.eval --subgoal flat --receding-horizon 5 --mode long --goal-offset 25 --eval-budget 50 --h5 "$DATA/tworoom.h5" --source pretrained --encoder-id quentinll/lewm-tworooms --device cuda --eval-filter none --episode-min 4000 --goal-from-proprio --num-eval 64 --seed 49 --cem-seed 49
51	tworoom	pair_every	25	49	logs/rbE_tworoom_pair_every_t25_seed49.log	python -m surveyor.envs.tworoom.eval --subgoal paired+surveyor --gdm-ckpt gdm_tworoom_s10_gc_paired_e400v.pt --gdm-steps 50 --accept-tau 0.0 --receding-horizon 2 --mode long --goal-offset 25 --eval-budget 50 --h5 "$DATA/tworoom.h5" --source pretrained --encoder-id quentinll/lewm-tworooms --device cuda --eval-filter none --episode-min 4000 --goal-from-proprio --num-eval 64 --seed 49 --cem-seed 49
52	tworoom	pair_accept	25	49	logs/rbE_tworoom_pair_accept_t25_seed49.log	python -m surveyor.envs.tworoom.eval --subgoal paired+surveyor --gdm-ckpt gdm_tworoom_s10_gc_paired_e400v.pt --gdm-steps 50 --accept-tau 0.098 --receding-horizon 2 --mode long --goal-offset 25 --eval-budget 50 --h5 "$DATA/tworoom.h5" --source pretrained --encoder-id quentinll/lewm-tworooms --device cuda --eval-filter none --episode-min 4000 --goal-from-proprio --num-eval 64 --seed 49 --cem-seed 49
53	tworoom	pair_blind	25	49	logs/rbE_tworoom_pair_blind_t25_seed49.log	python -m surveyor.envs.tworoom.eval --subgoal paired+surveyor --gdm-ckpt gdm_tworoom_s10_gc_paired_e400v.pt --gdm-steps 50 --accept-tau 999 --receding-horizon 2 --mode long --goal-offset 25 --eval-budget 50 --h5 "$DATA/tworoom.h5" --source pretrained --encoder-id quentinll/lewm-tworooms --device cuda --eval-filter none --episode-min 4000 --goal-from-proprio --num-eval 64 --seed 49 --cem-seed 49
54	tworoom	gcidm	25	49	logs/rbE_tworoom_gcidm_t25_seed49.log	python -m surveyor.envs.tworoom.eval --subgoal gcidm --gcidm-ckpt gcidm_tworoom_h50.pt --mode long --goal-offset 25 --eval-budget 50 --h5 "$DATA/tworoom.h5" --source pretrained --encoder-id quentinll/lewm-tworooms --device cuda --eval-filter none --episode-min 4000 --goal-from-proprio --num-eval 64 --seed 49 --cem-seed 49
55	tworoom	random	25	49	logs/rbE_tworoom_random_t25_seed49.log	python -m surveyor.envs.tworoom.eval --subgoal random --mode long --goal-offset 25 --eval-budget 50 --h5 "$DATA/tworoom.h5" --source pretrained --encoder-id quentinll/lewm-tworooms --device cuda --eval-filter none --episode-min 4000 --goal-from-proprio --num-eval 64 --seed 49 --cem-seed 49
56	tworoom	flat_rh2	50	42	logs/rbE_tworoom_flat_rh2_t50_seed42.log	python -m surveyor.envs.tworoom.eval --subgoal flat --receding-horizon 2 --mode long --goal-offset 50 --eval-budget 100 --h5 "$DATA/tworoom.h5" --source pretrained --encoder-id quentinll/lewm-tworooms --device cuda --eval-filter none --episode-min 4000 --goal-from-proprio --num-eval 64 --seed 42 --cem-seed 42
57	tworoom	flat_rh5	50	42	logs/rbE_tworoom_flat_rh5_t50_seed42.log	python -m surveyor.envs.tworoom.eval --subgoal flat --receding-horizon 5 --mode long --goal-offset 50 --eval-budget 100 --h5 "$DATA/tworoom.h5" --source pretrained --encoder-id quentinll/lewm-tworooms --device cuda --eval-filter none --episode-min 4000 --goal-from-proprio --num-eval 64 --seed 42 --cem-seed 42
58	tworoom	pair_every	50	42	logs/rbE_tworoom_pair_every_t50_seed42.log	python -m surveyor.envs.tworoom.eval --subgoal paired+surveyor --gdm-ckpt gdm_tworoom_s10_gc_paired_e400v.pt --gdm-steps 50 --accept-tau 0.0 --receding-horizon 2 --mode long --goal-offset 50 --eval-budget 100 --h5 "$DATA/tworoom.h5" --source pretrained --encoder-id quentinll/lewm-tworooms --device cuda --eval-filter none --episode-min 4000 --goal-from-proprio --num-eval 64 --seed 42 --cem-seed 42
59	tworoom	pair_accept	50	42	logs/rbE_tworoom_pair_accept_t50_seed42.log	python -m surveyor.envs.tworoom.eval --subgoal paired+surveyor --gdm-ckpt gdm_tworoom_s10_gc_paired_e400v.pt --gdm-steps 50 --accept-tau 0.098 --receding-horizon 2 --mode long --goal-offset 50 --eval-budget 100 --h5 "$DATA/tworoom.h5" --source pretrained --encoder-id quentinll/lewm-tworooms --device cuda --eval-filter none --episode-min 4000 --goal-from-proprio --num-eval 64 --seed 42 --cem-seed 42
60	tworoom	pair_blind	50	42	logs/rbE_tworoom_pair_blind_t50_seed42.log	python -m surveyor.envs.tworoom.eval --subgoal paired+surveyor --gdm-ckpt gdm_tworoom_s10_gc_paired_e400v.pt --gdm-steps 50 --accept-tau 999 --receding-horizon 2 --mode long --goal-offset 50 --eval-budget 100 --h5 "$DATA/tworoom.h5" --source pretrained --encoder-id quentinll/lewm-tworooms --device cuda --eval-filter none --episode-min 4000 --goal-from-proprio --num-eval 64 --seed 42 --cem-seed 42
61	tworoom	gcidm	50	42	logs/rbE_tworoom_gcidm_t50_seed42.log	python -m surveyor.envs.tworoom.eval --subgoal gcidm --gcidm-ckpt gcidm_tworoom_h100.pt --mode long --goal-offset 50 --eval-budget 100 --h5 "$DATA/tworoom.h5" --source pretrained --encoder-id quentinll/lewm-tworooms --device cuda --eval-filter none --episode-min 4000 --goal-from-proprio --num-eval 64 --seed 42 --cem-seed 42
62	tworoom	random	50	42	logs/rbE_tworoom_random_t50_seed42.log	python -m surveyor.envs.tworoom.eval --subgoal random --mode long --goal-offset 50 --eval-budget 100 --h5 "$DATA/tworoom.h5" --source pretrained --encoder-id quentinll/lewm-tworooms --device cuda --eval-filter none --episode-min 4000 --goal-from-proprio --num-eval 64 --seed 42 --cem-seed 42
63	tworoom	flat_rh2	50	43	logs/rbE_tworoom_flat_rh2_t50_seed43.log	python -m surveyor.envs.tworoom.eval --subgoal flat --receding-horizon 2 --mode long --goal-offset 50 --eval-budget 100 --h5 "$DATA/tworoom.h5" --source pretrained --encoder-id quentinll/lewm-tworooms --device cuda --eval-filter none --episode-min 4000 --goal-from-proprio --num-eval 64 --seed 43 --cem-seed 43
64	tworoom	flat_rh5	50	43	logs/rbE_tworoom_flat_rh5_t50_seed43.log	python -m surveyor.envs.tworoom.eval --subgoal flat --receding-horizon 5 --mode long --goal-offset 50 --eval-budget 100 --h5 "$DATA/tworoom.h5" --source pretrained --encoder-id quentinll/lewm-tworooms --device cuda --eval-filter none --episode-min 4000 --goal-from-proprio --num-eval 64 --seed 43 --cem-seed 43
65	tworoom	pair_every	50	43	logs/rbE_tworoom_pair_every_t50_seed43.log	python -m surveyor.envs.tworoom.eval --subgoal paired+surveyor --gdm-ckpt gdm_tworoom_s10_gc_paired_e400v.pt --gdm-steps 50 --accept-tau 0.0 --receding-horizon 2 --mode long --goal-offset 50 --eval-budget 100 --h5 "$DATA/tworoom.h5" --source pretrained --encoder-id quentinll/lewm-tworooms --device cuda --eval-filter none --episode-min 4000 --goal-from-proprio --num-eval 64 --seed 43 --cem-seed 43
66	tworoom	pair_accept	50	43	logs/rbE_tworoom_pair_accept_t50_seed43.log	python -m surveyor.envs.tworoom.eval --subgoal paired+surveyor --gdm-ckpt gdm_tworoom_s10_gc_paired_e400v.pt --gdm-steps 50 --accept-tau 0.098 --receding-horizon 2 --mode long --goal-offset 50 --eval-budget 100 --h5 "$DATA/tworoom.h5" --source pretrained --encoder-id quentinll/lewm-tworooms --device cuda --eval-filter none --episode-min 4000 --goal-from-proprio --num-eval 64 --seed 43 --cem-seed 43
67	tworoom	pair_blind	50	43	logs/rbE_tworoom_pair_blind_t50_seed43.log	python -m surveyor.envs.tworoom.eval --subgoal paired+surveyor --gdm-ckpt gdm_tworoom_s10_gc_paired_e400v.pt --gdm-steps 50 --accept-tau 999 --receding-horizon 2 --mode long --goal-offset 50 --eval-budget 100 --h5 "$DATA/tworoom.h5" --source pretrained --encoder-id quentinll/lewm-tworooms --device cuda --eval-filter none --episode-min 4000 --goal-from-proprio --num-eval 64 --seed 43 --cem-seed 43
68	tworoom	gcidm	50	43	logs/rbE_tworoom_gcidm_t50_seed43.log	python -m surveyor.envs.tworoom.eval --subgoal gcidm --gcidm-ckpt gcidm_tworoom_h100.pt --mode long --goal-offset 50 --eval-budget 100 --h5 "$DATA/tworoom.h5" --source pretrained --encoder-id quentinll/lewm-tworooms --device cuda --eval-filter none --episode-min 4000 --goal-from-proprio --num-eval 64 --seed 43 --cem-seed 43
69	tworoom	random	50	43	logs/rbE_tworoom_random_t50_seed43.log	python -m surveyor.envs.tworoom.eval --subgoal random --mode long --goal-offset 50 --eval-budget 100 --h5 "$DATA/tworoom.h5" --source pretrained --encoder-id quentinll/lewm-tworooms --device cuda --eval-filter none --episode-min 4000 --goal-from-proprio --num-eval 64 --seed 43 --cem-seed 43
70	tworoom	flat_rh2	50	44	logs/rbE_tworoom_flat_rh2_t50_seed44.log	python -m surveyor.envs.tworoom.eval --subgoal flat --receding-horizon 2 --mode long --goal-offset 50 --eval-budget 100 --h5 "$DATA/tworoom.h5" --source pretrained --encoder-id quentinll/lewm-tworooms --device cuda --eval-filter none --episode-min 4000 --goal-from-proprio --num-eval 64 --seed 44 --cem-seed 44
71	tworoom	flat_rh5	50	44	logs/rbE_tworoom_flat_rh5_t50_seed44.log	python -m surveyor.envs.tworoom.eval --subgoal flat --receding-horizon 5 --mode long --goal-offset 50 --eval-budget 100 --h5 "$DATA/tworoom.h5" --source pretrained --encoder-id quentinll/lewm-tworooms --device cuda --eval-filter none --episode-min 4000 --goal-from-proprio --num-eval 64 --seed 44 --cem-seed 44
72	tworoom	pair_every	50	44	logs/rbE_tworoom_pair_every_t50_seed44.log	python -m surveyor.envs.tworoom.eval --subgoal paired+surveyor --gdm-ckpt gdm_tworoom_s10_gc_paired_e400v.pt --gdm-steps 50 --accept-tau 0.0 --receding-horizon 2 --mode long --goal-offset 50 --eval-budget 100 --h5 "$DATA/tworoom.h5" --source pretrained --encoder-id quentinll/lewm-tworooms --device cuda --eval-filter none --episode-min 4000 --goal-from-proprio --num-eval 64 --seed 44 --cem-seed 44
73	tworoom	pair_accept	50	44	logs/rbE_tworoom_pair_accept_t50_seed44.log	python -m surveyor.envs.tworoom.eval --subgoal paired+surveyor --gdm-ckpt gdm_tworoom_s10_gc_paired_e400v.pt --gdm-steps 50 --accept-tau 0.098 --receding-horizon 2 --mode long --goal-offset 50 --eval-budget 100 --h5 "$DATA/tworoom.h5" --source pretrained --encoder-id quentinll/lewm-tworooms --device cuda --eval-filter none --episode-min 4000 --goal-from-proprio --num-eval 64 --seed 44 --cem-seed 44
74	tworoom	pair_blind	50	44	logs/rbE_tworoom_pair_blind_t50_seed44.log	python -m surveyor.envs.tworoom.eval --subgoal paired+surveyor --gdm-ckpt gdm_tworoom_s10_gc_paired_e400v.pt --gdm-steps 50 --accept-tau 999 --receding-horizon 2 --mode long --goal-offset 50 --eval-budget 100 --h5 "$DATA/tworoom.h5" --source pretrained --encoder-id quentinll/lewm-tworooms --device cuda --eval-filter none --episode-min 4000 --goal-from-proprio --num-eval 64 --seed 44 --cem-seed 44
75	tworoom	gcidm	50	44	logs/rbE_tworoom_gcidm_t50_seed44.log	python -m surveyor.envs.tworoom.eval --subgoal gcidm --gcidm-ckpt gcidm_tworoom_h100.pt --mode long --goal-offset 50 --eval-budget 100 --h5 "$DATA/tworoom.h5" --source pretrained --encoder-id quentinll/lewm-tworooms --device cuda --eval-filter none --episode-min 4000 --goal-from-proprio --num-eval 64 --seed 44 --cem-seed 44
76	tworoom	random	50	44	logs/rbE_tworoom_random_t50_seed44.log	python -m surveyor.envs.tworoom.eval --subgoal random --mode long --goal-offset 50 --eval-budget 100 --h5 "$DATA/tworoom.h5" --source pretrained --encoder-id quentinll/lewm-tworooms --device cuda --eval-filter none --episode-min 4000 --goal-from-proprio --num-eval 64 --seed 44 --cem-seed 44
77	tworoom	flat_rh2	50	45	logs/rbE_tworoom_flat_rh2_t50_seed45.log	python -m surveyor.envs.tworoom.eval --subgoal flat --receding-horizon 2 --mode long --goal-offset 50 --eval-budget 100 --h5 "$DATA/tworoom.h5" --source pretrained --encoder-id quentinll/lewm-tworooms --device cuda --eval-filter none --episode-min 4000 --goal-from-proprio --num-eval 64 --seed 45 --cem-seed 45
78	tworoom	flat_rh5	50	45	logs/rbE_tworoom_flat_rh5_t50_seed45.log	python -m surveyor.envs.tworoom.eval --subgoal flat --receding-horizon 5 --mode long --goal-offset 50 --eval-budget 100 --h5 "$DATA/tworoom.h5" --source pretrained --encoder-id quentinll/lewm-tworooms --device cuda --eval-filter none --episode-min 4000 --goal-from-proprio --num-eval 64 --seed 45 --cem-seed 45
79	tworoom	pair_every	50	45	logs/rbE_tworoom_pair_every_t50_seed45.log	python -m surveyor.envs.tworoom.eval --subgoal paired+surveyor --gdm-ckpt gdm_tworoom_s10_gc_paired_e400v.pt --gdm-steps 50 --accept-tau 0.0 --receding-horizon 2 --mode long --goal-offset 50 --eval-budget 100 --h5 "$DATA/tworoom.h5" --source pretrained --encoder-id quentinll/lewm-tworooms --device cuda --eval-filter none --episode-min 4000 --goal-from-proprio --num-eval 64 --seed 45 --cem-seed 45
80	tworoom	pair_accept	50	45	logs/rbE_tworoom_pair_accept_t50_seed45.log	python -m surveyor.envs.tworoom.eval --subgoal paired+surveyor --gdm-ckpt gdm_tworoom_s10_gc_paired_e400v.pt --gdm-steps 50 --accept-tau 0.098 --receding-horizon 2 --mode long --goal-offset 50 --eval-budget 100 --h5 "$DATA/tworoom.h5" --source pretrained --encoder-id quentinll/lewm-tworooms --device cuda --eval-filter none --episode-min 4000 --goal-from-proprio --num-eval 64 --seed 45 --cem-seed 45
81	tworoom	pair_blind	50	45	logs/rbE_tworoom_pair_blind_t50_seed45.log	python -m surveyor.envs.tworoom.eval --subgoal paired+surveyor --gdm-ckpt gdm_tworoom_s10_gc_paired_e400v.pt --gdm-steps 50 --accept-tau 999 --receding-horizon 2 --mode long --goal-offset 50 --eval-budget 100 --h5 "$DATA/tworoom.h5" --source pretrained --encoder-id quentinll/lewm-tworooms --device cuda --eval-filter none --episode-min 4000 --goal-from-proprio --num-eval 64 --seed 45 --cem-seed 45
82	tworoom	gcidm	50	45	logs/rbE_tworoom_gcidm_t50_seed45.log	python -m surveyor.envs.tworoom.eval --subgoal gcidm --gcidm-ckpt gcidm_tworoom_h100.pt --mode long --goal-offset 50 --eval-budget 100 --h5 "$DATA/tworoom.h5" --source pretrained --encoder-id quentinll/lewm-tworooms --device cuda --eval-filter none --episode-min 4000 --goal-from-proprio --num-eval 64 --seed 45 --cem-seed 45
83	tworoom	random	50	45	logs/rbE_tworoom_random_t50_seed45.log	python -m surveyor.envs.tworoom.eval --subgoal random --mode long --goal-offset 50 --eval-budget 100 --h5 "$DATA/tworoom.h5" --source pretrained --encoder-id quentinll/lewm-tworooms --device cuda --eval-filter none --episode-min 4000 --goal-from-proprio --num-eval 64 --seed 45 --cem-seed 45
84	tworoom	flat_rh2	50	46	logs/rbE_tworoom_flat_rh2_t50_seed46.log	python -m surveyor.envs.tworoom.eval --subgoal flat --receding-horizon 2 --mode long --goal-offset 50 --eval-budget 100 --h5 "$DATA/tworoom.h5" --source pretrained --encoder-id quentinll/lewm-tworooms --device cuda --eval-filter none --episode-min 4000 --goal-from-proprio --num-eval 64 --seed 46 --cem-seed 46
85	tworoom	flat_rh5	50	46	logs/rbE_tworoom_flat_rh5_t50_seed46.log	python -m surveyor.envs.tworoom.eval --subgoal flat --receding-horizon 5 --mode long --goal-offset 50 --eval-budget 100 --h5 "$DATA/tworoom.h5" --source pretrained --encoder-id quentinll/lewm-tworooms --device cuda --eval-filter none --episode-min 4000 --goal-from-proprio --num-eval 64 --seed 46 --cem-seed 46
86	tworoom	pair_every	50	46	logs/rbE_tworoom_pair_every_t50_seed46.log	python -m surveyor.envs.tworoom.eval --subgoal paired+surveyor --gdm-ckpt gdm_tworoom_s10_gc_paired_e400v.pt --gdm-steps 50 --accept-tau 0.0 --receding-horizon 2 --mode long --goal-offset 50 --eval-budget 100 --h5 "$DATA/tworoom.h5" --source pretrained --encoder-id quentinll/lewm-tworooms --device cuda --eval-filter none --episode-min 4000 --goal-from-proprio --num-eval 64 --seed 46 --cem-seed 46
87	tworoom	pair_accept	50	46	logs/rbE_tworoom_pair_accept_t50_seed46.log	python -m surveyor.envs.tworoom.eval --subgoal paired+surveyor --gdm-ckpt gdm_tworoom_s10_gc_paired_e400v.pt --gdm-steps 50 --accept-tau 0.098 --receding-horizon 2 --mode long --goal-offset 50 --eval-budget 100 --h5 "$DATA/tworoom.h5" --source pretrained --encoder-id quentinll/lewm-tworooms --device cuda --eval-filter none --episode-min 4000 --goal-from-proprio --num-eval 64 --seed 46 --cem-seed 46
88	tworoom	pair_blind	50	46	logs/rbE_tworoom_pair_blind_t50_seed46.log	python -m surveyor.envs.tworoom.eval --subgoal paired+surveyor --gdm-ckpt gdm_tworoom_s10_gc_paired_e400v.pt --gdm-steps 50 --accept-tau 999 --receding-horizon 2 --mode long --goal-offset 50 --eval-budget 100 --h5 "$DATA/tworoom.h5" --source pretrained --encoder-id quentinll/lewm-tworooms --device cuda --eval-filter none --episode-min 4000 --goal-from-proprio --num-eval 64 --seed 46 --cem-seed 46
89	tworoom	gcidm	50	46	logs/rbE_tworoom_gcidm_t50_seed46.log	python -m surveyor.envs.tworoom.eval --subgoal gcidm --gcidm-ckpt gcidm_tworoom_h100.pt --mode long --goal-offset 50 --eval-budget 100 --h5 "$DATA/tworoom.h5" --source pretrained --encoder-id quentinll/lewm-tworooms --device cuda --eval-filter none --episode-min 4000 --goal-from-proprio --num-eval 64 --seed 46 --cem-seed 46
90	tworoom	random	50	46	logs/rbE_tworoom_random_t50_seed46.log	python -m surveyor.envs.tworoom.eval --subgoal random --mode long --goal-offset 50 --eval-budget 100 --h5 "$DATA/tworoom.h5" --source pretrained --encoder-id quentinll/lewm-tworooms --device cuda --eval-filter none --episode-min 4000 --goal-from-proprio --num-eval 64 --seed 46 --cem-seed 46
91	tworoom	flat_rh2	50	47	logs/rbE_tworoom_flat_rh2_t50_seed47.log	python -m surveyor.envs.tworoom.eval --subgoal flat --receding-horizon 2 --mode long --goal-offset 50 --eval-budget 100 --h5 "$DATA/tworoom.h5" --source pretrained --encoder-id quentinll/lewm-tworooms --device cuda --eval-filter none --episode-min 4000 --goal-from-proprio --num-eval 64 --seed 47 --cem-seed 47
92	tworoom	flat_rh5	50	47	logs/rbE_tworoom_flat_rh5_t50_seed47.log	python -m surveyor.envs.tworoom.eval --subgoal flat --receding-horizon 5 --mode long --goal-offset 50 --eval-budget 100 --h5 "$DATA/tworoom.h5" --source pretrained --encoder-id quentinll/lewm-tworooms --device cuda --eval-filter none --episode-min 4000 --goal-from-proprio --num-eval 64 --seed 47 --cem-seed 47
93	tworoom	pair_every	50	47	logs/rbE_tworoom_pair_every_t50_seed47.log	python -m surveyor.envs.tworoom.eval --subgoal paired+surveyor --gdm-ckpt gdm_tworoom_s10_gc_paired_e400v.pt --gdm-steps 50 --accept-tau 0.0 --receding-horizon 2 --mode long --goal-offset 50 --eval-budget 100 --h5 "$DATA/tworoom.h5" --source pretrained --encoder-id quentinll/lewm-tworooms --device cuda --eval-filter none --episode-min 4000 --goal-from-proprio --num-eval 64 --seed 47 --cem-seed 47
94	tworoom	pair_accept	50	47	logs/rbE_tworoom_pair_accept_t50_seed47.log	python -m surveyor.envs.tworoom.eval --subgoal paired+surveyor --gdm-ckpt gdm_tworoom_s10_gc_paired_e400v.pt --gdm-steps 50 --accept-tau 0.098 --receding-horizon 2 --mode long --goal-offset 50 --eval-budget 100 --h5 "$DATA/tworoom.h5" --source pretrained --encoder-id quentinll/lewm-tworooms --device cuda --eval-filter none --episode-min 4000 --goal-from-proprio --num-eval 64 --seed 47 --cem-seed 47
95	tworoom	pair_blind	50	47	logs/rbE_tworoom_pair_blind_t50_seed47.log	python -m surveyor.envs.tworoom.eval --subgoal paired+surveyor --gdm-ckpt gdm_tworoom_s10_gc_paired_e400v.pt --gdm-steps 50 --accept-tau 999 --receding-horizon 2 --mode long --goal-offset 50 --eval-budget 100 --h5 "$DATA/tworoom.h5" --source pretrained --encoder-id quentinll/lewm-tworooms --device cuda --eval-filter none --episode-min 4000 --goal-from-proprio --num-eval 64 --seed 47 --cem-seed 47
96	tworoom	gcidm	50	47	logs/rbE_tworoom_gcidm_t50_seed47.log	python -m surveyor.envs.tworoom.eval --subgoal gcidm --gcidm-ckpt gcidm_tworoom_h100.pt --mode long --goal-offset 50 --eval-budget 100 --h5 "$DATA/tworoom.h5" --source pretrained --encoder-id quentinll/lewm-tworooms --device cuda --eval-filter none --episode-min 4000 --goal-from-proprio --num-eval 64 --seed 47 --cem-seed 47
97	tworoom	random	50	47	logs/rbE_tworoom_random_t50_seed47.log	python -m surveyor.envs.tworoom.eval --subgoal random --mode long --goal-offset 50 --eval-budget 100 --h5 "$DATA/tworoom.h5" --source pretrained --encoder-id quentinll/lewm-tworooms --device cuda --eval-filter none --episode-min 4000 --goal-from-proprio --num-eval 64 --seed 47 --cem-seed 47
98	tworoom	flat_rh2	50	48	logs/rbE_tworoom_flat_rh2_t50_seed48.log	python -m surveyor.envs.tworoom.eval --subgoal flat --receding-horizon 2 --mode long --goal-offset 50 --eval-budget 100 --h5 "$DATA/tworoom.h5" --source pretrained --encoder-id quentinll/lewm-tworooms --device cuda --eval-filter none --episode-min 4000 --goal-from-proprio --num-eval 64 --seed 48 --cem-seed 48
99	tworoom	flat_rh5	50	48	logs/rbE_tworoom_flat_rh5_t50_seed48.log	python -m surveyor.envs.tworoom.eval --subgoal flat --receding-horizon 5 --mode long --goal-offset 50 --eval-budget 100 --h5 "$DATA/tworoom.h5" --source pretrained --encoder-id quentinll/lewm-tworooms --device cuda --eval-filter none --episode-min 4000 --goal-from-proprio --num-eval 64 --seed 48 --cem-seed 48
100	tworoom	pair_every	50	48	logs/rbE_tworoom_pair_every_t50_seed48.log	python -m surveyor.envs.tworoom.eval --subgoal paired+surveyor --gdm-ckpt gdm_tworoom_s10_gc_paired_e400v.pt --gdm-steps 50 --accept-tau 0.0 --receding-horizon 2 --mode long --goal-offset 50 --eval-budget 100 --h5 "$DATA/tworoom.h5" --source pretrained --encoder-id quentinll/lewm-tworooms --device cuda --eval-filter none --episode-min 4000 --goal-from-proprio --num-eval 64 --seed 48 --cem-seed 48
101	tworoom	pair_accept	50	48	logs/rbE_tworoom_pair_accept_t50_seed48.log	python -m surveyor.envs.tworoom.eval --subgoal paired+surveyor --gdm-ckpt gdm_tworoom_s10_gc_paired_e400v.pt --gdm-steps 50 --accept-tau 0.098 --receding-horizon 2 --mode long --goal-offset 50 --eval-budget 100 --h5 "$DATA/tworoom.h5" --source pretrained --encoder-id quentinll/lewm-tworooms --device cuda --eval-filter none --episode-min 4000 --goal-from-proprio --num-eval 64 --seed 48 --cem-seed 48
102	tworoom	pair_blind	50	48	logs/rbE_tworoom_pair_blind_t50_seed48.log	python -m surveyor.envs.tworoom.eval --subgoal paired+surveyor --gdm-ckpt gdm_tworoom_s10_gc_paired_e400v.pt --gdm-steps 50 --accept-tau 999 --receding-horizon 2 --mode long --goal-offset 50 --eval-budget 100 --h5 "$DATA/tworoom.h5" --source pretrained --encoder-id quentinll/lewm-tworooms --device cuda --eval-filter none --episode-min 4000 --goal-from-proprio --num-eval 64 --seed 48 --cem-seed 48
103	tworoom	gcidm	50	48	logs/rbE_tworoom_gcidm_t50_seed48.log	python -m surveyor.envs.tworoom.eval --subgoal gcidm --gcidm-ckpt gcidm_tworoom_h100.pt --mode long --goal-offset 50 --eval-budget 100 --h5 "$DATA/tworoom.h5" --source pretrained --encoder-id quentinll/lewm-tworooms --device cuda --eval-filter none --episode-min 4000 --goal-from-proprio --num-eval 64 --seed 48 --cem-seed 48
104	tworoom	random	50	48	logs/rbE_tworoom_random_t50_seed48.log	python -m surveyor.envs.tworoom.eval --subgoal random --mode long --goal-offset 50 --eval-budget 100 --h5 "$DATA/tworoom.h5" --source pretrained --encoder-id quentinll/lewm-tworooms --device cuda --eval-filter none --episode-min 4000 --goal-from-proprio --num-eval 64 --seed 48 --cem-seed 48
105	tworoom	flat_rh2	50	49	logs/rbE_tworoom_flat_rh2_t50_seed49.log	python -m surveyor.envs.tworoom.eval --subgoal flat --receding-horizon 2 --mode long --goal-offset 50 --eval-budget 100 --h5 "$DATA/tworoom.h5" --source pretrained --encoder-id quentinll/lewm-tworooms --device cuda --eval-filter none --episode-min 4000 --goal-from-proprio --num-eval 64 --seed 49 --cem-seed 49
106	tworoom	flat_rh5	50	49	logs/rbE_tworoom_flat_rh5_t50_seed49.log	python -m surveyor.envs.tworoom.eval --subgoal flat --receding-horizon 5 --mode long --goal-offset 50 --eval-budget 100 --h5 "$DATA/tworoom.h5" --source pretrained --encoder-id quentinll/lewm-tworooms --device cuda --eval-filter none --episode-min 4000 --goal-from-proprio --num-eval 64 --seed 49 --cem-seed 49
107	tworoom	pair_every	50	49	logs/rbE_tworoom_pair_every_t50_seed49.log	python -m surveyor.envs.tworoom.eval --subgoal paired+surveyor --gdm-ckpt gdm_tworoom_s10_gc_paired_e400v.pt --gdm-steps 50 --accept-tau 0.0 --receding-horizon 2 --mode long --goal-offset 50 --eval-budget 100 --h5 "$DATA/tworoom.h5" --source pretrained --encoder-id quentinll/lewm-tworooms --device cuda --eval-filter none --episode-min 4000 --goal-from-proprio --num-eval 64 --seed 49 --cem-seed 49
108	tworoom	pair_accept	50	49	logs/rbE_tworoom_pair_accept_t50_seed49.log	python -m surveyor.envs.tworoom.eval --subgoal paired+surveyor --gdm-ckpt gdm_tworoom_s10_gc_paired_e400v.pt --gdm-steps 50 --accept-tau 0.098 --receding-horizon 2 --mode long --goal-offset 50 --eval-budget 100 --h5 "$DATA/tworoom.h5" --source pretrained --encoder-id quentinll/lewm-tworooms --device cuda --eval-filter none --episode-min 4000 --goal-from-proprio --num-eval 64 --seed 49 --cem-seed 49
109	tworoom	pair_blind	50	49	logs/rbE_tworoom_pair_blind_t50_seed49.log	python -m surveyor.envs.tworoom.eval --subgoal paired+surveyor --gdm-ckpt gdm_tworoom_s10_gc_paired_e400v.pt --gdm-steps 50 --accept-tau 999 --receding-horizon 2 --mode long --goal-offset 50 --eval-budget 100 --h5 "$DATA/tworoom.h5" --source pretrained --encoder-id quentinll/lewm-tworooms --device cuda --eval-filter none --episode-min 4000 --goal-from-proprio --num-eval 64 --seed 49 --cem-seed 49
110	tworoom	gcidm	50	49	logs/rbE_tworoom_gcidm_t50_seed49.log	python -m surveyor.envs.tworoom.eval --subgoal gcidm --gcidm-ckpt gcidm_tworoom_h100.pt --mode long --goal-offset 50 --eval-budget 100 --h5 "$DATA/tworoom.h5" --source pretrained --encoder-id quentinll/lewm-tworooms --device cuda --eval-filter none --episode-min 4000 --goal-from-proprio --num-eval 64 --seed 49 --cem-seed 49
111	tworoom	random	50	49	logs/rbE_tworoom_random_t50_seed49.log	python -m surveyor.envs.tworoom.eval --subgoal random --mode long --goal-offset 50 --eval-budget 100 --h5 "$DATA/tworoom.h5" --source pretrained --encoder-id quentinll/lewm-tworooms --device cuda --eval-filter none --episode-min 4000 --goal-from-proprio --num-eval 64 --seed 49 --cem-seed 49
112	tworoom	flat_rh2	75	42	logs/rbE_tworoom_flat_rh2_t75_seed42.log	python -m surveyor.envs.tworoom.eval --subgoal flat --receding-horizon 2 --mode long --goal-offset 75 --eval-budget 150 --h5 "$DATA/tworoom.h5" --source pretrained --encoder-id quentinll/lewm-tworooms --device cuda --eval-filter none --episode-min 4000 --goal-from-proprio --num-eval 64 --seed 42 --cem-seed 42
113	tworoom	flat_rh5	75	42	logs/rbE_tworoom_flat_rh5_t75_seed42.log	python -m surveyor.envs.tworoom.eval --subgoal flat --receding-horizon 5 --mode long --goal-offset 75 --eval-budget 150 --h5 "$DATA/tworoom.h5" --source pretrained --encoder-id quentinll/lewm-tworooms --device cuda --eval-filter none --episode-min 4000 --goal-from-proprio --num-eval 64 --seed 42 --cem-seed 42
114	tworoom	pair_every	75	42	logs/rbE_tworoom_pair_every_t75_seed42.log	python -m surveyor.envs.tworoom.eval --subgoal paired+surveyor --gdm-ckpt gdm_tworoom_s10_gc_paired_e400v.pt --gdm-steps 50 --accept-tau 0.0 --receding-horizon 2 --mode long --goal-offset 75 --eval-budget 150 --h5 "$DATA/tworoom.h5" --source pretrained --encoder-id quentinll/lewm-tworooms --device cuda --eval-filter none --episode-min 4000 --goal-from-proprio --num-eval 64 --seed 42 --cem-seed 42
115	tworoom	pair_accept	75	42	logs/rbE_tworoom_pair_accept_t75_seed42.log	python -m surveyor.envs.tworoom.eval --subgoal paired+surveyor --gdm-ckpt gdm_tworoom_s10_gc_paired_e400v.pt --gdm-steps 50 --accept-tau 0.098 --receding-horizon 2 --mode long --goal-offset 75 --eval-budget 150 --h5 "$DATA/tworoom.h5" --source pretrained --encoder-id quentinll/lewm-tworooms --device cuda --eval-filter none --episode-min 4000 --goal-from-proprio --num-eval 64 --seed 42 --cem-seed 42
116	tworoom	pair_blind	75	42	logs/rbE_tworoom_pair_blind_t75_seed42.log	python -m surveyor.envs.tworoom.eval --subgoal paired+surveyor --gdm-ckpt gdm_tworoom_s10_gc_paired_e400v.pt --gdm-steps 50 --accept-tau 999 --receding-horizon 2 --mode long --goal-offset 75 --eval-budget 150 --h5 "$DATA/tworoom.h5" --source pretrained --encoder-id quentinll/lewm-tworooms --device cuda --eval-filter none --episode-min 4000 --goal-from-proprio --num-eval 64 --seed 42 --cem-seed 42
117	tworoom	gcidm	75	42	logs/rbE_tworoom_gcidm_t75_seed42.log	python -m surveyor.envs.tworoom.eval --subgoal gcidm --gcidm-ckpt gcidm_tworoom_h150.pt --mode long --goal-offset 75 --eval-budget 150 --h5 "$DATA/tworoom.h5" --source pretrained --encoder-id quentinll/lewm-tworooms --device cuda --eval-filter none --episode-min 4000 --goal-from-proprio --num-eval 64 --seed 42 --cem-seed 42
118	tworoom	random	75	42	logs/rbE_tworoom_random_t75_seed42.log	python -m surveyor.envs.tworoom.eval --subgoal random --mode long --goal-offset 75 --eval-budget 150 --h5 "$DATA/tworoom.h5" --source pretrained --encoder-id quentinll/lewm-tworooms --device cuda --eval-filter none --episode-min 4000 --goal-from-proprio --num-eval 64 --seed 42 --cem-seed 42
119	tworoom	flat_rh2	75	43	logs/rbE_tworoom_flat_rh2_t75_seed43.log	python -m surveyor.envs.tworoom.eval --subgoal flat --receding-horizon 2 --mode long --goal-offset 75 --eval-budget 150 --h5 "$DATA/tworoom.h5" --source pretrained --encoder-id quentinll/lewm-tworooms --device cuda --eval-filter none --episode-min 4000 --goal-from-proprio --num-eval 64 --seed 43 --cem-seed 43
120	tworoom	flat_rh5	75	43	logs/rbE_tworoom_flat_rh5_t75_seed43.log	python -m surveyor.envs.tworoom.eval --subgoal flat --receding-horizon 5 --mode long --goal-offset 75 --eval-budget 150 --h5 "$DATA/tworoom.h5" --source pretrained --encoder-id quentinll/lewm-tworooms --device cuda --eval-filter none --episode-min 4000 --goal-from-proprio --num-eval 64 --seed 43 --cem-seed 43
121	tworoom	pair_every	75	43	logs/rbE_tworoom_pair_every_t75_seed43.log	python -m surveyor.envs.tworoom.eval --subgoal paired+surveyor --gdm-ckpt gdm_tworoom_s10_gc_paired_e400v.pt --gdm-steps 50 --accept-tau 0.0 --receding-horizon 2 --mode long --goal-offset 75 --eval-budget 150 --h5 "$DATA/tworoom.h5" --source pretrained --encoder-id quentinll/lewm-tworooms --device cuda --eval-filter none --episode-min 4000 --goal-from-proprio --num-eval 64 --seed 43 --cem-seed 43
122	tworoom	pair_accept	75	43	logs/rbE_tworoom_pair_accept_t75_seed43.log	python -m surveyor.envs.tworoom.eval --subgoal paired+surveyor --gdm-ckpt gdm_tworoom_s10_gc_paired_e400v.pt --gdm-steps 50 --accept-tau 0.098 --receding-horizon 2 --mode long --goal-offset 75 --eval-budget 150 --h5 "$DATA/tworoom.h5" --source pretrained --encoder-id quentinll/lewm-tworooms --device cuda --eval-filter none --episode-min 4000 --goal-from-proprio --num-eval 64 --seed 43 --cem-seed 43
123	tworoom	pair_blind	75	43	logs/rbE_tworoom_pair_blind_t75_seed43.log	python -m surveyor.envs.tworoom.eval --subgoal paired+surveyor --gdm-ckpt gdm_tworoom_s10_gc_paired_e400v.pt --gdm-steps 50 --accept-tau 999 --receding-horizon 2 --mode long --goal-offset 75 --eval-budget 150 --h5 "$DATA/tworoom.h5" --source pretrained --encoder-id quentinll/lewm-tworooms --device cuda --eval-filter none --episode-min 4000 --goal-from-proprio --num-eval 64 --seed 43 --cem-seed 43
124	tworoom	gcidm	75	43	logs/rbE_tworoom_gcidm_t75_seed43.log	python -m surveyor.envs.tworoom.eval --subgoal gcidm --gcidm-ckpt gcidm_tworoom_h150.pt --mode long --goal-offset 75 --eval-budget 150 --h5 "$DATA/tworoom.h5" --source pretrained --encoder-id quentinll/lewm-tworooms --device cuda --eval-filter none --episode-min 4000 --goal-from-proprio --num-eval 64 --seed 43 --cem-seed 43
125	tworoom	random	75	43	logs/rbE_tworoom_random_t75_seed43.log	python -m surveyor.envs.tworoom.eval --subgoal random --mode long --goal-offset 75 --eval-budget 150 --h5 "$DATA/tworoom.h5" --source pretrained --encoder-id quentinll/lewm-tworooms --device cuda --eval-filter none --episode-min 4000 --goal-from-proprio --num-eval 64 --seed 43 --cem-seed 43
126	tworoom	flat_rh2	75	44	logs/rbE_tworoom_flat_rh2_t75_seed44.log	python -m surveyor.envs.tworoom.eval --subgoal flat --receding-horizon 2 --mode long --goal-offset 75 --eval-budget 150 --h5 "$DATA/tworoom.h5" --source pretrained --encoder-id quentinll/lewm-tworooms --device cuda --eval-filter none --episode-min 4000 --goal-from-proprio --num-eval 64 --seed 44 --cem-seed 44
127	tworoom	flat_rh5	75	44	logs/rbE_tworoom_flat_rh5_t75_seed44.log	python -m surveyor.envs.tworoom.eval --subgoal flat --receding-horizon 5 --mode long --goal-offset 75 --eval-budget 150 --h5 "$DATA/tworoom.h5" --source pretrained --encoder-id quentinll/lewm-tworooms --device cuda --eval-filter none --episode-min 4000 --goal-from-proprio --num-eval 64 --seed 44 --cem-seed 44
128	tworoom	pair_every	75	44	logs/rbE_tworoom_pair_every_t75_seed44.log	python -m surveyor.envs.tworoom.eval --subgoal paired+surveyor --gdm-ckpt gdm_tworoom_s10_gc_paired_e400v.pt --gdm-steps 50 --accept-tau 0.0 --receding-horizon 2 --mode long --goal-offset 75 --eval-budget 150 --h5 "$DATA/tworoom.h5" --source pretrained --encoder-id quentinll/lewm-tworooms --device cuda --eval-filter none --episode-min 4000 --goal-from-proprio --num-eval 64 --seed 44 --cem-seed 44
129	tworoom	pair_accept	75	44	logs/rbE_tworoom_pair_accept_t75_seed44.log	python -m surveyor.envs.tworoom.eval --subgoal paired+surveyor --gdm-ckpt gdm_tworoom_s10_gc_paired_e400v.pt --gdm-steps 50 --accept-tau 0.098 --receding-horizon 2 --mode long --goal-offset 75 --eval-budget 150 --h5 "$DATA/tworoom.h5" --source pretrained --encoder-id quentinll/lewm-tworooms --device cuda --eval-filter none --episode-min 4000 --goal-from-proprio --num-eval 64 --seed 44 --cem-seed 44
130	tworoom	pair_blind	75	44	logs/rbE_tworoom_pair_blind_t75_seed44.log	python -m surveyor.envs.tworoom.eval --subgoal paired+surveyor --gdm-ckpt gdm_tworoom_s10_gc_paired_e400v.pt --gdm-steps 50 --accept-tau 999 --receding-horizon 2 --mode long --goal-offset 75 --eval-budget 150 --h5 "$DATA/tworoom.h5" --source pretrained --encoder-id quentinll/lewm-tworooms --device cuda --eval-filter none --episode-min 4000 --goal-from-proprio --num-eval 64 --seed 44 --cem-seed 44
131	tworoom	gcidm	75	44	logs/rbE_tworoom_gcidm_t75_seed44.log	python -m surveyor.envs.tworoom.eval --subgoal gcidm --gcidm-ckpt gcidm_tworoom_h150.pt --mode long --goal-offset 75 --eval-budget 150 --h5 "$DATA/tworoom.h5" --source pretrained --encoder-id quentinll/lewm-tworooms --device cuda --eval-filter none --episode-min 4000 --goal-from-proprio --num-eval 64 --seed 44 --cem-seed 44
132	tworoom	random	75	44	logs/rbE_tworoom_random_t75_seed44.log	python -m surveyor.envs.tworoom.eval --subgoal random --mode long --goal-offset 75 --eval-budget 150 --h5 "$DATA/tworoom.h5" --source pretrained --encoder-id quentinll/lewm-tworooms --device cuda --eval-filter none --episode-min 4000 --goal-from-proprio --num-eval 64 --seed 44 --cem-seed 44
133	tworoom	flat_rh2	75	45	logs/rbE_tworoom_flat_rh2_t75_seed45.log	python -m surveyor.envs.tworoom.eval --subgoal flat --receding-horizon 2 --mode long --goal-offset 75 --eval-budget 150 --h5 "$DATA/tworoom.h5" --source pretrained --encoder-id quentinll/lewm-tworooms --device cuda --eval-filter none --episode-min 4000 --goal-from-proprio --num-eval 64 --seed 45 --cem-seed 45
134	tworoom	flat_rh5	75	45	logs/rbE_tworoom_flat_rh5_t75_seed45.log	python -m surveyor.envs.tworoom.eval --subgoal flat --receding-horizon 5 --mode long --goal-offset 75 --eval-budget 150 --h5 "$DATA/tworoom.h5" --source pretrained --encoder-id quentinll/lewm-tworooms --device cuda --eval-filter none --episode-min 4000 --goal-from-proprio --num-eval 64 --seed 45 --cem-seed 45
135	tworoom	pair_every	75	45	logs/rbE_tworoom_pair_every_t75_seed45.log	python -m surveyor.envs.tworoom.eval --subgoal paired+surveyor --gdm-ckpt gdm_tworoom_s10_gc_paired_e400v.pt --gdm-steps 50 --accept-tau 0.0 --receding-horizon 2 --mode long --goal-offset 75 --eval-budget 150 --h5 "$DATA/tworoom.h5" --source pretrained --encoder-id quentinll/lewm-tworooms --device cuda --eval-filter none --episode-min 4000 --goal-from-proprio --num-eval 64 --seed 45 --cem-seed 45
136	tworoom	pair_accept	75	45	logs/rbE_tworoom_pair_accept_t75_seed45.log	python -m surveyor.envs.tworoom.eval --subgoal paired+surveyor --gdm-ckpt gdm_tworoom_s10_gc_paired_e400v.pt --gdm-steps 50 --accept-tau 0.098 --receding-horizon 2 --mode long --goal-offset 75 --eval-budget 150 --h5 "$DATA/tworoom.h5" --source pretrained --encoder-id quentinll/lewm-tworooms --device cuda --eval-filter none --episode-min 4000 --goal-from-proprio --num-eval 64 --seed 45 --cem-seed 45
137	tworoom	pair_blind	75	45	logs/rbE_tworoom_pair_blind_t75_seed45.log	python -m surveyor.envs.tworoom.eval --subgoal paired+surveyor --gdm-ckpt gdm_tworoom_s10_gc_paired_e400v.pt --gdm-steps 50 --accept-tau 999 --receding-horizon 2 --mode long --goal-offset 75 --eval-budget 150 --h5 "$DATA/tworoom.h5" --source pretrained --encoder-id quentinll/lewm-tworooms --device cuda --eval-filter none --episode-min 4000 --goal-from-proprio --num-eval 64 --seed 45 --cem-seed 45
138	tworoom	gcidm	75	45	logs/rbE_tworoom_gcidm_t75_seed45.log	python -m surveyor.envs.tworoom.eval --subgoal gcidm --gcidm-ckpt gcidm_tworoom_h150.pt --mode long --goal-offset 75 --eval-budget 150 --h5 "$DATA/tworoom.h5" --source pretrained --encoder-id quentinll/lewm-tworooms --device cuda --eval-filter none --episode-min 4000 --goal-from-proprio --num-eval 64 --seed 45 --cem-seed 45
139	tworoom	random	75	45	logs/rbE_tworoom_random_t75_seed45.log	python -m surveyor.envs.tworoom.eval --subgoal random --mode long --goal-offset 75 --eval-budget 150 --h5 "$DATA/tworoom.h5" --source pretrained --encoder-id quentinll/lewm-tworooms --device cuda --eval-filter none --episode-min 4000 --goal-from-proprio --num-eval 64 --seed 45 --cem-seed 45
140	tworoom	flat_rh2	75	46	logs/rbE_tworoom_flat_rh2_t75_seed46.log	python -m surveyor.envs.tworoom.eval --subgoal flat --receding-horizon 2 --mode long --goal-offset 75 --eval-budget 150 --h5 "$DATA/tworoom.h5" --source pretrained --encoder-id quentinll/lewm-tworooms --device cuda --eval-filter none --episode-min 4000 --goal-from-proprio --num-eval 64 --seed 46 --cem-seed 46
141	tworoom	flat_rh5	75	46	logs/rbE_tworoom_flat_rh5_t75_seed46.log	python -m surveyor.envs.tworoom.eval --subgoal flat --receding-horizon 5 --mode long --goal-offset 75 --eval-budget 150 --h5 "$DATA/tworoom.h5" --source pretrained --encoder-id quentinll/lewm-tworooms --device cuda --eval-filter none --episode-min 4000 --goal-from-proprio --num-eval 64 --seed 46 --cem-seed 46
142	tworoom	pair_every	75	46	logs/rbE_tworoom_pair_every_t75_seed46.log	python -m surveyor.envs.tworoom.eval --subgoal paired+surveyor --gdm-ckpt gdm_tworoom_s10_gc_paired_e400v.pt --gdm-steps 50 --accept-tau 0.0 --receding-horizon 2 --mode long --goal-offset 75 --eval-budget 150 --h5 "$DATA/tworoom.h5" --source pretrained --encoder-id quentinll/lewm-tworooms --device cuda --eval-filter none --episode-min 4000 --goal-from-proprio --num-eval 64 --seed 46 --cem-seed 46
143	tworoom	pair_accept	75	46	logs/rbE_tworoom_pair_accept_t75_seed46.log	python -m surveyor.envs.tworoom.eval --subgoal paired+surveyor --gdm-ckpt gdm_tworoom_s10_gc_paired_e400v.pt --gdm-steps 50 --accept-tau 0.098 --receding-horizon 2 --mode long --goal-offset 75 --eval-budget 150 --h5 "$DATA/tworoom.h5" --source pretrained --encoder-id quentinll/lewm-tworooms --device cuda --eval-filter none --episode-min 4000 --goal-from-proprio --num-eval 64 --seed 46 --cem-seed 46
144	tworoom	pair_blind	75	46	logs/rbE_tworoom_pair_blind_t75_seed46.log	python -m surveyor.envs.tworoom.eval --subgoal paired+surveyor --gdm-ckpt gdm_tworoom_s10_gc_paired_e400v.pt --gdm-steps 50 --accept-tau 999 --receding-horizon 2 --mode long --goal-offset 75 --eval-budget 150 --h5 "$DATA/tworoom.h5" --source pretrained --encoder-id quentinll/lewm-tworooms --device cuda --eval-filter none --episode-min 4000 --goal-from-proprio --num-eval 64 --seed 46 --cem-seed 46
145	tworoom	gcidm	75	46	logs/rbE_tworoom_gcidm_t75_seed46.log	python -m surveyor.envs.tworoom.eval --subgoal gcidm --gcidm-ckpt gcidm_tworoom_h150.pt --mode long --goal-offset 75 --eval-budget 150 --h5 "$DATA/tworoom.h5" --source pretrained --encoder-id quentinll/lewm-tworooms --device cuda --eval-filter none --episode-min 4000 --goal-from-proprio --num-eval 64 --seed 46 --cem-seed 46
146	tworoom	random	75	46	logs/rbE_tworoom_random_t75_seed46.log	python -m surveyor.envs.tworoom.eval --subgoal random --mode long --goal-offset 75 --eval-budget 150 --h5 "$DATA/tworoom.h5" --source pretrained --encoder-id quentinll/lewm-tworooms --device cuda --eval-filter none --episode-min 4000 --goal-from-proprio --num-eval 64 --seed 46 --cem-seed 46
147	tworoom	flat_rh2	75	47	logs/rbE_tworoom_flat_rh2_t75_seed47.log	python -m surveyor.envs.tworoom.eval --subgoal flat --receding-horizon 2 --mode long --goal-offset 75 --eval-budget 150 --h5 "$DATA/tworoom.h5" --source pretrained --encoder-id quentinll/lewm-tworooms --device cuda --eval-filter none --episode-min 4000 --goal-from-proprio --num-eval 64 --seed 47 --cem-seed 47
148	tworoom	flat_rh5	75	47	logs/rbE_tworoom_flat_rh5_t75_seed47.log	python -m surveyor.envs.tworoom.eval --subgoal flat --receding-horizon 5 --mode long --goal-offset 75 --eval-budget 150 --h5 "$DATA/tworoom.h5" --source pretrained --encoder-id quentinll/lewm-tworooms --device cuda --eval-filter none --episode-min 4000 --goal-from-proprio --num-eval 64 --seed 47 --cem-seed 47
149	tworoom	pair_every	75	47	logs/rbE_tworoom_pair_every_t75_seed47.log	python -m surveyor.envs.tworoom.eval --subgoal paired+surveyor --gdm-ckpt gdm_tworoom_s10_gc_paired_e400v.pt --gdm-steps 50 --accept-tau 0.0 --receding-horizon 2 --mode long --goal-offset 75 --eval-budget 150 --h5 "$DATA/tworoom.h5" --source pretrained --encoder-id quentinll/lewm-tworooms --device cuda --eval-filter none --episode-min 4000 --goal-from-proprio --num-eval 64 --seed 47 --cem-seed 47
150	tworoom	pair_accept	75	47	logs/rbE_tworoom_pair_accept_t75_seed47.log	python -m surveyor.envs.tworoom.eval --subgoal paired+surveyor --gdm-ckpt gdm_tworoom_s10_gc_paired_e400v.pt --gdm-steps 50 --accept-tau 0.098 --receding-horizon 2 --mode long --goal-offset 75 --eval-budget 150 --h5 "$DATA/tworoom.h5" --source pretrained --encoder-id quentinll/lewm-tworooms --device cuda --eval-filter none --episode-min 4000 --goal-from-proprio --num-eval 64 --seed 47 --cem-seed 47
151	tworoom	pair_blind	75	47	logs/rbE_tworoom_pair_blind_t75_seed47.log	python -m surveyor.envs.tworoom.eval --subgoal paired+surveyor --gdm-ckpt gdm_tworoom_s10_gc_paired_e400v.pt --gdm-steps 50 --accept-tau 999 --receding-horizon 2 --mode long --goal-offset 75 --eval-budget 150 --h5 "$DATA/tworoom.h5" --source pretrained --encoder-id quentinll/lewm-tworooms --device cuda --eval-filter none --episode-min 4000 --goal-from-proprio --num-eval 64 --seed 47 --cem-seed 47
152	tworoom	gcidm	75	47	logs/rbE_tworoom_gcidm_t75_seed47.log	python -m surveyor.envs.tworoom.eval --subgoal gcidm --gcidm-ckpt gcidm_tworoom_h150.pt --mode long --goal-offset 75 --eval-budget 150 --h5 "$DATA/tworoom.h5" --source pretrained --encoder-id quentinll/lewm-tworooms --device cuda --eval-filter none --episode-min 4000 --goal-from-proprio --num-eval 64 --seed 47 --cem-seed 47
153	tworoom	random	75	47	logs/rbE_tworoom_random_t75_seed47.log	python -m surveyor.envs.tworoom.eval --subgoal random --mode long --goal-offset 75 --eval-budget 150 --h5 "$DATA/tworoom.h5" --source pretrained --encoder-id quentinll/lewm-tworooms --device cuda --eval-filter none --episode-min 4000 --goal-from-proprio --num-eval 64 --seed 47 --cem-seed 47
154	tworoom	flat_rh2	75	48	logs/rbE_tworoom_flat_rh2_t75_seed48.log	python -m surveyor.envs.tworoom.eval --subgoal flat --receding-horizon 2 --mode long --goal-offset 75 --eval-budget 150 --h5 "$DATA/tworoom.h5" --source pretrained --encoder-id quentinll/lewm-tworooms --device cuda --eval-filter none --episode-min 4000 --goal-from-proprio --num-eval 64 --seed 48 --cem-seed 48
155	tworoom	flat_rh5	75	48	logs/rbE_tworoom_flat_rh5_t75_seed48.log	python -m surveyor.envs.tworoom.eval --subgoal flat --receding-horizon 5 --mode long --goal-offset 75 --eval-budget 150 --h5 "$DATA/tworoom.h5" --source pretrained --encoder-id quentinll/lewm-tworooms --device cuda --eval-filter none --episode-min 4000 --goal-from-proprio --num-eval 64 --seed 48 --cem-seed 48
156	tworoom	pair_every	75	48	logs/rbE_tworoom_pair_every_t75_seed48.log	python -m surveyor.envs.tworoom.eval --subgoal paired+surveyor --gdm-ckpt gdm_tworoom_s10_gc_paired_e400v.pt --gdm-steps 50 --accept-tau 0.0 --receding-horizon 2 --mode long --goal-offset 75 --eval-budget 150 --h5 "$DATA/tworoom.h5" --source pretrained --encoder-id quentinll/lewm-tworooms --device cuda --eval-filter none --episode-min 4000 --goal-from-proprio --num-eval 64 --seed 48 --cem-seed 48
157	tworoom	pair_accept	75	48	logs/rbE_tworoom_pair_accept_t75_seed48.log	python -m surveyor.envs.tworoom.eval --subgoal paired+surveyor --gdm-ckpt gdm_tworoom_s10_gc_paired_e400v.pt --gdm-steps 50 --accept-tau 0.098 --receding-horizon 2 --mode long --goal-offset 75 --eval-budget 150 --h5 "$DATA/tworoom.h5" --source pretrained --encoder-id quentinll/lewm-tworooms --device cuda --eval-filter none --episode-min 4000 --goal-from-proprio --num-eval 64 --seed 48 --cem-seed 48
158	tworoom	pair_blind	75	48	logs/rbE_tworoom_pair_blind_t75_seed48.log	python -m surveyor.envs.tworoom.eval --subgoal paired+surveyor --gdm-ckpt gdm_tworoom_s10_gc_paired_e400v.pt --gdm-steps 50 --accept-tau 999 --receding-horizon 2 --mode long --goal-offset 75 --eval-budget 150 --h5 "$DATA/tworoom.h5" --source pretrained --encoder-id quentinll/lewm-tworooms --device cuda --eval-filter none --episode-min 4000 --goal-from-proprio --num-eval 64 --seed 48 --cem-seed 48
159	tworoom	gcidm	75	48	logs/rbE_tworoom_gcidm_t75_seed48.log	python -m surveyor.envs.tworoom.eval --subgoal gcidm --gcidm-ckpt gcidm_tworoom_h150.pt --mode long --goal-offset 75 --eval-budget 150 --h5 "$DATA/tworoom.h5" --source pretrained --encoder-id quentinll/lewm-tworooms --device cuda --eval-filter none --episode-min 4000 --goal-from-proprio --num-eval 64 --seed 48 --cem-seed 48
160	tworoom	random	75	48	logs/rbE_tworoom_random_t75_seed48.log	python -m surveyor.envs.tworoom.eval --subgoal random --mode long --goal-offset 75 --eval-budget 150 --h5 "$DATA/tworoom.h5" --source pretrained --encoder-id quentinll/lewm-tworooms --device cuda --eval-filter none --episode-min 4000 --goal-from-proprio --num-eval 64 --seed 48 --cem-seed 48
161	tworoom	flat_rh2	75	49	logs/rbE_tworoom_flat_rh2_t75_seed49.log	python -m surveyor.envs.tworoom.eval --subgoal flat --receding-horizon 2 --mode long --goal-offset 75 --eval-budget 150 --h5 "$DATA/tworoom.h5" --source pretrained --encoder-id quentinll/lewm-tworooms --device cuda --eval-filter none --episode-min 4000 --goal-from-proprio --num-eval 64 --seed 49 --cem-seed 49
162	tworoom	flat_rh5	75	49	logs/rbE_tworoom_flat_rh5_t75_seed49.log	python -m surveyor.envs.tworoom.eval --subgoal flat --receding-horizon 5 --mode long --goal-offset 75 --eval-budget 150 --h5 "$DATA/tworoom.h5" --source pretrained --encoder-id quentinll/lewm-tworooms --device cuda --eval-filter none --episode-min 4000 --goal-from-proprio --num-eval 64 --seed 49 --cem-seed 49
163	tworoom	pair_every	75	49	logs/rbE_tworoom_pair_every_t75_seed49.log	python -m surveyor.envs.tworoom.eval --subgoal paired+surveyor --gdm-ckpt gdm_tworoom_s10_gc_paired_e400v.pt --gdm-steps 50 --accept-tau 0.0 --receding-horizon 2 --mode long --goal-offset 75 --eval-budget 150 --h5 "$DATA/tworoom.h5" --source pretrained --encoder-id quentinll/lewm-tworooms --device cuda --eval-filter none --episode-min 4000 --goal-from-proprio --num-eval 64 --seed 49 --cem-seed 49
164	tworoom	pair_accept	75	49	logs/rbE_tworoom_pair_accept_t75_seed49.log	python -m surveyor.envs.tworoom.eval --subgoal paired+surveyor --gdm-ckpt gdm_tworoom_s10_gc_paired_e400v.pt --gdm-steps 50 --accept-tau 0.098 --receding-horizon 2 --mode long --goal-offset 75 --eval-budget 150 --h5 "$DATA/tworoom.h5" --source pretrained --encoder-id quentinll/lewm-tworooms --device cuda --eval-filter none --episode-min 4000 --goal-from-proprio --num-eval 64 --seed 49 --cem-seed 49
165	tworoom	pair_blind	75	49	logs/rbE_tworoom_pair_blind_t75_seed49.log	python -m surveyor.envs.tworoom.eval --subgoal paired+surveyor --gdm-ckpt gdm_tworoom_s10_gc_paired_e400v.pt --gdm-steps 50 --accept-tau 999 --receding-horizon 2 --mode long --goal-offset 75 --eval-budget 150 --h5 "$DATA/tworoom.h5" --source pretrained --encoder-id quentinll/lewm-tworooms --device cuda --eval-filter none --episode-min 4000 --goal-from-proprio --num-eval 64 --seed 49 --cem-seed 49
166	tworoom	gcidm	75	49	logs/rbE_tworoom_gcidm_t75_seed49.log	python -m surveyor.envs.tworoom.eval --subgoal gcidm --gcidm-ckpt gcidm_tworoom_h150.pt --mode long --goal-offset 75 --eval-budget 150 --h5 "$DATA/tworoom.h5" --source pretrained --encoder-id quentinll/lewm-tworooms --device cuda --eval-filter none --episode-min 4000 --goal-from-proprio --num-eval 64 --seed 49 --cem-seed 49
167	tworoom	random	75	49	logs/rbE_tworoom_random_t75_seed49.log	python -m surveyor.envs.tworoom.eval --subgoal random --mode long --goal-offset 75 --eval-budget 150 --h5 "$DATA/tworoom.h5" --source pretrained --encoder-id quentinll/lewm-tworooms --device cuda --eval-filter none --episode-min 4000 --goal-from-proprio --num-eval 64 --seed 49 --cem-seed 49
168	tworoom	flat_rh2	100	42	logs/rbE_tworoom_flat_rh2_t100_seed42.log	python -m surveyor.envs.tworoom.eval --subgoal flat --receding-horizon 2 --mode long --goal-offset 100 --eval-budget 200 --h5 "$DATA/tworoom.h5" --source pretrained --encoder-id quentinll/lewm-tworooms --device cuda --eval-filter none --episode-min 4000 --goal-from-proprio --num-eval 64 --seed 42 --cem-seed 42
169	tworoom	flat_rh5	100	42	logs/rbE_tworoom_flat_rh5_t100_seed42.log	python -m surveyor.envs.tworoom.eval --subgoal flat --receding-horizon 5 --mode long --goal-offset 100 --eval-budget 200 --h5 "$DATA/tworoom.h5" --source pretrained --encoder-id quentinll/lewm-tworooms --device cuda --eval-filter none --episode-min 4000 --goal-from-proprio --num-eval 64 --seed 42 --cem-seed 42
170	tworoom	pair_every	100	42	logs/rbE_tworoom_pair_every_t100_seed42.log	python -m surveyor.envs.tworoom.eval --subgoal paired+surveyor --gdm-ckpt gdm_tworoom_s10_gc_paired_e400v.pt --gdm-steps 50 --accept-tau 0.0 --receding-horizon 2 --mode long --goal-offset 100 --eval-budget 200 --h5 "$DATA/tworoom.h5" --source pretrained --encoder-id quentinll/lewm-tworooms --device cuda --eval-filter none --episode-min 4000 --goal-from-proprio --num-eval 64 --seed 42 --cem-seed 42
171	tworoom	pair_accept	100	42	logs/rbE_tworoom_pair_accept_t100_seed42.log	python -m surveyor.envs.tworoom.eval --subgoal paired+surveyor --gdm-ckpt gdm_tworoom_s10_gc_paired_e400v.pt --gdm-steps 50 --accept-tau 0.098 --receding-horizon 2 --mode long --goal-offset 100 --eval-budget 200 --h5 "$DATA/tworoom.h5" --source pretrained --encoder-id quentinll/lewm-tworooms --device cuda --eval-filter none --episode-min 4000 --goal-from-proprio --num-eval 64 --seed 42 --cem-seed 42
172	tworoom	pair_blind	100	42	logs/rbE_tworoom_pair_blind_t100_seed42.log	python -m surveyor.envs.tworoom.eval --subgoal paired+surveyor --gdm-ckpt gdm_tworoom_s10_gc_paired_e400v.pt --gdm-steps 50 --accept-tau 999 --receding-horizon 2 --mode long --goal-offset 100 --eval-budget 200 --h5 "$DATA/tworoom.h5" --source pretrained --encoder-id quentinll/lewm-tworooms --device cuda --eval-filter none --episode-min 4000 --goal-from-proprio --num-eval 64 --seed 42 --cem-seed 42
173	tworoom	gcidm	100	42	logs/rbE_tworoom_gcidm_t100_seed42.log	python -m surveyor.envs.tworoom.eval --subgoal gcidm --gcidm-ckpt gcidm_tworoom_h200.pt --mode long --goal-offset 100 --eval-budget 200 --h5 "$DATA/tworoom.h5" --source pretrained --encoder-id quentinll/lewm-tworooms --device cuda --eval-filter none --episode-min 4000 --goal-from-proprio --num-eval 64 --seed 42 --cem-seed 42
174	tworoom	random	100	42	logs/rbE_tworoom_random_t100_seed42.log	python -m surveyor.envs.tworoom.eval --subgoal random --mode long --goal-offset 100 --eval-budget 200 --h5 "$DATA/tworoom.h5" --source pretrained --encoder-id quentinll/lewm-tworooms --device cuda --eval-filter none --episode-min 4000 --goal-from-proprio --num-eval 64 --seed 42 --cem-seed 42
175	tworoom	flat_rh2	100	43	logs/rbE_tworoom_flat_rh2_t100_seed43.log	python -m surveyor.envs.tworoom.eval --subgoal flat --receding-horizon 2 --mode long --goal-offset 100 --eval-budget 200 --h5 "$DATA/tworoom.h5" --source pretrained --encoder-id quentinll/lewm-tworooms --device cuda --eval-filter none --episode-min 4000 --goal-from-proprio --num-eval 64 --seed 43 --cem-seed 43
176	tworoom	flat_rh5	100	43	logs/rbE_tworoom_flat_rh5_t100_seed43.log	python -m surveyor.envs.tworoom.eval --subgoal flat --receding-horizon 5 --mode long --goal-offset 100 --eval-budget 200 --h5 "$DATA/tworoom.h5" --source pretrained --encoder-id quentinll/lewm-tworooms --device cuda --eval-filter none --episode-min 4000 --goal-from-proprio --num-eval 64 --seed 43 --cem-seed 43
177	tworoom	pair_every	100	43	logs/rbE_tworoom_pair_every_t100_seed43.log	python -m surveyor.envs.tworoom.eval --subgoal paired+surveyor --gdm-ckpt gdm_tworoom_s10_gc_paired_e400v.pt --gdm-steps 50 --accept-tau 0.0 --receding-horizon 2 --mode long --goal-offset 100 --eval-budget 200 --h5 "$DATA/tworoom.h5" --source pretrained --encoder-id quentinll/lewm-tworooms --device cuda --eval-filter none --episode-min 4000 --goal-from-proprio --num-eval 64 --seed 43 --cem-seed 43
178	tworoom	pair_accept	100	43	logs/rbE_tworoom_pair_accept_t100_seed43.log	python -m surveyor.envs.tworoom.eval --subgoal paired+surveyor --gdm-ckpt gdm_tworoom_s10_gc_paired_e400v.pt --gdm-steps 50 --accept-tau 0.098 --receding-horizon 2 --mode long --goal-offset 100 --eval-budget 200 --h5 "$DATA/tworoom.h5" --source pretrained --encoder-id quentinll/lewm-tworooms --device cuda --eval-filter none --episode-min 4000 --goal-from-proprio --num-eval 64 --seed 43 --cem-seed 43
179	tworoom	pair_blind	100	43	logs/rbE_tworoom_pair_blind_t100_seed43.log	python -m surveyor.envs.tworoom.eval --subgoal paired+surveyor --gdm-ckpt gdm_tworoom_s10_gc_paired_e400v.pt --gdm-steps 50 --accept-tau 999 --receding-horizon 2 --mode long --goal-offset 100 --eval-budget 200 --h5 "$DATA/tworoom.h5" --source pretrained --encoder-id quentinll/lewm-tworooms --device cuda --eval-filter none --episode-min 4000 --goal-from-proprio --num-eval 64 --seed 43 --cem-seed 43
180	tworoom	gcidm	100	43	logs/rbE_tworoom_gcidm_t100_seed43.log	python -m surveyor.envs.tworoom.eval --subgoal gcidm --gcidm-ckpt gcidm_tworoom_h200.pt --mode long --goal-offset 100 --eval-budget 200 --h5 "$DATA/tworoom.h5" --source pretrained --encoder-id quentinll/lewm-tworooms --device cuda --eval-filter none --episode-min 4000 --goal-from-proprio --num-eval 64 --seed 43 --cem-seed 43
181	tworoom	random	100	43	logs/rbE_tworoom_random_t100_seed43.log	python -m surveyor.envs.tworoom.eval --subgoal random --mode long --goal-offset 100 --eval-budget 200 --h5 "$DATA/tworoom.h5" --source pretrained --encoder-id quentinll/lewm-tworooms --device cuda --eval-filter none --episode-min 4000 --goal-from-proprio --num-eval 64 --seed 43 --cem-seed 43
182	tworoom	flat_rh2	100	44	logs/rbE_tworoom_flat_rh2_t100_seed44.log	python -m surveyor.envs.tworoom.eval --subgoal flat --receding-horizon 2 --mode long --goal-offset 100 --eval-budget 200 --h5 "$DATA/tworoom.h5" --source pretrained --encoder-id quentinll/lewm-tworooms --device cuda --eval-filter none --episode-min 4000 --goal-from-proprio --num-eval 64 --seed 44 --cem-seed 44
183	tworoom	flat_rh5	100	44	logs/rbE_tworoom_flat_rh5_t100_seed44.log	python -m surveyor.envs.tworoom.eval --subgoal flat --receding-horizon 5 --mode long --goal-offset 100 --eval-budget 200 --h5 "$DATA/tworoom.h5" --source pretrained --encoder-id quentinll/lewm-tworooms --device cuda --eval-filter none --episode-min 4000 --goal-from-proprio --num-eval 64 --seed 44 --cem-seed 44
184	tworoom	pair_every	100	44	logs/rbE_tworoom_pair_every_t100_seed44.log	python -m surveyor.envs.tworoom.eval --subgoal paired+surveyor --gdm-ckpt gdm_tworoom_s10_gc_paired_e400v.pt --gdm-steps 50 --accept-tau 0.0 --receding-horizon 2 --mode long --goal-offset 100 --eval-budget 200 --h5 "$DATA/tworoom.h5" --source pretrained --encoder-id quentinll/lewm-tworooms --device cuda --eval-filter none --episode-min 4000 --goal-from-proprio --num-eval 64 --seed 44 --cem-seed 44
185	tworoom	pair_accept	100	44	logs/rbE_tworoom_pair_accept_t100_seed44.log	python -m surveyor.envs.tworoom.eval --subgoal paired+surveyor --gdm-ckpt gdm_tworoom_s10_gc_paired_e400v.pt --gdm-steps 50 --accept-tau 0.098 --receding-horizon 2 --mode long --goal-offset 100 --eval-budget 200 --h5 "$DATA/tworoom.h5" --source pretrained --encoder-id quentinll/lewm-tworooms --device cuda --eval-filter none --episode-min 4000 --goal-from-proprio --num-eval 64 --seed 44 --cem-seed 44
186	tworoom	pair_blind	100	44	logs/rbE_tworoom_pair_blind_t100_seed44.log	python -m surveyor.envs.tworoom.eval --subgoal paired+surveyor --gdm-ckpt gdm_tworoom_s10_gc_paired_e400v.pt --gdm-steps 50 --accept-tau 999 --receding-horizon 2 --mode long --goal-offset 100 --eval-budget 200 --h5 "$DATA/tworoom.h5" --source pretrained --encoder-id quentinll/lewm-tworooms --device cuda --eval-filter none --episode-min 4000 --goal-from-proprio --num-eval 64 --seed 44 --cem-seed 44
187	tworoom	gcidm	100	44	logs/rbE_tworoom_gcidm_t100_seed44.log	python -m surveyor.envs.tworoom.eval --subgoal gcidm --gcidm-ckpt gcidm_tworoom_h200.pt --mode long --goal-offset 100 --eval-budget 200 --h5 "$DATA/tworoom.h5" --source pretrained --encoder-id quentinll/lewm-tworooms --device cuda --eval-filter none --episode-min 4000 --goal-from-proprio --num-eval 64 --seed 44 --cem-seed 44
188	tworoom	random	100	44	logs/rbE_tworoom_random_t100_seed44.log	python -m surveyor.envs.tworoom.eval --subgoal random --mode long --goal-offset 100 --eval-budget 200 --h5 "$DATA/tworoom.h5" --source pretrained --encoder-id quentinll/lewm-tworooms --device cuda --eval-filter none --episode-min 4000 --goal-from-proprio --num-eval 64 --seed 44 --cem-seed 44
189	tworoom	flat_rh2	100	45	logs/rbE_tworoom_flat_rh2_t100_seed45.log	python -m surveyor.envs.tworoom.eval --subgoal flat --receding-horizon 2 --mode long --goal-offset 100 --eval-budget 200 --h5 "$DATA/tworoom.h5" --source pretrained --encoder-id quentinll/lewm-tworooms --device cuda --eval-filter none --episode-min 4000 --goal-from-proprio --num-eval 64 --seed 45 --cem-seed 45
190	tworoom	flat_rh5	100	45	logs/rbE_tworoom_flat_rh5_t100_seed45.log	python -m surveyor.envs.tworoom.eval --subgoal flat --receding-horizon 5 --mode long --goal-offset 100 --eval-budget 200 --h5 "$DATA/tworoom.h5" --source pretrained --encoder-id quentinll/lewm-tworooms --device cuda --eval-filter none --episode-min 4000 --goal-from-proprio --num-eval 64 --seed 45 --cem-seed 45
191	tworoom	pair_every	100	45	logs/rbE_tworoom_pair_every_t100_seed45.log	python -m surveyor.envs.tworoom.eval --subgoal paired+surveyor --gdm-ckpt gdm_tworoom_s10_gc_paired_e400v.pt --gdm-steps 50 --accept-tau 0.0 --receding-horizon 2 --mode long --goal-offset 100 --eval-budget 200 --h5 "$DATA/tworoom.h5" --source pretrained --encoder-id quentinll/lewm-tworooms --device cuda --eval-filter none --episode-min 4000 --goal-from-proprio --num-eval 64 --seed 45 --cem-seed 45
192	tworoom	pair_accept	100	45	logs/rbE_tworoom_pair_accept_t100_seed45.log	python -m surveyor.envs.tworoom.eval --subgoal paired+surveyor --gdm-ckpt gdm_tworoom_s10_gc_paired_e400v.pt --gdm-steps 50 --accept-tau 0.098 --receding-horizon 2 --mode long --goal-offset 100 --eval-budget 200 --h5 "$DATA/tworoom.h5" --source pretrained --encoder-id quentinll/lewm-tworooms --device cuda --eval-filter none --episode-min 4000 --goal-from-proprio --num-eval 64 --seed 45 --cem-seed 45
193	tworoom	pair_blind	100	45	logs/rbE_tworoom_pair_blind_t100_seed45.log	python -m surveyor.envs.tworoom.eval --subgoal paired+surveyor --gdm-ckpt gdm_tworoom_s10_gc_paired_e400v.pt --gdm-steps 50 --accept-tau 999 --receding-horizon 2 --mode long --goal-offset 100 --eval-budget 200 --h5 "$DATA/tworoom.h5" --source pretrained --encoder-id quentinll/lewm-tworooms --device cuda --eval-filter none --episode-min 4000 --goal-from-proprio --num-eval 64 --seed 45 --cem-seed 45
194	tworoom	gcidm	100	45	logs/rbE_tworoom_gcidm_t100_seed45.log	python -m surveyor.envs.tworoom.eval --subgoal gcidm --gcidm-ckpt gcidm_tworoom_h200.pt --mode long --goal-offset 100 --eval-budget 200 --h5 "$DATA/tworoom.h5" --source pretrained --encoder-id quentinll/lewm-tworooms --device cuda --eval-filter none --episode-min 4000 --goal-from-proprio --num-eval 64 --seed 45 --cem-seed 45
195	tworoom	random	100	45	logs/rbE_tworoom_random_t100_seed45.log	python -m surveyor.envs.tworoom.eval --subgoal random --mode long --goal-offset 100 --eval-budget 200 --h5 "$DATA/tworoom.h5" --source pretrained --encoder-id quentinll/lewm-tworooms --device cuda --eval-filter none --episode-min 4000 --goal-from-proprio --num-eval 64 --seed 45 --cem-seed 45
196	tworoom	flat_rh2	100	46	logs/rbE_tworoom_flat_rh2_t100_seed46.log	python -m surveyor.envs.tworoom.eval --subgoal flat --receding-horizon 2 --mode long --goal-offset 100 --eval-budget 200 --h5 "$DATA/tworoom.h5" --source pretrained --encoder-id quentinll/lewm-tworooms --device cuda --eval-filter none --episode-min 4000 --goal-from-proprio --num-eval 64 --seed 46 --cem-seed 46
197	tworoom	flat_rh5	100	46	logs/rbE_tworoom_flat_rh5_t100_seed46.log	python -m surveyor.envs.tworoom.eval --subgoal flat --receding-horizon 5 --mode long --goal-offset 100 --eval-budget 200 --h5 "$DATA/tworoom.h5" --source pretrained --encoder-id quentinll/lewm-tworooms --device cuda --eval-filter none --episode-min 4000 --goal-from-proprio --num-eval 64 --seed 46 --cem-seed 46
198	tworoom	pair_every	100	46	logs/rbE_tworoom_pair_every_t100_seed46.log	python -m surveyor.envs.tworoom.eval --subgoal paired+surveyor --gdm-ckpt gdm_tworoom_s10_gc_paired_e400v.pt --gdm-steps 50 --accept-tau 0.0 --receding-horizon 2 --mode long --goal-offset 100 --eval-budget 200 --h5 "$DATA/tworoom.h5" --source pretrained --encoder-id quentinll/lewm-tworooms --device cuda --eval-filter none --episode-min 4000 --goal-from-proprio --num-eval 64 --seed 46 --cem-seed 46
199	tworoom	pair_accept	100	46	logs/rbE_tworoom_pair_accept_t100_seed46.log	python -m surveyor.envs.tworoom.eval --subgoal paired+surveyor --gdm-ckpt gdm_tworoom_s10_gc_paired_e400v.pt --gdm-steps 50 --accept-tau 0.098 --receding-horizon 2 --mode long --goal-offset 100 --eval-budget 200 --h5 "$DATA/tworoom.h5" --source pretrained --encoder-id quentinll/lewm-tworooms --device cuda --eval-filter none --episode-min 4000 --goal-from-proprio --num-eval 64 --seed 46 --cem-seed 46
200	tworoom	pair_blind	100	46	logs/rbE_tworoom_pair_blind_t100_seed46.log	python -m surveyor.envs.tworoom.eval --subgoal paired+surveyor --gdm-ckpt gdm_tworoom_s10_gc_paired_e400v.pt --gdm-steps 50 --accept-tau 999 --receding-horizon 2 --mode long --goal-offset 100 --eval-budget 200 --h5 "$DATA/tworoom.h5" --source pretrained --encoder-id quentinll/lewm-tworooms --device cuda --eval-filter none --episode-min 4000 --goal-from-proprio --num-eval 64 --seed 46 --cem-seed 46
201	tworoom	gcidm	100	46	logs/rbE_tworoom_gcidm_t100_seed46.log	python -m surveyor.envs.tworoom.eval --subgoal gcidm --gcidm-ckpt gcidm_tworoom_h200.pt --mode long --goal-offset 100 --eval-budget 200 --h5 "$DATA/tworoom.h5" --source pretrained --encoder-id quentinll/lewm-tworooms --device cuda --eval-filter none --episode-min 4000 --goal-from-proprio --num-eval 64 --seed 46 --cem-seed 46
202	tworoom	random	100	46	logs/rbE_tworoom_random_t100_seed46.log	python -m surveyor.envs.tworoom.eval --subgoal random --mode long --goal-offset 100 --eval-budget 200 --h5 "$DATA/tworoom.h5" --source pretrained --encoder-id quentinll/lewm-tworooms --device cuda --eval-filter none --episode-min 4000 --goal-from-proprio --num-eval 64 --seed 46 --cem-seed 46
203	tworoom	flat_rh2	100	47	logs/rbE_tworoom_flat_rh2_t100_seed47.log	python -m surveyor.envs.tworoom.eval --subgoal flat --receding-horizon 2 --mode long --goal-offset 100 --eval-budget 200 --h5 "$DATA/tworoom.h5" --source pretrained --encoder-id quentinll/lewm-tworooms --device cuda --eval-filter none --episode-min 4000 --goal-from-proprio --num-eval 64 --seed 47 --cem-seed 47
204	tworoom	flat_rh5	100	47	logs/rbE_tworoom_flat_rh5_t100_seed47.log	python -m surveyor.envs.tworoom.eval --subgoal flat --receding-horizon 5 --mode long --goal-offset 100 --eval-budget 200 --h5 "$DATA/tworoom.h5" --source pretrained --encoder-id quentinll/lewm-tworooms --device cuda --eval-filter none --episode-min 4000 --goal-from-proprio --num-eval 64 --seed 47 --cem-seed 47
205	tworoom	pair_every	100	47	logs/rbE_tworoom_pair_every_t100_seed47.log	python -m surveyor.envs.tworoom.eval --subgoal paired+surveyor --gdm-ckpt gdm_tworoom_s10_gc_paired_e400v.pt --gdm-steps 50 --accept-tau 0.0 --receding-horizon 2 --mode long --goal-offset 100 --eval-budget 200 --h5 "$DATA/tworoom.h5" --source pretrained --encoder-id quentinll/lewm-tworooms --device cuda --eval-filter none --episode-min 4000 --goal-from-proprio --num-eval 64 --seed 47 --cem-seed 47
206	tworoom	pair_accept	100	47	logs/rbE_tworoom_pair_accept_t100_seed47.log	python -m surveyor.envs.tworoom.eval --subgoal paired+surveyor --gdm-ckpt gdm_tworoom_s10_gc_paired_e400v.pt --gdm-steps 50 --accept-tau 0.098 --receding-horizon 2 --mode long --goal-offset 100 --eval-budget 200 --h5 "$DATA/tworoom.h5" --source pretrained --encoder-id quentinll/lewm-tworooms --device cuda --eval-filter none --episode-min 4000 --goal-from-proprio --num-eval 64 --seed 47 --cem-seed 47
207	tworoom	pair_blind	100	47	logs/rbE_tworoom_pair_blind_t100_seed47.log	python -m surveyor.envs.tworoom.eval --subgoal paired+surveyor --gdm-ckpt gdm_tworoom_s10_gc_paired_e400v.pt --gdm-steps 50 --accept-tau 999 --receding-horizon 2 --mode long --goal-offset 100 --eval-budget 200 --h5 "$DATA/tworoom.h5" --source pretrained --encoder-id quentinll/lewm-tworooms --device cuda --eval-filter none --episode-min 4000 --goal-from-proprio --num-eval 64 --seed 47 --cem-seed 47
208	tworoom	gcidm	100	47	logs/rbE_tworoom_gcidm_t100_seed47.log	python -m surveyor.envs.tworoom.eval --subgoal gcidm --gcidm-ckpt gcidm_tworoom_h200.pt --mode long --goal-offset 100 --eval-budget 200 --h5 "$DATA/tworoom.h5" --source pretrained --encoder-id quentinll/lewm-tworooms --device cuda --eval-filter none --episode-min 4000 --goal-from-proprio --num-eval 64 --seed 47 --cem-seed 47
209	tworoom	random	100	47	logs/rbE_tworoom_random_t100_seed47.log	python -m surveyor.envs.tworoom.eval --subgoal random --mode long --goal-offset 100 --eval-budget 200 --h5 "$DATA/tworoom.h5" --source pretrained --encoder-id quentinll/lewm-tworooms --device cuda --eval-filter none --episode-min 4000 --goal-from-proprio --num-eval 64 --seed 47 --cem-seed 47
210	tworoom	flat_rh2	100	48	logs/rbE_tworoom_flat_rh2_t100_seed48.log	python -m surveyor.envs.tworoom.eval --subgoal flat --receding-horizon 2 --mode long --goal-offset 100 --eval-budget 200 --h5 "$DATA/tworoom.h5" --source pretrained --encoder-id quentinll/lewm-tworooms --device cuda --eval-filter none --episode-min 4000 --goal-from-proprio --num-eval 64 --seed 48 --cem-seed 48
211	tworoom	flat_rh5	100	48	logs/rbE_tworoom_flat_rh5_t100_seed48.log	python -m surveyor.envs.tworoom.eval --subgoal flat --receding-horizon 5 --mode long --goal-offset 100 --eval-budget 200 --h5 "$DATA/tworoom.h5" --source pretrained --encoder-id quentinll/lewm-tworooms --device cuda --eval-filter none --episode-min 4000 --goal-from-proprio --num-eval 64 --seed 48 --cem-seed 48
212	tworoom	pair_every	100	48	logs/rbE_tworoom_pair_every_t100_seed48.log	python -m surveyor.envs.tworoom.eval --subgoal paired+surveyor --gdm-ckpt gdm_tworoom_s10_gc_paired_e400v.pt --gdm-steps 50 --accept-tau 0.0 --receding-horizon 2 --mode long --goal-offset 100 --eval-budget 200 --h5 "$DATA/tworoom.h5" --source pretrained --encoder-id quentinll/lewm-tworooms --device cuda --eval-filter none --episode-min 4000 --goal-from-proprio --num-eval 64 --seed 48 --cem-seed 48
213	tworoom	pair_accept	100	48	logs/rbE_tworoom_pair_accept_t100_seed48.log	python -m surveyor.envs.tworoom.eval --subgoal paired+surveyor --gdm-ckpt gdm_tworoom_s10_gc_paired_e400v.pt --gdm-steps 50 --accept-tau 0.098 --receding-horizon 2 --mode long --goal-offset 100 --eval-budget 200 --h5 "$DATA/tworoom.h5" --source pretrained --encoder-id quentinll/lewm-tworooms --device cuda --eval-filter none --episode-min 4000 --goal-from-proprio --num-eval 64 --seed 48 --cem-seed 48
214	tworoom	pair_blind	100	48	logs/rbE_tworoom_pair_blind_t100_seed48.log	python -m surveyor.envs.tworoom.eval --subgoal paired+surveyor --gdm-ckpt gdm_tworoom_s10_gc_paired_e400v.pt --gdm-steps 50 --accept-tau 999 --receding-horizon 2 --mode long --goal-offset 100 --eval-budget 200 --h5 "$DATA/tworoom.h5" --source pretrained --encoder-id quentinll/lewm-tworooms --device cuda --eval-filter none --episode-min 4000 --goal-from-proprio --num-eval 64 --seed 48 --cem-seed 48
215	tworoom	gcidm	100	48	logs/rbE_tworoom_gcidm_t100_seed48.log	python -m surveyor.envs.tworoom.eval --subgoal gcidm --gcidm-ckpt gcidm_tworoom_h200.pt --mode long --goal-offset 100 --eval-budget 200 --h5 "$DATA/tworoom.h5" --source pretrained --encoder-id quentinll/lewm-tworooms --device cuda --eval-filter none --episode-min 4000 --goal-from-proprio --num-eval 64 --seed 48 --cem-seed 48
216	tworoom	random	100	48	logs/rbE_tworoom_random_t100_seed48.log	python -m surveyor.envs.tworoom.eval --subgoal random --mode long --goal-offset 100 --eval-budget 200 --h5 "$DATA/tworoom.h5" --source pretrained --encoder-id quentinll/lewm-tworooms --device cuda --eval-filter none --episode-min 4000 --goal-from-proprio --num-eval 64 --seed 48 --cem-seed 48
217	tworoom	flat_rh2	100	49	logs/rbE_tworoom_flat_rh2_t100_seed49.log	python -m surveyor.envs.tworoom.eval --subgoal flat --receding-horizon 2 --mode long --goal-offset 100 --eval-budget 200 --h5 "$DATA/tworoom.h5" --source pretrained --encoder-id quentinll/lewm-tworooms --device cuda --eval-filter none --episode-min 4000 --goal-from-proprio --num-eval 64 --seed 49 --cem-seed 49
218	tworoom	flat_rh5	100	49	logs/rbE_tworoom_flat_rh5_t100_seed49.log	python -m surveyor.envs.tworoom.eval --subgoal flat --receding-horizon 5 --mode long --goal-offset 100 --eval-budget 200 --h5 "$DATA/tworoom.h5" --source pretrained --encoder-id quentinll/lewm-tworooms --device cuda --eval-filter none --episode-min 4000 --goal-from-proprio --num-eval 64 --seed 49 --cem-seed 49
219	tworoom	pair_every	100	49	logs/rbE_tworoom_pair_every_t100_seed49.log	python -m surveyor.envs.tworoom.eval --subgoal paired+surveyor --gdm-ckpt gdm_tworoom_s10_gc_paired_e400v.pt --gdm-steps 50 --accept-tau 0.0 --receding-horizon 2 --mode long --goal-offset 100 --eval-budget 200 --h5 "$DATA/tworoom.h5" --source pretrained --encoder-id quentinll/lewm-tworooms --device cuda --eval-filter none --episode-min 4000 --goal-from-proprio --num-eval 64 --seed 49 --cem-seed 49
220	tworoom	pair_accept	100	49	logs/rbE_tworoom_pair_accept_t100_seed49.log	python -m surveyor.envs.tworoom.eval --subgoal paired+surveyor --gdm-ckpt gdm_tworoom_s10_gc_paired_e400v.pt --gdm-steps 50 --accept-tau 0.098 --receding-horizon 2 --mode long --goal-offset 100 --eval-budget 200 --h5 "$DATA/tworoom.h5" --source pretrained --encoder-id quentinll/lewm-tworooms --device cuda --eval-filter none --episode-min 4000 --goal-from-proprio --num-eval 64 --seed 49 --cem-seed 49
221	tworoom	pair_blind	100	49	logs/rbE_tworoom_pair_blind_t100_seed49.log	python -m surveyor.envs.tworoom.eval --subgoal paired+surveyor --gdm-ckpt gdm_tworoom_s10_gc_paired_e400v.pt --gdm-steps 50 --accept-tau 999 --receding-horizon 2 --mode long --goal-offset 100 --eval-budget 200 --h5 "$DATA/tworoom.h5" --source pretrained --encoder-id quentinll/lewm-tworooms --device cuda --eval-filter none --episode-min 4000 --goal-from-proprio --num-eval 64 --seed 49 --cem-seed 49
222	tworoom	gcidm	100	49	logs/rbE_tworoom_gcidm_t100_seed49.log	python -m surveyor.envs.tworoom.eval --subgoal gcidm --gcidm-ckpt gcidm_tworoom_h200.pt --mode long --goal-offset 100 --eval-budget 200 --h5 "$DATA/tworoom.h5" --source pretrained --encoder-id quentinll/lewm-tworooms --device cuda --eval-filter none --episode-min 4000 --goal-from-proprio --num-eval 64 --seed 49 --cem-seed 49
223	tworoom	random	100	49	logs/rbE_tworoom_random_t100_seed49.log	python -m surveyor.envs.tworoom.eval --subgoal random --mode long --goal-offset 100 --eval-budget 200 --h5 "$DATA/tworoom.h5" --source pretrained --encoder-id quentinll/lewm-tworooms --device cuda --eval-filter none --episode-min 4000 --goal-from-proprio --num-eval 64 --seed 49 --cem-seed 49
224	tworoom	flat_rh2_theirs	25	42	logs/rbE_tworoom_flat_rh2_theirs_t25_seed42.log	python -m surveyor.envs.tworoom.eval --subgoal flat --receding-horizon 2 --mode short --start random --goal-offset 25 --eval-budget 50 --h5 "$DATA/tworoom.h5" --source pretrained --encoder-id quentinll/lewm-tworooms --device cuda --eval-filter none --episode-min 4000 --goal-from-proprio --num-eval 64 --seed 42 --cem-seed 42
225	tworoom	pair_every_theirs	25	42	logs/rbE_tworoom_pair_every_theirs_t25_seed42.log	python -m surveyor.envs.tworoom.eval --subgoal paired+surveyor --gdm-ckpt gdm_tworoom_s10_gc_paired_e400v.pt --gdm-steps 50 --accept-tau 0.0 --receding-horizon 2 --mode short --start random --goal-offset 25 --eval-budget 50 --h5 "$DATA/tworoom.h5" --source pretrained --encoder-id quentinll/lewm-tworooms --device cuda --eval-filter none --episode-min 4000 --goal-from-proprio --num-eval 64 --seed 42 --cem-seed 42
226	tworoom	pair_accept_theirs	25	42	logs/rbE_tworoom_pair_accept_theirs_t25_seed42.log	python -m surveyor.envs.tworoom.eval --subgoal paired+surveyor --gdm-ckpt gdm_tworoom_s10_gc_paired_e400v.pt --gdm-steps 50 --accept-tau 0.098 --receding-horizon 2 --mode short --start random --goal-offset 25 --eval-budget 50 --h5 "$DATA/tworoom.h5" --source pretrained --encoder-id quentinll/lewm-tworooms --device cuda --eval-filter none --episode-min 4000 --goal-from-proprio --num-eval 64 --seed 42 --cem-seed 42
227	tworoom	gcidm_theirs	25	42	logs/rbE_tworoom_gcidm_theirs_t25_seed42.log	python -m surveyor.envs.tworoom.eval --subgoal gcidm --gcidm-ckpt gcidm_tworoom_h50.pt --mode short --start random --goal-offset 25 --eval-budget 50 --h5 "$DATA/tworoom.h5" --source pretrained --encoder-id quentinll/lewm-tworooms --device cuda --eval-filter none --episode-min 4000 --goal-from-proprio --num-eval 64 --seed 42 --cem-seed 42
228	tworoom	flat_rh2_theirs	25	43	logs/rbE_tworoom_flat_rh2_theirs_t25_seed43.log	python -m surveyor.envs.tworoom.eval --subgoal flat --receding-horizon 2 --mode short --start random --goal-offset 25 --eval-budget 50 --h5 "$DATA/tworoom.h5" --source pretrained --encoder-id quentinll/lewm-tworooms --device cuda --eval-filter none --episode-min 4000 --goal-from-proprio --num-eval 64 --seed 43 --cem-seed 43
229	tworoom	pair_every_theirs	25	43	logs/rbE_tworoom_pair_every_theirs_t25_seed43.log	python -m surveyor.envs.tworoom.eval --subgoal paired+surveyor --gdm-ckpt gdm_tworoom_s10_gc_paired_e400v.pt --gdm-steps 50 --accept-tau 0.0 --receding-horizon 2 --mode short --start random --goal-offset 25 --eval-budget 50 --h5 "$DATA/tworoom.h5" --source pretrained --encoder-id quentinll/lewm-tworooms --device cuda --eval-filter none --episode-min 4000 --goal-from-proprio --num-eval 64 --seed 43 --cem-seed 43
230	tworoom	pair_accept_theirs	25	43	logs/rbE_tworoom_pair_accept_theirs_t25_seed43.log	python -m surveyor.envs.tworoom.eval --subgoal paired+surveyor --gdm-ckpt gdm_tworoom_s10_gc_paired_e400v.pt --gdm-steps 50 --accept-tau 0.098 --receding-horizon 2 --mode short --start random --goal-offset 25 --eval-budget 50 --h5 "$DATA/tworoom.h5" --source pretrained --encoder-id quentinll/lewm-tworooms --device cuda --eval-filter none --episode-min 4000 --goal-from-proprio --num-eval 64 --seed 43 --cem-seed 43
231	tworoom	gcidm_theirs	25	43	logs/rbE_tworoom_gcidm_theirs_t25_seed43.log	python -m surveyor.envs.tworoom.eval --subgoal gcidm --gcidm-ckpt gcidm_tworoom_h50.pt --mode short --start random --goal-offset 25 --eval-budget 50 --h5 "$DATA/tworoom.h5" --source pretrained --encoder-id quentinll/lewm-tworooms --device cuda --eval-filter none --episode-min 4000 --goal-from-proprio --num-eval 64 --seed 43 --cem-seed 43
232	tworoom	flat_rh2_theirs	25	44	logs/rbE_tworoom_flat_rh2_theirs_t25_seed44.log	python -m surveyor.envs.tworoom.eval --subgoal flat --receding-horizon 2 --mode short --start random --goal-offset 25 --eval-budget 50 --h5 "$DATA/tworoom.h5" --source pretrained --encoder-id quentinll/lewm-tworooms --device cuda --eval-filter none --episode-min 4000 --goal-from-proprio --num-eval 64 --seed 44 --cem-seed 44
233	tworoom	pair_every_theirs	25	44	logs/rbE_tworoom_pair_every_theirs_t25_seed44.log	python -m surveyor.envs.tworoom.eval --subgoal paired+surveyor --gdm-ckpt gdm_tworoom_s10_gc_paired_e400v.pt --gdm-steps 50 --accept-tau 0.0 --receding-horizon 2 --mode short --start random --goal-offset 25 --eval-budget 50 --h5 "$DATA/tworoom.h5" --source pretrained --encoder-id quentinll/lewm-tworooms --device cuda --eval-filter none --episode-min 4000 --goal-from-proprio --num-eval 64 --seed 44 --cem-seed 44
234	tworoom	pair_accept_theirs	25	44	logs/rbE_tworoom_pair_accept_theirs_t25_seed44.log	python -m surveyor.envs.tworoom.eval --subgoal paired+surveyor --gdm-ckpt gdm_tworoom_s10_gc_paired_e400v.pt --gdm-steps 50 --accept-tau 0.098 --receding-horizon 2 --mode short --start random --goal-offset 25 --eval-budget 50 --h5 "$DATA/tworoom.h5" --source pretrained --encoder-id quentinll/lewm-tworooms --device cuda --eval-filter none --episode-min 4000 --goal-from-proprio --num-eval 64 --seed 44 --cem-seed 44
235	tworoom	gcidm_theirs	25	44	logs/rbE_tworoom_gcidm_theirs_t25_seed44.log	python -m surveyor.envs.tworoom.eval --subgoal gcidm --gcidm-ckpt gcidm_tworoom_h50.pt --mode short --start random --goal-offset 25 --eval-budget 50 --h5 "$DATA/tworoom.h5" --source pretrained --encoder-id quentinll/lewm-tworooms --device cuda --eval-filter none --episode-min 4000 --goal-from-proprio --num-eval 64 --seed 44 --cem-seed 44
236	tworoom	flat_rh2_theirs	25	45	logs/rbE_tworoom_flat_rh2_theirs_t25_seed45.log	python -m surveyor.envs.tworoom.eval --subgoal flat --receding-horizon 2 --mode short --start random --goal-offset 25 --eval-budget 50 --h5 "$DATA/tworoom.h5" --source pretrained --encoder-id quentinll/lewm-tworooms --device cuda --eval-filter none --episode-min 4000 --goal-from-proprio --num-eval 64 --seed 45 --cem-seed 45
237	tworoom	pair_every_theirs	25	45	logs/rbE_tworoom_pair_every_theirs_t25_seed45.log	python -m surveyor.envs.tworoom.eval --subgoal paired+surveyor --gdm-ckpt gdm_tworoom_s10_gc_paired_e400v.pt --gdm-steps 50 --accept-tau 0.0 --receding-horizon 2 --mode short --start random --goal-offset 25 --eval-budget 50 --h5 "$DATA/tworoom.h5" --source pretrained --encoder-id quentinll/lewm-tworooms --device cuda --eval-filter none --episode-min 4000 --goal-from-proprio --num-eval 64 --seed 45 --cem-seed 45
238	tworoom	pair_accept_theirs	25	45	logs/rbE_tworoom_pair_accept_theirs_t25_seed45.log	python -m surveyor.envs.tworoom.eval --subgoal paired+surveyor --gdm-ckpt gdm_tworoom_s10_gc_paired_e400v.pt --gdm-steps 50 --accept-tau 0.098 --receding-horizon 2 --mode short --start random --goal-offset 25 --eval-budget 50 --h5 "$DATA/tworoom.h5" --source pretrained --encoder-id quentinll/lewm-tworooms --device cuda --eval-filter none --episode-min 4000 --goal-from-proprio --num-eval 64 --seed 45 --cem-seed 45
239	tworoom	gcidm_theirs	25	45	logs/rbE_tworoom_gcidm_theirs_t25_seed45.log	python -m surveyor.envs.tworoom.eval --subgoal gcidm --gcidm-ckpt gcidm_tworoom_h50.pt --mode short --start random --goal-offset 25 --eval-budget 50 --h5 "$DATA/tworoom.h5" --source pretrained --encoder-id quentinll/lewm-tworooms --device cuda --eval-filter none --episode-min 4000 --goal-from-proprio --num-eval 64 --seed 45 --cem-seed 45
240	tworoom	flat_rh2_theirs	25	46	logs/rbE_tworoom_flat_rh2_theirs_t25_seed46.log	python -m surveyor.envs.tworoom.eval --subgoal flat --receding-horizon 2 --mode short --start random --goal-offset 25 --eval-budget 50 --h5 "$DATA/tworoom.h5" --source pretrained --encoder-id quentinll/lewm-tworooms --device cuda --eval-filter none --episode-min 4000 --goal-from-proprio --num-eval 64 --seed 46 --cem-seed 46
241	tworoom	pair_every_theirs	25	46	logs/rbE_tworoom_pair_every_theirs_t25_seed46.log	python -m surveyor.envs.tworoom.eval --subgoal paired+surveyor --gdm-ckpt gdm_tworoom_s10_gc_paired_e400v.pt --gdm-steps 50 --accept-tau 0.0 --receding-horizon 2 --mode short --start random --goal-offset 25 --eval-budget 50 --h5 "$DATA/tworoom.h5" --source pretrained --encoder-id quentinll/lewm-tworooms --device cuda --eval-filter none --episode-min 4000 --goal-from-proprio --num-eval 64 --seed 46 --cem-seed 46
242	tworoom	pair_accept_theirs	25	46	logs/rbE_tworoom_pair_accept_theirs_t25_seed46.log	python -m surveyor.envs.tworoom.eval --subgoal paired+surveyor --gdm-ckpt gdm_tworoom_s10_gc_paired_e400v.pt --gdm-steps 50 --accept-tau 0.098 --receding-horizon 2 --mode short --start random --goal-offset 25 --eval-budget 50 --h5 "$DATA/tworoom.h5" --source pretrained --encoder-id quentinll/lewm-tworooms --device cuda --eval-filter none --episode-min 4000 --goal-from-proprio --num-eval 64 --seed 46 --cem-seed 46
243	tworoom	gcidm_theirs	25	46	logs/rbE_tworoom_gcidm_theirs_t25_seed46.log	python -m surveyor.envs.tworoom.eval --subgoal gcidm --gcidm-ckpt gcidm_tworoom_h50.pt --mode short --start random --goal-offset 25 --eval-budget 50 --h5 "$DATA/tworoom.h5" --source pretrained --encoder-id quentinll/lewm-tworooms --device cuda --eval-filter none --episode-min 4000 --goal-from-proprio --num-eval 64 --seed 46 --cem-seed 46
244	tworoom	flat_rh2_theirs	25	47	logs/rbE_tworoom_flat_rh2_theirs_t25_seed47.log	python -m surveyor.envs.tworoom.eval --subgoal flat --receding-horizon 2 --mode short --start random --goal-offset 25 --eval-budget 50 --h5 "$DATA/tworoom.h5" --source pretrained --encoder-id quentinll/lewm-tworooms --device cuda --eval-filter none --episode-min 4000 --goal-from-proprio --num-eval 64 --seed 47 --cem-seed 47
245	tworoom	pair_every_theirs	25	47	logs/rbE_tworoom_pair_every_theirs_t25_seed47.log	python -m surveyor.envs.tworoom.eval --subgoal paired+surveyor --gdm-ckpt gdm_tworoom_s10_gc_paired_e400v.pt --gdm-steps 50 --accept-tau 0.0 --receding-horizon 2 --mode short --start random --goal-offset 25 --eval-budget 50 --h5 "$DATA/tworoom.h5" --source pretrained --encoder-id quentinll/lewm-tworooms --device cuda --eval-filter none --episode-min 4000 --goal-from-proprio --num-eval 64 --seed 47 --cem-seed 47
246	tworoom	pair_accept_theirs	25	47	logs/rbE_tworoom_pair_accept_theirs_t25_seed47.log	python -m surveyor.envs.tworoom.eval --subgoal paired+surveyor --gdm-ckpt gdm_tworoom_s10_gc_paired_e400v.pt --gdm-steps 50 --accept-tau 0.098 --receding-horizon 2 --mode short --start random --goal-offset 25 --eval-budget 50 --h5 "$DATA/tworoom.h5" --source pretrained --encoder-id quentinll/lewm-tworooms --device cuda --eval-filter none --episode-min 4000 --goal-from-proprio --num-eval 64 --seed 47 --cem-seed 47
247	tworoom	gcidm_theirs	25	47	logs/rbE_tworoom_gcidm_theirs_t25_seed47.log	python -m surveyor.envs.tworoom.eval --subgoal gcidm --gcidm-ckpt gcidm_tworoom_h50.pt --mode short --start random --goal-offset 25 --eval-budget 50 --h5 "$DATA/tworoom.h5" --source pretrained --encoder-id quentinll/lewm-tworooms --device cuda --eval-filter none --episode-min 4000 --goal-from-proprio --num-eval 64 --seed 47 --cem-seed 47
248	tworoom	flat_rh2_theirs	25	48	logs/rbE_tworoom_flat_rh2_theirs_t25_seed48.log	python -m surveyor.envs.tworoom.eval --subgoal flat --receding-horizon 2 --mode short --start random --goal-offset 25 --eval-budget 50 --h5 "$DATA/tworoom.h5" --source pretrained --encoder-id quentinll/lewm-tworooms --device cuda --eval-filter none --episode-min 4000 --goal-from-proprio --num-eval 64 --seed 48 --cem-seed 48
249	tworoom	pair_every_theirs	25	48	logs/rbE_tworoom_pair_every_theirs_t25_seed48.log	python -m surveyor.envs.tworoom.eval --subgoal paired+surveyor --gdm-ckpt gdm_tworoom_s10_gc_paired_e400v.pt --gdm-steps 50 --accept-tau 0.0 --receding-horizon 2 --mode short --start random --goal-offset 25 --eval-budget 50 --h5 "$DATA/tworoom.h5" --source pretrained --encoder-id quentinll/lewm-tworooms --device cuda --eval-filter none --episode-min 4000 --goal-from-proprio --num-eval 64 --seed 48 --cem-seed 48
250	tworoom	pair_accept_theirs	25	48	logs/rbE_tworoom_pair_accept_theirs_t25_seed48.log	python -m surveyor.envs.tworoom.eval --subgoal paired+surveyor --gdm-ckpt gdm_tworoom_s10_gc_paired_e400v.pt --gdm-steps 50 --accept-tau 0.098 --receding-horizon 2 --mode short --start random --goal-offset 25 --eval-budget 50 --h5 "$DATA/tworoom.h5" --source pretrained --encoder-id quentinll/lewm-tworooms --device cuda --eval-filter none --episode-min 4000 --goal-from-proprio --num-eval 64 --seed 48 --cem-seed 48
251	tworoom	gcidm_theirs	25	48	logs/rbE_tworoom_gcidm_theirs_t25_seed48.log	python -m surveyor.envs.tworoom.eval --subgoal gcidm --gcidm-ckpt gcidm_tworoom_h50.pt --mode short --start random --goal-offset 25 --eval-budget 50 --h5 "$DATA/tworoom.h5" --source pretrained --encoder-id quentinll/lewm-tworooms --device cuda --eval-filter none --episode-min 4000 --goal-from-proprio --num-eval 64 --seed 48 --cem-seed 48
252	tworoom	flat_rh2_theirs	25	49	logs/rbE_tworoom_flat_rh2_theirs_t25_seed49.log	python -m surveyor.envs.tworoom.eval --subgoal flat --receding-horizon 2 --mode short --start random --goal-offset 25 --eval-budget 50 --h5 "$DATA/tworoom.h5" --source pretrained --encoder-id quentinll/lewm-tworooms --device cuda --eval-filter none --episode-min 4000 --goal-from-proprio --num-eval 64 --seed 49 --cem-seed 49
253	tworoom	pair_every_theirs	25	49	logs/rbE_tworoom_pair_every_theirs_t25_seed49.log	python -m surveyor.envs.tworoom.eval --subgoal paired+surveyor --gdm-ckpt gdm_tworoom_s10_gc_paired_e400v.pt --gdm-steps 50 --accept-tau 0.0 --receding-horizon 2 --mode short --start random --goal-offset 25 --eval-budget 50 --h5 "$DATA/tworoom.h5" --source pretrained --encoder-id quentinll/lewm-tworooms --device cuda --eval-filter none --episode-min 4000 --goal-from-proprio --num-eval 64 --seed 49 --cem-seed 49
254	tworoom	pair_accept_theirs	25	49	logs/rbE_tworoom_pair_accept_theirs_t25_seed49.log	python -m surveyor.envs.tworoom.eval --subgoal paired+surveyor --gdm-ckpt gdm_tworoom_s10_gc_paired_e400v.pt --gdm-steps 50 --accept-tau 0.098 --receding-horizon 2 --mode short --start random --goal-offset 25 --eval-budget 50 --h5 "$DATA/tworoom.h5" --source pretrained --encoder-id quentinll/lewm-tworooms --device cuda --eval-filter none --episode-min 4000 --goal-from-proprio --num-eval 64 --seed 49 --cem-seed 49
255	tworoom	gcidm_theirs	25	49	logs/rbE_tworoom_gcidm_theirs_t25_seed49.log	python -m surveyor.envs.tworoom.eval --subgoal gcidm --gcidm-ckpt gcidm_tworoom_h50.pt --mode short --start random --goal-offset 25 --eval-budget 50 --h5 "$DATA/tworoom.h5" --source pretrained --encoder-id quentinll/lewm-tworooms --device cuda --eval-filter none --episode-min 4000 --goal-from-proprio --num-eval 64 --seed 49 --cem-seed 49
