idx	env	arm	t	seed	log	cmd
0	cube	flat_rh2_a100	25	42	logs/rbUe_cube_flat_rh2_a100_t25_seed42.log	python -m surveyor.envs.cube.eval --subgoal flat --horizon 2 --receding-horizon 2 --num-samples 600 --n-steps 30 --source pretrained --encoder-id quentinll/lewm-cube --h5 "$CUBE_H5" --device cuda --goal-offset 25 --eval-budget 50 --num-eval 128 --seed 42 --cem-seed 42 --episodes-file episodes/cube_c2222.episodes25.json
1	cube	flat_rh2_a100	25	43	logs/rbUe_cube_flat_rh2_a100_t25_seed43.log	python -m surveyor.envs.cube.eval --subgoal flat --horizon 2 --receding-horizon 2 --num-samples 600 --n-steps 30 --source pretrained --encoder-id quentinll/lewm-cube --h5 "$CUBE_H5" --device cuda --goal-offset 25 --eval-budget 50 --num-eval 128 --seed 43 --cem-seed 43 --episodes-file episodes/cube_c2222.episodes25.json
2	cube	flat_rh2_a100	25	44	logs/rbUe_cube_flat_rh2_a100_t25_seed44.log	python -m surveyor.envs.cube.eval --subgoal flat --horizon 2 --receding-horizon 2 --num-samples 600 --n-steps 30 --source pretrained --encoder-id quentinll/lewm-cube --h5 "$CUBE_H5" --device cuda --goal-offset 25 --eval-budget 50 --num-eval 128 --seed 44 --cem-seed 44 --episodes-file episodes/cube_c2222.episodes25.json
3	cube	flat_rh2_a100	25	45	logs/rbUe_cube_flat_rh2_a100_t25_seed45.log	python -m surveyor.envs.cube.eval --subgoal flat --horizon 2 --receding-horizon 2 --num-samples 600 --n-steps 30 --source pretrained --encoder-id quentinll/lewm-cube --h5 "$CUBE_H5" --device cuda --goal-offset 25 --eval-budget 50 --num-eval 128 --seed 45 --cem-seed 45 --episodes-file episodes/cube_c2222.episodes25.json
4	cube	flat_rh2_a100	25	46	logs/rbUe_cube_flat_rh2_a100_t25_seed46.log	python -m surveyor.envs.cube.eval --subgoal flat --horizon 2 --receding-horizon 2 --num-samples 600 --n-steps 30 --source pretrained --encoder-id quentinll/lewm-cube --h5 "$CUBE_H5" --device cuda --goal-offset 25 --eval-budget 50 --num-eval 128 --seed 46 --cem-seed 46 --episodes-file episodes/cube_c2222.episodes25.json
5	cube	flat_rh2_a100	25	47	logs/rbUe_cube_flat_rh2_a100_t25_seed47.log	python -m surveyor.envs.cube.eval --subgoal flat --horizon 2 --receding-horizon 2 --num-samples 600 --n-steps 30 --source pretrained --encoder-id quentinll/lewm-cube --h5 "$CUBE_H5" --device cuda --goal-offset 25 --eval-budget 50 --num-eval 128 --seed 47 --cem-seed 47 --episodes-file episodes/cube_c2222.episodes25.json
6	cube	flat_rh2_a100	25	48	logs/rbUe_cube_flat_rh2_a100_t25_seed48.log	python -m surveyor.envs.cube.eval --subgoal flat --horizon 2 --receding-horizon 2 --num-samples 600 --n-steps 30 --source pretrained --encoder-id quentinll/lewm-cube --h5 "$CUBE_H5" --device cuda --goal-offset 25 --eval-budget 50 --num-eval 128 --seed 48 --cem-seed 48 --episodes-file episodes/cube_c2222.episodes25.json
7	cube	flat_rh2_a100	25	49	logs/rbUe_cube_flat_rh2_a100_t25_seed49.log	python -m surveyor.envs.cube.eval --subgoal flat --horizon 2 --receding-horizon 2 --num-samples 600 --n-steps 30 --source pretrained --encoder-id quentinll/lewm-cube --h5 "$CUBE_H5" --device cuda --goal-offset 25 --eval-budget 50 --num-eval 128 --seed 49 --cem-seed 49 --episodes-file episodes/cube_c2222.episodes25.json
8	cube	gcrouter_off_s42_tauown_a100	25	42	logs/rbUe_cube_gcrouter_off_s42_tauown_a100_t25_seed42.log	python -m surveyor.envs.cube.eval --subgoal gcidm+surveyor --gcidm-ckpt gcidm_official_cube_h50_s42.pt --gdm-ckpt gdm_cube_s10_gc.pt --gdm-steps 3 --accept-tau 0.794 --sg-steps 10 --cstar-route --source pretrained --encoder-id quentinll/lewm-cube --h5 "$CUBE_H5" --device cuda --goal-offset 25 --eval-budget 50 --num-eval 128 --seed 42 --cem-seed 42 --episodes-file episodes/cube_c2222.episodes25.json
9	cube	gcrouter_off_s42_tauown_a100	25	43	logs/rbUe_cube_gcrouter_off_s42_tauown_a100_t25_seed43.log	python -m surveyor.envs.cube.eval --subgoal gcidm+surveyor --gcidm-ckpt gcidm_official_cube_h50_s42.pt --gdm-ckpt gdm_cube_s10_gc.pt --gdm-steps 3 --accept-tau 0.794 --sg-steps 10 --cstar-route --source pretrained --encoder-id quentinll/lewm-cube --h5 "$CUBE_H5" --device cuda --goal-offset 25 --eval-budget 50 --num-eval 128 --seed 43 --cem-seed 43 --episodes-file episodes/cube_c2222.episodes25.json
10	cube	gcrouter_off_s42_tauown_a100	25	44	logs/rbUe_cube_gcrouter_off_s42_tauown_a100_t25_seed44.log	python -m surveyor.envs.cube.eval --subgoal gcidm+surveyor --gcidm-ckpt gcidm_official_cube_h50_s42.pt --gdm-ckpt gdm_cube_s10_gc.pt --gdm-steps 3 --accept-tau 0.794 --sg-steps 10 --cstar-route --source pretrained --encoder-id quentinll/lewm-cube --h5 "$CUBE_H5" --device cuda --goal-offset 25 --eval-budget 50 --num-eval 128 --seed 44 --cem-seed 44 --episodes-file episodes/cube_c2222.episodes25.json
11	cube	gcrouter_off_s42_tauown_a100	25	45	logs/rbUe_cube_gcrouter_off_s42_tauown_a100_t25_seed45.log	python -m surveyor.envs.cube.eval --subgoal gcidm+surveyor --gcidm-ckpt gcidm_official_cube_h50_s42.pt --gdm-ckpt gdm_cube_s10_gc.pt --gdm-steps 3 --accept-tau 0.794 --sg-steps 10 --cstar-route --source pretrained --encoder-id quentinll/lewm-cube --h5 "$CUBE_H5" --device cuda --goal-offset 25 --eval-budget 50 --num-eval 128 --seed 45 --cem-seed 45 --episodes-file episodes/cube_c2222.episodes25.json
12	cube	gcrouter_off_s42_tauown_a100	25	46	logs/rbUe_cube_gcrouter_off_s42_tauown_a100_t25_seed46.log	python -m surveyor.envs.cube.eval --subgoal gcidm+surveyor --gcidm-ckpt gcidm_official_cube_h50_s42.pt --gdm-ckpt gdm_cube_s10_gc.pt --gdm-steps 3 --accept-tau 0.794 --sg-steps 10 --cstar-route --source pretrained --encoder-id quentinll/lewm-cube --h5 "$CUBE_H5" --device cuda --goal-offset 25 --eval-budget 50 --num-eval 128 --seed 46 --cem-seed 46 --episodes-file episodes/cube_c2222.episodes25.json
13	cube	gcrouter_off_s42_tauown_a100	25	47	logs/rbUe_cube_gcrouter_off_s42_tauown_a100_t25_seed47.log	python -m surveyor.envs.cube.eval --subgoal gcidm+surveyor --gcidm-ckpt gcidm_official_cube_h50_s42.pt --gdm-ckpt gdm_cube_s10_gc.pt --gdm-steps 3 --accept-tau 0.794 --sg-steps 10 --cstar-route --source pretrained --encoder-id quentinll/lewm-cube --h5 "$CUBE_H5" --device cuda --goal-offset 25 --eval-budget 50 --num-eval 128 --seed 47 --cem-seed 47 --episodes-file episodes/cube_c2222.episodes25.json
14	cube	gcrouter_off_s42_tauown_a100	25	48	logs/rbUe_cube_gcrouter_off_s42_tauown_a100_t25_seed48.log	python -m surveyor.envs.cube.eval --subgoal gcidm+surveyor --gcidm-ckpt gcidm_official_cube_h50_s42.pt --gdm-ckpt gdm_cube_s10_gc.pt --gdm-steps 3 --accept-tau 0.794 --sg-steps 10 --cstar-route --source pretrained --encoder-id quentinll/lewm-cube --h5 "$CUBE_H5" --device cuda --goal-offset 25 --eval-budget 50 --num-eval 128 --seed 48 --cem-seed 48 --episodes-file episodes/cube_c2222.episodes25.json
15	cube	gcrouter_off_s42_tauown_a100	25	49	logs/rbUe_cube_gcrouter_off_s42_tauown_a100_t25_seed49.log	python -m surveyor.envs.cube.eval --subgoal gcidm+surveyor --gcidm-ckpt gcidm_official_cube_h50_s42.pt --gdm-ckpt gdm_cube_s10_gc.pt --gdm-steps 3 --accept-tau 0.794 --sg-steps 10 --cstar-route --source pretrained --encoder-id quentinll/lewm-cube --h5 "$CUBE_H5" --device cuda --goal-offset 25 --eval-budget 50 --num-eval 128 --seed 49 --cem-seed 49 --episodes-file episodes/cube_c2222.episodes25.json
16	cube	gcsurv_off_s42_nogate_tauown_a100	25	42	logs/rbUe_cube_gcsurv_off_s42_nogate_tauown_a100_t25_seed42.log	python -m surveyor.envs.cube.eval --subgoal gcidm+surveyor --gcidm-ckpt gcidm_official_cube_h50_s42.pt --gdm-ckpt gdm_cube_s10_gc.pt --gdm-steps 3 --accept-tau 0.794 --sg-steps 10 --source pretrained --encoder-id quentinll/lewm-cube --h5 "$CUBE_H5" --device cuda --goal-offset 25 --eval-budget 50 --num-eval 128 --seed 42 --cem-seed 42 --episodes-file episodes/cube_c2222.episodes25.json
17	cube	gcsurv_off_s42_nogate_tauown_a100	25	43	logs/rbUe_cube_gcsurv_off_s42_nogate_tauown_a100_t25_seed43.log	python -m surveyor.envs.cube.eval --subgoal gcidm+surveyor --gcidm-ckpt gcidm_official_cube_h50_s42.pt --gdm-ckpt gdm_cube_s10_gc.pt --gdm-steps 3 --accept-tau 0.794 --sg-steps 10 --source pretrained --encoder-id quentinll/lewm-cube --h5 "$CUBE_H5" --device cuda --goal-offset 25 --eval-budget 50 --num-eval 128 --seed 43 --cem-seed 43 --episodes-file episodes/cube_c2222.episodes25.json
18	cube	gcsurv_off_s42_nogate_tauown_a100	25	44	logs/rbUe_cube_gcsurv_off_s42_nogate_tauown_a100_t25_seed44.log	python -m surveyor.envs.cube.eval --subgoal gcidm+surveyor --gcidm-ckpt gcidm_official_cube_h50_s42.pt --gdm-ckpt gdm_cube_s10_gc.pt --gdm-steps 3 --accept-tau 0.794 --sg-steps 10 --source pretrained --encoder-id quentinll/lewm-cube --h5 "$CUBE_H5" --device cuda --goal-offset 25 --eval-budget 50 --num-eval 128 --seed 44 --cem-seed 44 --episodes-file episodes/cube_c2222.episodes25.json
19	cube	gcsurv_off_s42_nogate_tauown_a100	25	45	logs/rbUe_cube_gcsurv_off_s42_nogate_tauown_a100_t25_seed45.log	python -m surveyor.envs.cube.eval --subgoal gcidm+surveyor --gcidm-ckpt gcidm_official_cube_h50_s42.pt --gdm-ckpt gdm_cube_s10_gc.pt --gdm-steps 3 --accept-tau 0.794 --sg-steps 10 --source pretrained --encoder-id quentinll/lewm-cube --h5 "$CUBE_H5" --device cuda --goal-offset 25 --eval-budget 50 --num-eval 128 --seed 45 --cem-seed 45 --episodes-file episodes/cube_c2222.episodes25.json
20	cube	gcsurv_off_s42_nogate_tauown_a100	25	46	logs/rbUe_cube_gcsurv_off_s42_nogate_tauown_a100_t25_seed46.log	python -m surveyor.envs.cube.eval --subgoal gcidm+surveyor --gcidm-ckpt gcidm_official_cube_h50_s42.pt --gdm-ckpt gdm_cube_s10_gc.pt --gdm-steps 3 --accept-tau 0.794 --sg-steps 10 --source pretrained --encoder-id quentinll/lewm-cube --h5 "$CUBE_H5" --device cuda --goal-offset 25 --eval-budget 50 --num-eval 128 --seed 46 --cem-seed 46 --episodes-file episodes/cube_c2222.episodes25.json
21	cube	gcsurv_off_s42_nogate_tauown_a100	25	47	logs/rbUe_cube_gcsurv_off_s42_nogate_tauown_a100_t25_seed47.log	python -m surveyor.envs.cube.eval --subgoal gcidm+surveyor --gcidm-ckpt gcidm_official_cube_h50_s42.pt --gdm-ckpt gdm_cube_s10_gc.pt --gdm-steps 3 --accept-tau 0.794 --sg-steps 10 --source pretrained --encoder-id quentinll/lewm-cube --h5 "$CUBE_H5" --device cuda --goal-offset 25 --eval-budget 50 --num-eval 128 --seed 47 --cem-seed 47 --episodes-file episodes/cube_c2222.episodes25.json
22	cube	gcsurv_off_s42_nogate_tauown_a100	25	48	logs/rbUe_cube_gcsurv_off_s42_nogate_tauown_a100_t25_seed48.log	python -m surveyor.envs.cube.eval --subgoal gcidm+surveyor --gcidm-ckpt gcidm_official_cube_h50_s42.pt --gdm-ckpt gdm_cube_s10_gc.pt --gdm-steps 3 --accept-tau 0.794 --sg-steps 10 --source pretrained --encoder-id quentinll/lewm-cube --h5 "$CUBE_H5" --device cuda --goal-offset 25 --eval-budget 50 --num-eval 128 --seed 48 --cem-seed 48 --episodes-file episodes/cube_c2222.episodes25.json
23	cube	gcsurv_off_s42_nogate_tauown_a100	25	49	logs/rbUe_cube_gcsurv_off_s42_nogate_tauown_a100_t25_seed49.log	python -m surveyor.envs.cube.eval --subgoal gcidm+surveyor --gcidm-ckpt gcidm_official_cube_h50_s42.pt --gdm-ckpt gdm_cube_s10_gc.pt --gdm-steps 3 --accept-tau 0.794 --sg-steps 10 --source pretrained --encoder-id quentinll/lewm-cube --h5 "$CUBE_H5" --device cuda --goal-offset 25 --eval-budget 50 --num-eval 128 --seed 49 --cem-seed 49 --episodes-file episodes/cube_c2222.episodes25.json
24	cube	icem_router_tauown_a100	25	42	logs/rbUe_cube_icem_router_tauown_a100_t25_seed42.log	python -m surveyor.envs.cube.eval --solver icem --subgoal router+surveyor --gdm-ckpt gdm_cube_s10_gc.pt --gdm-steps 3 --accept-tau 0.794 --horizon 2 --receding-horizon 2 --num-samples 600 --n-steps 30 --source pretrained --encoder-id quentinll/lewm-cube --h5 "$CUBE_H5" --device cuda --goal-offset 25 --eval-budget 50 --num-eval 128 --seed 42 --cem-seed 42 --episodes-file episodes/cube_c2222.episodes25.json
25	cube	icem_router_tauown_a100	25	43	logs/rbUe_cube_icem_router_tauown_a100_t25_seed43.log	python -m surveyor.envs.cube.eval --solver icem --subgoal router+surveyor --gdm-ckpt gdm_cube_s10_gc.pt --gdm-steps 3 --accept-tau 0.794 --horizon 2 --receding-horizon 2 --num-samples 600 --n-steps 30 --source pretrained --encoder-id quentinll/lewm-cube --h5 "$CUBE_H5" --device cuda --goal-offset 25 --eval-budget 50 --num-eval 128 --seed 43 --cem-seed 43 --episodes-file episodes/cube_c2222.episodes25.json
26	cube	icem_router_tauown_a100	25	44	logs/rbUe_cube_icem_router_tauown_a100_t25_seed44.log	python -m surveyor.envs.cube.eval --solver icem --subgoal router+surveyor --gdm-ckpt gdm_cube_s10_gc.pt --gdm-steps 3 --accept-tau 0.794 --horizon 2 --receding-horizon 2 --num-samples 600 --n-steps 30 --source pretrained --encoder-id quentinll/lewm-cube --h5 "$CUBE_H5" --device cuda --goal-offset 25 --eval-budget 50 --num-eval 128 --seed 44 --cem-seed 44 --episodes-file episodes/cube_c2222.episodes25.json
27	cube	icem_router_tauown_a100	25	45	logs/rbUe_cube_icem_router_tauown_a100_t25_seed45.log	python -m surveyor.envs.cube.eval --solver icem --subgoal router+surveyor --gdm-ckpt gdm_cube_s10_gc.pt --gdm-steps 3 --accept-tau 0.794 --horizon 2 --receding-horizon 2 --num-samples 600 --n-steps 30 --source pretrained --encoder-id quentinll/lewm-cube --h5 "$CUBE_H5" --device cuda --goal-offset 25 --eval-budget 50 --num-eval 128 --seed 45 --cem-seed 45 --episodes-file episodes/cube_c2222.episodes25.json
28	cube	icem_router_tauown_a100	25	46	logs/rbUe_cube_icem_router_tauown_a100_t25_seed46.log	python -m surveyor.envs.cube.eval --solver icem --subgoal router+surveyor --gdm-ckpt gdm_cube_s10_gc.pt --gdm-steps 3 --accept-tau 0.794 --horizon 2 --receding-horizon 2 --num-samples 600 --n-steps 30 --source pretrained --encoder-id quentinll/lewm-cube --h5 "$CUBE_H5" --device cuda --goal-offset 25 --eval-budget 50 --num-eval 128 --seed 46 --cem-seed 46 --episodes-file episodes/cube_c2222.episodes25.json
29	cube	icem_router_tauown_a100	25	47	logs/rbUe_cube_icem_router_tauown_a100_t25_seed47.log	python -m surveyor.envs.cube.eval --solver icem --subgoal router+surveyor --gdm-ckpt gdm_cube_s10_gc.pt --gdm-steps 3 --accept-tau 0.794 --horizon 2 --receding-horizon 2 --num-samples 600 --n-steps 30 --source pretrained --encoder-id quentinll/lewm-cube --h5 "$CUBE_H5" --device cuda --goal-offset 25 --eval-budget 50 --num-eval 128 --seed 47 --cem-seed 47 --episodes-file episodes/cube_c2222.episodes25.json
30	cube	icem_router_tauown_a100	25	48	logs/rbUe_cube_icem_router_tauown_a100_t25_seed48.log	python -m surveyor.envs.cube.eval --solver icem --subgoal router+surveyor --gdm-ckpt gdm_cube_s10_gc.pt --gdm-steps 3 --accept-tau 0.794 --horizon 2 --receding-horizon 2 --num-samples 600 --n-steps 30 --source pretrained --encoder-id quentinll/lewm-cube --h5 "$CUBE_H5" --device cuda --goal-offset 25 --eval-budget 50 --num-eval 128 --seed 48 --cem-seed 48 --episodes-file episodes/cube_c2222.episodes25.json
31	cube	icem_router_tauown_a100	25	49	logs/rbUe_cube_icem_router_tauown_a100_t25_seed49.log	python -m surveyor.envs.cube.eval --solver icem --subgoal router+surveyor --gdm-ckpt gdm_cube_s10_gc.pt --gdm-steps 3 --accept-tau 0.794 --horizon 2 --receding-horizon 2 --num-samples 600 --n-steps 30 --source pretrained --encoder-id quentinll/lewm-cube --h5 "$CUBE_H5" --device cuda --goal-offset 25 --eval-budget 50 --num-eval 128 --seed 49 --cem-seed 49 --episodes-file episodes/cube_c2222.episodes25.json
32	cube	icem_surveyor_tauown_a100	25	42	logs/rbUe_cube_icem_surveyor_tauown_a100_t25_seed42.log	python -m surveyor.envs.cube.eval --solver icem --subgoal surveyor --gdm-ckpt gdm_cube_s10_gc.pt --gdm-steps 3 --accept-tau 0.794 --horizon 2 --receding-horizon 2 --num-samples 600 --n-steps 30 --source pretrained --encoder-id quentinll/lewm-cube --h5 "$CUBE_H5" --device cuda --goal-offset 25 --eval-budget 50 --num-eval 128 --seed 42 --cem-seed 42 --episodes-file episodes/cube_c2222.episodes25.json
33	cube	icem_surveyor_tauown_a100	25	43	logs/rbUe_cube_icem_surveyor_tauown_a100_t25_seed43.log	python -m surveyor.envs.cube.eval --solver icem --subgoal surveyor --gdm-ckpt gdm_cube_s10_gc.pt --gdm-steps 3 --accept-tau 0.794 --horizon 2 --receding-horizon 2 --num-samples 600 --n-steps 30 --source pretrained --encoder-id quentinll/lewm-cube --h5 "$CUBE_H5" --device cuda --goal-offset 25 --eval-budget 50 --num-eval 128 --seed 43 --cem-seed 43 --episodes-file episodes/cube_c2222.episodes25.json
34	cube	icem_surveyor_tauown_a100	25	44	logs/rbUe_cube_icem_surveyor_tauown_a100_t25_seed44.log	python -m surveyor.envs.cube.eval --solver icem --subgoal surveyor --gdm-ckpt gdm_cube_s10_gc.pt --gdm-steps 3 --accept-tau 0.794 --horizon 2 --receding-horizon 2 --num-samples 600 --n-steps 30 --source pretrained --encoder-id quentinll/lewm-cube --h5 "$CUBE_H5" --device cuda --goal-offset 25 --eval-budget 50 --num-eval 128 --seed 44 --cem-seed 44 --episodes-file episodes/cube_c2222.episodes25.json
35	cube	icem_surveyor_tauown_a100	25	45	logs/rbUe_cube_icem_surveyor_tauown_a100_t25_seed45.log	python -m surveyor.envs.cube.eval --solver icem --subgoal surveyor --gdm-ckpt gdm_cube_s10_gc.pt --gdm-steps 3 --accept-tau 0.794 --horizon 2 --receding-horizon 2 --num-samples 600 --n-steps 30 --source pretrained --encoder-id quentinll/lewm-cube --h5 "$CUBE_H5" --device cuda --goal-offset 25 --eval-budget 50 --num-eval 128 --seed 45 --cem-seed 45 --episodes-file episodes/cube_c2222.episodes25.json
36	cube	icem_surveyor_tauown_a100	25	46	logs/rbUe_cube_icem_surveyor_tauown_a100_t25_seed46.log	python -m surveyor.envs.cube.eval --solver icem --subgoal surveyor --gdm-ckpt gdm_cube_s10_gc.pt --gdm-steps 3 --accept-tau 0.794 --horizon 2 --receding-horizon 2 --num-samples 600 --n-steps 30 --source pretrained --encoder-id quentinll/lewm-cube --h5 "$CUBE_H5" --device cuda --goal-offset 25 --eval-budget 50 --num-eval 128 --seed 46 --cem-seed 46 --episodes-file episodes/cube_c2222.episodes25.json
37	cube	icem_surveyor_tauown_a100	25	47	logs/rbUe_cube_icem_surveyor_tauown_a100_t25_seed47.log	python -m surveyor.envs.cube.eval --solver icem --subgoal surveyor --gdm-ckpt gdm_cube_s10_gc.pt --gdm-steps 3 --accept-tau 0.794 --horizon 2 --receding-horizon 2 --num-samples 600 --n-steps 30 --source pretrained --encoder-id quentinll/lewm-cube --h5 "$CUBE_H5" --device cuda --goal-offset 25 --eval-budget 50 --num-eval 128 --seed 47 --cem-seed 47 --episodes-file episodes/cube_c2222.episodes25.json
38	cube	icem_surveyor_tauown_a100	25	48	logs/rbUe_cube_icem_surveyor_tauown_a100_t25_seed48.log	python -m surveyor.envs.cube.eval --solver icem --subgoal surveyor --gdm-ckpt gdm_cube_s10_gc.pt --gdm-steps 3 --accept-tau 0.794 --horizon 2 --receding-horizon 2 --num-samples 600 --n-steps 30 --source pretrained --encoder-id quentinll/lewm-cube --h5 "$CUBE_H5" --device cuda --goal-offset 25 --eval-budget 50 --num-eval 128 --seed 48 --cem-seed 48 --episodes-file episodes/cube_c2222.episodes25.json
39	cube	icem_surveyor_tauown_a100	25	49	logs/rbUe_cube_icem_surveyor_tauown_a100_t25_seed49.log	python -m surveyor.envs.cube.eval --solver icem --subgoal surveyor --gdm-ckpt gdm_cube_s10_gc.pt --gdm-steps 3 --accept-tau 0.794 --horizon 2 --receding-horizon 2 --num-samples 600 --n-steps 30 --source pretrained --encoder-id quentinll/lewm-cube --h5 "$CUBE_H5" --device cuda --goal-offset 25 --eval-budget 50 --num-eval 128 --seed 49 --cem-seed 49 --episodes-file episodes/cube_c2222.episodes25.json
40	cube	mppi_flat_rh2_a100	25	42	logs/rbUe_cube_mppi_flat_rh2_a100_t25_seed42.log	python -m surveyor.envs.cube.eval --solver mppi --subgoal flat --horizon 2 --receding-horizon 2 --num-samples 600 --n-steps 30 --source pretrained --encoder-id quentinll/lewm-cube --h5 "$CUBE_H5" --device cuda --goal-offset 25 --eval-budget 50 --num-eval 128 --seed 42 --cem-seed 42 --episodes-file episodes/cube_c2222.episodes25.json
41	cube	mppi_flat_rh2_a100	25	43	logs/rbUe_cube_mppi_flat_rh2_a100_t25_seed43.log	python -m surveyor.envs.cube.eval --solver mppi --subgoal flat --horizon 2 --receding-horizon 2 --num-samples 600 --n-steps 30 --source pretrained --encoder-id quentinll/lewm-cube --h5 "$CUBE_H5" --device cuda --goal-offset 25 --eval-budget 50 --num-eval 128 --seed 43 --cem-seed 43 --episodes-file episodes/cube_c2222.episodes25.json
42	cube	mppi_flat_rh2_a100	25	44	logs/rbUe_cube_mppi_flat_rh2_a100_t25_seed44.log	python -m surveyor.envs.cube.eval --solver mppi --subgoal flat --horizon 2 --receding-horizon 2 --num-samples 600 --n-steps 30 --source pretrained --encoder-id quentinll/lewm-cube --h5 "$CUBE_H5" --device cuda --goal-offset 25 --eval-budget 50 --num-eval 128 --seed 44 --cem-seed 44 --episodes-file episodes/cube_c2222.episodes25.json
43	cube	mppi_flat_rh2_a100	25	45	logs/rbUe_cube_mppi_flat_rh2_a100_t25_seed45.log	python -m surveyor.envs.cube.eval --solver mppi --subgoal flat --horizon 2 --receding-horizon 2 --num-samples 600 --n-steps 30 --source pretrained --encoder-id quentinll/lewm-cube --h5 "$CUBE_H5" --device cuda --goal-offset 25 --eval-budget 50 --num-eval 128 --seed 45 --cem-seed 45 --episodes-file episodes/cube_c2222.episodes25.json
44	cube	mppi_flat_rh2_a100	25	46	logs/rbUe_cube_mppi_flat_rh2_a100_t25_seed46.log	python -m surveyor.envs.cube.eval --solver mppi --subgoal flat --horizon 2 --receding-horizon 2 --num-samples 600 --n-steps 30 --source pretrained --encoder-id quentinll/lewm-cube --h5 "$CUBE_H5" --device cuda --goal-offset 25 --eval-budget 50 --num-eval 128 --seed 46 --cem-seed 46 --episodes-file episodes/cube_c2222.episodes25.json
45	cube	mppi_flat_rh2_a100	25	47	logs/rbUe_cube_mppi_flat_rh2_a100_t25_seed47.log	python -m surveyor.envs.cube.eval --solver mppi --subgoal flat --horizon 2 --receding-horizon 2 --num-samples 600 --n-steps 30 --source pretrained --encoder-id quentinll/lewm-cube --h5 "$CUBE_H5" --device cuda --goal-offset 25 --eval-budget 50 --num-eval 128 --seed 47 --cem-seed 47 --episodes-file episodes/cube_c2222.episodes25.json
46	cube	mppi_flat_rh2_a100	25	48	logs/rbUe_cube_mppi_flat_rh2_a100_t25_seed48.log	python -m surveyor.envs.cube.eval --solver mppi --subgoal flat --horizon 2 --receding-horizon 2 --num-samples 600 --n-steps 30 --source pretrained --encoder-id quentinll/lewm-cube --h5 "$CUBE_H5" --device cuda --goal-offset 25 --eval-budget 50 --num-eval 128 --seed 48 --cem-seed 48 --episodes-file episodes/cube_c2222.episodes25.json
47	cube	mppi_flat_rh2_a100	25	49	logs/rbUe_cube_mppi_flat_rh2_a100_t25_seed49.log	python -m surveyor.envs.cube.eval --solver mppi --subgoal flat --horizon 2 --receding-horizon 2 --num-samples 600 --n-steps 30 --source pretrained --encoder-id quentinll/lewm-cube --h5 "$CUBE_H5" --device cuda --goal-offset 25 --eval-budget 50 --num-eval 128 --seed 49 --cem-seed 49 --episodes-file episodes/cube_c2222.episodes25.json
48	cube	mppi_router_tauown_a100	25	42	logs/rbUe_cube_mppi_router_tauown_a100_t25_seed42.log	python -m surveyor.envs.cube.eval --solver mppi --subgoal router+surveyor --gdm-ckpt gdm_cube_s10_gc.pt --gdm-steps 3 --accept-tau 0.794 --horizon 2 --receding-horizon 2 --num-samples 600 --n-steps 30 --source pretrained --encoder-id quentinll/lewm-cube --h5 "$CUBE_H5" --device cuda --goal-offset 25 --eval-budget 50 --num-eval 128 --seed 42 --cem-seed 42 --episodes-file episodes/cube_c2222.episodes25.json
49	cube	mppi_router_tauown_a100	25	43	logs/rbUe_cube_mppi_router_tauown_a100_t25_seed43.log	python -m surveyor.envs.cube.eval --solver mppi --subgoal router+surveyor --gdm-ckpt gdm_cube_s10_gc.pt --gdm-steps 3 --accept-tau 0.794 --horizon 2 --receding-horizon 2 --num-samples 600 --n-steps 30 --source pretrained --encoder-id quentinll/lewm-cube --h5 "$CUBE_H5" --device cuda --goal-offset 25 --eval-budget 50 --num-eval 128 --seed 43 --cem-seed 43 --episodes-file episodes/cube_c2222.episodes25.json
50	cube	mppi_router_tauown_a100	25	44	logs/rbUe_cube_mppi_router_tauown_a100_t25_seed44.log	python -m surveyor.envs.cube.eval --solver mppi --subgoal router+surveyor --gdm-ckpt gdm_cube_s10_gc.pt --gdm-steps 3 --accept-tau 0.794 --horizon 2 --receding-horizon 2 --num-samples 600 --n-steps 30 --source pretrained --encoder-id quentinll/lewm-cube --h5 "$CUBE_H5" --device cuda --goal-offset 25 --eval-budget 50 --num-eval 128 --seed 44 --cem-seed 44 --episodes-file episodes/cube_c2222.episodes25.json
51	cube	mppi_router_tauown_a100	25	45	logs/rbUe_cube_mppi_router_tauown_a100_t25_seed45.log	python -m surveyor.envs.cube.eval --solver mppi --subgoal router+surveyor --gdm-ckpt gdm_cube_s10_gc.pt --gdm-steps 3 --accept-tau 0.794 --horizon 2 --receding-horizon 2 --num-samples 600 --n-steps 30 --source pretrained --encoder-id quentinll/lewm-cube --h5 "$CUBE_H5" --device cuda --goal-offset 25 --eval-budget 50 --num-eval 128 --seed 45 --cem-seed 45 --episodes-file episodes/cube_c2222.episodes25.json
52	cube	mppi_router_tauown_a100	25	46	logs/rbUe_cube_mppi_router_tauown_a100_t25_seed46.log	python -m surveyor.envs.cube.eval --solver mppi --subgoal router+surveyor --gdm-ckpt gdm_cube_s10_gc.pt --gdm-steps 3 --accept-tau 0.794 --horizon 2 --receding-horizon 2 --num-samples 600 --n-steps 30 --source pretrained --encoder-id quentinll/lewm-cube --h5 "$CUBE_H5" --device cuda --goal-offset 25 --eval-budget 50 --num-eval 128 --seed 46 --cem-seed 46 --episodes-file episodes/cube_c2222.episodes25.json
53	cube	mppi_router_tauown_a100	25	47	logs/rbUe_cube_mppi_router_tauown_a100_t25_seed47.log	python -m surveyor.envs.cube.eval --solver mppi --subgoal router+surveyor --gdm-ckpt gdm_cube_s10_gc.pt --gdm-steps 3 --accept-tau 0.794 --horizon 2 --receding-horizon 2 --num-samples 600 --n-steps 30 --source pretrained --encoder-id quentinll/lewm-cube --h5 "$CUBE_H5" --device cuda --goal-offset 25 --eval-budget 50 --num-eval 128 --seed 47 --cem-seed 47 --episodes-file episodes/cube_c2222.episodes25.json
54	cube	mppi_router_tauown_a100	25	48	logs/rbUe_cube_mppi_router_tauown_a100_t25_seed48.log	python -m surveyor.envs.cube.eval --solver mppi --subgoal router+surveyor --gdm-ckpt gdm_cube_s10_gc.pt --gdm-steps 3 --accept-tau 0.794 --horizon 2 --receding-horizon 2 --num-samples 600 --n-steps 30 --source pretrained --encoder-id quentinll/lewm-cube --h5 "$CUBE_H5" --device cuda --goal-offset 25 --eval-budget 50 --num-eval 128 --seed 48 --cem-seed 48 --episodes-file episodes/cube_c2222.episodes25.json
55	cube	mppi_router_tauown_a100	25	49	logs/rbUe_cube_mppi_router_tauown_a100_t25_seed49.log	python -m surveyor.envs.cube.eval --solver mppi --subgoal router+surveyor --gdm-ckpt gdm_cube_s10_gc.pt --gdm-steps 3 --accept-tau 0.794 --horizon 2 --receding-horizon 2 --num-samples 600 --n-steps 30 --source pretrained --encoder-id quentinll/lewm-cube --h5 "$CUBE_H5" --device cuda --goal-offset 25 --eval-budget 50 --num-eval 128 --seed 49 --cem-seed 49 --episodes-file episodes/cube_c2222.episodes25.json
56	cube	mppi_surveyor_tauown_a100	25	42	logs/rbUe_cube_mppi_surveyor_tauown_a100_t25_seed42.log	python -m surveyor.envs.cube.eval --solver mppi --subgoal surveyor --gdm-ckpt gdm_cube_s10_gc.pt --gdm-steps 3 --accept-tau 0.794 --horizon 2 --receding-horizon 2 --num-samples 600 --n-steps 30 --source pretrained --encoder-id quentinll/lewm-cube --h5 "$CUBE_H5" --device cuda --goal-offset 25 --eval-budget 50 --num-eval 128 --seed 42 --cem-seed 42 --episodes-file episodes/cube_c2222.episodes25.json
57	cube	mppi_surveyor_tauown_a100	25	43	logs/rbUe_cube_mppi_surveyor_tauown_a100_t25_seed43.log	python -m surveyor.envs.cube.eval --solver mppi --subgoal surveyor --gdm-ckpt gdm_cube_s10_gc.pt --gdm-steps 3 --accept-tau 0.794 --horizon 2 --receding-horizon 2 --num-samples 600 --n-steps 30 --source pretrained --encoder-id quentinll/lewm-cube --h5 "$CUBE_H5" --device cuda --goal-offset 25 --eval-budget 50 --num-eval 128 --seed 43 --cem-seed 43 --episodes-file episodes/cube_c2222.episodes25.json
58	cube	mppi_surveyor_tauown_a100	25	44	logs/rbUe_cube_mppi_surveyor_tauown_a100_t25_seed44.log	python -m surveyor.envs.cube.eval --solver mppi --subgoal surveyor --gdm-ckpt gdm_cube_s10_gc.pt --gdm-steps 3 --accept-tau 0.794 --horizon 2 --receding-horizon 2 --num-samples 600 --n-steps 30 --source pretrained --encoder-id quentinll/lewm-cube --h5 "$CUBE_H5" --device cuda --goal-offset 25 --eval-budget 50 --num-eval 128 --seed 44 --cem-seed 44 --episodes-file episodes/cube_c2222.episodes25.json
59	cube	mppi_surveyor_tauown_a100	25	45	logs/rbUe_cube_mppi_surveyor_tauown_a100_t25_seed45.log	python -m surveyor.envs.cube.eval --solver mppi --subgoal surveyor --gdm-ckpt gdm_cube_s10_gc.pt --gdm-steps 3 --accept-tau 0.794 --horizon 2 --receding-horizon 2 --num-samples 600 --n-steps 30 --source pretrained --encoder-id quentinll/lewm-cube --h5 "$CUBE_H5" --device cuda --goal-offset 25 --eval-budget 50 --num-eval 128 --seed 45 --cem-seed 45 --episodes-file episodes/cube_c2222.episodes25.json
60	cube	mppi_surveyor_tauown_a100	25	46	logs/rbUe_cube_mppi_surveyor_tauown_a100_t25_seed46.log	python -m surveyor.envs.cube.eval --solver mppi --subgoal surveyor --gdm-ckpt gdm_cube_s10_gc.pt --gdm-steps 3 --accept-tau 0.794 --horizon 2 --receding-horizon 2 --num-samples 600 --n-steps 30 --source pretrained --encoder-id quentinll/lewm-cube --h5 "$CUBE_H5" --device cuda --goal-offset 25 --eval-budget 50 --num-eval 128 --seed 46 --cem-seed 46 --episodes-file episodes/cube_c2222.episodes25.json
61	cube	mppi_surveyor_tauown_a100	25	47	logs/rbUe_cube_mppi_surveyor_tauown_a100_t25_seed47.log	python -m surveyor.envs.cube.eval --solver mppi --subgoal surveyor --gdm-ckpt gdm_cube_s10_gc.pt --gdm-steps 3 --accept-tau 0.794 --horizon 2 --receding-horizon 2 --num-samples 600 --n-steps 30 --source pretrained --encoder-id quentinll/lewm-cube --h5 "$CUBE_H5" --device cuda --goal-offset 25 --eval-budget 50 --num-eval 128 --seed 47 --cem-seed 47 --episodes-file episodes/cube_c2222.episodes25.json
62	cube	mppi_surveyor_tauown_a100	25	48	logs/rbUe_cube_mppi_surveyor_tauown_a100_t25_seed48.log	python -m surveyor.envs.cube.eval --solver mppi --subgoal surveyor --gdm-ckpt gdm_cube_s10_gc.pt --gdm-steps 3 --accept-tau 0.794 --horizon 2 --receding-horizon 2 --num-samples 600 --n-steps 30 --source pretrained --encoder-id quentinll/lewm-cube --h5 "$CUBE_H5" --device cuda --goal-offset 25 --eval-budget 50 --num-eval 128 --seed 48 --cem-seed 48 --episodes-file episodes/cube_c2222.episodes25.json
63	cube	mppi_surveyor_tauown_a100	25	49	logs/rbUe_cube_mppi_surveyor_tauown_a100_t25_seed49.log	python -m surveyor.envs.cube.eval --solver mppi --subgoal surveyor --gdm-ckpt gdm_cube_s10_gc.pt --gdm-steps 3 --accept-tau 0.794 --horizon 2 --receding-horizon 2 --num-samples 600 --n-steps 30 --source pretrained --encoder-id quentinll/lewm-cube --h5 "$CUBE_H5" --device cuda --goal-offset 25 --eval-budget 50 --num-eval 128 --seed 49 --cem-seed 49 --episodes-file episodes/cube_c2222.episodes25.json
64	cube	router_tauown_a100	25	42	logs/rbUe_cube_router_tauown_a100_t25_seed42.log	python -m surveyor.envs.cube.eval --subgoal router+surveyor --gdm-ckpt gdm_cube_s10_gc.pt --gdm-steps 3 --accept-tau 0.794 --horizon 2 --receding-horizon 2 --num-samples 600 --n-steps 30 --source pretrained --encoder-id quentinll/lewm-cube --h5 "$CUBE_H5" --device cuda --goal-offset 25 --eval-budget 50 --num-eval 128 --seed 42 --cem-seed 42 --episodes-file episodes/cube_c2222.episodes25.json
65	cube	router_tauown_a100	25	43	logs/rbUe_cube_router_tauown_a100_t25_seed43.log	python -m surveyor.envs.cube.eval --subgoal router+surveyor --gdm-ckpt gdm_cube_s10_gc.pt --gdm-steps 3 --accept-tau 0.794 --horizon 2 --receding-horizon 2 --num-samples 600 --n-steps 30 --source pretrained --encoder-id quentinll/lewm-cube --h5 "$CUBE_H5" --device cuda --goal-offset 25 --eval-budget 50 --num-eval 128 --seed 43 --cem-seed 43 --episodes-file episodes/cube_c2222.episodes25.json
66	cube	router_tauown_a100	25	44	logs/rbUe_cube_router_tauown_a100_t25_seed44.log	python -m surveyor.envs.cube.eval --subgoal router+surveyor --gdm-ckpt gdm_cube_s10_gc.pt --gdm-steps 3 --accept-tau 0.794 --horizon 2 --receding-horizon 2 --num-samples 600 --n-steps 30 --source pretrained --encoder-id quentinll/lewm-cube --h5 "$CUBE_H5" --device cuda --goal-offset 25 --eval-budget 50 --num-eval 128 --seed 44 --cem-seed 44 --episodes-file episodes/cube_c2222.episodes25.json
67	cube	router_tauown_a100	25	45	logs/rbUe_cube_router_tauown_a100_t25_seed45.log	python -m surveyor.envs.cube.eval --subgoal router+surveyor --gdm-ckpt gdm_cube_s10_gc.pt --gdm-steps 3 --accept-tau 0.794 --horizon 2 --receding-horizon 2 --num-samples 600 --n-steps 30 --source pretrained --encoder-id quentinll/lewm-cube --h5 "$CUBE_H5" --device cuda --goal-offset 25 --eval-budget 50 --num-eval 128 --seed 45 --cem-seed 45 --episodes-file episodes/cube_c2222.episodes25.json
68	cube	router_tauown_a100	25	46	logs/rbUe_cube_router_tauown_a100_t25_seed46.log	python -m surveyor.envs.cube.eval --subgoal router+surveyor --gdm-ckpt gdm_cube_s10_gc.pt --gdm-steps 3 --accept-tau 0.794 --horizon 2 --receding-horizon 2 --num-samples 600 --n-steps 30 --source pretrained --encoder-id quentinll/lewm-cube --h5 "$CUBE_H5" --device cuda --goal-offset 25 --eval-budget 50 --num-eval 128 --seed 46 --cem-seed 46 --episodes-file episodes/cube_c2222.episodes25.json
69	cube	router_tauown_a100	25	47	logs/rbUe_cube_router_tauown_a100_t25_seed47.log	python -m surveyor.envs.cube.eval --subgoal router+surveyor --gdm-ckpt gdm_cube_s10_gc.pt --gdm-steps 3 --accept-tau 0.794 --horizon 2 --receding-horizon 2 --num-samples 600 --n-steps 30 --source pretrained --encoder-id quentinll/lewm-cube --h5 "$CUBE_H5" --device cuda --goal-offset 25 --eval-budget 50 --num-eval 128 --seed 47 --cem-seed 47 --episodes-file episodes/cube_c2222.episodes25.json
70	cube	router_tauown_a100	25	48	logs/rbUe_cube_router_tauown_a100_t25_seed48.log	python -m surveyor.envs.cube.eval --subgoal router+surveyor --gdm-ckpt gdm_cube_s10_gc.pt --gdm-steps 3 --accept-tau 0.794 --horizon 2 --receding-horizon 2 --num-samples 600 --n-steps 30 --source pretrained --encoder-id quentinll/lewm-cube --h5 "$CUBE_H5" --device cuda --goal-offset 25 --eval-budget 50 --num-eval 128 --seed 48 --cem-seed 48 --episodes-file episodes/cube_c2222.episodes25.json
71	cube	router_tauown_a100	25	49	logs/rbUe_cube_router_tauown_a100_t25_seed49.log	python -m surveyor.envs.cube.eval --subgoal router+surveyor --gdm-ckpt gdm_cube_s10_gc.pt --gdm-steps 3 --accept-tau 0.794 --horizon 2 --receding-horizon 2 --num-samples 600 --n-steps 30 --source pretrained --encoder-id quentinll/lewm-cube --h5 "$CUBE_H5" --device cuda --goal-offset 25 --eval-budget 50 --num-eval 128 --seed 49 --cem-seed 49 --episodes-file episodes/cube_c2222.episodes25.json
72	cube	surveyor_tauown_a100	25	42	logs/rbUe_cube_surveyor_tauown_a100_t25_seed42.log	python -m surveyor.envs.cube.eval --subgoal surveyor --gdm-ckpt gdm_cube_s10_gc.pt --gdm-steps 3 --accept-tau 0.794 --horizon 2 --receding-horizon 2 --num-samples 600 --n-steps 30 --source pretrained --encoder-id quentinll/lewm-cube --h5 "$CUBE_H5" --device cuda --goal-offset 25 --eval-budget 50 --num-eval 128 --seed 42 --cem-seed 42 --episodes-file episodes/cube_c2222.episodes25.json
73	cube	surveyor_tauown_a100	25	43	logs/rbUe_cube_surveyor_tauown_a100_t25_seed43.log	python -m surveyor.envs.cube.eval --subgoal surveyor --gdm-ckpt gdm_cube_s10_gc.pt --gdm-steps 3 --accept-tau 0.794 --horizon 2 --receding-horizon 2 --num-samples 600 --n-steps 30 --source pretrained --encoder-id quentinll/lewm-cube --h5 "$CUBE_H5" --device cuda --goal-offset 25 --eval-budget 50 --num-eval 128 --seed 43 --cem-seed 43 --episodes-file episodes/cube_c2222.episodes25.json
74	cube	surveyor_tauown_a100	25	44	logs/rbUe_cube_surveyor_tauown_a100_t25_seed44.log	python -m surveyor.envs.cube.eval --subgoal surveyor --gdm-ckpt gdm_cube_s10_gc.pt --gdm-steps 3 --accept-tau 0.794 --horizon 2 --receding-horizon 2 --num-samples 600 --n-steps 30 --source pretrained --encoder-id quentinll/lewm-cube --h5 "$CUBE_H5" --device cuda --goal-offset 25 --eval-budget 50 --num-eval 128 --seed 44 --cem-seed 44 --episodes-file episodes/cube_c2222.episodes25.json
75	cube	surveyor_tauown_a100	25	45	logs/rbUe_cube_surveyor_tauown_a100_t25_seed45.log	python -m surveyor.envs.cube.eval --subgoal surveyor --gdm-ckpt gdm_cube_s10_gc.pt --gdm-steps 3 --accept-tau 0.794 --horizon 2 --receding-horizon 2 --num-samples 600 --n-steps 30 --source pretrained --encoder-id quentinll/lewm-cube --h5 "$CUBE_H5" --device cuda --goal-offset 25 --eval-budget 50 --num-eval 128 --seed 45 --cem-seed 45 --episodes-file episodes/cube_c2222.episodes25.json
76	cube	surveyor_tauown_a100	25	46	logs/rbUe_cube_surveyor_tauown_a100_t25_seed46.log	python -m surveyor.envs.cube.eval --subgoal surveyor --gdm-ckpt gdm_cube_s10_gc.pt --gdm-steps 3 --accept-tau 0.794 --horizon 2 --receding-horizon 2 --num-samples 600 --n-steps 30 --source pretrained --encoder-id quentinll/lewm-cube --h5 "$CUBE_H5" --device cuda --goal-offset 25 --eval-budget 50 --num-eval 128 --seed 46 --cem-seed 46 --episodes-file episodes/cube_c2222.episodes25.json
77	cube	surveyor_tauown_a100	25	47	logs/rbUe_cube_surveyor_tauown_a100_t25_seed47.log	python -m surveyor.envs.cube.eval --subgoal surveyor --gdm-ckpt gdm_cube_s10_gc.pt --gdm-steps 3 --accept-tau 0.794 --horizon 2 --receding-horizon 2 --num-samples 600 --n-steps 30 --source pretrained --encoder-id quentinll/lewm-cube --h5 "$CUBE_H5" --device cuda --goal-offset 25 --eval-budget 50 --num-eval 128 --seed 47 --cem-seed 47 --episodes-file episodes/cube_c2222.episodes25.json
78	cube	surveyor_tauown_a100	25	48	logs/rbUe_cube_surveyor_tauown_a100_t25_seed48.log	python -m surveyor.envs.cube.eval --subgoal surveyor --gdm-ckpt gdm_cube_s10_gc.pt --gdm-steps 3 --accept-tau 0.794 --horizon 2 --receding-horizon 2 --num-samples 600 --n-steps 30 --source pretrained --encoder-id quentinll/lewm-cube --h5 "$CUBE_H5" --device cuda --goal-offset 25 --eval-budget 50 --num-eval 128 --seed 48 --cem-seed 48 --episodes-file episodes/cube_c2222.episodes25.json
79	cube	surveyor_tauown_a100	25	49	logs/rbUe_cube_surveyor_tauown_a100_t25_seed49.log	python -m surveyor.envs.cube.eval --subgoal surveyor --gdm-ckpt gdm_cube_s10_gc.pt --gdm-steps 3 --accept-tau 0.794 --horizon 2 --receding-horizon 2 --num-samples 600 --n-steps 30 --source pretrained --encoder-id quentinll/lewm-cube --h5 "$CUBE_H5" --device cuda --goal-offset 25 --eval-budget 50 --num-eval 128 --seed 49 --cem-seed 49 --episodes-file episodes/cube_c2222.episodes25.json
80	reacher	gcrouter_off_s42_tauown_a100	25	42	logs/rbUe_reacher_gcrouter_off_s42_tauown_a100_t25_seed42.log	python -m surveyor.envs.reacher.eval --subgoal gcidm+surveyor --gcidm-ckpt gcidm_official_reacher_h50_s42.pt --gdm-ckpt gdm_reacher_s10.pt --gdm-steps 4 --accept-tau 0.106 --sg-steps 10 --cstar-route --source local --local-dir encoder_reacher --h5 "$REACHER_H5" --device cuda --num-eval 128 --seed 42 --cem-seed 42 --episodes-file episodes/reacher_c2222.ep100.s2222.json --goal-offset 25 --eval-budget 50
81	reacher	gcrouter_off_s42_tauown_a100	25	43	logs/rbUe_reacher_gcrouter_off_s42_tauown_a100_t25_seed43.log	python -m surveyor.envs.reacher.eval --subgoal gcidm+surveyor --gcidm-ckpt gcidm_official_reacher_h50_s42.pt --gdm-ckpt gdm_reacher_s10.pt --gdm-steps 4 --accept-tau 0.106 --sg-steps 10 --cstar-route --source local --local-dir encoder_reacher --h5 "$REACHER_H5" --device cuda --num-eval 128 --seed 43 --cem-seed 43 --episodes-file episodes/reacher_c2222.ep100.s2222.json --goal-offset 25 --eval-budget 50
82	reacher	gcrouter_off_s42_tauown_a100	25	44	logs/rbUe_reacher_gcrouter_off_s42_tauown_a100_t25_seed44.log	python -m surveyor.envs.reacher.eval --subgoal gcidm+surveyor --gcidm-ckpt gcidm_official_reacher_h50_s42.pt --gdm-ckpt gdm_reacher_s10.pt --gdm-steps 4 --accept-tau 0.106 --sg-steps 10 --cstar-route --source local --local-dir encoder_reacher --h5 "$REACHER_H5" --device cuda --num-eval 128 --seed 44 --cem-seed 44 --episodes-file episodes/reacher_c2222.ep100.s2222.json --goal-offset 25 --eval-budget 50
83	reacher	gcrouter_off_s42_tauown_a100	25	45	logs/rbUe_reacher_gcrouter_off_s42_tauown_a100_t25_seed45.log	python -m surveyor.envs.reacher.eval --subgoal gcidm+surveyor --gcidm-ckpt gcidm_official_reacher_h50_s42.pt --gdm-ckpt gdm_reacher_s10.pt --gdm-steps 4 --accept-tau 0.106 --sg-steps 10 --cstar-route --source local --local-dir encoder_reacher --h5 "$REACHER_H5" --device cuda --num-eval 128 --seed 45 --cem-seed 45 --episodes-file episodes/reacher_c2222.ep100.s2222.json --goal-offset 25 --eval-budget 50
84	reacher	gcrouter_off_s42_tauown_a100	25	46	logs/rbUe_reacher_gcrouter_off_s42_tauown_a100_t25_seed46.log	python -m surveyor.envs.reacher.eval --subgoal gcidm+surveyor --gcidm-ckpt gcidm_official_reacher_h50_s42.pt --gdm-ckpt gdm_reacher_s10.pt --gdm-steps 4 --accept-tau 0.106 --sg-steps 10 --cstar-route --source local --local-dir encoder_reacher --h5 "$REACHER_H5" --device cuda --num-eval 128 --seed 46 --cem-seed 46 --episodes-file episodes/reacher_c2222.ep100.s2222.json --goal-offset 25 --eval-budget 50
85	reacher	gcrouter_off_s42_tauown_a100	25	47	logs/rbUe_reacher_gcrouter_off_s42_tauown_a100_t25_seed47.log	python -m surveyor.envs.reacher.eval --subgoal gcidm+surveyor --gcidm-ckpt gcidm_official_reacher_h50_s42.pt --gdm-ckpt gdm_reacher_s10.pt --gdm-steps 4 --accept-tau 0.106 --sg-steps 10 --cstar-route --source local --local-dir encoder_reacher --h5 "$REACHER_H5" --device cuda --num-eval 128 --seed 47 --cem-seed 47 --episodes-file episodes/reacher_c2222.ep100.s2222.json --goal-offset 25 --eval-budget 50
86	reacher	gcrouter_off_s42_tauown_a100	25	48	logs/rbUe_reacher_gcrouter_off_s42_tauown_a100_t25_seed48.log	python -m surveyor.envs.reacher.eval --subgoal gcidm+surveyor --gcidm-ckpt gcidm_official_reacher_h50_s42.pt --gdm-ckpt gdm_reacher_s10.pt --gdm-steps 4 --accept-tau 0.106 --sg-steps 10 --cstar-route --source local --local-dir encoder_reacher --h5 "$REACHER_H5" --device cuda --num-eval 128 --seed 48 --cem-seed 48 --episodes-file episodes/reacher_c2222.ep100.s2222.json --goal-offset 25 --eval-budget 50
87	reacher	gcrouter_off_s42_tauown_a100	25	49	logs/rbUe_reacher_gcrouter_off_s42_tauown_a100_t25_seed49.log	python -m surveyor.envs.reacher.eval --subgoal gcidm+surveyor --gcidm-ckpt gcidm_official_reacher_h50_s42.pt --gdm-ckpt gdm_reacher_s10.pt --gdm-steps 4 --accept-tau 0.106 --sg-steps 10 --cstar-route --source local --local-dir encoder_reacher --h5 "$REACHER_H5" --device cuda --num-eval 128 --seed 49 --cem-seed 49 --episodes-file episodes/reacher_c2222.ep100.s2222.json --goal-offset 25 --eval-budget 50
88	reacher	gcsurv_off_s42_tauown_a100	25	42	logs/rbUe_reacher_gcsurv_off_s42_tauown_a100_t25_seed42.log	python -m surveyor.envs.reacher.eval --subgoal gcidm+surveyor --gcidm-ckpt gcidm_official_reacher_h50_s42.pt --gdm-ckpt gdm_reacher_s10.pt --gdm-steps 4 --accept-tau 0.106 --sg-steps 10 --source local --local-dir encoder_reacher --h5 "$REACHER_H5" --device cuda --num-eval 128 --seed 42 --cem-seed 42 --episodes-file episodes/reacher_c2222.ep100.s2222.json --goal-offset 25 --eval-budget 50
89	reacher	gcsurv_off_s42_tauown_a100	25	43	logs/rbUe_reacher_gcsurv_off_s42_tauown_a100_t25_seed43.log	python -m surveyor.envs.reacher.eval --subgoal gcidm+surveyor --gcidm-ckpt gcidm_official_reacher_h50_s42.pt --gdm-ckpt gdm_reacher_s10.pt --gdm-steps 4 --accept-tau 0.106 --sg-steps 10 --source local --local-dir encoder_reacher --h5 "$REACHER_H5" --device cuda --num-eval 128 --seed 43 --cem-seed 43 --episodes-file episodes/reacher_c2222.ep100.s2222.json --goal-offset 25 --eval-budget 50
90	reacher	gcsurv_off_s42_tauown_a100	25	44	logs/rbUe_reacher_gcsurv_off_s42_tauown_a100_t25_seed44.log	python -m surveyor.envs.reacher.eval --subgoal gcidm+surveyor --gcidm-ckpt gcidm_official_reacher_h50_s42.pt --gdm-ckpt gdm_reacher_s10.pt --gdm-steps 4 --accept-tau 0.106 --sg-steps 10 --source local --local-dir encoder_reacher --h5 "$REACHER_H5" --device cuda --num-eval 128 --seed 44 --cem-seed 44 --episodes-file episodes/reacher_c2222.ep100.s2222.json --goal-offset 25 --eval-budget 50
91	reacher	gcsurv_off_s42_tauown_a100	25	45	logs/rbUe_reacher_gcsurv_off_s42_tauown_a100_t25_seed45.log	python -m surveyor.envs.reacher.eval --subgoal gcidm+surveyor --gcidm-ckpt gcidm_official_reacher_h50_s42.pt --gdm-ckpt gdm_reacher_s10.pt --gdm-steps 4 --accept-tau 0.106 --sg-steps 10 --source local --local-dir encoder_reacher --h5 "$REACHER_H5" --device cuda --num-eval 128 --seed 45 --cem-seed 45 --episodes-file episodes/reacher_c2222.ep100.s2222.json --goal-offset 25 --eval-budget 50
92	reacher	gcsurv_off_s42_tauown_a100	25	46	logs/rbUe_reacher_gcsurv_off_s42_tauown_a100_t25_seed46.log	python -m surveyor.envs.reacher.eval --subgoal gcidm+surveyor --gcidm-ckpt gcidm_official_reacher_h50_s42.pt --gdm-ckpt gdm_reacher_s10.pt --gdm-steps 4 --accept-tau 0.106 --sg-steps 10 --source local --local-dir encoder_reacher --h5 "$REACHER_H5" --device cuda --num-eval 128 --seed 46 --cem-seed 46 --episodes-file episodes/reacher_c2222.ep100.s2222.json --goal-offset 25 --eval-budget 50
93	reacher	gcsurv_off_s42_tauown_a100	25	47	logs/rbUe_reacher_gcsurv_off_s42_tauown_a100_t25_seed47.log	python -m surveyor.envs.reacher.eval --subgoal gcidm+surveyor --gcidm-ckpt gcidm_official_reacher_h50_s42.pt --gdm-ckpt gdm_reacher_s10.pt --gdm-steps 4 --accept-tau 0.106 --sg-steps 10 --source local --local-dir encoder_reacher --h5 "$REACHER_H5" --device cuda --num-eval 128 --seed 47 --cem-seed 47 --episodes-file episodes/reacher_c2222.ep100.s2222.json --goal-offset 25 --eval-budget 50
94	reacher	gcsurv_off_s42_tauown_a100	25	48	logs/rbUe_reacher_gcsurv_off_s42_tauown_a100_t25_seed48.log	python -m surveyor.envs.reacher.eval --subgoal gcidm+surveyor --gcidm-ckpt gcidm_official_reacher_h50_s42.pt --gdm-ckpt gdm_reacher_s10.pt --gdm-steps 4 --accept-tau 0.106 --sg-steps 10 --source local --local-dir encoder_reacher --h5 "$REACHER_H5" --device cuda --num-eval 128 --seed 48 --cem-seed 48 --episodes-file episodes/reacher_c2222.ep100.s2222.json --goal-offset 25 --eval-budget 50
95	reacher	gcsurv_off_s42_tauown_a100	25	49	logs/rbUe_reacher_gcsurv_off_s42_tauown_a100_t25_seed49.log	python -m surveyor.envs.reacher.eval --subgoal gcidm+surveyor --gcidm-ckpt gcidm_official_reacher_h50_s42.pt --gdm-ckpt gdm_reacher_s10.pt --gdm-steps 4 --accept-tau 0.106 --sg-steps 10 --source local --local-dir encoder_reacher --h5 "$REACHER_H5" --device cuda --num-eval 128 --seed 49 --cem-seed 49 --episodes-file episodes/reacher_c2222.ep100.s2222.json --goal-offset 25 --eval-budget 50
96	reacher	icem_flat_rh2_a100	25	42	logs/rbUe_reacher_icem_flat_rh2_a100_t25_seed42.log	python -m surveyor.envs.reacher.eval --solver icem --subgoal flat --horizon 2 --receding-horizon 2 --source local --local-dir encoder_reacher --h5 "$REACHER_H5" --device cuda --num-eval 128 --seed 42 --cem-seed 42 --episodes-file episodes/reacher_c2222.ep100.s2222.json --goal-offset 25 --eval-budget 50
97	reacher	icem_flat_rh2_a100	25	43	logs/rbUe_reacher_icem_flat_rh2_a100_t25_seed43.log	python -m surveyor.envs.reacher.eval --solver icem --subgoal flat --horizon 2 --receding-horizon 2 --source local --local-dir encoder_reacher --h5 "$REACHER_H5" --device cuda --num-eval 128 --seed 43 --cem-seed 43 --episodes-file episodes/reacher_c2222.ep100.s2222.json --goal-offset 25 --eval-budget 50
98	reacher	icem_flat_rh2_a100	25	44	logs/rbUe_reacher_icem_flat_rh2_a100_t25_seed44.log	python -m surveyor.envs.reacher.eval --solver icem --subgoal flat --horizon 2 --receding-horizon 2 --source local --local-dir encoder_reacher --h5 "$REACHER_H5" --device cuda --num-eval 128 --seed 44 --cem-seed 44 --episodes-file episodes/reacher_c2222.ep100.s2222.json --goal-offset 25 --eval-budget 50
99	reacher	icem_flat_rh2_a100	25	45	logs/rbUe_reacher_icem_flat_rh2_a100_t25_seed45.log	python -m surveyor.envs.reacher.eval --solver icem --subgoal flat --horizon 2 --receding-horizon 2 --source local --local-dir encoder_reacher --h5 "$REACHER_H5" --device cuda --num-eval 128 --seed 45 --cem-seed 45 --episodes-file episodes/reacher_c2222.ep100.s2222.json --goal-offset 25 --eval-budget 50
100	reacher	icem_flat_rh2_a100	25	46	logs/rbUe_reacher_icem_flat_rh2_a100_t25_seed46.log	python -m surveyor.envs.reacher.eval --solver icem --subgoal flat --horizon 2 --receding-horizon 2 --source local --local-dir encoder_reacher --h5 "$REACHER_H5" --device cuda --num-eval 128 --seed 46 --cem-seed 46 --episodes-file episodes/reacher_c2222.ep100.s2222.json --goal-offset 25 --eval-budget 50
101	reacher	icem_flat_rh2_a100	25	47	logs/rbUe_reacher_icem_flat_rh2_a100_t25_seed47.log	python -m surveyor.envs.reacher.eval --solver icem --subgoal flat --horizon 2 --receding-horizon 2 --source local --local-dir encoder_reacher --h5 "$REACHER_H5" --device cuda --num-eval 128 --seed 47 --cem-seed 47 --episodes-file episodes/reacher_c2222.ep100.s2222.json --goal-offset 25 --eval-budget 50
102	reacher	icem_flat_rh2_a100	25	48	logs/rbUe_reacher_icem_flat_rh2_a100_t25_seed48.log	python -m surveyor.envs.reacher.eval --solver icem --subgoal flat --horizon 2 --receding-horizon 2 --source local --local-dir encoder_reacher --h5 "$REACHER_H5" --device cuda --num-eval 128 --seed 48 --cem-seed 48 --episodes-file episodes/reacher_c2222.ep100.s2222.json --goal-offset 25 --eval-budget 50
103	reacher	icem_flat_rh2_a100	25	49	logs/rbUe_reacher_icem_flat_rh2_a100_t25_seed49.log	python -m surveyor.envs.reacher.eval --solver icem --subgoal flat --horizon 2 --receding-horizon 2 --source local --local-dir encoder_reacher --h5 "$REACHER_H5" --device cuda --num-eval 128 --seed 49 --cem-seed 49 --episodes-file episodes/reacher_c2222.ep100.s2222.json --goal-offset 25 --eval-budget 50
104	reacher	icem_router_tauown_a100	25	42	logs/rbUe_reacher_icem_router_tauown_a100_t25_seed42.log	python -m surveyor.envs.reacher.eval --solver icem --subgoal router+surveyor --gdm-ckpt gdm_reacher_s10.pt --gdm-steps 8 --accept-tau 0.106 --horizon 2 --receding-horizon 2 --source local --local-dir encoder_reacher --h5 "$REACHER_H5" --device cuda --num-eval 128 --seed 42 --cem-seed 42 --episodes-file episodes/reacher_c2222.ep100.s2222.json --goal-offset 25 --eval-budget 50
105	reacher	icem_router_tauown_a100	25	43	logs/rbUe_reacher_icem_router_tauown_a100_t25_seed43.log	python -m surveyor.envs.reacher.eval --solver icem --subgoal router+surveyor --gdm-ckpt gdm_reacher_s10.pt --gdm-steps 8 --accept-tau 0.106 --horizon 2 --receding-horizon 2 --source local --local-dir encoder_reacher --h5 "$REACHER_H5" --device cuda --num-eval 128 --seed 43 --cem-seed 43 --episodes-file episodes/reacher_c2222.ep100.s2222.json --goal-offset 25 --eval-budget 50
106	reacher	icem_router_tauown_a100	25	44	logs/rbUe_reacher_icem_router_tauown_a100_t25_seed44.log	python -m surveyor.envs.reacher.eval --solver icem --subgoal router+surveyor --gdm-ckpt gdm_reacher_s10.pt --gdm-steps 8 --accept-tau 0.106 --horizon 2 --receding-horizon 2 --source local --local-dir encoder_reacher --h5 "$REACHER_H5" --device cuda --num-eval 128 --seed 44 --cem-seed 44 --episodes-file episodes/reacher_c2222.ep100.s2222.json --goal-offset 25 --eval-budget 50
107	reacher	icem_router_tauown_a100	25	45	logs/rbUe_reacher_icem_router_tauown_a100_t25_seed45.log	python -m surveyor.envs.reacher.eval --solver icem --subgoal router+surveyor --gdm-ckpt gdm_reacher_s10.pt --gdm-steps 8 --accept-tau 0.106 --horizon 2 --receding-horizon 2 --source local --local-dir encoder_reacher --h5 "$REACHER_H5" --device cuda --num-eval 128 --seed 45 --cem-seed 45 --episodes-file episodes/reacher_c2222.ep100.s2222.json --goal-offset 25 --eval-budget 50
108	reacher	icem_router_tauown_a100	25	46	logs/rbUe_reacher_icem_router_tauown_a100_t25_seed46.log	python -m surveyor.envs.reacher.eval --solver icem --subgoal router+surveyor --gdm-ckpt gdm_reacher_s10.pt --gdm-steps 8 --accept-tau 0.106 --horizon 2 --receding-horizon 2 --source local --local-dir encoder_reacher --h5 "$REACHER_H5" --device cuda --num-eval 128 --seed 46 --cem-seed 46 --episodes-file episodes/reacher_c2222.ep100.s2222.json --goal-offset 25 --eval-budget 50
109	reacher	icem_router_tauown_a100	25	47	logs/rbUe_reacher_icem_router_tauown_a100_t25_seed47.log	python -m surveyor.envs.reacher.eval --solver icem --subgoal router+surveyor --gdm-ckpt gdm_reacher_s10.pt --gdm-steps 8 --accept-tau 0.106 --horizon 2 --receding-horizon 2 --source local --local-dir encoder_reacher --h5 "$REACHER_H5" --device cuda --num-eval 128 --seed 47 --cem-seed 47 --episodes-file episodes/reacher_c2222.ep100.s2222.json --goal-offset 25 --eval-budget 50
110	reacher	icem_router_tauown_a100	25	48	logs/rbUe_reacher_icem_router_tauown_a100_t25_seed48.log	python -m surveyor.envs.reacher.eval --solver icem --subgoal router+surveyor --gdm-ckpt gdm_reacher_s10.pt --gdm-steps 8 --accept-tau 0.106 --horizon 2 --receding-horizon 2 --source local --local-dir encoder_reacher --h5 "$REACHER_H5" --device cuda --num-eval 128 --seed 48 --cem-seed 48 --episodes-file episodes/reacher_c2222.ep100.s2222.json --goal-offset 25 --eval-budget 50
111	reacher	icem_router_tauown_a100	25	49	logs/rbUe_reacher_icem_router_tauown_a100_t25_seed49.log	python -m surveyor.envs.reacher.eval --solver icem --subgoal router+surveyor --gdm-ckpt gdm_reacher_s10.pt --gdm-steps 8 --accept-tau 0.106 --horizon 2 --receding-horizon 2 --source local --local-dir encoder_reacher --h5 "$REACHER_H5" --device cuda --num-eval 128 --seed 49 --cem-seed 49 --episodes-file episodes/reacher_c2222.ep100.s2222.json --goal-offset 25 --eval-budget 50
112	reacher	icem_surveyor_tauown_a100	25	42	logs/rbUe_reacher_icem_surveyor_tauown_a100_t25_seed42.log	python -m surveyor.envs.reacher.eval --solver icem --subgoal surveyor --gdm-ckpt gdm_reacher_s10.pt --gdm-steps 8 --accept-tau 0.106 --horizon 2 --receding-horizon 2 --source local --local-dir encoder_reacher --h5 "$REACHER_H5" --device cuda --num-eval 128 --seed 42 --cem-seed 42 --episodes-file episodes/reacher_c2222.ep100.s2222.json --goal-offset 25 --eval-budget 50
113	reacher	icem_surveyor_tauown_a100	25	43	logs/rbUe_reacher_icem_surveyor_tauown_a100_t25_seed43.log	python -m surveyor.envs.reacher.eval --solver icem --subgoal surveyor --gdm-ckpt gdm_reacher_s10.pt --gdm-steps 8 --accept-tau 0.106 --horizon 2 --receding-horizon 2 --source local --local-dir encoder_reacher --h5 "$REACHER_H5" --device cuda --num-eval 128 --seed 43 --cem-seed 43 --episodes-file episodes/reacher_c2222.ep100.s2222.json --goal-offset 25 --eval-budget 50
114	reacher	icem_surveyor_tauown_a100	25	44	logs/rbUe_reacher_icem_surveyor_tauown_a100_t25_seed44.log	python -m surveyor.envs.reacher.eval --solver icem --subgoal surveyor --gdm-ckpt gdm_reacher_s10.pt --gdm-steps 8 --accept-tau 0.106 --horizon 2 --receding-horizon 2 --source local --local-dir encoder_reacher --h5 "$REACHER_H5" --device cuda --num-eval 128 --seed 44 --cem-seed 44 --episodes-file episodes/reacher_c2222.ep100.s2222.json --goal-offset 25 --eval-budget 50
115	reacher	icem_surveyor_tauown_a100	25	45	logs/rbUe_reacher_icem_surveyor_tauown_a100_t25_seed45.log	python -m surveyor.envs.reacher.eval --solver icem --subgoal surveyor --gdm-ckpt gdm_reacher_s10.pt --gdm-steps 8 --accept-tau 0.106 --horizon 2 --receding-horizon 2 --source local --local-dir encoder_reacher --h5 "$REACHER_H5" --device cuda --num-eval 128 --seed 45 --cem-seed 45 --episodes-file episodes/reacher_c2222.ep100.s2222.json --goal-offset 25 --eval-budget 50
116	reacher	icem_surveyor_tauown_a100	25	46	logs/rbUe_reacher_icem_surveyor_tauown_a100_t25_seed46.log	python -m surveyor.envs.reacher.eval --solver icem --subgoal surveyor --gdm-ckpt gdm_reacher_s10.pt --gdm-steps 8 --accept-tau 0.106 --horizon 2 --receding-horizon 2 --source local --local-dir encoder_reacher --h5 "$REACHER_H5" --device cuda --num-eval 128 --seed 46 --cem-seed 46 --episodes-file episodes/reacher_c2222.ep100.s2222.json --goal-offset 25 --eval-budget 50
117	reacher	icem_surveyor_tauown_a100	25	47	logs/rbUe_reacher_icem_surveyor_tauown_a100_t25_seed47.log	python -m surveyor.envs.reacher.eval --solver icem --subgoal surveyor --gdm-ckpt gdm_reacher_s10.pt --gdm-steps 8 --accept-tau 0.106 --horizon 2 --receding-horizon 2 --source local --local-dir encoder_reacher --h5 "$REACHER_H5" --device cuda --num-eval 128 --seed 47 --cem-seed 47 --episodes-file episodes/reacher_c2222.ep100.s2222.json --goal-offset 25 --eval-budget 50
118	reacher	icem_surveyor_tauown_a100	25	48	logs/rbUe_reacher_icem_surveyor_tauown_a100_t25_seed48.log	python -m surveyor.envs.reacher.eval --solver icem --subgoal surveyor --gdm-ckpt gdm_reacher_s10.pt --gdm-steps 8 --accept-tau 0.106 --horizon 2 --receding-horizon 2 --source local --local-dir encoder_reacher --h5 "$REACHER_H5" --device cuda --num-eval 128 --seed 48 --cem-seed 48 --episodes-file episodes/reacher_c2222.ep100.s2222.json --goal-offset 25 --eval-budget 50
119	reacher	icem_surveyor_tauown_a100	25	49	logs/rbUe_reacher_icem_surveyor_tauown_a100_t25_seed49.log	python -m surveyor.envs.reacher.eval --solver icem --subgoal surveyor --gdm-ckpt gdm_reacher_s10.pt --gdm-steps 8 --accept-tau 0.106 --horizon 2 --receding-horizon 2 --source local --local-dir encoder_reacher --h5 "$REACHER_H5" --device cuda --num-eval 128 --seed 49 --cem-seed 49 --episodes-file episodes/reacher_c2222.ep100.s2222.json --goal-offset 25 --eval-budget 50
120	reacher	mppi_flat_rh2_a100	25	42	logs/rbUe_reacher_mppi_flat_rh2_a100_t25_seed42.log	python -m surveyor.envs.reacher.eval --solver mppi --subgoal flat --horizon 2 --receding-horizon 2 --source local --local-dir encoder_reacher --h5 "$REACHER_H5" --device cuda --num-eval 128 --seed 42 --cem-seed 42 --episodes-file episodes/reacher_c2222.ep100.s2222.json --goal-offset 25 --eval-budget 50
121	reacher	mppi_flat_rh2_a100	25	43	logs/rbUe_reacher_mppi_flat_rh2_a100_t25_seed43.log	python -m surveyor.envs.reacher.eval --solver mppi --subgoal flat --horizon 2 --receding-horizon 2 --source local --local-dir encoder_reacher --h5 "$REACHER_H5" --device cuda --num-eval 128 --seed 43 --cem-seed 43 --episodes-file episodes/reacher_c2222.ep100.s2222.json --goal-offset 25 --eval-budget 50
122	reacher	mppi_flat_rh2_a100	25	44	logs/rbUe_reacher_mppi_flat_rh2_a100_t25_seed44.log	python -m surveyor.envs.reacher.eval --solver mppi --subgoal flat --horizon 2 --receding-horizon 2 --source local --local-dir encoder_reacher --h5 "$REACHER_H5" --device cuda --num-eval 128 --seed 44 --cem-seed 44 --episodes-file episodes/reacher_c2222.ep100.s2222.json --goal-offset 25 --eval-budget 50
123	reacher	mppi_flat_rh2_a100	25	45	logs/rbUe_reacher_mppi_flat_rh2_a100_t25_seed45.log	python -m surveyor.envs.reacher.eval --solver mppi --subgoal flat --horizon 2 --receding-horizon 2 --source local --local-dir encoder_reacher --h5 "$REACHER_H5" --device cuda --num-eval 128 --seed 45 --cem-seed 45 --episodes-file episodes/reacher_c2222.ep100.s2222.json --goal-offset 25 --eval-budget 50
124	reacher	mppi_flat_rh2_a100	25	46	logs/rbUe_reacher_mppi_flat_rh2_a100_t25_seed46.log	python -m surveyor.envs.reacher.eval --solver mppi --subgoal flat --horizon 2 --receding-horizon 2 --source local --local-dir encoder_reacher --h5 "$REACHER_H5" --device cuda --num-eval 128 --seed 46 --cem-seed 46 --episodes-file episodes/reacher_c2222.ep100.s2222.json --goal-offset 25 --eval-budget 50
125	reacher	mppi_flat_rh2_a100	25	47	logs/rbUe_reacher_mppi_flat_rh2_a100_t25_seed47.log	python -m surveyor.envs.reacher.eval --solver mppi --subgoal flat --horizon 2 --receding-horizon 2 --source local --local-dir encoder_reacher --h5 "$REACHER_H5" --device cuda --num-eval 128 --seed 47 --cem-seed 47 --episodes-file episodes/reacher_c2222.ep100.s2222.json --goal-offset 25 --eval-budget 50
126	reacher	mppi_flat_rh2_a100	25	48	logs/rbUe_reacher_mppi_flat_rh2_a100_t25_seed48.log	python -m surveyor.envs.reacher.eval --solver mppi --subgoal flat --horizon 2 --receding-horizon 2 --source local --local-dir encoder_reacher --h5 "$REACHER_H5" --device cuda --num-eval 128 --seed 48 --cem-seed 48 --episodes-file episodes/reacher_c2222.ep100.s2222.json --goal-offset 25 --eval-budget 50
127	reacher	mppi_flat_rh2_a100	25	49	logs/rbUe_reacher_mppi_flat_rh2_a100_t25_seed49.log	python -m surveyor.envs.reacher.eval --solver mppi --subgoal flat --horizon 2 --receding-horizon 2 --source local --local-dir encoder_reacher --h5 "$REACHER_H5" --device cuda --num-eval 128 --seed 49 --cem-seed 49 --episodes-file episodes/reacher_c2222.ep100.s2222.json --goal-offset 25 --eval-budget 50
128	reacher	mppi_router_tauown_a100	25	42	logs/rbUe_reacher_mppi_router_tauown_a100_t25_seed42.log	python -m surveyor.envs.reacher.eval --solver mppi --subgoal router+surveyor --gdm-ckpt gdm_reacher_s10.pt --gdm-steps 8 --accept-tau 0.106 --horizon 2 --receding-horizon 2 --source local --local-dir encoder_reacher --h5 "$REACHER_H5" --device cuda --num-eval 128 --seed 42 --cem-seed 42 --episodes-file episodes/reacher_c2222.ep100.s2222.json --goal-offset 25 --eval-budget 50
129	reacher	mppi_router_tauown_a100	25	43	logs/rbUe_reacher_mppi_router_tauown_a100_t25_seed43.log	python -m surveyor.envs.reacher.eval --solver mppi --subgoal router+surveyor --gdm-ckpt gdm_reacher_s10.pt --gdm-steps 8 --accept-tau 0.106 --horizon 2 --receding-horizon 2 --source local --local-dir encoder_reacher --h5 "$REACHER_H5" --device cuda --num-eval 128 --seed 43 --cem-seed 43 --episodes-file episodes/reacher_c2222.ep100.s2222.json --goal-offset 25 --eval-budget 50
130	reacher	mppi_router_tauown_a100	25	44	logs/rbUe_reacher_mppi_router_tauown_a100_t25_seed44.log	python -m surveyor.envs.reacher.eval --solver mppi --subgoal router+surveyor --gdm-ckpt gdm_reacher_s10.pt --gdm-steps 8 --accept-tau 0.106 --horizon 2 --receding-horizon 2 --source local --local-dir encoder_reacher --h5 "$REACHER_H5" --device cuda --num-eval 128 --seed 44 --cem-seed 44 --episodes-file episodes/reacher_c2222.ep100.s2222.json --goal-offset 25 --eval-budget 50
131	reacher	mppi_router_tauown_a100	25	45	logs/rbUe_reacher_mppi_router_tauown_a100_t25_seed45.log	python -m surveyor.envs.reacher.eval --solver mppi --subgoal router+surveyor --gdm-ckpt gdm_reacher_s10.pt --gdm-steps 8 --accept-tau 0.106 --horizon 2 --receding-horizon 2 --source local --local-dir encoder_reacher --h5 "$REACHER_H5" --device cuda --num-eval 128 --seed 45 --cem-seed 45 --episodes-file episodes/reacher_c2222.ep100.s2222.json --goal-offset 25 --eval-budget 50
132	reacher	mppi_router_tauown_a100	25	46	logs/rbUe_reacher_mppi_router_tauown_a100_t25_seed46.log	python -m surveyor.envs.reacher.eval --solver mppi --subgoal router+surveyor --gdm-ckpt gdm_reacher_s10.pt --gdm-steps 8 --accept-tau 0.106 --horizon 2 --receding-horizon 2 --source local --local-dir encoder_reacher --h5 "$REACHER_H5" --device cuda --num-eval 128 --seed 46 --cem-seed 46 --episodes-file episodes/reacher_c2222.ep100.s2222.json --goal-offset 25 --eval-budget 50
133	reacher	mppi_router_tauown_a100	25	47	logs/rbUe_reacher_mppi_router_tauown_a100_t25_seed47.log	python -m surveyor.envs.reacher.eval --solver mppi --subgoal router+surveyor --gdm-ckpt gdm_reacher_s10.pt --gdm-steps 8 --accept-tau 0.106 --horizon 2 --receding-horizon 2 --source local --local-dir encoder_reacher --h5 "$REACHER_H5" --device cuda --num-eval 128 --seed 47 --cem-seed 47 --episodes-file episodes/reacher_c2222.ep100.s2222.json --goal-offset 25 --eval-budget 50
134	reacher	mppi_router_tauown_a100	25	48	logs/rbUe_reacher_mppi_router_tauown_a100_t25_seed48.log	python -m surveyor.envs.reacher.eval --solver mppi --subgoal router+surveyor --gdm-ckpt gdm_reacher_s10.pt --gdm-steps 8 --accept-tau 0.106 --horizon 2 --receding-horizon 2 --source local --local-dir encoder_reacher --h5 "$REACHER_H5" --device cuda --num-eval 128 --seed 48 --cem-seed 48 --episodes-file episodes/reacher_c2222.ep100.s2222.json --goal-offset 25 --eval-budget 50
135	reacher	mppi_router_tauown_a100	25	49	logs/rbUe_reacher_mppi_router_tauown_a100_t25_seed49.log	python -m surveyor.envs.reacher.eval --solver mppi --subgoal router+surveyor --gdm-ckpt gdm_reacher_s10.pt --gdm-steps 8 --accept-tau 0.106 --horizon 2 --receding-horizon 2 --source local --local-dir encoder_reacher --h5 "$REACHER_H5" --device cuda --num-eval 128 --seed 49 --cem-seed 49 --episodes-file episodes/reacher_c2222.ep100.s2222.json --goal-offset 25 --eval-budget 50
136	reacher	mppi_surveyor_tauown_a100	25	42	logs/rbUe_reacher_mppi_surveyor_tauown_a100_t25_seed42.log	python -m surveyor.envs.reacher.eval --solver mppi --subgoal surveyor --gdm-ckpt gdm_reacher_s10.pt --gdm-steps 8 --accept-tau 0.106 --horizon 2 --receding-horizon 2 --source local --local-dir encoder_reacher --h5 "$REACHER_H5" --device cuda --num-eval 128 --seed 42 --cem-seed 42 --episodes-file episodes/reacher_c2222.ep100.s2222.json --goal-offset 25 --eval-budget 50
137	reacher	mppi_surveyor_tauown_a100	25	43	logs/rbUe_reacher_mppi_surveyor_tauown_a100_t25_seed43.log	python -m surveyor.envs.reacher.eval --solver mppi --subgoal surveyor --gdm-ckpt gdm_reacher_s10.pt --gdm-steps 8 --accept-tau 0.106 --horizon 2 --receding-horizon 2 --source local --local-dir encoder_reacher --h5 "$REACHER_H5" --device cuda --num-eval 128 --seed 43 --cem-seed 43 --episodes-file episodes/reacher_c2222.ep100.s2222.json --goal-offset 25 --eval-budget 50
138	reacher	mppi_surveyor_tauown_a100	25	44	logs/rbUe_reacher_mppi_surveyor_tauown_a100_t25_seed44.log	python -m surveyor.envs.reacher.eval --solver mppi --subgoal surveyor --gdm-ckpt gdm_reacher_s10.pt --gdm-steps 8 --accept-tau 0.106 --horizon 2 --receding-horizon 2 --source local --local-dir encoder_reacher --h5 "$REACHER_H5" --device cuda --num-eval 128 --seed 44 --cem-seed 44 --episodes-file episodes/reacher_c2222.ep100.s2222.json --goal-offset 25 --eval-budget 50
139	reacher	mppi_surveyor_tauown_a100	25	45	logs/rbUe_reacher_mppi_surveyor_tauown_a100_t25_seed45.log	python -m surveyor.envs.reacher.eval --solver mppi --subgoal surveyor --gdm-ckpt gdm_reacher_s10.pt --gdm-steps 8 --accept-tau 0.106 --horizon 2 --receding-horizon 2 --source local --local-dir encoder_reacher --h5 "$REACHER_H5" --device cuda --num-eval 128 --seed 45 --cem-seed 45 --episodes-file episodes/reacher_c2222.ep100.s2222.json --goal-offset 25 --eval-budget 50
140	reacher	mppi_surveyor_tauown_a100	25	46	logs/rbUe_reacher_mppi_surveyor_tauown_a100_t25_seed46.log	python -m surveyor.envs.reacher.eval --solver mppi --subgoal surveyor --gdm-ckpt gdm_reacher_s10.pt --gdm-steps 8 --accept-tau 0.106 --horizon 2 --receding-horizon 2 --source local --local-dir encoder_reacher --h5 "$REACHER_H5" --device cuda --num-eval 128 --seed 46 --cem-seed 46 --episodes-file episodes/reacher_c2222.ep100.s2222.json --goal-offset 25 --eval-budget 50
141	reacher	mppi_surveyor_tauown_a100	25	47	logs/rbUe_reacher_mppi_surveyor_tauown_a100_t25_seed47.log	python -m surveyor.envs.reacher.eval --solver mppi --subgoal surveyor --gdm-ckpt gdm_reacher_s10.pt --gdm-steps 8 --accept-tau 0.106 --horizon 2 --receding-horizon 2 --source local --local-dir encoder_reacher --h5 "$REACHER_H5" --device cuda --num-eval 128 --seed 47 --cem-seed 47 --episodes-file episodes/reacher_c2222.ep100.s2222.json --goal-offset 25 --eval-budget 50
142	reacher	mppi_surveyor_tauown_a100	25	48	logs/rbUe_reacher_mppi_surveyor_tauown_a100_t25_seed48.log	python -m surveyor.envs.reacher.eval --solver mppi --subgoal surveyor --gdm-ckpt gdm_reacher_s10.pt --gdm-steps 8 --accept-tau 0.106 --horizon 2 --receding-horizon 2 --source local --local-dir encoder_reacher --h5 "$REACHER_H5" --device cuda --num-eval 128 --seed 48 --cem-seed 48 --episodes-file episodes/reacher_c2222.ep100.s2222.json --goal-offset 25 --eval-budget 50
143	reacher	mppi_surveyor_tauown_a100	25	49	logs/rbUe_reacher_mppi_surveyor_tauown_a100_t25_seed49.log	python -m surveyor.envs.reacher.eval --solver mppi --subgoal surveyor --gdm-ckpt gdm_reacher_s10.pt --gdm-steps 8 --accept-tau 0.106 --horizon 2 --receding-horizon 2 --source local --local-dir encoder_reacher --h5 "$REACHER_H5" --device cuda --num-eval 128 --seed 49 --cem-seed 49 --episodes-file episodes/reacher_c2222.ep100.s2222.json --goal-offset 25 --eval-budget 50
144	reacher	router_tauown_a100	25	42	logs/rbUe_reacher_router_tauown_a100_t25_seed42.log	python -m surveyor.envs.reacher.eval --subgoal router+surveyor --gdm-ckpt gdm_reacher_s10.pt --gdm-steps 8 --accept-tau 0.106 --horizon 2 --receding-horizon 2 --source local --local-dir encoder_reacher --h5 "$REACHER_H5" --device cuda --num-eval 128 --seed 42 --cem-seed 42 --episodes-file episodes/reacher_c2222.ep100.s2222.json --goal-offset 25 --eval-budget 50
145	reacher	router_tauown_a100	25	43	logs/rbUe_reacher_router_tauown_a100_t25_seed43.log	python -m surveyor.envs.reacher.eval --subgoal router+surveyor --gdm-ckpt gdm_reacher_s10.pt --gdm-steps 8 --accept-tau 0.106 --horizon 2 --receding-horizon 2 --source local --local-dir encoder_reacher --h5 "$REACHER_H5" --device cuda --num-eval 128 --seed 43 --cem-seed 43 --episodes-file episodes/reacher_c2222.ep100.s2222.json --goal-offset 25 --eval-budget 50
146	reacher	router_tauown_a100	25	44	logs/rbUe_reacher_router_tauown_a100_t25_seed44.log	python -m surveyor.envs.reacher.eval --subgoal router+surveyor --gdm-ckpt gdm_reacher_s10.pt --gdm-steps 8 --accept-tau 0.106 --horizon 2 --receding-horizon 2 --source local --local-dir encoder_reacher --h5 "$REACHER_H5" --device cuda --num-eval 128 --seed 44 --cem-seed 44 --episodes-file episodes/reacher_c2222.ep100.s2222.json --goal-offset 25 --eval-budget 50
147	reacher	router_tauown_a100	25	45	logs/rbUe_reacher_router_tauown_a100_t25_seed45.log	python -m surveyor.envs.reacher.eval --subgoal router+surveyor --gdm-ckpt gdm_reacher_s10.pt --gdm-steps 8 --accept-tau 0.106 --horizon 2 --receding-horizon 2 --source local --local-dir encoder_reacher --h5 "$REACHER_H5" --device cuda --num-eval 128 --seed 45 --cem-seed 45 --episodes-file episodes/reacher_c2222.ep100.s2222.json --goal-offset 25 --eval-budget 50
148	reacher	router_tauown_a100	25	46	logs/rbUe_reacher_router_tauown_a100_t25_seed46.log	python -m surveyor.envs.reacher.eval --subgoal router+surveyor --gdm-ckpt gdm_reacher_s10.pt --gdm-steps 8 --accept-tau 0.106 --horizon 2 --receding-horizon 2 --source local --local-dir encoder_reacher --h5 "$REACHER_H5" --device cuda --num-eval 128 --seed 46 --cem-seed 46 --episodes-file episodes/reacher_c2222.ep100.s2222.json --goal-offset 25 --eval-budget 50
149	reacher	router_tauown_a100	25	47	logs/rbUe_reacher_router_tauown_a100_t25_seed47.log	python -m surveyor.envs.reacher.eval --subgoal router+surveyor --gdm-ckpt gdm_reacher_s10.pt --gdm-steps 8 --accept-tau 0.106 --horizon 2 --receding-horizon 2 --source local --local-dir encoder_reacher --h5 "$REACHER_H5" --device cuda --num-eval 128 --seed 47 --cem-seed 47 --episodes-file episodes/reacher_c2222.ep100.s2222.json --goal-offset 25 --eval-budget 50
150	reacher	router_tauown_a100	25	48	logs/rbUe_reacher_router_tauown_a100_t25_seed48.log	python -m surveyor.envs.reacher.eval --subgoal router+surveyor --gdm-ckpt gdm_reacher_s10.pt --gdm-steps 8 --accept-tau 0.106 --horizon 2 --receding-horizon 2 --source local --local-dir encoder_reacher --h5 "$REACHER_H5" --device cuda --num-eval 128 --seed 48 --cem-seed 48 --episodes-file episodes/reacher_c2222.ep100.s2222.json --goal-offset 25 --eval-budget 50
151	reacher	router_tauown_a100	25	49	logs/rbUe_reacher_router_tauown_a100_t25_seed49.log	python -m surveyor.envs.reacher.eval --subgoal router+surveyor --gdm-ckpt gdm_reacher_s10.pt --gdm-steps 8 --accept-tau 0.106 --horizon 2 --receding-horizon 2 --source local --local-dir encoder_reacher --h5 "$REACHER_H5" --device cuda --num-eval 128 --seed 49 --cem-seed 49 --episodes-file episodes/reacher_c2222.ep100.s2222.json --goal-offset 25 --eval-budget 50
152	reacher	surveyor_tauown_a100	25	42	logs/rbUe_reacher_surveyor_tauown_a100_t25_seed42.log	python -m surveyor.envs.reacher.eval --subgoal surveyor --gdm-ckpt gdm_reacher_s10.pt --gdm-steps 8 --accept-tau 0.106 --horizon 2 --receding-horizon 2 --source local --local-dir encoder_reacher --h5 "$REACHER_H5" --device cuda --num-eval 128 --seed 42 --cem-seed 42 --episodes-file episodes/reacher_c2222.ep100.s2222.json --goal-offset 25 --eval-budget 50
153	reacher	surveyor_tauown_a100	25	43	logs/rbUe_reacher_surveyor_tauown_a100_t25_seed43.log	python -m surveyor.envs.reacher.eval --subgoal surveyor --gdm-ckpt gdm_reacher_s10.pt --gdm-steps 8 --accept-tau 0.106 --horizon 2 --receding-horizon 2 --source local --local-dir encoder_reacher --h5 "$REACHER_H5" --device cuda --num-eval 128 --seed 43 --cem-seed 43 --episodes-file episodes/reacher_c2222.ep100.s2222.json --goal-offset 25 --eval-budget 50
154	reacher	surveyor_tauown_a100	25	44	logs/rbUe_reacher_surveyor_tauown_a100_t25_seed44.log	python -m surveyor.envs.reacher.eval --subgoal surveyor --gdm-ckpt gdm_reacher_s10.pt --gdm-steps 8 --accept-tau 0.106 --horizon 2 --receding-horizon 2 --source local --local-dir encoder_reacher --h5 "$REACHER_H5" --device cuda --num-eval 128 --seed 44 --cem-seed 44 --episodes-file episodes/reacher_c2222.ep100.s2222.json --goal-offset 25 --eval-budget 50
155	reacher	surveyor_tauown_a100	25	45	logs/rbUe_reacher_surveyor_tauown_a100_t25_seed45.log	python -m surveyor.envs.reacher.eval --subgoal surveyor --gdm-ckpt gdm_reacher_s10.pt --gdm-steps 8 --accept-tau 0.106 --horizon 2 --receding-horizon 2 --source local --local-dir encoder_reacher --h5 "$REACHER_H5" --device cuda --num-eval 128 --seed 45 --cem-seed 45 --episodes-file episodes/reacher_c2222.ep100.s2222.json --goal-offset 25 --eval-budget 50
156	reacher	surveyor_tauown_a100	25	46	logs/rbUe_reacher_surveyor_tauown_a100_t25_seed46.log	python -m surveyor.envs.reacher.eval --subgoal surveyor --gdm-ckpt gdm_reacher_s10.pt --gdm-steps 8 --accept-tau 0.106 --horizon 2 --receding-horizon 2 --source local --local-dir encoder_reacher --h5 "$REACHER_H5" --device cuda --num-eval 128 --seed 46 --cem-seed 46 --episodes-file episodes/reacher_c2222.ep100.s2222.json --goal-offset 25 --eval-budget 50
157	reacher	surveyor_tauown_a100	25	47	logs/rbUe_reacher_surveyor_tauown_a100_t25_seed47.log	python -m surveyor.envs.reacher.eval --subgoal surveyor --gdm-ckpt gdm_reacher_s10.pt --gdm-steps 8 --accept-tau 0.106 --horizon 2 --receding-horizon 2 --source local --local-dir encoder_reacher --h5 "$REACHER_H5" --device cuda --num-eval 128 --seed 47 --cem-seed 47 --episodes-file episodes/reacher_c2222.ep100.s2222.json --goal-offset 25 --eval-budget 50
158	reacher	surveyor_tauown_a100	25	48	logs/rbUe_reacher_surveyor_tauown_a100_t25_seed48.log	python -m surveyor.envs.reacher.eval --subgoal surveyor --gdm-ckpt gdm_reacher_s10.pt --gdm-steps 8 --accept-tau 0.106 --horizon 2 --receding-horizon 2 --source local --local-dir encoder_reacher --h5 "$REACHER_H5" --device cuda --num-eval 128 --seed 48 --cem-seed 48 --episodes-file episodes/reacher_c2222.ep100.s2222.json --goal-offset 25 --eval-budget 50
159	reacher	surveyor_tauown_a100	25	49	logs/rbUe_reacher_surveyor_tauown_a100_t25_seed49.log	python -m surveyor.envs.reacher.eval --subgoal surveyor --gdm-ckpt gdm_reacher_s10.pt --gdm-steps 8 --accept-tau 0.106 --horizon 2 --receding-horizon 2 --source local --local-dir encoder_reacher --h5 "$REACHER_H5" --device cuda --num-eval 128 --seed 49 --cem-seed 49 --episodes-file episodes/reacher_c2222.ep100.s2222.json --goal-offset 25 --eval-budget 50
160	tworoom	gcrouter_off_s42_tauown_a100	25	42	logs/rbUe_tworoom_gcrouter_off_s42_tauown_a100_t25_seed42.log	python -m surveyor.envs.tworoom.eval --subgoal gcidm+surveyor --gcidm-ckpt gcidm_official_tworoom_h50_s42.pt --gdm-ckpt gdm_tworoom_s10_gc_paired_e400v.pt --gdm-steps 50 --accept-tau 0.127 --sg-steps 10 --cstar-route --receding-horizon 2 --mode long --goal-offset 25 --eval-budget 50 --h5 "$DATA/tworoom.h5" --source pretrained --encoder-id quentinll/lewm-tworooms --device cuda --eval-filter none --episode-min 4000 --goal-from-proprio --num-eval 64 --seed 42 --cem-seed 42
161	tworoom	gcrouter_off_s42_tauown_a100	25	43	logs/rbUe_tworoom_gcrouter_off_s42_tauown_a100_t25_seed43.log	python -m surveyor.envs.tworoom.eval --subgoal gcidm+surveyor --gcidm-ckpt gcidm_official_tworoom_h50_s42.pt --gdm-ckpt gdm_tworoom_s10_gc_paired_e400v.pt --gdm-steps 50 --accept-tau 0.127 --sg-steps 10 --cstar-route --receding-horizon 2 --mode long --goal-offset 25 --eval-budget 50 --h5 "$DATA/tworoom.h5" --source pretrained --encoder-id quentinll/lewm-tworooms --device cuda --eval-filter none --episode-min 4000 --goal-from-proprio --num-eval 64 --seed 43 --cem-seed 43
162	tworoom	gcrouter_off_s42_tauown_a100	25	44	logs/rbUe_tworoom_gcrouter_off_s42_tauown_a100_t25_seed44.log	python -m surveyor.envs.tworoom.eval --subgoal gcidm+surveyor --gcidm-ckpt gcidm_official_tworoom_h50_s42.pt --gdm-ckpt gdm_tworoom_s10_gc_paired_e400v.pt --gdm-steps 50 --accept-tau 0.127 --sg-steps 10 --cstar-route --receding-horizon 2 --mode long --goal-offset 25 --eval-budget 50 --h5 "$DATA/tworoom.h5" --source pretrained --encoder-id quentinll/lewm-tworooms --device cuda --eval-filter none --episode-min 4000 --goal-from-proprio --num-eval 64 --seed 44 --cem-seed 44
163	tworoom	gcrouter_off_s42_tauown_a100	25	45	logs/rbUe_tworoom_gcrouter_off_s42_tauown_a100_t25_seed45.log	python -m surveyor.envs.tworoom.eval --subgoal gcidm+surveyor --gcidm-ckpt gcidm_official_tworoom_h50_s42.pt --gdm-ckpt gdm_tworoom_s10_gc_paired_e400v.pt --gdm-steps 50 --accept-tau 0.127 --sg-steps 10 --cstar-route --receding-horizon 2 --mode long --goal-offset 25 --eval-budget 50 --h5 "$DATA/tworoom.h5" --source pretrained --encoder-id quentinll/lewm-tworooms --device cuda --eval-filter none --episode-min 4000 --goal-from-proprio --num-eval 64 --seed 45 --cem-seed 45
164	tworoom	gcrouter_off_s42_tauown_a100	25	46	logs/rbUe_tworoom_gcrouter_off_s42_tauown_a100_t25_seed46.log	python -m surveyor.envs.tworoom.eval --subgoal gcidm+surveyor --gcidm-ckpt gcidm_official_tworoom_h50_s42.pt --gdm-ckpt gdm_tworoom_s10_gc_paired_e400v.pt --gdm-steps 50 --accept-tau 0.127 --sg-steps 10 --cstar-route --receding-horizon 2 --mode long --goal-offset 25 --eval-budget 50 --h5 "$DATA/tworoom.h5" --source pretrained --encoder-id quentinll/lewm-tworooms --device cuda --eval-filter none --episode-min 4000 --goal-from-proprio --num-eval 64 --seed 46 --cem-seed 46
165	tworoom	gcrouter_off_s42_tauown_a100	25	47	logs/rbUe_tworoom_gcrouter_off_s42_tauown_a100_t25_seed47.log	python -m surveyor.envs.tworoom.eval --subgoal gcidm+surveyor --gcidm-ckpt gcidm_official_tworoom_h50_s42.pt --gdm-ckpt gdm_tworoom_s10_gc_paired_e400v.pt --gdm-steps 50 --accept-tau 0.127 --sg-steps 10 --cstar-route --receding-horizon 2 --mode long --goal-offset 25 --eval-budget 50 --h5 "$DATA/tworoom.h5" --source pretrained --encoder-id quentinll/lewm-tworooms --device cuda --eval-filter none --episode-min 4000 --goal-from-proprio --num-eval 64 --seed 47 --cem-seed 47
166	tworoom	gcrouter_off_s42_tauown_a100	25	48	logs/rbUe_tworoom_gcrouter_off_s42_tauown_a100_t25_seed48.log	python -m surveyor.envs.tworoom.eval --subgoal gcidm+surveyor --gcidm-ckpt gcidm_official_tworoom_h50_s42.pt --gdm-ckpt gdm_tworoom_s10_gc_paired_e400v.pt --gdm-steps 50 --accept-tau 0.127 --sg-steps 10 --cstar-route --receding-horizon 2 --mode long --goal-offset 25 --eval-budget 50 --h5 "$DATA/tworoom.h5" --source pretrained --encoder-id quentinll/lewm-tworooms --device cuda --eval-filter none --episode-min 4000 --goal-from-proprio --num-eval 64 --seed 48 --cem-seed 48
167	tworoom	gcrouter_off_s42_tauown_a100	25	49	logs/rbUe_tworoom_gcrouter_off_s42_tauown_a100_t25_seed49.log	python -m surveyor.envs.tworoom.eval --subgoal gcidm+surveyor --gcidm-ckpt gcidm_official_tworoom_h50_s42.pt --gdm-ckpt gdm_tworoom_s10_gc_paired_e400v.pt --gdm-steps 50 --accept-tau 0.127 --sg-steps 10 --cstar-route --receding-horizon 2 --mode long --goal-offset 25 --eval-budget 50 --h5 "$DATA/tworoom.h5" --source pretrained --encoder-id quentinll/lewm-tworooms --device cuda --eval-filter none --episode-min 4000 --goal-from-proprio --num-eval 64 --seed 49 --cem-seed 49
168	tworoom	gcsurv_off_s42_tauown_a100	25	42	logs/rbUe_tworoom_gcsurv_off_s42_tauown_a100_t25_seed42.log	python -m surveyor.envs.tworoom.eval --subgoal gcidm+surveyor --gcidm-ckpt gcidm_official_tworoom_h50_s42.pt --gdm-ckpt gdm_tworoom_s10_gc_paired_e400v.pt --gdm-steps 50 --accept-tau 0.127 --sg-steps 10 --receding-horizon 2 --mode long --goal-offset 25 --eval-budget 50 --h5 "$DATA/tworoom.h5" --source pretrained --encoder-id quentinll/lewm-tworooms --device cuda --eval-filter none --episode-min 4000 --goal-from-proprio --num-eval 64 --seed 42 --cem-seed 42
169	tworoom	gcsurv_off_s42_tauown_a100	25	43	logs/rbUe_tworoom_gcsurv_off_s42_tauown_a100_t25_seed43.log	python -m surveyor.envs.tworoom.eval --subgoal gcidm+surveyor --gcidm-ckpt gcidm_official_tworoom_h50_s42.pt --gdm-ckpt gdm_tworoom_s10_gc_paired_e400v.pt --gdm-steps 50 --accept-tau 0.127 --sg-steps 10 --receding-horizon 2 --mode long --goal-offset 25 --eval-budget 50 --h5 "$DATA/tworoom.h5" --source pretrained --encoder-id quentinll/lewm-tworooms --device cuda --eval-filter none --episode-min 4000 --goal-from-proprio --num-eval 64 --seed 43 --cem-seed 43
170	tworoom	gcsurv_off_s42_tauown_a100	25	44	logs/rbUe_tworoom_gcsurv_off_s42_tauown_a100_t25_seed44.log	python -m surveyor.envs.tworoom.eval --subgoal gcidm+surveyor --gcidm-ckpt gcidm_official_tworoom_h50_s42.pt --gdm-ckpt gdm_tworoom_s10_gc_paired_e400v.pt --gdm-steps 50 --accept-tau 0.127 --sg-steps 10 --receding-horizon 2 --mode long --goal-offset 25 --eval-budget 50 --h5 "$DATA/tworoom.h5" --source pretrained --encoder-id quentinll/lewm-tworooms --device cuda --eval-filter none --episode-min 4000 --goal-from-proprio --num-eval 64 --seed 44 --cem-seed 44
171	tworoom	gcsurv_off_s42_tauown_a100	25	45	logs/rbUe_tworoom_gcsurv_off_s42_tauown_a100_t25_seed45.log	python -m surveyor.envs.tworoom.eval --subgoal gcidm+surveyor --gcidm-ckpt gcidm_official_tworoom_h50_s42.pt --gdm-ckpt gdm_tworoom_s10_gc_paired_e400v.pt --gdm-steps 50 --accept-tau 0.127 --sg-steps 10 --receding-horizon 2 --mode long --goal-offset 25 --eval-budget 50 --h5 "$DATA/tworoom.h5" --source pretrained --encoder-id quentinll/lewm-tworooms --device cuda --eval-filter none --episode-min 4000 --goal-from-proprio --num-eval 64 --seed 45 --cem-seed 45
172	tworoom	gcsurv_off_s42_tauown_a100	25	46	logs/rbUe_tworoom_gcsurv_off_s42_tauown_a100_t25_seed46.log	python -m surveyor.envs.tworoom.eval --subgoal gcidm+surveyor --gcidm-ckpt gcidm_official_tworoom_h50_s42.pt --gdm-ckpt gdm_tworoom_s10_gc_paired_e400v.pt --gdm-steps 50 --accept-tau 0.127 --sg-steps 10 --receding-horizon 2 --mode long --goal-offset 25 --eval-budget 50 --h5 "$DATA/tworoom.h5" --source pretrained --encoder-id quentinll/lewm-tworooms --device cuda --eval-filter none --episode-min 4000 --goal-from-proprio --num-eval 64 --seed 46 --cem-seed 46
173	tworoom	gcsurv_off_s42_tauown_a100	25	47	logs/rbUe_tworoom_gcsurv_off_s42_tauown_a100_t25_seed47.log	python -m surveyor.envs.tworoom.eval --subgoal gcidm+surveyor --gcidm-ckpt gcidm_official_tworoom_h50_s42.pt --gdm-ckpt gdm_tworoom_s10_gc_paired_e400v.pt --gdm-steps 50 --accept-tau 0.127 --sg-steps 10 --receding-horizon 2 --mode long --goal-offset 25 --eval-budget 50 --h5 "$DATA/tworoom.h5" --source pretrained --encoder-id quentinll/lewm-tworooms --device cuda --eval-filter none --episode-min 4000 --goal-from-proprio --num-eval 64 --seed 47 --cem-seed 47
174	tworoom	gcsurv_off_s42_tauown_a100	25	48	logs/rbUe_tworoom_gcsurv_off_s42_tauown_a100_t25_seed48.log	python -m surveyor.envs.tworoom.eval --subgoal gcidm+surveyor --gcidm-ckpt gcidm_official_tworoom_h50_s42.pt --gdm-ckpt gdm_tworoom_s10_gc_paired_e400v.pt --gdm-steps 50 --accept-tau 0.127 --sg-steps 10 --receding-horizon 2 --mode long --goal-offset 25 --eval-budget 50 --h5 "$DATA/tworoom.h5" --source pretrained --encoder-id quentinll/lewm-tworooms --device cuda --eval-filter none --episode-min 4000 --goal-from-proprio --num-eval 64 --seed 48 --cem-seed 48
175	tworoom	gcsurv_off_s42_tauown_a100	25	49	logs/rbUe_tworoom_gcsurv_off_s42_tauown_a100_t25_seed49.log	python -m surveyor.envs.tworoom.eval --subgoal gcidm+surveyor --gcidm-ckpt gcidm_official_tworoom_h50_s42.pt --gdm-ckpt gdm_tworoom_s10_gc_paired_e400v.pt --gdm-steps 50 --accept-tau 0.127 --sg-steps 10 --receding-horizon 2 --mode long --goal-offset 25 --eval-budget 50 --h5 "$DATA/tworoom.h5" --source pretrained --encoder-id quentinll/lewm-tworooms --device cuda --eval-filter none --episode-min 4000 --goal-from-proprio --num-eval 64 --seed 49 --cem-seed 49
176	tworoom	icem_pair_accept_tauown_a100	25	42	logs/rbUe_tworoom_icem_pair_accept_tauown_a100_t25_seed42.log	python -m surveyor.envs.tworoom.eval --solver icem --subgoal paired+surveyor --gdm-ckpt gdm_tworoom_s10_gc_paired_e400v.pt --gdm-steps 50 --accept-tau 0.127 --receding-horizon 2 --mode long --goal-offset 25 --eval-budget 50 --h5 "$DATA/tworoom.h5" --source pretrained --encoder-id quentinll/lewm-tworooms --device cuda --eval-filter none --episode-min 4000 --goal-from-proprio --num-eval 64 --seed 42 --cem-seed 42
177	tworoom	icem_pair_accept_tauown_a100	25	43	logs/rbUe_tworoom_icem_pair_accept_tauown_a100_t25_seed43.log	python -m surveyor.envs.tworoom.eval --solver icem --subgoal paired+surveyor --gdm-ckpt gdm_tworoom_s10_gc_paired_e400v.pt --gdm-steps 50 --accept-tau 0.127 --receding-horizon 2 --mode long --goal-offset 25 --eval-budget 50 --h5 "$DATA/tworoom.h5" --source pretrained --encoder-id quentinll/lewm-tworooms --device cuda --eval-filter none --episode-min 4000 --goal-from-proprio --num-eval 64 --seed 43 --cem-seed 43
178	tworoom	icem_pair_accept_tauown_a100	25	44	logs/rbUe_tworoom_icem_pair_accept_tauown_a100_t25_seed44.log	python -m surveyor.envs.tworoom.eval --solver icem --subgoal paired+surveyor --gdm-ckpt gdm_tworoom_s10_gc_paired_e400v.pt --gdm-steps 50 --accept-tau 0.127 --receding-horizon 2 --mode long --goal-offset 25 --eval-budget 50 --h5 "$DATA/tworoom.h5" --source pretrained --encoder-id quentinll/lewm-tworooms --device cuda --eval-filter none --episode-min 4000 --goal-from-proprio --num-eval 64 --seed 44 --cem-seed 44
179	tworoom	icem_pair_accept_tauown_a100	25	45	logs/rbUe_tworoom_icem_pair_accept_tauown_a100_t25_seed45.log	python -m surveyor.envs.tworoom.eval --solver icem --subgoal paired+surveyor --gdm-ckpt gdm_tworoom_s10_gc_paired_e400v.pt --gdm-steps 50 --accept-tau 0.127 --receding-horizon 2 --mode long --goal-offset 25 --eval-budget 50 --h5 "$DATA/tworoom.h5" --source pretrained --encoder-id quentinll/lewm-tworooms --device cuda --eval-filter none --episode-min 4000 --goal-from-proprio --num-eval 64 --seed 45 --cem-seed 45
180	tworoom	icem_pair_accept_tauown_a100	25	46	logs/rbUe_tworoom_icem_pair_accept_tauown_a100_t25_seed46.log	python -m surveyor.envs.tworoom.eval --solver icem --subgoal paired+surveyor --gdm-ckpt gdm_tworoom_s10_gc_paired_e400v.pt --gdm-steps 50 --accept-tau 0.127 --receding-horizon 2 --mode long --goal-offset 25 --eval-budget 50 --h5 "$DATA/tworoom.h5" --source pretrained --encoder-id quentinll/lewm-tworooms --device cuda --eval-filter none --episode-min 4000 --goal-from-proprio --num-eval 64 --seed 46 --cem-seed 46
181	tworoom	icem_pair_accept_tauown_a100	25	47	logs/rbUe_tworoom_icem_pair_accept_tauown_a100_t25_seed47.log	python -m surveyor.envs.tworoom.eval --solver icem --subgoal paired+surveyor --gdm-ckpt gdm_tworoom_s10_gc_paired_e400v.pt --gdm-steps 50 --accept-tau 0.127 --receding-horizon 2 --mode long --goal-offset 25 --eval-budget 50 --h5 "$DATA/tworoom.h5" --source pretrained --encoder-id quentinll/lewm-tworooms --device cuda --eval-filter none --episode-min 4000 --goal-from-proprio --num-eval 64 --seed 47 --cem-seed 47
182	tworoom	icem_pair_accept_tauown_a100	25	48	logs/rbUe_tworoom_icem_pair_accept_tauown_a100_t25_seed48.log	python -m surveyor.envs.tworoom.eval --solver icem --subgoal paired+surveyor --gdm-ckpt gdm_tworoom_s10_gc_paired_e400v.pt --gdm-steps 50 --accept-tau 0.127 --receding-horizon 2 --mode long --goal-offset 25 --eval-budget 50 --h5 "$DATA/tworoom.h5" --source pretrained --encoder-id quentinll/lewm-tworooms --device cuda --eval-filter none --episode-min 4000 --goal-from-proprio --num-eval 64 --seed 48 --cem-seed 48
183	tworoom	icem_pair_accept_tauown_a100	25	49	logs/rbUe_tworoom_icem_pair_accept_tauown_a100_t25_seed49.log	python -m surveyor.envs.tworoom.eval --solver icem --subgoal paired+surveyor --gdm-ckpt gdm_tworoom_s10_gc_paired_e400v.pt --gdm-steps 50 --accept-tau 0.127 --receding-horizon 2 --mode long --goal-offset 25 --eval-budget 50 --h5 "$DATA/tworoom.h5" --source pretrained --encoder-id quentinll/lewm-tworooms --device cuda --eval-filter none --episode-min 4000 --goal-from-proprio --num-eval 64 --seed 49 --cem-seed 49
184	tworoom	icem_router_tauown_a100	25	42	logs/rbUe_tworoom_icem_router_tauown_a100_t25_seed42.log	python -m surveyor.envs.tworoom.eval --solver icem --subgoal router+surveyor --gdm-ckpt gdm_tworoom_s10_gc_paired_e400v.pt --gdm-steps 50 --accept-tau 0.127 --receding-horizon 2 --mode long --goal-offset 25 --eval-budget 50 --h5 "$DATA/tworoom.h5" --source pretrained --encoder-id quentinll/lewm-tworooms --device cuda --eval-filter none --episode-min 4000 --goal-from-proprio --num-eval 64 --seed 42 --cem-seed 42
185	tworoom	icem_router_tauown_a100	25	43	logs/rbUe_tworoom_icem_router_tauown_a100_t25_seed43.log	python -m surveyor.envs.tworoom.eval --solver icem --subgoal router+surveyor --gdm-ckpt gdm_tworoom_s10_gc_paired_e400v.pt --gdm-steps 50 --accept-tau 0.127 --receding-horizon 2 --mode long --goal-offset 25 --eval-budget 50 --h5 "$DATA/tworoom.h5" --source pretrained --encoder-id quentinll/lewm-tworooms --device cuda --eval-filter none --episode-min 4000 --goal-from-proprio --num-eval 64 --seed 43 --cem-seed 43
186	tworoom	icem_router_tauown_a100	25	44	logs/rbUe_tworoom_icem_router_tauown_a100_t25_seed44.log	python -m surveyor.envs.tworoom.eval --solver icem --subgoal router+surveyor --gdm-ckpt gdm_tworoom_s10_gc_paired_e400v.pt --gdm-steps 50 --accept-tau 0.127 --receding-horizon 2 --mode long --goal-offset 25 --eval-budget 50 --h5 "$DATA/tworoom.h5" --source pretrained --encoder-id quentinll/lewm-tworooms --device cuda --eval-filter none --episode-min 4000 --goal-from-proprio --num-eval 64 --seed 44 --cem-seed 44
187	tworoom	icem_router_tauown_a100	25	45	logs/rbUe_tworoom_icem_router_tauown_a100_t25_seed45.log	python -m surveyor.envs.tworoom.eval --solver icem --subgoal router+surveyor --gdm-ckpt gdm_tworoom_s10_gc_paired_e400v.pt --gdm-steps 50 --accept-tau 0.127 --receding-horizon 2 --mode long --goal-offset 25 --eval-budget 50 --h5 "$DATA/tworoom.h5" --source pretrained --encoder-id quentinll/lewm-tworooms --device cuda --eval-filter none --episode-min 4000 --goal-from-proprio --num-eval 64 --seed 45 --cem-seed 45
188	tworoom	icem_router_tauown_a100	25	46	logs/rbUe_tworoom_icem_router_tauown_a100_t25_seed46.log	python -m surveyor.envs.tworoom.eval --solver icem --subgoal router+surveyor --gdm-ckpt gdm_tworoom_s10_gc_paired_e400v.pt --gdm-steps 50 --accept-tau 0.127 --receding-horizon 2 --mode long --goal-offset 25 --eval-budget 50 --h5 "$DATA/tworoom.h5" --source pretrained --encoder-id quentinll/lewm-tworooms --device cuda --eval-filter none --episode-min 4000 --goal-from-proprio --num-eval 64 --seed 46 --cem-seed 46
189	tworoom	icem_router_tauown_a100	25	47	logs/rbUe_tworoom_icem_router_tauown_a100_t25_seed47.log	python -m surveyor.envs.tworoom.eval --solver icem --subgoal router+surveyor --gdm-ckpt gdm_tworoom_s10_gc_paired_e400v.pt --gdm-steps 50 --accept-tau 0.127 --receding-horizon 2 --mode long --goal-offset 25 --eval-budget 50 --h5 "$DATA/tworoom.h5" --source pretrained --encoder-id quentinll/lewm-tworooms --device cuda --eval-filter none --episode-min 4000 --goal-from-proprio --num-eval 64 --seed 47 --cem-seed 47
190	tworoom	icem_router_tauown_a100	25	48	logs/rbUe_tworoom_icem_router_tauown_a100_t25_seed48.log	python -m surveyor.envs.tworoom.eval --solver icem --subgoal router+surveyor --gdm-ckpt gdm_tworoom_s10_gc_paired_e400v.pt --gdm-steps 50 --accept-tau 0.127 --receding-horizon 2 --mode long --goal-offset 25 --eval-budget 50 --h5 "$DATA/tworoom.h5" --source pretrained --encoder-id quentinll/lewm-tworooms --device cuda --eval-filter none --episode-min 4000 --goal-from-proprio --num-eval 64 --seed 48 --cem-seed 48
191	tworoom	icem_router_tauown_a100	25	49	logs/rbUe_tworoom_icem_router_tauown_a100_t25_seed49.log	python -m surveyor.envs.tworoom.eval --solver icem --subgoal router+surveyor --gdm-ckpt gdm_tworoom_s10_gc_paired_e400v.pt --gdm-steps 50 --accept-tau 0.127 --receding-horizon 2 --mode long --goal-offset 25 --eval-budget 50 --h5 "$DATA/tworoom.h5" --source pretrained --encoder-id quentinll/lewm-tworooms --device cuda --eval-filter none --episode-min 4000 --goal-from-proprio --num-eval 64 --seed 49 --cem-seed 49
192	tworoom	mppi_pair_accept_tauown_a100	25	42	logs/rbUe_tworoom_mppi_pair_accept_tauown_a100_t25_seed42.log	python -m surveyor.envs.tworoom.eval --solver mppi --subgoal paired+surveyor --gdm-ckpt gdm_tworoom_s10_gc_paired_e400v.pt --gdm-steps 50 --accept-tau 0.127 --receding-horizon 2 --mode long --goal-offset 25 --eval-budget 50 --h5 "$DATA/tworoom.h5" --source pretrained --encoder-id quentinll/lewm-tworooms --device cuda --eval-filter none --episode-min 4000 --goal-from-proprio --num-eval 64 --seed 42 --cem-seed 42
193	tworoom	mppi_pair_accept_tauown_a100	25	43	logs/rbUe_tworoom_mppi_pair_accept_tauown_a100_t25_seed43.log	python -m surveyor.envs.tworoom.eval --solver mppi --subgoal paired+surveyor --gdm-ckpt gdm_tworoom_s10_gc_paired_e400v.pt --gdm-steps 50 --accept-tau 0.127 --receding-horizon 2 --mode long --goal-offset 25 --eval-budget 50 --h5 "$DATA/tworoom.h5" --source pretrained --encoder-id quentinll/lewm-tworooms --device cuda --eval-filter none --episode-min 4000 --goal-from-proprio --num-eval 64 --seed 43 --cem-seed 43
194	tworoom	mppi_pair_accept_tauown_a100	25	44	logs/rbUe_tworoom_mppi_pair_accept_tauown_a100_t25_seed44.log	python -m surveyor.envs.tworoom.eval --solver mppi --subgoal paired+surveyor --gdm-ckpt gdm_tworoom_s10_gc_paired_e400v.pt --gdm-steps 50 --accept-tau 0.127 --receding-horizon 2 --mode long --goal-offset 25 --eval-budget 50 --h5 "$DATA/tworoom.h5" --source pretrained --encoder-id quentinll/lewm-tworooms --device cuda --eval-filter none --episode-min 4000 --goal-from-proprio --num-eval 64 --seed 44 --cem-seed 44
195	tworoom	mppi_pair_accept_tauown_a100	25	45	logs/rbUe_tworoom_mppi_pair_accept_tauown_a100_t25_seed45.log	python -m surveyor.envs.tworoom.eval --solver mppi --subgoal paired+surveyor --gdm-ckpt gdm_tworoom_s10_gc_paired_e400v.pt --gdm-steps 50 --accept-tau 0.127 --receding-horizon 2 --mode long --goal-offset 25 --eval-budget 50 --h5 "$DATA/tworoom.h5" --source pretrained --encoder-id quentinll/lewm-tworooms --device cuda --eval-filter none --episode-min 4000 --goal-from-proprio --num-eval 64 --seed 45 --cem-seed 45
196	tworoom	mppi_pair_accept_tauown_a100	25	46	logs/rbUe_tworoom_mppi_pair_accept_tauown_a100_t25_seed46.log	python -m surveyor.envs.tworoom.eval --solver mppi --subgoal paired+surveyor --gdm-ckpt gdm_tworoom_s10_gc_paired_e400v.pt --gdm-steps 50 --accept-tau 0.127 --receding-horizon 2 --mode long --goal-offset 25 --eval-budget 50 --h5 "$DATA/tworoom.h5" --source pretrained --encoder-id quentinll/lewm-tworooms --device cuda --eval-filter none --episode-min 4000 --goal-from-proprio --num-eval 64 --seed 46 --cem-seed 46
197	tworoom	mppi_pair_accept_tauown_a100	25	47	logs/rbUe_tworoom_mppi_pair_accept_tauown_a100_t25_seed47.log	python -m surveyor.envs.tworoom.eval --solver mppi --subgoal paired+surveyor --gdm-ckpt gdm_tworoom_s10_gc_paired_e400v.pt --gdm-steps 50 --accept-tau 0.127 --receding-horizon 2 --mode long --goal-offset 25 --eval-budget 50 --h5 "$DATA/tworoom.h5" --source pretrained --encoder-id quentinll/lewm-tworooms --device cuda --eval-filter none --episode-min 4000 --goal-from-proprio --num-eval 64 --seed 47 --cem-seed 47
198	tworoom	mppi_pair_accept_tauown_a100	25	48	logs/rbUe_tworoom_mppi_pair_accept_tauown_a100_t25_seed48.log	python -m surveyor.envs.tworoom.eval --solver mppi --subgoal paired+surveyor --gdm-ckpt gdm_tworoom_s10_gc_paired_e400v.pt --gdm-steps 50 --accept-tau 0.127 --receding-horizon 2 --mode long --goal-offset 25 --eval-budget 50 --h5 "$DATA/tworoom.h5" --source pretrained --encoder-id quentinll/lewm-tworooms --device cuda --eval-filter none --episode-min 4000 --goal-from-proprio --num-eval 64 --seed 48 --cem-seed 48
199	tworoom	mppi_pair_accept_tauown_a100	25	49	logs/rbUe_tworoom_mppi_pair_accept_tauown_a100_t25_seed49.log	python -m surveyor.envs.tworoom.eval --solver mppi --subgoal paired+surveyor --gdm-ckpt gdm_tworoom_s10_gc_paired_e400v.pt --gdm-steps 50 --accept-tau 0.127 --receding-horizon 2 --mode long --goal-offset 25 --eval-budget 50 --h5 "$DATA/tworoom.h5" --source pretrained --encoder-id quentinll/lewm-tworooms --device cuda --eval-filter none --episode-min 4000 --goal-from-proprio --num-eval 64 --seed 49 --cem-seed 49
200	tworoom	mppi_router_tauown_a100	25	42	logs/rbUe_tworoom_mppi_router_tauown_a100_t25_seed42.log	python -m surveyor.envs.tworoom.eval --solver mppi --subgoal router+surveyor --gdm-ckpt gdm_tworoom_s10_gc_paired_e400v.pt --gdm-steps 50 --accept-tau 0.127 --receding-horizon 2 --mode long --goal-offset 25 --eval-budget 50 --h5 "$DATA/tworoom.h5" --source pretrained --encoder-id quentinll/lewm-tworooms --device cuda --eval-filter none --episode-min 4000 --goal-from-proprio --num-eval 64 --seed 42 --cem-seed 42
201	tworoom	mppi_router_tauown_a100	25	43	logs/rbUe_tworoom_mppi_router_tauown_a100_t25_seed43.log	python -m surveyor.envs.tworoom.eval --solver mppi --subgoal router+surveyor --gdm-ckpt gdm_tworoom_s10_gc_paired_e400v.pt --gdm-steps 50 --accept-tau 0.127 --receding-horizon 2 --mode long --goal-offset 25 --eval-budget 50 --h5 "$DATA/tworoom.h5" --source pretrained --encoder-id quentinll/lewm-tworooms --device cuda --eval-filter none --episode-min 4000 --goal-from-proprio --num-eval 64 --seed 43 --cem-seed 43
202	tworoom	mppi_router_tauown_a100	25	44	logs/rbUe_tworoom_mppi_router_tauown_a100_t25_seed44.log	python -m surveyor.envs.tworoom.eval --solver mppi --subgoal router+surveyor --gdm-ckpt gdm_tworoom_s10_gc_paired_e400v.pt --gdm-steps 50 --accept-tau 0.127 --receding-horizon 2 --mode long --goal-offset 25 --eval-budget 50 --h5 "$DATA/tworoom.h5" --source pretrained --encoder-id quentinll/lewm-tworooms --device cuda --eval-filter none --episode-min 4000 --goal-from-proprio --num-eval 64 --seed 44 --cem-seed 44
203	tworoom	mppi_router_tauown_a100	25	45	logs/rbUe_tworoom_mppi_router_tauown_a100_t25_seed45.log	python -m surveyor.envs.tworoom.eval --solver mppi --subgoal router+surveyor --gdm-ckpt gdm_tworoom_s10_gc_paired_e400v.pt --gdm-steps 50 --accept-tau 0.127 --receding-horizon 2 --mode long --goal-offset 25 --eval-budget 50 --h5 "$DATA/tworoom.h5" --source pretrained --encoder-id quentinll/lewm-tworooms --device cuda --eval-filter none --episode-min 4000 --goal-from-proprio --num-eval 64 --seed 45 --cem-seed 45
204	tworoom	mppi_router_tauown_a100	25	46	logs/rbUe_tworoom_mppi_router_tauown_a100_t25_seed46.log	python -m surveyor.envs.tworoom.eval --solver mppi --subgoal router+surveyor --gdm-ckpt gdm_tworoom_s10_gc_paired_e400v.pt --gdm-steps 50 --accept-tau 0.127 --receding-horizon 2 --mode long --goal-offset 25 --eval-budget 50 --h5 "$DATA/tworoom.h5" --source pretrained --encoder-id quentinll/lewm-tworooms --device cuda --eval-filter none --episode-min 4000 --goal-from-proprio --num-eval 64 --seed 46 --cem-seed 46
205	tworoom	mppi_router_tauown_a100	25	47	logs/rbUe_tworoom_mppi_router_tauown_a100_t25_seed47.log	python -m surveyor.envs.tworoom.eval --solver mppi --subgoal router+surveyor --gdm-ckpt gdm_tworoom_s10_gc_paired_e400v.pt --gdm-steps 50 --accept-tau 0.127 --receding-horizon 2 --mode long --goal-offset 25 --eval-budget 50 --h5 "$DATA/tworoom.h5" --source pretrained --encoder-id quentinll/lewm-tworooms --device cuda --eval-filter none --episode-min 4000 --goal-from-proprio --num-eval 64 --seed 47 --cem-seed 47
206	tworoom	mppi_router_tauown_a100	25	48	logs/rbUe_tworoom_mppi_router_tauown_a100_t25_seed48.log	python -m surveyor.envs.tworoom.eval --solver mppi --subgoal router+surveyor --gdm-ckpt gdm_tworoom_s10_gc_paired_e400v.pt --gdm-steps 50 --accept-tau 0.127 --receding-horizon 2 --mode long --goal-offset 25 --eval-budget 50 --h5 "$DATA/tworoom.h5" --source pretrained --encoder-id quentinll/lewm-tworooms --device cuda --eval-filter none --episode-min 4000 --goal-from-proprio --num-eval 64 --seed 48 --cem-seed 48
207	tworoom	mppi_router_tauown_a100	25	49	logs/rbUe_tworoom_mppi_router_tauown_a100_t25_seed49.log	python -m surveyor.envs.tworoom.eval --solver mppi --subgoal router+surveyor --gdm-ckpt gdm_tworoom_s10_gc_paired_e400v.pt --gdm-steps 50 --accept-tau 0.127 --receding-horizon 2 --mode long --goal-offset 25 --eval-budget 50 --h5 "$DATA/tworoom.h5" --source pretrained --encoder-id quentinll/lewm-tworooms --device cuda --eval-filter none --episode-min 4000 --goal-from-proprio --num-eval 64 --seed 49 --cem-seed 49
208	tworoom	pair_accept_tauown_a100	25	42	logs/rbUe_tworoom_pair_accept_tauown_a100_t25_seed42.log	python -m surveyor.envs.tworoom.eval --subgoal paired+surveyor --gdm-ckpt gdm_tworoom_s10_gc_paired_e400v.pt --gdm-steps 50 --accept-tau 0.127 --receding-horizon 2 --mode long --goal-offset 25 --eval-budget 50 --h5 "$DATA/tworoom.h5" --source pretrained --encoder-id quentinll/lewm-tworooms --device cuda --eval-filter none --episode-min 4000 --goal-from-proprio --num-eval 64 --seed 42 --cem-seed 42
209	tworoom	pair_accept_tauown_a100	25	43	logs/rbUe_tworoom_pair_accept_tauown_a100_t25_seed43.log	python -m surveyor.envs.tworoom.eval --subgoal paired+surveyor --gdm-ckpt gdm_tworoom_s10_gc_paired_e400v.pt --gdm-steps 50 --accept-tau 0.127 --receding-horizon 2 --mode long --goal-offset 25 --eval-budget 50 --h5 "$DATA/tworoom.h5" --source pretrained --encoder-id quentinll/lewm-tworooms --device cuda --eval-filter none --episode-min 4000 --goal-from-proprio --num-eval 64 --seed 43 --cem-seed 43
210	tworoom	pair_accept_tauown_a100	25	44	logs/rbUe_tworoom_pair_accept_tauown_a100_t25_seed44.log	python -m surveyor.envs.tworoom.eval --subgoal paired+surveyor --gdm-ckpt gdm_tworoom_s10_gc_paired_e400v.pt --gdm-steps 50 --accept-tau 0.127 --receding-horizon 2 --mode long --goal-offset 25 --eval-budget 50 --h5 "$DATA/tworoom.h5" --source pretrained --encoder-id quentinll/lewm-tworooms --device cuda --eval-filter none --episode-min 4000 --goal-from-proprio --num-eval 64 --seed 44 --cem-seed 44
211	tworoom	pair_accept_tauown_a100	25	45	logs/rbUe_tworoom_pair_accept_tauown_a100_t25_seed45.log	python -m surveyor.envs.tworoom.eval --subgoal paired+surveyor --gdm-ckpt gdm_tworoom_s10_gc_paired_e400v.pt --gdm-steps 50 --accept-tau 0.127 --receding-horizon 2 --mode long --goal-offset 25 --eval-budget 50 --h5 "$DATA/tworoom.h5" --source pretrained --encoder-id quentinll/lewm-tworooms --device cuda --eval-filter none --episode-min 4000 --goal-from-proprio --num-eval 64 --seed 45 --cem-seed 45
212	tworoom	pair_accept_tauown_a100	25	46	logs/rbUe_tworoom_pair_accept_tauown_a100_t25_seed46.log	python -m surveyor.envs.tworoom.eval --subgoal paired+surveyor --gdm-ckpt gdm_tworoom_s10_gc_paired_e400v.pt --gdm-steps 50 --accept-tau 0.127 --receding-horizon 2 --mode long --goal-offset 25 --eval-budget 50 --h5 "$DATA/tworoom.h5" --source pretrained --encoder-id quentinll/lewm-tworooms --device cuda --eval-filter none --episode-min 4000 --goal-from-proprio --num-eval 64 --seed 46 --cem-seed 46
213	tworoom	pair_accept_tauown_a100	25	47	logs/rbUe_tworoom_pair_accept_tauown_a100_t25_seed47.log	python -m surveyor.envs.tworoom.eval --subgoal paired+surveyor --gdm-ckpt gdm_tworoom_s10_gc_paired_e400v.pt --gdm-steps 50 --accept-tau 0.127 --receding-horizon 2 --mode long --goal-offset 25 --eval-budget 50 --h5 "$DATA/tworoom.h5" --source pretrained --encoder-id quentinll/lewm-tworooms --device cuda --eval-filter none --episode-min 4000 --goal-from-proprio --num-eval 64 --seed 47 --cem-seed 47
214	tworoom	pair_accept_tauown_a100	25	48	logs/rbUe_tworoom_pair_accept_tauown_a100_t25_seed48.log	python -m surveyor.envs.tworoom.eval --subgoal paired+surveyor --gdm-ckpt gdm_tworoom_s10_gc_paired_e400v.pt --gdm-steps 50 --accept-tau 0.127 --receding-horizon 2 --mode long --goal-offset 25 --eval-budget 50 --h5 "$DATA/tworoom.h5" --source pretrained --encoder-id quentinll/lewm-tworooms --device cuda --eval-filter none --episode-min 4000 --goal-from-proprio --num-eval 64 --seed 48 --cem-seed 48
215	tworoom	pair_accept_tauown_a100	25	49	logs/rbUe_tworoom_pair_accept_tauown_a100_t25_seed49.log	python -m surveyor.envs.tworoom.eval --subgoal paired+surveyor --gdm-ckpt gdm_tworoom_s10_gc_paired_e400v.pt --gdm-steps 50 --accept-tau 0.127 --receding-horizon 2 --mode long --goal-offset 25 --eval-budget 50 --h5 "$DATA/tworoom.h5" --source pretrained --encoder-id quentinll/lewm-tworooms --device cuda --eval-filter none --episode-min 4000 --goal-from-proprio --num-eval 64 --seed 49 --cem-seed 49
216	tworoom	router_tauown_a100	25	42	logs/rbUe_tworoom_router_tauown_a100_t25_seed42.log	python -m surveyor.envs.tworoom.eval --subgoal router+surveyor --gdm-ckpt gdm_tworoom_s10_gc_paired_e400v.pt --gdm-steps 50 --accept-tau 0.127 --receding-horizon 2 --mode long --goal-offset 25 --eval-budget 50 --h5 "$DATA/tworoom.h5" --source pretrained --encoder-id quentinll/lewm-tworooms --device cuda --eval-filter none --episode-min 4000 --goal-from-proprio --num-eval 64 --seed 42 --cem-seed 42
217	tworoom	router_tauown_a100	25	43	logs/rbUe_tworoom_router_tauown_a100_t25_seed43.log	python -m surveyor.envs.tworoom.eval --subgoal router+surveyor --gdm-ckpt gdm_tworoom_s10_gc_paired_e400v.pt --gdm-steps 50 --accept-tau 0.127 --receding-horizon 2 --mode long --goal-offset 25 --eval-budget 50 --h5 "$DATA/tworoom.h5" --source pretrained --encoder-id quentinll/lewm-tworooms --device cuda --eval-filter none --episode-min 4000 --goal-from-proprio --num-eval 64 --seed 43 --cem-seed 43
218	tworoom	router_tauown_a100	25	44	logs/rbUe_tworoom_router_tauown_a100_t25_seed44.log	python -m surveyor.envs.tworoom.eval --subgoal router+surveyor --gdm-ckpt gdm_tworoom_s10_gc_paired_e400v.pt --gdm-steps 50 --accept-tau 0.127 --receding-horizon 2 --mode long --goal-offset 25 --eval-budget 50 --h5 "$DATA/tworoom.h5" --source pretrained --encoder-id quentinll/lewm-tworooms --device cuda --eval-filter none --episode-min 4000 --goal-from-proprio --num-eval 64 --seed 44 --cem-seed 44
219	tworoom	router_tauown_a100	25	45	logs/rbUe_tworoom_router_tauown_a100_t25_seed45.log	python -m surveyor.envs.tworoom.eval --subgoal router+surveyor --gdm-ckpt gdm_tworoom_s10_gc_paired_e400v.pt --gdm-steps 50 --accept-tau 0.127 --receding-horizon 2 --mode long --goal-offset 25 --eval-budget 50 --h5 "$DATA/tworoom.h5" --source pretrained --encoder-id quentinll/lewm-tworooms --device cuda --eval-filter none --episode-min 4000 --goal-from-proprio --num-eval 64 --seed 45 --cem-seed 45
220	tworoom	router_tauown_a100	25	46	logs/rbUe_tworoom_router_tauown_a100_t25_seed46.log	python -m surveyor.envs.tworoom.eval --subgoal router+surveyor --gdm-ckpt gdm_tworoom_s10_gc_paired_e400v.pt --gdm-steps 50 --accept-tau 0.127 --receding-horizon 2 --mode long --goal-offset 25 --eval-budget 50 --h5 "$DATA/tworoom.h5" --source pretrained --encoder-id quentinll/lewm-tworooms --device cuda --eval-filter none --episode-min 4000 --goal-from-proprio --num-eval 64 --seed 46 --cem-seed 46
221	tworoom	router_tauown_a100	25	47	logs/rbUe_tworoom_router_tauown_a100_t25_seed47.log	python -m surveyor.envs.tworoom.eval --subgoal router+surveyor --gdm-ckpt gdm_tworoom_s10_gc_paired_e400v.pt --gdm-steps 50 --accept-tau 0.127 --receding-horizon 2 --mode long --goal-offset 25 --eval-budget 50 --h5 "$DATA/tworoom.h5" --source pretrained --encoder-id quentinll/lewm-tworooms --device cuda --eval-filter none --episode-min 4000 --goal-from-proprio --num-eval 64 --seed 47 --cem-seed 47
222	tworoom	router_tauown_a100	25	48	logs/rbUe_tworoom_router_tauown_a100_t25_seed48.log	python -m surveyor.envs.tworoom.eval --subgoal router+surveyor --gdm-ckpt gdm_tworoom_s10_gc_paired_e400v.pt --gdm-steps 50 --accept-tau 0.127 --receding-horizon 2 --mode long --goal-offset 25 --eval-budget 50 --h5 "$DATA/tworoom.h5" --source pretrained --encoder-id quentinll/lewm-tworooms --device cuda --eval-filter none --episode-min 4000 --goal-from-proprio --num-eval 64 --seed 48 --cem-seed 48
223	tworoom	router_tauown_a100	25	49	logs/rbUe_tworoom_router_tauown_a100_t25_seed49.log	python -m surveyor.envs.tworoom.eval --subgoal router+surveyor --gdm-ckpt gdm_tworoom_s10_gc_paired_e400v.pt --gdm-steps 50 --accept-tau 0.127 --receding-horizon 2 --mode long --goal-offset 25 --eval-budget 50 --h5 "$DATA/tworoom.h5" --source pretrained --encoder-id quentinll/lewm-tworooms --device cuda --eval-filter none --episode-min 4000 --goal-from-proprio --num-eval 64 --seed 49 --cem-seed 49
224	pusht	gcrouter_off_s42_tauown_a100	25	42	logs/rbUe_pusht_gcrouter_off_s42_tauown_a100_t25_seed42.log	python -m surveyor.envs.pusht.eval --subgoal gcidm+surveyor --gcidm-ckpt gcidm_official_pusht_h50_s42.pt --gdm-ckpt gdm_stride10.pt --gdm-steps 3 --accept-tau 0.233 --sg-steps 10 --cstar-route --source pretrained --h5 pusht_c2222.h5 --device cuda --mode long --episodes-file episodes/pusht_c2222.episodes25.json --goal-offset 25 --eval-budget 50 --num-eval 256 --score block --angles 20 5 --seed 42 --cem-seed 42
225	pusht	gcrouter_off_s42_tauown_a100	25	43	logs/rbUe_pusht_gcrouter_off_s42_tauown_a100_t25_seed43.log	python -m surveyor.envs.pusht.eval --subgoal gcidm+surveyor --gcidm-ckpt gcidm_official_pusht_h50_s42.pt --gdm-ckpt gdm_stride10.pt --gdm-steps 3 --accept-tau 0.233 --sg-steps 10 --cstar-route --source pretrained --h5 pusht_c2222.h5 --device cuda --mode long --episodes-file episodes/pusht_c2222.episodes25.json --goal-offset 25 --eval-budget 50 --num-eval 256 --score block --angles 20 5 --seed 43 --cem-seed 43
226	pusht	gcrouter_off_s42_tauown_a100	25	44	logs/rbUe_pusht_gcrouter_off_s42_tauown_a100_t25_seed44.log	python -m surveyor.envs.pusht.eval --subgoal gcidm+surveyor --gcidm-ckpt gcidm_official_pusht_h50_s42.pt --gdm-ckpt gdm_stride10.pt --gdm-steps 3 --accept-tau 0.233 --sg-steps 10 --cstar-route --source pretrained --h5 pusht_c2222.h5 --device cuda --mode long --episodes-file episodes/pusht_c2222.episodes25.json --goal-offset 25 --eval-budget 50 --num-eval 256 --score block --angles 20 5 --seed 44 --cem-seed 44
227	pusht	gcrouter_off_s42_tauown_a100	25	45	logs/rbUe_pusht_gcrouter_off_s42_tauown_a100_t25_seed45.log	python -m surveyor.envs.pusht.eval --subgoal gcidm+surveyor --gcidm-ckpt gcidm_official_pusht_h50_s42.pt --gdm-ckpt gdm_stride10.pt --gdm-steps 3 --accept-tau 0.233 --sg-steps 10 --cstar-route --source pretrained --h5 pusht_c2222.h5 --device cuda --mode long --episodes-file episodes/pusht_c2222.episodes25.json --goal-offset 25 --eval-budget 50 --num-eval 256 --score block --angles 20 5 --seed 45 --cem-seed 45
228	pusht	gcrouter_off_s42_tauown_a100	25	46	logs/rbUe_pusht_gcrouter_off_s42_tauown_a100_t25_seed46.log	python -m surveyor.envs.pusht.eval --subgoal gcidm+surveyor --gcidm-ckpt gcidm_official_pusht_h50_s42.pt --gdm-ckpt gdm_stride10.pt --gdm-steps 3 --accept-tau 0.233 --sg-steps 10 --cstar-route --source pretrained --h5 pusht_c2222.h5 --device cuda --mode long --episodes-file episodes/pusht_c2222.episodes25.json --goal-offset 25 --eval-budget 50 --num-eval 256 --score block --angles 20 5 --seed 46 --cem-seed 46
229	pusht	gcrouter_off_s42_tauown_a100	25	47	logs/rbUe_pusht_gcrouter_off_s42_tauown_a100_t25_seed47.log	python -m surveyor.envs.pusht.eval --subgoal gcidm+surveyor --gcidm-ckpt gcidm_official_pusht_h50_s42.pt --gdm-ckpt gdm_stride10.pt --gdm-steps 3 --accept-tau 0.233 --sg-steps 10 --cstar-route --source pretrained --h5 pusht_c2222.h5 --device cuda --mode long --episodes-file episodes/pusht_c2222.episodes25.json --goal-offset 25 --eval-budget 50 --num-eval 256 --score block --angles 20 5 --seed 47 --cem-seed 47
230	pusht	gcrouter_off_s42_tauown_a100	25	48	logs/rbUe_pusht_gcrouter_off_s42_tauown_a100_t25_seed48.log	python -m surveyor.envs.pusht.eval --subgoal gcidm+surveyor --gcidm-ckpt gcidm_official_pusht_h50_s42.pt --gdm-ckpt gdm_stride10.pt --gdm-steps 3 --accept-tau 0.233 --sg-steps 10 --cstar-route --source pretrained --h5 pusht_c2222.h5 --device cuda --mode long --episodes-file episodes/pusht_c2222.episodes25.json --goal-offset 25 --eval-budget 50 --num-eval 256 --score block --angles 20 5 --seed 48 --cem-seed 48
231	pusht	gcrouter_off_s42_tauown_a100	25	49	logs/rbUe_pusht_gcrouter_off_s42_tauown_a100_t25_seed49.log	python -m surveyor.envs.pusht.eval --subgoal gcidm+surveyor --gcidm-ckpt gcidm_official_pusht_h50_s42.pt --gdm-ckpt gdm_stride10.pt --gdm-steps 3 --accept-tau 0.233 --sg-steps 10 --cstar-route --source pretrained --h5 pusht_c2222.h5 --device cuda --mode long --episodes-file episodes/pusht_c2222.episodes25.json --goal-offset 25 --eval-budget 50 --num-eval 256 --score block --angles 20 5 --seed 49 --cem-seed 49
232	pusht	gcsurv_off_s42_tauown_a100	25	42	logs/rbUe_pusht_gcsurv_off_s42_tauown_a100_t25_seed42.log	python -m surveyor.envs.pusht.eval --subgoal gcidm+surveyor --gcidm-ckpt gcidm_official_pusht_h50_s42.pt --gdm-ckpt gdm_stride10.pt --gdm-steps 3 --accept-tau 0.233 --sg-steps 10 --source pretrained --h5 pusht_c2222.h5 --device cuda --mode long --episodes-file episodes/pusht_c2222.episodes25.json --goal-offset 25 --eval-budget 50 --num-eval 256 --score block --angles 20 5 --seed 42 --cem-seed 42
233	pusht	gcsurv_off_s42_tauown_a100	25	43	logs/rbUe_pusht_gcsurv_off_s42_tauown_a100_t25_seed43.log	python -m surveyor.envs.pusht.eval --subgoal gcidm+surveyor --gcidm-ckpt gcidm_official_pusht_h50_s42.pt --gdm-ckpt gdm_stride10.pt --gdm-steps 3 --accept-tau 0.233 --sg-steps 10 --source pretrained --h5 pusht_c2222.h5 --device cuda --mode long --episodes-file episodes/pusht_c2222.episodes25.json --goal-offset 25 --eval-budget 50 --num-eval 256 --score block --angles 20 5 --seed 43 --cem-seed 43
234	pusht	gcsurv_off_s42_tauown_a100	25	44	logs/rbUe_pusht_gcsurv_off_s42_tauown_a100_t25_seed44.log	python -m surveyor.envs.pusht.eval --subgoal gcidm+surveyor --gcidm-ckpt gcidm_official_pusht_h50_s42.pt --gdm-ckpt gdm_stride10.pt --gdm-steps 3 --accept-tau 0.233 --sg-steps 10 --source pretrained --h5 pusht_c2222.h5 --device cuda --mode long --episodes-file episodes/pusht_c2222.episodes25.json --goal-offset 25 --eval-budget 50 --num-eval 256 --score block --angles 20 5 --seed 44 --cem-seed 44
235	pusht	gcsurv_off_s42_tauown_a100	25	45	logs/rbUe_pusht_gcsurv_off_s42_tauown_a100_t25_seed45.log	python -m surveyor.envs.pusht.eval --subgoal gcidm+surveyor --gcidm-ckpt gcidm_official_pusht_h50_s42.pt --gdm-ckpt gdm_stride10.pt --gdm-steps 3 --accept-tau 0.233 --sg-steps 10 --source pretrained --h5 pusht_c2222.h5 --device cuda --mode long --episodes-file episodes/pusht_c2222.episodes25.json --goal-offset 25 --eval-budget 50 --num-eval 256 --score block --angles 20 5 --seed 45 --cem-seed 45
236	pusht	gcsurv_off_s42_tauown_a100	25	46	logs/rbUe_pusht_gcsurv_off_s42_tauown_a100_t25_seed46.log	python -m surveyor.envs.pusht.eval --subgoal gcidm+surveyor --gcidm-ckpt gcidm_official_pusht_h50_s42.pt --gdm-ckpt gdm_stride10.pt --gdm-steps 3 --accept-tau 0.233 --sg-steps 10 --source pretrained --h5 pusht_c2222.h5 --device cuda --mode long --episodes-file episodes/pusht_c2222.episodes25.json --goal-offset 25 --eval-budget 50 --num-eval 256 --score block --angles 20 5 --seed 46 --cem-seed 46
237	pusht	gcsurv_off_s42_tauown_a100	25	47	logs/rbUe_pusht_gcsurv_off_s42_tauown_a100_t25_seed47.log	python -m surveyor.envs.pusht.eval --subgoal gcidm+surveyor --gcidm-ckpt gcidm_official_pusht_h50_s42.pt --gdm-ckpt gdm_stride10.pt --gdm-steps 3 --accept-tau 0.233 --sg-steps 10 --source pretrained --h5 pusht_c2222.h5 --device cuda --mode long --episodes-file episodes/pusht_c2222.episodes25.json --goal-offset 25 --eval-budget 50 --num-eval 256 --score block --angles 20 5 --seed 47 --cem-seed 47
238	pusht	gcsurv_off_s42_tauown_a100	25	48	logs/rbUe_pusht_gcsurv_off_s42_tauown_a100_t25_seed48.log	python -m surveyor.envs.pusht.eval --subgoal gcidm+surveyor --gcidm-ckpt gcidm_official_pusht_h50_s42.pt --gdm-ckpt gdm_stride10.pt --gdm-steps 3 --accept-tau 0.233 --sg-steps 10 --source pretrained --h5 pusht_c2222.h5 --device cuda --mode long --episodes-file episodes/pusht_c2222.episodes25.json --goal-offset 25 --eval-budget 50 --num-eval 256 --score block --angles 20 5 --seed 48 --cem-seed 48
239	pusht	gcsurv_off_s42_tauown_a100	25	49	logs/rbUe_pusht_gcsurv_off_s42_tauown_a100_t25_seed49.log	python -m surveyor.envs.pusht.eval --subgoal gcidm+surveyor --gcidm-ckpt gcidm_official_pusht_h50_s42.pt --gdm-ckpt gdm_stride10.pt --gdm-steps 3 --accept-tau 0.233 --sg-steps 10 --source pretrained --h5 pusht_c2222.h5 --device cuda --mode long --episodes-file episodes/pusht_c2222.episodes25.json --goal-offset 25 --eval-budget 50 --num-eval 256 --score block --angles 20 5 --seed 49 --cem-seed 49
240	pusht	icem_router_tauown_a100	25	42	logs/rbUe_pusht_icem_router_tauown_a100_t25_seed42.log	python -m surveyor.envs.pusht.eval --solver icem --subgoal router+surveyor --gdm-ckpt gdm_stride10.pt --gdm-steps 3 --accept-tau 0.233 --horizon 2 --receding-horizon 2 --source pretrained --h5 pusht_c2222.h5 --device cuda --mode long --episodes-file episodes/pusht_c2222.episodes25.json --goal-offset 25 --eval-budget 50 --num-eval 256 --score block --angles 20 5 --seed 42 --cem-seed 42
241	pusht	icem_router_tauown_a100	25	43	logs/rbUe_pusht_icem_router_tauown_a100_t25_seed43.log	python -m surveyor.envs.pusht.eval --solver icem --subgoal router+surveyor --gdm-ckpt gdm_stride10.pt --gdm-steps 3 --accept-tau 0.233 --horizon 2 --receding-horizon 2 --source pretrained --h5 pusht_c2222.h5 --device cuda --mode long --episodes-file episodes/pusht_c2222.episodes25.json --goal-offset 25 --eval-budget 50 --num-eval 256 --score block --angles 20 5 --seed 43 --cem-seed 43
242	pusht	icem_router_tauown_a100	25	44	logs/rbUe_pusht_icem_router_tauown_a100_t25_seed44.log	python -m surveyor.envs.pusht.eval --solver icem --subgoal router+surveyor --gdm-ckpt gdm_stride10.pt --gdm-steps 3 --accept-tau 0.233 --horizon 2 --receding-horizon 2 --source pretrained --h5 pusht_c2222.h5 --device cuda --mode long --episodes-file episodes/pusht_c2222.episodes25.json --goal-offset 25 --eval-budget 50 --num-eval 256 --score block --angles 20 5 --seed 44 --cem-seed 44
243	pusht	icem_router_tauown_a100	25	45	logs/rbUe_pusht_icem_router_tauown_a100_t25_seed45.log	python -m surveyor.envs.pusht.eval --solver icem --subgoal router+surveyor --gdm-ckpt gdm_stride10.pt --gdm-steps 3 --accept-tau 0.233 --horizon 2 --receding-horizon 2 --source pretrained --h5 pusht_c2222.h5 --device cuda --mode long --episodes-file episodes/pusht_c2222.episodes25.json --goal-offset 25 --eval-budget 50 --num-eval 256 --score block --angles 20 5 --seed 45 --cem-seed 45
244	pusht	icem_router_tauown_a100	25	46	logs/rbUe_pusht_icem_router_tauown_a100_t25_seed46.log	python -m surveyor.envs.pusht.eval --solver icem --subgoal router+surveyor --gdm-ckpt gdm_stride10.pt --gdm-steps 3 --accept-tau 0.233 --horizon 2 --receding-horizon 2 --source pretrained --h5 pusht_c2222.h5 --device cuda --mode long --episodes-file episodes/pusht_c2222.episodes25.json --goal-offset 25 --eval-budget 50 --num-eval 256 --score block --angles 20 5 --seed 46 --cem-seed 46
245	pusht	icem_router_tauown_a100	25	47	logs/rbUe_pusht_icem_router_tauown_a100_t25_seed47.log	python -m surveyor.envs.pusht.eval --solver icem --subgoal router+surveyor --gdm-ckpt gdm_stride10.pt --gdm-steps 3 --accept-tau 0.233 --horizon 2 --receding-horizon 2 --source pretrained --h5 pusht_c2222.h5 --device cuda --mode long --episodes-file episodes/pusht_c2222.episodes25.json --goal-offset 25 --eval-budget 50 --num-eval 256 --score block --angles 20 5 --seed 47 --cem-seed 47
246	pusht	icem_router_tauown_a100	25	48	logs/rbUe_pusht_icem_router_tauown_a100_t25_seed48.log	python -m surveyor.envs.pusht.eval --solver icem --subgoal router+surveyor --gdm-ckpt gdm_stride10.pt --gdm-steps 3 --accept-tau 0.233 --horizon 2 --receding-horizon 2 --source pretrained --h5 pusht_c2222.h5 --device cuda --mode long --episodes-file episodes/pusht_c2222.episodes25.json --goal-offset 25 --eval-budget 50 --num-eval 256 --score block --angles 20 5 --seed 48 --cem-seed 48
247	pusht	icem_router_tauown_a100	25	49	logs/rbUe_pusht_icem_router_tauown_a100_t25_seed49.log	python -m surveyor.envs.pusht.eval --solver icem --subgoal router+surveyor --gdm-ckpt gdm_stride10.pt --gdm-steps 3 --accept-tau 0.233 --horizon 2 --receding-horizon 2 --source pretrained --h5 pusht_c2222.h5 --device cuda --mode long --episodes-file episodes/pusht_c2222.episodes25.json --goal-offset 25 --eval-budget 50 --num-eval 256 --score block --angles 20 5 --seed 49 --cem-seed 49
248	pusht	icem_surveyor_tauown_a100	25	42	logs/rbUe_pusht_icem_surveyor_tauown_a100_t25_seed42.log	python -m surveyor.envs.pusht.eval --solver icem --subgoal surveyor --gdm-ckpt gdm_stride10.pt --gdm-steps 3 --accept-tau 0.233 --horizon 2 --receding-horizon 2 --source pretrained --h5 pusht_c2222.h5 --device cuda --mode long --episodes-file episodes/pusht_c2222.episodes25.json --goal-offset 25 --eval-budget 50 --num-eval 256 --score block --angles 20 5 --seed 42 --cem-seed 42
249	pusht	icem_surveyor_tauown_a100	25	43	logs/rbUe_pusht_icem_surveyor_tauown_a100_t25_seed43.log	python -m surveyor.envs.pusht.eval --solver icem --subgoal surveyor --gdm-ckpt gdm_stride10.pt --gdm-steps 3 --accept-tau 0.233 --horizon 2 --receding-horizon 2 --source pretrained --h5 pusht_c2222.h5 --device cuda --mode long --episodes-file episodes/pusht_c2222.episodes25.json --goal-offset 25 --eval-budget 50 --num-eval 256 --score block --angles 20 5 --seed 43 --cem-seed 43
250	pusht	icem_surveyor_tauown_a100	25	44	logs/rbUe_pusht_icem_surveyor_tauown_a100_t25_seed44.log	python -m surveyor.envs.pusht.eval --solver icem --subgoal surveyor --gdm-ckpt gdm_stride10.pt --gdm-steps 3 --accept-tau 0.233 --horizon 2 --receding-horizon 2 --source pretrained --h5 pusht_c2222.h5 --device cuda --mode long --episodes-file episodes/pusht_c2222.episodes25.json --goal-offset 25 --eval-budget 50 --num-eval 256 --score block --angles 20 5 --seed 44 --cem-seed 44
251	pusht	icem_surveyor_tauown_a100	25	45	logs/rbUe_pusht_icem_surveyor_tauown_a100_t25_seed45.log	python -m surveyor.envs.pusht.eval --solver icem --subgoal surveyor --gdm-ckpt gdm_stride10.pt --gdm-steps 3 --accept-tau 0.233 --horizon 2 --receding-horizon 2 --source pretrained --h5 pusht_c2222.h5 --device cuda --mode long --episodes-file episodes/pusht_c2222.episodes25.json --goal-offset 25 --eval-budget 50 --num-eval 256 --score block --angles 20 5 --seed 45 --cem-seed 45
252	pusht	icem_surveyor_tauown_a100	25	46	logs/rbUe_pusht_icem_surveyor_tauown_a100_t25_seed46.log	python -m surveyor.envs.pusht.eval --solver icem --subgoal surveyor --gdm-ckpt gdm_stride10.pt --gdm-steps 3 --accept-tau 0.233 --horizon 2 --receding-horizon 2 --source pretrained --h5 pusht_c2222.h5 --device cuda --mode long --episodes-file episodes/pusht_c2222.episodes25.json --goal-offset 25 --eval-budget 50 --num-eval 256 --score block --angles 20 5 --seed 46 --cem-seed 46
253	pusht	icem_surveyor_tauown_a100	25	47	logs/rbUe_pusht_icem_surveyor_tauown_a100_t25_seed47.log	python -m surveyor.envs.pusht.eval --solver icem --subgoal surveyor --gdm-ckpt gdm_stride10.pt --gdm-steps 3 --accept-tau 0.233 --horizon 2 --receding-horizon 2 --source pretrained --h5 pusht_c2222.h5 --device cuda --mode long --episodes-file episodes/pusht_c2222.episodes25.json --goal-offset 25 --eval-budget 50 --num-eval 256 --score block --angles 20 5 --seed 47 --cem-seed 47
254	pusht	icem_surveyor_tauown_a100	25	48	logs/rbUe_pusht_icem_surveyor_tauown_a100_t25_seed48.log	python -m surveyor.envs.pusht.eval --solver icem --subgoal surveyor --gdm-ckpt gdm_stride10.pt --gdm-steps 3 --accept-tau 0.233 --horizon 2 --receding-horizon 2 --source pretrained --h5 pusht_c2222.h5 --device cuda --mode long --episodes-file episodes/pusht_c2222.episodes25.json --goal-offset 25 --eval-budget 50 --num-eval 256 --score block --angles 20 5 --seed 48 --cem-seed 48
255	pusht	icem_surveyor_tauown_a100	25	49	logs/rbUe_pusht_icem_surveyor_tauown_a100_t25_seed49.log	python -m surveyor.envs.pusht.eval --solver icem --subgoal surveyor --gdm-ckpt gdm_stride10.pt --gdm-steps 3 --accept-tau 0.233 --horizon 2 --receding-horizon 2 --source pretrained --h5 pusht_c2222.h5 --device cuda --mode long --episodes-file episodes/pusht_c2222.episodes25.json --goal-offset 25 --eval-budget 50 --num-eval 256 --score block --angles 20 5 --seed 49 --cem-seed 49
256	pusht	mppi_flat_rh2_a100	25	42	logs/rbUe_pusht_mppi_flat_rh2_a100_t25_seed42.log	python -m surveyor.envs.pusht.eval --solver mppi --subgoal flat --horizon 2 --receding-horizon 2 --source pretrained --h5 pusht_c2222.h5 --device cuda --mode long --episodes-file episodes/pusht_c2222.episodes25.json --goal-offset 25 --eval-budget 50 --num-eval 256 --score block --angles 20 5 --seed 42 --cem-seed 42
257	pusht	mppi_flat_rh2_a100	25	43	logs/rbUe_pusht_mppi_flat_rh2_a100_t25_seed43.log	python -m surveyor.envs.pusht.eval --solver mppi --subgoal flat --horizon 2 --receding-horizon 2 --source pretrained --h5 pusht_c2222.h5 --device cuda --mode long --episodes-file episodes/pusht_c2222.episodes25.json --goal-offset 25 --eval-budget 50 --num-eval 256 --score block --angles 20 5 --seed 43 --cem-seed 43
258	pusht	mppi_flat_rh2_a100	25	44	logs/rbUe_pusht_mppi_flat_rh2_a100_t25_seed44.log	python -m surveyor.envs.pusht.eval --solver mppi --subgoal flat --horizon 2 --receding-horizon 2 --source pretrained --h5 pusht_c2222.h5 --device cuda --mode long --episodes-file episodes/pusht_c2222.episodes25.json --goal-offset 25 --eval-budget 50 --num-eval 256 --score block --angles 20 5 --seed 44 --cem-seed 44
259	pusht	mppi_flat_rh2_a100	25	45	logs/rbUe_pusht_mppi_flat_rh2_a100_t25_seed45.log	python -m surveyor.envs.pusht.eval --solver mppi --subgoal flat --horizon 2 --receding-horizon 2 --source pretrained --h5 pusht_c2222.h5 --device cuda --mode long --episodes-file episodes/pusht_c2222.episodes25.json --goal-offset 25 --eval-budget 50 --num-eval 256 --score block --angles 20 5 --seed 45 --cem-seed 45
260	pusht	mppi_flat_rh2_a100	25	46	logs/rbUe_pusht_mppi_flat_rh2_a100_t25_seed46.log	python -m surveyor.envs.pusht.eval --solver mppi --subgoal flat --horizon 2 --receding-horizon 2 --source pretrained --h5 pusht_c2222.h5 --device cuda --mode long --episodes-file episodes/pusht_c2222.episodes25.json --goal-offset 25 --eval-budget 50 --num-eval 256 --score block --angles 20 5 --seed 46 --cem-seed 46
261	pusht	mppi_flat_rh2_a100	25	47	logs/rbUe_pusht_mppi_flat_rh2_a100_t25_seed47.log	python -m surveyor.envs.pusht.eval --solver mppi --subgoal flat --horizon 2 --receding-horizon 2 --source pretrained --h5 pusht_c2222.h5 --device cuda --mode long --episodes-file episodes/pusht_c2222.episodes25.json --goal-offset 25 --eval-budget 50 --num-eval 256 --score block --angles 20 5 --seed 47 --cem-seed 47
262	pusht	mppi_flat_rh2_a100	25	48	logs/rbUe_pusht_mppi_flat_rh2_a100_t25_seed48.log	python -m surveyor.envs.pusht.eval --solver mppi --subgoal flat --horizon 2 --receding-horizon 2 --source pretrained --h5 pusht_c2222.h5 --device cuda --mode long --episodes-file episodes/pusht_c2222.episodes25.json --goal-offset 25 --eval-budget 50 --num-eval 256 --score block --angles 20 5 --seed 48 --cem-seed 48
263	pusht	mppi_flat_rh2_a100	25	49	logs/rbUe_pusht_mppi_flat_rh2_a100_t25_seed49.log	python -m surveyor.envs.pusht.eval --solver mppi --subgoal flat --horizon 2 --receding-horizon 2 --source pretrained --h5 pusht_c2222.h5 --device cuda --mode long --episodes-file episodes/pusht_c2222.episodes25.json --goal-offset 25 --eval-budget 50 --num-eval 256 --score block --angles 20 5 --seed 49 --cem-seed 49
264	pusht	mppi_router_tauown_a100	25	42	logs/rbUe_pusht_mppi_router_tauown_a100_t25_seed42.log	python -m surveyor.envs.pusht.eval --solver mppi --subgoal router+surveyor --gdm-ckpt gdm_stride10.pt --gdm-steps 3 --accept-tau 0.233 --horizon 2 --receding-horizon 2 --source pretrained --h5 pusht_c2222.h5 --device cuda --mode long --episodes-file episodes/pusht_c2222.episodes25.json --goal-offset 25 --eval-budget 50 --num-eval 256 --score block --angles 20 5 --seed 42 --cem-seed 42
265	pusht	mppi_router_tauown_a100	25	43	logs/rbUe_pusht_mppi_router_tauown_a100_t25_seed43.log	python -m surveyor.envs.pusht.eval --solver mppi --subgoal router+surveyor --gdm-ckpt gdm_stride10.pt --gdm-steps 3 --accept-tau 0.233 --horizon 2 --receding-horizon 2 --source pretrained --h5 pusht_c2222.h5 --device cuda --mode long --episodes-file episodes/pusht_c2222.episodes25.json --goal-offset 25 --eval-budget 50 --num-eval 256 --score block --angles 20 5 --seed 43 --cem-seed 43
266	pusht	mppi_router_tauown_a100	25	44	logs/rbUe_pusht_mppi_router_tauown_a100_t25_seed44.log	python -m surveyor.envs.pusht.eval --solver mppi --subgoal router+surveyor --gdm-ckpt gdm_stride10.pt --gdm-steps 3 --accept-tau 0.233 --horizon 2 --receding-horizon 2 --source pretrained --h5 pusht_c2222.h5 --device cuda --mode long --episodes-file episodes/pusht_c2222.episodes25.json --goal-offset 25 --eval-budget 50 --num-eval 256 --score block --angles 20 5 --seed 44 --cem-seed 44
267	pusht	mppi_router_tauown_a100	25	45	logs/rbUe_pusht_mppi_router_tauown_a100_t25_seed45.log	python -m surveyor.envs.pusht.eval --solver mppi --subgoal router+surveyor --gdm-ckpt gdm_stride10.pt --gdm-steps 3 --accept-tau 0.233 --horizon 2 --receding-horizon 2 --source pretrained --h5 pusht_c2222.h5 --device cuda --mode long --episodes-file episodes/pusht_c2222.episodes25.json --goal-offset 25 --eval-budget 50 --num-eval 256 --score block --angles 20 5 --seed 45 --cem-seed 45
268	pusht	mppi_router_tauown_a100	25	46	logs/rbUe_pusht_mppi_router_tauown_a100_t25_seed46.log	python -m surveyor.envs.pusht.eval --solver mppi --subgoal router+surveyor --gdm-ckpt gdm_stride10.pt --gdm-steps 3 --accept-tau 0.233 --horizon 2 --receding-horizon 2 --source pretrained --h5 pusht_c2222.h5 --device cuda --mode long --episodes-file episodes/pusht_c2222.episodes25.json --goal-offset 25 --eval-budget 50 --num-eval 256 --score block --angles 20 5 --seed 46 --cem-seed 46
269	pusht	mppi_router_tauown_a100	25	47	logs/rbUe_pusht_mppi_router_tauown_a100_t25_seed47.log	python -m surveyor.envs.pusht.eval --solver mppi --subgoal router+surveyor --gdm-ckpt gdm_stride10.pt --gdm-steps 3 --accept-tau 0.233 --horizon 2 --receding-horizon 2 --source pretrained --h5 pusht_c2222.h5 --device cuda --mode long --episodes-file episodes/pusht_c2222.episodes25.json --goal-offset 25 --eval-budget 50 --num-eval 256 --score block --angles 20 5 --seed 47 --cem-seed 47
270	pusht	mppi_router_tauown_a100	25	48	logs/rbUe_pusht_mppi_router_tauown_a100_t25_seed48.log	python -m surveyor.envs.pusht.eval --solver mppi --subgoal router+surveyor --gdm-ckpt gdm_stride10.pt --gdm-steps 3 --accept-tau 0.233 --horizon 2 --receding-horizon 2 --source pretrained --h5 pusht_c2222.h5 --device cuda --mode long --episodes-file episodes/pusht_c2222.episodes25.json --goal-offset 25 --eval-budget 50 --num-eval 256 --score block --angles 20 5 --seed 48 --cem-seed 48
271	pusht	mppi_router_tauown_a100	25	49	logs/rbUe_pusht_mppi_router_tauown_a100_t25_seed49.log	python -m surveyor.envs.pusht.eval --solver mppi --subgoal router+surveyor --gdm-ckpt gdm_stride10.pt --gdm-steps 3 --accept-tau 0.233 --horizon 2 --receding-horizon 2 --source pretrained --h5 pusht_c2222.h5 --device cuda --mode long --episodes-file episodes/pusht_c2222.episodes25.json --goal-offset 25 --eval-budget 50 --num-eval 256 --score block --angles 20 5 --seed 49 --cem-seed 49
272	pusht	mppi_surveyor_tauown_a100	25	42	logs/rbUe_pusht_mppi_surveyor_tauown_a100_t25_seed42.log	python -m surveyor.envs.pusht.eval --solver mppi --subgoal surveyor --gdm-ckpt gdm_stride10.pt --gdm-steps 3 --accept-tau 0.233 --horizon 2 --receding-horizon 2 --source pretrained --h5 pusht_c2222.h5 --device cuda --mode long --episodes-file episodes/pusht_c2222.episodes25.json --goal-offset 25 --eval-budget 50 --num-eval 256 --score block --angles 20 5 --seed 42 --cem-seed 42
273	pusht	mppi_surveyor_tauown_a100	25	43	logs/rbUe_pusht_mppi_surveyor_tauown_a100_t25_seed43.log	python -m surveyor.envs.pusht.eval --solver mppi --subgoal surveyor --gdm-ckpt gdm_stride10.pt --gdm-steps 3 --accept-tau 0.233 --horizon 2 --receding-horizon 2 --source pretrained --h5 pusht_c2222.h5 --device cuda --mode long --episodes-file episodes/pusht_c2222.episodes25.json --goal-offset 25 --eval-budget 50 --num-eval 256 --score block --angles 20 5 --seed 43 --cem-seed 43
274	pusht	mppi_surveyor_tauown_a100	25	44	logs/rbUe_pusht_mppi_surveyor_tauown_a100_t25_seed44.log	python -m surveyor.envs.pusht.eval --solver mppi --subgoal surveyor --gdm-ckpt gdm_stride10.pt --gdm-steps 3 --accept-tau 0.233 --horizon 2 --receding-horizon 2 --source pretrained --h5 pusht_c2222.h5 --device cuda --mode long --episodes-file episodes/pusht_c2222.episodes25.json --goal-offset 25 --eval-budget 50 --num-eval 256 --score block --angles 20 5 --seed 44 --cem-seed 44
275	pusht	mppi_surveyor_tauown_a100	25	45	logs/rbUe_pusht_mppi_surveyor_tauown_a100_t25_seed45.log	python -m surveyor.envs.pusht.eval --solver mppi --subgoal surveyor --gdm-ckpt gdm_stride10.pt --gdm-steps 3 --accept-tau 0.233 --horizon 2 --receding-horizon 2 --source pretrained --h5 pusht_c2222.h5 --device cuda --mode long --episodes-file episodes/pusht_c2222.episodes25.json --goal-offset 25 --eval-budget 50 --num-eval 256 --score block --angles 20 5 --seed 45 --cem-seed 45
276	pusht	mppi_surveyor_tauown_a100	25	46	logs/rbUe_pusht_mppi_surveyor_tauown_a100_t25_seed46.log	python -m surveyor.envs.pusht.eval --solver mppi --subgoal surveyor --gdm-ckpt gdm_stride10.pt --gdm-steps 3 --accept-tau 0.233 --horizon 2 --receding-horizon 2 --source pretrained --h5 pusht_c2222.h5 --device cuda --mode long --episodes-file episodes/pusht_c2222.episodes25.json --goal-offset 25 --eval-budget 50 --num-eval 256 --score block --angles 20 5 --seed 46 --cem-seed 46
277	pusht	mppi_surveyor_tauown_a100	25	47	logs/rbUe_pusht_mppi_surveyor_tauown_a100_t25_seed47.log	python -m surveyor.envs.pusht.eval --solver mppi --subgoal surveyor --gdm-ckpt gdm_stride10.pt --gdm-steps 3 --accept-tau 0.233 --horizon 2 --receding-horizon 2 --source pretrained --h5 pusht_c2222.h5 --device cuda --mode long --episodes-file episodes/pusht_c2222.episodes25.json --goal-offset 25 --eval-budget 50 --num-eval 256 --score block --angles 20 5 --seed 47 --cem-seed 47
278	pusht	mppi_surveyor_tauown_a100	25	48	logs/rbUe_pusht_mppi_surveyor_tauown_a100_t25_seed48.log	python -m surveyor.envs.pusht.eval --solver mppi --subgoal surveyor --gdm-ckpt gdm_stride10.pt --gdm-steps 3 --accept-tau 0.233 --horizon 2 --receding-horizon 2 --source pretrained --h5 pusht_c2222.h5 --device cuda --mode long --episodes-file episodes/pusht_c2222.episodes25.json --goal-offset 25 --eval-budget 50 --num-eval 256 --score block --angles 20 5 --seed 48 --cem-seed 48
279	pusht	mppi_surveyor_tauown_a100	25	49	logs/rbUe_pusht_mppi_surveyor_tauown_a100_t25_seed49.log	python -m surveyor.envs.pusht.eval --solver mppi --subgoal surveyor --gdm-ckpt gdm_stride10.pt --gdm-steps 3 --accept-tau 0.233 --horizon 2 --receding-horizon 2 --source pretrained --h5 pusht_c2222.h5 --device cuda --mode long --episodes-file episodes/pusht_c2222.episodes25.json --goal-offset 25 --eval-budget 50 --num-eval 256 --score block --angles 20 5 --seed 49 --cem-seed 49
280	pusht	router_tauown_a100	25	42	logs/rbUe_pusht_router_tauown_a100_t25_seed42.log	python -m surveyor.envs.pusht.eval --subgoal router+surveyor --gdm-ckpt gdm_stride10.pt --gdm-steps 3 --accept-tau 0.233 --horizon 2 --receding-horizon 2 --source pretrained --h5 pusht_c2222.h5 --device cuda --mode long --episodes-file episodes/pusht_c2222.episodes25.json --goal-offset 25 --eval-budget 50 --num-eval 256 --score block --angles 20 5 --seed 42 --cem-seed 42
281	pusht	router_tauown_a100	25	43	logs/rbUe_pusht_router_tauown_a100_t25_seed43.log	python -m surveyor.envs.pusht.eval --subgoal router+surveyor --gdm-ckpt gdm_stride10.pt --gdm-steps 3 --accept-tau 0.233 --horizon 2 --receding-horizon 2 --source pretrained --h5 pusht_c2222.h5 --device cuda --mode long --episodes-file episodes/pusht_c2222.episodes25.json --goal-offset 25 --eval-budget 50 --num-eval 256 --score block --angles 20 5 --seed 43 --cem-seed 43
282	pusht	router_tauown_a100	25	44	logs/rbUe_pusht_router_tauown_a100_t25_seed44.log	python -m surveyor.envs.pusht.eval --subgoal router+surveyor --gdm-ckpt gdm_stride10.pt --gdm-steps 3 --accept-tau 0.233 --horizon 2 --receding-horizon 2 --source pretrained --h5 pusht_c2222.h5 --device cuda --mode long --episodes-file episodes/pusht_c2222.episodes25.json --goal-offset 25 --eval-budget 50 --num-eval 256 --score block --angles 20 5 --seed 44 --cem-seed 44
283	pusht	router_tauown_a100	25	45	logs/rbUe_pusht_router_tauown_a100_t25_seed45.log	python -m surveyor.envs.pusht.eval --subgoal router+surveyor --gdm-ckpt gdm_stride10.pt --gdm-steps 3 --accept-tau 0.233 --horizon 2 --receding-horizon 2 --source pretrained --h5 pusht_c2222.h5 --device cuda --mode long --episodes-file episodes/pusht_c2222.episodes25.json --goal-offset 25 --eval-budget 50 --num-eval 256 --score block --angles 20 5 --seed 45 --cem-seed 45
284	pusht	router_tauown_a100	25	46	logs/rbUe_pusht_router_tauown_a100_t25_seed46.log	python -m surveyor.envs.pusht.eval --subgoal router+surveyor --gdm-ckpt gdm_stride10.pt --gdm-steps 3 --accept-tau 0.233 --horizon 2 --receding-horizon 2 --source pretrained --h5 pusht_c2222.h5 --device cuda --mode long --episodes-file episodes/pusht_c2222.episodes25.json --goal-offset 25 --eval-budget 50 --num-eval 256 --score block --angles 20 5 --seed 46 --cem-seed 46
285	pusht	router_tauown_a100	25	47	logs/rbUe_pusht_router_tauown_a100_t25_seed47.log	python -m surveyor.envs.pusht.eval --subgoal router+surveyor --gdm-ckpt gdm_stride10.pt --gdm-steps 3 --accept-tau 0.233 --horizon 2 --receding-horizon 2 --source pretrained --h5 pusht_c2222.h5 --device cuda --mode long --episodes-file episodes/pusht_c2222.episodes25.json --goal-offset 25 --eval-budget 50 --num-eval 256 --score block --angles 20 5 --seed 47 --cem-seed 47
286	pusht	router_tauown_a100	25	48	logs/rbUe_pusht_router_tauown_a100_t25_seed48.log	python -m surveyor.envs.pusht.eval --subgoal router+surveyor --gdm-ckpt gdm_stride10.pt --gdm-steps 3 --accept-tau 0.233 --horizon 2 --receding-horizon 2 --source pretrained --h5 pusht_c2222.h5 --device cuda --mode long --episodes-file episodes/pusht_c2222.episodes25.json --goal-offset 25 --eval-budget 50 --num-eval 256 --score block --angles 20 5 --seed 48 --cem-seed 48
287	pusht	router_tauown_a100	25	49	logs/rbUe_pusht_router_tauown_a100_t25_seed49.log	python -m surveyor.envs.pusht.eval --subgoal router+surveyor --gdm-ckpt gdm_stride10.pt --gdm-steps 3 --accept-tau 0.233 --horizon 2 --receding-horizon 2 --source pretrained --h5 pusht_c2222.h5 --device cuda --mode long --episodes-file episodes/pusht_c2222.episodes25.json --goal-offset 25 --eval-budget 50 --num-eval 256 --score block --angles 20 5 --seed 49 --cem-seed 49
288	pusht	surveyor_tauown_a100	25	42	logs/rbUe_pusht_surveyor_tauown_a100_t25_seed42.log	python -m surveyor.envs.pusht.eval --subgoal surveyor --gdm-ckpt gdm_stride10.pt --gdm-steps 3 --accept-tau 0.233 --horizon 2 --receding-horizon 2 --source pretrained --h5 pusht_c2222.h5 --device cuda --mode long --episodes-file episodes/pusht_c2222.episodes25.json --goal-offset 25 --eval-budget 50 --num-eval 256 --score block --angles 20 5 --seed 42 --cem-seed 42
289	pusht	surveyor_tauown_a100	25	43	logs/rbUe_pusht_surveyor_tauown_a100_t25_seed43.log	python -m surveyor.envs.pusht.eval --subgoal surveyor --gdm-ckpt gdm_stride10.pt --gdm-steps 3 --accept-tau 0.233 --horizon 2 --receding-horizon 2 --source pretrained --h5 pusht_c2222.h5 --device cuda --mode long --episodes-file episodes/pusht_c2222.episodes25.json --goal-offset 25 --eval-budget 50 --num-eval 256 --score block --angles 20 5 --seed 43 --cem-seed 43
290	pusht	surveyor_tauown_a100	25	44	logs/rbUe_pusht_surveyor_tauown_a100_t25_seed44.log	python -m surveyor.envs.pusht.eval --subgoal surveyor --gdm-ckpt gdm_stride10.pt --gdm-steps 3 --accept-tau 0.233 --horizon 2 --receding-horizon 2 --source pretrained --h5 pusht_c2222.h5 --device cuda --mode long --episodes-file episodes/pusht_c2222.episodes25.json --goal-offset 25 --eval-budget 50 --num-eval 256 --score block --angles 20 5 --seed 44 --cem-seed 44
291	pusht	surveyor_tauown_a100	25	45	logs/rbUe_pusht_surveyor_tauown_a100_t25_seed45.log	python -m surveyor.envs.pusht.eval --subgoal surveyor --gdm-ckpt gdm_stride10.pt --gdm-steps 3 --accept-tau 0.233 --horizon 2 --receding-horizon 2 --source pretrained --h5 pusht_c2222.h5 --device cuda --mode long --episodes-file episodes/pusht_c2222.episodes25.json --goal-offset 25 --eval-budget 50 --num-eval 256 --score block --angles 20 5 --seed 45 --cem-seed 45
292	pusht	surveyor_tauown_a100	25	46	logs/rbUe_pusht_surveyor_tauown_a100_t25_seed46.log	python -m surveyor.envs.pusht.eval --subgoal surveyor --gdm-ckpt gdm_stride10.pt --gdm-steps 3 --accept-tau 0.233 --horizon 2 --receding-horizon 2 --source pretrained --h5 pusht_c2222.h5 --device cuda --mode long --episodes-file episodes/pusht_c2222.episodes25.json --goal-offset 25 --eval-budget 50 --num-eval 256 --score block --angles 20 5 --seed 46 --cem-seed 46
293	pusht	surveyor_tauown_a100	25	47	logs/rbUe_pusht_surveyor_tauown_a100_t25_seed47.log	python -m surveyor.envs.pusht.eval --subgoal surveyor --gdm-ckpt gdm_stride10.pt --gdm-steps 3 --accept-tau 0.233 --horizon 2 --receding-horizon 2 --source pretrained --h5 pusht_c2222.h5 --device cuda --mode long --episodes-file episodes/pusht_c2222.episodes25.json --goal-offset 25 --eval-budget 50 --num-eval 256 --score block --angles 20 5 --seed 47 --cem-seed 47
294	pusht	surveyor_tauown_a100	25	48	logs/rbUe_pusht_surveyor_tauown_a100_t25_seed48.log	python -m surveyor.envs.pusht.eval --subgoal surveyor --gdm-ckpt gdm_stride10.pt --gdm-steps 3 --accept-tau 0.233 --horizon 2 --receding-horizon 2 --source pretrained --h5 pusht_c2222.h5 --device cuda --mode long --episodes-file episodes/pusht_c2222.episodes25.json --goal-offset 25 --eval-budget 50 --num-eval 256 --score block --angles 20 5 --seed 48 --cem-seed 48
295	pusht	surveyor_tauown_a100	25	49	logs/rbUe_pusht_surveyor_tauown_a100_t25_seed49.log	python -m surveyor.envs.pusht.eval --subgoal surveyor --gdm-ckpt gdm_stride10.pt --gdm-steps 3 --accept-tau 0.233 --horizon 2 --receding-horizon 2 --source pretrained --h5 pusht_c2222.h5 --device cuda --mode long --episodes-file episodes/pusht_c2222.episodes25.json --goal-offset 25 --eval-budget 50 --num-eval 256 --score block --angles 20 5 --seed 49 --cem-seed 49
296	cube	gd_blindk_a100	25	42	logs/rbUe_cube_gd_blindk_a100_t25_seed42.log	python -m surveyor.envs.cube.eval --solver gd --subgoal surveyor --gdm-ckpt gdm_cube_s10_gc.pt --gdm-steps 3 --accept-tau 999 --horizon 2 --receding-horizon 2 --num-samples 600 --n-steps 30 --source pretrained --encoder-id quentinll/lewm-cube --h5 "$CUBE_H5" --device cuda --goal-offset 25 --eval-budget 50 --num-eval 128 --seed 42 --cem-seed 42 --episodes-file episodes/cube_c2222.episodes25.json
297	cube	gd_blindk_a100	25	43	logs/rbUe_cube_gd_blindk_a100_t25_seed43.log	python -m surveyor.envs.cube.eval --solver gd --subgoal surveyor --gdm-ckpt gdm_cube_s10_gc.pt --gdm-steps 3 --accept-tau 999 --horizon 2 --receding-horizon 2 --num-samples 600 --n-steps 30 --source pretrained --encoder-id quentinll/lewm-cube --h5 "$CUBE_H5" --device cuda --goal-offset 25 --eval-budget 50 --num-eval 128 --seed 43 --cem-seed 43 --episodes-file episodes/cube_c2222.episodes25.json
298	cube	gd_blindk_a100	25	44	logs/rbUe_cube_gd_blindk_a100_t25_seed44.log	python -m surveyor.envs.cube.eval --solver gd --subgoal surveyor --gdm-ckpt gdm_cube_s10_gc.pt --gdm-steps 3 --accept-tau 999 --horizon 2 --receding-horizon 2 --num-samples 600 --n-steps 30 --source pretrained --encoder-id quentinll/lewm-cube --h5 "$CUBE_H5" --device cuda --goal-offset 25 --eval-budget 50 --num-eval 128 --seed 44 --cem-seed 44 --episodes-file episodes/cube_c2222.episodes25.json
299	cube	gd_blindk_a100	25	45	logs/rbUe_cube_gd_blindk_a100_t25_seed45.log	python -m surveyor.envs.cube.eval --solver gd --subgoal surveyor --gdm-ckpt gdm_cube_s10_gc.pt --gdm-steps 3 --accept-tau 999 --horizon 2 --receding-horizon 2 --num-samples 600 --n-steps 30 --source pretrained --encoder-id quentinll/lewm-cube --h5 "$CUBE_H5" --device cuda --goal-offset 25 --eval-budget 50 --num-eval 128 --seed 45 --cem-seed 45 --episodes-file episodes/cube_c2222.episodes25.json
300	cube	gd_blindk_a100	25	46	logs/rbUe_cube_gd_blindk_a100_t25_seed46.log	python -m surveyor.envs.cube.eval --solver gd --subgoal surveyor --gdm-ckpt gdm_cube_s10_gc.pt --gdm-steps 3 --accept-tau 999 --horizon 2 --receding-horizon 2 --num-samples 600 --n-steps 30 --source pretrained --encoder-id quentinll/lewm-cube --h5 "$CUBE_H5" --device cuda --goal-offset 25 --eval-budget 50 --num-eval 128 --seed 46 --cem-seed 46 --episodes-file episodes/cube_c2222.episodes25.json
301	cube	gd_blindk_a100	25	47	logs/rbUe_cube_gd_blindk_a100_t25_seed47.log	python -m surveyor.envs.cube.eval --solver gd --subgoal surveyor --gdm-ckpt gdm_cube_s10_gc.pt --gdm-steps 3 --accept-tau 999 --horizon 2 --receding-horizon 2 --num-samples 600 --n-steps 30 --source pretrained --encoder-id quentinll/lewm-cube --h5 "$CUBE_H5" --device cuda --goal-offset 25 --eval-budget 50 --num-eval 128 --seed 47 --cem-seed 47 --episodes-file episodes/cube_c2222.episodes25.json
302	cube	gd_blindk_a100	25	48	logs/rbUe_cube_gd_blindk_a100_t25_seed48.log	python -m surveyor.envs.cube.eval --solver gd --subgoal surveyor --gdm-ckpt gdm_cube_s10_gc.pt --gdm-steps 3 --accept-tau 999 --horizon 2 --receding-horizon 2 --num-samples 600 --n-steps 30 --source pretrained --encoder-id quentinll/lewm-cube --h5 "$CUBE_H5" --device cuda --goal-offset 25 --eval-budget 50 --num-eval 128 --seed 48 --cem-seed 48 --episodes-file episodes/cube_c2222.episodes25.json
303	cube	gd_blindk_a100	25	49	logs/rbUe_cube_gd_blindk_a100_t25_seed49.log	python -m surveyor.envs.cube.eval --solver gd --subgoal surveyor --gdm-ckpt gdm_cube_s10_gc.pt --gdm-steps 3 --accept-tau 999 --horizon 2 --receding-horizon 2 --num-samples 600 --n-steps 30 --source pretrained --encoder-id quentinll/lewm-cube --h5 "$CUBE_H5" --device cuda --goal-offset 25 --eval-budget 50 --num-eval 128 --seed 49 --cem-seed 49 --episodes-file episodes/cube_c2222.episodes25.json
304	cube	gd_ffjepa_s10k3_a100	25	42	logs/rbUe_cube_gd_ffjepa_s10k3_a100_t25_seed42.log	python -m surveyor.envs.cube.eval --solver gd --subgoal ffjepa --gdm-ckpt gdm_cube_s10_gc.pt --gdm-steps 3 --horizon 2 --receding-horizon 2 --num-samples 600 --n-steps 30 --source pretrained --encoder-id quentinll/lewm-cube --h5 "$CUBE_H5" --device cuda --goal-offset 25 --eval-budget 50 --num-eval 128 --seed 42 --cem-seed 42 --episodes-file episodes/cube_c2222.episodes25.json
305	cube	gd_ffjepa_s10k3_a100	25	43	logs/rbUe_cube_gd_ffjepa_s10k3_a100_t25_seed43.log	python -m surveyor.envs.cube.eval --solver gd --subgoal ffjepa --gdm-ckpt gdm_cube_s10_gc.pt --gdm-steps 3 --horizon 2 --receding-horizon 2 --num-samples 600 --n-steps 30 --source pretrained --encoder-id quentinll/lewm-cube --h5 "$CUBE_H5" --device cuda --goal-offset 25 --eval-budget 50 --num-eval 128 --seed 43 --cem-seed 43 --episodes-file episodes/cube_c2222.episodes25.json
306	cube	gd_ffjepa_s10k3_a100	25	44	logs/rbUe_cube_gd_ffjepa_s10k3_a100_t25_seed44.log	python -m surveyor.envs.cube.eval --solver gd --subgoal ffjepa --gdm-ckpt gdm_cube_s10_gc.pt --gdm-steps 3 --horizon 2 --receding-horizon 2 --num-samples 600 --n-steps 30 --source pretrained --encoder-id quentinll/lewm-cube --h5 "$CUBE_H5" --device cuda --goal-offset 25 --eval-budget 50 --num-eval 128 --seed 44 --cem-seed 44 --episodes-file episodes/cube_c2222.episodes25.json
307	cube	gd_ffjepa_s10k3_a100	25	45	logs/rbUe_cube_gd_ffjepa_s10k3_a100_t25_seed45.log	python -m surveyor.envs.cube.eval --solver gd --subgoal ffjepa --gdm-ckpt gdm_cube_s10_gc.pt --gdm-steps 3 --horizon 2 --receding-horizon 2 --num-samples 600 --n-steps 30 --source pretrained --encoder-id quentinll/lewm-cube --h5 "$CUBE_H5" --device cuda --goal-offset 25 --eval-budget 50 --num-eval 128 --seed 45 --cem-seed 45 --episodes-file episodes/cube_c2222.episodes25.json
308	cube	gd_ffjepa_s10k3_a100	25	46	logs/rbUe_cube_gd_ffjepa_s10k3_a100_t25_seed46.log	python -m surveyor.envs.cube.eval --solver gd --subgoal ffjepa --gdm-ckpt gdm_cube_s10_gc.pt --gdm-steps 3 --horizon 2 --receding-horizon 2 --num-samples 600 --n-steps 30 --source pretrained --encoder-id quentinll/lewm-cube --h5 "$CUBE_H5" --device cuda --goal-offset 25 --eval-budget 50 --num-eval 128 --seed 46 --cem-seed 46 --episodes-file episodes/cube_c2222.episodes25.json
309	cube	gd_ffjepa_s10k3_a100	25	47	logs/rbUe_cube_gd_ffjepa_s10k3_a100_t25_seed47.log	python -m surveyor.envs.cube.eval --solver gd --subgoal ffjepa --gdm-ckpt gdm_cube_s10_gc.pt --gdm-steps 3 --horizon 2 --receding-horizon 2 --num-samples 600 --n-steps 30 --source pretrained --encoder-id quentinll/lewm-cube --h5 "$CUBE_H5" --device cuda --goal-offset 25 --eval-budget 50 --num-eval 128 --seed 47 --cem-seed 47 --episodes-file episodes/cube_c2222.episodes25.json
310	cube	gd_ffjepa_s10k3_a100	25	48	logs/rbUe_cube_gd_ffjepa_s10k3_a100_t25_seed48.log	python -m surveyor.envs.cube.eval --solver gd --subgoal ffjepa --gdm-ckpt gdm_cube_s10_gc.pt --gdm-steps 3 --horizon 2 --receding-horizon 2 --num-samples 600 --n-steps 30 --source pretrained --encoder-id quentinll/lewm-cube --h5 "$CUBE_H5" --device cuda --goal-offset 25 --eval-budget 50 --num-eval 128 --seed 48 --cem-seed 48 --episodes-file episodes/cube_c2222.episodes25.json
311	cube	gd_ffjepa_s10k3_a100	25	49	logs/rbUe_cube_gd_ffjepa_s10k3_a100_t25_seed49.log	python -m surveyor.envs.cube.eval --solver gd --subgoal ffjepa --gdm-ckpt gdm_cube_s10_gc.pt --gdm-steps 3 --horizon 2 --receding-horizon 2 --num-samples 600 --n-steps 30 --source pretrained --encoder-id quentinll/lewm-cube --h5 "$CUBE_H5" --device cuda --goal-offset 25 --eval-budget 50 --num-eval 128 --seed 49 --cem-seed 49 --episodes-file episodes/cube_c2222.episodes25.json
312	cube	gd_flat_rh2_a100	25	42	logs/rbUe_cube_gd_flat_rh2_a100_t25_seed42.log	python -m surveyor.envs.cube.eval --solver gd --subgoal flat --horizon 2 --receding-horizon 2 --num-samples 600 --n-steps 30 --source pretrained --encoder-id quentinll/lewm-cube --h5 "$CUBE_H5" --device cuda --goal-offset 25 --eval-budget 50 --num-eval 128 --seed 42 --cem-seed 42 --episodes-file episodes/cube_c2222.episodes25.json
313	cube	gd_flat_rh2_a100	25	43	logs/rbUe_cube_gd_flat_rh2_a100_t25_seed43.log	python -m surveyor.envs.cube.eval --solver gd --subgoal flat --horizon 2 --receding-horizon 2 --num-samples 600 --n-steps 30 --source pretrained --encoder-id quentinll/lewm-cube --h5 "$CUBE_H5" --device cuda --goal-offset 25 --eval-budget 50 --num-eval 128 --seed 43 --cem-seed 43 --episodes-file episodes/cube_c2222.episodes25.json
314	cube	gd_flat_rh2_a100	25	44	logs/rbUe_cube_gd_flat_rh2_a100_t25_seed44.log	python -m surveyor.envs.cube.eval --solver gd --subgoal flat --horizon 2 --receding-horizon 2 --num-samples 600 --n-steps 30 --source pretrained --encoder-id quentinll/lewm-cube --h5 "$CUBE_H5" --device cuda --goal-offset 25 --eval-budget 50 --num-eval 128 --seed 44 --cem-seed 44 --episodes-file episodes/cube_c2222.episodes25.json
315	cube	gd_flat_rh2_a100	25	45	logs/rbUe_cube_gd_flat_rh2_a100_t25_seed45.log	python -m surveyor.envs.cube.eval --solver gd --subgoal flat --horizon 2 --receding-horizon 2 --num-samples 600 --n-steps 30 --source pretrained --encoder-id quentinll/lewm-cube --h5 "$CUBE_H5" --device cuda --goal-offset 25 --eval-budget 50 --num-eval 128 --seed 45 --cem-seed 45 --episodes-file episodes/cube_c2222.episodes25.json
316	cube	gd_flat_rh2_a100	25	46	logs/rbUe_cube_gd_flat_rh2_a100_t25_seed46.log	python -m surveyor.envs.cube.eval --solver gd --subgoal flat --horizon 2 --receding-horizon 2 --num-samples 600 --n-steps 30 --source pretrained --encoder-id quentinll/lewm-cube --h5 "$CUBE_H5" --device cuda --goal-offset 25 --eval-budget 50 --num-eval 128 --seed 46 --cem-seed 46 --episodes-file episodes/cube_c2222.episodes25.json
317	cube	gd_flat_rh2_a100	25	47	logs/rbUe_cube_gd_flat_rh2_a100_t25_seed47.log	python -m surveyor.envs.cube.eval --solver gd --subgoal flat --horizon 2 --receding-horizon 2 --num-samples 600 --n-steps 30 --source pretrained --encoder-id quentinll/lewm-cube --h5 "$CUBE_H5" --device cuda --goal-offset 25 --eval-budget 50 --num-eval 128 --seed 47 --cem-seed 47 --episodes-file episodes/cube_c2222.episodes25.json
318	cube	gd_flat_rh2_a100	25	48	logs/rbUe_cube_gd_flat_rh2_a100_t25_seed48.log	python -m surveyor.envs.cube.eval --solver gd --subgoal flat --horizon 2 --receding-horizon 2 --num-samples 600 --n-steps 30 --source pretrained --encoder-id quentinll/lewm-cube --h5 "$CUBE_H5" --device cuda --goal-offset 25 --eval-budget 50 --num-eval 128 --seed 48 --cem-seed 48 --episodes-file episodes/cube_c2222.episodes25.json
319	cube	gd_flat_rh2_a100	25	49	logs/rbUe_cube_gd_flat_rh2_a100_t25_seed49.log	python -m surveyor.envs.cube.eval --solver gd --subgoal flat --horizon 2 --receding-horizon 2 --num-samples 600 --n-steps 30 --source pretrained --encoder-id quentinll/lewm-cube --h5 "$CUBE_H5" --device cuda --goal-offset 25 --eval-budget 50 --num-eval 128 --seed 49 --cem-seed 49 --episodes-file episodes/cube_c2222.episodes25.json
320	cube	gd_router_tauown_a100	25	42	logs/rbUe_cube_gd_router_tauown_a100_t25_seed42.log	python -m surveyor.envs.cube.eval --solver gd --subgoal router+surveyor --gdm-ckpt gdm_cube_s10_gc.pt --gdm-steps 3 --accept-tau 0.794 --horizon 2 --receding-horizon 2 --num-samples 600 --n-steps 30 --source pretrained --encoder-id quentinll/lewm-cube --h5 "$CUBE_H5" --device cuda --goal-offset 25 --eval-budget 50 --num-eval 128 --seed 42 --cem-seed 42 --episodes-file episodes/cube_c2222.episodes25.json
321	cube	gd_router_tauown_a100	25	43	logs/rbUe_cube_gd_router_tauown_a100_t25_seed43.log	python -m surveyor.envs.cube.eval --solver gd --subgoal router+surveyor --gdm-ckpt gdm_cube_s10_gc.pt --gdm-steps 3 --accept-tau 0.794 --horizon 2 --receding-horizon 2 --num-samples 600 --n-steps 30 --source pretrained --encoder-id quentinll/lewm-cube --h5 "$CUBE_H5" --device cuda --goal-offset 25 --eval-budget 50 --num-eval 128 --seed 43 --cem-seed 43 --episodes-file episodes/cube_c2222.episodes25.json
322	cube	gd_router_tauown_a100	25	44	logs/rbUe_cube_gd_router_tauown_a100_t25_seed44.log	python -m surveyor.envs.cube.eval --solver gd --subgoal router+surveyor --gdm-ckpt gdm_cube_s10_gc.pt --gdm-steps 3 --accept-tau 0.794 --horizon 2 --receding-horizon 2 --num-samples 600 --n-steps 30 --source pretrained --encoder-id quentinll/lewm-cube --h5 "$CUBE_H5" --device cuda --goal-offset 25 --eval-budget 50 --num-eval 128 --seed 44 --cem-seed 44 --episodes-file episodes/cube_c2222.episodes25.json
323	cube	gd_router_tauown_a100	25	45	logs/rbUe_cube_gd_router_tauown_a100_t25_seed45.log	python -m surveyor.envs.cube.eval --solver gd --subgoal router+surveyor --gdm-ckpt gdm_cube_s10_gc.pt --gdm-steps 3 --accept-tau 0.794 --horizon 2 --receding-horizon 2 --num-samples 600 --n-steps 30 --source pretrained --encoder-id quentinll/lewm-cube --h5 "$CUBE_H5" --device cuda --goal-offset 25 --eval-budget 50 --num-eval 128 --seed 45 --cem-seed 45 --episodes-file episodes/cube_c2222.episodes25.json
324	cube	gd_router_tauown_a100	25	46	logs/rbUe_cube_gd_router_tauown_a100_t25_seed46.log	python -m surveyor.envs.cube.eval --solver gd --subgoal router+surveyor --gdm-ckpt gdm_cube_s10_gc.pt --gdm-steps 3 --accept-tau 0.794 --horizon 2 --receding-horizon 2 --num-samples 600 --n-steps 30 --source pretrained --encoder-id quentinll/lewm-cube --h5 "$CUBE_H5" --device cuda --goal-offset 25 --eval-budget 50 --num-eval 128 --seed 46 --cem-seed 46 --episodes-file episodes/cube_c2222.episodes25.json
325	cube	gd_router_tauown_a100	25	47	logs/rbUe_cube_gd_router_tauown_a100_t25_seed47.log	python -m surveyor.envs.cube.eval --solver gd --subgoal router+surveyor --gdm-ckpt gdm_cube_s10_gc.pt --gdm-steps 3 --accept-tau 0.794 --horizon 2 --receding-horizon 2 --num-samples 600 --n-steps 30 --source pretrained --encoder-id quentinll/lewm-cube --h5 "$CUBE_H5" --device cuda --goal-offset 25 --eval-budget 50 --num-eval 128 --seed 47 --cem-seed 47 --episodes-file episodes/cube_c2222.episodes25.json
326	cube	gd_router_tauown_a100	25	48	logs/rbUe_cube_gd_router_tauown_a100_t25_seed48.log	python -m surveyor.envs.cube.eval --solver gd --subgoal router+surveyor --gdm-ckpt gdm_cube_s10_gc.pt --gdm-steps 3 --accept-tau 0.794 --horizon 2 --receding-horizon 2 --num-samples 600 --n-steps 30 --source pretrained --encoder-id quentinll/lewm-cube --h5 "$CUBE_H5" --device cuda --goal-offset 25 --eval-budget 50 --num-eval 128 --seed 48 --cem-seed 48 --episodes-file episodes/cube_c2222.episodes25.json
327	cube	gd_router_tauown_a100	25	49	logs/rbUe_cube_gd_router_tauown_a100_t25_seed49.log	python -m surveyor.envs.cube.eval --solver gd --subgoal router+surveyor --gdm-ckpt gdm_cube_s10_gc.pt --gdm-steps 3 --accept-tau 0.794 --horizon 2 --receding-horizon 2 --num-samples 600 --n-steps 30 --source pretrained --encoder-id quentinll/lewm-cube --h5 "$CUBE_H5" --device cuda --goal-offset 25 --eval-budget 50 --num-eval 128 --seed 49 --cem-seed 49 --episodes-file episodes/cube_c2222.episodes25.json
328	cube	gd_surveyor_tauown_a100	25	42	logs/rbUe_cube_gd_surveyor_tauown_a100_t25_seed42.log	python -m surveyor.envs.cube.eval --solver gd --subgoal surveyor --gdm-ckpt gdm_cube_s10_gc.pt --gdm-steps 3 --accept-tau 0.794 --horizon 2 --receding-horizon 2 --num-samples 600 --n-steps 30 --source pretrained --encoder-id quentinll/lewm-cube --h5 "$CUBE_H5" --device cuda --goal-offset 25 --eval-budget 50 --num-eval 128 --seed 42 --cem-seed 42 --episodes-file episodes/cube_c2222.episodes25.json
329	cube	gd_surveyor_tauown_a100	25	43	logs/rbUe_cube_gd_surveyor_tauown_a100_t25_seed43.log	python -m surveyor.envs.cube.eval --solver gd --subgoal surveyor --gdm-ckpt gdm_cube_s10_gc.pt --gdm-steps 3 --accept-tau 0.794 --horizon 2 --receding-horizon 2 --num-samples 600 --n-steps 30 --source pretrained --encoder-id quentinll/lewm-cube --h5 "$CUBE_H5" --device cuda --goal-offset 25 --eval-budget 50 --num-eval 128 --seed 43 --cem-seed 43 --episodes-file episodes/cube_c2222.episodes25.json
330	cube	gd_surveyor_tauown_a100	25	44	logs/rbUe_cube_gd_surveyor_tauown_a100_t25_seed44.log	python -m surveyor.envs.cube.eval --solver gd --subgoal surveyor --gdm-ckpt gdm_cube_s10_gc.pt --gdm-steps 3 --accept-tau 0.794 --horizon 2 --receding-horizon 2 --num-samples 600 --n-steps 30 --source pretrained --encoder-id quentinll/lewm-cube --h5 "$CUBE_H5" --device cuda --goal-offset 25 --eval-budget 50 --num-eval 128 --seed 44 --cem-seed 44 --episodes-file episodes/cube_c2222.episodes25.json
331	cube	gd_surveyor_tauown_a100	25	45	logs/rbUe_cube_gd_surveyor_tauown_a100_t25_seed45.log	python -m surveyor.envs.cube.eval --solver gd --subgoal surveyor --gdm-ckpt gdm_cube_s10_gc.pt --gdm-steps 3 --accept-tau 0.794 --horizon 2 --receding-horizon 2 --num-samples 600 --n-steps 30 --source pretrained --encoder-id quentinll/lewm-cube --h5 "$CUBE_H5" --device cuda --goal-offset 25 --eval-budget 50 --num-eval 128 --seed 45 --cem-seed 45 --episodes-file episodes/cube_c2222.episodes25.json
332	cube	gd_surveyor_tauown_a100	25	46	logs/rbUe_cube_gd_surveyor_tauown_a100_t25_seed46.log	python -m surveyor.envs.cube.eval --solver gd --subgoal surveyor --gdm-ckpt gdm_cube_s10_gc.pt --gdm-steps 3 --accept-tau 0.794 --horizon 2 --receding-horizon 2 --num-samples 600 --n-steps 30 --source pretrained --encoder-id quentinll/lewm-cube --h5 "$CUBE_H5" --device cuda --goal-offset 25 --eval-budget 50 --num-eval 128 --seed 46 --cem-seed 46 --episodes-file episodes/cube_c2222.episodes25.json
333	cube	gd_surveyor_tauown_a100	25	47	logs/rbUe_cube_gd_surveyor_tauown_a100_t25_seed47.log	python -m surveyor.envs.cube.eval --solver gd --subgoal surveyor --gdm-ckpt gdm_cube_s10_gc.pt --gdm-steps 3 --accept-tau 0.794 --horizon 2 --receding-horizon 2 --num-samples 600 --n-steps 30 --source pretrained --encoder-id quentinll/lewm-cube --h5 "$CUBE_H5" --device cuda --goal-offset 25 --eval-budget 50 --num-eval 128 --seed 47 --cem-seed 47 --episodes-file episodes/cube_c2222.episodes25.json
334	cube	gd_surveyor_tauown_a100	25	48	logs/rbUe_cube_gd_surveyor_tauown_a100_t25_seed48.log	python -m surveyor.envs.cube.eval --solver gd --subgoal surveyor --gdm-ckpt gdm_cube_s10_gc.pt --gdm-steps 3 --accept-tau 0.794 --horizon 2 --receding-horizon 2 --num-samples 600 --n-steps 30 --source pretrained --encoder-id quentinll/lewm-cube --h5 "$CUBE_H5" --device cuda --goal-offset 25 --eval-budget 50 --num-eval 128 --seed 48 --cem-seed 48 --episodes-file episodes/cube_c2222.episodes25.json
335	cube	gd_surveyor_tauown_a100	25	49	logs/rbUe_cube_gd_surveyor_tauown_a100_t25_seed49.log	python -m surveyor.envs.cube.eval --solver gd --subgoal surveyor --gdm-ckpt gdm_cube_s10_gc.pt --gdm-steps 3 --accept-tau 0.794 --horizon 2 --receding-horizon 2 --num-samples 600 --n-steps 30 --source pretrained --encoder-id quentinll/lewm-cube --h5 "$CUBE_H5" --device cuda --goal-offset 25 --eval-budget 50 --num-eval 128 --seed 49 --cem-seed 49 --episodes-file episodes/cube_c2222.episodes25.json
336	reacher	gd_blind2_a100	25	42	logs/rbUe_reacher_gd_blind2_a100_t25_seed42.log	python -m surveyor.envs.reacher.eval --solver gd --subgoal dspark --no-refine --commit fixed --commit-k 2 --gdm-ckpt gdm_reacher_s10.pt --gdm-steps 8 --horizon 2 --receding-horizon 2 --source local --local-dir encoder_reacher --h5 "$REACHER_H5" --device cuda --num-eval 128 --seed 42 --cem-seed 42 --episodes-file episodes/reacher_c2222.ep100.s2222.json --goal-offset 25 --eval-budget 50
337	reacher	gd_blind2_a100	25	43	logs/rbUe_reacher_gd_blind2_a100_t25_seed43.log	python -m surveyor.envs.reacher.eval --solver gd --subgoal dspark --no-refine --commit fixed --commit-k 2 --gdm-ckpt gdm_reacher_s10.pt --gdm-steps 8 --horizon 2 --receding-horizon 2 --source local --local-dir encoder_reacher --h5 "$REACHER_H5" --device cuda --num-eval 128 --seed 43 --cem-seed 43 --episodes-file episodes/reacher_c2222.ep100.s2222.json --goal-offset 25 --eval-budget 50
338	reacher	gd_blind2_a100	25	44	logs/rbUe_reacher_gd_blind2_a100_t25_seed44.log	python -m surveyor.envs.reacher.eval --solver gd --subgoal dspark --no-refine --commit fixed --commit-k 2 --gdm-ckpt gdm_reacher_s10.pt --gdm-steps 8 --horizon 2 --receding-horizon 2 --source local --local-dir encoder_reacher --h5 "$REACHER_H5" --device cuda --num-eval 128 --seed 44 --cem-seed 44 --episodes-file episodes/reacher_c2222.ep100.s2222.json --goal-offset 25 --eval-budget 50
339	reacher	gd_blind2_a100	25	45	logs/rbUe_reacher_gd_blind2_a100_t25_seed45.log	python -m surveyor.envs.reacher.eval --solver gd --subgoal dspark --no-refine --commit fixed --commit-k 2 --gdm-ckpt gdm_reacher_s10.pt --gdm-steps 8 --horizon 2 --receding-horizon 2 --source local --local-dir encoder_reacher --h5 "$REACHER_H5" --device cuda --num-eval 128 --seed 45 --cem-seed 45 --episodes-file episodes/reacher_c2222.ep100.s2222.json --goal-offset 25 --eval-budget 50
340	reacher	gd_blind2_a100	25	46	logs/rbUe_reacher_gd_blind2_a100_t25_seed46.log	python -m surveyor.envs.reacher.eval --solver gd --subgoal dspark --no-refine --commit fixed --commit-k 2 --gdm-ckpt gdm_reacher_s10.pt --gdm-steps 8 --horizon 2 --receding-horizon 2 --source local --local-dir encoder_reacher --h5 "$REACHER_H5" --device cuda --num-eval 128 --seed 46 --cem-seed 46 --episodes-file episodes/reacher_c2222.ep100.s2222.json --goal-offset 25 --eval-budget 50
341	reacher	gd_blind2_a100	25	47	logs/rbUe_reacher_gd_blind2_a100_t25_seed47.log	python -m surveyor.envs.reacher.eval --solver gd --subgoal dspark --no-refine --commit fixed --commit-k 2 --gdm-ckpt gdm_reacher_s10.pt --gdm-steps 8 --horizon 2 --receding-horizon 2 --source local --local-dir encoder_reacher --h5 "$REACHER_H5" --device cuda --num-eval 128 --seed 47 --cem-seed 47 --episodes-file episodes/reacher_c2222.ep100.s2222.json --goal-offset 25 --eval-budget 50
342	reacher	gd_blind2_a100	25	48	logs/rbUe_reacher_gd_blind2_a100_t25_seed48.log	python -m surveyor.envs.reacher.eval --solver gd --subgoal dspark --no-refine --commit fixed --commit-k 2 --gdm-ckpt gdm_reacher_s10.pt --gdm-steps 8 --horizon 2 --receding-horizon 2 --source local --local-dir encoder_reacher --h5 "$REACHER_H5" --device cuda --num-eval 128 --seed 48 --cem-seed 48 --episodes-file episodes/reacher_c2222.ep100.s2222.json --goal-offset 25 --eval-budget 50
343	reacher	gd_blind2_a100	25	49	logs/rbUe_reacher_gd_blind2_a100_t25_seed49.log	python -m surveyor.envs.reacher.eval --solver gd --subgoal dspark --no-refine --commit fixed --commit-k 2 --gdm-ckpt gdm_reacher_s10.pt --gdm-steps 8 --horizon 2 --receding-horizon 2 --source local --local-dir encoder_reacher --h5 "$REACHER_H5" --device cuda --num-eval 128 --seed 49 --cem-seed 49 --episodes-file episodes/reacher_c2222.ep100.s2222.json --goal-offset 25 --eval-budget 50
344	reacher	gd_blindk_a100	25	42	logs/rbUe_reacher_gd_blindk_a100_t25_seed42.log	python -m surveyor.envs.reacher.eval --solver gd --subgoal surveyor --gdm-ckpt gdm_reacher_s10.pt --gdm-steps 8 --accept-tau 999 --horizon 2 --receding-horizon 2 --source local --local-dir encoder_reacher --h5 "$REACHER_H5" --device cuda --num-eval 128 --seed 42 --cem-seed 42 --episodes-file episodes/reacher_c2222.ep100.s2222.json --goal-offset 25 --eval-budget 50
345	reacher	gd_blindk_a100	25	43	logs/rbUe_reacher_gd_blindk_a100_t25_seed43.log	python -m surveyor.envs.reacher.eval --solver gd --subgoal surveyor --gdm-ckpt gdm_reacher_s10.pt --gdm-steps 8 --accept-tau 999 --horizon 2 --receding-horizon 2 --source local --local-dir encoder_reacher --h5 "$REACHER_H5" --device cuda --num-eval 128 --seed 43 --cem-seed 43 --episodes-file episodes/reacher_c2222.ep100.s2222.json --goal-offset 25 --eval-budget 50
346	reacher	gd_blindk_a100	25	44	logs/rbUe_reacher_gd_blindk_a100_t25_seed44.log	python -m surveyor.envs.reacher.eval --solver gd --subgoal surveyor --gdm-ckpt gdm_reacher_s10.pt --gdm-steps 8 --accept-tau 999 --horizon 2 --receding-horizon 2 --source local --local-dir encoder_reacher --h5 "$REACHER_H5" --device cuda --num-eval 128 --seed 44 --cem-seed 44 --episodes-file episodes/reacher_c2222.ep100.s2222.json --goal-offset 25 --eval-budget 50
347	reacher	gd_blindk_a100	25	45	logs/rbUe_reacher_gd_blindk_a100_t25_seed45.log	python -m surveyor.envs.reacher.eval --solver gd --subgoal surveyor --gdm-ckpt gdm_reacher_s10.pt --gdm-steps 8 --accept-tau 999 --horizon 2 --receding-horizon 2 --source local --local-dir encoder_reacher --h5 "$REACHER_H5" --device cuda --num-eval 128 --seed 45 --cem-seed 45 --episodes-file episodes/reacher_c2222.ep100.s2222.json --goal-offset 25 --eval-budget 50
348	reacher	gd_blindk_a100	25	46	logs/rbUe_reacher_gd_blindk_a100_t25_seed46.log	python -m surveyor.envs.reacher.eval --solver gd --subgoal surveyor --gdm-ckpt gdm_reacher_s10.pt --gdm-steps 8 --accept-tau 999 --horizon 2 --receding-horizon 2 --source local --local-dir encoder_reacher --h5 "$REACHER_H5" --device cuda --num-eval 128 --seed 46 --cem-seed 46 --episodes-file episodes/reacher_c2222.ep100.s2222.json --goal-offset 25 --eval-budget 50
349	reacher	gd_blindk_a100	25	47	logs/rbUe_reacher_gd_blindk_a100_t25_seed47.log	python -m surveyor.envs.reacher.eval --solver gd --subgoal surveyor --gdm-ckpt gdm_reacher_s10.pt --gdm-steps 8 --accept-tau 999 --horizon 2 --receding-horizon 2 --source local --local-dir encoder_reacher --h5 "$REACHER_H5" --device cuda --num-eval 128 --seed 47 --cem-seed 47 --episodes-file episodes/reacher_c2222.ep100.s2222.json --goal-offset 25 --eval-budget 50
350	reacher	gd_blindk_a100	25	48	logs/rbUe_reacher_gd_blindk_a100_t25_seed48.log	python -m surveyor.envs.reacher.eval --solver gd --subgoal surveyor --gdm-ckpt gdm_reacher_s10.pt --gdm-steps 8 --accept-tau 999 --horizon 2 --receding-horizon 2 --source local --local-dir encoder_reacher --h5 "$REACHER_H5" --device cuda --num-eval 128 --seed 48 --cem-seed 48 --episodes-file episodes/reacher_c2222.ep100.s2222.json --goal-offset 25 --eval-budget 50
351	reacher	gd_blindk_a100	25	49	logs/rbUe_reacher_gd_blindk_a100_t25_seed49.log	python -m surveyor.envs.reacher.eval --solver gd --subgoal surveyor --gdm-ckpt gdm_reacher_s10.pt --gdm-steps 8 --accept-tau 999 --horizon 2 --receding-horizon 2 --source local --local-dir encoder_reacher --h5 "$REACHER_H5" --device cuda --num-eval 128 --seed 49 --cem-seed 49 --episodes-file episodes/reacher_c2222.ep100.s2222.json --goal-offset 25 --eval-budget 50
352	reacher	gd_ffjepa_s10k8_a100	25	42	logs/rbUe_reacher_gd_ffjepa_s10k8_a100_t25_seed42.log	python -m surveyor.envs.reacher.eval --solver gd --subgoal ffjepa --gdm-ckpt gdm_reacher_s10.pt --gdm-steps 8 --horizon 2 --receding-horizon 2 --source local --local-dir encoder_reacher --h5 "$REACHER_H5" --device cuda --num-eval 128 --seed 42 --cem-seed 42 --episodes-file episodes/reacher_c2222.ep100.s2222.json --goal-offset 25 --eval-budget 50
353	reacher	gd_ffjepa_s10k8_a100	25	43	logs/rbUe_reacher_gd_ffjepa_s10k8_a100_t25_seed43.log	python -m surveyor.envs.reacher.eval --solver gd --subgoal ffjepa --gdm-ckpt gdm_reacher_s10.pt --gdm-steps 8 --horizon 2 --receding-horizon 2 --source local --local-dir encoder_reacher --h5 "$REACHER_H5" --device cuda --num-eval 128 --seed 43 --cem-seed 43 --episodes-file episodes/reacher_c2222.ep100.s2222.json --goal-offset 25 --eval-budget 50
354	reacher	gd_ffjepa_s10k8_a100	25	44	logs/rbUe_reacher_gd_ffjepa_s10k8_a100_t25_seed44.log	python -m surveyor.envs.reacher.eval --solver gd --subgoal ffjepa --gdm-ckpt gdm_reacher_s10.pt --gdm-steps 8 --horizon 2 --receding-horizon 2 --source local --local-dir encoder_reacher --h5 "$REACHER_H5" --device cuda --num-eval 128 --seed 44 --cem-seed 44 --episodes-file episodes/reacher_c2222.ep100.s2222.json --goal-offset 25 --eval-budget 50
355	reacher	gd_ffjepa_s10k8_a100	25	45	logs/rbUe_reacher_gd_ffjepa_s10k8_a100_t25_seed45.log	python -m surveyor.envs.reacher.eval --solver gd --subgoal ffjepa --gdm-ckpt gdm_reacher_s10.pt --gdm-steps 8 --horizon 2 --receding-horizon 2 --source local --local-dir encoder_reacher --h5 "$REACHER_H5" --device cuda --num-eval 128 --seed 45 --cem-seed 45 --episodes-file episodes/reacher_c2222.ep100.s2222.json --goal-offset 25 --eval-budget 50
356	reacher	gd_ffjepa_s10k8_a100	25	46	logs/rbUe_reacher_gd_ffjepa_s10k8_a100_t25_seed46.log	python -m surveyor.envs.reacher.eval --solver gd --subgoal ffjepa --gdm-ckpt gdm_reacher_s10.pt --gdm-steps 8 --horizon 2 --receding-horizon 2 --source local --local-dir encoder_reacher --h5 "$REACHER_H5" --device cuda --num-eval 128 --seed 46 --cem-seed 46 --episodes-file episodes/reacher_c2222.ep100.s2222.json --goal-offset 25 --eval-budget 50
357	reacher	gd_ffjepa_s10k8_a100	25	47	logs/rbUe_reacher_gd_ffjepa_s10k8_a100_t25_seed47.log	python -m surveyor.envs.reacher.eval --solver gd --subgoal ffjepa --gdm-ckpt gdm_reacher_s10.pt --gdm-steps 8 --horizon 2 --receding-horizon 2 --source local --local-dir encoder_reacher --h5 "$REACHER_H5" --device cuda --num-eval 128 --seed 47 --cem-seed 47 --episodes-file episodes/reacher_c2222.ep100.s2222.json --goal-offset 25 --eval-budget 50
358	reacher	gd_ffjepa_s10k8_a100	25	48	logs/rbUe_reacher_gd_ffjepa_s10k8_a100_t25_seed48.log	python -m surveyor.envs.reacher.eval --solver gd --subgoal ffjepa --gdm-ckpt gdm_reacher_s10.pt --gdm-steps 8 --horizon 2 --receding-horizon 2 --source local --local-dir encoder_reacher --h5 "$REACHER_H5" --device cuda --num-eval 128 --seed 48 --cem-seed 48 --episodes-file episodes/reacher_c2222.ep100.s2222.json --goal-offset 25 --eval-budget 50
359	reacher	gd_ffjepa_s10k8_a100	25	49	logs/rbUe_reacher_gd_ffjepa_s10k8_a100_t25_seed49.log	python -m surveyor.envs.reacher.eval --solver gd --subgoal ffjepa --gdm-ckpt gdm_reacher_s10.pt --gdm-steps 8 --horizon 2 --receding-horizon 2 --source local --local-dir encoder_reacher --h5 "$REACHER_H5" --device cuda --num-eval 128 --seed 49 --cem-seed 49 --episodes-file episodes/reacher_c2222.ep100.s2222.json --goal-offset 25 --eval-budget 50
360	reacher	gd_flat_rh2_a100	25	42	logs/rbUe_reacher_gd_flat_rh2_a100_t25_seed42.log	python -m surveyor.envs.reacher.eval --solver gd --subgoal flat --horizon 2 --receding-horizon 2 --source local --local-dir encoder_reacher --h5 "$REACHER_H5" --device cuda --num-eval 128 --seed 42 --cem-seed 42 --episodes-file episodes/reacher_c2222.ep100.s2222.json --goal-offset 25 --eval-budget 50
361	reacher	gd_flat_rh2_a100	25	43	logs/rbUe_reacher_gd_flat_rh2_a100_t25_seed43.log	python -m surveyor.envs.reacher.eval --solver gd --subgoal flat --horizon 2 --receding-horizon 2 --source local --local-dir encoder_reacher --h5 "$REACHER_H5" --device cuda --num-eval 128 --seed 43 --cem-seed 43 --episodes-file episodes/reacher_c2222.ep100.s2222.json --goal-offset 25 --eval-budget 50
362	reacher	gd_flat_rh2_a100	25	44	logs/rbUe_reacher_gd_flat_rh2_a100_t25_seed44.log	python -m surveyor.envs.reacher.eval --solver gd --subgoal flat --horizon 2 --receding-horizon 2 --source local --local-dir encoder_reacher --h5 "$REACHER_H5" --device cuda --num-eval 128 --seed 44 --cem-seed 44 --episodes-file episodes/reacher_c2222.ep100.s2222.json --goal-offset 25 --eval-budget 50
363	reacher	gd_flat_rh2_a100	25	45	logs/rbUe_reacher_gd_flat_rh2_a100_t25_seed45.log	python -m surveyor.envs.reacher.eval --solver gd --subgoal flat --horizon 2 --receding-horizon 2 --source local --local-dir encoder_reacher --h5 "$REACHER_H5" --device cuda --num-eval 128 --seed 45 --cem-seed 45 --episodes-file episodes/reacher_c2222.ep100.s2222.json --goal-offset 25 --eval-budget 50
364	reacher	gd_flat_rh2_a100	25	46	logs/rbUe_reacher_gd_flat_rh2_a100_t25_seed46.log	python -m surveyor.envs.reacher.eval --solver gd --subgoal flat --horizon 2 --receding-horizon 2 --source local --local-dir encoder_reacher --h5 "$REACHER_H5" --device cuda --num-eval 128 --seed 46 --cem-seed 46 --episodes-file episodes/reacher_c2222.ep100.s2222.json --goal-offset 25 --eval-budget 50
365	reacher	gd_flat_rh2_a100	25	47	logs/rbUe_reacher_gd_flat_rh2_a100_t25_seed47.log	python -m surveyor.envs.reacher.eval --solver gd --subgoal flat --horizon 2 --receding-horizon 2 --source local --local-dir encoder_reacher --h5 "$REACHER_H5" --device cuda --num-eval 128 --seed 47 --cem-seed 47 --episodes-file episodes/reacher_c2222.ep100.s2222.json --goal-offset 25 --eval-budget 50
366	reacher	gd_flat_rh2_a100	25	48	logs/rbUe_reacher_gd_flat_rh2_a100_t25_seed48.log	python -m surveyor.envs.reacher.eval --solver gd --subgoal flat --horizon 2 --receding-horizon 2 --source local --local-dir encoder_reacher --h5 "$REACHER_H5" --device cuda --num-eval 128 --seed 48 --cem-seed 48 --episodes-file episodes/reacher_c2222.ep100.s2222.json --goal-offset 25 --eval-budget 50
367	reacher	gd_flat_rh2_a100	25	49	logs/rbUe_reacher_gd_flat_rh2_a100_t25_seed49.log	python -m surveyor.envs.reacher.eval --solver gd --subgoal flat --horizon 2 --receding-horizon 2 --source local --local-dir encoder_reacher --h5 "$REACHER_H5" --device cuda --num-eval 128 --seed 49 --cem-seed 49 --episodes-file episodes/reacher_c2222.ep100.s2222.json --goal-offset 25 --eval-budget 50
368	reacher	gd_router_tauown_a100	25	42	logs/rbUe_reacher_gd_router_tauown_a100_t25_seed42.log	python -m surveyor.envs.reacher.eval --solver gd --subgoal router+surveyor --gdm-ckpt gdm_reacher_s10.pt --gdm-steps 8 --accept-tau 0.106 --horizon 2 --receding-horizon 2 --source local --local-dir encoder_reacher --h5 "$REACHER_H5" --device cuda --num-eval 128 --seed 42 --cem-seed 42 --episodes-file episodes/reacher_c2222.ep100.s2222.json --goal-offset 25 --eval-budget 50
369	reacher	gd_router_tauown_a100	25	43	logs/rbUe_reacher_gd_router_tauown_a100_t25_seed43.log	python -m surveyor.envs.reacher.eval --solver gd --subgoal router+surveyor --gdm-ckpt gdm_reacher_s10.pt --gdm-steps 8 --accept-tau 0.106 --horizon 2 --receding-horizon 2 --source local --local-dir encoder_reacher --h5 "$REACHER_H5" --device cuda --num-eval 128 --seed 43 --cem-seed 43 --episodes-file episodes/reacher_c2222.ep100.s2222.json --goal-offset 25 --eval-budget 50
370	reacher	gd_router_tauown_a100	25	44	logs/rbUe_reacher_gd_router_tauown_a100_t25_seed44.log	python -m surveyor.envs.reacher.eval --solver gd --subgoal router+surveyor --gdm-ckpt gdm_reacher_s10.pt --gdm-steps 8 --accept-tau 0.106 --horizon 2 --receding-horizon 2 --source local --local-dir encoder_reacher --h5 "$REACHER_H5" --device cuda --num-eval 128 --seed 44 --cem-seed 44 --episodes-file episodes/reacher_c2222.ep100.s2222.json --goal-offset 25 --eval-budget 50
371	reacher	gd_router_tauown_a100	25	45	logs/rbUe_reacher_gd_router_tauown_a100_t25_seed45.log	python -m surveyor.envs.reacher.eval --solver gd --subgoal router+surveyor --gdm-ckpt gdm_reacher_s10.pt --gdm-steps 8 --accept-tau 0.106 --horizon 2 --receding-horizon 2 --source local --local-dir encoder_reacher --h5 "$REACHER_H5" --device cuda --num-eval 128 --seed 45 --cem-seed 45 --episodes-file episodes/reacher_c2222.ep100.s2222.json --goal-offset 25 --eval-budget 50
372	reacher	gd_router_tauown_a100	25	46	logs/rbUe_reacher_gd_router_tauown_a100_t25_seed46.log	python -m surveyor.envs.reacher.eval --solver gd --subgoal router+surveyor --gdm-ckpt gdm_reacher_s10.pt --gdm-steps 8 --accept-tau 0.106 --horizon 2 --receding-horizon 2 --source local --local-dir encoder_reacher --h5 "$REACHER_H5" --device cuda --num-eval 128 --seed 46 --cem-seed 46 --episodes-file episodes/reacher_c2222.ep100.s2222.json --goal-offset 25 --eval-budget 50
373	reacher	gd_router_tauown_a100	25	47	logs/rbUe_reacher_gd_router_tauown_a100_t25_seed47.log	python -m surveyor.envs.reacher.eval --solver gd --subgoal router+surveyor --gdm-ckpt gdm_reacher_s10.pt --gdm-steps 8 --accept-tau 0.106 --horizon 2 --receding-horizon 2 --source local --local-dir encoder_reacher --h5 "$REACHER_H5" --device cuda --num-eval 128 --seed 47 --cem-seed 47 --episodes-file episodes/reacher_c2222.ep100.s2222.json --goal-offset 25 --eval-budget 50
374	reacher	gd_router_tauown_a100	25	48	logs/rbUe_reacher_gd_router_tauown_a100_t25_seed48.log	python -m surveyor.envs.reacher.eval --solver gd --subgoal router+surveyor --gdm-ckpt gdm_reacher_s10.pt --gdm-steps 8 --accept-tau 0.106 --horizon 2 --receding-horizon 2 --source local --local-dir encoder_reacher --h5 "$REACHER_H5" --device cuda --num-eval 128 --seed 48 --cem-seed 48 --episodes-file episodes/reacher_c2222.ep100.s2222.json --goal-offset 25 --eval-budget 50
375	reacher	gd_router_tauown_a100	25	49	logs/rbUe_reacher_gd_router_tauown_a100_t25_seed49.log	python -m surveyor.envs.reacher.eval --solver gd --subgoal router+surveyor --gdm-ckpt gdm_reacher_s10.pt --gdm-steps 8 --accept-tau 0.106 --horizon 2 --receding-horizon 2 --source local --local-dir encoder_reacher --h5 "$REACHER_H5" --device cuda --num-eval 128 --seed 49 --cem-seed 49 --episodes-file episodes/reacher_c2222.ep100.s2222.json --goal-offset 25 --eval-budget 50
376	reacher	gd_surveyor_tauown_a100	25	42	logs/rbUe_reacher_gd_surveyor_tauown_a100_t25_seed42.log	python -m surveyor.envs.reacher.eval --solver gd --subgoal surveyor --gdm-ckpt gdm_reacher_s10.pt --gdm-steps 8 --accept-tau 0.106 --horizon 2 --receding-horizon 2 --source local --local-dir encoder_reacher --h5 "$REACHER_H5" --device cuda --num-eval 128 --seed 42 --cem-seed 42 --episodes-file episodes/reacher_c2222.ep100.s2222.json --goal-offset 25 --eval-budget 50
377	reacher	gd_surveyor_tauown_a100	25	43	logs/rbUe_reacher_gd_surveyor_tauown_a100_t25_seed43.log	python -m surveyor.envs.reacher.eval --solver gd --subgoal surveyor --gdm-ckpt gdm_reacher_s10.pt --gdm-steps 8 --accept-tau 0.106 --horizon 2 --receding-horizon 2 --source local --local-dir encoder_reacher --h5 "$REACHER_H5" --device cuda --num-eval 128 --seed 43 --cem-seed 43 --episodes-file episodes/reacher_c2222.ep100.s2222.json --goal-offset 25 --eval-budget 50
378	reacher	gd_surveyor_tauown_a100	25	44	logs/rbUe_reacher_gd_surveyor_tauown_a100_t25_seed44.log	python -m surveyor.envs.reacher.eval --solver gd --subgoal surveyor --gdm-ckpt gdm_reacher_s10.pt --gdm-steps 8 --accept-tau 0.106 --horizon 2 --receding-horizon 2 --source local --local-dir encoder_reacher --h5 "$REACHER_H5" --device cuda --num-eval 128 --seed 44 --cem-seed 44 --episodes-file episodes/reacher_c2222.ep100.s2222.json --goal-offset 25 --eval-budget 50
379	reacher	gd_surveyor_tauown_a100	25	45	logs/rbUe_reacher_gd_surveyor_tauown_a100_t25_seed45.log	python -m surveyor.envs.reacher.eval --solver gd --subgoal surveyor --gdm-ckpt gdm_reacher_s10.pt --gdm-steps 8 --accept-tau 0.106 --horizon 2 --receding-horizon 2 --source local --local-dir encoder_reacher --h5 "$REACHER_H5" --device cuda --num-eval 128 --seed 45 --cem-seed 45 --episodes-file episodes/reacher_c2222.ep100.s2222.json --goal-offset 25 --eval-budget 50
380	reacher	gd_surveyor_tauown_a100	25	46	logs/rbUe_reacher_gd_surveyor_tauown_a100_t25_seed46.log	python -m surveyor.envs.reacher.eval --solver gd --subgoal surveyor --gdm-ckpt gdm_reacher_s10.pt --gdm-steps 8 --accept-tau 0.106 --horizon 2 --receding-horizon 2 --source local --local-dir encoder_reacher --h5 "$REACHER_H5" --device cuda --num-eval 128 --seed 46 --cem-seed 46 --episodes-file episodes/reacher_c2222.ep100.s2222.json --goal-offset 25 --eval-budget 50
381	reacher	gd_surveyor_tauown_a100	25	47	logs/rbUe_reacher_gd_surveyor_tauown_a100_t25_seed47.log	python -m surveyor.envs.reacher.eval --solver gd --subgoal surveyor --gdm-ckpt gdm_reacher_s10.pt --gdm-steps 8 --accept-tau 0.106 --horizon 2 --receding-horizon 2 --source local --local-dir encoder_reacher --h5 "$REACHER_H5" --device cuda --num-eval 128 --seed 47 --cem-seed 47 --episodes-file episodes/reacher_c2222.ep100.s2222.json --goal-offset 25 --eval-budget 50
382	reacher	gd_surveyor_tauown_a100	25	48	logs/rbUe_reacher_gd_surveyor_tauown_a100_t25_seed48.log	python -m surveyor.envs.reacher.eval --solver gd --subgoal surveyor --gdm-ckpt gdm_reacher_s10.pt --gdm-steps 8 --accept-tau 0.106 --horizon 2 --receding-horizon 2 --source local --local-dir encoder_reacher --h5 "$REACHER_H5" --device cuda --num-eval 128 --seed 48 --cem-seed 48 --episodes-file episodes/reacher_c2222.ep100.s2222.json --goal-offset 25 --eval-budget 50
383	reacher	gd_surveyor_tauown_a100	25	49	logs/rbUe_reacher_gd_surveyor_tauown_a100_t25_seed49.log	python -m surveyor.envs.reacher.eval --solver gd --subgoal surveyor --gdm-ckpt gdm_reacher_s10.pt --gdm-steps 8 --accept-tau 0.106 --horizon 2 --receding-horizon 2 --source local --local-dir encoder_reacher --h5 "$REACHER_H5" --device cuda --num-eval 128 --seed 49 --cem-seed 49 --episodes-file episodes/reacher_c2222.ep100.s2222.json --goal-offset 25 --eval-budget 50
384	tworoom	gd_flat_rh2_a100	25	42	logs/rbUe_tworoom_gd_flat_rh2_a100_t25_seed42.log	python -m surveyor.envs.tworoom.eval --solver gd --subgoal flat --receding-horizon 2 --mode long --goal-offset 25 --eval-budget 50 --h5 "$DATA/tworoom.h5" --source pretrained --encoder-id quentinll/lewm-tworooms --device cuda --eval-filter none --episode-min 4000 --goal-from-proprio --num-eval 64 --seed 42 --cem-seed 42
385	tworoom	gd_flat_rh2_a100	25	43	logs/rbUe_tworoom_gd_flat_rh2_a100_t25_seed43.log	python -m surveyor.envs.tworoom.eval --solver gd --subgoal flat --receding-horizon 2 --mode long --goal-offset 25 --eval-budget 50 --h5 "$DATA/tworoom.h5" --source pretrained --encoder-id quentinll/lewm-tworooms --device cuda --eval-filter none --episode-min 4000 --goal-from-proprio --num-eval 64 --seed 43 --cem-seed 43
386	tworoom	gd_flat_rh2_a100	25	44	logs/rbUe_tworoom_gd_flat_rh2_a100_t25_seed44.log	python -m surveyor.envs.tworoom.eval --solver gd --subgoal flat --receding-horizon 2 --mode long --goal-offset 25 --eval-budget 50 --h5 "$DATA/tworoom.h5" --source pretrained --encoder-id quentinll/lewm-tworooms --device cuda --eval-filter none --episode-min 4000 --goal-from-proprio --num-eval 64 --seed 44 --cem-seed 44
387	tworoom	gd_flat_rh2_a100	25	45	logs/rbUe_tworoom_gd_flat_rh2_a100_t25_seed45.log	python -m surveyor.envs.tworoom.eval --solver gd --subgoal flat --receding-horizon 2 --mode long --goal-offset 25 --eval-budget 50 --h5 "$DATA/tworoom.h5" --source pretrained --encoder-id quentinll/lewm-tworooms --device cuda --eval-filter none --episode-min 4000 --goal-from-proprio --num-eval 64 --seed 45 --cem-seed 45
388	tworoom	gd_flat_rh2_a100	25	46	logs/rbUe_tworoom_gd_flat_rh2_a100_t25_seed46.log	python -m surveyor.envs.tworoom.eval --solver gd --subgoal flat --receding-horizon 2 --mode long --goal-offset 25 --eval-budget 50 --h5 "$DATA/tworoom.h5" --source pretrained --encoder-id quentinll/lewm-tworooms --device cuda --eval-filter none --episode-min 4000 --goal-from-proprio --num-eval 64 --seed 46 --cem-seed 46
389	tworoom	gd_flat_rh2_a100	25	47	logs/rbUe_tworoom_gd_flat_rh2_a100_t25_seed47.log	python -m surveyor.envs.tworoom.eval --solver gd --subgoal flat --receding-horizon 2 --mode long --goal-offset 25 --eval-budget 50 --h5 "$DATA/tworoom.h5" --source pretrained --encoder-id quentinll/lewm-tworooms --device cuda --eval-filter none --episode-min 4000 --goal-from-proprio --num-eval 64 --seed 47 --cem-seed 47
390	tworoom	gd_flat_rh2_a100	25	48	logs/rbUe_tworoom_gd_flat_rh2_a100_t25_seed48.log	python -m surveyor.envs.tworoom.eval --solver gd --subgoal flat --receding-horizon 2 --mode long --goal-offset 25 --eval-budget 50 --h5 "$DATA/tworoom.h5" --source pretrained --encoder-id quentinll/lewm-tworooms --device cuda --eval-filter none --episode-min 4000 --goal-from-proprio --num-eval 64 --seed 48 --cem-seed 48
391	tworoom	gd_flat_rh2_a100	25	49	logs/rbUe_tworoom_gd_flat_rh2_a100_t25_seed49.log	python -m surveyor.envs.tworoom.eval --solver gd --subgoal flat --receding-horizon 2 --mode long --goal-offset 25 --eval-budget 50 --h5 "$DATA/tworoom.h5" --source pretrained --encoder-id quentinll/lewm-tworooms --device cuda --eval-filter none --episode-min 4000 --goal-from-proprio --num-eval 64 --seed 49 --cem-seed 49
392	tworoom	gd_pair_accept_tauown_a100	25	42	logs/rbUe_tworoom_gd_pair_accept_tauown_a100_t25_seed42.log	python -m surveyor.envs.tworoom.eval --solver gd --subgoal paired+surveyor --gdm-ckpt gdm_tworoom_s10_gc_paired_e400v.pt --gdm-steps 50 --accept-tau 0.127 --receding-horizon 2 --mode long --goal-offset 25 --eval-budget 50 --h5 "$DATA/tworoom.h5" --source pretrained --encoder-id quentinll/lewm-tworooms --device cuda --eval-filter none --episode-min 4000 --goal-from-proprio --num-eval 64 --seed 42 --cem-seed 42
393	tworoom	gd_pair_accept_tauown_a100	25	43	logs/rbUe_tworoom_gd_pair_accept_tauown_a100_t25_seed43.log	python -m surveyor.envs.tworoom.eval --solver gd --subgoal paired+surveyor --gdm-ckpt gdm_tworoom_s10_gc_paired_e400v.pt --gdm-steps 50 --accept-tau 0.127 --receding-horizon 2 --mode long --goal-offset 25 --eval-budget 50 --h5 "$DATA/tworoom.h5" --source pretrained --encoder-id quentinll/lewm-tworooms --device cuda --eval-filter none --episode-min 4000 --goal-from-proprio --num-eval 64 --seed 43 --cem-seed 43
394	tworoom	gd_pair_accept_tauown_a100	25	44	logs/rbUe_tworoom_gd_pair_accept_tauown_a100_t25_seed44.log	python -m surveyor.envs.tworoom.eval --solver gd --subgoal paired+surveyor --gdm-ckpt gdm_tworoom_s10_gc_paired_e400v.pt --gdm-steps 50 --accept-tau 0.127 --receding-horizon 2 --mode long --goal-offset 25 --eval-budget 50 --h5 "$DATA/tworoom.h5" --source pretrained --encoder-id quentinll/lewm-tworooms --device cuda --eval-filter none --episode-min 4000 --goal-from-proprio --num-eval 64 --seed 44 --cem-seed 44
395	tworoom	gd_pair_accept_tauown_a100	25	45	logs/rbUe_tworoom_gd_pair_accept_tauown_a100_t25_seed45.log	python -m surveyor.envs.tworoom.eval --solver gd --subgoal paired+surveyor --gdm-ckpt gdm_tworoom_s10_gc_paired_e400v.pt --gdm-steps 50 --accept-tau 0.127 --receding-horizon 2 --mode long --goal-offset 25 --eval-budget 50 --h5 "$DATA/tworoom.h5" --source pretrained --encoder-id quentinll/lewm-tworooms --device cuda --eval-filter none --episode-min 4000 --goal-from-proprio --num-eval 64 --seed 45 --cem-seed 45
396	tworoom	gd_pair_accept_tauown_a100	25	46	logs/rbUe_tworoom_gd_pair_accept_tauown_a100_t25_seed46.log	python -m surveyor.envs.tworoom.eval --solver gd --subgoal paired+surveyor --gdm-ckpt gdm_tworoom_s10_gc_paired_e400v.pt --gdm-steps 50 --accept-tau 0.127 --receding-horizon 2 --mode long --goal-offset 25 --eval-budget 50 --h5 "$DATA/tworoom.h5" --source pretrained --encoder-id quentinll/lewm-tworooms --device cuda --eval-filter none --episode-min 4000 --goal-from-proprio --num-eval 64 --seed 46 --cem-seed 46
397	tworoom	gd_pair_accept_tauown_a100	25	47	logs/rbUe_tworoom_gd_pair_accept_tauown_a100_t25_seed47.log	python -m surveyor.envs.tworoom.eval --solver gd --subgoal paired+surveyor --gdm-ckpt gdm_tworoom_s10_gc_paired_e400v.pt --gdm-steps 50 --accept-tau 0.127 --receding-horizon 2 --mode long --goal-offset 25 --eval-budget 50 --h5 "$DATA/tworoom.h5" --source pretrained --encoder-id quentinll/lewm-tworooms --device cuda --eval-filter none --episode-min 4000 --goal-from-proprio --num-eval 64 --seed 47 --cem-seed 47
398	tworoom	gd_pair_accept_tauown_a100	25	48	logs/rbUe_tworoom_gd_pair_accept_tauown_a100_t25_seed48.log	python -m surveyor.envs.tworoom.eval --solver gd --subgoal paired+surveyor --gdm-ckpt gdm_tworoom_s10_gc_paired_e400v.pt --gdm-steps 50 --accept-tau 0.127 --receding-horizon 2 --mode long --goal-offset 25 --eval-budget 50 --h5 "$DATA/tworoom.h5" --source pretrained --encoder-id quentinll/lewm-tworooms --device cuda --eval-filter none --episode-min 4000 --goal-from-proprio --num-eval 64 --seed 48 --cem-seed 48
399	tworoom	gd_pair_accept_tauown_a100	25	49	logs/rbUe_tworoom_gd_pair_accept_tauown_a100_t25_seed49.log	python -m surveyor.envs.tworoom.eval --solver gd --subgoal paired+surveyor --gdm-ckpt gdm_tworoom_s10_gc_paired_e400v.pt --gdm-steps 50 --accept-tau 0.127 --receding-horizon 2 --mode long --goal-offset 25 --eval-budget 50 --h5 "$DATA/tworoom.h5" --source pretrained --encoder-id quentinll/lewm-tworooms --device cuda --eval-filter none --episode-min 4000 --goal-from-proprio --num-eval 64 --seed 49 --cem-seed 49
400	tworoom	gd_pair_blind_a100	25	42	logs/rbUe_tworoom_gd_pair_blind_a100_t25_seed42.log	python -m surveyor.envs.tworoom.eval --solver gd --subgoal paired+surveyor --gdm-ckpt gdm_tworoom_s10_gc_paired_e400v.pt --gdm-steps 50 --accept-tau 999 --receding-horizon 2 --mode long --goal-offset 25 --eval-budget 50 --h5 "$DATA/tworoom.h5" --source pretrained --encoder-id quentinll/lewm-tworooms --device cuda --eval-filter none --episode-min 4000 --goal-from-proprio --num-eval 64 --seed 42 --cem-seed 42
401	tworoom	gd_pair_blind_a100	25	43	logs/rbUe_tworoom_gd_pair_blind_a100_t25_seed43.log	python -m surveyor.envs.tworoom.eval --solver gd --subgoal paired+surveyor --gdm-ckpt gdm_tworoom_s10_gc_paired_e400v.pt --gdm-steps 50 --accept-tau 999 --receding-horizon 2 --mode long --goal-offset 25 --eval-budget 50 --h5 "$DATA/tworoom.h5" --source pretrained --encoder-id quentinll/lewm-tworooms --device cuda --eval-filter none --episode-min 4000 --goal-from-proprio --num-eval 64 --seed 43 --cem-seed 43
402	tworoom	gd_pair_blind_a100	25	44	logs/rbUe_tworoom_gd_pair_blind_a100_t25_seed44.log	python -m surveyor.envs.tworoom.eval --solver gd --subgoal paired+surveyor --gdm-ckpt gdm_tworoom_s10_gc_paired_e400v.pt --gdm-steps 50 --accept-tau 999 --receding-horizon 2 --mode long --goal-offset 25 --eval-budget 50 --h5 "$DATA/tworoom.h5" --source pretrained --encoder-id quentinll/lewm-tworooms --device cuda --eval-filter none --episode-min 4000 --goal-from-proprio --num-eval 64 --seed 44 --cem-seed 44
403	tworoom	gd_pair_blind_a100	25	45	logs/rbUe_tworoom_gd_pair_blind_a100_t25_seed45.log	python -m surveyor.envs.tworoom.eval --solver gd --subgoal paired+surveyor --gdm-ckpt gdm_tworoom_s10_gc_paired_e400v.pt --gdm-steps 50 --accept-tau 999 --receding-horizon 2 --mode long --goal-offset 25 --eval-budget 50 --h5 "$DATA/tworoom.h5" --source pretrained --encoder-id quentinll/lewm-tworooms --device cuda --eval-filter none --episode-min 4000 --goal-from-proprio --num-eval 64 --seed 45 --cem-seed 45
404	tworoom	gd_pair_blind_a100	25	46	logs/rbUe_tworoom_gd_pair_blind_a100_t25_seed46.log	python -m surveyor.envs.tworoom.eval --solver gd --subgoal paired+surveyor --gdm-ckpt gdm_tworoom_s10_gc_paired_e400v.pt --gdm-steps 50 --accept-tau 999 --receding-horizon 2 --mode long --goal-offset 25 --eval-budget 50 --h5 "$DATA/tworoom.h5" --source pretrained --encoder-id quentinll/lewm-tworooms --device cuda --eval-filter none --episode-min 4000 --goal-from-proprio --num-eval 64 --seed 46 --cem-seed 46
405	tworoom	gd_pair_blind_a100	25	47	logs/rbUe_tworoom_gd_pair_blind_a100_t25_seed47.log	python -m surveyor.envs.tworoom.eval --solver gd --subgoal paired+surveyor --gdm-ckpt gdm_tworoom_s10_gc_paired_e400v.pt --gdm-steps 50 --accept-tau 999 --receding-horizon 2 --mode long --goal-offset 25 --eval-budget 50 --h5 "$DATA/tworoom.h5" --source pretrained --encoder-id quentinll/lewm-tworooms --device cuda --eval-filter none --episode-min 4000 --goal-from-proprio --num-eval 64 --seed 47 --cem-seed 47
406	tworoom	gd_pair_blind_a100	25	48	logs/rbUe_tworoom_gd_pair_blind_a100_t25_seed48.log	python -m surveyor.envs.tworoom.eval --solver gd --subgoal paired+surveyor --gdm-ckpt gdm_tworoom_s10_gc_paired_e400v.pt --gdm-steps 50 --accept-tau 999 --receding-horizon 2 --mode long --goal-offset 25 --eval-budget 50 --h5 "$DATA/tworoom.h5" --source pretrained --encoder-id quentinll/lewm-tworooms --device cuda --eval-filter none --episode-min 4000 --goal-from-proprio --num-eval 64 --seed 48 --cem-seed 48
407	tworoom	gd_pair_blind_a100	25	49	logs/rbUe_tworoom_gd_pair_blind_a100_t25_seed49.log	python -m surveyor.envs.tworoom.eval --solver gd --subgoal paired+surveyor --gdm-ckpt gdm_tworoom_s10_gc_paired_e400v.pt --gdm-steps 50 --accept-tau 999 --receding-horizon 2 --mode long --goal-offset 25 --eval-budget 50 --h5 "$DATA/tworoom.h5" --source pretrained --encoder-id quentinll/lewm-tworooms --device cuda --eval-filter none --episode-min 4000 --goal-from-proprio --num-eval 64 --seed 49 --cem-seed 49
408	tworoom	gd_pair_every_a100	25	42	logs/rbUe_tworoom_gd_pair_every_a100_t25_seed42.log	python -m surveyor.envs.tworoom.eval --solver gd --subgoal paired+surveyor --gdm-ckpt gdm_tworoom_s10_gc_paired_e400v.pt --gdm-steps 50 --accept-tau 0.0 --receding-horizon 2 --mode long --goal-offset 25 --eval-budget 50 --h5 "$DATA/tworoom.h5" --source pretrained --encoder-id quentinll/lewm-tworooms --device cuda --eval-filter none --episode-min 4000 --goal-from-proprio --num-eval 64 --seed 42 --cem-seed 42
409	tworoom	gd_pair_every_a100	25	43	logs/rbUe_tworoom_gd_pair_every_a100_t25_seed43.log	python -m surveyor.envs.tworoom.eval --solver gd --subgoal paired+surveyor --gdm-ckpt gdm_tworoom_s10_gc_paired_e400v.pt --gdm-steps 50 --accept-tau 0.0 --receding-horizon 2 --mode long --goal-offset 25 --eval-budget 50 --h5 "$DATA/tworoom.h5" --source pretrained --encoder-id quentinll/lewm-tworooms --device cuda --eval-filter none --episode-min 4000 --goal-from-proprio --num-eval 64 --seed 43 --cem-seed 43
410	tworoom	gd_pair_every_a100	25	44	logs/rbUe_tworoom_gd_pair_every_a100_t25_seed44.log	python -m surveyor.envs.tworoom.eval --solver gd --subgoal paired+surveyor --gdm-ckpt gdm_tworoom_s10_gc_paired_e400v.pt --gdm-steps 50 --accept-tau 0.0 --receding-horizon 2 --mode long --goal-offset 25 --eval-budget 50 --h5 "$DATA/tworoom.h5" --source pretrained --encoder-id quentinll/lewm-tworooms --device cuda --eval-filter none --episode-min 4000 --goal-from-proprio --num-eval 64 --seed 44 --cem-seed 44
411	tworoom	gd_pair_every_a100	25	45	logs/rbUe_tworoom_gd_pair_every_a100_t25_seed45.log	python -m surveyor.envs.tworoom.eval --solver gd --subgoal paired+surveyor --gdm-ckpt gdm_tworoom_s10_gc_paired_e400v.pt --gdm-steps 50 --accept-tau 0.0 --receding-horizon 2 --mode long --goal-offset 25 --eval-budget 50 --h5 "$DATA/tworoom.h5" --source pretrained --encoder-id quentinll/lewm-tworooms --device cuda --eval-filter none --episode-min 4000 --goal-from-proprio --num-eval 64 --seed 45 --cem-seed 45
412	tworoom	gd_pair_every_a100	25	46	logs/rbUe_tworoom_gd_pair_every_a100_t25_seed46.log	python -m surveyor.envs.tworoom.eval --solver gd --subgoal paired+surveyor --gdm-ckpt gdm_tworoom_s10_gc_paired_e400v.pt --gdm-steps 50 --accept-tau 0.0 --receding-horizon 2 --mode long --goal-offset 25 --eval-budget 50 --h5 "$DATA/tworoom.h5" --source pretrained --encoder-id quentinll/lewm-tworooms --device cuda --eval-filter none --episode-min 4000 --goal-from-proprio --num-eval 64 --seed 46 --cem-seed 46
413	tworoom	gd_pair_every_a100	25	47	logs/rbUe_tworoom_gd_pair_every_a100_t25_seed47.log	python -m surveyor.envs.tworoom.eval --solver gd --subgoal paired+surveyor --gdm-ckpt gdm_tworoom_s10_gc_paired_e400v.pt --gdm-steps 50 --accept-tau 0.0 --receding-horizon 2 --mode long --goal-offset 25 --eval-budget 50 --h5 "$DATA/tworoom.h5" --source pretrained --encoder-id quentinll/lewm-tworooms --device cuda --eval-filter none --episode-min 4000 --goal-from-proprio --num-eval 64 --seed 47 --cem-seed 47
414	tworoom	gd_pair_every_a100	25	48	logs/rbUe_tworoom_gd_pair_every_a100_t25_seed48.log	python -m surveyor.envs.tworoom.eval --solver gd --subgoal paired+surveyor --gdm-ckpt gdm_tworoom_s10_gc_paired_e400v.pt --gdm-steps 50 --accept-tau 0.0 --receding-horizon 2 --mode long --goal-offset 25 --eval-budget 50 --h5 "$DATA/tworoom.h5" --source pretrained --encoder-id quentinll/lewm-tworooms --device cuda --eval-filter none --episode-min 4000 --goal-from-proprio --num-eval 64 --seed 48 --cem-seed 48
415	tworoom	gd_pair_every_a100	25	49	logs/rbUe_tworoom_gd_pair_every_a100_t25_seed49.log	python -m surveyor.envs.tworoom.eval --solver gd --subgoal paired+surveyor --gdm-ckpt gdm_tworoom_s10_gc_paired_e400v.pt --gdm-steps 50 --accept-tau 0.0 --receding-horizon 2 --mode long --goal-offset 25 --eval-budget 50 --h5 "$DATA/tworoom.h5" --source pretrained --encoder-id quentinll/lewm-tworooms --device cuda --eval-filter none --episode-min 4000 --goal-from-proprio --num-eval 64 --seed 49 --cem-seed 49
416	tworoom	gd_router_tauown_a100	25	42	logs/rbUe_tworoom_gd_router_tauown_a100_t25_seed42.log	python -m surveyor.envs.tworoom.eval --solver gd --subgoal router+surveyor --gdm-ckpt gdm_tworoom_s10_gc_paired_e400v.pt --gdm-steps 50 --accept-tau 0.127 --receding-horizon 2 --mode long --goal-offset 25 --eval-budget 50 --h5 "$DATA/tworoom.h5" --source pretrained --encoder-id quentinll/lewm-tworooms --device cuda --eval-filter none --episode-min 4000 --goal-from-proprio --num-eval 64 --seed 42 --cem-seed 42
417	tworoom	gd_router_tauown_a100	25	43	logs/rbUe_tworoom_gd_router_tauown_a100_t25_seed43.log	python -m surveyor.envs.tworoom.eval --solver gd --subgoal router+surveyor --gdm-ckpt gdm_tworoom_s10_gc_paired_e400v.pt --gdm-steps 50 --accept-tau 0.127 --receding-horizon 2 --mode long --goal-offset 25 --eval-budget 50 --h5 "$DATA/tworoom.h5" --source pretrained --encoder-id quentinll/lewm-tworooms --device cuda --eval-filter none --episode-min 4000 --goal-from-proprio --num-eval 64 --seed 43 --cem-seed 43
418	tworoom	gd_router_tauown_a100	25	44	logs/rbUe_tworoom_gd_router_tauown_a100_t25_seed44.log	python -m surveyor.envs.tworoom.eval --solver gd --subgoal router+surveyor --gdm-ckpt gdm_tworoom_s10_gc_paired_e400v.pt --gdm-steps 50 --accept-tau 0.127 --receding-horizon 2 --mode long --goal-offset 25 --eval-budget 50 --h5 "$DATA/tworoom.h5" --source pretrained --encoder-id quentinll/lewm-tworooms --device cuda --eval-filter none --episode-min 4000 --goal-from-proprio --num-eval 64 --seed 44 --cem-seed 44
419	tworoom	gd_router_tauown_a100	25	45	logs/rbUe_tworoom_gd_router_tauown_a100_t25_seed45.log	python -m surveyor.envs.tworoom.eval --solver gd --subgoal router+surveyor --gdm-ckpt gdm_tworoom_s10_gc_paired_e400v.pt --gdm-steps 50 --accept-tau 0.127 --receding-horizon 2 --mode long --goal-offset 25 --eval-budget 50 --h5 "$DATA/tworoom.h5" --source pretrained --encoder-id quentinll/lewm-tworooms --device cuda --eval-filter none --episode-min 4000 --goal-from-proprio --num-eval 64 --seed 45 --cem-seed 45
420	tworoom	gd_router_tauown_a100	25	46	logs/rbUe_tworoom_gd_router_tauown_a100_t25_seed46.log	python -m surveyor.envs.tworoom.eval --solver gd --subgoal router+surveyor --gdm-ckpt gdm_tworoom_s10_gc_paired_e400v.pt --gdm-steps 50 --accept-tau 0.127 --receding-horizon 2 --mode long --goal-offset 25 --eval-budget 50 --h5 "$DATA/tworoom.h5" --source pretrained --encoder-id quentinll/lewm-tworooms --device cuda --eval-filter none --episode-min 4000 --goal-from-proprio --num-eval 64 --seed 46 --cem-seed 46
421	tworoom	gd_router_tauown_a100	25	47	logs/rbUe_tworoom_gd_router_tauown_a100_t25_seed47.log	python -m surveyor.envs.tworoom.eval --solver gd --subgoal router+surveyor --gdm-ckpt gdm_tworoom_s10_gc_paired_e400v.pt --gdm-steps 50 --accept-tau 0.127 --receding-horizon 2 --mode long --goal-offset 25 --eval-budget 50 --h5 "$DATA/tworoom.h5" --source pretrained --encoder-id quentinll/lewm-tworooms --device cuda --eval-filter none --episode-min 4000 --goal-from-proprio --num-eval 64 --seed 47 --cem-seed 47
422	tworoom	gd_router_tauown_a100	25	48	logs/rbUe_tworoom_gd_router_tauown_a100_t25_seed48.log	python -m surveyor.envs.tworoom.eval --solver gd --subgoal router+surveyor --gdm-ckpt gdm_tworoom_s10_gc_paired_e400v.pt --gdm-steps 50 --accept-tau 0.127 --receding-horizon 2 --mode long --goal-offset 25 --eval-budget 50 --h5 "$DATA/tworoom.h5" --source pretrained --encoder-id quentinll/lewm-tworooms --device cuda --eval-filter none --episode-min 4000 --goal-from-proprio --num-eval 64 --seed 48 --cem-seed 48
423	tworoom	gd_router_tauown_a100	25	49	logs/rbUe_tworoom_gd_router_tauown_a100_t25_seed49.log	python -m surveyor.envs.tworoom.eval --solver gd --subgoal router+surveyor --gdm-ckpt gdm_tworoom_s10_gc_paired_e400v.pt --gdm-steps 50 --accept-tau 0.127 --receding-horizon 2 --mode long --goal-offset 25 --eval-budget 50 --h5 "$DATA/tworoom.h5" --source pretrained --encoder-id quentinll/lewm-tworooms --device cuda --eval-filter none --episode-min 4000 --goal-from-proprio --num-eval 64 --seed 49 --cem-seed 49
424	pusht	gd_blindk_a100	25	42	logs/rbUe_pusht_gd_blindk_a100_t25_seed42.log	python -m surveyor.envs.pusht.eval --solver gd --subgoal surveyor --gdm-ckpt gdm_stride10.pt --gdm-steps 3 --accept-tau 999 --horizon 2 --receding-horizon 2 --source pretrained --h5 pusht_c2222.h5 --device cuda --mode long --episodes-file episodes/pusht_c2222.episodes25.json --goal-offset 25 --eval-budget 50 --num-eval 256 --score block --angles 20 5 --seed 42 --cem-seed 42
425	pusht	gd_blindk_a100	25	43	logs/rbUe_pusht_gd_blindk_a100_t25_seed43.log	python -m surveyor.envs.pusht.eval --solver gd --subgoal surveyor --gdm-ckpt gdm_stride10.pt --gdm-steps 3 --accept-tau 999 --horizon 2 --receding-horizon 2 --source pretrained --h5 pusht_c2222.h5 --device cuda --mode long --episodes-file episodes/pusht_c2222.episodes25.json --goal-offset 25 --eval-budget 50 --num-eval 256 --score block --angles 20 5 --seed 43 --cem-seed 43
426	pusht	gd_blindk_a100	25	44	logs/rbUe_pusht_gd_blindk_a100_t25_seed44.log	python -m surveyor.envs.pusht.eval --solver gd --subgoal surveyor --gdm-ckpt gdm_stride10.pt --gdm-steps 3 --accept-tau 999 --horizon 2 --receding-horizon 2 --source pretrained --h5 pusht_c2222.h5 --device cuda --mode long --episodes-file episodes/pusht_c2222.episodes25.json --goal-offset 25 --eval-budget 50 --num-eval 256 --score block --angles 20 5 --seed 44 --cem-seed 44
427	pusht	gd_blindk_a100	25	45	logs/rbUe_pusht_gd_blindk_a100_t25_seed45.log	python -m surveyor.envs.pusht.eval --solver gd --subgoal surveyor --gdm-ckpt gdm_stride10.pt --gdm-steps 3 --accept-tau 999 --horizon 2 --receding-horizon 2 --source pretrained --h5 pusht_c2222.h5 --device cuda --mode long --episodes-file episodes/pusht_c2222.episodes25.json --goal-offset 25 --eval-budget 50 --num-eval 256 --score block --angles 20 5 --seed 45 --cem-seed 45
428	pusht	gd_blindk_a100	25	46	logs/rbUe_pusht_gd_blindk_a100_t25_seed46.log	python -m surveyor.envs.pusht.eval --solver gd --subgoal surveyor --gdm-ckpt gdm_stride10.pt --gdm-steps 3 --accept-tau 999 --horizon 2 --receding-horizon 2 --source pretrained --h5 pusht_c2222.h5 --device cuda --mode long --episodes-file episodes/pusht_c2222.episodes25.json --goal-offset 25 --eval-budget 50 --num-eval 256 --score block --angles 20 5 --seed 46 --cem-seed 46
429	pusht	gd_blindk_a100	25	47	logs/rbUe_pusht_gd_blindk_a100_t25_seed47.log	python -m surveyor.envs.pusht.eval --solver gd --subgoal surveyor --gdm-ckpt gdm_stride10.pt --gdm-steps 3 --accept-tau 999 --horizon 2 --receding-horizon 2 --source pretrained --h5 pusht_c2222.h5 --device cuda --mode long --episodes-file episodes/pusht_c2222.episodes25.json --goal-offset 25 --eval-budget 50 --num-eval 256 --score block --angles 20 5 --seed 47 --cem-seed 47
430	pusht	gd_blindk_a100	25	48	logs/rbUe_pusht_gd_blindk_a100_t25_seed48.log	python -m surveyor.envs.pusht.eval --solver gd --subgoal surveyor --gdm-ckpt gdm_stride10.pt --gdm-steps 3 --accept-tau 999 --horizon 2 --receding-horizon 2 --source pretrained --h5 pusht_c2222.h5 --device cuda --mode long --episodes-file episodes/pusht_c2222.episodes25.json --goal-offset 25 --eval-budget 50 --num-eval 256 --score block --angles 20 5 --seed 48 --cem-seed 48
431	pusht	gd_blindk_a100	25	49	logs/rbUe_pusht_gd_blindk_a100_t25_seed49.log	python -m surveyor.envs.pusht.eval --solver gd --subgoal surveyor --gdm-ckpt gdm_stride10.pt --gdm-steps 3 --accept-tau 999 --horizon 2 --receding-horizon 2 --source pretrained --h5 pusht_c2222.h5 --device cuda --mode long --episodes-file episodes/pusht_c2222.episodes25.json --goal-offset 25 --eval-budget 50 --num-eval 256 --score block --angles 20 5 --seed 49 --cem-seed 49
432	pusht	gd_ffjepa_s10k3_a100	25	42	logs/rbUe_pusht_gd_ffjepa_s10k3_a100_t25_seed42.log	python -m surveyor.envs.pusht.eval --solver gd --subgoal ffjepa --gdm-ckpt gdm_stride10.pt --gdm-steps 3 --horizon 2 --receding-horizon 2 --source pretrained --h5 pusht_c2222.h5 --device cuda --mode long --episodes-file episodes/pusht_c2222.episodes25.json --goal-offset 25 --eval-budget 50 --num-eval 256 --score block --angles 20 5 --seed 42 --cem-seed 42
433	pusht	gd_ffjepa_s10k3_a100	25	43	logs/rbUe_pusht_gd_ffjepa_s10k3_a100_t25_seed43.log	python -m surveyor.envs.pusht.eval --solver gd --subgoal ffjepa --gdm-ckpt gdm_stride10.pt --gdm-steps 3 --horizon 2 --receding-horizon 2 --source pretrained --h5 pusht_c2222.h5 --device cuda --mode long --episodes-file episodes/pusht_c2222.episodes25.json --goal-offset 25 --eval-budget 50 --num-eval 256 --score block --angles 20 5 --seed 43 --cem-seed 43
434	pusht	gd_ffjepa_s10k3_a100	25	44	logs/rbUe_pusht_gd_ffjepa_s10k3_a100_t25_seed44.log	python -m surveyor.envs.pusht.eval --solver gd --subgoal ffjepa --gdm-ckpt gdm_stride10.pt --gdm-steps 3 --horizon 2 --receding-horizon 2 --source pretrained --h5 pusht_c2222.h5 --device cuda --mode long --episodes-file episodes/pusht_c2222.episodes25.json --goal-offset 25 --eval-budget 50 --num-eval 256 --score block --angles 20 5 --seed 44 --cem-seed 44
435	pusht	gd_ffjepa_s10k3_a100	25	45	logs/rbUe_pusht_gd_ffjepa_s10k3_a100_t25_seed45.log	python -m surveyor.envs.pusht.eval --solver gd --subgoal ffjepa --gdm-ckpt gdm_stride10.pt --gdm-steps 3 --horizon 2 --receding-horizon 2 --source pretrained --h5 pusht_c2222.h5 --device cuda --mode long --episodes-file episodes/pusht_c2222.episodes25.json --goal-offset 25 --eval-budget 50 --num-eval 256 --score block --angles 20 5 --seed 45 --cem-seed 45
436	pusht	gd_ffjepa_s10k3_a100	25	46	logs/rbUe_pusht_gd_ffjepa_s10k3_a100_t25_seed46.log	python -m surveyor.envs.pusht.eval --solver gd --subgoal ffjepa --gdm-ckpt gdm_stride10.pt --gdm-steps 3 --horizon 2 --receding-horizon 2 --source pretrained --h5 pusht_c2222.h5 --device cuda --mode long --episodes-file episodes/pusht_c2222.episodes25.json --goal-offset 25 --eval-budget 50 --num-eval 256 --score block --angles 20 5 --seed 46 --cem-seed 46
437	pusht	gd_ffjepa_s10k3_a100	25	47	logs/rbUe_pusht_gd_ffjepa_s10k3_a100_t25_seed47.log	python -m surveyor.envs.pusht.eval --solver gd --subgoal ffjepa --gdm-ckpt gdm_stride10.pt --gdm-steps 3 --horizon 2 --receding-horizon 2 --source pretrained --h5 pusht_c2222.h5 --device cuda --mode long --episodes-file episodes/pusht_c2222.episodes25.json --goal-offset 25 --eval-budget 50 --num-eval 256 --score block --angles 20 5 --seed 47 --cem-seed 47
438	pusht	gd_ffjepa_s10k3_a100	25	48	logs/rbUe_pusht_gd_ffjepa_s10k3_a100_t25_seed48.log	python -m surveyor.envs.pusht.eval --solver gd --subgoal ffjepa --gdm-ckpt gdm_stride10.pt --gdm-steps 3 --horizon 2 --receding-horizon 2 --source pretrained --h5 pusht_c2222.h5 --device cuda --mode long --episodes-file episodes/pusht_c2222.episodes25.json --goal-offset 25 --eval-budget 50 --num-eval 256 --score block --angles 20 5 --seed 48 --cem-seed 48
439	pusht	gd_ffjepa_s10k3_a100	25	49	logs/rbUe_pusht_gd_ffjepa_s10k3_a100_t25_seed49.log	python -m surveyor.envs.pusht.eval --solver gd --subgoal ffjepa --gdm-ckpt gdm_stride10.pt --gdm-steps 3 --horizon 2 --receding-horizon 2 --source pretrained --h5 pusht_c2222.h5 --device cuda --mode long --episodes-file episodes/pusht_c2222.episodes25.json --goal-offset 25 --eval-budget 50 --num-eval 256 --score block --angles 20 5 --seed 49 --cem-seed 49
440	pusht	gd_flat_rh5_a100	25	42	logs/rbUe_pusht_gd_flat_rh5_a100_t25_seed42.log	python -m surveyor.envs.pusht.eval --solver gd --subgoal flat --horizon 5 --receding-horizon 5 --source pretrained --h5 pusht_c2222.h5 --device cuda --mode long --episodes-file episodes/pusht_c2222.episodes25.json --goal-offset 25 --eval-budget 50 --num-eval 256 --score block --angles 20 5 --seed 42 --cem-seed 42
441	pusht	gd_flat_rh5_a100	25	43	logs/rbUe_pusht_gd_flat_rh5_a100_t25_seed43.log	python -m surveyor.envs.pusht.eval --solver gd --subgoal flat --horizon 5 --receding-horizon 5 --source pretrained --h5 pusht_c2222.h5 --device cuda --mode long --episodes-file episodes/pusht_c2222.episodes25.json --goal-offset 25 --eval-budget 50 --num-eval 256 --score block --angles 20 5 --seed 43 --cem-seed 43
442	pusht	gd_flat_rh5_a100	25	44	logs/rbUe_pusht_gd_flat_rh5_a100_t25_seed44.log	python -m surveyor.envs.pusht.eval --solver gd --subgoal flat --horizon 5 --receding-horizon 5 --source pretrained --h5 pusht_c2222.h5 --device cuda --mode long --episodes-file episodes/pusht_c2222.episodes25.json --goal-offset 25 --eval-budget 50 --num-eval 256 --score block --angles 20 5 --seed 44 --cem-seed 44
443	pusht	gd_flat_rh5_a100	25	45	logs/rbUe_pusht_gd_flat_rh5_a100_t25_seed45.log	python -m surveyor.envs.pusht.eval --solver gd --subgoal flat --horizon 5 --receding-horizon 5 --source pretrained --h5 pusht_c2222.h5 --device cuda --mode long --episodes-file episodes/pusht_c2222.episodes25.json --goal-offset 25 --eval-budget 50 --num-eval 256 --score block --angles 20 5 --seed 45 --cem-seed 45
444	pusht	gd_flat_rh5_a100	25	46	logs/rbUe_pusht_gd_flat_rh5_a100_t25_seed46.log	python -m surveyor.envs.pusht.eval --solver gd --subgoal flat --horizon 5 --receding-horizon 5 --source pretrained --h5 pusht_c2222.h5 --device cuda --mode long --episodes-file episodes/pusht_c2222.episodes25.json --goal-offset 25 --eval-budget 50 --num-eval 256 --score block --angles 20 5 --seed 46 --cem-seed 46
445	pusht	gd_flat_rh5_a100	25	47	logs/rbUe_pusht_gd_flat_rh5_a100_t25_seed47.log	python -m surveyor.envs.pusht.eval --solver gd --subgoal flat --horizon 5 --receding-horizon 5 --source pretrained --h5 pusht_c2222.h5 --device cuda --mode long --episodes-file episodes/pusht_c2222.episodes25.json --goal-offset 25 --eval-budget 50 --num-eval 256 --score block --angles 20 5 --seed 47 --cem-seed 47
446	pusht	gd_flat_rh5_a100	25	48	logs/rbUe_pusht_gd_flat_rh5_a100_t25_seed48.log	python -m surveyor.envs.pusht.eval --solver gd --subgoal flat --horizon 5 --receding-horizon 5 --source pretrained --h5 pusht_c2222.h5 --device cuda --mode long --episodes-file episodes/pusht_c2222.episodes25.json --goal-offset 25 --eval-budget 50 --num-eval 256 --score block --angles 20 5 --seed 48 --cem-seed 48
447	pusht	gd_flat_rh5_a100	25	49	logs/rbUe_pusht_gd_flat_rh5_a100_t25_seed49.log	python -m surveyor.envs.pusht.eval --solver gd --subgoal flat --horizon 5 --receding-horizon 5 --source pretrained --h5 pusht_c2222.h5 --device cuda --mode long --episodes-file episodes/pusht_c2222.episodes25.json --goal-offset 25 --eval-budget 50 --num-eval 256 --score block --angles 20 5 --seed 49 --cem-seed 49
448	pusht	gd_router_tauown_a100	25	42	logs/rbUe_pusht_gd_router_tauown_a100_t25_seed42.log	python -m surveyor.envs.pusht.eval --solver gd --subgoal router+surveyor --gdm-ckpt gdm_stride10.pt --gdm-steps 3 --accept-tau 0.233 --horizon 2 --receding-horizon 2 --source pretrained --h5 pusht_c2222.h5 --device cuda --mode long --episodes-file episodes/pusht_c2222.episodes25.json --goal-offset 25 --eval-budget 50 --num-eval 256 --score block --angles 20 5 --seed 42 --cem-seed 42
449	pusht	gd_router_tauown_a100	25	43	logs/rbUe_pusht_gd_router_tauown_a100_t25_seed43.log	python -m surveyor.envs.pusht.eval --solver gd --subgoal router+surveyor --gdm-ckpt gdm_stride10.pt --gdm-steps 3 --accept-tau 0.233 --horizon 2 --receding-horizon 2 --source pretrained --h5 pusht_c2222.h5 --device cuda --mode long --episodes-file episodes/pusht_c2222.episodes25.json --goal-offset 25 --eval-budget 50 --num-eval 256 --score block --angles 20 5 --seed 43 --cem-seed 43
450	pusht	gd_router_tauown_a100	25	44	logs/rbUe_pusht_gd_router_tauown_a100_t25_seed44.log	python -m surveyor.envs.pusht.eval --solver gd --subgoal router+surveyor --gdm-ckpt gdm_stride10.pt --gdm-steps 3 --accept-tau 0.233 --horizon 2 --receding-horizon 2 --source pretrained --h5 pusht_c2222.h5 --device cuda --mode long --episodes-file episodes/pusht_c2222.episodes25.json --goal-offset 25 --eval-budget 50 --num-eval 256 --score block --angles 20 5 --seed 44 --cem-seed 44
451	pusht	gd_router_tauown_a100	25	45	logs/rbUe_pusht_gd_router_tauown_a100_t25_seed45.log	python -m surveyor.envs.pusht.eval --solver gd --subgoal router+surveyor --gdm-ckpt gdm_stride10.pt --gdm-steps 3 --accept-tau 0.233 --horizon 2 --receding-horizon 2 --source pretrained --h5 pusht_c2222.h5 --device cuda --mode long --episodes-file episodes/pusht_c2222.episodes25.json --goal-offset 25 --eval-budget 50 --num-eval 256 --score block --angles 20 5 --seed 45 --cem-seed 45
452	pusht	gd_router_tauown_a100	25	46	logs/rbUe_pusht_gd_router_tauown_a100_t25_seed46.log	python -m surveyor.envs.pusht.eval --solver gd --subgoal router+surveyor --gdm-ckpt gdm_stride10.pt --gdm-steps 3 --accept-tau 0.233 --horizon 2 --receding-horizon 2 --source pretrained --h5 pusht_c2222.h5 --device cuda --mode long --episodes-file episodes/pusht_c2222.episodes25.json --goal-offset 25 --eval-budget 50 --num-eval 256 --score block --angles 20 5 --seed 46 --cem-seed 46
453	pusht	gd_router_tauown_a100	25	47	logs/rbUe_pusht_gd_router_tauown_a100_t25_seed47.log	python -m surveyor.envs.pusht.eval --solver gd --subgoal router+surveyor --gdm-ckpt gdm_stride10.pt --gdm-steps 3 --accept-tau 0.233 --horizon 2 --receding-horizon 2 --source pretrained --h5 pusht_c2222.h5 --device cuda --mode long --episodes-file episodes/pusht_c2222.episodes25.json --goal-offset 25 --eval-budget 50 --num-eval 256 --score block --angles 20 5 --seed 47 --cem-seed 47
454	pusht	gd_router_tauown_a100	25	48	logs/rbUe_pusht_gd_router_tauown_a100_t25_seed48.log	python -m surveyor.envs.pusht.eval --solver gd --subgoal router+surveyor --gdm-ckpt gdm_stride10.pt --gdm-steps 3 --accept-tau 0.233 --horizon 2 --receding-horizon 2 --source pretrained --h5 pusht_c2222.h5 --device cuda --mode long --episodes-file episodes/pusht_c2222.episodes25.json --goal-offset 25 --eval-budget 50 --num-eval 256 --score block --angles 20 5 --seed 48 --cem-seed 48
455	pusht	gd_router_tauown_a100	25	49	logs/rbUe_pusht_gd_router_tauown_a100_t25_seed49.log	python -m surveyor.envs.pusht.eval --solver gd --subgoal router+surveyor --gdm-ckpt gdm_stride10.pt --gdm-steps 3 --accept-tau 0.233 --horizon 2 --receding-horizon 2 --source pretrained --h5 pusht_c2222.h5 --device cuda --mode long --episodes-file episodes/pusht_c2222.episodes25.json --goal-offset 25 --eval-budget 50 --num-eval 256 --score block --angles 20 5 --seed 49 --cem-seed 49
456	pusht	gd_surveyor_tauown_a100	25	42	logs/rbUe_pusht_gd_surveyor_tauown_a100_t25_seed42.log	python -m surveyor.envs.pusht.eval --solver gd --subgoal surveyor --gdm-ckpt gdm_stride10.pt --gdm-steps 3 --accept-tau 0.233 --horizon 2 --receding-horizon 2 --source pretrained --h5 pusht_c2222.h5 --device cuda --mode long --episodes-file episodes/pusht_c2222.episodes25.json --goal-offset 25 --eval-budget 50 --num-eval 256 --score block --angles 20 5 --seed 42 --cem-seed 42
457	pusht	gd_surveyor_tauown_a100	25	43	logs/rbUe_pusht_gd_surveyor_tauown_a100_t25_seed43.log	python -m surveyor.envs.pusht.eval --solver gd --subgoal surveyor --gdm-ckpt gdm_stride10.pt --gdm-steps 3 --accept-tau 0.233 --horizon 2 --receding-horizon 2 --source pretrained --h5 pusht_c2222.h5 --device cuda --mode long --episodes-file episodes/pusht_c2222.episodes25.json --goal-offset 25 --eval-budget 50 --num-eval 256 --score block --angles 20 5 --seed 43 --cem-seed 43
458	pusht	gd_surveyor_tauown_a100	25	44	logs/rbUe_pusht_gd_surveyor_tauown_a100_t25_seed44.log	python -m surveyor.envs.pusht.eval --solver gd --subgoal surveyor --gdm-ckpt gdm_stride10.pt --gdm-steps 3 --accept-tau 0.233 --horizon 2 --receding-horizon 2 --source pretrained --h5 pusht_c2222.h5 --device cuda --mode long --episodes-file episodes/pusht_c2222.episodes25.json --goal-offset 25 --eval-budget 50 --num-eval 256 --score block --angles 20 5 --seed 44 --cem-seed 44
459	pusht	gd_surveyor_tauown_a100	25	45	logs/rbUe_pusht_gd_surveyor_tauown_a100_t25_seed45.log	python -m surveyor.envs.pusht.eval --solver gd --subgoal surveyor --gdm-ckpt gdm_stride10.pt --gdm-steps 3 --accept-tau 0.233 --horizon 2 --receding-horizon 2 --source pretrained --h5 pusht_c2222.h5 --device cuda --mode long --episodes-file episodes/pusht_c2222.episodes25.json --goal-offset 25 --eval-budget 50 --num-eval 256 --score block --angles 20 5 --seed 45 --cem-seed 45
460	pusht	gd_surveyor_tauown_a100	25	46	logs/rbUe_pusht_gd_surveyor_tauown_a100_t25_seed46.log	python -m surveyor.envs.pusht.eval --solver gd --subgoal surveyor --gdm-ckpt gdm_stride10.pt --gdm-steps 3 --accept-tau 0.233 --horizon 2 --receding-horizon 2 --source pretrained --h5 pusht_c2222.h5 --device cuda --mode long --episodes-file episodes/pusht_c2222.episodes25.json --goal-offset 25 --eval-budget 50 --num-eval 256 --score block --angles 20 5 --seed 46 --cem-seed 46
461	pusht	gd_surveyor_tauown_a100	25	47	logs/rbUe_pusht_gd_surveyor_tauown_a100_t25_seed47.log	python -m surveyor.envs.pusht.eval --solver gd --subgoal surveyor --gdm-ckpt gdm_stride10.pt --gdm-steps 3 --accept-tau 0.233 --horizon 2 --receding-horizon 2 --source pretrained --h5 pusht_c2222.h5 --device cuda --mode long --episodes-file episodes/pusht_c2222.episodes25.json --goal-offset 25 --eval-budget 50 --num-eval 256 --score block --angles 20 5 --seed 47 --cem-seed 47
462	pusht	gd_surveyor_tauown_a100	25	48	logs/rbUe_pusht_gd_surveyor_tauown_a100_t25_seed48.log	python -m surveyor.envs.pusht.eval --solver gd --subgoal surveyor --gdm-ckpt gdm_stride10.pt --gdm-steps 3 --accept-tau 0.233 --horizon 2 --receding-horizon 2 --source pretrained --h5 pusht_c2222.h5 --device cuda --mode long --episodes-file episodes/pusht_c2222.episodes25.json --goal-offset 25 --eval-budget 50 --num-eval 256 --score block --angles 20 5 --seed 48 --cem-seed 48
463	pusht	gd_surveyor_tauown_a100	25	49	logs/rbUe_pusht_gd_surveyor_tauown_a100_t25_seed49.log	python -m surveyor.envs.pusht.eval --solver gd --subgoal surveyor --gdm-ckpt gdm_stride10.pt --gdm-steps 3 --accept-tau 0.233 --horizon 2 --receding-horizon 2 --source pretrained --h5 pusht_c2222.h5 --device cuda --mode long --episodes-file episodes/pusht_c2222.episodes25.json --goal-offset 25 --eval-budget 50 --num-eval 256 --score block --angles 20 5 --seed 49 --cem-seed 49
