idx	env	arm	t	seed	log	cmd
0	pusht	gcrouter_off_s42_ds1_tauown	25	42	logs/rbD_pusht_gcrouter_off_s42_ds1_tauown_t25_seed42.log	python -m surveyor.envs.pusht.eval --subgoal gcidm+surveyor --gcidm-ckpt gcidm_official_pusht_h50_s42.pt --gdm-ckpt gdm_stride10_s1.pt --gdm-steps 3 --accept-tau 0.233 --sg-steps 10 --cstar-route --source pretrained --h5 pusht_c2222.h5 --device cuda --mode long --episodes-file episodes/pusht_c2222.episodes25.json --goal-offset 25 --eval-budget 50 --num-eval 256 --score block --angles 20 5 --seed 42 --cem-seed 42
1	pusht	gcrouter_off_s42_ds1_tauown	25	43	logs/rbD_pusht_gcrouter_off_s42_ds1_tauown_t25_seed43.log	python -m surveyor.envs.pusht.eval --subgoal gcidm+surveyor --gcidm-ckpt gcidm_official_pusht_h50_s42.pt --gdm-ckpt gdm_stride10_s1.pt --gdm-steps 3 --accept-tau 0.233 --sg-steps 10 --cstar-route --source pretrained --h5 pusht_c2222.h5 --device cuda --mode long --episodes-file episodes/pusht_c2222.episodes25.json --goal-offset 25 --eval-budget 50 --num-eval 256 --score block --angles 20 5 --seed 43 --cem-seed 43
2	pusht	gcrouter_off_s42_ds1_tauown	25	44	logs/rbD_pusht_gcrouter_off_s42_ds1_tauown_t25_seed44.log	python -m surveyor.envs.pusht.eval --subgoal gcidm+surveyor --gcidm-ckpt gcidm_official_pusht_h50_s42.pt --gdm-ckpt gdm_stride10_s1.pt --gdm-steps 3 --accept-tau 0.233 --sg-steps 10 --cstar-route --source pretrained --h5 pusht_c2222.h5 --device cuda --mode long --episodes-file episodes/pusht_c2222.episodes25.json --goal-offset 25 --eval-budget 50 --num-eval 256 --score block --angles 20 5 --seed 44 --cem-seed 44
3	pusht	gcrouter_off_s42_ds1_tauown	25	45	logs/rbD_pusht_gcrouter_off_s42_ds1_tauown_t25_seed45.log	python -m surveyor.envs.pusht.eval --subgoal gcidm+surveyor --gcidm-ckpt gcidm_official_pusht_h50_s42.pt --gdm-ckpt gdm_stride10_s1.pt --gdm-steps 3 --accept-tau 0.233 --sg-steps 10 --cstar-route --source pretrained --h5 pusht_c2222.h5 --device cuda --mode long --episodes-file episodes/pusht_c2222.episodes25.json --goal-offset 25 --eval-budget 50 --num-eval 256 --score block --angles 20 5 --seed 45 --cem-seed 45
4	pusht	gcrouter_off_s42_ds1_tauown	25	46	logs/rbD_pusht_gcrouter_off_s42_ds1_tauown_t25_seed46.log	python -m surveyor.envs.pusht.eval --subgoal gcidm+surveyor --gcidm-ckpt gcidm_official_pusht_h50_s42.pt --gdm-ckpt gdm_stride10_s1.pt --gdm-steps 3 --accept-tau 0.233 --sg-steps 10 --cstar-route --source pretrained --h5 pusht_c2222.h5 --device cuda --mode long --episodes-file episodes/pusht_c2222.episodes25.json --goal-offset 25 --eval-budget 50 --num-eval 256 --score block --angles 20 5 --seed 46 --cem-seed 46
5	pusht	gcrouter_off_s42_ds1_tauown	25	47	logs/rbD_pusht_gcrouter_off_s42_ds1_tauown_t25_seed47.log	python -m surveyor.envs.pusht.eval --subgoal gcidm+surveyor --gcidm-ckpt gcidm_official_pusht_h50_s42.pt --gdm-ckpt gdm_stride10_s1.pt --gdm-steps 3 --accept-tau 0.233 --sg-steps 10 --cstar-route --source pretrained --h5 pusht_c2222.h5 --device cuda --mode long --episodes-file episodes/pusht_c2222.episodes25.json --goal-offset 25 --eval-budget 50 --num-eval 256 --score block --angles 20 5 --seed 47 --cem-seed 47
6	pusht	gcrouter_off_s42_ds1_tauown	25	48	logs/rbD_pusht_gcrouter_off_s42_ds1_tauown_t25_seed48.log	python -m surveyor.envs.pusht.eval --subgoal gcidm+surveyor --gcidm-ckpt gcidm_official_pusht_h50_s42.pt --gdm-ckpt gdm_stride10_s1.pt --gdm-steps 3 --accept-tau 0.233 --sg-steps 10 --cstar-route --source pretrained --h5 pusht_c2222.h5 --device cuda --mode long --episodes-file episodes/pusht_c2222.episodes25.json --goal-offset 25 --eval-budget 50 --num-eval 256 --score block --angles 20 5 --seed 48 --cem-seed 48
7	pusht	gcrouter_off_s42_ds1_tauown	25	49	logs/rbD_pusht_gcrouter_off_s42_ds1_tauown_t25_seed49.log	python -m surveyor.envs.pusht.eval --subgoal gcidm+surveyor --gcidm-ckpt gcidm_official_pusht_h50_s42.pt --gdm-ckpt gdm_stride10_s1.pt --gdm-steps 3 --accept-tau 0.233 --sg-steps 10 --cstar-route --source pretrained --h5 pusht_c2222.h5 --device cuda --mode long --episodes-file episodes/pusht_c2222.episodes25.json --goal-offset 25 --eval-budget 50 --num-eval 256 --score block --angles 20 5 --seed 49 --cem-seed 49
8	pusht	gcrouter_off_s42_ds1_tauown	50	42	logs/rbD_pusht_gcrouter_off_s42_ds1_tauown_t50_seed42.log	python -m surveyor.envs.pusht.eval --subgoal gcidm+surveyor --gcidm-ckpt gcidm_official_pusht_h100_s42.pt --gdm-ckpt gdm_stride10_s1.pt --gdm-steps 3 --accept-tau 0.233 --sg-steps 10 --cstar-route --source pretrained --h5 pusht_c2222.h5 --device cuda --mode long --episodes-file episodes/pusht_c2222.episodes50.json --goal-offset 50 --eval-budget 100 --num-eval 256 --score block --angles 20 5 --seed 42 --cem-seed 42
9	pusht	gcrouter_off_s42_ds1_tauown	50	43	logs/rbD_pusht_gcrouter_off_s42_ds1_tauown_t50_seed43.log	python -m surveyor.envs.pusht.eval --subgoal gcidm+surveyor --gcidm-ckpt gcidm_official_pusht_h100_s42.pt --gdm-ckpt gdm_stride10_s1.pt --gdm-steps 3 --accept-tau 0.233 --sg-steps 10 --cstar-route --source pretrained --h5 pusht_c2222.h5 --device cuda --mode long --episodes-file episodes/pusht_c2222.episodes50.json --goal-offset 50 --eval-budget 100 --num-eval 256 --score block --angles 20 5 --seed 43 --cem-seed 43
10	pusht	gcrouter_off_s42_ds1_tauown	50	44	logs/rbD_pusht_gcrouter_off_s42_ds1_tauown_t50_seed44.log	python -m surveyor.envs.pusht.eval --subgoal gcidm+surveyor --gcidm-ckpt gcidm_official_pusht_h100_s42.pt --gdm-ckpt gdm_stride10_s1.pt --gdm-steps 3 --accept-tau 0.233 --sg-steps 10 --cstar-route --source pretrained --h5 pusht_c2222.h5 --device cuda --mode long --episodes-file episodes/pusht_c2222.episodes50.json --goal-offset 50 --eval-budget 100 --num-eval 256 --score block --angles 20 5 --seed 44 --cem-seed 44
11	pusht	gcrouter_off_s42_ds1_tauown	50	45	logs/rbD_pusht_gcrouter_off_s42_ds1_tauown_t50_seed45.log	python -m surveyor.envs.pusht.eval --subgoal gcidm+surveyor --gcidm-ckpt gcidm_official_pusht_h100_s42.pt --gdm-ckpt gdm_stride10_s1.pt --gdm-steps 3 --accept-tau 0.233 --sg-steps 10 --cstar-route --source pretrained --h5 pusht_c2222.h5 --device cuda --mode long --episodes-file episodes/pusht_c2222.episodes50.json --goal-offset 50 --eval-budget 100 --num-eval 256 --score block --angles 20 5 --seed 45 --cem-seed 45
12	pusht	gcrouter_off_s42_ds1_tauown	50	46	logs/rbD_pusht_gcrouter_off_s42_ds1_tauown_t50_seed46.log	python -m surveyor.envs.pusht.eval --subgoal gcidm+surveyor --gcidm-ckpt gcidm_official_pusht_h100_s42.pt --gdm-ckpt gdm_stride10_s1.pt --gdm-steps 3 --accept-tau 0.233 --sg-steps 10 --cstar-route --source pretrained --h5 pusht_c2222.h5 --device cuda --mode long --episodes-file episodes/pusht_c2222.episodes50.json --goal-offset 50 --eval-budget 100 --num-eval 256 --score block --angles 20 5 --seed 46 --cem-seed 46
13	pusht	gcrouter_off_s42_ds1_tauown	50	47	logs/rbD_pusht_gcrouter_off_s42_ds1_tauown_t50_seed47.log	python -m surveyor.envs.pusht.eval --subgoal gcidm+surveyor --gcidm-ckpt gcidm_official_pusht_h100_s42.pt --gdm-ckpt gdm_stride10_s1.pt --gdm-steps 3 --accept-tau 0.233 --sg-steps 10 --cstar-route --source pretrained --h5 pusht_c2222.h5 --device cuda --mode long --episodes-file episodes/pusht_c2222.episodes50.json --goal-offset 50 --eval-budget 100 --num-eval 256 --score block --angles 20 5 --seed 47 --cem-seed 47
14	pusht	gcrouter_off_s42_ds1_tauown	50	48	logs/rbD_pusht_gcrouter_off_s42_ds1_tauown_t50_seed48.log	python -m surveyor.envs.pusht.eval --subgoal gcidm+surveyor --gcidm-ckpt gcidm_official_pusht_h100_s42.pt --gdm-ckpt gdm_stride10_s1.pt --gdm-steps 3 --accept-tau 0.233 --sg-steps 10 --cstar-route --source pretrained --h5 pusht_c2222.h5 --device cuda --mode long --episodes-file episodes/pusht_c2222.episodes50.json --goal-offset 50 --eval-budget 100 --num-eval 256 --score block --angles 20 5 --seed 48 --cem-seed 48
15	pusht	gcrouter_off_s42_ds1_tauown	50	49	logs/rbD_pusht_gcrouter_off_s42_ds1_tauown_t50_seed49.log	python -m surveyor.envs.pusht.eval --subgoal gcidm+surveyor --gcidm-ckpt gcidm_official_pusht_h100_s42.pt --gdm-ckpt gdm_stride10_s1.pt --gdm-steps 3 --accept-tau 0.233 --sg-steps 10 --cstar-route --source pretrained --h5 pusht_c2222.h5 --device cuda --mode long --episodes-file episodes/pusht_c2222.episodes50.json --goal-offset 50 --eval-budget 100 --num-eval 256 --score block --angles 20 5 --seed 49 --cem-seed 49
16	pusht	gcrouter_off_s42_ds1_tauown	75	42	logs/rbD_pusht_gcrouter_off_s42_ds1_tauown_t75_seed42.log	python -m surveyor.envs.pusht.eval --subgoal gcidm+surveyor --gcidm-ckpt gcidm_official_pusht_h150_s42.pt --gdm-ckpt gdm_stride10_s1.pt --gdm-steps 3 --accept-tau 0.233 --sg-steps 10 --cstar-route --source pretrained --h5 pusht_c2222.h5 --device cuda --mode long --episodes-file episodes/pusht_c2222.episodes75.json --goal-offset 75 --eval-budget 150 --num-eval 256 --score block --angles 20 5 --seed 42 --cem-seed 42
17	pusht	gcrouter_off_s42_ds1_tauown	75	43	logs/rbD_pusht_gcrouter_off_s42_ds1_tauown_t75_seed43.log	python -m surveyor.envs.pusht.eval --subgoal gcidm+surveyor --gcidm-ckpt gcidm_official_pusht_h150_s42.pt --gdm-ckpt gdm_stride10_s1.pt --gdm-steps 3 --accept-tau 0.233 --sg-steps 10 --cstar-route --source pretrained --h5 pusht_c2222.h5 --device cuda --mode long --episodes-file episodes/pusht_c2222.episodes75.json --goal-offset 75 --eval-budget 150 --num-eval 256 --score block --angles 20 5 --seed 43 --cem-seed 43
18	pusht	gcrouter_off_s42_ds1_tauown	75	44	logs/rbD_pusht_gcrouter_off_s42_ds1_tauown_t75_seed44.log	python -m surveyor.envs.pusht.eval --subgoal gcidm+surveyor --gcidm-ckpt gcidm_official_pusht_h150_s42.pt --gdm-ckpt gdm_stride10_s1.pt --gdm-steps 3 --accept-tau 0.233 --sg-steps 10 --cstar-route --source pretrained --h5 pusht_c2222.h5 --device cuda --mode long --episodes-file episodes/pusht_c2222.episodes75.json --goal-offset 75 --eval-budget 150 --num-eval 256 --score block --angles 20 5 --seed 44 --cem-seed 44
19	pusht	gcrouter_off_s42_ds1_tauown	75	45	logs/rbD_pusht_gcrouter_off_s42_ds1_tauown_t75_seed45.log	python -m surveyor.envs.pusht.eval --subgoal gcidm+surveyor --gcidm-ckpt gcidm_official_pusht_h150_s42.pt --gdm-ckpt gdm_stride10_s1.pt --gdm-steps 3 --accept-tau 0.233 --sg-steps 10 --cstar-route --source pretrained --h5 pusht_c2222.h5 --device cuda --mode long --episodes-file episodes/pusht_c2222.episodes75.json --goal-offset 75 --eval-budget 150 --num-eval 256 --score block --angles 20 5 --seed 45 --cem-seed 45
20	pusht	gcrouter_off_s42_ds1_tauown	75	46	logs/rbD_pusht_gcrouter_off_s42_ds1_tauown_t75_seed46.log	python -m surveyor.envs.pusht.eval --subgoal gcidm+surveyor --gcidm-ckpt gcidm_official_pusht_h150_s42.pt --gdm-ckpt gdm_stride10_s1.pt --gdm-steps 3 --accept-tau 0.233 --sg-steps 10 --cstar-route --source pretrained --h5 pusht_c2222.h5 --device cuda --mode long --episodes-file episodes/pusht_c2222.episodes75.json --goal-offset 75 --eval-budget 150 --num-eval 256 --score block --angles 20 5 --seed 46 --cem-seed 46
21	pusht	gcrouter_off_s42_ds1_tauown	75	47	logs/rbD_pusht_gcrouter_off_s42_ds1_tauown_t75_seed47.log	python -m surveyor.envs.pusht.eval --subgoal gcidm+surveyor --gcidm-ckpt gcidm_official_pusht_h150_s42.pt --gdm-ckpt gdm_stride10_s1.pt --gdm-steps 3 --accept-tau 0.233 --sg-steps 10 --cstar-route --source pretrained --h5 pusht_c2222.h5 --device cuda --mode long --episodes-file episodes/pusht_c2222.episodes75.json --goal-offset 75 --eval-budget 150 --num-eval 256 --score block --angles 20 5 --seed 47 --cem-seed 47
22	pusht	gcrouter_off_s42_ds1_tauown	75	48	logs/rbD_pusht_gcrouter_off_s42_ds1_tauown_t75_seed48.log	python -m surveyor.envs.pusht.eval --subgoal gcidm+surveyor --gcidm-ckpt gcidm_official_pusht_h150_s42.pt --gdm-ckpt gdm_stride10_s1.pt --gdm-steps 3 --accept-tau 0.233 --sg-steps 10 --cstar-route --source pretrained --h5 pusht_c2222.h5 --device cuda --mode long --episodes-file episodes/pusht_c2222.episodes75.json --goal-offset 75 --eval-budget 150 --num-eval 256 --score block --angles 20 5 --seed 48 --cem-seed 48
23	pusht	gcrouter_off_s42_ds1_tauown	75	49	logs/rbD_pusht_gcrouter_off_s42_ds1_tauown_t75_seed49.log	python -m surveyor.envs.pusht.eval --subgoal gcidm+surveyor --gcidm-ckpt gcidm_official_pusht_h150_s42.pt --gdm-ckpt gdm_stride10_s1.pt --gdm-steps 3 --accept-tau 0.233 --sg-steps 10 --cstar-route --source pretrained --h5 pusht_c2222.h5 --device cuda --mode long --episodes-file episodes/pusht_c2222.episodes75.json --goal-offset 75 --eval-budget 150 --num-eval 256 --score block --angles 20 5 --seed 49 --cem-seed 49
24	pusht	gcrouter_off_s42_ds1_tauown	100	42	logs/rbD_pusht_gcrouter_off_s42_ds1_tauown_t100_seed42.log	python -m surveyor.envs.pusht.eval --subgoal gcidm+surveyor --gcidm-ckpt gcidm_official_pusht_h200_s42.pt --gdm-ckpt gdm_stride10_s1.pt --gdm-steps 3 --accept-tau 0.233 --sg-steps 10 --cstar-route --source pretrained --h5 pusht_c2222.h5 --device cuda --mode long --episodes-file episodes/pusht_c2222.episodes100.json --goal-offset 100 --eval-budget 200 --num-eval 256 --score block --angles 20 5 --seed 42 --cem-seed 42
25	pusht	gcrouter_off_s42_ds1_tauown	100	43	logs/rbD_pusht_gcrouter_off_s42_ds1_tauown_t100_seed43.log	python -m surveyor.envs.pusht.eval --subgoal gcidm+surveyor --gcidm-ckpt gcidm_official_pusht_h200_s42.pt --gdm-ckpt gdm_stride10_s1.pt --gdm-steps 3 --accept-tau 0.233 --sg-steps 10 --cstar-route --source pretrained --h5 pusht_c2222.h5 --device cuda --mode long --episodes-file episodes/pusht_c2222.episodes100.json --goal-offset 100 --eval-budget 200 --num-eval 256 --score block --angles 20 5 --seed 43 --cem-seed 43
26	pusht	gcrouter_off_s42_ds1_tauown	100	44	logs/rbD_pusht_gcrouter_off_s42_ds1_tauown_t100_seed44.log	python -m surveyor.envs.pusht.eval --subgoal gcidm+surveyor --gcidm-ckpt gcidm_official_pusht_h200_s42.pt --gdm-ckpt gdm_stride10_s1.pt --gdm-steps 3 --accept-tau 0.233 --sg-steps 10 --cstar-route --source pretrained --h5 pusht_c2222.h5 --device cuda --mode long --episodes-file episodes/pusht_c2222.episodes100.json --goal-offset 100 --eval-budget 200 --num-eval 256 --score block --angles 20 5 --seed 44 --cem-seed 44
27	pusht	gcrouter_off_s42_ds1_tauown	100	45	logs/rbD_pusht_gcrouter_off_s42_ds1_tauown_t100_seed45.log	python -m surveyor.envs.pusht.eval --subgoal gcidm+surveyor --gcidm-ckpt gcidm_official_pusht_h200_s42.pt --gdm-ckpt gdm_stride10_s1.pt --gdm-steps 3 --accept-tau 0.233 --sg-steps 10 --cstar-route --source pretrained --h5 pusht_c2222.h5 --device cuda --mode long --episodes-file episodes/pusht_c2222.episodes100.json --goal-offset 100 --eval-budget 200 --num-eval 256 --score block --angles 20 5 --seed 45 --cem-seed 45
28	pusht	gcrouter_off_s42_ds1_tauown	100	46	logs/rbD_pusht_gcrouter_off_s42_ds1_tauown_t100_seed46.log	python -m surveyor.envs.pusht.eval --subgoal gcidm+surveyor --gcidm-ckpt gcidm_official_pusht_h200_s42.pt --gdm-ckpt gdm_stride10_s1.pt --gdm-steps 3 --accept-tau 0.233 --sg-steps 10 --cstar-route --source pretrained --h5 pusht_c2222.h5 --device cuda --mode long --episodes-file episodes/pusht_c2222.episodes100.json --goal-offset 100 --eval-budget 200 --num-eval 256 --score block --angles 20 5 --seed 46 --cem-seed 46
29	pusht	gcrouter_off_s42_ds1_tauown	100	47	logs/rbD_pusht_gcrouter_off_s42_ds1_tauown_t100_seed47.log	python -m surveyor.envs.pusht.eval --subgoal gcidm+surveyor --gcidm-ckpt gcidm_official_pusht_h200_s42.pt --gdm-ckpt gdm_stride10_s1.pt --gdm-steps 3 --accept-tau 0.233 --sg-steps 10 --cstar-route --source pretrained --h5 pusht_c2222.h5 --device cuda --mode long --episodes-file episodes/pusht_c2222.episodes100.json --goal-offset 100 --eval-budget 200 --num-eval 256 --score block --angles 20 5 --seed 47 --cem-seed 47
30	pusht	gcrouter_off_s42_ds1_tauown	100	48	logs/rbD_pusht_gcrouter_off_s42_ds1_tauown_t100_seed48.log	python -m surveyor.envs.pusht.eval --subgoal gcidm+surveyor --gcidm-ckpt gcidm_official_pusht_h200_s42.pt --gdm-ckpt gdm_stride10_s1.pt --gdm-steps 3 --accept-tau 0.233 --sg-steps 10 --cstar-route --source pretrained --h5 pusht_c2222.h5 --device cuda --mode long --episodes-file episodes/pusht_c2222.episodes100.json --goal-offset 100 --eval-budget 200 --num-eval 256 --score block --angles 20 5 --seed 48 --cem-seed 48
31	pusht	gcrouter_off_s42_ds1_tauown	100	49	logs/rbD_pusht_gcrouter_off_s42_ds1_tauown_t100_seed49.log	python -m surveyor.envs.pusht.eval --subgoal gcidm+surveyor --gcidm-ckpt gcidm_official_pusht_h200_s42.pt --gdm-ckpt gdm_stride10_s1.pt --gdm-steps 3 --accept-tau 0.233 --sg-steps 10 --cstar-route --source pretrained --h5 pusht_c2222.h5 --device cuda --mode long --episodes-file episodes/pusht_c2222.episodes100.json --goal-offset 100 --eval-budget 200 --num-eval 256 --score block --angles 20 5 --seed 49 --cem-seed 49
32	pusht	gcrouter_off_s42_ds1_tauown	150	42	logs/rbD_pusht_gcrouter_off_s42_ds1_tauown_t150_seed42.log	python -m surveyor.envs.pusht.eval --subgoal gcidm+surveyor --gcidm-ckpt gcidm_official_pusht_h300_s42.pt --gdm-ckpt gdm_stride10_s1.pt --gdm-steps 3 --accept-tau 0.233 --sg-steps 10 --cstar-route --source pretrained --h5 pusht_c2222.h5 --device cuda --mode long --episodes-file episodes/pusht_c2222.episodes150.json --goal-offset 150 --eval-budget 300 --num-eval 256 --score block --angles 20 5 --seed 42 --cem-seed 42
33	pusht	gcrouter_off_s42_ds1_tauown	150	43	logs/rbD_pusht_gcrouter_off_s42_ds1_tauown_t150_seed43.log	python -m surveyor.envs.pusht.eval --subgoal gcidm+surveyor --gcidm-ckpt gcidm_official_pusht_h300_s42.pt --gdm-ckpt gdm_stride10_s1.pt --gdm-steps 3 --accept-tau 0.233 --sg-steps 10 --cstar-route --source pretrained --h5 pusht_c2222.h5 --device cuda --mode long --episodes-file episodes/pusht_c2222.episodes150.json --goal-offset 150 --eval-budget 300 --num-eval 256 --score block --angles 20 5 --seed 43 --cem-seed 43
34	pusht	gcrouter_off_s42_ds1_tauown	150	44	logs/rbD_pusht_gcrouter_off_s42_ds1_tauown_t150_seed44.log	python -m surveyor.envs.pusht.eval --subgoal gcidm+surveyor --gcidm-ckpt gcidm_official_pusht_h300_s42.pt --gdm-ckpt gdm_stride10_s1.pt --gdm-steps 3 --accept-tau 0.233 --sg-steps 10 --cstar-route --source pretrained --h5 pusht_c2222.h5 --device cuda --mode long --episodes-file episodes/pusht_c2222.episodes150.json --goal-offset 150 --eval-budget 300 --num-eval 256 --score block --angles 20 5 --seed 44 --cem-seed 44
35	pusht	gcrouter_off_s42_ds1_tauown	150	45	logs/rbD_pusht_gcrouter_off_s42_ds1_tauown_t150_seed45.log	python -m surveyor.envs.pusht.eval --subgoal gcidm+surveyor --gcidm-ckpt gcidm_official_pusht_h300_s42.pt --gdm-ckpt gdm_stride10_s1.pt --gdm-steps 3 --accept-tau 0.233 --sg-steps 10 --cstar-route --source pretrained --h5 pusht_c2222.h5 --device cuda --mode long --episodes-file episodes/pusht_c2222.episodes150.json --goal-offset 150 --eval-budget 300 --num-eval 256 --score block --angles 20 5 --seed 45 --cem-seed 45
36	pusht	gcrouter_off_s42_ds1_tauown	150	46	logs/rbD_pusht_gcrouter_off_s42_ds1_tauown_t150_seed46.log	python -m surveyor.envs.pusht.eval --subgoal gcidm+surveyor --gcidm-ckpt gcidm_official_pusht_h300_s42.pt --gdm-ckpt gdm_stride10_s1.pt --gdm-steps 3 --accept-tau 0.233 --sg-steps 10 --cstar-route --source pretrained --h5 pusht_c2222.h5 --device cuda --mode long --episodes-file episodes/pusht_c2222.episodes150.json --goal-offset 150 --eval-budget 300 --num-eval 256 --score block --angles 20 5 --seed 46 --cem-seed 46
37	pusht	gcrouter_off_s42_ds1_tauown	150	47	logs/rbD_pusht_gcrouter_off_s42_ds1_tauown_t150_seed47.log	python -m surveyor.envs.pusht.eval --subgoal gcidm+surveyor --gcidm-ckpt gcidm_official_pusht_h300_s42.pt --gdm-ckpt gdm_stride10_s1.pt --gdm-steps 3 --accept-tau 0.233 --sg-steps 10 --cstar-route --source pretrained --h5 pusht_c2222.h5 --device cuda --mode long --episodes-file episodes/pusht_c2222.episodes150.json --goal-offset 150 --eval-budget 300 --num-eval 256 --score block --angles 20 5 --seed 47 --cem-seed 47
38	pusht	gcrouter_off_s42_ds1_tauown	150	48	logs/rbD_pusht_gcrouter_off_s42_ds1_tauown_t150_seed48.log	python -m surveyor.envs.pusht.eval --subgoal gcidm+surveyor --gcidm-ckpt gcidm_official_pusht_h300_s42.pt --gdm-ckpt gdm_stride10_s1.pt --gdm-steps 3 --accept-tau 0.233 --sg-steps 10 --cstar-route --source pretrained --h5 pusht_c2222.h5 --device cuda --mode long --episodes-file episodes/pusht_c2222.episodes150.json --goal-offset 150 --eval-budget 300 --num-eval 256 --score block --angles 20 5 --seed 48 --cem-seed 48
39	pusht	gcrouter_off_s42_ds1_tauown	150	49	logs/rbD_pusht_gcrouter_off_s42_ds1_tauown_t150_seed49.log	python -m surveyor.envs.pusht.eval --subgoal gcidm+surveyor --gcidm-ckpt gcidm_official_pusht_h300_s42.pt --gdm-ckpt gdm_stride10_s1.pt --gdm-steps 3 --accept-tau 0.233 --sg-steps 10 --cstar-route --source pretrained --h5 pusht_c2222.h5 --device cuda --mode long --episodes-file episodes/pusht_c2222.episodes150.json --goal-offset 150 --eval-budget 300 --num-eval 256 --score block --angles 20 5 --seed 49 --cem-seed 49
40	pusht	gcrouter_off_s42_ds2_tauown	25	42	logs/rbD_pusht_gcrouter_off_s42_ds2_tauown_t25_seed42.log	python -m surveyor.envs.pusht.eval --subgoal gcidm+surveyor --gcidm-ckpt gcidm_official_pusht_h50_s42.pt --gdm-ckpt gdm_stride10_s2.pt --gdm-steps 3 --accept-tau 0.233 --sg-steps 10 --cstar-route --source pretrained --h5 pusht_c2222.h5 --device cuda --mode long --episodes-file episodes/pusht_c2222.episodes25.json --goal-offset 25 --eval-budget 50 --num-eval 256 --score block --angles 20 5 --seed 42 --cem-seed 42
41	pusht	gcrouter_off_s42_ds2_tauown	25	43	logs/rbD_pusht_gcrouter_off_s42_ds2_tauown_t25_seed43.log	python -m surveyor.envs.pusht.eval --subgoal gcidm+surveyor --gcidm-ckpt gcidm_official_pusht_h50_s42.pt --gdm-ckpt gdm_stride10_s2.pt --gdm-steps 3 --accept-tau 0.233 --sg-steps 10 --cstar-route --source pretrained --h5 pusht_c2222.h5 --device cuda --mode long --episodes-file episodes/pusht_c2222.episodes25.json --goal-offset 25 --eval-budget 50 --num-eval 256 --score block --angles 20 5 --seed 43 --cem-seed 43
42	pusht	gcrouter_off_s42_ds2_tauown	25	44	logs/rbD_pusht_gcrouter_off_s42_ds2_tauown_t25_seed44.log	python -m surveyor.envs.pusht.eval --subgoal gcidm+surveyor --gcidm-ckpt gcidm_official_pusht_h50_s42.pt --gdm-ckpt gdm_stride10_s2.pt --gdm-steps 3 --accept-tau 0.233 --sg-steps 10 --cstar-route --source pretrained --h5 pusht_c2222.h5 --device cuda --mode long --episodes-file episodes/pusht_c2222.episodes25.json --goal-offset 25 --eval-budget 50 --num-eval 256 --score block --angles 20 5 --seed 44 --cem-seed 44
43	pusht	gcrouter_off_s42_ds2_tauown	25	45	logs/rbD_pusht_gcrouter_off_s42_ds2_tauown_t25_seed45.log	python -m surveyor.envs.pusht.eval --subgoal gcidm+surveyor --gcidm-ckpt gcidm_official_pusht_h50_s42.pt --gdm-ckpt gdm_stride10_s2.pt --gdm-steps 3 --accept-tau 0.233 --sg-steps 10 --cstar-route --source pretrained --h5 pusht_c2222.h5 --device cuda --mode long --episodes-file episodes/pusht_c2222.episodes25.json --goal-offset 25 --eval-budget 50 --num-eval 256 --score block --angles 20 5 --seed 45 --cem-seed 45
44	pusht	gcrouter_off_s42_ds2_tauown	25	46	logs/rbD_pusht_gcrouter_off_s42_ds2_tauown_t25_seed46.log	python -m surveyor.envs.pusht.eval --subgoal gcidm+surveyor --gcidm-ckpt gcidm_official_pusht_h50_s42.pt --gdm-ckpt gdm_stride10_s2.pt --gdm-steps 3 --accept-tau 0.233 --sg-steps 10 --cstar-route --source pretrained --h5 pusht_c2222.h5 --device cuda --mode long --episodes-file episodes/pusht_c2222.episodes25.json --goal-offset 25 --eval-budget 50 --num-eval 256 --score block --angles 20 5 --seed 46 --cem-seed 46
45	pusht	gcrouter_off_s42_ds2_tauown	25	47	logs/rbD_pusht_gcrouter_off_s42_ds2_tauown_t25_seed47.log	python -m surveyor.envs.pusht.eval --subgoal gcidm+surveyor --gcidm-ckpt gcidm_official_pusht_h50_s42.pt --gdm-ckpt gdm_stride10_s2.pt --gdm-steps 3 --accept-tau 0.233 --sg-steps 10 --cstar-route --source pretrained --h5 pusht_c2222.h5 --device cuda --mode long --episodes-file episodes/pusht_c2222.episodes25.json --goal-offset 25 --eval-budget 50 --num-eval 256 --score block --angles 20 5 --seed 47 --cem-seed 47
46	pusht	gcrouter_off_s42_ds2_tauown	25	48	logs/rbD_pusht_gcrouter_off_s42_ds2_tauown_t25_seed48.log	python -m surveyor.envs.pusht.eval --subgoal gcidm+surveyor --gcidm-ckpt gcidm_official_pusht_h50_s42.pt --gdm-ckpt gdm_stride10_s2.pt --gdm-steps 3 --accept-tau 0.233 --sg-steps 10 --cstar-route --source pretrained --h5 pusht_c2222.h5 --device cuda --mode long --episodes-file episodes/pusht_c2222.episodes25.json --goal-offset 25 --eval-budget 50 --num-eval 256 --score block --angles 20 5 --seed 48 --cem-seed 48
47	pusht	gcrouter_off_s42_ds2_tauown	25	49	logs/rbD_pusht_gcrouter_off_s42_ds2_tauown_t25_seed49.log	python -m surveyor.envs.pusht.eval --subgoal gcidm+surveyor --gcidm-ckpt gcidm_official_pusht_h50_s42.pt --gdm-ckpt gdm_stride10_s2.pt --gdm-steps 3 --accept-tau 0.233 --sg-steps 10 --cstar-route --source pretrained --h5 pusht_c2222.h5 --device cuda --mode long --episodes-file episodes/pusht_c2222.episodes25.json --goal-offset 25 --eval-budget 50 --num-eval 256 --score block --angles 20 5 --seed 49 --cem-seed 49
48	pusht	gcrouter_off_s42_ds2_tauown	50	42	logs/rbD_pusht_gcrouter_off_s42_ds2_tauown_t50_seed42.log	python -m surveyor.envs.pusht.eval --subgoal gcidm+surveyor --gcidm-ckpt gcidm_official_pusht_h100_s42.pt --gdm-ckpt gdm_stride10_s2.pt --gdm-steps 3 --accept-tau 0.233 --sg-steps 10 --cstar-route --source pretrained --h5 pusht_c2222.h5 --device cuda --mode long --episodes-file episodes/pusht_c2222.episodes50.json --goal-offset 50 --eval-budget 100 --num-eval 256 --score block --angles 20 5 --seed 42 --cem-seed 42
49	pusht	gcrouter_off_s42_ds2_tauown	50	43	logs/rbD_pusht_gcrouter_off_s42_ds2_tauown_t50_seed43.log	python -m surveyor.envs.pusht.eval --subgoal gcidm+surveyor --gcidm-ckpt gcidm_official_pusht_h100_s42.pt --gdm-ckpt gdm_stride10_s2.pt --gdm-steps 3 --accept-tau 0.233 --sg-steps 10 --cstar-route --source pretrained --h5 pusht_c2222.h5 --device cuda --mode long --episodes-file episodes/pusht_c2222.episodes50.json --goal-offset 50 --eval-budget 100 --num-eval 256 --score block --angles 20 5 --seed 43 --cem-seed 43
50	pusht	gcrouter_off_s42_ds2_tauown	50	44	logs/rbD_pusht_gcrouter_off_s42_ds2_tauown_t50_seed44.log	python -m surveyor.envs.pusht.eval --subgoal gcidm+surveyor --gcidm-ckpt gcidm_official_pusht_h100_s42.pt --gdm-ckpt gdm_stride10_s2.pt --gdm-steps 3 --accept-tau 0.233 --sg-steps 10 --cstar-route --source pretrained --h5 pusht_c2222.h5 --device cuda --mode long --episodes-file episodes/pusht_c2222.episodes50.json --goal-offset 50 --eval-budget 100 --num-eval 256 --score block --angles 20 5 --seed 44 --cem-seed 44
51	pusht	gcrouter_off_s42_ds2_tauown	50	45	logs/rbD_pusht_gcrouter_off_s42_ds2_tauown_t50_seed45.log	python -m surveyor.envs.pusht.eval --subgoal gcidm+surveyor --gcidm-ckpt gcidm_official_pusht_h100_s42.pt --gdm-ckpt gdm_stride10_s2.pt --gdm-steps 3 --accept-tau 0.233 --sg-steps 10 --cstar-route --source pretrained --h5 pusht_c2222.h5 --device cuda --mode long --episodes-file episodes/pusht_c2222.episodes50.json --goal-offset 50 --eval-budget 100 --num-eval 256 --score block --angles 20 5 --seed 45 --cem-seed 45
52	pusht	gcrouter_off_s42_ds2_tauown	50	46	logs/rbD_pusht_gcrouter_off_s42_ds2_tauown_t50_seed46.log	python -m surveyor.envs.pusht.eval --subgoal gcidm+surveyor --gcidm-ckpt gcidm_official_pusht_h100_s42.pt --gdm-ckpt gdm_stride10_s2.pt --gdm-steps 3 --accept-tau 0.233 --sg-steps 10 --cstar-route --source pretrained --h5 pusht_c2222.h5 --device cuda --mode long --episodes-file episodes/pusht_c2222.episodes50.json --goal-offset 50 --eval-budget 100 --num-eval 256 --score block --angles 20 5 --seed 46 --cem-seed 46
53	pusht	gcrouter_off_s42_ds2_tauown	50	47	logs/rbD_pusht_gcrouter_off_s42_ds2_tauown_t50_seed47.log	python -m surveyor.envs.pusht.eval --subgoal gcidm+surveyor --gcidm-ckpt gcidm_official_pusht_h100_s42.pt --gdm-ckpt gdm_stride10_s2.pt --gdm-steps 3 --accept-tau 0.233 --sg-steps 10 --cstar-route --source pretrained --h5 pusht_c2222.h5 --device cuda --mode long --episodes-file episodes/pusht_c2222.episodes50.json --goal-offset 50 --eval-budget 100 --num-eval 256 --score block --angles 20 5 --seed 47 --cem-seed 47
54	pusht	gcrouter_off_s42_ds2_tauown	50	48	logs/rbD_pusht_gcrouter_off_s42_ds2_tauown_t50_seed48.log	python -m surveyor.envs.pusht.eval --subgoal gcidm+surveyor --gcidm-ckpt gcidm_official_pusht_h100_s42.pt --gdm-ckpt gdm_stride10_s2.pt --gdm-steps 3 --accept-tau 0.233 --sg-steps 10 --cstar-route --source pretrained --h5 pusht_c2222.h5 --device cuda --mode long --episodes-file episodes/pusht_c2222.episodes50.json --goal-offset 50 --eval-budget 100 --num-eval 256 --score block --angles 20 5 --seed 48 --cem-seed 48
55	pusht	gcrouter_off_s42_ds2_tauown	50	49	logs/rbD_pusht_gcrouter_off_s42_ds2_tauown_t50_seed49.log	python -m surveyor.envs.pusht.eval --subgoal gcidm+surveyor --gcidm-ckpt gcidm_official_pusht_h100_s42.pt --gdm-ckpt gdm_stride10_s2.pt --gdm-steps 3 --accept-tau 0.233 --sg-steps 10 --cstar-route --source pretrained --h5 pusht_c2222.h5 --device cuda --mode long --episodes-file episodes/pusht_c2222.episodes50.json --goal-offset 50 --eval-budget 100 --num-eval 256 --score block --angles 20 5 --seed 49 --cem-seed 49
56	pusht	gcrouter_off_s42_ds2_tauown	75	42	logs/rbD_pusht_gcrouter_off_s42_ds2_tauown_t75_seed42.log	python -m surveyor.envs.pusht.eval --subgoal gcidm+surveyor --gcidm-ckpt gcidm_official_pusht_h150_s42.pt --gdm-ckpt gdm_stride10_s2.pt --gdm-steps 3 --accept-tau 0.233 --sg-steps 10 --cstar-route --source pretrained --h5 pusht_c2222.h5 --device cuda --mode long --episodes-file episodes/pusht_c2222.episodes75.json --goal-offset 75 --eval-budget 150 --num-eval 256 --score block --angles 20 5 --seed 42 --cem-seed 42
57	pusht	gcrouter_off_s42_ds2_tauown	75	43	logs/rbD_pusht_gcrouter_off_s42_ds2_tauown_t75_seed43.log	python -m surveyor.envs.pusht.eval --subgoal gcidm+surveyor --gcidm-ckpt gcidm_official_pusht_h150_s42.pt --gdm-ckpt gdm_stride10_s2.pt --gdm-steps 3 --accept-tau 0.233 --sg-steps 10 --cstar-route --source pretrained --h5 pusht_c2222.h5 --device cuda --mode long --episodes-file episodes/pusht_c2222.episodes75.json --goal-offset 75 --eval-budget 150 --num-eval 256 --score block --angles 20 5 --seed 43 --cem-seed 43
58	pusht	gcrouter_off_s42_ds2_tauown	75	44	logs/rbD_pusht_gcrouter_off_s42_ds2_tauown_t75_seed44.log	python -m surveyor.envs.pusht.eval --subgoal gcidm+surveyor --gcidm-ckpt gcidm_official_pusht_h150_s42.pt --gdm-ckpt gdm_stride10_s2.pt --gdm-steps 3 --accept-tau 0.233 --sg-steps 10 --cstar-route --source pretrained --h5 pusht_c2222.h5 --device cuda --mode long --episodes-file episodes/pusht_c2222.episodes75.json --goal-offset 75 --eval-budget 150 --num-eval 256 --score block --angles 20 5 --seed 44 --cem-seed 44
59	pusht	gcrouter_off_s42_ds2_tauown	75	45	logs/rbD_pusht_gcrouter_off_s42_ds2_tauown_t75_seed45.log	python -m surveyor.envs.pusht.eval --subgoal gcidm+surveyor --gcidm-ckpt gcidm_official_pusht_h150_s42.pt --gdm-ckpt gdm_stride10_s2.pt --gdm-steps 3 --accept-tau 0.233 --sg-steps 10 --cstar-route --source pretrained --h5 pusht_c2222.h5 --device cuda --mode long --episodes-file episodes/pusht_c2222.episodes75.json --goal-offset 75 --eval-budget 150 --num-eval 256 --score block --angles 20 5 --seed 45 --cem-seed 45
60	pusht	gcrouter_off_s42_ds2_tauown	75	46	logs/rbD_pusht_gcrouter_off_s42_ds2_tauown_t75_seed46.log	python -m surveyor.envs.pusht.eval --subgoal gcidm+surveyor --gcidm-ckpt gcidm_official_pusht_h150_s42.pt --gdm-ckpt gdm_stride10_s2.pt --gdm-steps 3 --accept-tau 0.233 --sg-steps 10 --cstar-route --source pretrained --h5 pusht_c2222.h5 --device cuda --mode long --episodes-file episodes/pusht_c2222.episodes75.json --goal-offset 75 --eval-budget 150 --num-eval 256 --score block --angles 20 5 --seed 46 --cem-seed 46
61	pusht	gcrouter_off_s42_ds2_tauown	75	47	logs/rbD_pusht_gcrouter_off_s42_ds2_tauown_t75_seed47.log	python -m surveyor.envs.pusht.eval --subgoal gcidm+surveyor --gcidm-ckpt gcidm_official_pusht_h150_s42.pt --gdm-ckpt gdm_stride10_s2.pt --gdm-steps 3 --accept-tau 0.233 --sg-steps 10 --cstar-route --source pretrained --h5 pusht_c2222.h5 --device cuda --mode long --episodes-file episodes/pusht_c2222.episodes75.json --goal-offset 75 --eval-budget 150 --num-eval 256 --score block --angles 20 5 --seed 47 --cem-seed 47
62	pusht	gcrouter_off_s42_ds2_tauown	75	48	logs/rbD_pusht_gcrouter_off_s42_ds2_tauown_t75_seed48.log	python -m surveyor.envs.pusht.eval --subgoal gcidm+surveyor --gcidm-ckpt gcidm_official_pusht_h150_s42.pt --gdm-ckpt gdm_stride10_s2.pt --gdm-steps 3 --accept-tau 0.233 --sg-steps 10 --cstar-route --source pretrained --h5 pusht_c2222.h5 --device cuda --mode long --episodes-file episodes/pusht_c2222.episodes75.json --goal-offset 75 --eval-budget 150 --num-eval 256 --score block --angles 20 5 --seed 48 --cem-seed 48
63	pusht	gcrouter_off_s42_ds2_tauown	75	49	logs/rbD_pusht_gcrouter_off_s42_ds2_tauown_t75_seed49.log	python -m surveyor.envs.pusht.eval --subgoal gcidm+surveyor --gcidm-ckpt gcidm_official_pusht_h150_s42.pt --gdm-ckpt gdm_stride10_s2.pt --gdm-steps 3 --accept-tau 0.233 --sg-steps 10 --cstar-route --source pretrained --h5 pusht_c2222.h5 --device cuda --mode long --episodes-file episodes/pusht_c2222.episodes75.json --goal-offset 75 --eval-budget 150 --num-eval 256 --score block --angles 20 5 --seed 49 --cem-seed 49
64	pusht	gcrouter_off_s42_ds2_tauown	100	42	logs/rbD_pusht_gcrouter_off_s42_ds2_tauown_t100_seed42.log	python -m surveyor.envs.pusht.eval --subgoal gcidm+surveyor --gcidm-ckpt gcidm_official_pusht_h200_s42.pt --gdm-ckpt gdm_stride10_s2.pt --gdm-steps 3 --accept-tau 0.233 --sg-steps 10 --cstar-route --source pretrained --h5 pusht_c2222.h5 --device cuda --mode long --episodes-file episodes/pusht_c2222.episodes100.json --goal-offset 100 --eval-budget 200 --num-eval 256 --score block --angles 20 5 --seed 42 --cem-seed 42
65	pusht	gcrouter_off_s42_ds2_tauown	100	43	logs/rbD_pusht_gcrouter_off_s42_ds2_tauown_t100_seed43.log	python -m surveyor.envs.pusht.eval --subgoal gcidm+surveyor --gcidm-ckpt gcidm_official_pusht_h200_s42.pt --gdm-ckpt gdm_stride10_s2.pt --gdm-steps 3 --accept-tau 0.233 --sg-steps 10 --cstar-route --source pretrained --h5 pusht_c2222.h5 --device cuda --mode long --episodes-file episodes/pusht_c2222.episodes100.json --goal-offset 100 --eval-budget 200 --num-eval 256 --score block --angles 20 5 --seed 43 --cem-seed 43
66	pusht	gcrouter_off_s42_ds2_tauown	100	44	logs/rbD_pusht_gcrouter_off_s42_ds2_tauown_t100_seed44.log	python -m surveyor.envs.pusht.eval --subgoal gcidm+surveyor --gcidm-ckpt gcidm_official_pusht_h200_s42.pt --gdm-ckpt gdm_stride10_s2.pt --gdm-steps 3 --accept-tau 0.233 --sg-steps 10 --cstar-route --source pretrained --h5 pusht_c2222.h5 --device cuda --mode long --episodes-file episodes/pusht_c2222.episodes100.json --goal-offset 100 --eval-budget 200 --num-eval 256 --score block --angles 20 5 --seed 44 --cem-seed 44
67	pusht	gcrouter_off_s42_ds2_tauown	100	45	logs/rbD_pusht_gcrouter_off_s42_ds2_tauown_t100_seed45.log	python -m surveyor.envs.pusht.eval --subgoal gcidm+surveyor --gcidm-ckpt gcidm_official_pusht_h200_s42.pt --gdm-ckpt gdm_stride10_s2.pt --gdm-steps 3 --accept-tau 0.233 --sg-steps 10 --cstar-route --source pretrained --h5 pusht_c2222.h5 --device cuda --mode long --episodes-file episodes/pusht_c2222.episodes100.json --goal-offset 100 --eval-budget 200 --num-eval 256 --score block --angles 20 5 --seed 45 --cem-seed 45
68	pusht	gcrouter_off_s42_ds2_tauown	100	46	logs/rbD_pusht_gcrouter_off_s42_ds2_tauown_t100_seed46.log	python -m surveyor.envs.pusht.eval --subgoal gcidm+surveyor --gcidm-ckpt gcidm_official_pusht_h200_s42.pt --gdm-ckpt gdm_stride10_s2.pt --gdm-steps 3 --accept-tau 0.233 --sg-steps 10 --cstar-route --source pretrained --h5 pusht_c2222.h5 --device cuda --mode long --episodes-file episodes/pusht_c2222.episodes100.json --goal-offset 100 --eval-budget 200 --num-eval 256 --score block --angles 20 5 --seed 46 --cem-seed 46
69	pusht	gcrouter_off_s42_ds2_tauown	100	47	logs/rbD_pusht_gcrouter_off_s42_ds2_tauown_t100_seed47.log	python -m surveyor.envs.pusht.eval --subgoal gcidm+surveyor --gcidm-ckpt gcidm_official_pusht_h200_s42.pt --gdm-ckpt gdm_stride10_s2.pt --gdm-steps 3 --accept-tau 0.233 --sg-steps 10 --cstar-route --source pretrained --h5 pusht_c2222.h5 --device cuda --mode long --episodes-file episodes/pusht_c2222.episodes100.json --goal-offset 100 --eval-budget 200 --num-eval 256 --score block --angles 20 5 --seed 47 --cem-seed 47
70	pusht	gcrouter_off_s42_ds2_tauown	100	48	logs/rbD_pusht_gcrouter_off_s42_ds2_tauown_t100_seed48.log	python -m surveyor.envs.pusht.eval --subgoal gcidm+surveyor --gcidm-ckpt gcidm_official_pusht_h200_s42.pt --gdm-ckpt gdm_stride10_s2.pt --gdm-steps 3 --accept-tau 0.233 --sg-steps 10 --cstar-route --source pretrained --h5 pusht_c2222.h5 --device cuda --mode long --episodes-file episodes/pusht_c2222.episodes100.json --goal-offset 100 --eval-budget 200 --num-eval 256 --score block --angles 20 5 --seed 48 --cem-seed 48
71	pusht	gcrouter_off_s42_ds2_tauown	100	49	logs/rbD_pusht_gcrouter_off_s42_ds2_tauown_t100_seed49.log	python -m surveyor.envs.pusht.eval --subgoal gcidm+surveyor --gcidm-ckpt gcidm_official_pusht_h200_s42.pt --gdm-ckpt gdm_stride10_s2.pt --gdm-steps 3 --accept-tau 0.233 --sg-steps 10 --cstar-route --source pretrained --h5 pusht_c2222.h5 --device cuda --mode long --episodes-file episodes/pusht_c2222.episodes100.json --goal-offset 100 --eval-budget 200 --num-eval 256 --score block --angles 20 5 --seed 49 --cem-seed 49
72	pusht	gcrouter_off_s42_ds2_tauown	150	42	logs/rbD_pusht_gcrouter_off_s42_ds2_tauown_t150_seed42.log	python -m surveyor.envs.pusht.eval --subgoal gcidm+surveyor --gcidm-ckpt gcidm_official_pusht_h300_s42.pt --gdm-ckpt gdm_stride10_s2.pt --gdm-steps 3 --accept-tau 0.233 --sg-steps 10 --cstar-route --source pretrained --h5 pusht_c2222.h5 --device cuda --mode long --episodes-file episodes/pusht_c2222.episodes150.json --goal-offset 150 --eval-budget 300 --num-eval 256 --score block --angles 20 5 --seed 42 --cem-seed 42
73	pusht	gcrouter_off_s42_ds2_tauown	150	43	logs/rbD_pusht_gcrouter_off_s42_ds2_tauown_t150_seed43.log	python -m surveyor.envs.pusht.eval --subgoal gcidm+surveyor --gcidm-ckpt gcidm_official_pusht_h300_s42.pt --gdm-ckpt gdm_stride10_s2.pt --gdm-steps 3 --accept-tau 0.233 --sg-steps 10 --cstar-route --source pretrained --h5 pusht_c2222.h5 --device cuda --mode long --episodes-file episodes/pusht_c2222.episodes150.json --goal-offset 150 --eval-budget 300 --num-eval 256 --score block --angles 20 5 --seed 43 --cem-seed 43
74	pusht	gcrouter_off_s42_ds2_tauown	150	44	logs/rbD_pusht_gcrouter_off_s42_ds2_tauown_t150_seed44.log	python -m surveyor.envs.pusht.eval --subgoal gcidm+surveyor --gcidm-ckpt gcidm_official_pusht_h300_s42.pt --gdm-ckpt gdm_stride10_s2.pt --gdm-steps 3 --accept-tau 0.233 --sg-steps 10 --cstar-route --source pretrained --h5 pusht_c2222.h5 --device cuda --mode long --episodes-file episodes/pusht_c2222.episodes150.json --goal-offset 150 --eval-budget 300 --num-eval 256 --score block --angles 20 5 --seed 44 --cem-seed 44
75	pusht	gcrouter_off_s42_ds2_tauown	150	45	logs/rbD_pusht_gcrouter_off_s42_ds2_tauown_t150_seed45.log	python -m surveyor.envs.pusht.eval --subgoal gcidm+surveyor --gcidm-ckpt gcidm_official_pusht_h300_s42.pt --gdm-ckpt gdm_stride10_s2.pt --gdm-steps 3 --accept-tau 0.233 --sg-steps 10 --cstar-route --source pretrained --h5 pusht_c2222.h5 --device cuda --mode long --episodes-file episodes/pusht_c2222.episodes150.json --goal-offset 150 --eval-budget 300 --num-eval 256 --score block --angles 20 5 --seed 45 --cem-seed 45
76	pusht	gcrouter_off_s42_ds2_tauown	150	46	logs/rbD_pusht_gcrouter_off_s42_ds2_tauown_t150_seed46.log	python -m surveyor.envs.pusht.eval --subgoal gcidm+surveyor --gcidm-ckpt gcidm_official_pusht_h300_s42.pt --gdm-ckpt gdm_stride10_s2.pt --gdm-steps 3 --accept-tau 0.233 --sg-steps 10 --cstar-route --source pretrained --h5 pusht_c2222.h5 --device cuda --mode long --episodes-file episodes/pusht_c2222.episodes150.json --goal-offset 150 --eval-budget 300 --num-eval 256 --score block --angles 20 5 --seed 46 --cem-seed 46
77	pusht	gcrouter_off_s42_ds2_tauown	150	47	logs/rbD_pusht_gcrouter_off_s42_ds2_tauown_t150_seed47.log	python -m surveyor.envs.pusht.eval --subgoal gcidm+surveyor --gcidm-ckpt gcidm_official_pusht_h300_s42.pt --gdm-ckpt gdm_stride10_s2.pt --gdm-steps 3 --accept-tau 0.233 --sg-steps 10 --cstar-route --source pretrained --h5 pusht_c2222.h5 --device cuda --mode long --episodes-file episodes/pusht_c2222.episodes150.json --goal-offset 150 --eval-budget 300 --num-eval 256 --score block --angles 20 5 --seed 47 --cem-seed 47
78	pusht	gcrouter_off_s42_ds2_tauown	150	48	logs/rbD_pusht_gcrouter_off_s42_ds2_tauown_t150_seed48.log	python -m surveyor.envs.pusht.eval --subgoal gcidm+surveyor --gcidm-ckpt gcidm_official_pusht_h300_s42.pt --gdm-ckpt gdm_stride10_s2.pt --gdm-steps 3 --accept-tau 0.233 --sg-steps 10 --cstar-route --source pretrained --h5 pusht_c2222.h5 --device cuda --mode long --episodes-file episodes/pusht_c2222.episodes150.json --goal-offset 150 --eval-budget 300 --num-eval 256 --score block --angles 20 5 --seed 48 --cem-seed 48
79	pusht	gcrouter_off_s42_ds2_tauown	150	49	logs/rbD_pusht_gcrouter_off_s42_ds2_tauown_t150_seed49.log	python -m surveyor.envs.pusht.eval --subgoal gcidm+surveyor --gcidm-ckpt gcidm_official_pusht_h300_s42.pt --gdm-ckpt gdm_stride10_s2.pt --gdm-steps 3 --accept-tau 0.233 --sg-steps 10 --cstar-route --source pretrained --h5 pusht_c2222.h5 --device cuda --mode long --episodes-file episodes/pusht_c2222.episodes150.json --goal-offset 150 --eval-budget 300 --num-eval 256 --score block --angles 20 5 --seed 49 --cem-seed 49
80	pusht	gd_router_ds1_tauown	25	42	logs/rbD_pusht_gd_router_ds1_tauown_t25_seed42.log	python -m surveyor.envs.pusht.eval --solver gd --subgoal router+surveyor --gdm-ckpt gdm_stride10_s1.pt --gdm-steps 3 --accept-tau 0.233 --horizon 2 --receding-horizon 2 --source pretrained --h5 pusht_c2222.h5 --device cuda --mode long --episodes-file episodes/pusht_c2222.episodes25.json --goal-offset 25 --eval-budget 50 --num-eval 256 --score block --angles 20 5 --seed 42 --cem-seed 42
81	pusht	gd_router_ds1_tauown	25	43	logs/rbD_pusht_gd_router_ds1_tauown_t25_seed43.log	python -m surveyor.envs.pusht.eval --solver gd --subgoal router+surveyor --gdm-ckpt gdm_stride10_s1.pt --gdm-steps 3 --accept-tau 0.233 --horizon 2 --receding-horizon 2 --source pretrained --h5 pusht_c2222.h5 --device cuda --mode long --episodes-file episodes/pusht_c2222.episodes25.json --goal-offset 25 --eval-budget 50 --num-eval 256 --score block --angles 20 5 --seed 43 --cem-seed 43
82	pusht	gd_router_ds1_tauown	25	44	logs/rbD_pusht_gd_router_ds1_tauown_t25_seed44.log	python -m surveyor.envs.pusht.eval --solver gd --subgoal router+surveyor --gdm-ckpt gdm_stride10_s1.pt --gdm-steps 3 --accept-tau 0.233 --horizon 2 --receding-horizon 2 --source pretrained --h5 pusht_c2222.h5 --device cuda --mode long --episodes-file episodes/pusht_c2222.episodes25.json --goal-offset 25 --eval-budget 50 --num-eval 256 --score block --angles 20 5 --seed 44 --cem-seed 44
83	pusht	gd_router_ds1_tauown	25	45	logs/rbD_pusht_gd_router_ds1_tauown_t25_seed45.log	python -m surveyor.envs.pusht.eval --solver gd --subgoal router+surveyor --gdm-ckpt gdm_stride10_s1.pt --gdm-steps 3 --accept-tau 0.233 --horizon 2 --receding-horizon 2 --source pretrained --h5 pusht_c2222.h5 --device cuda --mode long --episodes-file episodes/pusht_c2222.episodes25.json --goal-offset 25 --eval-budget 50 --num-eval 256 --score block --angles 20 5 --seed 45 --cem-seed 45
84	pusht	gd_router_ds1_tauown	25	46	logs/rbD_pusht_gd_router_ds1_tauown_t25_seed46.log	python -m surveyor.envs.pusht.eval --solver gd --subgoal router+surveyor --gdm-ckpt gdm_stride10_s1.pt --gdm-steps 3 --accept-tau 0.233 --horizon 2 --receding-horizon 2 --source pretrained --h5 pusht_c2222.h5 --device cuda --mode long --episodes-file episodes/pusht_c2222.episodes25.json --goal-offset 25 --eval-budget 50 --num-eval 256 --score block --angles 20 5 --seed 46 --cem-seed 46
85	pusht	gd_router_ds1_tauown	25	47	logs/rbD_pusht_gd_router_ds1_tauown_t25_seed47.log	python -m surveyor.envs.pusht.eval --solver gd --subgoal router+surveyor --gdm-ckpt gdm_stride10_s1.pt --gdm-steps 3 --accept-tau 0.233 --horizon 2 --receding-horizon 2 --source pretrained --h5 pusht_c2222.h5 --device cuda --mode long --episodes-file episodes/pusht_c2222.episodes25.json --goal-offset 25 --eval-budget 50 --num-eval 256 --score block --angles 20 5 --seed 47 --cem-seed 47
86	pusht	gd_router_ds1_tauown	25	48	logs/rbD_pusht_gd_router_ds1_tauown_t25_seed48.log	python -m surveyor.envs.pusht.eval --solver gd --subgoal router+surveyor --gdm-ckpt gdm_stride10_s1.pt --gdm-steps 3 --accept-tau 0.233 --horizon 2 --receding-horizon 2 --source pretrained --h5 pusht_c2222.h5 --device cuda --mode long --episodes-file episodes/pusht_c2222.episodes25.json --goal-offset 25 --eval-budget 50 --num-eval 256 --score block --angles 20 5 --seed 48 --cem-seed 48
87	pusht	gd_router_ds1_tauown	25	49	logs/rbD_pusht_gd_router_ds1_tauown_t25_seed49.log	python -m surveyor.envs.pusht.eval --solver gd --subgoal router+surveyor --gdm-ckpt gdm_stride10_s1.pt --gdm-steps 3 --accept-tau 0.233 --horizon 2 --receding-horizon 2 --source pretrained --h5 pusht_c2222.h5 --device cuda --mode long --episodes-file episodes/pusht_c2222.episodes25.json --goal-offset 25 --eval-budget 50 --num-eval 256 --score block --angles 20 5 --seed 49 --cem-seed 49
88	pusht	gd_router_ds1_tauown	50	42	logs/rbD_pusht_gd_router_ds1_tauown_t50_seed42.log	python -m surveyor.envs.pusht.eval --solver gd --subgoal router+surveyor --gdm-ckpt gdm_stride10_s1.pt --gdm-steps 3 --accept-tau 0.233 --horizon 2 --receding-horizon 2 --source pretrained --h5 pusht_c2222.h5 --device cuda --mode long --episodes-file episodes/pusht_c2222.episodes50.json --goal-offset 50 --eval-budget 100 --num-eval 256 --score block --angles 20 5 --seed 42 --cem-seed 42
89	pusht	gd_router_ds1_tauown	50	43	logs/rbD_pusht_gd_router_ds1_tauown_t50_seed43.log	python -m surveyor.envs.pusht.eval --solver gd --subgoal router+surveyor --gdm-ckpt gdm_stride10_s1.pt --gdm-steps 3 --accept-tau 0.233 --horizon 2 --receding-horizon 2 --source pretrained --h5 pusht_c2222.h5 --device cuda --mode long --episodes-file episodes/pusht_c2222.episodes50.json --goal-offset 50 --eval-budget 100 --num-eval 256 --score block --angles 20 5 --seed 43 --cem-seed 43
90	pusht	gd_router_ds1_tauown	50	44	logs/rbD_pusht_gd_router_ds1_tauown_t50_seed44.log	python -m surveyor.envs.pusht.eval --solver gd --subgoal router+surveyor --gdm-ckpt gdm_stride10_s1.pt --gdm-steps 3 --accept-tau 0.233 --horizon 2 --receding-horizon 2 --source pretrained --h5 pusht_c2222.h5 --device cuda --mode long --episodes-file episodes/pusht_c2222.episodes50.json --goal-offset 50 --eval-budget 100 --num-eval 256 --score block --angles 20 5 --seed 44 --cem-seed 44
91	pusht	gd_router_ds1_tauown	50	45	logs/rbD_pusht_gd_router_ds1_tauown_t50_seed45.log	python -m surveyor.envs.pusht.eval --solver gd --subgoal router+surveyor --gdm-ckpt gdm_stride10_s1.pt --gdm-steps 3 --accept-tau 0.233 --horizon 2 --receding-horizon 2 --source pretrained --h5 pusht_c2222.h5 --device cuda --mode long --episodes-file episodes/pusht_c2222.episodes50.json --goal-offset 50 --eval-budget 100 --num-eval 256 --score block --angles 20 5 --seed 45 --cem-seed 45
92	pusht	gd_router_ds1_tauown	50	46	logs/rbD_pusht_gd_router_ds1_tauown_t50_seed46.log	python -m surveyor.envs.pusht.eval --solver gd --subgoal router+surveyor --gdm-ckpt gdm_stride10_s1.pt --gdm-steps 3 --accept-tau 0.233 --horizon 2 --receding-horizon 2 --source pretrained --h5 pusht_c2222.h5 --device cuda --mode long --episodes-file episodes/pusht_c2222.episodes50.json --goal-offset 50 --eval-budget 100 --num-eval 256 --score block --angles 20 5 --seed 46 --cem-seed 46
93	pusht	gd_router_ds1_tauown	50	47	logs/rbD_pusht_gd_router_ds1_tauown_t50_seed47.log	python -m surveyor.envs.pusht.eval --solver gd --subgoal router+surveyor --gdm-ckpt gdm_stride10_s1.pt --gdm-steps 3 --accept-tau 0.233 --horizon 2 --receding-horizon 2 --source pretrained --h5 pusht_c2222.h5 --device cuda --mode long --episodes-file episodes/pusht_c2222.episodes50.json --goal-offset 50 --eval-budget 100 --num-eval 256 --score block --angles 20 5 --seed 47 --cem-seed 47
94	pusht	gd_router_ds1_tauown	50	48	logs/rbD_pusht_gd_router_ds1_tauown_t50_seed48.log	python -m surveyor.envs.pusht.eval --solver gd --subgoal router+surveyor --gdm-ckpt gdm_stride10_s1.pt --gdm-steps 3 --accept-tau 0.233 --horizon 2 --receding-horizon 2 --source pretrained --h5 pusht_c2222.h5 --device cuda --mode long --episodes-file episodes/pusht_c2222.episodes50.json --goal-offset 50 --eval-budget 100 --num-eval 256 --score block --angles 20 5 --seed 48 --cem-seed 48
95	pusht	gd_router_ds1_tauown	50	49	logs/rbD_pusht_gd_router_ds1_tauown_t50_seed49.log	python -m surveyor.envs.pusht.eval --solver gd --subgoal router+surveyor --gdm-ckpt gdm_stride10_s1.pt --gdm-steps 3 --accept-tau 0.233 --horizon 2 --receding-horizon 2 --source pretrained --h5 pusht_c2222.h5 --device cuda --mode long --episodes-file episodes/pusht_c2222.episodes50.json --goal-offset 50 --eval-budget 100 --num-eval 256 --score block --angles 20 5 --seed 49 --cem-seed 49
96	pusht	gd_router_ds1_tauown	75	42	logs/rbD_pusht_gd_router_ds1_tauown_t75_seed42.log	python -m surveyor.envs.pusht.eval --solver gd --subgoal router+surveyor --gdm-ckpt gdm_stride10_s1.pt --gdm-steps 3 --accept-tau 0.233 --horizon 2 --receding-horizon 2 --source pretrained --h5 pusht_c2222.h5 --device cuda --mode long --episodes-file episodes/pusht_c2222.episodes75.json --goal-offset 75 --eval-budget 150 --num-eval 256 --score block --angles 20 5 --seed 42 --cem-seed 42
97	pusht	gd_router_ds1_tauown	75	43	logs/rbD_pusht_gd_router_ds1_tauown_t75_seed43.log	python -m surveyor.envs.pusht.eval --solver gd --subgoal router+surveyor --gdm-ckpt gdm_stride10_s1.pt --gdm-steps 3 --accept-tau 0.233 --horizon 2 --receding-horizon 2 --source pretrained --h5 pusht_c2222.h5 --device cuda --mode long --episodes-file episodes/pusht_c2222.episodes75.json --goal-offset 75 --eval-budget 150 --num-eval 256 --score block --angles 20 5 --seed 43 --cem-seed 43
98	pusht	gd_router_ds1_tauown	75	44	logs/rbD_pusht_gd_router_ds1_tauown_t75_seed44.log	python -m surveyor.envs.pusht.eval --solver gd --subgoal router+surveyor --gdm-ckpt gdm_stride10_s1.pt --gdm-steps 3 --accept-tau 0.233 --horizon 2 --receding-horizon 2 --source pretrained --h5 pusht_c2222.h5 --device cuda --mode long --episodes-file episodes/pusht_c2222.episodes75.json --goal-offset 75 --eval-budget 150 --num-eval 256 --score block --angles 20 5 --seed 44 --cem-seed 44
99	pusht	gd_router_ds1_tauown	75	45	logs/rbD_pusht_gd_router_ds1_tauown_t75_seed45.log	python -m surveyor.envs.pusht.eval --solver gd --subgoal router+surveyor --gdm-ckpt gdm_stride10_s1.pt --gdm-steps 3 --accept-tau 0.233 --horizon 2 --receding-horizon 2 --source pretrained --h5 pusht_c2222.h5 --device cuda --mode long --episodes-file episodes/pusht_c2222.episodes75.json --goal-offset 75 --eval-budget 150 --num-eval 256 --score block --angles 20 5 --seed 45 --cem-seed 45
100	pusht	gd_router_ds1_tauown	75	46	logs/rbD_pusht_gd_router_ds1_tauown_t75_seed46.log	python -m surveyor.envs.pusht.eval --solver gd --subgoal router+surveyor --gdm-ckpt gdm_stride10_s1.pt --gdm-steps 3 --accept-tau 0.233 --horizon 2 --receding-horizon 2 --source pretrained --h5 pusht_c2222.h5 --device cuda --mode long --episodes-file episodes/pusht_c2222.episodes75.json --goal-offset 75 --eval-budget 150 --num-eval 256 --score block --angles 20 5 --seed 46 --cem-seed 46
101	pusht	gd_router_ds1_tauown	75	47	logs/rbD_pusht_gd_router_ds1_tauown_t75_seed47.log	python -m surveyor.envs.pusht.eval --solver gd --subgoal router+surveyor --gdm-ckpt gdm_stride10_s1.pt --gdm-steps 3 --accept-tau 0.233 --horizon 2 --receding-horizon 2 --source pretrained --h5 pusht_c2222.h5 --device cuda --mode long --episodes-file episodes/pusht_c2222.episodes75.json --goal-offset 75 --eval-budget 150 --num-eval 256 --score block --angles 20 5 --seed 47 --cem-seed 47
102	pusht	gd_router_ds1_tauown	75	48	logs/rbD_pusht_gd_router_ds1_tauown_t75_seed48.log	python -m surveyor.envs.pusht.eval --solver gd --subgoal router+surveyor --gdm-ckpt gdm_stride10_s1.pt --gdm-steps 3 --accept-tau 0.233 --horizon 2 --receding-horizon 2 --source pretrained --h5 pusht_c2222.h5 --device cuda --mode long --episodes-file episodes/pusht_c2222.episodes75.json --goal-offset 75 --eval-budget 150 --num-eval 256 --score block --angles 20 5 --seed 48 --cem-seed 48
103	pusht	gd_router_ds1_tauown	75	49	logs/rbD_pusht_gd_router_ds1_tauown_t75_seed49.log	python -m surveyor.envs.pusht.eval --solver gd --subgoal router+surveyor --gdm-ckpt gdm_stride10_s1.pt --gdm-steps 3 --accept-tau 0.233 --horizon 2 --receding-horizon 2 --source pretrained --h5 pusht_c2222.h5 --device cuda --mode long --episodes-file episodes/pusht_c2222.episodes75.json --goal-offset 75 --eval-budget 150 --num-eval 256 --score block --angles 20 5 --seed 49 --cem-seed 49
104	pusht	gd_router_ds1_tauown	100	42	logs/rbD_pusht_gd_router_ds1_tauown_t100_seed42.log	python -m surveyor.envs.pusht.eval --solver gd --subgoal router+surveyor --gdm-ckpt gdm_stride10_s1.pt --gdm-steps 3 --accept-tau 0.233 --horizon 2 --receding-horizon 2 --source pretrained --h5 pusht_c2222.h5 --device cuda --mode long --episodes-file episodes/pusht_c2222.episodes100.json --goal-offset 100 --eval-budget 200 --num-eval 256 --score block --angles 20 5 --seed 42 --cem-seed 42
105	pusht	gd_router_ds1_tauown	100	43	logs/rbD_pusht_gd_router_ds1_tauown_t100_seed43.log	python -m surveyor.envs.pusht.eval --solver gd --subgoal router+surveyor --gdm-ckpt gdm_stride10_s1.pt --gdm-steps 3 --accept-tau 0.233 --horizon 2 --receding-horizon 2 --source pretrained --h5 pusht_c2222.h5 --device cuda --mode long --episodes-file episodes/pusht_c2222.episodes100.json --goal-offset 100 --eval-budget 200 --num-eval 256 --score block --angles 20 5 --seed 43 --cem-seed 43
106	pusht	gd_router_ds1_tauown	100	44	logs/rbD_pusht_gd_router_ds1_tauown_t100_seed44.log	python -m surveyor.envs.pusht.eval --solver gd --subgoal router+surveyor --gdm-ckpt gdm_stride10_s1.pt --gdm-steps 3 --accept-tau 0.233 --horizon 2 --receding-horizon 2 --source pretrained --h5 pusht_c2222.h5 --device cuda --mode long --episodes-file episodes/pusht_c2222.episodes100.json --goal-offset 100 --eval-budget 200 --num-eval 256 --score block --angles 20 5 --seed 44 --cem-seed 44
107	pusht	gd_router_ds1_tauown	100	45	logs/rbD_pusht_gd_router_ds1_tauown_t100_seed45.log	python -m surveyor.envs.pusht.eval --solver gd --subgoal router+surveyor --gdm-ckpt gdm_stride10_s1.pt --gdm-steps 3 --accept-tau 0.233 --horizon 2 --receding-horizon 2 --source pretrained --h5 pusht_c2222.h5 --device cuda --mode long --episodes-file episodes/pusht_c2222.episodes100.json --goal-offset 100 --eval-budget 200 --num-eval 256 --score block --angles 20 5 --seed 45 --cem-seed 45
108	pusht	gd_router_ds1_tauown	100	46	logs/rbD_pusht_gd_router_ds1_tauown_t100_seed46.log	python -m surveyor.envs.pusht.eval --solver gd --subgoal router+surveyor --gdm-ckpt gdm_stride10_s1.pt --gdm-steps 3 --accept-tau 0.233 --horizon 2 --receding-horizon 2 --source pretrained --h5 pusht_c2222.h5 --device cuda --mode long --episodes-file episodes/pusht_c2222.episodes100.json --goal-offset 100 --eval-budget 200 --num-eval 256 --score block --angles 20 5 --seed 46 --cem-seed 46
109	pusht	gd_router_ds1_tauown	100	47	logs/rbD_pusht_gd_router_ds1_tauown_t100_seed47.log	python -m surveyor.envs.pusht.eval --solver gd --subgoal router+surveyor --gdm-ckpt gdm_stride10_s1.pt --gdm-steps 3 --accept-tau 0.233 --horizon 2 --receding-horizon 2 --source pretrained --h5 pusht_c2222.h5 --device cuda --mode long --episodes-file episodes/pusht_c2222.episodes100.json --goal-offset 100 --eval-budget 200 --num-eval 256 --score block --angles 20 5 --seed 47 --cem-seed 47
110	pusht	gd_router_ds1_tauown	100	48	logs/rbD_pusht_gd_router_ds1_tauown_t100_seed48.log	python -m surveyor.envs.pusht.eval --solver gd --subgoal router+surveyor --gdm-ckpt gdm_stride10_s1.pt --gdm-steps 3 --accept-tau 0.233 --horizon 2 --receding-horizon 2 --source pretrained --h5 pusht_c2222.h5 --device cuda --mode long --episodes-file episodes/pusht_c2222.episodes100.json --goal-offset 100 --eval-budget 200 --num-eval 256 --score block --angles 20 5 --seed 48 --cem-seed 48
111	pusht	gd_router_ds1_tauown	100	49	logs/rbD_pusht_gd_router_ds1_tauown_t100_seed49.log	python -m surveyor.envs.pusht.eval --solver gd --subgoal router+surveyor --gdm-ckpt gdm_stride10_s1.pt --gdm-steps 3 --accept-tau 0.233 --horizon 2 --receding-horizon 2 --source pretrained --h5 pusht_c2222.h5 --device cuda --mode long --episodes-file episodes/pusht_c2222.episodes100.json --goal-offset 100 --eval-budget 200 --num-eval 256 --score block --angles 20 5 --seed 49 --cem-seed 49
112	pusht	gd_router_ds1_tauown	150	42	logs/rbD_pusht_gd_router_ds1_tauown_t150_seed42.log	python -m surveyor.envs.pusht.eval --solver gd --subgoal router+surveyor --gdm-ckpt gdm_stride10_s1.pt --gdm-steps 3 --accept-tau 0.233 --horizon 2 --receding-horizon 2 --source pretrained --h5 pusht_c2222.h5 --device cuda --mode long --episodes-file episodes/pusht_c2222.episodes150.json --goal-offset 150 --eval-budget 300 --num-eval 256 --score block --angles 20 5 --seed 42 --cem-seed 42
113	pusht	gd_router_ds1_tauown	150	43	logs/rbD_pusht_gd_router_ds1_tauown_t150_seed43.log	python -m surveyor.envs.pusht.eval --solver gd --subgoal router+surveyor --gdm-ckpt gdm_stride10_s1.pt --gdm-steps 3 --accept-tau 0.233 --horizon 2 --receding-horizon 2 --source pretrained --h5 pusht_c2222.h5 --device cuda --mode long --episodes-file episodes/pusht_c2222.episodes150.json --goal-offset 150 --eval-budget 300 --num-eval 256 --score block --angles 20 5 --seed 43 --cem-seed 43
114	pusht	gd_router_ds1_tauown	150	44	logs/rbD_pusht_gd_router_ds1_tauown_t150_seed44.log	python -m surveyor.envs.pusht.eval --solver gd --subgoal router+surveyor --gdm-ckpt gdm_stride10_s1.pt --gdm-steps 3 --accept-tau 0.233 --horizon 2 --receding-horizon 2 --source pretrained --h5 pusht_c2222.h5 --device cuda --mode long --episodes-file episodes/pusht_c2222.episodes150.json --goal-offset 150 --eval-budget 300 --num-eval 256 --score block --angles 20 5 --seed 44 --cem-seed 44
115	pusht	gd_router_ds1_tauown	150	45	logs/rbD_pusht_gd_router_ds1_tauown_t150_seed45.log	python -m surveyor.envs.pusht.eval --solver gd --subgoal router+surveyor --gdm-ckpt gdm_stride10_s1.pt --gdm-steps 3 --accept-tau 0.233 --horizon 2 --receding-horizon 2 --source pretrained --h5 pusht_c2222.h5 --device cuda --mode long --episodes-file episodes/pusht_c2222.episodes150.json --goal-offset 150 --eval-budget 300 --num-eval 256 --score block --angles 20 5 --seed 45 --cem-seed 45
116	pusht	gd_router_ds1_tauown	150	46	logs/rbD_pusht_gd_router_ds1_tauown_t150_seed46.log	python -m surveyor.envs.pusht.eval --solver gd --subgoal router+surveyor --gdm-ckpt gdm_stride10_s1.pt --gdm-steps 3 --accept-tau 0.233 --horizon 2 --receding-horizon 2 --source pretrained --h5 pusht_c2222.h5 --device cuda --mode long --episodes-file episodes/pusht_c2222.episodes150.json --goal-offset 150 --eval-budget 300 --num-eval 256 --score block --angles 20 5 --seed 46 --cem-seed 46
117	pusht	gd_router_ds1_tauown	150	47	logs/rbD_pusht_gd_router_ds1_tauown_t150_seed47.log	python -m surveyor.envs.pusht.eval --solver gd --subgoal router+surveyor --gdm-ckpt gdm_stride10_s1.pt --gdm-steps 3 --accept-tau 0.233 --horizon 2 --receding-horizon 2 --source pretrained --h5 pusht_c2222.h5 --device cuda --mode long --episodes-file episodes/pusht_c2222.episodes150.json --goal-offset 150 --eval-budget 300 --num-eval 256 --score block --angles 20 5 --seed 47 --cem-seed 47
118	pusht	gd_router_ds1_tauown	150	48	logs/rbD_pusht_gd_router_ds1_tauown_t150_seed48.log	python -m surveyor.envs.pusht.eval --solver gd --subgoal router+surveyor --gdm-ckpt gdm_stride10_s1.pt --gdm-steps 3 --accept-tau 0.233 --horizon 2 --receding-horizon 2 --source pretrained --h5 pusht_c2222.h5 --device cuda --mode long --episodes-file episodes/pusht_c2222.episodes150.json --goal-offset 150 --eval-budget 300 --num-eval 256 --score block --angles 20 5 --seed 48 --cem-seed 48
119	pusht	gd_router_ds1_tauown	150	49	logs/rbD_pusht_gd_router_ds1_tauown_t150_seed49.log	python -m surveyor.envs.pusht.eval --solver gd --subgoal router+surveyor --gdm-ckpt gdm_stride10_s1.pt --gdm-steps 3 --accept-tau 0.233 --horizon 2 --receding-horizon 2 --source pretrained --h5 pusht_c2222.h5 --device cuda --mode long --episodes-file episodes/pusht_c2222.episodes150.json --goal-offset 150 --eval-budget 300 --num-eval 256 --score block --angles 20 5 --seed 49 --cem-seed 49
120	pusht	gd_router_ds2_tauown	25	42	logs/rbD_pusht_gd_router_ds2_tauown_t25_seed42.log	python -m surveyor.envs.pusht.eval --solver gd --subgoal router+surveyor --gdm-ckpt gdm_stride10_s2.pt --gdm-steps 3 --accept-tau 0.233 --horizon 2 --receding-horizon 2 --source pretrained --h5 pusht_c2222.h5 --device cuda --mode long --episodes-file episodes/pusht_c2222.episodes25.json --goal-offset 25 --eval-budget 50 --num-eval 256 --score block --angles 20 5 --seed 42 --cem-seed 42
121	pusht	gd_router_ds2_tauown	25	43	logs/rbD_pusht_gd_router_ds2_tauown_t25_seed43.log	python -m surveyor.envs.pusht.eval --solver gd --subgoal router+surveyor --gdm-ckpt gdm_stride10_s2.pt --gdm-steps 3 --accept-tau 0.233 --horizon 2 --receding-horizon 2 --source pretrained --h5 pusht_c2222.h5 --device cuda --mode long --episodes-file episodes/pusht_c2222.episodes25.json --goal-offset 25 --eval-budget 50 --num-eval 256 --score block --angles 20 5 --seed 43 --cem-seed 43
122	pusht	gd_router_ds2_tauown	25	44	logs/rbD_pusht_gd_router_ds2_tauown_t25_seed44.log	python -m surveyor.envs.pusht.eval --solver gd --subgoal router+surveyor --gdm-ckpt gdm_stride10_s2.pt --gdm-steps 3 --accept-tau 0.233 --horizon 2 --receding-horizon 2 --source pretrained --h5 pusht_c2222.h5 --device cuda --mode long --episodes-file episodes/pusht_c2222.episodes25.json --goal-offset 25 --eval-budget 50 --num-eval 256 --score block --angles 20 5 --seed 44 --cem-seed 44
123	pusht	gd_router_ds2_tauown	25	45	logs/rbD_pusht_gd_router_ds2_tauown_t25_seed45.log	python -m surveyor.envs.pusht.eval --solver gd --subgoal router+surveyor --gdm-ckpt gdm_stride10_s2.pt --gdm-steps 3 --accept-tau 0.233 --horizon 2 --receding-horizon 2 --source pretrained --h5 pusht_c2222.h5 --device cuda --mode long --episodes-file episodes/pusht_c2222.episodes25.json --goal-offset 25 --eval-budget 50 --num-eval 256 --score block --angles 20 5 --seed 45 --cem-seed 45
124	pusht	gd_router_ds2_tauown	25	46	logs/rbD_pusht_gd_router_ds2_tauown_t25_seed46.log	python -m surveyor.envs.pusht.eval --solver gd --subgoal router+surveyor --gdm-ckpt gdm_stride10_s2.pt --gdm-steps 3 --accept-tau 0.233 --horizon 2 --receding-horizon 2 --source pretrained --h5 pusht_c2222.h5 --device cuda --mode long --episodes-file episodes/pusht_c2222.episodes25.json --goal-offset 25 --eval-budget 50 --num-eval 256 --score block --angles 20 5 --seed 46 --cem-seed 46
125	pusht	gd_router_ds2_tauown	25	47	logs/rbD_pusht_gd_router_ds2_tauown_t25_seed47.log	python -m surveyor.envs.pusht.eval --solver gd --subgoal router+surveyor --gdm-ckpt gdm_stride10_s2.pt --gdm-steps 3 --accept-tau 0.233 --horizon 2 --receding-horizon 2 --source pretrained --h5 pusht_c2222.h5 --device cuda --mode long --episodes-file episodes/pusht_c2222.episodes25.json --goal-offset 25 --eval-budget 50 --num-eval 256 --score block --angles 20 5 --seed 47 --cem-seed 47
126	pusht	gd_router_ds2_tauown	25	48	logs/rbD_pusht_gd_router_ds2_tauown_t25_seed48.log	python -m surveyor.envs.pusht.eval --solver gd --subgoal router+surveyor --gdm-ckpt gdm_stride10_s2.pt --gdm-steps 3 --accept-tau 0.233 --horizon 2 --receding-horizon 2 --source pretrained --h5 pusht_c2222.h5 --device cuda --mode long --episodes-file episodes/pusht_c2222.episodes25.json --goal-offset 25 --eval-budget 50 --num-eval 256 --score block --angles 20 5 --seed 48 --cem-seed 48
127	pusht	gd_router_ds2_tauown	25	49	logs/rbD_pusht_gd_router_ds2_tauown_t25_seed49.log	python -m surveyor.envs.pusht.eval --solver gd --subgoal router+surveyor --gdm-ckpt gdm_stride10_s2.pt --gdm-steps 3 --accept-tau 0.233 --horizon 2 --receding-horizon 2 --source pretrained --h5 pusht_c2222.h5 --device cuda --mode long --episodes-file episodes/pusht_c2222.episodes25.json --goal-offset 25 --eval-budget 50 --num-eval 256 --score block --angles 20 5 --seed 49 --cem-seed 49
128	pusht	gd_router_ds2_tauown	50	42	logs/rbD_pusht_gd_router_ds2_tauown_t50_seed42.log	python -m surveyor.envs.pusht.eval --solver gd --subgoal router+surveyor --gdm-ckpt gdm_stride10_s2.pt --gdm-steps 3 --accept-tau 0.233 --horizon 2 --receding-horizon 2 --source pretrained --h5 pusht_c2222.h5 --device cuda --mode long --episodes-file episodes/pusht_c2222.episodes50.json --goal-offset 50 --eval-budget 100 --num-eval 256 --score block --angles 20 5 --seed 42 --cem-seed 42
129	pusht	gd_router_ds2_tauown	50	43	logs/rbD_pusht_gd_router_ds2_tauown_t50_seed43.log	python -m surveyor.envs.pusht.eval --solver gd --subgoal router+surveyor --gdm-ckpt gdm_stride10_s2.pt --gdm-steps 3 --accept-tau 0.233 --horizon 2 --receding-horizon 2 --source pretrained --h5 pusht_c2222.h5 --device cuda --mode long --episodes-file episodes/pusht_c2222.episodes50.json --goal-offset 50 --eval-budget 100 --num-eval 256 --score block --angles 20 5 --seed 43 --cem-seed 43
130	pusht	gd_router_ds2_tauown	50	44	logs/rbD_pusht_gd_router_ds2_tauown_t50_seed44.log	python -m surveyor.envs.pusht.eval --solver gd --subgoal router+surveyor --gdm-ckpt gdm_stride10_s2.pt --gdm-steps 3 --accept-tau 0.233 --horizon 2 --receding-horizon 2 --source pretrained --h5 pusht_c2222.h5 --device cuda --mode long --episodes-file episodes/pusht_c2222.episodes50.json --goal-offset 50 --eval-budget 100 --num-eval 256 --score block --angles 20 5 --seed 44 --cem-seed 44
131	pusht	gd_router_ds2_tauown	50	45	logs/rbD_pusht_gd_router_ds2_tauown_t50_seed45.log	python -m surveyor.envs.pusht.eval --solver gd --subgoal router+surveyor --gdm-ckpt gdm_stride10_s2.pt --gdm-steps 3 --accept-tau 0.233 --horizon 2 --receding-horizon 2 --source pretrained --h5 pusht_c2222.h5 --device cuda --mode long --episodes-file episodes/pusht_c2222.episodes50.json --goal-offset 50 --eval-budget 100 --num-eval 256 --score block --angles 20 5 --seed 45 --cem-seed 45
132	pusht	gd_router_ds2_tauown	50	46	logs/rbD_pusht_gd_router_ds2_tauown_t50_seed46.log	python -m surveyor.envs.pusht.eval --solver gd --subgoal router+surveyor --gdm-ckpt gdm_stride10_s2.pt --gdm-steps 3 --accept-tau 0.233 --horizon 2 --receding-horizon 2 --source pretrained --h5 pusht_c2222.h5 --device cuda --mode long --episodes-file episodes/pusht_c2222.episodes50.json --goal-offset 50 --eval-budget 100 --num-eval 256 --score block --angles 20 5 --seed 46 --cem-seed 46
133	pusht	gd_router_ds2_tauown	50	47	logs/rbD_pusht_gd_router_ds2_tauown_t50_seed47.log	python -m surveyor.envs.pusht.eval --solver gd --subgoal router+surveyor --gdm-ckpt gdm_stride10_s2.pt --gdm-steps 3 --accept-tau 0.233 --horizon 2 --receding-horizon 2 --source pretrained --h5 pusht_c2222.h5 --device cuda --mode long --episodes-file episodes/pusht_c2222.episodes50.json --goal-offset 50 --eval-budget 100 --num-eval 256 --score block --angles 20 5 --seed 47 --cem-seed 47
134	pusht	gd_router_ds2_tauown	50	48	logs/rbD_pusht_gd_router_ds2_tauown_t50_seed48.log	python -m surveyor.envs.pusht.eval --solver gd --subgoal router+surveyor --gdm-ckpt gdm_stride10_s2.pt --gdm-steps 3 --accept-tau 0.233 --horizon 2 --receding-horizon 2 --source pretrained --h5 pusht_c2222.h5 --device cuda --mode long --episodes-file episodes/pusht_c2222.episodes50.json --goal-offset 50 --eval-budget 100 --num-eval 256 --score block --angles 20 5 --seed 48 --cem-seed 48
135	pusht	gd_router_ds2_tauown	50	49	logs/rbD_pusht_gd_router_ds2_tauown_t50_seed49.log	python -m surveyor.envs.pusht.eval --solver gd --subgoal router+surveyor --gdm-ckpt gdm_stride10_s2.pt --gdm-steps 3 --accept-tau 0.233 --horizon 2 --receding-horizon 2 --source pretrained --h5 pusht_c2222.h5 --device cuda --mode long --episodes-file episodes/pusht_c2222.episodes50.json --goal-offset 50 --eval-budget 100 --num-eval 256 --score block --angles 20 5 --seed 49 --cem-seed 49
136	pusht	gd_router_ds2_tauown	75	42	logs/rbD_pusht_gd_router_ds2_tauown_t75_seed42.log	python -m surveyor.envs.pusht.eval --solver gd --subgoal router+surveyor --gdm-ckpt gdm_stride10_s2.pt --gdm-steps 3 --accept-tau 0.233 --horizon 2 --receding-horizon 2 --source pretrained --h5 pusht_c2222.h5 --device cuda --mode long --episodes-file episodes/pusht_c2222.episodes75.json --goal-offset 75 --eval-budget 150 --num-eval 256 --score block --angles 20 5 --seed 42 --cem-seed 42
137	pusht	gd_router_ds2_tauown	75	43	logs/rbD_pusht_gd_router_ds2_tauown_t75_seed43.log	python -m surveyor.envs.pusht.eval --solver gd --subgoal router+surveyor --gdm-ckpt gdm_stride10_s2.pt --gdm-steps 3 --accept-tau 0.233 --horizon 2 --receding-horizon 2 --source pretrained --h5 pusht_c2222.h5 --device cuda --mode long --episodes-file episodes/pusht_c2222.episodes75.json --goal-offset 75 --eval-budget 150 --num-eval 256 --score block --angles 20 5 --seed 43 --cem-seed 43
138	pusht	gd_router_ds2_tauown	75	44	logs/rbD_pusht_gd_router_ds2_tauown_t75_seed44.log	python -m surveyor.envs.pusht.eval --solver gd --subgoal router+surveyor --gdm-ckpt gdm_stride10_s2.pt --gdm-steps 3 --accept-tau 0.233 --horizon 2 --receding-horizon 2 --source pretrained --h5 pusht_c2222.h5 --device cuda --mode long --episodes-file episodes/pusht_c2222.episodes75.json --goal-offset 75 --eval-budget 150 --num-eval 256 --score block --angles 20 5 --seed 44 --cem-seed 44
139	pusht	gd_router_ds2_tauown	75	45	logs/rbD_pusht_gd_router_ds2_tauown_t75_seed45.log	python -m surveyor.envs.pusht.eval --solver gd --subgoal router+surveyor --gdm-ckpt gdm_stride10_s2.pt --gdm-steps 3 --accept-tau 0.233 --horizon 2 --receding-horizon 2 --source pretrained --h5 pusht_c2222.h5 --device cuda --mode long --episodes-file episodes/pusht_c2222.episodes75.json --goal-offset 75 --eval-budget 150 --num-eval 256 --score block --angles 20 5 --seed 45 --cem-seed 45
140	pusht	gd_router_ds2_tauown	75	46	logs/rbD_pusht_gd_router_ds2_tauown_t75_seed46.log	python -m surveyor.envs.pusht.eval --solver gd --subgoal router+surveyor --gdm-ckpt gdm_stride10_s2.pt --gdm-steps 3 --accept-tau 0.233 --horizon 2 --receding-horizon 2 --source pretrained --h5 pusht_c2222.h5 --device cuda --mode long --episodes-file episodes/pusht_c2222.episodes75.json --goal-offset 75 --eval-budget 150 --num-eval 256 --score block --angles 20 5 --seed 46 --cem-seed 46
141	pusht	gd_router_ds2_tauown	75	47	logs/rbD_pusht_gd_router_ds2_tauown_t75_seed47.log	python -m surveyor.envs.pusht.eval --solver gd --subgoal router+surveyor --gdm-ckpt gdm_stride10_s2.pt --gdm-steps 3 --accept-tau 0.233 --horizon 2 --receding-horizon 2 --source pretrained --h5 pusht_c2222.h5 --device cuda --mode long --episodes-file episodes/pusht_c2222.episodes75.json --goal-offset 75 --eval-budget 150 --num-eval 256 --score block --angles 20 5 --seed 47 --cem-seed 47
142	pusht	gd_router_ds2_tauown	75	48	logs/rbD_pusht_gd_router_ds2_tauown_t75_seed48.log	python -m surveyor.envs.pusht.eval --solver gd --subgoal router+surveyor --gdm-ckpt gdm_stride10_s2.pt --gdm-steps 3 --accept-tau 0.233 --horizon 2 --receding-horizon 2 --source pretrained --h5 pusht_c2222.h5 --device cuda --mode long --episodes-file episodes/pusht_c2222.episodes75.json --goal-offset 75 --eval-budget 150 --num-eval 256 --score block --angles 20 5 --seed 48 --cem-seed 48
143	pusht	gd_router_ds2_tauown	75	49	logs/rbD_pusht_gd_router_ds2_tauown_t75_seed49.log	python -m surveyor.envs.pusht.eval --solver gd --subgoal router+surveyor --gdm-ckpt gdm_stride10_s2.pt --gdm-steps 3 --accept-tau 0.233 --horizon 2 --receding-horizon 2 --source pretrained --h5 pusht_c2222.h5 --device cuda --mode long --episodes-file episodes/pusht_c2222.episodes75.json --goal-offset 75 --eval-budget 150 --num-eval 256 --score block --angles 20 5 --seed 49 --cem-seed 49
144	pusht	gd_router_ds2_tauown	100	42	logs/rbD_pusht_gd_router_ds2_tauown_t100_seed42.log	python -m surveyor.envs.pusht.eval --solver gd --subgoal router+surveyor --gdm-ckpt gdm_stride10_s2.pt --gdm-steps 3 --accept-tau 0.233 --horizon 2 --receding-horizon 2 --source pretrained --h5 pusht_c2222.h5 --device cuda --mode long --episodes-file episodes/pusht_c2222.episodes100.json --goal-offset 100 --eval-budget 200 --num-eval 256 --score block --angles 20 5 --seed 42 --cem-seed 42
145	pusht	gd_router_ds2_tauown	100	43	logs/rbD_pusht_gd_router_ds2_tauown_t100_seed43.log	python -m surveyor.envs.pusht.eval --solver gd --subgoal router+surveyor --gdm-ckpt gdm_stride10_s2.pt --gdm-steps 3 --accept-tau 0.233 --horizon 2 --receding-horizon 2 --source pretrained --h5 pusht_c2222.h5 --device cuda --mode long --episodes-file episodes/pusht_c2222.episodes100.json --goal-offset 100 --eval-budget 200 --num-eval 256 --score block --angles 20 5 --seed 43 --cem-seed 43
146	pusht	gd_router_ds2_tauown	100	44	logs/rbD_pusht_gd_router_ds2_tauown_t100_seed44.log	python -m surveyor.envs.pusht.eval --solver gd --subgoal router+surveyor --gdm-ckpt gdm_stride10_s2.pt --gdm-steps 3 --accept-tau 0.233 --horizon 2 --receding-horizon 2 --source pretrained --h5 pusht_c2222.h5 --device cuda --mode long --episodes-file episodes/pusht_c2222.episodes100.json --goal-offset 100 --eval-budget 200 --num-eval 256 --score block --angles 20 5 --seed 44 --cem-seed 44
147	pusht	gd_router_ds2_tauown	100	45	logs/rbD_pusht_gd_router_ds2_tauown_t100_seed45.log	python -m surveyor.envs.pusht.eval --solver gd --subgoal router+surveyor --gdm-ckpt gdm_stride10_s2.pt --gdm-steps 3 --accept-tau 0.233 --horizon 2 --receding-horizon 2 --source pretrained --h5 pusht_c2222.h5 --device cuda --mode long --episodes-file episodes/pusht_c2222.episodes100.json --goal-offset 100 --eval-budget 200 --num-eval 256 --score block --angles 20 5 --seed 45 --cem-seed 45
148	pusht	gd_router_ds2_tauown	100	46	logs/rbD_pusht_gd_router_ds2_tauown_t100_seed46.log	python -m surveyor.envs.pusht.eval --solver gd --subgoal router+surveyor --gdm-ckpt gdm_stride10_s2.pt --gdm-steps 3 --accept-tau 0.233 --horizon 2 --receding-horizon 2 --source pretrained --h5 pusht_c2222.h5 --device cuda --mode long --episodes-file episodes/pusht_c2222.episodes100.json --goal-offset 100 --eval-budget 200 --num-eval 256 --score block --angles 20 5 --seed 46 --cem-seed 46
149	pusht	gd_router_ds2_tauown	100	47	logs/rbD_pusht_gd_router_ds2_tauown_t100_seed47.log	python -m surveyor.envs.pusht.eval --solver gd --subgoal router+surveyor --gdm-ckpt gdm_stride10_s2.pt --gdm-steps 3 --accept-tau 0.233 --horizon 2 --receding-horizon 2 --source pretrained --h5 pusht_c2222.h5 --device cuda --mode long --episodes-file episodes/pusht_c2222.episodes100.json --goal-offset 100 --eval-budget 200 --num-eval 256 --score block --angles 20 5 --seed 47 --cem-seed 47
150	pusht	gd_router_ds2_tauown	100	48	logs/rbD_pusht_gd_router_ds2_tauown_t100_seed48.log	python -m surveyor.envs.pusht.eval --solver gd --subgoal router+surveyor --gdm-ckpt gdm_stride10_s2.pt --gdm-steps 3 --accept-tau 0.233 --horizon 2 --receding-horizon 2 --source pretrained --h5 pusht_c2222.h5 --device cuda --mode long --episodes-file episodes/pusht_c2222.episodes100.json --goal-offset 100 --eval-budget 200 --num-eval 256 --score block --angles 20 5 --seed 48 --cem-seed 48
151	pusht	gd_router_ds2_tauown	100	49	logs/rbD_pusht_gd_router_ds2_tauown_t100_seed49.log	python -m surveyor.envs.pusht.eval --solver gd --subgoal router+surveyor --gdm-ckpt gdm_stride10_s2.pt --gdm-steps 3 --accept-tau 0.233 --horizon 2 --receding-horizon 2 --source pretrained --h5 pusht_c2222.h5 --device cuda --mode long --episodes-file episodes/pusht_c2222.episodes100.json --goal-offset 100 --eval-budget 200 --num-eval 256 --score block --angles 20 5 --seed 49 --cem-seed 49
152	pusht	gd_router_ds2_tauown	150	42	logs/rbD_pusht_gd_router_ds2_tauown_t150_seed42.log	python -m surveyor.envs.pusht.eval --solver gd --subgoal router+surveyor --gdm-ckpt gdm_stride10_s2.pt --gdm-steps 3 --accept-tau 0.233 --horizon 2 --receding-horizon 2 --source pretrained --h5 pusht_c2222.h5 --device cuda --mode long --episodes-file episodes/pusht_c2222.episodes150.json --goal-offset 150 --eval-budget 300 --num-eval 256 --score block --angles 20 5 --seed 42 --cem-seed 42
153	pusht	gd_router_ds2_tauown	150	43	logs/rbD_pusht_gd_router_ds2_tauown_t150_seed43.log	python -m surveyor.envs.pusht.eval --solver gd --subgoal router+surveyor --gdm-ckpt gdm_stride10_s2.pt --gdm-steps 3 --accept-tau 0.233 --horizon 2 --receding-horizon 2 --source pretrained --h5 pusht_c2222.h5 --device cuda --mode long --episodes-file episodes/pusht_c2222.episodes150.json --goal-offset 150 --eval-budget 300 --num-eval 256 --score block --angles 20 5 --seed 43 --cem-seed 43
154	pusht	gd_router_ds2_tauown	150	44	logs/rbD_pusht_gd_router_ds2_tauown_t150_seed44.log	python -m surveyor.envs.pusht.eval --solver gd --subgoal router+surveyor --gdm-ckpt gdm_stride10_s2.pt --gdm-steps 3 --accept-tau 0.233 --horizon 2 --receding-horizon 2 --source pretrained --h5 pusht_c2222.h5 --device cuda --mode long --episodes-file episodes/pusht_c2222.episodes150.json --goal-offset 150 --eval-budget 300 --num-eval 256 --score block --angles 20 5 --seed 44 --cem-seed 44
155	pusht	gd_router_ds2_tauown	150	45	logs/rbD_pusht_gd_router_ds2_tauown_t150_seed45.log	python -m surveyor.envs.pusht.eval --solver gd --subgoal router+surveyor --gdm-ckpt gdm_stride10_s2.pt --gdm-steps 3 --accept-tau 0.233 --horizon 2 --receding-horizon 2 --source pretrained --h5 pusht_c2222.h5 --device cuda --mode long --episodes-file episodes/pusht_c2222.episodes150.json --goal-offset 150 --eval-budget 300 --num-eval 256 --score block --angles 20 5 --seed 45 --cem-seed 45
156	pusht	gd_router_ds2_tauown	150	46	logs/rbD_pusht_gd_router_ds2_tauown_t150_seed46.log	python -m surveyor.envs.pusht.eval --solver gd --subgoal router+surveyor --gdm-ckpt gdm_stride10_s2.pt --gdm-steps 3 --accept-tau 0.233 --horizon 2 --receding-horizon 2 --source pretrained --h5 pusht_c2222.h5 --device cuda --mode long --episodes-file episodes/pusht_c2222.episodes150.json --goal-offset 150 --eval-budget 300 --num-eval 256 --score block --angles 20 5 --seed 46 --cem-seed 46
157	pusht	gd_router_ds2_tauown	150	47	logs/rbD_pusht_gd_router_ds2_tauown_t150_seed47.log	python -m surveyor.envs.pusht.eval --solver gd --subgoal router+surveyor --gdm-ckpt gdm_stride10_s2.pt --gdm-steps 3 --accept-tau 0.233 --horizon 2 --receding-horizon 2 --source pretrained --h5 pusht_c2222.h5 --device cuda --mode long --episodes-file episodes/pusht_c2222.episodes150.json --goal-offset 150 --eval-budget 300 --num-eval 256 --score block --angles 20 5 --seed 47 --cem-seed 47
158	pusht	gd_router_ds2_tauown	150	48	logs/rbD_pusht_gd_router_ds2_tauown_t150_seed48.log	python -m surveyor.envs.pusht.eval --solver gd --subgoal router+surveyor --gdm-ckpt gdm_stride10_s2.pt --gdm-steps 3 --accept-tau 0.233 --horizon 2 --receding-horizon 2 --source pretrained --h5 pusht_c2222.h5 --device cuda --mode long --episodes-file episodes/pusht_c2222.episodes150.json --goal-offset 150 --eval-budget 300 --num-eval 256 --score block --angles 20 5 --seed 48 --cem-seed 48
159	pusht	gd_router_ds2_tauown	150	49	logs/rbD_pusht_gd_router_ds2_tauown_t150_seed49.log	python -m surveyor.envs.pusht.eval --solver gd --subgoal router+surveyor --gdm-ckpt gdm_stride10_s2.pt --gdm-steps 3 --accept-tau 0.233 --horizon 2 --receding-horizon 2 --source pretrained --h5 pusht_c2222.h5 --device cuda --mode long --episodes-file episodes/pusht_c2222.episodes150.json --goal-offset 150 --eval-budget 300 --num-eval 256 --score block --angles 20 5 --seed 49 --cem-seed 49
160	pusht	icem_router_ds1_tauown	25	42	logs/rbD_pusht_icem_router_ds1_tauown_t25_seed42.log	python -m surveyor.envs.pusht.eval --solver icem --subgoal router+surveyor --gdm-ckpt gdm_stride10_s1.pt --gdm-steps 3 --accept-tau 0.233 --horizon 2 --receding-horizon 2 --source pretrained --h5 pusht_c2222.h5 --device cuda --mode long --episodes-file episodes/pusht_c2222.episodes25.json --goal-offset 25 --eval-budget 50 --num-eval 256 --score block --angles 20 5 --seed 42 --cem-seed 42
161	pusht	icem_router_ds1_tauown	25	43	logs/rbD_pusht_icem_router_ds1_tauown_t25_seed43.log	python -m surveyor.envs.pusht.eval --solver icem --subgoal router+surveyor --gdm-ckpt gdm_stride10_s1.pt --gdm-steps 3 --accept-tau 0.233 --horizon 2 --receding-horizon 2 --source pretrained --h5 pusht_c2222.h5 --device cuda --mode long --episodes-file episodes/pusht_c2222.episodes25.json --goal-offset 25 --eval-budget 50 --num-eval 256 --score block --angles 20 5 --seed 43 --cem-seed 43
162	pusht	icem_router_ds1_tauown	25	44	logs/rbD_pusht_icem_router_ds1_tauown_t25_seed44.log	python -m surveyor.envs.pusht.eval --solver icem --subgoal router+surveyor --gdm-ckpt gdm_stride10_s1.pt --gdm-steps 3 --accept-tau 0.233 --horizon 2 --receding-horizon 2 --source pretrained --h5 pusht_c2222.h5 --device cuda --mode long --episodes-file episodes/pusht_c2222.episodes25.json --goal-offset 25 --eval-budget 50 --num-eval 256 --score block --angles 20 5 --seed 44 --cem-seed 44
163	pusht	icem_router_ds1_tauown	25	45	logs/rbD_pusht_icem_router_ds1_tauown_t25_seed45.log	python -m surveyor.envs.pusht.eval --solver icem --subgoal router+surveyor --gdm-ckpt gdm_stride10_s1.pt --gdm-steps 3 --accept-tau 0.233 --horizon 2 --receding-horizon 2 --source pretrained --h5 pusht_c2222.h5 --device cuda --mode long --episodes-file episodes/pusht_c2222.episodes25.json --goal-offset 25 --eval-budget 50 --num-eval 256 --score block --angles 20 5 --seed 45 --cem-seed 45
164	pusht	icem_router_ds1_tauown	25	46	logs/rbD_pusht_icem_router_ds1_tauown_t25_seed46.log	python -m surveyor.envs.pusht.eval --solver icem --subgoal router+surveyor --gdm-ckpt gdm_stride10_s1.pt --gdm-steps 3 --accept-tau 0.233 --horizon 2 --receding-horizon 2 --source pretrained --h5 pusht_c2222.h5 --device cuda --mode long --episodes-file episodes/pusht_c2222.episodes25.json --goal-offset 25 --eval-budget 50 --num-eval 256 --score block --angles 20 5 --seed 46 --cem-seed 46
165	pusht	icem_router_ds1_tauown	25	47	logs/rbD_pusht_icem_router_ds1_tauown_t25_seed47.log	python -m surveyor.envs.pusht.eval --solver icem --subgoal router+surveyor --gdm-ckpt gdm_stride10_s1.pt --gdm-steps 3 --accept-tau 0.233 --horizon 2 --receding-horizon 2 --source pretrained --h5 pusht_c2222.h5 --device cuda --mode long --episodes-file episodes/pusht_c2222.episodes25.json --goal-offset 25 --eval-budget 50 --num-eval 256 --score block --angles 20 5 --seed 47 --cem-seed 47
166	pusht	icem_router_ds1_tauown	25	48	logs/rbD_pusht_icem_router_ds1_tauown_t25_seed48.log	python -m surveyor.envs.pusht.eval --solver icem --subgoal router+surveyor --gdm-ckpt gdm_stride10_s1.pt --gdm-steps 3 --accept-tau 0.233 --horizon 2 --receding-horizon 2 --source pretrained --h5 pusht_c2222.h5 --device cuda --mode long --episodes-file episodes/pusht_c2222.episodes25.json --goal-offset 25 --eval-budget 50 --num-eval 256 --score block --angles 20 5 --seed 48 --cem-seed 48
167	pusht	icem_router_ds1_tauown	25	49	logs/rbD_pusht_icem_router_ds1_tauown_t25_seed49.log	python -m surveyor.envs.pusht.eval --solver icem --subgoal router+surveyor --gdm-ckpt gdm_stride10_s1.pt --gdm-steps 3 --accept-tau 0.233 --horizon 2 --receding-horizon 2 --source pretrained --h5 pusht_c2222.h5 --device cuda --mode long --episodes-file episodes/pusht_c2222.episodes25.json --goal-offset 25 --eval-budget 50 --num-eval 256 --score block --angles 20 5 --seed 49 --cem-seed 49
168	pusht	icem_router_ds1_tauown	50	42	logs/rbD_pusht_icem_router_ds1_tauown_t50_seed42.log	python -m surveyor.envs.pusht.eval --solver icem --subgoal router+surveyor --gdm-ckpt gdm_stride10_s1.pt --gdm-steps 3 --accept-tau 0.233 --horizon 2 --receding-horizon 2 --source pretrained --h5 pusht_c2222.h5 --device cuda --mode long --episodes-file episodes/pusht_c2222.episodes50.json --goal-offset 50 --eval-budget 100 --num-eval 256 --score block --angles 20 5 --seed 42 --cem-seed 42
169	pusht	icem_router_ds1_tauown	50	43	logs/rbD_pusht_icem_router_ds1_tauown_t50_seed43.log	python -m surveyor.envs.pusht.eval --solver icem --subgoal router+surveyor --gdm-ckpt gdm_stride10_s1.pt --gdm-steps 3 --accept-tau 0.233 --horizon 2 --receding-horizon 2 --source pretrained --h5 pusht_c2222.h5 --device cuda --mode long --episodes-file episodes/pusht_c2222.episodes50.json --goal-offset 50 --eval-budget 100 --num-eval 256 --score block --angles 20 5 --seed 43 --cem-seed 43
170	pusht	icem_router_ds1_tauown	50	44	logs/rbD_pusht_icem_router_ds1_tauown_t50_seed44.log	python -m surveyor.envs.pusht.eval --solver icem --subgoal router+surveyor --gdm-ckpt gdm_stride10_s1.pt --gdm-steps 3 --accept-tau 0.233 --horizon 2 --receding-horizon 2 --source pretrained --h5 pusht_c2222.h5 --device cuda --mode long --episodes-file episodes/pusht_c2222.episodes50.json --goal-offset 50 --eval-budget 100 --num-eval 256 --score block --angles 20 5 --seed 44 --cem-seed 44
171	pusht	icem_router_ds1_tauown	50	45	logs/rbD_pusht_icem_router_ds1_tauown_t50_seed45.log	python -m surveyor.envs.pusht.eval --solver icem --subgoal router+surveyor --gdm-ckpt gdm_stride10_s1.pt --gdm-steps 3 --accept-tau 0.233 --horizon 2 --receding-horizon 2 --source pretrained --h5 pusht_c2222.h5 --device cuda --mode long --episodes-file episodes/pusht_c2222.episodes50.json --goal-offset 50 --eval-budget 100 --num-eval 256 --score block --angles 20 5 --seed 45 --cem-seed 45
172	pusht	icem_router_ds1_tauown	50	46	logs/rbD_pusht_icem_router_ds1_tauown_t50_seed46.log	python -m surveyor.envs.pusht.eval --solver icem --subgoal router+surveyor --gdm-ckpt gdm_stride10_s1.pt --gdm-steps 3 --accept-tau 0.233 --horizon 2 --receding-horizon 2 --source pretrained --h5 pusht_c2222.h5 --device cuda --mode long --episodes-file episodes/pusht_c2222.episodes50.json --goal-offset 50 --eval-budget 100 --num-eval 256 --score block --angles 20 5 --seed 46 --cem-seed 46
173	pusht	icem_router_ds1_tauown	50	47	logs/rbD_pusht_icem_router_ds1_tauown_t50_seed47.log	python -m surveyor.envs.pusht.eval --solver icem --subgoal router+surveyor --gdm-ckpt gdm_stride10_s1.pt --gdm-steps 3 --accept-tau 0.233 --horizon 2 --receding-horizon 2 --source pretrained --h5 pusht_c2222.h5 --device cuda --mode long --episodes-file episodes/pusht_c2222.episodes50.json --goal-offset 50 --eval-budget 100 --num-eval 256 --score block --angles 20 5 --seed 47 --cem-seed 47
174	pusht	icem_router_ds1_tauown	50	48	logs/rbD_pusht_icem_router_ds1_tauown_t50_seed48.log	python -m surveyor.envs.pusht.eval --solver icem --subgoal router+surveyor --gdm-ckpt gdm_stride10_s1.pt --gdm-steps 3 --accept-tau 0.233 --horizon 2 --receding-horizon 2 --source pretrained --h5 pusht_c2222.h5 --device cuda --mode long --episodes-file episodes/pusht_c2222.episodes50.json --goal-offset 50 --eval-budget 100 --num-eval 256 --score block --angles 20 5 --seed 48 --cem-seed 48
175	pusht	icem_router_ds1_tauown	50	49	logs/rbD_pusht_icem_router_ds1_tauown_t50_seed49.log	python -m surveyor.envs.pusht.eval --solver icem --subgoal router+surveyor --gdm-ckpt gdm_stride10_s1.pt --gdm-steps 3 --accept-tau 0.233 --horizon 2 --receding-horizon 2 --source pretrained --h5 pusht_c2222.h5 --device cuda --mode long --episodes-file episodes/pusht_c2222.episodes50.json --goal-offset 50 --eval-budget 100 --num-eval 256 --score block --angles 20 5 --seed 49 --cem-seed 49
176	pusht	icem_router_ds1_tauown	75	42	logs/rbD_pusht_icem_router_ds1_tauown_t75_seed42.log	python -m surveyor.envs.pusht.eval --solver icem --subgoal router+surveyor --gdm-ckpt gdm_stride10_s1.pt --gdm-steps 3 --accept-tau 0.233 --horizon 2 --receding-horizon 2 --source pretrained --h5 pusht_c2222.h5 --device cuda --mode long --episodes-file episodes/pusht_c2222.episodes75.json --goal-offset 75 --eval-budget 150 --num-eval 256 --score block --angles 20 5 --seed 42 --cem-seed 42
177	pusht	icem_router_ds1_tauown	75	43	logs/rbD_pusht_icem_router_ds1_tauown_t75_seed43.log	python -m surveyor.envs.pusht.eval --solver icem --subgoal router+surveyor --gdm-ckpt gdm_stride10_s1.pt --gdm-steps 3 --accept-tau 0.233 --horizon 2 --receding-horizon 2 --source pretrained --h5 pusht_c2222.h5 --device cuda --mode long --episodes-file episodes/pusht_c2222.episodes75.json --goal-offset 75 --eval-budget 150 --num-eval 256 --score block --angles 20 5 --seed 43 --cem-seed 43
178	pusht	icem_router_ds1_tauown	75	44	logs/rbD_pusht_icem_router_ds1_tauown_t75_seed44.log	python -m surveyor.envs.pusht.eval --solver icem --subgoal router+surveyor --gdm-ckpt gdm_stride10_s1.pt --gdm-steps 3 --accept-tau 0.233 --horizon 2 --receding-horizon 2 --source pretrained --h5 pusht_c2222.h5 --device cuda --mode long --episodes-file episodes/pusht_c2222.episodes75.json --goal-offset 75 --eval-budget 150 --num-eval 256 --score block --angles 20 5 --seed 44 --cem-seed 44
179	pusht	icem_router_ds1_tauown	75	45	logs/rbD_pusht_icem_router_ds1_tauown_t75_seed45.log	python -m surveyor.envs.pusht.eval --solver icem --subgoal router+surveyor --gdm-ckpt gdm_stride10_s1.pt --gdm-steps 3 --accept-tau 0.233 --horizon 2 --receding-horizon 2 --source pretrained --h5 pusht_c2222.h5 --device cuda --mode long --episodes-file episodes/pusht_c2222.episodes75.json --goal-offset 75 --eval-budget 150 --num-eval 256 --score block --angles 20 5 --seed 45 --cem-seed 45
180	pusht	icem_router_ds1_tauown	75	46	logs/rbD_pusht_icem_router_ds1_tauown_t75_seed46.log	python -m surveyor.envs.pusht.eval --solver icem --subgoal router+surveyor --gdm-ckpt gdm_stride10_s1.pt --gdm-steps 3 --accept-tau 0.233 --horizon 2 --receding-horizon 2 --source pretrained --h5 pusht_c2222.h5 --device cuda --mode long --episodes-file episodes/pusht_c2222.episodes75.json --goal-offset 75 --eval-budget 150 --num-eval 256 --score block --angles 20 5 --seed 46 --cem-seed 46
181	pusht	icem_router_ds1_tauown	75	47	logs/rbD_pusht_icem_router_ds1_tauown_t75_seed47.log	python -m surveyor.envs.pusht.eval --solver icem --subgoal router+surveyor --gdm-ckpt gdm_stride10_s1.pt --gdm-steps 3 --accept-tau 0.233 --horizon 2 --receding-horizon 2 --source pretrained --h5 pusht_c2222.h5 --device cuda --mode long --episodes-file episodes/pusht_c2222.episodes75.json --goal-offset 75 --eval-budget 150 --num-eval 256 --score block --angles 20 5 --seed 47 --cem-seed 47
182	pusht	icem_router_ds1_tauown	75	48	logs/rbD_pusht_icem_router_ds1_tauown_t75_seed48.log	python -m surveyor.envs.pusht.eval --solver icem --subgoal router+surveyor --gdm-ckpt gdm_stride10_s1.pt --gdm-steps 3 --accept-tau 0.233 --horizon 2 --receding-horizon 2 --source pretrained --h5 pusht_c2222.h5 --device cuda --mode long --episodes-file episodes/pusht_c2222.episodes75.json --goal-offset 75 --eval-budget 150 --num-eval 256 --score block --angles 20 5 --seed 48 --cem-seed 48
183	pusht	icem_router_ds1_tauown	75	49	logs/rbD_pusht_icem_router_ds1_tauown_t75_seed49.log	python -m surveyor.envs.pusht.eval --solver icem --subgoal router+surveyor --gdm-ckpt gdm_stride10_s1.pt --gdm-steps 3 --accept-tau 0.233 --horizon 2 --receding-horizon 2 --source pretrained --h5 pusht_c2222.h5 --device cuda --mode long --episodes-file episodes/pusht_c2222.episodes75.json --goal-offset 75 --eval-budget 150 --num-eval 256 --score block --angles 20 5 --seed 49 --cem-seed 49
184	pusht	icem_router_ds1_tauown	100	42	logs/rbD_pusht_icem_router_ds1_tauown_t100_seed42.log	python -m surveyor.envs.pusht.eval --solver icem --subgoal router+surveyor --gdm-ckpt gdm_stride10_s1.pt --gdm-steps 3 --accept-tau 0.233 --horizon 2 --receding-horizon 2 --source pretrained --h5 pusht_c2222.h5 --device cuda --mode long --episodes-file episodes/pusht_c2222.episodes100.json --goal-offset 100 --eval-budget 200 --num-eval 256 --score block --angles 20 5 --seed 42 --cem-seed 42
185	pusht	icem_router_ds1_tauown	100	43	logs/rbD_pusht_icem_router_ds1_tauown_t100_seed43.log	python -m surveyor.envs.pusht.eval --solver icem --subgoal router+surveyor --gdm-ckpt gdm_stride10_s1.pt --gdm-steps 3 --accept-tau 0.233 --horizon 2 --receding-horizon 2 --source pretrained --h5 pusht_c2222.h5 --device cuda --mode long --episodes-file episodes/pusht_c2222.episodes100.json --goal-offset 100 --eval-budget 200 --num-eval 256 --score block --angles 20 5 --seed 43 --cem-seed 43
186	pusht	icem_router_ds1_tauown	100	44	logs/rbD_pusht_icem_router_ds1_tauown_t100_seed44.log	python -m surveyor.envs.pusht.eval --solver icem --subgoal router+surveyor --gdm-ckpt gdm_stride10_s1.pt --gdm-steps 3 --accept-tau 0.233 --horizon 2 --receding-horizon 2 --source pretrained --h5 pusht_c2222.h5 --device cuda --mode long --episodes-file episodes/pusht_c2222.episodes100.json --goal-offset 100 --eval-budget 200 --num-eval 256 --score block --angles 20 5 --seed 44 --cem-seed 44
187	pusht	icem_router_ds1_tauown	100	45	logs/rbD_pusht_icem_router_ds1_tauown_t100_seed45.log	python -m surveyor.envs.pusht.eval --solver icem --subgoal router+surveyor --gdm-ckpt gdm_stride10_s1.pt --gdm-steps 3 --accept-tau 0.233 --horizon 2 --receding-horizon 2 --source pretrained --h5 pusht_c2222.h5 --device cuda --mode long --episodes-file episodes/pusht_c2222.episodes100.json --goal-offset 100 --eval-budget 200 --num-eval 256 --score block --angles 20 5 --seed 45 --cem-seed 45
188	pusht	icem_router_ds1_tauown	100	46	logs/rbD_pusht_icem_router_ds1_tauown_t100_seed46.log	python -m surveyor.envs.pusht.eval --solver icem --subgoal router+surveyor --gdm-ckpt gdm_stride10_s1.pt --gdm-steps 3 --accept-tau 0.233 --horizon 2 --receding-horizon 2 --source pretrained --h5 pusht_c2222.h5 --device cuda --mode long --episodes-file episodes/pusht_c2222.episodes100.json --goal-offset 100 --eval-budget 200 --num-eval 256 --score block --angles 20 5 --seed 46 --cem-seed 46
189	pusht	icem_router_ds1_tauown	100	47	logs/rbD_pusht_icem_router_ds1_tauown_t100_seed47.log	python -m surveyor.envs.pusht.eval --solver icem --subgoal router+surveyor --gdm-ckpt gdm_stride10_s1.pt --gdm-steps 3 --accept-tau 0.233 --horizon 2 --receding-horizon 2 --source pretrained --h5 pusht_c2222.h5 --device cuda --mode long --episodes-file episodes/pusht_c2222.episodes100.json --goal-offset 100 --eval-budget 200 --num-eval 256 --score block --angles 20 5 --seed 47 --cem-seed 47
190	pusht	icem_router_ds1_tauown	100	48	logs/rbD_pusht_icem_router_ds1_tauown_t100_seed48.log	python -m surveyor.envs.pusht.eval --solver icem --subgoal router+surveyor --gdm-ckpt gdm_stride10_s1.pt --gdm-steps 3 --accept-tau 0.233 --horizon 2 --receding-horizon 2 --source pretrained --h5 pusht_c2222.h5 --device cuda --mode long --episodes-file episodes/pusht_c2222.episodes100.json --goal-offset 100 --eval-budget 200 --num-eval 256 --score block --angles 20 5 --seed 48 --cem-seed 48
191	pusht	icem_router_ds1_tauown	100	49	logs/rbD_pusht_icem_router_ds1_tauown_t100_seed49.log	python -m surveyor.envs.pusht.eval --solver icem --subgoal router+surveyor --gdm-ckpt gdm_stride10_s1.pt --gdm-steps 3 --accept-tau 0.233 --horizon 2 --receding-horizon 2 --source pretrained --h5 pusht_c2222.h5 --device cuda --mode long --episodes-file episodes/pusht_c2222.episodes100.json --goal-offset 100 --eval-budget 200 --num-eval 256 --score block --angles 20 5 --seed 49 --cem-seed 49
192	pusht	icem_router_ds1_tauown	150	42	logs/rbD_pusht_icem_router_ds1_tauown_t150_seed42.log	python -m surveyor.envs.pusht.eval --solver icem --subgoal router+surveyor --gdm-ckpt gdm_stride10_s1.pt --gdm-steps 3 --accept-tau 0.233 --horizon 2 --receding-horizon 2 --source pretrained --h5 pusht_c2222.h5 --device cuda --mode long --episodes-file episodes/pusht_c2222.episodes150.json --goal-offset 150 --eval-budget 300 --num-eval 256 --score block --angles 20 5 --seed 42 --cem-seed 42
193	pusht	icem_router_ds1_tauown	150	43	logs/rbD_pusht_icem_router_ds1_tauown_t150_seed43.log	python -m surveyor.envs.pusht.eval --solver icem --subgoal router+surveyor --gdm-ckpt gdm_stride10_s1.pt --gdm-steps 3 --accept-tau 0.233 --horizon 2 --receding-horizon 2 --source pretrained --h5 pusht_c2222.h5 --device cuda --mode long --episodes-file episodes/pusht_c2222.episodes150.json --goal-offset 150 --eval-budget 300 --num-eval 256 --score block --angles 20 5 --seed 43 --cem-seed 43
194	pusht	icem_router_ds1_tauown	150	44	logs/rbD_pusht_icem_router_ds1_tauown_t150_seed44.log	python -m surveyor.envs.pusht.eval --solver icem --subgoal router+surveyor --gdm-ckpt gdm_stride10_s1.pt --gdm-steps 3 --accept-tau 0.233 --horizon 2 --receding-horizon 2 --source pretrained --h5 pusht_c2222.h5 --device cuda --mode long --episodes-file episodes/pusht_c2222.episodes150.json --goal-offset 150 --eval-budget 300 --num-eval 256 --score block --angles 20 5 --seed 44 --cem-seed 44
195	pusht	icem_router_ds1_tauown	150	45	logs/rbD_pusht_icem_router_ds1_tauown_t150_seed45.log	python -m surveyor.envs.pusht.eval --solver icem --subgoal router+surveyor --gdm-ckpt gdm_stride10_s1.pt --gdm-steps 3 --accept-tau 0.233 --horizon 2 --receding-horizon 2 --source pretrained --h5 pusht_c2222.h5 --device cuda --mode long --episodes-file episodes/pusht_c2222.episodes150.json --goal-offset 150 --eval-budget 300 --num-eval 256 --score block --angles 20 5 --seed 45 --cem-seed 45
196	pusht	icem_router_ds1_tauown	150	46	logs/rbD_pusht_icem_router_ds1_tauown_t150_seed46.log	python -m surveyor.envs.pusht.eval --solver icem --subgoal router+surveyor --gdm-ckpt gdm_stride10_s1.pt --gdm-steps 3 --accept-tau 0.233 --horizon 2 --receding-horizon 2 --source pretrained --h5 pusht_c2222.h5 --device cuda --mode long --episodes-file episodes/pusht_c2222.episodes150.json --goal-offset 150 --eval-budget 300 --num-eval 256 --score block --angles 20 5 --seed 46 --cem-seed 46
197	pusht	icem_router_ds1_tauown	150	47	logs/rbD_pusht_icem_router_ds1_tauown_t150_seed47.log	python -m surveyor.envs.pusht.eval --solver icem --subgoal router+surveyor --gdm-ckpt gdm_stride10_s1.pt --gdm-steps 3 --accept-tau 0.233 --horizon 2 --receding-horizon 2 --source pretrained --h5 pusht_c2222.h5 --device cuda --mode long --episodes-file episodes/pusht_c2222.episodes150.json --goal-offset 150 --eval-budget 300 --num-eval 256 --score block --angles 20 5 --seed 47 --cem-seed 47
198	pusht	icem_router_ds1_tauown	150	48	logs/rbD_pusht_icem_router_ds1_tauown_t150_seed48.log	python -m surveyor.envs.pusht.eval --solver icem --subgoal router+surveyor --gdm-ckpt gdm_stride10_s1.pt --gdm-steps 3 --accept-tau 0.233 --horizon 2 --receding-horizon 2 --source pretrained --h5 pusht_c2222.h5 --device cuda --mode long --episodes-file episodes/pusht_c2222.episodes150.json --goal-offset 150 --eval-budget 300 --num-eval 256 --score block --angles 20 5 --seed 48 --cem-seed 48
199	pusht	icem_router_ds1_tauown	150	49	logs/rbD_pusht_icem_router_ds1_tauown_t150_seed49.log	python -m surveyor.envs.pusht.eval --solver icem --subgoal router+surveyor --gdm-ckpt gdm_stride10_s1.pt --gdm-steps 3 --accept-tau 0.233 --horizon 2 --receding-horizon 2 --source pretrained --h5 pusht_c2222.h5 --device cuda --mode long --episodes-file episodes/pusht_c2222.episodes150.json --goal-offset 150 --eval-budget 300 --num-eval 256 --score block --angles 20 5 --seed 49 --cem-seed 49
200	pusht	icem_router_ds2_tauown	25	42	logs/rbD_pusht_icem_router_ds2_tauown_t25_seed42.log	python -m surveyor.envs.pusht.eval --solver icem --subgoal router+surveyor --gdm-ckpt gdm_stride10_s2.pt --gdm-steps 3 --accept-tau 0.233 --horizon 2 --receding-horizon 2 --source pretrained --h5 pusht_c2222.h5 --device cuda --mode long --episodes-file episodes/pusht_c2222.episodes25.json --goal-offset 25 --eval-budget 50 --num-eval 256 --score block --angles 20 5 --seed 42 --cem-seed 42
201	pusht	icem_router_ds2_tauown	25	43	logs/rbD_pusht_icem_router_ds2_tauown_t25_seed43.log	python -m surveyor.envs.pusht.eval --solver icem --subgoal router+surveyor --gdm-ckpt gdm_stride10_s2.pt --gdm-steps 3 --accept-tau 0.233 --horizon 2 --receding-horizon 2 --source pretrained --h5 pusht_c2222.h5 --device cuda --mode long --episodes-file episodes/pusht_c2222.episodes25.json --goal-offset 25 --eval-budget 50 --num-eval 256 --score block --angles 20 5 --seed 43 --cem-seed 43
202	pusht	icem_router_ds2_tauown	25	44	logs/rbD_pusht_icem_router_ds2_tauown_t25_seed44.log	python -m surveyor.envs.pusht.eval --solver icem --subgoal router+surveyor --gdm-ckpt gdm_stride10_s2.pt --gdm-steps 3 --accept-tau 0.233 --horizon 2 --receding-horizon 2 --source pretrained --h5 pusht_c2222.h5 --device cuda --mode long --episodes-file episodes/pusht_c2222.episodes25.json --goal-offset 25 --eval-budget 50 --num-eval 256 --score block --angles 20 5 --seed 44 --cem-seed 44
203	pusht	icem_router_ds2_tauown	25	45	logs/rbD_pusht_icem_router_ds2_tauown_t25_seed45.log	python -m surveyor.envs.pusht.eval --solver icem --subgoal router+surveyor --gdm-ckpt gdm_stride10_s2.pt --gdm-steps 3 --accept-tau 0.233 --horizon 2 --receding-horizon 2 --source pretrained --h5 pusht_c2222.h5 --device cuda --mode long --episodes-file episodes/pusht_c2222.episodes25.json --goal-offset 25 --eval-budget 50 --num-eval 256 --score block --angles 20 5 --seed 45 --cem-seed 45
204	pusht	icem_router_ds2_tauown	25	46	logs/rbD_pusht_icem_router_ds2_tauown_t25_seed46.log	python -m surveyor.envs.pusht.eval --solver icem --subgoal router+surveyor --gdm-ckpt gdm_stride10_s2.pt --gdm-steps 3 --accept-tau 0.233 --horizon 2 --receding-horizon 2 --source pretrained --h5 pusht_c2222.h5 --device cuda --mode long --episodes-file episodes/pusht_c2222.episodes25.json --goal-offset 25 --eval-budget 50 --num-eval 256 --score block --angles 20 5 --seed 46 --cem-seed 46
205	pusht	icem_router_ds2_tauown	25	47	logs/rbD_pusht_icem_router_ds2_tauown_t25_seed47.log	python -m surveyor.envs.pusht.eval --solver icem --subgoal router+surveyor --gdm-ckpt gdm_stride10_s2.pt --gdm-steps 3 --accept-tau 0.233 --horizon 2 --receding-horizon 2 --source pretrained --h5 pusht_c2222.h5 --device cuda --mode long --episodes-file episodes/pusht_c2222.episodes25.json --goal-offset 25 --eval-budget 50 --num-eval 256 --score block --angles 20 5 --seed 47 --cem-seed 47
206	pusht	icem_router_ds2_tauown	25	48	logs/rbD_pusht_icem_router_ds2_tauown_t25_seed48.log	python -m surveyor.envs.pusht.eval --solver icem --subgoal router+surveyor --gdm-ckpt gdm_stride10_s2.pt --gdm-steps 3 --accept-tau 0.233 --horizon 2 --receding-horizon 2 --source pretrained --h5 pusht_c2222.h5 --device cuda --mode long --episodes-file episodes/pusht_c2222.episodes25.json --goal-offset 25 --eval-budget 50 --num-eval 256 --score block --angles 20 5 --seed 48 --cem-seed 48
207	pusht	icem_router_ds2_tauown	25	49	logs/rbD_pusht_icem_router_ds2_tauown_t25_seed49.log	python -m surveyor.envs.pusht.eval --solver icem --subgoal router+surveyor --gdm-ckpt gdm_stride10_s2.pt --gdm-steps 3 --accept-tau 0.233 --horizon 2 --receding-horizon 2 --source pretrained --h5 pusht_c2222.h5 --device cuda --mode long --episodes-file episodes/pusht_c2222.episodes25.json --goal-offset 25 --eval-budget 50 --num-eval 256 --score block --angles 20 5 --seed 49 --cem-seed 49
208	pusht	icem_router_ds2_tauown	50	42	logs/rbD_pusht_icem_router_ds2_tauown_t50_seed42.log	python -m surveyor.envs.pusht.eval --solver icem --subgoal router+surveyor --gdm-ckpt gdm_stride10_s2.pt --gdm-steps 3 --accept-tau 0.233 --horizon 2 --receding-horizon 2 --source pretrained --h5 pusht_c2222.h5 --device cuda --mode long --episodes-file episodes/pusht_c2222.episodes50.json --goal-offset 50 --eval-budget 100 --num-eval 256 --score block --angles 20 5 --seed 42 --cem-seed 42
209	pusht	icem_router_ds2_tauown	50	43	logs/rbD_pusht_icem_router_ds2_tauown_t50_seed43.log	python -m surveyor.envs.pusht.eval --solver icem --subgoal router+surveyor --gdm-ckpt gdm_stride10_s2.pt --gdm-steps 3 --accept-tau 0.233 --horizon 2 --receding-horizon 2 --source pretrained --h5 pusht_c2222.h5 --device cuda --mode long --episodes-file episodes/pusht_c2222.episodes50.json --goal-offset 50 --eval-budget 100 --num-eval 256 --score block --angles 20 5 --seed 43 --cem-seed 43
210	pusht	icem_router_ds2_tauown	50	44	logs/rbD_pusht_icem_router_ds2_tauown_t50_seed44.log	python -m surveyor.envs.pusht.eval --solver icem --subgoal router+surveyor --gdm-ckpt gdm_stride10_s2.pt --gdm-steps 3 --accept-tau 0.233 --horizon 2 --receding-horizon 2 --source pretrained --h5 pusht_c2222.h5 --device cuda --mode long --episodes-file episodes/pusht_c2222.episodes50.json --goal-offset 50 --eval-budget 100 --num-eval 256 --score block --angles 20 5 --seed 44 --cem-seed 44
211	pusht	icem_router_ds2_tauown	50	45	logs/rbD_pusht_icem_router_ds2_tauown_t50_seed45.log	python -m surveyor.envs.pusht.eval --solver icem --subgoal router+surveyor --gdm-ckpt gdm_stride10_s2.pt --gdm-steps 3 --accept-tau 0.233 --horizon 2 --receding-horizon 2 --source pretrained --h5 pusht_c2222.h5 --device cuda --mode long --episodes-file episodes/pusht_c2222.episodes50.json --goal-offset 50 --eval-budget 100 --num-eval 256 --score block --angles 20 5 --seed 45 --cem-seed 45
212	pusht	icem_router_ds2_tauown	50	46	logs/rbD_pusht_icem_router_ds2_tauown_t50_seed46.log	python -m surveyor.envs.pusht.eval --solver icem --subgoal router+surveyor --gdm-ckpt gdm_stride10_s2.pt --gdm-steps 3 --accept-tau 0.233 --horizon 2 --receding-horizon 2 --source pretrained --h5 pusht_c2222.h5 --device cuda --mode long --episodes-file episodes/pusht_c2222.episodes50.json --goal-offset 50 --eval-budget 100 --num-eval 256 --score block --angles 20 5 --seed 46 --cem-seed 46
213	pusht	icem_router_ds2_tauown	50	47	logs/rbD_pusht_icem_router_ds2_tauown_t50_seed47.log	python -m surveyor.envs.pusht.eval --solver icem --subgoal router+surveyor --gdm-ckpt gdm_stride10_s2.pt --gdm-steps 3 --accept-tau 0.233 --horizon 2 --receding-horizon 2 --source pretrained --h5 pusht_c2222.h5 --device cuda --mode long --episodes-file episodes/pusht_c2222.episodes50.json --goal-offset 50 --eval-budget 100 --num-eval 256 --score block --angles 20 5 --seed 47 --cem-seed 47
214	pusht	icem_router_ds2_tauown	50	48	logs/rbD_pusht_icem_router_ds2_tauown_t50_seed48.log	python -m surveyor.envs.pusht.eval --solver icem --subgoal router+surveyor --gdm-ckpt gdm_stride10_s2.pt --gdm-steps 3 --accept-tau 0.233 --horizon 2 --receding-horizon 2 --source pretrained --h5 pusht_c2222.h5 --device cuda --mode long --episodes-file episodes/pusht_c2222.episodes50.json --goal-offset 50 --eval-budget 100 --num-eval 256 --score block --angles 20 5 --seed 48 --cem-seed 48
215	pusht	icem_router_ds2_tauown	50	49	logs/rbD_pusht_icem_router_ds2_tauown_t50_seed49.log	python -m surveyor.envs.pusht.eval --solver icem --subgoal router+surveyor --gdm-ckpt gdm_stride10_s2.pt --gdm-steps 3 --accept-tau 0.233 --horizon 2 --receding-horizon 2 --source pretrained --h5 pusht_c2222.h5 --device cuda --mode long --episodes-file episodes/pusht_c2222.episodes50.json --goal-offset 50 --eval-budget 100 --num-eval 256 --score block --angles 20 5 --seed 49 --cem-seed 49
216	pusht	icem_router_ds2_tauown	75	42	logs/rbD_pusht_icem_router_ds2_tauown_t75_seed42.log	python -m surveyor.envs.pusht.eval --solver icem --subgoal router+surveyor --gdm-ckpt gdm_stride10_s2.pt --gdm-steps 3 --accept-tau 0.233 --horizon 2 --receding-horizon 2 --source pretrained --h5 pusht_c2222.h5 --device cuda --mode long --episodes-file episodes/pusht_c2222.episodes75.json --goal-offset 75 --eval-budget 150 --num-eval 256 --score block --angles 20 5 --seed 42 --cem-seed 42
217	pusht	icem_router_ds2_tauown	75	43	logs/rbD_pusht_icem_router_ds2_tauown_t75_seed43.log	python -m surveyor.envs.pusht.eval --solver icem --subgoal router+surveyor --gdm-ckpt gdm_stride10_s2.pt --gdm-steps 3 --accept-tau 0.233 --horizon 2 --receding-horizon 2 --source pretrained --h5 pusht_c2222.h5 --device cuda --mode long --episodes-file episodes/pusht_c2222.episodes75.json --goal-offset 75 --eval-budget 150 --num-eval 256 --score block --angles 20 5 --seed 43 --cem-seed 43
218	pusht	icem_router_ds2_tauown	75	44	logs/rbD_pusht_icem_router_ds2_tauown_t75_seed44.log	python -m surveyor.envs.pusht.eval --solver icem --subgoal router+surveyor --gdm-ckpt gdm_stride10_s2.pt --gdm-steps 3 --accept-tau 0.233 --horizon 2 --receding-horizon 2 --source pretrained --h5 pusht_c2222.h5 --device cuda --mode long --episodes-file episodes/pusht_c2222.episodes75.json --goal-offset 75 --eval-budget 150 --num-eval 256 --score block --angles 20 5 --seed 44 --cem-seed 44
219	pusht	icem_router_ds2_tauown	75	45	logs/rbD_pusht_icem_router_ds2_tauown_t75_seed45.log	python -m surveyor.envs.pusht.eval --solver icem --subgoal router+surveyor --gdm-ckpt gdm_stride10_s2.pt --gdm-steps 3 --accept-tau 0.233 --horizon 2 --receding-horizon 2 --source pretrained --h5 pusht_c2222.h5 --device cuda --mode long --episodes-file episodes/pusht_c2222.episodes75.json --goal-offset 75 --eval-budget 150 --num-eval 256 --score block --angles 20 5 --seed 45 --cem-seed 45
220	pusht	icem_router_ds2_tauown	75	46	logs/rbD_pusht_icem_router_ds2_tauown_t75_seed46.log	python -m surveyor.envs.pusht.eval --solver icem --subgoal router+surveyor --gdm-ckpt gdm_stride10_s2.pt --gdm-steps 3 --accept-tau 0.233 --horizon 2 --receding-horizon 2 --source pretrained --h5 pusht_c2222.h5 --device cuda --mode long --episodes-file episodes/pusht_c2222.episodes75.json --goal-offset 75 --eval-budget 150 --num-eval 256 --score block --angles 20 5 --seed 46 --cem-seed 46
221	pusht	icem_router_ds2_tauown	75	47	logs/rbD_pusht_icem_router_ds2_tauown_t75_seed47.log	python -m surveyor.envs.pusht.eval --solver icem --subgoal router+surveyor --gdm-ckpt gdm_stride10_s2.pt --gdm-steps 3 --accept-tau 0.233 --horizon 2 --receding-horizon 2 --source pretrained --h5 pusht_c2222.h5 --device cuda --mode long --episodes-file episodes/pusht_c2222.episodes75.json --goal-offset 75 --eval-budget 150 --num-eval 256 --score block --angles 20 5 --seed 47 --cem-seed 47
222	pusht	icem_router_ds2_tauown	75	48	logs/rbD_pusht_icem_router_ds2_tauown_t75_seed48.log	python -m surveyor.envs.pusht.eval --solver icem --subgoal router+surveyor --gdm-ckpt gdm_stride10_s2.pt --gdm-steps 3 --accept-tau 0.233 --horizon 2 --receding-horizon 2 --source pretrained --h5 pusht_c2222.h5 --device cuda --mode long --episodes-file episodes/pusht_c2222.episodes75.json --goal-offset 75 --eval-budget 150 --num-eval 256 --score block --angles 20 5 --seed 48 --cem-seed 48
223	pusht	icem_router_ds2_tauown	75	49	logs/rbD_pusht_icem_router_ds2_tauown_t75_seed49.log	python -m surveyor.envs.pusht.eval --solver icem --subgoal router+surveyor --gdm-ckpt gdm_stride10_s2.pt --gdm-steps 3 --accept-tau 0.233 --horizon 2 --receding-horizon 2 --source pretrained --h5 pusht_c2222.h5 --device cuda --mode long --episodes-file episodes/pusht_c2222.episodes75.json --goal-offset 75 --eval-budget 150 --num-eval 256 --score block --angles 20 5 --seed 49 --cem-seed 49
224	pusht	icem_router_ds2_tauown	100	42	logs/rbD_pusht_icem_router_ds2_tauown_t100_seed42.log	python -m surveyor.envs.pusht.eval --solver icem --subgoal router+surveyor --gdm-ckpt gdm_stride10_s2.pt --gdm-steps 3 --accept-tau 0.233 --horizon 2 --receding-horizon 2 --source pretrained --h5 pusht_c2222.h5 --device cuda --mode long --episodes-file episodes/pusht_c2222.episodes100.json --goal-offset 100 --eval-budget 200 --num-eval 256 --score block --angles 20 5 --seed 42 --cem-seed 42
225	pusht	icem_router_ds2_tauown	100	43	logs/rbD_pusht_icem_router_ds2_tauown_t100_seed43.log	python -m surveyor.envs.pusht.eval --solver icem --subgoal router+surveyor --gdm-ckpt gdm_stride10_s2.pt --gdm-steps 3 --accept-tau 0.233 --horizon 2 --receding-horizon 2 --source pretrained --h5 pusht_c2222.h5 --device cuda --mode long --episodes-file episodes/pusht_c2222.episodes100.json --goal-offset 100 --eval-budget 200 --num-eval 256 --score block --angles 20 5 --seed 43 --cem-seed 43
226	pusht	icem_router_ds2_tauown	100	44	logs/rbD_pusht_icem_router_ds2_tauown_t100_seed44.log	python -m surveyor.envs.pusht.eval --solver icem --subgoal router+surveyor --gdm-ckpt gdm_stride10_s2.pt --gdm-steps 3 --accept-tau 0.233 --horizon 2 --receding-horizon 2 --source pretrained --h5 pusht_c2222.h5 --device cuda --mode long --episodes-file episodes/pusht_c2222.episodes100.json --goal-offset 100 --eval-budget 200 --num-eval 256 --score block --angles 20 5 --seed 44 --cem-seed 44
227	pusht	icem_router_ds2_tauown	100	45	logs/rbD_pusht_icem_router_ds2_tauown_t100_seed45.log	python -m surveyor.envs.pusht.eval --solver icem --subgoal router+surveyor --gdm-ckpt gdm_stride10_s2.pt --gdm-steps 3 --accept-tau 0.233 --horizon 2 --receding-horizon 2 --source pretrained --h5 pusht_c2222.h5 --device cuda --mode long --episodes-file episodes/pusht_c2222.episodes100.json --goal-offset 100 --eval-budget 200 --num-eval 256 --score block --angles 20 5 --seed 45 --cem-seed 45
228	pusht	icem_router_ds2_tauown	100	46	logs/rbD_pusht_icem_router_ds2_tauown_t100_seed46.log	python -m surveyor.envs.pusht.eval --solver icem --subgoal router+surveyor --gdm-ckpt gdm_stride10_s2.pt --gdm-steps 3 --accept-tau 0.233 --horizon 2 --receding-horizon 2 --source pretrained --h5 pusht_c2222.h5 --device cuda --mode long --episodes-file episodes/pusht_c2222.episodes100.json --goal-offset 100 --eval-budget 200 --num-eval 256 --score block --angles 20 5 --seed 46 --cem-seed 46
229	pusht	icem_router_ds2_tauown	100	47	logs/rbD_pusht_icem_router_ds2_tauown_t100_seed47.log	python -m surveyor.envs.pusht.eval --solver icem --subgoal router+surveyor --gdm-ckpt gdm_stride10_s2.pt --gdm-steps 3 --accept-tau 0.233 --horizon 2 --receding-horizon 2 --source pretrained --h5 pusht_c2222.h5 --device cuda --mode long --episodes-file episodes/pusht_c2222.episodes100.json --goal-offset 100 --eval-budget 200 --num-eval 256 --score block --angles 20 5 --seed 47 --cem-seed 47
230	pusht	icem_router_ds2_tauown	100	48	logs/rbD_pusht_icem_router_ds2_tauown_t100_seed48.log	python -m surveyor.envs.pusht.eval --solver icem --subgoal router+surveyor --gdm-ckpt gdm_stride10_s2.pt --gdm-steps 3 --accept-tau 0.233 --horizon 2 --receding-horizon 2 --source pretrained --h5 pusht_c2222.h5 --device cuda --mode long --episodes-file episodes/pusht_c2222.episodes100.json --goal-offset 100 --eval-budget 200 --num-eval 256 --score block --angles 20 5 --seed 48 --cem-seed 48
231	pusht	icem_router_ds2_tauown	100	49	logs/rbD_pusht_icem_router_ds2_tauown_t100_seed49.log	python -m surveyor.envs.pusht.eval --solver icem --subgoal router+surveyor --gdm-ckpt gdm_stride10_s2.pt --gdm-steps 3 --accept-tau 0.233 --horizon 2 --receding-horizon 2 --source pretrained --h5 pusht_c2222.h5 --device cuda --mode long --episodes-file episodes/pusht_c2222.episodes100.json --goal-offset 100 --eval-budget 200 --num-eval 256 --score block --angles 20 5 --seed 49 --cem-seed 49
232	pusht	icem_router_ds2_tauown	150	42	logs/rbD_pusht_icem_router_ds2_tauown_t150_seed42.log	python -m surveyor.envs.pusht.eval --solver icem --subgoal router+surveyor --gdm-ckpt gdm_stride10_s2.pt --gdm-steps 3 --accept-tau 0.233 --horizon 2 --receding-horizon 2 --source pretrained --h5 pusht_c2222.h5 --device cuda --mode long --episodes-file episodes/pusht_c2222.episodes150.json --goal-offset 150 --eval-budget 300 --num-eval 256 --score block --angles 20 5 --seed 42 --cem-seed 42
233	pusht	icem_router_ds2_tauown	150	43	logs/rbD_pusht_icem_router_ds2_tauown_t150_seed43.log	python -m surveyor.envs.pusht.eval --solver icem --subgoal router+surveyor --gdm-ckpt gdm_stride10_s2.pt --gdm-steps 3 --accept-tau 0.233 --horizon 2 --receding-horizon 2 --source pretrained --h5 pusht_c2222.h5 --device cuda --mode long --episodes-file episodes/pusht_c2222.episodes150.json --goal-offset 150 --eval-budget 300 --num-eval 256 --score block --angles 20 5 --seed 43 --cem-seed 43
234	pusht	icem_router_ds2_tauown	150	44	logs/rbD_pusht_icem_router_ds2_tauown_t150_seed44.log	python -m surveyor.envs.pusht.eval --solver icem --subgoal router+surveyor --gdm-ckpt gdm_stride10_s2.pt --gdm-steps 3 --accept-tau 0.233 --horizon 2 --receding-horizon 2 --source pretrained --h5 pusht_c2222.h5 --device cuda --mode long --episodes-file episodes/pusht_c2222.episodes150.json --goal-offset 150 --eval-budget 300 --num-eval 256 --score block --angles 20 5 --seed 44 --cem-seed 44
235	pusht	icem_router_ds2_tauown	150	45	logs/rbD_pusht_icem_router_ds2_tauown_t150_seed45.log	python -m surveyor.envs.pusht.eval --solver icem --subgoal router+surveyor --gdm-ckpt gdm_stride10_s2.pt --gdm-steps 3 --accept-tau 0.233 --horizon 2 --receding-horizon 2 --source pretrained --h5 pusht_c2222.h5 --device cuda --mode long --episodes-file episodes/pusht_c2222.episodes150.json --goal-offset 150 --eval-budget 300 --num-eval 256 --score block --angles 20 5 --seed 45 --cem-seed 45
236	pusht	icem_router_ds2_tauown	150	46	logs/rbD_pusht_icem_router_ds2_tauown_t150_seed46.log	python -m surveyor.envs.pusht.eval --solver icem --subgoal router+surveyor --gdm-ckpt gdm_stride10_s2.pt --gdm-steps 3 --accept-tau 0.233 --horizon 2 --receding-horizon 2 --source pretrained --h5 pusht_c2222.h5 --device cuda --mode long --episodes-file episodes/pusht_c2222.episodes150.json --goal-offset 150 --eval-budget 300 --num-eval 256 --score block --angles 20 5 --seed 46 --cem-seed 46
237	pusht	icem_router_ds2_tauown	150	47	logs/rbD_pusht_icem_router_ds2_tauown_t150_seed47.log	python -m surveyor.envs.pusht.eval --solver icem --subgoal router+surveyor --gdm-ckpt gdm_stride10_s2.pt --gdm-steps 3 --accept-tau 0.233 --horizon 2 --receding-horizon 2 --source pretrained --h5 pusht_c2222.h5 --device cuda --mode long --episodes-file episodes/pusht_c2222.episodes150.json --goal-offset 150 --eval-budget 300 --num-eval 256 --score block --angles 20 5 --seed 47 --cem-seed 47
238	pusht	icem_router_ds2_tauown	150	48	logs/rbD_pusht_icem_router_ds2_tauown_t150_seed48.log	python -m surveyor.envs.pusht.eval --solver icem --subgoal router+surveyor --gdm-ckpt gdm_stride10_s2.pt --gdm-steps 3 --accept-tau 0.233 --horizon 2 --receding-horizon 2 --source pretrained --h5 pusht_c2222.h5 --device cuda --mode long --episodes-file episodes/pusht_c2222.episodes150.json --goal-offset 150 --eval-budget 300 --num-eval 256 --score block --angles 20 5 --seed 48 --cem-seed 48
239	pusht	icem_router_ds2_tauown	150	49	logs/rbD_pusht_icem_router_ds2_tauown_t150_seed49.log	python -m surveyor.envs.pusht.eval --solver icem --subgoal router+surveyor --gdm-ckpt gdm_stride10_s2.pt --gdm-steps 3 --accept-tau 0.233 --horizon 2 --receding-horizon 2 --source pretrained --h5 pusht_c2222.h5 --device cuda --mode long --episodes-file episodes/pusht_c2222.episodes150.json --goal-offset 150 --eval-budget 300 --num-eval 256 --score block --angles 20 5 --seed 49 --cem-seed 49
240	pusht	mppi_router_ds1_tauown	25	42	logs/rbD_pusht_mppi_router_ds1_tauown_t25_seed42.log	python -m surveyor.envs.pusht.eval --solver mppi --subgoal router+surveyor --gdm-ckpt gdm_stride10_s1.pt --gdm-steps 3 --accept-tau 0.233 --horizon 2 --receding-horizon 2 --source pretrained --h5 pusht_c2222.h5 --device cuda --mode long --episodes-file episodes/pusht_c2222.episodes25.json --goal-offset 25 --eval-budget 50 --num-eval 256 --score block --angles 20 5 --seed 42 --cem-seed 42
241	pusht	mppi_router_ds1_tauown	25	43	logs/rbD_pusht_mppi_router_ds1_tauown_t25_seed43.log	python -m surveyor.envs.pusht.eval --solver mppi --subgoal router+surveyor --gdm-ckpt gdm_stride10_s1.pt --gdm-steps 3 --accept-tau 0.233 --horizon 2 --receding-horizon 2 --source pretrained --h5 pusht_c2222.h5 --device cuda --mode long --episodes-file episodes/pusht_c2222.episodes25.json --goal-offset 25 --eval-budget 50 --num-eval 256 --score block --angles 20 5 --seed 43 --cem-seed 43
242	pusht	mppi_router_ds1_tauown	25	44	logs/rbD_pusht_mppi_router_ds1_tauown_t25_seed44.log	python -m surveyor.envs.pusht.eval --solver mppi --subgoal router+surveyor --gdm-ckpt gdm_stride10_s1.pt --gdm-steps 3 --accept-tau 0.233 --horizon 2 --receding-horizon 2 --source pretrained --h5 pusht_c2222.h5 --device cuda --mode long --episodes-file episodes/pusht_c2222.episodes25.json --goal-offset 25 --eval-budget 50 --num-eval 256 --score block --angles 20 5 --seed 44 --cem-seed 44
243	pusht	mppi_router_ds1_tauown	25	45	logs/rbD_pusht_mppi_router_ds1_tauown_t25_seed45.log	python -m surveyor.envs.pusht.eval --solver mppi --subgoal router+surveyor --gdm-ckpt gdm_stride10_s1.pt --gdm-steps 3 --accept-tau 0.233 --horizon 2 --receding-horizon 2 --source pretrained --h5 pusht_c2222.h5 --device cuda --mode long --episodes-file episodes/pusht_c2222.episodes25.json --goal-offset 25 --eval-budget 50 --num-eval 256 --score block --angles 20 5 --seed 45 --cem-seed 45
244	pusht	mppi_router_ds1_tauown	25	46	logs/rbD_pusht_mppi_router_ds1_tauown_t25_seed46.log	python -m surveyor.envs.pusht.eval --solver mppi --subgoal router+surveyor --gdm-ckpt gdm_stride10_s1.pt --gdm-steps 3 --accept-tau 0.233 --horizon 2 --receding-horizon 2 --source pretrained --h5 pusht_c2222.h5 --device cuda --mode long --episodes-file episodes/pusht_c2222.episodes25.json --goal-offset 25 --eval-budget 50 --num-eval 256 --score block --angles 20 5 --seed 46 --cem-seed 46
245	pusht	mppi_router_ds1_tauown	25	47	logs/rbD_pusht_mppi_router_ds1_tauown_t25_seed47.log	python -m surveyor.envs.pusht.eval --solver mppi --subgoal router+surveyor --gdm-ckpt gdm_stride10_s1.pt --gdm-steps 3 --accept-tau 0.233 --horizon 2 --receding-horizon 2 --source pretrained --h5 pusht_c2222.h5 --device cuda --mode long --episodes-file episodes/pusht_c2222.episodes25.json --goal-offset 25 --eval-budget 50 --num-eval 256 --score block --angles 20 5 --seed 47 --cem-seed 47
246	pusht	mppi_router_ds1_tauown	25	48	logs/rbD_pusht_mppi_router_ds1_tauown_t25_seed48.log	python -m surveyor.envs.pusht.eval --solver mppi --subgoal router+surveyor --gdm-ckpt gdm_stride10_s1.pt --gdm-steps 3 --accept-tau 0.233 --horizon 2 --receding-horizon 2 --source pretrained --h5 pusht_c2222.h5 --device cuda --mode long --episodes-file episodes/pusht_c2222.episodes25.json --goal-offset 25 --eval-budget 50 --num-eval 256 --score block --angles 20 5 --seed 48 --cem-seed 48
247	pusht	mppi_router_ds1_tauown	25	49	logs/rbD_pusht_mppi_router_ds1_tauown_t25_seed49.log	python -m surveyor.envs.pusht.eval --solver mppi --subgoal router+surveyor --gdm-ckpt gdm_stride10_s1.pt --gdm-steps 3 --accept-tau 0.233 --horizon 2 --receding-horizon 2 --source pretrained --h5 pusht_c2222.h5 --device cuda --mode long --episodes-file episodes/pusht_c2222.episodes25.json --goal-offset 25 --eval-budget 50 --num-eval 256 --score block --angles 20 5 --seed 49 --cem-seed 49
248	pusht	mppi_router_ds1_tauown	50	42	logs/rbD_pusht_mppi_router_ds1_tauown_t50_seed42.log	python -m surveyor.envs.pusht.eval --solver mppi --subgoal router+surveyor --gdm-ckpt gdm_stride10_s1.pt --gdm-steps 3 --accept-tau 0.233 --horizon 2 --receding-horizon 2 --source pretrained --h5 pusht_c2222.h5 --device cuda --mode long --episodes-file episodes/pusht_c2222.episodes50.json --goal-offset 50 --eval-budget 100 --num-eval 256 --score block --angles 20 5 --seed 42 --cem-seed 42
249	pusht	mppi_router_ds1_tauown	50	43	logs/rbD_pusht_mppi_router_ds1_tauown_t50_seed43.log	python -m surveyor.envs.pusht.eval --solver mppi --subgoal router+surveyor --gdm-ckpt gdm_stride10_s1.pt --gdm-steps 3 --accept-tau 0.233 --horizon 2 --receding-horizon 2 --source pretrained --h5 pusht_c2222.h5 --device cuda --mode long --episodes-file episodes/pusht_c2222.episodes50.json --goal-offset 50 --eval-budget 100 --num-eval 256 --score block --angles 20 5 --seed 43 --cem-seed 43
250	pusht	mppi_router_ds1_tauown	50	44	logs/rbD_pusht_mppi_router_ds1_tauown_t50_seed44.log	python -m surveyor.envs.pusht.eval --solver mppi --subgoal router+surveyor --gdm-ckpt gdm_stride10_s1.pt --gdm-steps 3 --accept-tau 0.233 --horizon 2 --receding-horizon 2 --source pretrained --h5 pusht_c2222.h5 --device cuda --mode long --episodes-file episodes/pusht_c2222.episodes50.json --goal-offset 50 --eval-budget 100 --num-eval 256 --score block --angles 20 5 --seed 44 --cem-seed 44
251	pusht	mppi_router_ds1_tauown	50	45	logs/rbD_pusht_mppi_router_ds1_tauown_t50_seed45.log	python -m surveyor.envs.pusht.eval --solver mppi --subgoal router+surveyor --gdm-ckpt gdm_stride10_s1.pt --gdm-steps 3 --accept-tau 0.233 --horizon 2 --receding-horizon 2 --source pretrained --h5 pusht_c2222.h5 --device cuda --mode long --episodes-file episodes/pusht_c2222.episodes50.json --goal-offset 50 --eval-budget 100 --num-eval 256 --score block --angles 20 5 --seed 45 --cem-seed 45
252	pusht	mppi_router_ds1_tauown	50	46	logs/rbD_pusht_mppi_router_ds1_tauown_t50_seed46.log	python -m surveyor.envs.pusht.eval --solver mppi --subgoal router+surveyor --gdm-ckpt gdm_stride10_s1.pt --gdm-steps 3 --accept-tau 0.233 --horizon 2 --receding-horizon 2 --source pretrained --h5 pusht_c2222.h5 --device cuda --mode long --episodes-file episodes/pusht_c2222.episodes50.json --goal-offset 50 --eval-budget 100 --num-eval 256 --score block --angles 20 5 --seed 46 --cem-seed 46
253	pusht	mppi_router_ds1_tauown	50	47	logs/rbD_pusht_mppi_router_ds1_tauown_t50_seed47.log	python -m surveyor.envs.pusht.eval --solver mppi --subgoal router+surveyor --gdm-ckpt gdm_stride10_s1.pt --gdm-steps 3 --accept-tau 0.233 --horizon 2 --receding-horizon 2 --source pretrained --h5 pusht_c2222.h5 --device cuda --mode long --episodes-file episodes/pusht_c2222.episodes50.json --goal-offset 50 --eval-budget 100 --num-eval 256 --score block --angles 20 5 --seed 47 --cem-seed 47
254	pusht	mppi_router_ds1_tauown	50	48	logs/rbD_pusht_mppi_router_ds1_tauown_t50_seed48.log	python -m surveyor.envs.pusht.eval --solver mppi --subgoal router+surveyor --gdm-ckpt gdm_stride10_s1.pt --gdm-steps 3 --accept-tau 0.233 --horizon 2 --receding-horizon 2 --source pretrained --h5 pusht_c2222.h5 --device cuda --mode long --episodes-file episodes/pusht_c2222.episodes50.json --goal-offset 50 --eval-budget 100 --num-eval 256 --score block --angles 20 5 --seed 48 --cem-seed 48
255	pusht	mppi_router_ds1_tauown	50	49	logs/rbD_pusht_mppi_router_ds1_tauown_t50_seed49.log	python -m surveyor.envs.pusht.eval --solver mppi --subgoal router+surveyor --gdm-ckpt gdm_stride10_s1.pt --gdm-steps 3 --accept-tau 0.233 --horizon 2 --receding-horizon 2 --source pretrained --h5 pusht_c2222.h5 --device cuda --mode long --episodes-file episodes/pusht_c2222.episodes50.json --goal-offset 50 --eval-budget 100 --num-eval 256 --score block --angles 20 5 --seed 49 --cem-seed 49
256	pusht	mppi_router_ds1_tauown	75	42	logs/rbD_pusht_mppi_router_ds1_tauown_t75_seed42.log	python -m surveyor.envs.pusht.eval --solver mppi --subgoal router+surveyor --gdm-ckpt gdm_stride10_s1.pt --gdm-steps 3 --accept-tau 0.233 --horizon 2 --receding-horizon 2 --source pretrained --h5 pusht_c2222.h5 --device cuda --mode long --episodes-file episodes/pusht_c2222.episodes75.json --goal-offset 75 --eval-budget 150 --num-eval 256 --score block --angles 20 5 --seed 42 --cem-seed 42
257	pusht	mppi_router_ds1_tauown	75	43	logs/rbD_pusht_mppi_router_ds1_tauown_t75_seed43.log	python -m surveyor.envs.pusht.eval --solver mppi --subgoal router+surveyor --gdm-ckpt gdm_stride10_s1.pt --gdm-steps 3 --accept-tau 0.233 --horizon 2 --receding-horizon 2 --source pretrained --h5 pusht_c2222.h5 --device cuda --mode long --episodes-file episodes/pusht_c2222.episodes75.json --goal-offset 75 --eval-budget 150 --num-eval 256 --score block --angles 20 5 --seed 43 --cem-seed 43
258	pusht	mppi_router_ds1_tauown	75	44	logs/rbD_pusht_mppi_router_ds1_tauown_t75_seed44.log	python -m surveyor.envs.pusht.eval --solver mppi --subgoal router+surveyor --gdm-ckpt gdm_stride10_s1.pt --gdm-steps 3 --accept-tau 0.233 --horizon 2 --receding-horizon 2 --source pretrained --h5 pusht_c2222.h5 --device cuda --mode long --episodes-file episodes/pusht_c2222.episodes75.json --goal-offset 75 --eval-budget 150 --num-eval 256 --score block --angles 20 5 --seed 44 --cem-seed 44
259	pusht	mppi_router_ds1_tauown	75	45	logs/rbD_pusht_mppi_router_ds1_tauown_t75_seed45.log	python -m surveyor.envs.pusht.eval --solver mppi --subgoal router+surveyor --gdm-ckpt gdm_stride10_s1.pt --gdm-steps 3 --accept-tau 0.233 --horizon 2 --receding-horizon 2 --source pretrained --h5 pusht_c2222.h5 --device cuda --mode long --episodes-file episodes/pusht_c2222.episodes75.json --goal-offset 75 --eval-budget 150 --num-eval 256 --score block --angles 20 5 --seed 45 --cem-seed 45
260	pusht	mppi_router_ds1_tauown	75	46	logs/rbD_pusht_mppi_router_ds1_tauown_t75_seed46.log	python -m surveyor.envs.pusht.eval --solver mppi --subgoal router+surveyor --gdm-ckpt gdm_stride10_s1.pt --gdm-steps 3 --accept-tau 0.233 --horizon 2 --receding-horizon 2 --source pretrained --h5 pusht_c2222.h5 --device cuda --mode long --episodes-file episodes/pusht_c2222.episodes75.json --goal-offset 75 --eval-budget 150 --num-eval 256 --score block --angles 20 5 --seed 46 --cem-seed 46
261	pusht	mppi_router_ds1_tauown	75	47	logs/rbD_pusht_mppi_router_ds1_tauown_t75_seed47.log	python -m surveyor.envs.pusht.eval --solver mppi --subgoal router+surveyor --gdm-ckpt gdm_stride10_s1.pt --gdm-steps 3 --accept-tau 0.233 --horizon 2 --receding-horizon 2 --source pretrained --h5 pusht_c2222.h5 --device cuda --mode long --episodes-file episodes/pusht_c2222.episodes75.json --goal-offset 75 --eval-budget 150 --num-eval 256 --score block --angles 20 5 --seed 47 --cem-seed 47
262	pusht	mppi_router_ds1_tauown	75	48	logs/rbD_pusht_mppi_router_ds1_tauown_t75_seed48.log	python -m surveyor.envs.pusht.eval --solver mppi --subgoal router+surveyor --gdm-ckpt gdm_stride10_s1.pt --gdm-steps 3 --accept-tau 0.233 --horizon 2 --receding-horizon 2 --source pretrained --h5 pusht_c2222.h5 --device cuda --mode long --episodes-file episodes/pusht_c2222.episodes75.json --goal-offset 75 --eval-budget 150 --num-eval 256 --score block --angles 20 5 --seed 48 --cem-seed 48
263	pusht	mppi_router_ds1_tauown	75	49	logs/rbD_pusht_mppi_router_ds1_tauown_t75_seed49.log	python -m surveyor.envs.pusht.eval --solver mppi --subgoal router+surveyor --gdm-ckpt gdm_stride10_s1.pt --gdm-steps 3 --accept-tau 0.233 --horizon 2 --receding-horizon 2 --source pretrained --h5 pusht_c2222.h5 --device cuda --mode long --episodes-file episodes/pusht_c2222.episodes75.json --goal-offset 75 --eval-budget 150 --num-eval 256 --score block --angles 20 5 --seed 49 --cem-seed 49
264	pusht	mppi_router_ds1_tauown	100	42	logs/rbD_pusht_mppi_router_ds1_tauown_t100_seed42.log	python -m surveyor.envs.pusht.eval --solver mppi --subgoal router+surveyor --gdm-ckpt gdm_stride10_s1.pt --gdm-steps 3 --accept-tau 0.233 --horizon 2 --receding-horizon 2 --source pretrained --h5 pusht_c2222.h5 --device cuda --mode long --episodes-file episodes/pusht_c2222.episodes100.json --goal-offset 100 --eval-budget 200 --num-eval 256 --score block --angles 20 5 --seed 42 --cem-seed 42
265	pusht	mppi_router_ds1_tauown	100	43	logs/rbD_pusht_mppi_router_ds1_tauown_t100_seed43.log	python -m surveyor.envs.pusht.eval --solver mppi --subgoal router+surveyor --gdm-ckpt gdm_stride10_s1.pt --gdm-steps 3 --accept-tau 0.233 --horizon 2 --receding-horizon 2 --source pretrained --h5 pusht_c2222.h5 --device cuda --mode long --episodes-file episodes/pusht_c2222.episodes100.json --goal-offset 100 --eval-budget 200 --num-eval 256 --score block --angles 20 5 --seed 43 --cem-seed 43
266	pusht	mppi_router_ds1_tauown	100	44	logs/rbD_pusht_mppi_router_ds1_tauown_t100_seed44.log	python -m surveyor.envs.pusht.eval --solver mppi --subgoal router+surveyor --gdm-ckpt gdm_stride10_s1.pt --gdm-steps 3 --accept-tau 0.233 --horizon 2 --receding-horizon 2 --source pretrained --h5 pusht_c2222.h5 --device cuda --mode long --episodes-file episodes/pusht_c2222.episodes100.json --goal-offset 100 --eval-budget 200 --num-eval 256 --score block --angles 20 5 --seed 44 --cem-seed 44
267	pusht	mppi_router_ds1_tauown	100	45	logs/rbD_pusht_mppi_router_ds1_tauown_t100_seed45.log	python -m surveyor.envs.pusht.eval --solver mppi --subgoal router+surveyor --gdm-ckpt gdm_stride10_s1.pt --gdm-steps 3 --accept-tau 0.233 --horizon 2 --receding-horizon 2 --source pretrained --h5 pusht_c2222.h5 --device cuda --mode long --episodes-file episodes/pusht_c2222.episodes100.json --goal-offset 100 --eval-budget 200 --num-eval 256 --score block --angles 20 5 --seed 45 --cem-seed 45
268	pusht	mppi_router_ds1_tauown	100	46	logs/rbD_pusht_mppi_router_ds1_tauown_t100_seed46.log	python -m surveyor.envs.pusht.eval --solver mppi --subgoal router+surveyor --gdm-ckpt gdm_stride10_s1.pt --gdm-steps 3 --accept-tau 0.233 --horizon 2 --receding-horizon 2 --source pretrained --h5 pusht_c2222.h5 --device cuda --mode long --episodes-file episodes/pusht_c2222.episodes100.json --goal-offset 100 --eval-budget 200 --num-eval 256 --score block --angles 20 5 --seed 46 --cem-seed 46
269	pusht	mppi_router_ds1_tauown	100	47	logs/rbD_pusht_mppi_router_ds1_tauown_t100_seed47.log	python -m surveyor.envs.pusht.eval --solver mppi --subgoal router+surveyor --gdm-ckpt gdm_stride10_s1.pt --gdm-steps 3 --accept-tau 0.233 --horizon 2 --receding-horizon 2 --source pretrained --h5 pusht_c2222.h5 --device cuda --mode long --episodes-file episodes/pusht_c2222.episodes100.json --goal-offset 100 --eval-budget 200 --num-eval 256 --score block --angles 20 5 --seed 47 --cem-seed 47
270	pusht	mppi_router_ds1_tauown	100	48	logs/rbD_pusht_mppi_router_ds1_tauown_t100_seed48.log	python -m surveyor.envs.pusht.eval --solver mppi --subgoal router+surveyor --gdm-ckpt gdm_stride10_s1.pt --gdm-steps 3 --accept-tau 0.233 --horizon 2 --receding-horizon 2 --source pretrained --h5 pusht_c2222.h5 --device cuda --mode long --episodes-file episodes/pusht_c2222.episodes100.json --goal-offset 100 --eval-budget 200 --num-eval 256 --score block --angles 20 5 --seed 48 --cem-seed 48
271	pusht	mppi_router_ds1_tauown	100	49	logs/rbD_pusht_mppi_router_ds1_tauown_t100_seed49.log	python -m surveyor.envs.pusht.eval --solver mppi --subgoal router+surveyor --gdm-ckpt gdm_stride10_s1.pt --gdm-steps 3 --accept-tau 0.233 --horizon 2 --receding-horizon 2 --source pretrained --h5 pusht_c2222.h5 --device cuda --mode long --episodes-file episodes/pusht_c2222.episodes100.json --goal-offset 100 --eval-budget 200 --num-eval 256 --score block --angles 20 5 --seed 49 --cem-seed 49
272	pusht	mppi_router_ds1_tauown	150	42	logs/rbD_pusht_mppi_router_ds1_tauown_t150_seed42.log	python -m surveyor.envs.pusht.eval --solver mppi --subgoal router+surveyor --gdm-ckpt gdm_stride10_s1.pt --gdm-steps 3 --accept-tau 0.233 --horizon 2 --receding-horizon 2 --source pretrained --h5 pusht_c2222.h5 --device cuda --mode long --episodes-file episodes/pusht_c2222.episodes150.json --goal-offset 150 --eval-budget 300 --num-eval 256 --score block --angles 20 5 --seed 42 --cem-seed 42
273	pusht	mppi_router_ds1_tauown	150	43	logs/rbD_pusht_mppi_router_ds1_tauown_t150_seed43.log	python -m surveyor.envs.pusht.eval --solver mppi --subgoal router+surveyor --gdm-ckpt gdm_stride10_s1.pt --gdm-steps 3 --accept-tau 0.233 --horizon 2 --receding-horizon 2 --source pretrained --h5 pusht_c2222.h5 --device cuda --mode long --episodes-file episodes/pusht_c2222.episodes150.json --goal-offset 150 --eval-budget 300 --num-eval 256 --score block --angles 20 5 --seed 43 --cem-seed 43
274	pusht	mppi_router_ds1_tauown	150	44	logs/rbD_pusht_mppi_router_ds1_tauown_t150_seed44.log	python -m surveyor.envs.pusht.eval --solver mppi --subgoal router+surveyor --gdm-ckpt gdm_stride10_s1.pt --gdm-steps 3 --accept-tau 0.233 --horizon 2 --receding-horizon 2 --source pretrained --h5 pusht_c2222.h5 --device cuda --mode long --episodes-file episodes/pusht_c2222.episodes150.json --goal-offset 150 --eval-budget 300 --num-eval 256 --score block --angles 20 5 --seed 44 --cem-seed 44
275	pusht	mppi_router_ds1_tauown	150	45	logs/rbD_pusht_mppi_router_ds1_tauown_t150_seed45.log	python -m surveyor.envs.pusht.eval --solver mppi --subgoal router+surveyor --gdm-ckpt gdm_stride10_s1.pt --gdm-steps 3 --accept-tau 0.233 --horizon 2 --receding-horizon 2 --source pretrained --h5 pusht_c2222.h5 --device cuda --mode long --episodes-file episodes/pusht_c2222.episodes150.json --goal-offset 150 --eval-budget 300 --num-eval 256 --score block --angles 20 5 --seed 45 --cem-seed 45
276	pusht	mppi_router_ds1_tauown	150	46	logs/rbD_pusht_mppi_router_ds1_tauown_t150_seed46.log	python -m surveyor.envs.pusht.eval --solver mppi --subgoal router+surveyor --gdm-ckpt gdm_stride10_s1.pt --gdm-steps 3 --accept-tau 0.233 --horizon 2 --receding-horizon 2 --source pretrained --h5 pusht_c2222.h5 --device cuda --mode long --episodes-file episodes/pusht_c2222.episodes150.json --goal-offset 150 --eval-budget 300 --num-eval 256 --score block --angles 20 5 --seed 46 --cem-seed 46
277	pusht	mppi_router_ds1_tauown	150	47	logs/rbD_pusht_mppi_router_ds1_tauown_t150_seed47.log	python -m surveyor.envs.pusht.eval --solver mppi --subgoal router+surveyor --gdm-ckpt gdm_stride10_s1.pt --gdm-steps 3 --accept-tau 0.233 --horizon 2 --receding-horizon 2 --source pretrained --h5 pusht_c2222.h5 --device cuda --mode long --episodes-file episodes/pusht_c2222.episodes150.json --goal-offset 150 --eval-budget 300 --num-eval 256 --score block --angles 20 5 --seed 47 --cem-seed 47
278	pusht	mppi_router_ds1_tauown	150	48	logs/rbD_pusht_mppi_router_ds1_tauown_t150_seed48.log	python -m surveyor.envs.pusht.eval --solver mppi --subgoal router+surveyor --gdm-ckpt gdm_stride10_s1.pt --gdm-steps 3 --accept-tau 0.233 --horizon 2 --receding-horizon 2 --source pretrained --h5 pusht_c2222.h5 --device cuda --mode long --episodes-file episodes/pusht_c2222.episodes150.json --goal-offset 150 --eval-budget 300 --num-eval 256 --score block --angles 20 5 --seed 48 --cem-seed 48
279	pusht	mppi_router_ds1_tauown	150	49	logs/rbD_pusht_mppi_router_ds1_tauown_t150_seed49.log	python -m surveyor.envs.pusht.eval --solver mppi --subgoal router+surveyor --gdm-ckpt gdm_stride10_s1.pt --gdm-steps 3 --accept-tau 0.233 --horizon 2 --receding-horizon 2 --source pretrained --h5 pusht_c2222.h5 --device cuda --mode long --episodes-file episodes/pusht_c2222.episodes150.json --goal-offset 150 --eval-budget 300 --num-eval 256 --score block --angles 20 5 --seed 49 --cem-seed 49
280	pusht	mppi_router_ds2_tauown	25	42	logs/rbD_pusht_mppi_router_ds2_tauown_t25_seed42.log	python -m surveyor.envs.pusht.eval --solver mppi --subgoal router+surveyor --gdm-ckpt gdm_stride10_s2.pt --gdm-steps 3 --accept-tau 0.233 --horizon 2 --receding-horizon 2 --source pretrained --h5 pusht_c2222.h5 --device cuda --mode long --episodes-file episodes/pusht_c2222.episodes25.json --goal-offset 25 --eval-budget 50 --num-eval 256 --score block --angles 20 5 --seed 42 --cem-seed 42
281	pusht	mppi_router_ds2_tauown	25	43	logs/rbD_pusht_mppi_router_ds2_tauown_t25_seed43.log	python -m surveyor.envs.pusht.eval --solver mppi --subgoal router+surveyor --gdm-ckpt gdm_stride10_s2.pt --gdm-steps 3 --accept-tau 0.233 --horizon 2 --receding-horizon 2 --source pretrained --h5 pusht_c2222.h5 --device cuda --mode long --episodes-file episodes/pusht_c2222.episodes25.json --goal-offset 25 --eval-budget 50 --num-eval 256 --score block --angles 20 5 --seed 43 --cem-seed 43
282	pusht	mppi_router_ds2_tauown	25	44	logs/rbD_pusht_mppi_router_ds2_tauown_t25_seed44.log	python -m surveyor.envs.pusht.eval --solver mppi --subgoal router+surveyor --gdm-ckpt gdm_stride10_s2.pt --gdm-steps 3 --accept-tau 0.233 --horizon 2 --receding-horizon 2 --source pretrained --h5 pusht_c2222.h5 --device cuda --mode long --episodes-file episodes/pusht_c2222.episodes25.json --goal-offset 25 --eval-budget 50 --num-eval 256 --score block --angles 20 5 --seed 44 --cem-seed 44
283	pusht	mppi_router_ds2_tauown	25	45	logs/rbD_pusht_mppi_router_ds2_tauown_t25_seed45.log	python -m surveyor.envs.pusht.eval --solver mppi --subgoal router+surveyor --gdm-ckpt gdm_stride10_s2.pt --gdm-steps 3 --accept-tau 0.233 --horizon 2 --receding-horizon 2 --source pretrained --h5 pusht_c2222.h5 --device cuda --mode long --episodes-file episodes/pusht_c2222.episodes25.json --goal-offset 25 --eval-budget 50 --num-eval 256 --score block --angles 20 5 --seed 45 --cem-seed 45
284	pusht	mppi_router_ds2_tauown	25	46	logs/rbD_pusht_mppi_router_ds2_tauown_t25_seed46.log	python -m surveyor.envs.pusht.eval --solver mppi --subgoal router+surveyor --gdm-ckpt gdm_stride10_s2.pt --gdm-steps 3 --accept-tau 0.233 --horizon 2 --receding-horizon 2 --source pretrained --h5 pusht_c2222.h5 --device cuda --mode long --episodes-file episodes/pusht_c2222.episodes25.json --goal-offset 25 --eval-budget 50 --num-eval 256 --score block --angles 20 5 --seed 46 --cem-seed 46
285	pusht	mppi_router_ds2_tauown	25	47	logs/rbD_pusht_mppi_router_ds2_tauown_t25_seed47.log	python -m surveyor.envs.pusht.eval --solver mppi --subgoal router+surveyor --gdm-ckpt gdm_stride10_s2.pt --gdm-steps 3 --accept-tau 0.233 --horizon 2 --receding-horizon 2 --source pretrained --h5 pusht_c2222.h5 --device cuda --mode long --episodes-file episodes/pusht_c2222.episodes25.json --goal-offset 25 --eval-budget 50 --num-eval 256 --score block --angles 20 5 --seed 47 --cem-seed 47
286	pusht	mppi_router_ds2_tauown	25	48	logs/rbD_pusht_mppi_router_ds2_tauown_t25_seed48.log	python -m surveyor.envs.pusht.eval --solver mppi --subgoal router+surveyor --gdm-ckpt gdm_stride10_s2.pt --gdm-steps 3 --accept-tau 0.233 --horizon 2 --receding-horizon 2 --source pretrained --h5 pusht_c2222.h5 --device cuda --mode long --episodes-file episodes/pusht_c2222.episodes25.json --goal-offset 25 --eval-budget 50 --num-eval 256 --score block --angles 20 5 --seed 48 --cem-seed 48
287	pusht	mppi_router_ds2_tauown	25	49	logs/rbD_pusht_mppi_router_ds2_tauown_t25_seed49.log	python -m surveyor.envs.pusht.eval --solver mppi --subgoal router+surveyor --gdm-ckpt gdm_stride10_s2.pt --gdm-steps 3 --accept-tau 0.233 --horizon 2 --receding-horizon 2 --source pretrained --h5 pusht_c2222.h5 --device cuda --mode long --episodes-file episodes/pusht_c2222.episodes25.json --goal-offset 25 --eval-budget 50 --num-eval 256 --score block --angles 20 5 --seed 49 --cem-seed 49
288	pusht	mppi_router_ds2_tauown	50	42	logs/rbD_pusht_mppi_router_ds2_tauown_t50_seed42.log	python -m surveyor.envs.pusht.eval --solver mppi --subgoal router+surveyor --gdm-ckpt gdm_stride10_s2.pt --gdm-steps 3 --accept-tau 0.233 --horizon 2 --receding-horizon 2 --source pretrained --h5 pusht_c2222.h5 --device cuda --mode long --episodes-file episodes/pusht_c2222.episodes50.json --goal-offset 50 --eval-budget 100 --num-eval 256 --score block --angles 20 5 --seed 42 --cem-seed 42
289	pusht	mppi_router_ds2_tauown	50	43	logs/rbD_pusht_mppi_router_ds2_tauown_t50_seed43.log	python -m surveyor.envs.pusht.eval --solver mppi --subgoal router+surveyor --gdm-ckpt gdm_stride10_s2.pt --gdm-steps 3 --accept-tau 0.233 --horizon 2 --receding-horizon 2 --source pretrained --h5 pusht_c2222.h5 --device cuda --mode long --episodes-file episodes/pusht_c2222.episodes50.json --goal-offset 50 --eval-budget 100 --num-eval 256 --score block --angles 20 5 --seed 43 --cem-seed 43
290	pusht	mppi_router_ds2_tauown	50	44	logs/rbD_pusht_mppi_router_ds2_tauown_t50_seed44.log	python -m surveyor.envs.pusht.eval --solver mppi --subgoal router+surveyor --gdm-ckpt gdm_stride10_s2.pt --gdm-steps 3 --accept-tau 0.233 --horizon 2 --receding-horizon 2 --source pretrained --h5 pusht_c2222.h5 --device cuda --mode long --episodes-file episodes/pusht_c2222.episodes50.json --goal-offset 50 --eval-budget 100 --num-eval 256 --score block --angles 20 5 --seed 44 --cem-seed 44
291	pusht	mppi_router_ds2_tauown	50	45	logs/rbD_pusht_mppi_router_ds2_tauown_t50_seed45.log	python -m surveyor.envs.pusht.eval --solver mppi --subgoal router+surveyor --gdm-ckpt gdm_stride10_s2.pt --gdm-steps 3 --accept-tau 0.233 --horizon 2 --receding-horizon 2 --source pretrained --h5 pusht_c2222.h5 --device cuda --mode long --episodes-file episodes/pusht_c2222.episodes50.json --goal-offset 50 --eval-budget 100 --num-eval 256 --score block --angles 20 5 --seed 45 --cem-seed 45
292	pusht	mppi_router_ds2_tauown	50	46	logs/rbD_pusht_mppi_router_ds2_tauown_t50_seed46.log	python -m surveyor.envs.pusht.eval --solver mppi --subgoal router+surveyor --gdm-ckpt gdm_stride10_s2.pt --gdm-steps 3 --accept-tau 0.233 --horizon 2 --receding-horizon 2 --source pretrained --h5 pusht_c2222.h5 --device cuda --mode long --episodes-file episodes/pusht_c2222.episodes50.json --goal-offset 50 --eval-budget 100 --num-eval 256 --score block --angles 20 5 --seed 46 --cem-seed 46
293	pusht	mppi_router_ds2_tauown	50	47	logs/rbD_pusht_mppi_router_ds2_tauown_t50_seed47.log	python -m surveyor.envs.pusht.eval --solver mppi --subgoal router+surveyor --gdm-ckpt gdm_stride10_s2.pt --gdm-steps 3 --accept-tau 0.233 --horizon 2 --receding-horizon 2 --source pretrained --h5 pusht_c2222.h5 --device cuda --mode long --episodes-file episodes/pusht_c2222.episodes50.json --goal-offset 50 --eval-budget 100 --num-eval 256 --score block --angles 20 5 --seed 47 --cem-seed 47
294	pusht	mppi_router_ds2_tauown	50	48	logs/rbD_pusht_mppi_router_ds2_tauown_t50_seed48.log	python -m surveyor.envs.pusht.eval --solver mppi --subgoal router+surveyor --gdm-ckpt gdm_stride10_s2.pt --gdm-steps 3 --accept-tau 0.233 --horizon 2 --receding-horizon 2 --source pretrained --h5 pusht_c2222.h5 --device cuda --mode long --episodes-file episodes/pusht_c2222.episodes50.json --goal-offset 50 --eval-budget 100 --num-eval 256 --score block --angles 20 5 --seed 48 --cem-seed 48
295	pusht	mppi_router_ds2_tauown	50	49	logs/rbD_pusht_mppi_router_ds2_tauown_t50_seed49.log	python -m surveyor.envs.pusht.eval --solver mppi --subgoal router+surveyor --gdm-ckpt gdm_stride10_s2.pt --gdm-steps 3 --accept-tau 0.233 --horizon 2 --receding-horizon 2 --source pretrained --h5 pusht_c2222.h5 --device cuda --mode long --episodes-file episodes/pusht_c2222.episodes50.json --goal-offset 50 --eval-budget 100 --num-eval 256 --score block --angles 20 5 --seed 49 --cem-seed 49
296	pusht	mppi_router_ds2_tauown	75	42	logs/rbD_pusht_mppi_router_ds2_tauown_t75_seed42.log	python -m surveyor.envs.pusht.eval --solver mppi --subgoal router+surveyor --gdm-ckpt gdm_stride10_s2.pt --gdm-steps 3 --accept-tau 0.233 --horizon 2 --receding-horizon 2 --source pretrained --h5 pusht_c2222.h5 --device cuda --mode long --episodes-file episodes/pusht_c2222.episodes75.json --goal-offset 75 --eval-budget 150 --num-eval 256 --score block --angles 20 5 --seed 42 --cem-seed 42
297	pusht	mppi_router_ds2_tauown	75	43	logs/rbD_pusht_mppi_router_ds2_tauown_t75_seed43.log	python -m surveyor.envs.pusht.eval --solver mppi --subgoal router+surveyor --gdm-ckpt gdm_stride10_s2.pt --gdm-steps 3 --accept-tau 0.233 --horizon 2 --receding-horizon 2 --source pretrained --h5 pusht_c2222.h5 --device cuda --mode long --episodes-file episodes/pusht_c2222.episodes75.json --goal-offset 75 --eval-budget 150 --num-eval 256 --score block --angles 20 5 --seed 43 --cem-seed 43
298	pusht	mppi_router_ds2_tauown	75	44	logs/rbD_pusht_mppi_router_ds2_tauown_t75_seed44.log	python -m surveyor.envs.pusht.eval --solver mppi --subgoal router+surveyor --gdm-ckpt gdm_stride10_s2.pt --gdm-steps 3 --accept-tau 0.233 --horizon 2 --receding-horizon 2 --source pretrained --h5 pusht_c2222.h5 --device cuda --mode long --episodes-file episodes/pusht_c2222.episodes75.json --goal-offset 75 --eval-budget 150 --num-eval 256 --score block --angles 20 5 --seed 44 --cem-seed 44
299	pusht	mppi_router_ds2_tauown	75	45	logs/rbD_pusht_mppi_router_ds2_tauown_t75_seed45.log	python -m surveyor.envs.pusht.eval --solver mppi --subgoal router+surveyor --gdm-ckpt gdm_stride10_s2.pt --gdm-steps 3 --accept-tau 0.233 --horizon 2 --receding-horizon 2 --source pretrained --h5 pusht_c2222.h5 --device cuda --mode long --episodes-file episodes/pusht_c2222.episodes75.json --goal-offset 75 --eval-budget 150 --num-eval 256 --score block --angles 20 5 --seed 45 --cem-seed 45
300	pusht	mppi_router_ds2_tauown	75	46	logs/rbD_pusht_mppi_router_ds2_tauown_t75_seed46.log	python -m surveyor.envs.pusht.eval --solver mppi --subgoal router+surveyor --gdm-ckpt gdm_stride10_s2.pt --gdm-steps 3 --accept-tau 0.233 --horizon 2 --receding-horizon 2 --source pretrained --h5 pusht_c2222.h5 --device cuda --mode long --episodes-file episodes/pusht_c2222.episodes75.json --goal-offset 75 --eval-budget 150 --num-eval 256 --score block --angles 20 5 --seed 46 --cem-seed 46
301	pusht	mppi_router_ds2_tauown	75	47	logs/rbD_pusht_mppi_router_ds2_tauown_t75_seed47.log	python -m surveyor.envs.pusht.eval --solver mppi --subgoal router+surveyor --gdm-ckpt gdm_stride10_s2.pt --gdm-steps 3 --accept-tau 0.233 --horizon 2 --receding-horizon 2 --source pretrained --h5 pusht_c2222.h5 --device cuda --mode long --episodes-file episodes/pusht_c2222.episodes75.json --goal-offset 75 --eval-budget 150 --num-eval 256 --score block --angles 20 5 --seed 47 --cem-seed 47
302	pusht	mppi_router_ds2_tauown	75	48	logs/rbD_pusht_mppi_router_ds2_tauown_t75_seed48.log	python -m surveyor.envs.pusht.eval --solver mppi --subgoal router+surveyor --gdm-ckpt gdm_stride10_s2.pt --gdm-steps 3 --accept-tau 0.233 --horizon 2 --receding-horizon 2 --source pretrained --h5 pusht_c2222.h5 --device cuda --mode long --episodes-file episodes/pusht_c2222.episodes75.json --goal-offset 75 --eval-budget 150 --num-eval 256 --score block --angles 20 5 --seed 48 --cem-seed 48
303	pusht	mppi_router_ds2_tauown	75	49	logs/rbD_pusht_mppi_router_ds2_tauown_t75_seed49.log	python -m surveyor.envs.pusht.eval --solver mppi --subgoal router+surveyor --gdm-ckpt gdm_stride10_s2.pt --gdm-steps 3 --accept-tau 0.233 --horizon 2 --receding-horizon 2 --source pretrained --h5 pusht_c2222.h5 --device cuda --mode long --episodes-file episodes/pusht_c2222.episodes75.json --goal-offset 75 --eval-budget 150 --num-eval 256 --score block --angles 20 5 --seed 49 --cem-seed 49
304	pusht	mppi_router_ds2_tauown	100	42	logs/rbD_pusht_mppi_router_ds2_tauown_t100_seed42.log	python -m surveyor.envs.pusht.eval --solver mppi --subgoal router+surveyor --gdm-ckpt gdm_stride10_s2.pt --gdm-steps 3 --accept-tau 0.233 --horizon 2 --receding-horizon 2 --source pretrained --h5 pusht_c2222.h5 --device cuda --mode long --episodes-file episodes/pusht_c2222.episodes100.json --goal-offset 100 --eval-budget 200 --num-eval 256 --score block --angles 20 5 --seed 42 --cem-seed 42
305	pusht	mppi_router_ds2_tauown	100	43	logs/rbD_pusht_mppi_router_ds2_tauown_t100_seed43.log	python -m surveyor.envs.pusht.eval --solver mppi --subgoal router+surveyor --gdm-ckpt gdm_stride10_s2.pt --gdm-steps 3 --accept-tau 0.233 --horizon 2 --receding-horizon 2 --source pretrained --h5 pusht_c2222.h5 --device cuda --mode long --episodes-file episodes/pusht_c2222.episodes100.json --goal-offset 100 --eval-budget 200 --num-eval 256 --score block --angles 20 5 --seed 43 --cem-seed 43
306	pusht	mppi_router_ds2_tauown	100	44	logs/rbD_pusht_mppi_router_ds2_tauown_t100_seed44.log	python -m surveyor.envs.pusht.eval --solver mppi --subgoal router+surveyor --gdm-ckpt gdm_stride10_s2.pt --gdm-steps 3 --accept-tau 0.233 --horizon 2 --receding-horizon 2 --source pretrained --h5 pusht_c2222.h5 --device cuda --mode long --episodes-file episodes/pusht_c2222.episodes100.json --goal-offset 100 --eval-budget 200 --num-eval 256 --score block --angles 20 5 --seed 44 --cem-seed 44
307	pusht	mppi_router_ds2_tauown	100	45	logs/rbD_pusht_mppi_router_ds2_tauown_t100_seed45.log	python -m surveyor.envs.pusht.eval --solver mppi --subgoal router+surveyor --gdm-ckpt gdm_stride10_s2.pt --gdm-steps 3 --accept-tau 0.233 --horizon 2 --receding-horizon 2 --source pretrained --h5 pusht_c2222.h5 --device cuda --mode long --episodes-file episodes/pusht_c2222.episodes100.json --goal-offset 100 --eval-budget 200 --num-eval 256 --score block --angles 20 5 --seed 45 --cem-seed 45
308	pusht	mppi_router_ds2_tauown	100	46	logs/rbD_pusht_mppi_router_ds2_tauown_t100_seed46.log	python -m surveyor.envs.pusht.eval --solver mppi --subgoal router+surveyor --gdm-ckpt gdm_stride10_s2.pt --gdm-steps 3 --accept-tau 0.233 --horizon 2 --receding-horizon 2 --source pretrained --h5 pusht_c2222.h5 --device cuda --mode long --episodes-file episodes/pusht_c2222.episodes100.json --goal-offset 100 --eval-budget 200 --num-eval 256 --score block --angles 20 5 --seed 46 --cem-seed 46
309	pusht	mppi_router_ds2_tauown	100	47	logs/rbD_pusht_mppi_router_ds2_tauown_t100_seed47.log	python -m surveyor.envs.pusht.eval --solver mppi --subgoal router+surveyor --gdm-ckpt gdm_stride10_s2.pt --gdm-steps 3 --accept-tau 0.233 --horizon 2 --receding-horizon 2 --source pretrained --h5 pusht_c2222.h5 --device cuda --mode long --episodes-file episodes/pusht_c2222.episodes100.json --goal-offset 100 --eval-budget 200 --num-eval 256 --score block --angles 20 5 --seed 47 --cem-seed 47
310	pusht	mppi_router_ds2_tauown	100	48	logs/rbD_pusht_mppi_router_ds2_tauown_t100_seed48.log	python -m surveyor.envs.pusht.eval --solver mppi --subgoal router+surveyor --gdm-ckpt gdm_stride10_s2.pt --gdm-steps 3 --accept-tau 0.233 --horizon 2 --receding-horizon 2 --source pretrained --h5 pusht_c2222.h5 --device cuda --mode long --episodes-file episodes/pusht_c2222.episodes100.json --goal-offset 100 --eval-budget 200 --num-eval 256 --score block --angles 20 5 --seed 48 --cem-seed 48
311	pusht	mppi_router_ds2_tauown	100	49	logs/rbD_pusht_mppi_router_ds2_tauown_t100_seed49.log	python -m surveyor.envs.pusht.eval --solver mppi --subgoal router+surveyor --gdm-ckpt gdm_stride10_s2.pt --gdm-steps 3 --accept-tau 0.233 --horizon 2 --receding-horizon 2 --source pretrained --h5 pusht_c2222.h5 --device cuda --mode long --episodes-file episodes/pusht_c2222.episodes100.json --goal-offset 100 --eval-budget 200 --num-eval 256 --score block --angles 20 5 --seed 49 --cem-seed 49
312	pusht	mppi_router_ds2_tauown	150	42	logs/rbD_pusht_mppi_router_ds2_tauown_t150_seed42.log	python -m surveyor.envs.pusht.eval --solver mppi --subgoal router+surveyor --gdm-ckpt gdm_stride10_s2.pt --gdm-steps 3 --accept-tau 0.233 --horizon 2 --receding-horizon 2 --source pretrained --h5 pusht_c2222.h5 --device cuda --mode long --episodes-file episodes/pusht_c2222.episodes150.json --goal-offset 150 --eval-budget 300 --num-eval 256 --score block --angles 20 5 --seed 42 --cem-seed 42
313	pusht	mppi_router_ds2_tauown	150	43	logs/rbD_pusht_mppi_router_ds2_tauown_t150_seed43.log	python -m surveyor.envs.pusht.eval --solver mppi --subgoal router+surveyor --gdm-ckpt gdm_stride10_s2.pt --gdm-steps 3 --accept-tau 0.233 --horizon 2 --receding-horizon 2 --source pretrained --h5 pusht_c2222.h5 --device cuda --mode long --episodes-file episodes/pusht_c2222.episodes150.json --goal-offset 150 --eval-budget 300 --num-eval 256 --score block --angles 20 5 --seed 43 --cem-seed 43
314	pusht	mppi_router_ds2_tauown	150	44	logs/rbD_pusht_mppi_router_ds2_tauown_t150_seed44.log	python -m surveyor.envs.pusht.eval --solver mppi --subgoal router+surveyor --gdm-ckpt gdm_stride10_s2.pt --gdm-steps 3 --accept-tau 0.233 --horizon 2 --receding-horizon 2 --source pretrained --h5 pusht_c2222.h5 --device cuda --mode long --episodes-file episodes/pusht_c2222.episodes150.json --goal-offset 150 --eval-budget 300 --num-eval 256 --score block --angles 20 5 --seed 44 --cem-seed 44
315	pusht	mppi_router_ds2_tauown	150	45	logs/rbD_pusht_mppi_router_ds2_tauown_t150_seed45.log	python -m surveyor.envs.pusht.eval --solver mppi --subgoal router+surveyor --gdm-ckpt gdm_stride10_s2.pt --gdm-steps 3 --accept-tau 0.233 --horizon 2 --receding-horizon 2 --source pretrained --h5 pusht_c2222.h5 --device cuda --mode long --episodes-file episodes/pusht_c2222.episodes150.json --goal-offset 150 --eval-budget 300 --num-eval 256 --score block --angles 20 5 --seed 45 --cem-seed 45
316	pusht	mppi_router_ds2_tauown	150	46	logs/rbD_pusht_mppi_router_ds2_tauown_t150_seed46.log	python -m surveyor.envs.pusht.eval --solver mppi --subgoal router+surveyor --gdm-ckpt gdm_stride10_s2.pt --gdm-steps 3 --accept-tau 0.233 --horizon 2 --receding-horizon 2 --source pretrained --h5 pusht_c2222.h5 --device cuda --mode long --episodes-file episodes/pusht_c2222.episodes150.json --goal-offset 150 --eval-budget 300 --num-eval 256 --score block --angles 20 5 --seed 46 --cem-seed 46
317	pusht	mppi_router_ds2_tauown	150	47	logs/rbD_pusht_mppi_router_ds2_tauown_t150_seed47.log	python -m surveyor.envs.pusht.eval --solver mppi --subgoal router+surveyor --gdm-ckpt gdm_stride10_s2.pt --gdm-steps 3 --accept-tau 0.233 --horizon 2 --receding-horizon 2 --source pretrained --h5 pusht_c2222.h5 --device cuda --mode long --episodes-file episodes/pusht_c2222.episodes150.json --goal-offset 150 --eval-budget 300 --num-eval 256 --score block --angles 20 5 --seed 47 --cem-seed 47
318	pusht	mppi_router_ds2_tauown	150	48	logs/rbD_pusht_mppi_router_ds2_tauown_t150_seed48.log	python -m surveyor.envs.pusht.eval --solver mppi --subgoal router+surveyor --gdm-ckpt gdm_stride10_s2.pt --gdm-steps 3 --accept-tau 0.233 --horizon 2 --receding-horizon 2 --source pretrained --h5 pusht_c2222.h5 --device cuda --mode long --episodes-file episodes/pusht_c2222.episodes150.json --goal-offset 150 --eval-budget 300 --num-eval 256 --score block --angles 20 5 --seed 48 --cem-seed 48
319	pusht	mppi_router_ds2_tauown	150	49	logs/rbD_pusht_mppi_router_ds2_tauown_t150_seed49.log	python -m surveyor.envs.pusht.eval --solver mppi --subgoal router+surveyor --gdm-ckpt gdm_stride10_s2.pt --gdm-steps 3 --accept-tau 0.233 --horizon 2 --receding-horizon 2 --source pretrained --h5 pusht_c2222.h5 --device cuda --mode long --episodes-file episodes/pusht_c2222.episodes150.json --goal-offset 150 --eval-budget 300 --num-eval 256 --score block --angles 20 5 --seed 49 --cem-seed 49
320	pusht	router_ds1_tauown	25	42	logs/rbD_pusht_router_ds1_tauown_t25_seed42.log	python -m surveyor.envs.pusht.eval --subgoal router+surveyor --gdm-ckpt gdm_stride10_s1.pt --gdm-steps 3 --accept-tau 0.233 --horizon 2 --receding-horizon 2 --source pretrained --h5 pusht_c2222.h5 --device cuda --mode long --episodes-file episodes/pusht_c2222.episodes25.json --goal-offset 25 --eval-budget 50 --num-eval 256 --score block --angles 20 5 --seed 42 --cem-seed 42
321	pusht	router_ds1_tauown	25	43	logs/rbD_pusht_router_ds1_tauown_t25_seed43.log	python -m surveyor.envs.pusht.eval --subgoal router+surveyor --gdm-ckpt gdm_stride10_s1.pt --gdm-steps 3 --accept-tau 0.233 --horizon 2 --receding-horizon 2 --source pretrained --h5 pusht_c2222.h5 --device cuda --mode long --episodes-file episodes/pusht_c2222.episodes25.json --goal-offset 25 --eval-budget 50 --num-eval 256 --score block --angles 20 5 --seed 43 --cem-seed 43
322	pusht	router_ds1_tauown	25	44	logs/rbD_pusht_router_ds1_tauown_t25_seed44.log	python -m surveyor.envs.pusht.eval --subgoal router+surveyor --gdm-ckpt gdm_stride10_s1.pt --gdm-steps 3 --accept-tau 0.233 --horizon 2 --receding-horizon 2 --source pretrained --h5 pusht_c2222.h5 --device cuda --mode long --episodes-file episodes/pusht_c2222.episodes25.json --goal-offset 25 --eval-budget 50 --num-eval 256 --score block --angles 20 5 --seed 44 --cem-seed 44
323	pusht	router_ds1_tauown	25	45	logs/rbD_pusht_router_ds1_tauown_t25_seed45.log	python -m surveyor.envs.pusht.eval --subgoal router+surveyor --gdm-ckpt gdm_stride10_s1.pt --gdm-steps 3 --accept-tau 0.233 --horizon 2 --receding-horizon 2 --source pretrained --h5 pusht_c2222.h5 --device cuda --mode long --episodes-file episodes/pusht_c2222.episodes25.json --goal-offset 25 --eval-budget 50 --num-eval 256 --score block --angles 20 5 --seed 45 --cem-seed 45
324	pusht	router_ds1_tauown	25	46	logs/rbD_pusht_router_ds1_tauown_t25_seed46.log	python -m surveyor.envs.pusht.eval --subgoal router+surveyor --gdm-ckpt gdm_stride10_s1.pt --gdm-steps 3 --accept-tau 0.233 --horizon 2 --receding-horizon 2 --source pretrained --h5 pusht_c2222.h5 --device cuda --mode long --episodes-file episodes/pusht_c2222.episodes25.json --goal-offset 25 --eval-budget 50 --num-eval 256 --score block --angles 20 5 --seed 46 --cem-seed 46
325	pusht	router_ds1_tauown	25	47	logs/rbD_pusht_router_ds1_tauown_t25_seed47.log	python -m surveyor.envs.pusht.eval --subgoal router+surveyor --gdm-ckpt gdm_stride10_s1.pt --gdm-steps 3 --accept-tau 0.233 --horizon 2 --receding-horizon 2 --source pretrained --h5 pusht_c2222.h5 --device cuda --mode long --episodes-file episodes/pusht_c2222.episodes25.json --goal-offset 25 --eval-budget 50 --num-eval 256 --score block --angles 20 5 --seed 47 --cem-seed 47
326	pusht	router_ds1_tauown	25	48	logs/rbD_pusht_router_ds1_tauown_t25_seed48.log	python -m surveyor.envs.pusht.eval --subgoal router+surveyor --gdm-ckpt gdm_stride10_s1.pt --gdm-steps 3 --accept-tau 0.233 --horizon 2 --receding-horizon 2 --source pretrained --h5 pusht_c2222.h5 --device cuda --mode long --episodes-file episodes/pusht_c2222.episodes25.json --goal-offset 25 --eval-budget 50 --num-eval 256 --score block --angles 20 5 --seed 48 --cem-seed 48
327	pusht	router_ds1_tauown	25	49	logs/rbD_pusht_router_ds1_tauown_t25_seed49.log	python -m surveyor.envs.pusht.eval --subgoal router+surveyor --gdm-ckpt gdm_stride10_s1.pt --gdm-steps 3 --accept-tau 0.233 --horizon 2 --receding-horizon 2 --source pretrained --h5 pusht_c2222.h5 --device cuda --mode long --episodes-file episodes/pusht_c2222.episodes25.json --goal-offset 25 --eval-budget 50 --num-eval 256 --score block --angles 20 5 --seed 49 --cem-seed 49
328	pusht	router_ds1_tauown	50	42	logs/rbD_pusht_router_ds1_tauown_t50_seed42.log	python -m surveyor.envs.pusht.eval --subgoal router+surveyor --gdm-ckpt gdm_stride10_s1.pt --gdm-steps 3 --accept-tau 0.233 --horizon 2 --receding-horizon 2 --source pretrained --h5 pusht_c2222.h5 --device cuda --mode long --episodes-file episodes/pusht_c2222.episodes50.json --goal-offset 50 --eval-budget 100 --num-eval 256 --score block --angles 20 5 --seed 42 --cem-seed 42
329	pusht	router_ds1_tauown	50	43	logs/rbD_pusht_router_ds1_tauown_t50_seed43.log	python -m surveyor.envs.pusht.eval --subgoal router+surveyor --gdm-ckpt gdm_stride10_s1.pt --gdm-steps 3 --accept-tau 0.233 --horizon 2 --receding-horizon 2 --source pretrained --h5 pusht_c2222.h5 --device cuda --mode long --episodes-file episodes/pusht_c2222.episodes50.json --goal-offset 50 --eval-budget 100 --num-eval 256 --score block --angles 20 5 --seed 43 --cem-seed 43
330	pusht	router_ds1_tauown	50	44	logs/rbD_pusht_router_ds1_tauown_t50_seed44.log	python -m surveyor.envs.pusht.eval --subgoal router+surveyor --gdm-ckpt gdm_stride10_s1.pt --gdm-steps 3 --accept-tau 0.233 --horizon 2 --receding-horizon 2 --source pretrained --h5 pusht_c2222.h5 --device cuda --mode long --episodes-file episodes/pusht_c2222.episodes50.json --goal-offset 50 --eval-budget 100 --num-eval 256 --score block --angles 20 5 --seed 44 --cem-seed 44
331	pusht	router_ds1_tauown	50	45	logs/rbD_pusht_router_ds1_tauown_t50_seed45.log	python -m surveyor.envs.pusht.eval --subgoal router+surveyor --gdm-ckpt gdm_stride10_s1.pt --gdm-steps 3 --accept-tau 0.233 --horizon 2 --receding-horizon 2 --source pretrained --h5 pusht_c2222.h5 --device cuda --mode long --episodes-file episodes/pusht_c2222.episodes50.json --goal-offset 50 --eval-budget 100 --num-eval 256 --score block --angles 20 5 --seed 45 --cem-seed 45
332	pusht	router_ds1_tauown	50	46	logs/rbD_pusht_router_ds1_tauown_t50_seed46.log	python -m surveyor.envs.pusht.eval --subgoal router+surveyor --gdm-ckpt gdm_stride10_s1.pt --gdm-steps 3 --accept-tau 0.233 --horizon 2 --receding-horizon 2 --source pretrained --h5 pusht_c2222.h5 --device cuda --mode long --episodes-file episodes/pusht_c2222.episodes50.json --goal-offset 50 --eval-budget 100 --num-eval 256 --score block --angles 20 5 --seed 46 --cem-seed 46
333	pusht	router_ds1_tauown	50	47	logs/rbD_pusht_router_ds1_tauown_t50_seed47.log	python -m surveyor.envs.pusht.eval --subgoal router+surveyor --gdm-ckpt gdm_stride10_s1.pt --gdm-steps 3 --accept-tau 0.233 --horizon 2 --receding-horizon 2 --source pretrained --h5 pusht_c2222.h5 --device cuda --mode long --episodes-file episodes/pusht_c2222.episodes50.json --goal-offset 50 --eval-budget 100 --num-eval 256 --score block --angles 20 5 --seed 47 --cem-seed 47
334	pusht	router_ds1_tauown	50	48	logs/rbD_pusht_router_ds1_tauown_t50_seed48.log	python -m surveyor.envs.pusht.eval --subgoal router+surveyor --gdm-ckpt gdm_stride10_s1.pt --gdm-steps 3 --accept-tau 0.233 --horizon 2 --receding-horizon 2 --source pretrained --h5 pusht_c2222.h5 --device cuda --mode long --episodes-file episodes/pusht_c2222.episodes50.json --goal-offset 50 --eval-budget 100 --num-eval 256 --score block --angles 20 5 --seed 48 --cem-seed 48
335	pusht	router_ds1_tauown	50	49	logs/rbD_pusht_router_ds1_tauown_t50_seed49.log	python -m surveyor.envs.pusht.eval --subgoal router+surveyor --gdm-ckpt gdm_stride10_s1.pt --gdm-steps 3 --accept-tau 0.233 --horizon 2 --receding-horizon 2 --source pretrained --h5 pusht_c2222.h5 --device cuda --mode long --episodes-file episodes/pusht_c2222.episodes50.json --goal-offset 50 --eval-budget 100 --num-eval 256 --score block --angles 20 5 --seed 49 --cem-seed 49
336	pusht	router_ds1_tauown	75	42	logs/rbD_pusht_router_ds1_tauown_t75_seed42.log	python -m surveyor.envs.pusht.eval --subgoal router+surveyor --gdm-ckpt gdm_stride10_s1.pt --gdm-steps 3 --accept-tau 0.233 --horizon 2 --receding-horizon 2 --source pretrained --h5 pusht_c2222.h5 --device cuda --mode long --episodes-file episodes/pusht_c2222.episodes75.json --goal-offset 75 --eval-budget 150 --num-eval 256 --score block --angles 20 5 --seed 42 --cem-seed 42
337	pusht	router_ds1_tauown	75	43	logs/rbD_pusht_router_ds1_tauown_t75_seed43.log	python -m surveyor.envs.pusht.eval --subgoal router+surveyor --gdm-ckpt gdm_stride10_s1.pt --gdm-steps 3 --accept-tau 0.233 --horizon 2 --receding-horizon 2 --source pretrained --h5 pusht_c2222.h5 --device cuda --mode long --episodes-file episodes/pusht_c2222.episodes75.json --goal-offset 75 --eval-budget 150 --num-eval 256 --score block --angles 20 5 --seed 43 --cem-seed 43
338	pusht	router_ds1_tauown	75	44	logs/rbD_pusht_router_ds1_tauown_t75_seed44.log	python -m surveyor.envs.pusht.eval --subgoal router+surveyor --gdm-ckpt gdm_stride10_s1.pt --gdm-steps 3 --accept-tau 0.233 --horizon 2 --receding-horizon 2 --source pretrained --h5 pusht_c2222.h5 --device cuda --mode long --episodes-file episodes/pusht_c2222.episodes75.json --goal-offset 75 --eval-budget 150 --num-eval 256 --score block --angles 20 5 --seed 44 --cem-seed 44
339	pusht	router_ds1_tauown	75	45	logs/rbD_pusht_router_ds1_tauown_t75_seed45.log	python -m surveyor.envs.pusht.eval --subgoal router+surveyor --gdm-ckpt gdm_stride10_s1.pt --gdm-steps 3 --accept-tau 0.233 --horizon 2 --receding-horizon 2 --source pretrained --h5 pusht_c2222.h5 --device cuda --mode long --episodes-file episodes/pusht_c2222.episodes75.json --goal-offset 75 --eval-budget 150 --num-eval 256 --score block --angles 20 5 --seed 45 --cem-seed 45
340	pusht	router_ds1_tauown	75	46	logs/rbD_pusht_router_ds1_tauown_t75_seed46.log	python -m surveyor.envs.pusht.eval --subgoal router+surveyor --gdm-ckpt gdm_stride10_s1.pt --gdm-steps 3 --accept-tau 0.233 --horizon 2 --receding-horizon 2 --source pretrained --h5 pusht_c2222.h5 --device cuda --mode long --episodes-file episodes/pusht_c2222.episodes75.json --goal-offset 75 --eval-budget 150 --num-eval 256 --score block --angles 20 5 --seed 46 --cem-seed 46
341	pusht	router_ds1_tauown	75	47	logs/rbD_pusht_router_ds1_tauown_t75_seed47.log	python -m surveyor.envs.pusht.eval --subgoal router+surveyor --gdm-ckpt gdm_stride10_s1.pt --gdm-steps 3 --accept-tau 0.233 --horizon 2 --receding-horizon 2 --source pretrained --h5 pusht_c2222.h5 --device cuda --mode long --episodes-file episodes/pusht_c2222.episodes75.json --goal-offset 75 --eval-budget 150 --num-eval 256 --score block --angles 20 5 --seed 47 --cem-seed 47
342	pusht	router_ds1_tauown	75	48	logs/rbD_pusht_router_ds1_tauown_t75_seed48.log	python -m surveyor.envs.pusht.eval --subgoal router+surveyor --gdm-ckpt gdm_stride10_s1.pt --gdm-steps 3 --accept-tau 0.233 --horizon 2 --receding-horizon 2 --source pretrained --h5 pusht_c2222.h5 --device cuda --mode long --episodes-file episodes/pusht_c2222.episodes75.json --goal-offset 75 --eval-budget 150 --num-eval 256 --score block --angles 20 5 --seed 48 --cem-seed 48
343	pusht	router_ds1_tauown	75	49	logs/rbD_pusht_router_ds1_tauown_t75_seed49.log	python -m surveyor.envs.pusht.eval --subgoal router+surveyor --gdm-ckpt gdm_stride10_s1.pt --gdm-steps 3 --accept-tau 0.233 --horizon 2 --receding-horizon 2 --source pretrained --h5 pusht_c2222.h5 --device cuda --mode long --episodes-file episodes/pusht_c2222.episodes75.json --goal-offset 75 --eval-budget 150 --num-eval 256 --score block --angles 20 5 --seed 49 --cem-seed 49
344	pusht	router_ds1_tauown	100	42	logs/rbD_pusht_router_ds1_tauown_t100_seed42.log	python -m surveyor.envs.pusht.eval --subgoal router+surveyor --gdm-ckpt gdm_stride10_s1.pt --gdm-steps 3 --accept-tau 0.233 --horizon 2 --receding-horizon 2 --source pretrained --h5 pusht_c2222.h5 --device cuda --mode long --episodes-file episodes/pusht_c2222.episodes100.json --goal-offset 100 --eval-budget 200 --num-eval 256 --score block --angles 20 5 --seed 42 --cem-seed 42
345	pusht	router_ds1_tauown	100	43	logs/rbD_pusht_router_ds1_tauown_t100_seed43.log	python -m surveyor.envs.pusht.eval --subgoal router+surveyor --gdm-ckpt gdm_stride10_s1.pt --gdm-steps 3 --accept-tau 0.233 --horizon 2 --receding-horizon 2 --source pretrained --h5 pusht_c2222.h5 --device cuda --mode long --episodes-file episodes/pusht_c2222.episodes100.json --goal-offset 100 --eval-budget 200 --num-eval 256 --score block --angles 20 5 --seed 43 --cem-seed 43
346	pusht	router_ds1_tauown	100	44	logs/rbD_pusht_router_ds1_tauown_t100_seed44.log	python -m surveyor.envs.pusht.eval --subgoal router+surveyor --gdm-ckpt gdm_stride10_s1.pt --gdm-steps 3 --accept-tau 0.233 --horizon 2 --receding-horizon 2 --source pretrained --h5 pusht_c2222.h5 --device cuda --mode long --episodes-file episodes/pusht_c2222.episodes100.json --goal-offset 100 --eval-budget 200 --num-eval 256 --score block --angles 20 5 --seed 44 --cem-seed 44
347	pusht	router_ds1_tauown	100	45	logs/rbD_pusht_router_ds1_tauown_t100_seed45.log	python -m surveyor.envs.pusht.eval --subgoal router+surveyor --gdm-ckpt gdm_stride10_s1.pt --gdm-steps 3 --accept-tau 0.233 --horizon 2 --receding-horizon 2 --source pretrained --h5 pusht_c2222.h5 --device cuda --mode long --episodes-file episodes/pusht_c2222.episodes100.json --goal-offset 100 --eval-budget 200 --num-eval 256 --score block --angles 20 5 --seed 45 --cem-seed 45
348	pusht	router_ds1_tauown	100	46	logs/rbD_pusht_router_ds1_tauown_t100_seed46.log	python -m surveyor.envs.pusht.eval --subgoal router+surveyor --gdm-ckpt gdm_stride10_s1.pt --gdm-steps 3 --accept-tau 0.233 --horizon 2 --receding-horizon 2 --source pretrained --h5 pusht_c2222.h5 --device cuda --mode long --episodes-file episodes/pusht_c2222.episodes100.json --goal-offset 100 --eval-budget 200 --num-eval 256 --score block --angles 20 5 --seed 46 --cem-seed 46
349	pusht	router_ds1_tauown	100	47	logs/rbD_pusht_router_ds1_tauown_t100_seed47.log	python -m surveyor.envs.pusht.eval --subgoal router+surveyor --gdm-ckpt gdm_stride10_s1.pt --gdm-steps 3 --accept-tau 0.233 --horizon 2 --receding-horizon 2 --source pretrained --h5 pusht_c2222.h5 --device cuda --mode long --episodes-file episodes/pusht_c2222.episodes100.json --goal-offset 100 --eval-budget 200 --num-eval 256 --score block --angles 20 5 --seed 47 --cem-seed 47
350	pusht	router_ds1_tauown	100	48	logs/rbD_pusht_router_ds1_tauown_t100_seed48.log	python -m surveyor.envs.pusht.eval --subgoal router+surveyor --gdm-ckpt gdm_stride10_s1.pt --gdm-steps 3 --accept-tau 0.233 --horizon 2 --receding-horizon 2 --source pretrained --h5 pusht_c2222.h5 --device cuda --mode long --episodes-file episodes/pusht_c2222.episodes100.json --goal-offset 100 --eval-budget 200 --num-eval 256 --score block --angles 20 5 --seed 48 --cem-seed 48
351	pusht	router_ds1_tauown	100	49	logs/rbD_pusht_router_ds1_tauown_t100_seed49.log	python -m surveyor.envs.pusht.eval --subgoal router+surveyor --gdm-ckpt gdm_stride10_s1.pt --gdm-steps 3 --accept-tau 0.233 --horizon 2 --receding-horizon 2 --source pretrained --h5 pusht_c2222.h5 --device cuda --mode long --episodes-file episodes/pusht_c2222.episodes100.json --goal-offset 100 --eval-budget 200 --num-eval 256 --score block --angles 20 5 --seed 49 --cem-seed 49
352	pusht	router_ds1_tauown	150	42	logs/rbD_pusht_router_ds1_tauown_t150_seed42.log	python -m surveyor.envs.pusht.eval --subgoal router+surveyor --gdm-ckpt gdm_stride10_s1.pt --gdm-steps 3 --accept-tau 0.233 --horizon 2 --receding-horizon 2 --source pretrained --h5 pusht_c2222.h5 --device cuda --mode long --episodes-file episodes/pusht_c2222.episodes150.json --goal-offset 150 --eval-budget 300 --num-eval 256 --score block --angles 20 5 --seed 42 --cem-seed 42
353	pusht	router_ds1_tauown	150	43	logs/rbD_pusht_router_ds1_tauown_t150_seed43.log	python -m surveyor.envs.pusht.eval --subgoal router+surveyor --gdm-ckpt gdm_stride10_s1.pt --gdm-steps 3 --accept-tau 0.233 --horizon 2 --receding-horizon 2 --source pretrained --h5 pusht_c2222.h5 --device cuda --mode long --episodes-file episodes/pusht_c2222.episodes150.json --goal-offset 150 --eval-budget 300 --num-eval 256 --score block --angles 20 5 --seed 43 --cem-seed 43
354	pusht	router_ds1_tauown	150	44	logs/rbD_pusht_router_ds1_tauown_t150_seed44.log	python -m surveyor.envs.pusht.eval --subgoal router+surveyor --gdm-ckpt gdm_stride10_s1.pt --gdm-steps 3 --accept-tau 0.233 --horizon 2 --receding-horizon 2 --source pretrained --h5 pusht_c2222.h5 --device cuda --mode long --episodes-file episodes/pusht_c2222.episodes150.json --goal-offset 150 --eval-budget 300 --num-eval 256 --score block --angles 20 5 --seed 44 --cem-seed 44
355	pusht	router_ds1_tauown	150	45	logs/rbD_pusht_router_ds1_tauown_t150_seed45.log	python -m surveyor.envs.pusht.eval --subgoal router+surveyor --gdm-ckpt gdm_stride10_s1.pt --gdm-steps 3 --accept-tau 0.233 --horizon 2 --receding-horizon 2 --source pretrained --h5 pusht_c2222.h5 --device cuda --mode long --episodes-file episodes/pusht_c2222.episodes150.json --goal-offset 150 --eval-budget 300 --num-eval 256 --score block --angles 20 5 --seed 45 --cem-seed 45
356	pusht	router_ds1_tauown	150	46	logs/rbD_pusht_router_ds1_tauown_t150_seed46.log	python -m surveyor.envs.pusht.eval --subgoal router+surveyor --gdm-ckpt gdm_stride10_s1.pt --gdm-steps 3 --accept-tau 0.233 --horizon 2 --receding-horizon 2 --source pretrained --h5 pusht_c2222.h5 --device cuda --mode long --episodes-file episodes/pusht_c2222.episodes150.json --goal-offset 150 --eval-budget 300 --num-eval 256 --score block --angles 20 5 --seed 46 --cem-seed 46
357	pusht	router_ds1_tauown	150	47	logs/rbD_pusht_router_ds1_tauown_t150_seed47.log	python -m surveyor.envs.pusht.eval --subgoal router+surveyor --gdm-ckpt gdm_stride10_s1.pt --gdm-steps 3 --accept-tau 0.233 --horizon 2 --receding-horizon 2 --source pretrained --h5 pusht_c2222.h5 --device cuda --mode long --episodes-file episodes/pusht_c2222.episodes150.json --goal-offset 150 --eval-budget 300 --num-eval 256 --score block --angles 20 5 --seed 47 --cem-seed 47
358	pusht	router_ds1_tauown	150	48	logs/rbD_pusht_router_ds1_tauown_t150_seed48.log	python -m surveyor.envs.pusht.eval --subgoal router+surveyor --gdm-ckpt gdm_stride10_s1.pt --gdm-steps 3 --accept-tau 0.233 --horizon 2 --receding-horizon 2 --source pretrained --h5 pusht_c2222.h5 --device cuda --mode long --episodes-file episodes/pusht_c2222.episodes150.json --goal-offset 150 --eval-budget 300 --num-eval 256 --score block --angles 20 5 --seed 48 --cem-seed 48
359	pusht	router_ds1_tauown	150	49	logs/rbD_pusht_router_ds1_tauown_t150_seed49.log	python -m surveyor.envs.pusht.eval --subgoal router+surveyor --gdm-ckpt gdm_stride10_s1.pt --gdm-steps 3 --accept-tau 0.233 --horizon 2 --receding-horizon 2 --source pretrained --h5 pusht_c2222.h5 --device cuda --mode long --episodes-file episodes/pusht_c2222.episodes150.json --goal-offset 150 --eval-budget 300 --num-eval 256 --score block --angles 20 5 --seed 49 --cem-seed 49
360	pusht	router_ds2_tauown	25	42	logs/rbD_pusht_router_ds2_tauown_t25_seed42.log	python -m surveyor.envs.pusht.eval --subgoal router+surveyor --gdm-ckpt gdm_stride10_s2.pt --gdm-steps 3 --accept-tau 0.233 --horizon 2 --receding-horizon 2 --source pretrained --h5 pusht_c2222.h5 --device cuda --mode long --episodes-file episodes/pusht_c2222.episodes25.json --goal-offset 25 --eval-budget 50 --num-eval 256 --score block --angles 20 5 --seed 42 --cem-seed 42
361	pusht	router_ds2_tauown	25	43	logs/rbD_pusht_router_ds2_tauown_t25_seed43.log	python -m surveyor.envs.pusht.eval --subgoal router+surveyor --gdm-ckpt gdm_stride10_s2.pt --gdm-steps 3 --accept-tau 0.233 --horizon 2 --receding-horizon 2 --source pretrained --h5 pusht_c2222.h5 --device cuda --mode long --episodes-file episodes/pusht_c2222.episodes25.json --goal-offset 25 --eval-budget 50 --num-eval 256 --score block --angles 20 5 --seed 43 --cem-seed 43
362	pusht	router_ds2_tauown	25	44	logs/rbD_pusht_router_ds2_tauown_t25_seed44.log	python -m surveyor.envs.pusht.eval --subgoal router+surveyor --gdm-ckpt gdm_stride10_s2.pt --gdm-steps 3 --accept-tau 0.233 --horizon 2 --receding-horizon 2 --source pretrained --h5 pusht_c2222.h5 --device cuda --mode long --episodes-file episodes/pusht_c2222.episodes25.json --goal-offset 25 --eval-budget 50 --num-eval 256 --score block --angles 20 5 --seed 44 --cem-seed 44
363	pusht	router_ds2_tauown	25	45	logs/rbD_pusht_router_ds2_tauown_t25_seed45.log	python -m surveyor.envs.pusht.eval --subgoal router+surveyor --gdm-ckpt gdm_stride10_s2.pt --gdm-steps 3 --accept-tau 0.233 --horizon 2 --receding-horizon 2 --source pretrained --h5 pusht_c2222.h5 --device cuda --mode long --episodes-file episodes/pusht_c2222.episodes25.json --goal-offset 25 --eval-budget 50 --num-eval 256 --score block --angles 20 5 --seed 45 --cem-seed 45
364	pusht	router_ds2_tauown	25	46	logs/rbD_pusht_router_ds2_tauown_t25_seed46.log	python -m surveyor.envs.pusht.eval --subgoal router+surveyor --gdm-ckpt gdm_stride10_s2.pt --gdm-steps 3 --accept-tau 0.233 --horizon 2 --receding-horizon 2 --source pretrained --h5 pusht_c2222.h5 --device cuda --mode long --episodes-file episodes/pusht_c2222.episodes25.json --goal-offset 25 --eval-budget 50 --num-eval 256 --score block --angles 20 5 --seed 46 --cem-seed 46
365	pusht	router_ds2_tauown	25	47	logs/rbD_pusht_router_ds2_tauown_t25_seed47.log	python -m surveyor.envs.pusht.eval --subgoal router+surveyor --gdm-ckpt gdm_stride10_s2.pt --gdm-steps 3 --accept-tau 0.233 --horizon 2 --receding-horizon 2 --source pretrained --h5 pusht_c2222.h5 --device cuda --mode long --episodes-file episodes/pusht_c2222.episodes25.json --goal-offset 25 --eval-budget 50 --num-eval 256 --score block --angles 20 5 --seed 47 --cem-seed 47
366	pusht	router_ds2_tauown	25	48	logs/rbD_pusht_router_ds2_tauown_t25_seed48.log	python -m surveyor.envs.pusht.eval --subgoal router+surveyor --gdm-ckpt gdm_stride10_s2.pt --gdm-steps 3 --accept-tau 0.233 --horizon 2 --receding-horizon 2 --source pretrained --h5 pusht_c2222.h5 --device cuda --mode long --episodes-file episodes/pusht_c2222.episodes25.json --goal-offset 25 --eval-budget 50 --num-eval 256 --score block --angles 20 5 --seed 48 --cem-seed 48
367	pusht	router_ds2_tauown	25	49	logs/rbD_pusht_router_ds2_tauown_t25_seed49.log	python -m surveyor.envs.pusht.eval --subgoal router+surveyor --gdm-ckpt gdm_stride10_s2.pt --gdm-steps 3 --accept-tau 0.233 --horizon 2 --receding-horizon 2 --source pretrained --h5 pusht_c2222.h5 --device cuda --mode long --episodes-file episodes/pusht_c2222.episodes25.json --goal-offset 25 --eval-budget 50 --num-eval 256 --score block --angles 20 5 --seed 49 --cem-seed 49
368	pusht	router_ds2_tauown	50	42	logs/rbD_pusht_router_ds2_tauown_t50_seed42.log	python -m surveyor.envs.pusht.eval --subgoal router+surveyor --gdm-ckpt gdm_stride10_s2.pt --gdm-steps 3 --accept-tau 0.233 --horizon 2 --receding-horizon 2 --source pretrained --h5 pusht_c2222.h5 --device cuda --mode long --episodes-file episodes/pusht_c2222.episodes50.json --goal-offset 50 --eval-budget 100 --num-eval 256 --score block --angles 20 5 --seed 42 --cem-seed 42
369	pusht	router_ds2_tauown	50	43	logs/rbD_pusht_router_ds2_tauown_t50_seed43.log	python -m surveyor.envs.pusht.eval --subgoal router+surveyor --gdm-ckpt gdm_stride10_s2.pt --gdm-steps 3 --accept-tau 0.233 --horizon 2 --receding-horizon 2 --source pretrained --h5 pusht_c2222.h5 --device cuda --mode long --episodes-file episodes/pusht_c2222.episodes50.json --goal-offset 50 --eval-budget 100 --num-eval 256 --score block --angles 20 5 --seed 43 --cem-seed 43
370	pusht	router_ds2_tauown	50	44	logs/rbD_pusht_router_ds2_tauown_t50_seed44.log	python -m surveyor.envs.pusht.eval --subgoal router+surveyor --gdm-ckpt gdm_stride10_s2.pt --gdm-steps 3 --accept-tau 0.233 --horizon 2 --receding-horizon 2 --source pretrained --h5 pusht_c2222.h5 --device cuda --mode long --episodes-file episodes/pusht_c2222.episodes50.json --goal-offset 50 --eval-budget 100 --num-eval 256 --score block --angles 20 5 --seed 44 --cem-seed 44
371	pusht	router_ds2_tauown	50	45	logs/rbD_pusht_router_ds2_tauown_t50_seed45.log	python -m surveyor.envs.pusht.eval --subgoal router+surveyor --gdm-ckpt gdm_stride10_s2.pt --gdm-steps 3 --accept-tau 0.233 --horizon 2 --receding-horizon 2 --source pretrained --h5 pusht_c2222.h5 --device cuda --mode long --episodes-file episodes/pusht_c2222.episodes50.json --goal-offset 50 --eval-budget 100 --num-eval 256 --score block --angles 20 5 --seed 45 --cem-seed 45
372	pusht	router_ds2_tauown	50	46	logs/rbD_pusht_router_ds2_tauown_t50_seed46.log	python -m surveyor.envs.pusht.eval --subgoal router+surveyor --gdm-ckpt gdm_stride10_s2.pt --gdm-steps 3 --accept-tau 0.233 --horizon 2 --receding-horizon 2 --source pretrained --h5 pusht_c2222.h5 --device cuda --mode long --episodes-file episodes/pusht_c2222.episodes50.json --goal-offset 50 --eval-budget 100 --num-eval 256 --score block --angles 20 5 --seed 46 --cem-seed 46
373	pusht	router_ds2_tauown	50	47	logs/rbD_pusht_router_ds2_tauown_t50_seed47.log	python -m surveyor.envs.pusht.eval --subgoal router+surveyor --gdm-ckpt gdm_stride10_s2.pt --gdm-steps 3 --accept-tau 0.233 --horizon 2 --receding-horizon 2 --source pretrained --h5 pusht_c2222.h5 --device cuda --mode long --episodes-file episodes/pusht_c2222.episodes50.json --goal-offset 50 --eval-budget 100 --num-eval 256 --score block --angles 20 5 --seed 47 --cem-seed 47
374	pusht	router_ds2_tauown	50	48	logs/rbD_pusht_router_ds2_tauown_t50_seed48.log	python -m surveyor.envs.pusht.eval --subgoal router+surveyor --gdm-ckpt gdm_stride10_s2.pt --gdm-steps 3 --accept-tau 0.233 --horizon 2 --receding-horizon 2 --source pretrained --h5 pusht_c2222.h5 --device cuda --mode long --episodes-file episodes/pusht_c2222.episodes50.json --goal-offset 50 --eval-budget 100 --num-eval 256 --score block --angles 20 5 --seed 48 --cem-seed 48
375	pusht	router_ds2_tauown	50	49	logs/rbD_pusht_router_ds2_tauown_t50_seed49.log	python -m surveyor.envs.pusht.eval --subgoal router+surveyor --gdm-ckpt gdm_stride10_s2.pt --gdm-steps 3 --accept-tau 0.233 --horizon 2 --receding-horizon 2 --source pretrained --h5 pusht_c2222.h5 --device cuda --mode long --episodes-file episodes/pusht_c2222.episodes50.json --goal-offset 50 --eval-budget 100 --num-eval 256 --score block --angles 20 5 --seed 49 --cem-seed 49
376	pusht	router_ds2_tauown	75	42	logs/rbD_pusht_router_ds2_tauown_t75_seed42.log	python -m surveyor.envs.pusht.eval --subgoal router+surveyor --gdm-ckpt gdm_stride10_s2.pt --gdm-steps 3 --accept-tau 0.233 --horizon 2 --receding-horizon 2 --source pretrained --h5 pusht_c2222.h5 --device cuda --mode long --episodes-file episodes/pusht_c2222.episodes75.json --goal-offset 75 --eval-budget 150 --num-eval 256 --score block --angles 20 5 --seed 42 --cem-seed 42
377	pusht	router_ds2_tauown	75	43	logs/rbD_pusht_router_ds2_tauown_t75_seed43.log	python -m surveyor.envs.pusht.eval --subgoal router+surveyor --gdm-ckpt gdm_stride10_s2.pt --gdm-steps 3 --accept-tau 0.233 --horizon 2 --receding-horizon 2 --source pretrained --h5 pusht_c2222.h5 --device cuda --mode long --episodes-file episodes/pusht_c2222.episodes75.json --goal-offset 75 --eval-budget 150 --num-eval 256 --score block --angles 20 5 --seed 43 --cem-seed 43
378	pusht	router_ds2_tauown	75	44	logs/rbD_pusht_router_ds2_tauown_t75_seed44.log	python -m surveyor.envs.pusht.eval --subgoal router+surveyor --gdm-ckpt gdm_stride10_s2.pt --gdm-steps 3 --accept-tau 0.233 --horizon 2 --receding-horizon 2 --source pretrained --h5 pusht_c2222.h5 --device cuda --mode long --episodes-file episodes/pusht_c2222.episodes75.json --goal-offset 75 --eval-budget 150 --num-eval 256 --score block --angles 20 5 --seed 44 --cem-seed 44
379	pusht	router_ds2_tauown	75	45	logs/rbD_pusht_router_ds2_tauown_t75_seed45.log	python -m surveyor.envs.pusht.eval --subgoal router+surveyor --gdm-ckpt gdm_stride10_s2.pt --gdm-steps 3 --accept-tau 0.233 --horizon 2 --receding-horizon 2 --source pretrained --h5 pusht_c2222.h5 --device cuda --mode long --episodes-file episodes/pusht_c2222.episodes75.json --goal-offset 75 --eval-budget 150 --num-eval 256 --score block --angles 20 5 --seed 45 --cem-seed 45
380	pusht	router_ds2_tauown	75	46	logs/rbD_pusht_router_ds2_tauown_t75_seed46.log	python -m surveyor.envs.pusht.eval --subgoal router+surveyor --gdm-ckpt gdm_stride10_s2.pt --gdm-steps 3 --accept-tau 0.233 --horizon 2 --receding-horizon 2 --source pretrained --h5 pusht_c2222.h5 --device cuda --mode long --episodes-file episodes/pusht_c2222.episodes75.json --goal-offset 75 --eval-budget 150 --num-eval 256 --score block --angles 20 5 --seed 46 --cem-seed 46
381	pusht	router_ds2_tauown	75	47	logs/rbD_pusht_router_ds2_tauown_t75_seed47.log	python -m surveyor.envs.pusht.eval --subgoal router+surveyor --gdm-ckpt gdm_stride10_s2.pt --gdm-steps 3 --accept-tau 0.233 --horizon 2 --receding-horizon 2 --source pretrained --h5 pusht_c2222.h5 --device cuda --mode long --episodes-file episodes/pusht_c2222.episodes75.json --goal-offset 75 --eval-budget 150 --num-eval 256 --score block --angles 20 5 --seed 47 --cem-seed 47
382	pusht	router_ds2_tauown	75	48	logs/rbD_pusht_router_ds2_tauown_t75_seed48.log	python -m surveyor.envs.pusht.eval --subgoal router+surveyor --gdm-ckpt gdm_stride10_s2.pt --gdm-steps 3 --accept-tau 0.233 --horizon 2 --receding-horizon 2 --source pretrained --h5 pusht_c2222.h5 --device cuda --mode long --episodes-file episodes/pusht_c2222.episodes75.json --goal-offset 75 --eval-budget 150 --num-eval 256 --score block --angles 20 5 --seed 48 --cem-seed 48
383	pusht	router_ds2_tauown	75	49	logs/rbD_pusht_router_ds2_tauown_t75_seed49.log	python -m surveyor.envs.pusht.eval --subgoal router+surveyor --gdm-ckpt gdm_stride10_s2.pt --gdm-steps 3 --accept-tau 0.233 --horizon 2 --receding-horizon 2 --source pretrained --h5 pusht_c2222.h5 --device cuda --mode long --episodes-file episodes/pusht_c2222.episodes75.json --goal-offset 75 --eval-budget 150 --num-eval 256 --score block --angles 20 5 --seed 49 --cem-seed 49
384	pusht	router_ds2_tauown	100	42	logs/rbD_pusht_router_ds2_tauown_t100_seed42.log	python -m surveyor.envs.pusht.eval --subgoal router+surveyor --gdm-ckpt gdm_stride10_s2.pt --gdm-steps 3 --accept-tau 0.233 --horizon 2 --receding-horizon 2 --source pretrained --h5 pusht_c2222.h5 --device cuda --mode long --episodes-file episodes/pusht_c2222.episodes100.json --goal-offset 100 --eval-budget 200 --num-eval 256 --score block --angles 20 5 --seed 42 --cem-seed 42
385	pusht	router_ds2_tauown	100	43	logs/rbD_pusht_router_ds2_tauown_t100_seed43.log	python -m surveyor.envs.pusht.eval --subgoal router+surveyor --gdm-ckpt gdm_stride10_s2.pt --gdm-steps 3 --accept-tau 0.233 --horizon 2 --receding-horizon 2 --source pretrained --h5 pusht_c2222.h5 --device cuda --mode long --episodes-file episodes/pusht_c2222.episodes100.json --goal-offset 100 --eval-budget 200 --num-eval 256 --score block --angles 20 5 --seed 43 --cem-seed 43
386	pusht	router_ds2_tauown	100	44	logs/rbD_pusht_router_ds2_tauown_t100_seed44.log	python -m surveyor.envs.pusht.eval --subgoal router+surveyor --gdm-ckpt gdm_stride10_s2.pt --gdm-steps 3 --accept-tau 0.233 --horizon 2 --receding-horizon 2 --source pretrained --h5 pusht_c2222.h5 --device cuda --mode long --episodes-file episodes/pusht_c2222.episodes100.json --goal-offset 100 --eval-budget 200 --num-eval 256 --score block --angles 20 5 --seed 44 --cem-seed 44
387	pusht	router_ds2_tauown	100	45	logs/rbD_pusht_router_ds2_tauown_t100_seed45.log	python -m surveyor.envs.pusht.eval --subgoal router+surveyor --gdm-ckpt gdm_stride10_s2.pt --gdm-steps 3 --accept-tau 0.233 --horizon 2 --receding-horizon 2 --source pretrained --h5 pusht_c2222.h5 --device cuda --mode long --episodes-file episodes/pusht_c2222.episodes100.json --goal-offset 100 --eval-budget 200 --num-eval 256 --score block --angles 20 5 --seed 45 --cem-seed 45
388	pusht	router_ds2_tauown	100	46	logs/rbD_pusht_router_ds2_tauown_t100_seed46.log	python -m surveyor.envs.pusht.eval --subgoal router+surveyor --gdm-ckpt gdm_stride10_s2.pt --gdm-steps 3 --accept-tau 0.233 --horizon 2 --receding-horizon 2 --source pretrained --h5 pusht_c2222.h5 --device cuda --mode long --episodes-file episodes/pusht_c2222.episodes100.json --goal-offset 100 --eval-budget 200 --num-eval 256 --score block --angles 20 5 --seed 46 --cem-seed 46
389	pusht	router_ds2_tauown	100	47	logs/rbD_pusht_router_ds2_tauown_t100_seed47.log	python -m surveyor.envs.pusht.eval --subgoal router+surveyor --gdm-ckpt gdm_stride10_s2.pt --gdm-steps 3 --accept-tau 0.233 --horizon 2 --receding-horizon 2 --source pretrained --h5 pusht_c2222.h5 --device cuda --mode long --episodes-file episodes/pusht_c2222.episodes100.json --goal-offset 100 --eval-budget 200 --num-eval 256 --score block --angles 20 5 --seed 47 --cem-seed 47
390	pusht	router_ds2_tauown	100	48	logs/rbD_pusht_router_ds2_tauown_t100_seed48.log	python -m surveyor.envs.pusht.eval --subgoal router+surveyor --gdm-ckpt gdm_stride10_s2.pt --gdm-steps 3 --accept-tau 0.233 --horizon 2 --receding-horizon 2 --source pretrained --h5 pusht_c2222.h5 --device cuda --mode long --episodes-file episodes/pusht_c2222.episodes100.json --goal-offset 100 --eval-budget 200 --num-eval 256 --score block --angles 20 5 --seed 48 --cem-seed 48
391	pusht	router_ds2_tauown	100	49	logs/rbD_pusht_router_ds2_tauown_t100_seed49.log	python -m surveyor.envs.pusht.eval --subgoal router+surveyor --gdm-ckpt gdm_stride10_s2.pt --gdm-steps 3 --accept-tau 0.233 --horizon 2 --receding-horizon 2 --source pretrained --h5 pusht_c2222.h5 --device cuda --mode long --episodes-file episodes/pusht_c2222.episodes100.json --goal-offset 100 --eval-budget 200 --num-eval 256 --score block --angles 20 5 --seed 49 --cem-seed 49
392	pusht	router_ds2_tauown	150	42	logs/rbD_pusht_router_ds2_tauown_t150_seed42.log	python -m surveyor.envs.pusht.eval --subgoal router+surveyor --gdm-ckpt gdm_stride10_s2.pt --gdm-steps 3 --accept-tau 0.233 --horizon 2 --receding-horizon 2 --source pretrained --h5 pusht_c2222.h5 --device cuda --mode long --episodes-file episodes/pusht_c2222.episodes150.json --goal-offset 150 --eval-budget 300 --num-eval 256 --score block --angles 20 5 --seed 42 --cem-seed 42
393	pusht	router_ds2_tauown	150	43	logs/rbD_pusht_router_ds2_tauown_t150_seed43.log	python -m surveyor.envs.pusht.eval --subgoal router+surveyor --gdm-ckpt gdm_stride10_s2.pt --gdm-steps 3 --accept-tau 0.233 --horizon 2 --receding-horizon 2 --source pretrained --h5 pusht_c2222.h5 --device cuda --mode long --episodes-file episodes/pusht_c2222.episodes150.json --goal-offset 150 --eval-budget 300 --num-eval 256 --score block --angles 20 5 --seed 43 --cem-seed 43
394	pusht	router_ds2_tauown	150	44	logs/rbD_pusht_router_ds2_tauown_t150_seed44.log	python -m surveyor.envs.pusht.eval --subgoal router+surveyor --gdm-ckpt gdm_stride10_s2.pt --gdm-steps 3 --accept-tau 0.233 --horizon 2 --receding-horizon 2 --source pretrained --h5 pusht_c2222.h5 --device cuda --mode long --episodes-file episodes/pusht_c2222.episodes150.json --goal-offset 150 --eval-budget 300 --num-eval 256 --score block --angles 20 5 --seed 44 --cem-seed 44
395	pusht	router_ds2_tauown	150	45	logs/rbD_pusht_router_ds2_tauown_t150_seed45.log	python -m surveyor.envs.pusht.eval --subgoal router+surveyor --gdm-ckpt gdm_stride10_s2.pt --gdm-steps 3 --accept-tau 0.233 --horizon 2 --receding-horizon 2 --source pretrained --h5 pusht_c2222.h5 --device cuda --mode long --episodes-file episodes/pusht_c2222.episodes150.json --goal-offset 150 --eval-budget 300 --num-eval 256 --score block --angles 20 5 --seed 45 --cem-seed 45
396	pusht	router_ds2_tauown	150	46	logs/rbD_pusht_router_ds2_tauown_t150_seed46.log	python -m surveyor.envs.pusht.eval --subgoal router+surveyor --gdm-ckpt gdm_stride10_s2.pt --gdm-steps 3 --accept-tau 0.233 --horizon 2 --receding-horizon 2 --source pretrained --h5 pusht_c2222.h5 --device cuda --mode long --episodes-file episodes/pusht_c2222.episodes150.json --goal-offset 150 --eval-budget 300 --num-eval 256 --score block --angles 20 5 --seed 46 --cem-seed 46
397	pusht	router_ds2_tauown	150	47	logs/rbD_pusht_router_ds2_tauown_t150_seed47.log	python -m surveyor.envs.pusht.eval --subgoal router+surveyor --gdm-ckpt gdm_stride10_s2.pt --gdm-steps 3 --accept-tau 0.233 --horizon 2 --receding-horizon 2 --source pretrained --h5 pusht_c2222.h5 --device cuda --mode long --episodes-file episodes/pusht_c2222.episodes150.json --goal-offset 150 --eval-budget 300 --num-eval 256 --score block --angles 20 5 --seed 47 --cem-seed 47
398	pusht	router_ds2_tauown	150	48	logs/rbD_pusht_router_ds2_tauown_t150_seed48.log	python -m surveyor.envs.pusht.eval --subgoal router+surveyor --gdm-ckpt gdm_stride10_s2.pt --gdm-steps 3 --accept-tau 0.233 --horizon 2 --receding-horizon 2 --source pretrained --h5 pusht_c2222.h5 --device cuda --mode long --episodes-file episodes/pusht_c2222.episodes150.json --goal-offset 150 --eval-budget 300 --num-eval 256 --score block --angles 20 5 --seed 48 --cem-seed 48
399	pusht	router_ds2_tauown	150	49	logs/rbD_pusht_router_ds2_tauown_t150_seed49.log	python -m surveyor.envs.pusht.eval --subgoal router+surveyor --gdm-ckpt gdm_stride10_s2.pt --gdm-steps 3 --accept-tau 0.233 --horizon 2 --receding-horizon 2 --source pretrained --h5 pusht_c2222.h5 --device cuda --mode long --episodes-file episodes/pusht_c2222.episodes150.json --goal-offset 150 --eval-budget 300 --num-eval 256 --score block --angles 20 5 --seed 49 --cem-seed 49
400	reacher	gcrouter_off_s42_ds1_tauown	25	42	logs/rbD_reacher_gcrouter_off_s42_ds1_tauown_t25_seed42.log	python -m surveyor.envs.reacher.eval --subgoal gcidm+surveyor --gcidm-ckpt gcidm_official_reacher_h50_s42.pt --gdm-ckpt gdm_reacher_s10_s1.pt --gdm-steps 4 --accept-tau 0.106 --sg-steps 10 --cstar-route --source local --local-dir encoder_reacher --h5 "$REACHER_H5" --device cuda --num-eval 128 --seed 42 --cem-seed 42 --episodes-file episodes/reacher_c2222.ep100.s2222.json --goal-offset 25 --eval-budget 50
401	reacher	gcrouter_off_s42_ds1_tauown	25	43	logs/rbD_reacher_gcrouter_off_s42_ds1_tauown_t25_seed43.log	python -m surveyor.envs.reacher.eval --subgoal gcidm+surveyor --gcidm-ckpt gcidm_official_reacher_h50_s42.pt --gdm-ckpt gdm_reacher_s10_s1.pt --gdm-steps 4 --accept-tau 0.106 --sg-steps 10 --cstar-route --source local --local-dir encoder_reacher --h5 "$REACHER_H5" --device cuda --num-eval 128 --seed 43 --cem-seed 43 --episodes-file episodes/reacher_c2222.ep100.s2222.json --goal-offset 25 --eval-budget 50
402	reacher	gcrouter_off_s42_ds1_tauown	25	44	logs/rbD_reacher_gcrouter_off_s42_ds1_tauown_t25_seed44.log	python -m surveyor.envs.reacher.eval --subgoal gcidm+surveyor --gcidm-ckpt gcidm_official_reacher_h50_s42.pt --gdm-ckpt gdm_reacher_s10_s1.pt --gdm-steps 4 --accept-tau 0.106 --sg-steps 10 --cstar-route --source local --local-dir encoder_reacher --h5 "$REACHER_H5" --device cuda --num-eval 128 --seed 44 --cem-seed 44 --episodes-file episodes/reacher_c2222.ep100.s2222.json --goal-offset 25 --eval-budget 50
403	reacher	gcrouter_off_s42_ds1_tauown	25	45	logs/rbD_reacher_gcrouter_off_s42_ds1_tauown_t25_seed45.log	python -m surveyor.envs.reacher.eval --subgoal gcidm+surveyor --gcidm-ckpt gcidm_official_reacher_h50_s42.pt --gdm-ckpt gdm_reacher_s10_s1.pt --gdm-steps 4 --accept-tau 0.106 --sg-steps 10 --cstar-route --source local --local-dir encoder_reacher --h5 "$REACHER_H5" --device cuda --num-eval 128 --seed 45 --cem-seed 45 --episodes-file episodes/reacher_c2222.ep100.s2222.json --goal-offset 25 --eval-budget 50
404	reacher	gcrouter_off_s42_ds1_tauown	25	46	logs/rbD_reacher_gcrouter_off_s42_ds1_tauown_t25_seed46.log	python -m surveyor.envs.reacher.eval --subgoal gcidm+surveyor --gcidm-ckpt gcidm_official_reacher_h50_s42.pt --gdm-ckpt gdm_reacher_s10_s1.pt --gdm-steps 4 --accept-tau 0.106 --sg-steps 10 --cstar-route --source local --local-dir encoder_reacher --h5 "$REACHER_H5" --device cuda --num-eval 128 --seed 46 --cem-seed 46 --episodes-file episodes/reacher_c2222.ep100.s2222.json --goal-offset 25 --eval-budget 50
405	reacher	gcrouter_off_s42_ds1_tauown	25	47	logs/rbD_reacher_gcrouter_off_s42_ds1_tauown_t25_seed47.log	python -m surveyor.envs.reacher.eval --subgoal gcidm+surveyor --gcidm-ckpt gcidm_official_reacher_h50_s42.pt --gdm-ckpt gdm_reacher_s10_s1.pt --gdm-steps 4 --accept-tau 0.106 --sg-steps 10 --cstar-route --source local --local-dir encoder_reacher --h5 "$REACHER_H5" --device cuda --num-eval 128 --seed 47 --cem-seed 47 --episodes-file episodes/reacher_c2222.ep100.s2222.json --goal-offset 25 --eval-budget 50
406	reacher	gcrouter_off_s42_ds1_tauown	25	48	logs/rbD_reacher_gcrouter_off_s42_ds1_tauown_t25_seed48.log	python -m surveyor.envs.reacher.eval --subgoal gcidm+surveyor --gcidm-ckpt gcidm_official_reacher_h50_s42.pt --gdm-ckpt gdm_reacher_s10_s1.pt --gdm-steps 4 --accept-tau 0.106 --sg-steps 10 --cstar-route --source local --local-dir encoder_reacher --h5 "$REACHER_H5" --device cuda --num-eval 128 --seed 48 --cem-seed 48 --episodes-file episodes/reacher_c2222.ep100.s2222.json --goal-offset 25 --eval-budget 50
407	reacher	gcrouter_off_s42_ds1_tauown	25	49	logs/rbD_reacher_gcrouter_off_s42_ds1_tauown_t25_seed49.log	python -m surveyor.envs.reacher.eval --subgoal gcidm+surveyor --gcidm-ckpt gcidm_official_reacher_h50_s42.pt --gdm-ckpt gdm_reacher_s10_s1.pt --gdm-steps 4 --accept-tau 0.106 --sg-steps 10 --cstar-route --source local --local-dir encoder_reacher --h5 "$REACHER_H5" --device cuda --num-eval 128 --seed 49 --cem-seed 49 --episodes-file episodes/reacher_c2222.ep100.s2222.json --goal-offset 25 --eval-budget 50
408	reacher	gcrouter_off_s42_ds1_tauown	50	42	logs/rbD_reacher_gcrouter_off_s42_ds1_tauown_t50_seed42.log	python -m surveyor.envs.reacher.eval --subgoal gcidm+surveyor --gcidm-ckpt gcidm_official_reacher_h100_s42.pt --gdm-ckpt gdm_reacher_s10_s1.pt --gdm-steps 4 --accept-tau 0.106 --sg-steps 10 --cstar-route --source local --local-dir encoder_reacher --h5 "$REACHER_H5" --device cuda --num-eval 128 --seed 42 --cem-seed 42 --episodes-file episodes/reacher_c2222.ep100.s2222.json --goal-offset 50 --eval-budget 100
409	reacher	gcrouter_off_s42_ds1_tauown	50	43	logs/rbD_reacher_gcrouter_off_s42_ds1_tauown_t50_seed43.log	python -m surveyor.envs.reacher.eval --subgoal gcidm+surveyor --gcidm-ckpt gcidm_official_reacher_h100_s42.pt --gdm-ckpt gdm_reacher_s10_s1.pt --gdm-steps 4 --accept-tau 0.106 --sg-steps 10 --cstar-route --source local --local-dir encoder_reacher --h5 "$REACHER_H5" --device cuda --num-eval 128 --seed 43 --cem-seed 43 --episodes-file episodes/reacher_c2222.ep100.s2222.json --goal-offset 50 --eval-budget 100
410	reacher	gcrouter_off_s42_ds1_tauown	50	44	logs/rbD_reacher_gcrouter_off_s42_ds1_tauown_t50_seed44.log	python -m surveyor.envs.reacher.eval --subgoal gcidm+surveyor --gcidm-ckpt gcidm_official_reacher_h100_s42.pt --gdm-ckpt gdm_reacher_s10_s1.pt --gdm-steps 4 --accept-tau 0.106 --sg-steps 10 --cstar-route --source local --local-dir encoder_reacher --h5 "$REACHER_H5" --device cuda --num-eval 128 --seed 44 --cem-seed 44 --episodes-file episodes/reacher_c2222.ep100.s2222.json --goal-offset 50 --eval-budget 100
411	reacher	gcrouter_off_s42_ds1_tauown	50	45	logs/rbD_reacher_gcrouter_off_s42_ds1_tauown_t50_seed45.log	python -m surveyor.envs.reacher.eval --subgoal gcidm+surveyor --gcidm-ckpt gcidm_official_reacher_h100_s42.pt --gdm-ckpt gdm_reacher_s10_s1.pt --gdm-steps 4 --accept-tau 0.106 --sg-steps 10 --cstar-route --source local --local-dir encoder_reacher --h5 "$REACHER_H5" --device cuda --num-eval 128 --seed 45 --cem-seed 45 --episodes-file episodes/reacher_c2222.ep100.s2222.json --goal-offset 50 --eval-budget 100
412	reacher	gcrouter_off_s42_ds1_tauown	50	46	logs/rbD_reacher_gcrouter_off_s42_ds1_tauown_t50_seed46.log	python -m surveyor.envs.reacher.eval --subgoal gcidm+surveyor --gcidm-ckpt gcidm_official_reacher_h100_s42.pt --gdm-ckpt gdm_reacher_s10_s1.pt --gdm-steps 4 --accept-tau 0.106 --sg-steps 10 --cstar-route --source local --local-dir encoder_reacher --h5 "$REACHER_H5" --device cuda --num-eval 128 --seed 46 --cem-seed 46 --episodes-file episodes/reacher_c2222.ep100.s2222.json --goal-offset 50 --eval-budget 100
413	reacher	gcrouter_off_s42_ds1_tauown	50	47	logs/rbD_reacher_gcrouter_off_s42_ds1_tauown_t50_seed47.log	python -m surveyor.envs.reacher.eval --subgoal gcidm+surveyor --gcidm-ckpt gcidm_official_reacher_h100_s42.pt --gdm-ckpt gdm_reacher_s10_s1.pt --gdm-steps 4 --accept-tau 0.106 --sg-steps 10 --cstar-route --source local --local-dir encoder_reacher --h5 "$REACHER_H5" --device cuda --num-eval 128 --seed 47 --cem-seed 47 --episodes-file episodes/reacher_c2222.ep100.s2222.json --goal-offset 50 --eval-budget 100
414	reacher	gcrouter_off_s42_ds1_tauown	50	48	logs/rbD_reacher_gcrouter_off_s42_ds1_tauown_t50_seed48.log	python -m surveyor.envs.reacher.eval --subgoal gcidm+surveyor --gcidm-ckpt gcidm_official_reacher_h100_s42.pt --gdm-ckpt gdm_reacher_s10_s1.pt --gdm-steps 4 --accept-tau 0.106 --sg-steps 10 --cstar-route --source local --local-dir encoder_reacher --h5 "$REACHER_H5" --device cuda --num-eval 128 --seed 48 --cem-seed 48 --episodes-file episodes/reacher_c2222.ep100.s2222.json --goal-offset 50 --eval-budget 100
415	reacher	gcrouter_off_s42_ds1_tauown	50	49	logs/rbD_reacher_gcrouter_off_s42_ds1_tauown_t50_seed49.log	python -m surveyor.envs.reacher.eval --subgoal gcidm+surveyor --gcidm-ckpt gcidm_official_reacher_h100_s42.pt --gdm-ckpt gdm_reacher_s10_s1.pt --gdm-steps 4 --accept-tau 0.106 --sg-steps 10 --cstar-route --source local --local-dir encoder_reacher --h5 "$REACHER_H5" --device cuda --num-eval 128 --seed 49 --cem-seed 49 --episodes-file episodes/reacher_c2222.ep100.s2222.json --goal-offset 50 --eval-budget 100
416	reacher	gcrouter_off_s42_ds1_tauown	100	42	logs/rbD_reacher_gcrouter_off_s42_ds1_tauown_t100_seed42.log	python -m surveyor.envs.reacher.eval --subgoal gcidm+surveyor --gcidm-ckpt gcidm_official_reacher_h200_s42.pt --gdm-ckpt gdm_reacher_s10_s1.pt --gdm-steps 4 --accept-tau 0.106 --sg-steps 10 --cstar-route --source local --local-dir encoder_reacher --h5 "$REACHER_H5" --device cuda --num-eval 128 --seed 42 --cem-seed 42 --episodes-file episodes/reacher_c2222.ep100.s2222.json --goal-offset 100 --eval-budget 200
417	reacher	gcrouter_off_s42_ds1_tauown	100	43	logs/rbD_reacher_gcrouter_off_s42_ds1_tauown_t100_seed43.log	python -m surveyor.envs.reacher.eval --subgoal gcidm+surveyor --gcidm-ckpt gcidm_official_reacher_h200_s42.pt --gdm-ckpt gdm_reacher_s10_s1.pt --gdm-steps 4 --accept-tau 0.106 --sg-steps 10 --cstar-route --source local --local-dir encoder_reacher --h5 "$REACHER_H5" --device cuda --num-eval 128 --seed 43 --cem-seed 43 --episodes-file episodes/reacher_c2222.ep100.s2222.json --goal-offset 100 --eval-budget 200
418	reacher	gcrouter_off_s42_ds1_tauown	100	44	logs/rbD_reacher_gcrouter_off_s42_ds1_tauown_t100_seed44.log	python -m surveyor.envs.reacher.eval --subgoal gcidm+surveyor --gcidm-ckpt gcidm_official_reacher_h200_s42.pt --gdm-ckpt gdm_reacher_s10_s1.pt --gdm-steps 4 --accept-tau 0.106 --sg-steps 10 --cstar-route --source local --local-dir encoder_reacher --h5 "$REACHER_H5" --device cuda --num-eval 128 --seed 44 --cem-seed 44 --episodes-file episodes/reacher_c2222.ep100.s2222.json --goal-offset 100 --eval-budget 200
419	reacher	gcrouter_off_s42_ds1_tauown	100	45	logs/rbD_reacher_gcrouter_off_s42_ds1_tauown_t100_seed45.log	python -m surveyor.envs.reacher.eval --subgoal gcidm+surveyor --gcidm-ckpt gcidm_official_reacher_h200_s42.pt --gdm-ckpt gdm_reacher_s10_s1.pt --gdm-steps 4 --accept-tau 0.106 --sg-steps 10 --cstar-route --source local --local-dir encoder_reacher --h5 "$REACHER_H5" --device cuda --num-eval 128 --seed 45 --cem-seed 45 --episodes-file episodes/reacher_c2222.ep100.s2222.json --goal-offset 100 --eval-budget 200
420	reacher	gcrouter_off_s42_ds1_tauown	100	46	logs/rbD_reacher_gcrouter_off_s42_ds1_tauown_t100_seed46.log	python -m surveyor.envs.reacher.eval --subgoal gcidm+surveyor --gcidm-ckpt gcidm_official_reacher_h200_s42.pt --gdm-ckpt gdm_reacher_s10_s1.pt --gdm-steps 4 --accept-tau 0.106 --sg-steps 10 --cstar-route --source local --local-dir encoder_reacher --h5 "$REACHER_H5" --device cuda --num-eval 128 --seed 46 --cem-seed 46 --episodes-file episodes/reacher_c2222.ep100.s2222.json --goal-offset 100 --eval-budget 200
421	reacher	gcrouter_off_s42_ds1_tauown	100	47	logs/rbD_reacher_gcrouter_off_s42_ds1_tauown_t100_seed47.log	python -m surveyor.envs.reacher.eval --subgoal gcidm+surveyor --gcidm-ckpt gcidm_official_reacher_h200_s42.pt --gdm-ckpt gdm_reacher_s10_s1.pt --gdm-steps 4 --accept-tau 0.106 --sg-steps 10 --cstar-route --source local --local-dir encoder_reacher --h5 "$REACHER_H5" --device cuda --num-eval 128 --seed 47 --cem-seed 47 --episodes-file episodes/reacher_c2222.ep100.s2222.json --goal-offset 100 --eval-budget 200
422	reacher	gcrouter_off_s42_ds1_tauown	100	48	logs/rbD_reacher_gcrouter_off_s42_ds1_tauown_t100_seed48.log	python -m surveyor.envs.reacher.eval --subgoal gcidm+surveyor --gcidm-ckpt gcidm_official_reacher_h200_s42.pt --gdm-ckpt gdm_reacher_s10_s1.pt --gdm-steps 4 --accept-tau 0.106 --sg-steps 10 --cstar-route --source local --local-dir encoder_reacher --h5 "$REACHER_H5" --device cuda --num-eval 128 --seed 48 --cem-seed 48 --episodes-file episodes/reacher_c2222.ep100.s2222.json --goal-offset 100 --eval-budget 200
423	reacher	gcrouter_off_s42_ds1_tauown	100	49	logs/rbD_reacher_gcrouter_off_s42_ds1_tauown_t100_seed49.log	python -m surveyor.envs.reacher.eval --subgoal gcidm+surveyor --gcidm-ckpt gcidm_official_reacher_h200_s42.pt --gdm-ckpt gdm_reacher_s10_s1.pt --gdm-steps 4 --accept-tau 0.106 --sg-steps 10 --cstar-route --source local --local-dir encoder_reacher --h5 "$REACHER_H5" --device cuda --num-eval 128 --seed 49 --cem-seed 49 --episodes-file episodes/reacher_c2222.ep100.s2222.json --goal-offset 100 --eval-budget 200
424	reacher	gcrouter_off_s42_ds1_tauown	150	42	logs/rbD_reacher_gcrouter_off_s42_ds1_tauown_t150_seed42.log	python -m surveyor.envs.reacher.eval --subgoal gcidm+surveyor --gcidm-ckpt gcidm_official_reacher_h300_s42.pt --gdm-ckpt gdm_reacher_s10_s1.pt --gdm-steps 4 --accept-tau 0.106 --sg-steps 10 --cstar-route --source local --local-dir encoder_reacher --h5 "$REACHER_H5" --device cuda --num-eval 128 --seed 42 --cem-seed 42 --episodes-file episodes/reacher_c2222.ep150.s2222.json --goal-offset 150 --eval-budget 300
425	reacher	gcrouter_off_s42_ds1_tauown	150	43	logs/rbD_reacher_gcrouter_off_s42_ds1_tauown_t150_seed43.log	python -m surveyor.envs.reacher.eval --subgoal gcidm+surveyor --gcidm-ckpt gcidm_official_reacher_h300_s42.pt --gdm-ckpt gdm_reacher_s10_s1.pt --gdm-steps 4 --accept-tau 0.106 --sg-steps 10 --cstar-route --source local --local-dir encoder_reacher --h5 "$REACHER_H5" --device cuda --num-eval 128 --seed 43 --cem-seed 43 --episodes-file episodes/reacher_c2222.ep150.s2222.json --goal-offset 150 --eval-budget 300
426	reacher	gcrouter_off_s42_ds1_tauown	150	44	logs/rbD_reacher_gcrouter_off_s42_ds1_tauown_t150_seed44.log	python -m surveyor.envs.reacher.eval --subgoal gcidm+surveyor --gcidm-ckpt gcidm_official_reacher_h300_s42.pt --gdm-ckpt gdm_reacher_s10_s1.pt --gdm-steps 4 --accept-tau 0.106 --sg-steps 10 --cstar-route --source local --local-dir encoder_reacher --h5 "$REACHER_H5" --device cuda --num-eval 128 --seed 44 --cem-seed 44 --episodes-file episodes/reacher_c2222.ep150.s2222.json --goal-offset 150 --eval-budget 300
427	reacher	gcrouter_off_s42_ds1_tauown	150	45	logs/rbD_reacher_gcrouter_off_s42_ds1_tauown_t150_seed45.log	python -m surveyor.envs.reacher.eval --subgoal gcidm+surveyor --gcidm-ckpt gcidm_official_reacher_h300_s42.pt --gdm-ckpt gdm_reacher_s10_s1.pt --gdm-steps 4 --accept-tau 0.106 --sg-steps 10 --cstar-route --source local --local-dir encoder_reacher --h5 "$REACHER_H5" --device cuda --num-eval 128 --seed 45 --cem-seed 45 --episodes-file episodes/reacher_c2222.ep150.s2222.json --goal-offset 150 --eval-budget 300
428	reacher	gcrouter_off_s42_ds1_tauown	150	46	logs/rbD_reacher_gcrouter_off_s42_ds1_tauown_t150_seed46.log	python -m surveyor.envs.reacher.eval --subgoal gcidm+surveyor --gcidm-ckpt gcidm_official_reacher_h300_s42.pt --gdm-ckpt gdm_reacher_s10_s1.pt --gdm-steps 4 --accept-tau 0.106 --sg-steps 10 --cstar-route --source local --local-dir encoder_reacher --h5 "$REACHER_H5" --device cuda --num-eval 128 --seed 46 --cem-seed 46 --episodes-file episodes/reacher_c2222.ep150.s2222.json --goal-offset 150 --eval-budget 300
429	reacher	gcrouter_off_s42_ds1_tauown	150	47	logs/rbD_reacher_gcrouter_off_s42_ds1_tauown_t150_seed47.log	python -m surveyor.envs.reacher.eval --subgoal gcidm+surveyor --gcidm-ckpt gcidm_official_reacher_h300_s42.pt --gdm-ckpt gdm_reacher_s10_s1.pt --gdm-steps 4 --accept-tau 0.106 --sg-steps 10 --cstar-route --source local --local-dir encoder_reacher --h5 "$REACHER_H5" --device cuda --num-eval 128 --seed 47 --cem-seed 47 --episodes-file episodes/reacher_c2222.ep150.s2222.json --goal-offset 150 --eval-budget 300
430	reacher	gcrouter_off_s42_ds1_tauown	150	48	logs/rbD_reacher_gcrouter_off_s42_ds1_tauown_t150_seed48.log	python -m surveyor.envs.reacher.eval --subgoal gcidm+surveyor --gcidm-ckpt gcidm_official_reacher_h300_s42.pt --gdm-ckpt gdm_reacher_s10_s1.pt --gdm-steps 4 --accept-tau 0.106 --sg-steps 10 --cstar-route --source local --local-dir encoder_reacher --h5 "$REACHER_H5" --device cuda --num-eval 128 --seed 48 --cem-seed 48 --episodes-file episodes/reacher_c2222.ep150.s2222.json --goal-offset 150 --eval-budget 300
431	reacher	gcrouter_off_s42_ds1_tauown	150	49	logs/rbD_reacher_gcrouter_off_s42_ds1_tauown_t150_seed49.log	python -m surveyor.envs.reacher.eval --subgoal gcidm+surveyor --gcidm-ckpt gcidm_official_reacher_h300_s42.pt --gdm-ckpt gdm_reacher_s10_s1.pt --gdm-steps 4 --accept-tau 0.106 --sg-steps 10 --cstar-route --source local --local-dir encoder_reacher --h5 "$REACHER_H5" --device cuda --num-eval 128 --seed 49 --cem-seed 49 --episodes-file episodes/reacher_c2222.ep150.s2222.json --goal-offset 150 --eval-budget 300
432	reacher	gcrouter_off_s42_ds2_tauown	25	42	logs/rbD_reacher_gcrouter_off_s42_ds2_tauown_t25_seed42.log	python -m surveyor.envs.reacher.eval --subgoal gcidm+surveyor --gcidm-ckpt gcidm_official_reacher_h50_s42.pt --gdm-ckpt gdm_reacher_s10_s2.pt --gdm-steps 4 --accept-tau 0.106 --sg-steps 10 --cstar-route --source local --local-dir encoder_reacher --h5 "$REACHER_H5" --device cuda --num-eval 128 --seed 42 --cem-seed 42 --episodes-file episodes/reacher_c2222.ep100.s2222.json --goal-offset 25 --eval-budget 50
433	reacher	gcrouter_off_s42_ds2_tauown	25	43	logs/rbD_reacher_gcrouter_off_s42_ds2_tauown_t25_seed43.log	python -m surveyor.envs.reacher.eval --subgoal gcidm+surveyor --gcidm-ckpt gcidm_official_reacher_h50_s42.pt --gdm-ckpt gdm_reacher_s10_s2.pt --gdm-steps 4 --accept-tau 0.106 --sg-steps 10 --cstar-route --source local --local-dir encoder_reacher --h5 "$REACHER_H5" --device cuda --num-eval 128 --seed 43 --cem-seed 43 --episodes-file episodes/reacher_c2222.ep100.s2222.json --goal-offset 25 --eval-budget 50
434	reacher	gcrouter_off_s42_ds2_tauown	25	44	logs/rbD_reacher_gcrouter_off_s42_ds2_tauown_t25_seed44.log	python -m surveyor.envs.reacher.eval --subgoal gcidm+surveyor --gcidm-ckpt gcidm_official_reacher_h50_s42.pt --gdm-ckpt gdm_reacher_s10_s2.pt --gdm-steps 4 --accept-tau 0.106 --sg-steps 10 --cstar-route --source local --local-dir encoder_reacher --h5 "$REACHER_H5" --device cuda --num-eval 128 --seed 44 --cem-seed 44 --episodes-file episodes/reacher_c2222.ep100.s2222.json --goal-offset 25 --eval-budget 50
435	reacher	gcrouter_off_s42_ds2_tauown	25	45	logs/rbD_reacher_gcrouter_off_s42_ds2_tauown_t25_seed45.log	python -m surveyor.envs.reacher.eval --subgoal gcidm+surveyor --gcidm-ckpt gcidm_official_reacher_h50_s42.pt --gdm-ckpt gdm_reacher_s10_s2.pt --gdm-steps 4 --accept-tau 0.106 --sg-steps 10 --cstar-route --source local --local-dir encoder_reacher --h5 "$REACHER_H5" --device cuda --num-eval 128 --seed 45 --cem-seed 45 --episodes-file episodes/reacher_c2222.ep100.s2222.json --goal-offset 25 --eval-budget 50
436	reacher	gcrouter_off_s42_ds2_tauown	25	46	logs/rbD_reacher_gcrouter_off_s42_ds2_tauown_t25_seed46.log	python -m surveyor.envs.reacher.eval --subgoal gcidm+surveyor --gcidm-ckpt gcidm_official_reacher_h50_s42.pt --gdm-ckpt gdm_reacher_s10_s2.pt --gdm-steps 4 --accept-tau 0.106 --sg-steps 10 --cstar-route --source local --local-dir encoder_reacher --h5 "$REACHER_H5" --device cuda --num-eval 128 --seed 46 --cem-seed 46 --episodes-file episodes/reacher_c2222.ep100.s2222.json --goal-offset 25 --eval-budget 50
437	reacher	gcrouter_off_s42_ds2_tauown	25	47	logs/rbD_reacher_gcrouter_off_s42_ds2_tauown_t25_seed47.log	python -m surveyor.envs.reacher.eval --subgoal gcidm+surveyor --gcidm-ckpt gcidm_official_reacher_h50_s42.pt --gdm-ckpt gdm_reacher_s10_s2.pt --gdm-steps 4 --accept-tau 0.106 --sg-steps 10 --cstar-route --source local --local-dir encoder_reacher --h5 "$REACHER_H5" --device cuda --num-eval 128 --seed 47 --cem-seed 47 --episodes-file episodes/reacher_c2222.ep100.s2222.json --goal-offset 25 --eval-budget 50
438	reacher	gcrouter_off_s42_ds2_tauown	25	48	logs/rbD_reacher_gcrouter_off_s42_ds2_tauown_t25_seed48.log	python -m surveyor.envs.reacher.eval --subgoal gcidm+surveyor --gcidm-ckpt gcidm_official_reacher_h50_s42.pt --gdm-ckpt gdm_reacher_s10_s2.pt --gdm-steps 4 --accept-tau 0.106 --sg-steps 10 --cstar-route --source local --local-dir encoder_reacher --h5 "$REACHER_H5" --device cuda --num-eval 128 --seed 48 --cem-seed 48 --episodes-file episodes/reacher_c2222.ep100.s2222.json --goal-offset 25 --eval-budget 50
439	reacher	gcrouter_off_s42_ds2_tauown	25	49	logs/rbD_reacher_gcrouter_off_s42_ds2_tauown_t25_seed49.log	python -m surveyor.envs.reacher.eval --subgoal gcidm+surveyor --gcidm-ckpt gcidm_official_reacher_h50_s42.pt --gdm-ckpt gdm_reacher_s10_s2.pt --gdm-steps 4 --accept-tau 0.106 --sg-steps 10 --cstar-route --source local --local-dir encoder_reacher --h5 "$REACHER_H5" --device cuda --num-eval 128 --seed 49 --cem-seed 49 --episodes-file episodes/reacher_c2222.ep100.s2222.json --goal-offset 25 --eval-budget 50
440	reacher	gcrouter_off_s42_ds2_tauown	50	42	logs/rbD_reacher_gcrouter_off_s42_ds2_tauown_t50_seed42.log	python -m surveyor.envs.reacher.eval --subgoal gcidm+surveyor --gcidm-ckpt gcidm_official_reacher_h100_s42.pt --gdm-ckpt gdm_reacher_s10_s2.pt --gdm-steps 4 --accept-tau 0.106 --sg-steps 10 --cstar-route --source local --local-dir encoder_reacher --h5 "$REACHER_H5" --device cuda --num-eval 128 --seed 42 --cem-seed 42 --episodes-file episodes/reacher_c2222.ep100.s2222.json --goal-offset 50 --eval-budget 100
441	reacher	gcrouter_off_s42_ds2_tauown	50	43	logs/rbD_reacher_gcrouter_off_s42_ds2_tauown_t50_seed43.log	python -m surveyor.envs.reacher.eval --subgoal gcidm+surveyor --gcidm-ckpt gcidm_official_reacher_h100_s42.pt --gdm-ckpt gdm_reacher_s10_s2.pt --gdm-steps 4 --accept-tau 0.106 --sg-steps 10 --cstar-route --source local --local-dir encoder_reacher --h5 "$REACHER_H5" --device cuda --num-eval 128 --seed 43 --cem-seed 43 --episodes-file episodes/reacher_c2222.ep100.s2222.json --goal-offset 50 --eval-budget 100
442	reacher	gcrouter_off_s42_ds2_tauown	50	44	logs/rbD_reacher_gcrouter_off_s42_ds2_tauown_t50_seed44.log	python -m surveyor.envs.reacher.eval --subgoal gcidm+surveyor --gcidm-ckpt gcidm_official_reacher_h100_s42.pt --gdm-ckpt gdm_reacher_s10_s2.pt --gdm-steps 4 --accept-tau 0.106 --sg-steps 10 --cstar-route --source local --local-dir encoder_reacher --h5 "$REACHER_H5" --device cuda --num-eval 128 --seed 44 --cem-seed 44 --episodes-file episodes/reacher_c2222.ep100.s2222.json --goal-offset 50 --eval-budget 100
443	reacher	gcrouter_off_s42_ds2_tauown	50	45	logs/rbD_reacher_gcrouter_off_s42_ds2_tauown_t50_seed45.log	python -m surveyor.envs.reacher.eval --subgoal gcidm+surveyor --gcidm-ckpt gcidm_official_reacher_h100_s42.pt --gdm-ckpt gdm_reacher_s10_s2.pt --gdm-steps 4 --accept-tau 0.106 --sg-steps 10 --cstar-route --source local --local-dir encoder_reacher --h5 "$REACHER_H5" --device cuda --num-eval 128 --seed 45 --cem-seed 45 --episodes-file episodes/reacher_c2222.ep100.s2222.json --goal-offset 50 --eval-budget 100
444	reacher	gcrouter_off_s42_ds2_tauown	50	46	logs/rbD_reacher_gcrouter_off_s42_ds2_tauown_t50_seed46.log	python -m surveyor.envs.reacher.eval --subgoal gcidm+surveyor --gcidm-ckpt gcidm_official_reacher_h100_s42.pt --gdm-ckpt gdm_reacher_s10_s2.pt --gdm-steps 4 --accept-tau 0.106 --sg-steps 10 --cstar-route --source local --local-dir encoder_reacher --h5 "$REACHER_H5" --device cuda --num-eval 128 --seed 46 --cem-seed 46 --episodes-file episodes/reacher_c2222.ep100.s2222.json --goal-offset 50 --eval-budget 100
445	reacher	gcrouter_off_s42_ds2_tauown	50	47	logs/rbD_reacher_gcrouter_off_s42_ds2_tauown_t50_seed47.log	python -m surveyor.envs.reacher.eval --subgoal gcidm+surveyor --gcidm-ckpt gcidm_official_reacher_h100_s42.pt --gdm-ckpt gdm_reacher_s10_s2.pt --gdm-steps 4 --accept-tau 0.106 --sg-steps 10 --cstar-route --source local --local-dir encoder_reacher --h5 "$REACHER_H5" --device cuda --num-eval 128 --seed 47 --cem-seed 47 --episodes-file episodes/reacher_c2222.ep100.s2222.json --goal-offset 50 --eval-budget 100
446	reacher	gcrouter_off_s42_ds2_tauown	50	48	logs/rbD_reacher_gcrouter_off_s42_ds2_tauown_t50_seed48.log	python -m surveyor.envs.reacher.eval --subgoal gcidm+surveyor --gcidm-ckpt gcidm_official_reacher_h100_s42.pt --gdm-ckpt gdm_reacher_s10_s2.pt --gdm-steps 4 --accept-tau 0.106 --sg-steps 10 --cstar-route --source local --local-dir encoder_reacher --h5 "$REACHER_H5" --device cuda --num-eval 128 --seed 48 --cem-seed 48 --episodes-file episodes/reacher_c2222.ep100.s2222.json --goal-offset 50 --eval-budget 100
447	reacher	gcrouter_off_s42_ds2_tauown	50	49	logs/rbD_reacher_gcrouter_off_s42_ds2_tauown_t50_seed49.log	python -m surveyor.envs.reacher.eval --subgoal gcidm+surveyor --gcidm-ckpt gcidm_official_reacher_h100_s42.pt --gdm-ckpt gdm_reacher_s10_s2.pt --gdm-steps 4 --accept-tau 0.106 --sg-steps 10 --cstar-route --source local --local-dir encoder_reacher --h5 "$REACHER_H5" --device cuda --num-eval 128 --seed 49 --cem-seed 49 --episodes-file episodes/reacher_c2222.ep100.s2222.json --goal-offset 50 --eval-budget 100
448	reacher	gcrouter_off_s42_ds2_tauown	100	42	logs/rbD_reacher_gcrouter_off_s42_ds2_tauown_t100_seed42.log	python -m surveyor.envs.reacher.eval --subgoal gcidm+surveyor --gcidm-ckpt gcidm_official_reacher_h200_s42.pt --gdm-ckpt gdm_reacher_s10_s2.pt --gdm-steps 4 --accept-tau 0.106 --sg-steps 10 --cstar-route --source local --local-dir encoder_reacher --h5 "$REACHER_H5" --device cuda --num-eval 128 --seed 42 --cem-seed 42 --episodes-file episodes/reacher_c2222.ep100.s2222.json --goal-offset 100 --eval-budget 200
449	reacher	gcrouter_off_s42_ds2_tauown	100	43	logs/rbD_reacher_gcrouter_off_s42_ds2_tauown_t100_seed43.log	python -m surveyor.envs.reacher.eval --subgoal gcidm+surveyor --gcidm-ckpt gcidm_official_reacher_h200_s42.pt --gdm-ckpt gdm_reacher_s10_s2.pt --gdm-steps 4 --accept-tau 0.106 --sg-steps 10 --cstar-route --source local --local-dir encoder_reacher --h5 "$REACHER_H5" --device cuda --num-eval 128 --seed 43 --cem-seed 43 --episodes-file episodes/reacher_c2222.ep100.s2222.json --goal-offset 100 --eval-budget 200
450	reacher	gcrouter_off_s42_ds2_tauown	100	44	logs/rbD_reacher_gcrouter_off_s42_ds2_tauown_t100_seed44.log	python -m surveyor.envs.reacher.eval --subgoal gcidm+surveyor --gcidm-ckpt gcidm_official_reacher_h200_s42.pt --gdm-ckpt gdm_reacher_s10_s2.pt --gdm-steps 4 --accept-tau 0.106 --sg-steps 10 --cstar-route --source local --local-dir encoder_reacher --h5 "$REACHER_H5" --device cuda --num-eval 128 --seed 44 --cem-seed 44 --episodes-file episodes/reacher_c2222.ep100.s2222.json --goal-offset 100 --eval-budget 200
451	reacher	gcrouter_off_s42_ds2_tauown	100	45	logs/rbD_reacher_gcrouter_off_s42_ds2_tauown_t100_seed45.log	python -m surveyor.envs.reacher.eval --subgoal gcidm+surveyor --gcidm-ckpt gcidm_official_reacher_h200_s42.pt --gdm-ckpt gdm_reacher_s10_s2.pt --gdm-steps 4 --accept-tau 0.106 --sg-steps 10 --cstar-route --source local --local-dir encoder_reacher --h5 "$REACHER_H5" --device cuda --num-eval 128 --seed 45 --cem-seed 45 --episodes-file episodes/reacher_c2222.ep100.s2222.json --goal-offset 100 --eval-budget 200
452	reacher	gcrouter_off_s42_ds2_tauown	100	46	logs/rbD_reacher_gcrouter_off_s42_ds2_tauown_t100_seed46.log	python -m surveyor.envs.reacher.eval --subgoal gcidm+surveyor --gcidm-ckpt gcidm_official_reacher_h200_s42.pt --gdm-ckpt gdm_reacher_s10_s2.pt --gdm-steps 4 --accept-tau 0.106 --sg-steps 10 --cstar-route --source local --local-dir encoder_reacher --h5 "$REACHER_H5" --device cuda --num-eval 128 --seed 46 --cem-seed 46 --episodes-file episodes/reacher_c2222.ep100.s2222.json --goal-offset 100 --eval-budget 200
453	reacher	gcrouter_off_s42_ds2_tauown	100	47	logs/rbD_reacher_gcrouter_off_s42_ds2_tauown_t100_seed47.log	python -m surveyor.envs.reacher.eval --subgoal gcidm+surveyor --gcidm-ckpt gcidm_official_reacher_h200_s42.pt --gdm-ckpt gdm_reacher_s10_s2.pt --gdm-steps 4 --accept-tau 0.106 --sg-steps 10 --cstar-route --source local --local-dir encoder_reacher --h5 "$REACHER_H5" --device cuda --num-eval 128 --seed 47 --cem-seed 47 --episodes-file episodes/reacher_c2222.ep100.s2222.json --goal-offset 100 --eval-budget 200
454	reacher	gcrouter_off_s42_ds2_tauown	100	48	logs/rbD_reacher_gcrouter_off_s42_ds2_tauown_t100_seed48.log	python -m surveyor.envs.reacher.eval --subgoal gcidm+surveyor --gcidm-ckpt gcidm_official_reacher_h200_s42.pt --gdm-ckpt gdm_reacher_s10_s2.pt --gdm-steps 4 --accept-tau 0.106 --sg-steps 10 --cstar-route --source local --local-dir encoder_reacher --h5 "$REACHER_H5" --device cuda --num-eval 128 --seed 48 --cem-seed 48 --episodes-file episodes/reacher_c2222.ep100.s2222.json --goal-offset 100 --eval-budget 200
455	reacher	gcrouter_off_s42_ds2_tauown	100	49	logs/rbD_reacher_gcrouter_off_s42_ds2_tauown_t100_seed49.log	python -m surveyor.envs.reacher.eval --subgoal gcidm+surveyor --gcidm-ckpt gcidm_official_reacher_h200_s42.pt --gdm-ckpt gdm_reacher_s10_s2.pt --gdm-steps 4 --accept-tau 0.106 --sg-steps 10 --cstar-route --source local --local-dir encoder_reacher --h5 "$REACHER_H5" --device cuda --num-eval 128 --seed 49 --cem-seed 49 --episodes-file episodes/reacher_c2222.ep100.s2222.json --goal-offset 100 --eval-budget 200
456	reacher	gcrouter_off_s42_ds2_tauown	150	42	logs/rbD_reacher_gcrouter_off_s42_ds2_tauown_t150_seed42.log	python -m surveyor.envs.reacher.eval --subgoal gcidm+surveyor --gcidm-ckpt gcidm_official_reacher_h300_s42.pt --gdm-ckpt gdm_reacher_s10_s2.pt --gdm-steps 4 --accept-tau 0.106 --sg-steps 10 --cstar-route --source local --local-dir encoder_reacher --h5 "$REACHER_H5" --device cuda --num-eval 128 --seed 42 --cem-seed 42 --episodes-file episodes/reacher_c2222.ep150.s2222.json --goal-offset 150 --eval-budget 300
457	reacher	gcrouter_off_s42_ds2_tauown	150	43	logs/rbD_reacher_gcrouter_off_s42_ds2_tauown_t150_seed43.log	python -m surveyor.envs.reacher.eval --subgoal gcidm+surveyor --gcidm-ckpt gcidm_official_reacher_h300_s42.pt --gdm-ckpt gdm_reacher_s10_s2.pt --gdm-steps 4 --accept-tau 0.106 --sg-steps 10 --cstar-route --source local --local-dir encoder_reacher --h5 "$REACHER_H5" --device cuda --num-eval 128 --seed 43 --cem-seed 43 --episodes-file episodes/reacher_c2222.ep150.s2222.json --goal-offset 150 --eval-budget 300
458	reacher	gcrouter_off_s42_ds2_tauown	150	44	logs/rbD_reacher_gcrouter_off_s42_ds2_tauown_t150_seed44.log	python -m surveyor.envs.reacher.eval --subgoal gcidm+surveyor --gcidm-ckpt gcidm_official_reacher_h300_s42.pt --gdm-ckpt gdm_reacher_s10_s2.pt --gdm-steps 4 --accept-tau 0.106 --sg-steps 10 --cstar-route --source local --local-dir encoder_reacher --h5 "$REACHER_H5" --device cuda --num-eval 128 --seed 44 --cem-seed 44 --episodes-file episodes/reacher_c2222.ep150.s2222.json --goal-offset 150 --eval-budget 300
459	reacher	gcrouter_off_s42_ds2_tauown	150	45	logs/rbD_reacher_gcrouter_off_s42_ds2_tauown_t150_seed45.log	python -m surveyor.envs.reacher.eval --subgoal gcidm+surveyor --gcidm-ckpt gcidm_official_reacher_h300_s42.pt --gdm-ckpt gdm_reacher_s10_s2.pt --gdm-steps 4 --accept-tau 0.106 --sg-steps 10 --cstar-route --source local --local-dir encoder_reacher --h5 "$REACHER_H5" --device cuda --num-eval 128 --seed 45 --cem-seed 45 --episodes-file episodes/reacher_c2222.ep150.s2222.json --goal-offset 150 --eval-budget 300
460	reacher	gcrouter_off_s42_ds2_tauown	150	46	logs/rbD_reacher_gcrouter_off_s42_ds2_tauown_t150_seed46.log	python -m surveyor.envs.reacher.eval --subgoal gcidm+surveyor --gcidm-ckpt gcidm_official_reacher_h300_s42.pt --gdm-ckpt gdm_reacher_s10_s2.pt --gdm-steps 4 --accept-tau 0.106 --sg-steps 10 --cstar-route --source local --local-dir encoder_reacher --h5 "$REACHER_H5" --device cuda --num-eval 128 --seed 46 --cem-seed 46 --episodes-file episodes/reacher_c2222.ep150.s2222.json --goal-offset 150 --eval-budget 300
461	reacher	gcrouter_off_s42_ds2_tauown	150	47	logs/rbD_reacher_gcrouter_off_s42_ds2_tauown_t150_seed47.log	python -m surveyor.envs.reacher.eval --subgoal gcidm+surveyor --gcidm-ckpt gcidm_official_reacher_h300_s42.pt --gdm-ckpt gdm_reacher_s10_s2.pt --gdm-steps 4 --accept-tau 0.106 --sg-steps 10 --cstar-route --source local --local-dir encoder_reacher --h5 "$REACHER_H5" --device cuda --num-eval 128 --seed 47 --cem-seed 47 --episodes-file episodes/reacher_c2222.ep150.s2222.json --goal-offset 150 --eval-budget 300
462	reacher	gcrouter_off_s42_ds2_tauown	150	48	logs/rbD_reacher_gcrouter_off_s42_ds2_tauown_t150_seed48.log	python -m surveyor.envs.reacher.eval --subgoal gcidm+surveyor --gcidm-ckpt gcidm_official_reacher_h300_s42.pt --gdm-ckpt gdm_reacher_s10_s2.pt --gdm-steps 4 --accept-tau 0.106 --sg-steps 10 --cstar-route --source local --local-dir encoder_reacher --h5 "$REACHER_H5" --device cuda --num-eval 128 --seed 48 --cem-seed 48 --episodes-file episodes/reacher_c2222.ep150.s2222.json --goal-offset 150 --eval-budget 300
463	reacher	gcrouter_off_s42_ds2_tauown	150	49	logs/rbD_reacher_gcrouter_off_s42_ds2_tauown_t150_seed49.log	python -m surveyor.envs.reacher.eval --subgoal gcidm+surveyor --gcidm-ckpt gcidm_official_reacher_h300_s42.pt --gdm-ckpt gdm_reacher_s10_s2.pt --gdm-steps 4 --accept-tau 0.106 --sg-steps 10 --cstar-route --source local --local-dir encoder_reacher --h5 "$REACHER_H5" --device cuda --num-eval 128 --seed 49 --cem-seed 49 --episodes-file episodes/reacher_c2222.ep150.s2222.json --goal-offset 150 --eval-budget 300
464	reacher	gd_router_ds1_tauown	25	42	logs/rbD_reacher_gd_router_ds1_tauown_t25_seed42.log	python -m surveyor.envs.reacher.eval --solver gd --subgoal router+surveyor --gdm-ckpt gdm_reacher_s10_s1.pt --gdm-steps 8 --accept-tau 0.106 --horizon 2 --receding-horizon 2 --source local --local-dir encoder_reacher --h5 "$REACHER_H5" --device cuda --num-eval 128 --seed 42 --cem-seed 42 --episodes-file episodes/reacher_c2222.ep100.s2222.json --goal-offset 25 --eval-budget 50
465	reacher	gd_router_ds1_tauown	25	43	logs/rbD_reacher_gd_router_ds1_tauown_t25_seed43.log	python -m surveyor.envs.reacher.eval --solver gd --subgoal router+surveyor --gdm-ckpt gdm_reacher_s10_s1.pt --gdm-steps 8 --accept-tau 0.106 --horizon 2 --receding-horizon 2 --source local --local-dir encoder_reacher --h5 "$REACHER_H5" --device cuda --num-eval 128 --seed 43 --cem-seed 43 --episodes-file episodes/reacher_c2222.ep100.s2222.json --goal-offset 25 --eval-budget 50
466	reacher	gd_router_ds1_tauown	25	44	logs/rbD_reacher_gd_router_ds1_tauown_t25_seed44.log	python -m surveyor.envs.reacher.eval --solver gd --subgoal router+surveyor --gdm-ckpt gdm_reacher_s10_s1.pt --gdm-steps 8 --accept-tau 0.106 --horizon 2 --receding-horizon 2 --source local --local-dir encoder_reacher --h5 "$REACHER_H5" --device cuda --num-eval 128 --seed 44 --cem-seed 44 --episodes-file episodes/reacher_c2222.ep100.s2222.json --goal-offset 25 --eval-budget 50
467	reacher	gd_router_ds1_tauown	25	45	logs/rbD_reacher_gd_router_ds1_tauown_t25_seed45.log	python -m surveyor.envs.reacher.eval --solver gd --subgoal router+surveyor --gdm-ckpt gdm_reacher_s10_s1.pt --gdm-steps 8 --accept-tau 0.106 --horizon 2 --receding-horizon 2 --source local --local-dir encoder_reacher --h5 "$REACHER_H5" --device cuda --num-eval 128 --seed 45 --cem-seed 45 --episodes-file episodes/reacher_c2222.ep100.s2222.json --goal-offset 25 --eval-budget 50
468	reacher	gd_router_ds1_tauown	25	46	logs/rbD_reacher_gd_router_ds1_tauown_t25_seed46.log	python -m surveyor.envs.reacher.eval --solver gd --subgoal router+surveyor --gdm-ckpt gdm_reacher_s10_s1.pt --gdm-steps 8 --accept-tau 0.106 --horizon 2 --receding-horizon 2 --source local --local-dir encoder_reacher --h5 "$REACHER_H5" --device cuda --num-eval 128 --seed 46 --cem-seed 46 --episodes-file episodes/reacher_c2222.ep100.s2222.json --goal-offset 25 --eval-budget 50
469	reacher	gd_router_ds1_tauown	25	47	logs/rbD_reacher_gd_router_ds1_tauown_t25_seed47.log	python -m surveyor.envs.reacher.eval --solver gd --subgoal router+surveyor --gdm-ckpt gdm_reacher_s10_s1.pt --gdm-steps 8 --accept-tau 0.106 --horizon 2 --receding-horizon 2 --source local --local-dir encoder_reacher --h5 "$REACHER_H5" --device cuda --num-eval 128 --seed 47 --cem-seed 47 --episodes-file episodes/reacher_c2222.ep100.s2222.json --goal-offset 25 --eval-budget 50
470	reacher	gd_router_ds1_tauown	25	48	logs/rbD_reacher_gd_router_ds1_tauown_t25_seed48.log	python -m surveyor.envs.reacher.eval --solver gd --subgoal router+surveyor --gdm-ckpt gdm_reacher_s10_s1.pt --gdm-steps 8 --accept-tau 0.106 --horizon 2 --receding-horizon 2 --source local --local-dir encoder_reacher --h5 "$REACHER_H5" --device cuda --num-eval 128 --seed 48 --cem-seed 48 --episodes-file episodes/reacher_c2222.ep100.s2222.json --goal-offset 25 --eval-budget 50
471	reacher	gd_router_ds1_tauown	25	49	logs/rbD_reacher_gd_router_ds1_tauown_t25_seed49.log	python -m surveyor.envs.reacher.eval --solver gd --subgoal router+surveyor --gdm-ckpt gdm_reacher_s10_s1.pt --gdm-steps 8 --accept-tau 0.106 --horizon 2 --receding-horizon 2 --source local --local-dir encoder_reacher --h5 "$REACHER_H5" --device cuda --num-eval 128 --seed 49 --cem-seed 49 --episodes-file episodes/reacher_c2222.ep100.s2222.json --goal-offset 25 --eval-budget 50
472	reacher	gd_router_ds1_tauown	50	42	logs/rbD_reacher_gd_router_ds1_tauown_t50_seed42.log	python -m surveyor.envs.reacher.eval --solver gd --subgoal router+surveyor --gdm-ckpt gdm_reacher_s10_s1.pt --gdm-steps 8 --accept-tau 0.106 --horizon 2 --receding-horizon 2 --source local --local-dir encoder_reacher --h5 "$REACHER_H5" --device cuda --num-eval 128 --seed 42 --cem-seed 42 --episodes-file episodes/reacher_c2222.ep100.s2222.json --goal-offset 50 --eval-budget 100
473	reacher	gd_router_ds1_tauown	50	43	logs/rbD_reacher_gd_router_ds1_tauown_t50_seed43.log	python -m surveyor.envs.reacher.eval --solver gd --subgoal router+surveyor --gdm-ckpt gdm_reacher_s10_s1.pt --gdm-steps 8 --accept-tau 0.106 --horizon 2 --receding-horizon 2 --source local --local-dir encoder_reacher --h5 "$REACHER_H5" --device cuda --num-eval 128 --seed 43 --cem-seed 43 --episodes-file episodes/reacher_c2222.ep100.s2222.json --goal-offset 50 --eval-budget 100
474	reacher	gd_router_ds1_tauown	50	44	logs/rbD_reacher_gd_router_ds1_tauown_t50_seed44.log	python -m surveyor.envs.reacher.eval --solver gd --subgoal router+surveyor --gdm-ckpt gdm_reacher_s10_s1.pt --gdm-steps 8 --accept-tau 0.106 --horizon 2 --receding-horizon 2 --source local --local-dir encoder_reacher --h5 "$REACHER_H5" --device cuda --num-eval 128 --seed 44 --cem-seed 44 --episodes-file episodes/reacher_c2222.ep100.s2222.json --goal-offset 50 --eval-budget 100
475	reacher	gd_router_ds1_tauown	50	45	logs/rbD_reacher_gd_router_ds1_tauown_t50_seed45.log	python -m surveyor.envs.reacher.eval --solver gd --subgoal router+surveyor --gdm-ckpt gdm_reacher_s10_s1.pt --gdm-steps 8 --accept-tau 0.106 --horizon 2 --receding-horizon 2 --source local --local-dir encoder_reacher --h5 "$REACHER_H5" --device cuda --num-eval 128 --seed 45 --cem-seed 45 --episodes-file episodes/reacher_c2222.ep100.s2222.json --goal-offset 50 --eval-budget 100
476	reacher	gd_router_ds1_tauown	50	46	logs/rbD_reacher_gd_router_ds1_tauown_t50_seed46.log	python -m surveyor.envs.reacher.eval --solver gd --subgoal router+surveyor --gdm-ckpt gdm_reacher_s10_s1.pt --gdm-steps 8 --accept-tau 0.106 --horizon 2 --receding-horizon 2 --source local --local-dir encoder_reacher --h5 "$REACHER_H5" --device cuda --num-eval 128 --seed 46 --cem-seed 46 --episodes-file episodes/reacher_c2222.ep100.s2222.json --goal-offset 50 --eval-budget 100
477	reacher	gd_router_ds1_tauown	50	47	logs/rbD_reacher_gd_router_ds1_tauown_t50_seed47.log	python -m surveyor.envs.reacher.eval --solver gd --subgoal router+surveyor --gdm-ckpt gdm_reacher_s10_s1.pt --gdm-steps 8 --accept-tau 0.106 --horizon 2 --receding-horizon 2 --source local --local-dir encoder_reacher --h5 "$REACHER_H5" --device cuda --num-eval 128 --seed 47 --cem-seed 47 --episodes-file episodes/reacher_c2222.ep100.s2222.json --goal-offset 50 --eval-budget 100
478	reacher	gd_router_ds1_tauown	50	48	logs/rbD_reacher_gd_router_ds1_tauown_t50_seed48.log	python -m surveyor.envs.reacher.eval --solver gd --subgoal router+surveyor --gdm-ckpt gdm_reacher_s10_s1.pt --gdm-steps 8 --accept-tau 0.106 --horizon 2 --receding-horizon 2 --source local --local-dir encoder_reacher --h5 "$REACHER_H5" --device cuda --num-eval 128 --seed 48 --cem-seed 48 --episodes-file episodes/reacher_c2222.ep100.s2222.json --goal-offset 50 --eval-budget 100
479	reacher	gd_router_ds1_tauown	50	49	logs/rbD_reacher_gd_router_ds1_tauown_t50_seed49.log	python -m surveyor.envs.reacher.eval --solver gd --subgoal router+surveyor --gdm-ckpt gdm_reacher_s10_s1.pt --gdm-steps 8 --accept-tau 0.106 --horizon 2 --receding-horizon 2 --source local --local-dir encoder_reacher --h5 "$REACHER_H5" --device cuda --num-eval 128 --seed 49 --cem-seed 49 --episodes-file episodes/reacher_c2222.ep100.s2222.json --goal-offset 50 --eval-budget 100
480	reacher	gd_router_ds1_tauown	100	42	logs/rbD_reacher_gd_router_ds1_tauown_t100_seed42.log	python -m surveyor.envs.reacher.eval --solver gd --subgoal router+surveyor --gdm-ckpt gdm_reacher_s10_s1.pt --gdm-steps 8 --accept-tau 0.106 --horizon 2 --receding-horizon 2 --source local --local-dir encoder_reacher --h5 "$REACHER_H5" --device cuda --num-eval 128 --seed 42 --cem-seed 42 --episodes-file episodes/reacher_c2222.ep100.s2222.json --goal-offset 100 --eval-budget 200
481	reacher	gd_router_ds1_tauown	100	43	logs/rbD_reacher_gd_router_ds1_tauown_t100_seed43.log	python -m surveyor.envs.reacher.eval --solver gd --subgoal router+surveyor --gdm-ckpt gdm_reacher_s10_s1.pt --gdm-steps 8 --accept-tau 0.106 --horizon 2 --receding-horizon 2 --source local --local-dir encoder_reacher --h5 "$REACHER_H5" --device cuda --num-eval 128 --seed 43 --cem-seed 43 --episodes-file episodes/reacher_c2222.ep100.s2222.json --goal-offset 100 --eval-budget 200
482	reacher	gd_router_ds1_tauown	100	44	logs/rbD_reacher_gd_router_ds1_tauown_t100_seed44.log	python -m surveyor.envs.reacher.eval --solver gd --subgoal router+surveyor --gdm-ckpt gdm_reacher_s10_s1.pt --gdm-steps 8 --accept-tau 0.106 --horizon 2 --receding-horizon 2 --source local --local-dir encoder_reacher --h5 "$REACHER_H5" --device cuda --num-eval 128 --seed 44 --cem-seed 44 --episodes-file episodes/reacher_c2222.ep100.s2222.json --goal-offset 100 --eval-budget 200
483	reacher	gd_router_ds1_tauown	100	45	logs/rbD_reacher_gd_router_ds1_tauown_t100_seed45.log	python -m surveyor.envs.reacher.eval --solver gd --subgoal router+surveyor --gdm-ckpt gdm_reacher_s10_s1.pt --gdm-steps 8 --accept-tau 0.106 --horizon 2 --receding-horizon 2 --source local --local-dir encoder_reacher --h5 "$REACHER_H5" --device cuda --num-eval 128 --seed 45 --cem-seed 45 --episodes-file episodes/reacher_c2222.ep100.s2222.json --goal-offset 100 --eval-budget 200
484	reacher	gd_router_ds1_tauown	100	46	logs/rbD_reacher_gd_router_ds1_tauown_t100_seed46.log	python -m surveyor.envs.reacher.eval --solver gd --subgoal router+surveyor --gdm-ckpt gdm_reacher_s10_s1.pt --gdm-steps 8 --accept-tau 0.106 --horizon 2 --receding-horizon 2 --source local --local-dir encoder_reacher --h5 "$REACHER_H5" --device cuda --num-eval 128 --seed 46 --cem-seed 46 --episodes-file episodes/reacher_c2222.ep100.s2222.json --goal-offset 100 --eval-budget 200
485	reacher	gd_router_ds1_tauown	100	47	logs/rbD_reacher_gd_router_ds1_tauown_t100_seed47.log	python -m surveyor.envs.reacher.eval --solver gd --subgoal router+surveyor --gdm-ckpt gdm_reacher_s10_s1.pt --gdm-steps 8 --accept-tau 0.106 --horizon 2 --receding-horizon 2 --source local --local-dir encoder_reacher --h5 "$REACHER_H5" --device cuda --num-eval 128 --seed 47 --cem-seed 47 --episodes-file episodes/reacher_c2222.ep100.s2222.json --goal-offset 100 --eval-budget 200
486	reacher	gd_router_ds1_tauown	100	48	logs/rbD_reacher_gd_router_ds1_tauown_t100_seed48.log	python -m surveyor.envs.reacher.eval --solver gd --subgoal router+surveyor --gdm-ckpt gdm_reacher_s10_s1.pt --gdm-steps 8 --accept-tau 0.106 --horizon 2 --receding-horizon 2 --source local --local-dir encoder_reacher --h5 "$REACHER_H5" --device cuda --num-eval 128 --seed 48 --cem-seed 48 --episodes-file episodes/reacher_c2222.ep100.s2222.json --goal-offset 100 --eval-budget 200
487	reacher	gd_router_ds1_tauown	100	49	logs/rbD_reacher_gd_router_ds1_tauown_t100_seed49.log	python -m surveyor.envs.reacher.eval --solver gd --subgoal router+surveyor --gdm-ckpt gdm_reacher_s10_s1.pt --gdm-steps 8 --accept-tau 0.106 --horizon 2 --receding-horizon 2 --source local --local-dir encoder_reacher --h5 "$REACHER_H5" --device cuda --num-eval 128 --seed 49 --cem-seed 49 --episodes-file episodes/reacher_c2222.ep100.s2222.json --goal-offset 100 --eval-budget 200
488	reacher	gd_router_ds1_tauown	150	42	logs/rbD_reacher_gd_router_ds1_tauown_t150_seed42.log	python -m surveyor.envs.reacher.eval --solver gd --subgoal router+surveyor --gdm-ckpt gdm_reacher_s10_s1.pt --gdm-steps 8 --accept-tau 0.106 --horizon 2 --receding-horizon 2 --source local --local-dir encoder_reacher --h5 "$REACHER_H5" --device cuda --num-eval 128 --seed 42 --cem-seed 42 --episodes-file episodes/reacher_c2222.ep150.s2222.json --goal-offset 150 --eval-budget 300
489	reacher	gd_router_ds1_tauown	150	43	logs/rbD_reacher_gd_router_ds1_tauown_t150_seed43.log	python -m surveyor.envs.reacher.eval --solver gd --subgoal router+surveyor --gdm-ckpt gdm_reacher_s10_s1.pt --gdm-steps 8 --accept-tau 0.106 --horizon 2 --receding-horizon 2 --source local --local-dir encoder_reacher --h5 "$REACHER_H5" --device cuda --num-eval 128 --seed 43 --cem-seed 43 --episodes-file episodes/reacher_c2222.ep150.s2222.json --goal-offset 150 --eval-budget 300
490	reacher	gd_router_ds1_tauown	150	44	logs/rbD_reacher_gd_router_ds1_tauown_t150_seed44.log	python -m surveyor.envs.reacher.eval --solver gd --subgoal router+surveyor --gdm-ckpt gdm_reacher_s10_s1.pt --gdm-steps 8 --accept-tau 0.106 --horizon 2 --receding-horizon 2 --source local --local-dir encoder_reacher --h5 "$REACHER_H5" --device cuda --num-eval 128 --seed 44 --cem-seed 44 --episodes-file episodes/reacher_c2222.ep150.s2222.json --goal-offset 150 --eval-budget 300
491	reacher	gd_router_ds1_tauown	150	45	logs/rbD_reacher_gd_router_ds1_tauown_t150_seed45.log	python -m surveyor.envs.reacher.eval --solver gd --subgoal router+surveyor --gdm-ckpt gdm_reacher_s10_s1.pt --gdm-steps 8 --accept-tau 0.106 --horizon 2 --receding-horizon 2 --source local --local-dir encoder_reacher --h5 "$REACHER_H5" --device cuda --num-eval 128 --seed 45 --cem-seed 45 --episodes-file episodes/reacher_c2222.ep150.s2222.json --goal-offset 150 --eval-budget 300
492	reacher	gd_router_ds1_tauown	150	46	logs/rbD_reacher_gd_router_ds1_tauown_t150_seed46.log	python -m surveyor.envs.reacher.eval --solver gd --subgoal router+surveyor --gdm-ckpt gdm_reacher_s10_s1.pt --gdm-steps 8 --accept-tau 0.106 --horizon 2 --receding-horizon 2 --source local --local-dir encoder_reacher --h5 "$REACHER_H5" --device cuda --num-eval 128 --seed 46 --cem-seed 46 --episodes-file episodes/reacher_c2222.ep150.s2222.json --goal-offset 150 --eval-budget 300
493	reacher	gd_router_ds1_tauown	150	47	logs/rbD_reacher_gd_router_ds1_tauown_t150_seed47.log	python -m surveyor.envs.reacher.eval --solver gd --subgoal router+surveyor --gdm-ckpt gdm_reacher_s10_s1.pt --gdm-steps 8 --accept-tau 0.106 --horizon 2 --receding-horizon 2 --source local --local-dir encoder_reacher --h5 "$REACHER_H5" --device cuda --num-eval 128 --seed 47 --cem-seed 47 --episodes-file episodes/reacher_c2222.ep150.s2222.json --goal-offset 150 --eval-budget 300
494	reacher	gd_router_ds1_tauown	150	48	logs/rbD_reacher_gd_router_ds1_tauown_t150_seed48.log	python -m surveyor.envs.reacher.eval --solver gd --subgoal router+surveyor --gdm-ckpt gdm_reacher_s10_s1.pt --gdm-steps 8 --accept-tau 0.106 --horizon 2 --receding-horizon 2 --source local --local-dir encoder_reacher --h5 "$REACHER_H5" --device cuda --num-eval 128 --seed 48 --cem-seed 48 --episodes-file episodes/reacher_c2222.ep150.s2222.json --goal-offset 150 --eval-budget 300
495	reacher	gd_router_ds1_tauown	150	49	logs/rbD_reacher_gd_router_ds1_tauown_t150_seed49.log	python -m surveyor.envs.reacher.eval --solver gd --subgoal router+surveyor --gdm-ckpt gdm_reacher_s10_s1.pt --gdm-steps 8 --accept-tau 0.106 --horizon 2 --receding-horizon 2 --source local --local-dir encoder_reacher --h5 "$REACHER_H5" --device cuda --num-eval 128 --seed 49 --cem-seed 49 --episodes-file episodes/reacher_c2222.ep150.s2222.json --goal-offset 150 --eval-budget 300
496	reacher	gd_router_ds2_tauown	25	42	logs/rbD_reacher_gd_router_ds2_tauown_t25_seed42.log	python -m surveyor.envs.reacher.eval --solver gd --subgoal router+surveyor --gdm-ckpt gdm_reacher_s10_s2.pt --gdm-steps 8 --accept-tau 0.106 --horizon 2 --receding-horizon 2 --source local --local-dir encoder_reacher --h5 "$REACHER_H5" --device cuda --num-eval 128 --seed 42 --cem-seed 42 --episodes-file episodes/reacher_c2222.ep100.s2222.json --goal-offset 25 --eval-budget 50
497	reacher	gd_router_ds2_tauown	25	43	logs/rbD_reacher_gd_router_ds2_tauown_t25_seed43.log	python -m surveyor.envs.reacher.eval --solver gd --subgoal router+surveyor --gdm-ckpt gdm_reacher_s10_s2.pt --gdm-steps 8 --accept-tau 0.106 --horizon 2 --receding-horizon 2 --source local --local-dir encoder_reacher --h5 "$REACHER_H5" --device cuda --num-eval 128 --seed 43 --cem-seed 43 --episodes-file episodes/reacher_c2222.ep100.s2222.json --goal-offset 25 --eval-budget 50
498	reacher	gd_router_ds2_tauown	25	44	logs/rbD_reacher_gd_router_ds2_tauown_t25_seed44.log	python -m surveyor.envs.reacher.eval --solver gd --subgoal router+surveyor --gdm-ckpt gdm_reacher_s10_s2.pt --gdm-steps 8 --accept-tau 0.106 --horizon 2 --receding-horizon 2 --source local --local-dir encoder_reacher --h5 "$REACHER_H5" --device cuda --num-eval 128 --seed 44 --cem-seed 44 --episodes-file episodes/reacher_c2222.ep100.s2222.json --goal-offset 25 --eval-budget 50
499	reacher	gd_router_ds2_tauown	25	45	logs/rbD_reacher_gd_router_ds2_tauown_t25_seed45.log	python -m surveyor.envs.reacher.eval --solver gd --subgoal router+surveyor --gdm-ckpt gdm_reacher_s10_s2.pt --gdm-steps 8 --accept-tau 0.106 --horizon 2 --receding-horizon 2 --source local --local-dir encoder_reacher --h5 "$REACHER_H5" --device cuda --num-eval 128 --seed 45 --cem-seed 45 --episodes-file episodes/reacher_c2222.ep100.s2222.json --goal-offset 25 --eval-budget 50
500	reacher	gd_router_ds2_tauown	25	46	logs/rbD_reacher_gd_router_ds2_tauown_t25_seed46.log	python -m surveyor.envs.reacher.eval --solver gd --subgoal router+surveyor --gdm-ckpt gdm_reacher_s10_s2.pt --gdm-steps 8 --accept-tau 0.106 --horizon 2 --receding-horizon 2 --source local --local-dir encoder_reacher --h5 "$REACHER_H5" --device cuda --num-eval 128 --seed 46 --cem-seed 46 --episodes-file episodes/reacher_c2222.ep100.s2222.json --goal-offset 25 --eval-budget 50
501	reacher	gd_router_ds2_tauown	25	47	logs/rbD_reacher_gd_router_ds2_tauown_t25_seed47.log	python -m surveyor.envs.reacher.eval --solver gd --subgoal router+surveyor --gdm-ckpt gdm_reacher_s10_s2.pt --gdm-steps 8 --accept-tau 0.106 --horizon 2 --receding-horizon 2 --source local --local-dir encoder_reacher --h5 "$REACHER_H5" --device cuda --num-eval 128 --seed 47 --cem-seed 47 --episodes-file episodes/reacher_c2222.ep100.s2222.json --goal-offset 25 --eval-budget 50
502	reacher	gd_router_ds2_tauown	25	48	logs/rbD_reacher_gd_router_ds2_tauown_t25_seed48.log	python -m surveyor.envs.reacher.eval --solver gd --subgoal router+surveyor --gdm-ckpt gdm_reacher_s10_s2.pt --gdm-steps 8 --accept-tau 0.106 --horizon 2 --receding-horizon 2 --source local --local-dir encoder_reacher --h5 "$REACHER_H5" --device cuda --num-eval 128 --seed 48 --cem-seed 48 --episodes-file episodes/reacher_c2222.ep100.s2222.json --goal-offset 25 --eval-budget 50
503	reacher	gd_router_ds2_tauown	25	49	logs/rbD_reacher_gd_router_ds2_tauown_t25_seed49.log	python -m surveyor.envs.reacher.eval --solver gd --subgoal router+surveyor --gdm-ckpt gdm_reacher_s10_s2.pt --gdm-steps 8 --accept-tau 0.106 --horizon 2 --receding-horizon 2 --source local --local-dir encoder_reacher --h5 "$REACHER_H5" --device cuda --num-eval 128 --seed 49 --cem-seed 49 --episodes-file episodes/reacher_c2222.ep100.s2222.json --goal-offset 25 --eval-budget 50
504	reacher	gd_router_ds2_tauown	50	42	logs/rbD_reacher_gd_router_ds2_tauown_t50_seed42.log	python -m surveyor.envs.reacher.eval --solver gd --subgoal router+surveyor --gdm-ckpt gdm_reacher_s10_s2.pt --gdm-steps 8 --accept-tau 0.106 --horizon 2 --receding-horizon 2 --source local --local-dir encoder_reacher --h5 "$REACHER_H5" --device cuda --num-eval 128 --seed 42 --cem-seed 42 --episodes-file episodes/reacher_c2222.ep100.s2222.json --goal-offset 50 --eval-budget 100
505	reacher	gd_router_ds2_tauown	50	43	logs/rbD_reacher_gd_router_ds2_tauown_t50_seed43.log	python -m surveyor.envs.reacher.eval --solver gd --subgoal router+surveyor --gdm-ckpt gdm_reacher_s10_s2.pt --gdm-steps 8 --accept-tau 0.106 --horizon 2 --receding-horizon 2 --source local --local-dir encoder_reacher --h5 "$REACHER_H5" --device cuda --num-eval 128 --seed 43 --cem-seed 43 --episodes-file episodes/reacher_c2222.ep100.s2222.json --goal-offset 50 --eval-budget 100
506	reacher	gd_router_ds2_tauown	50	44	logs/rbD_reacher_gd_router_ds2_tauown_t50_seed44.log	python -m surveyor.envs.reacher.eval --solver gd --subgoal router+surveyor --gdm-ckpt gdm_reacher_s10_s2.pt --gdm-steps 8 --accept-tau 0.106 --horizon 2 --receding-horizon 2 --source local --local-dir encoder_reacher --h5 "$REACHER_H5" --device cuda --num-eval 128 --seed 44 --cem-seed 44 --episodes-file episodes/reacher_c2222.ep100.s2222.json --goal-offset 50 --eval-budget 100
507	reacher	gd_router_ds2_tauown	50	45	logs/rbD_reacher_gd_router_ds2_tauown_t50_seed45.log	python -m surveyor.envs.reacher.eval --solver gd --subgoal router+surveyor --gdm-ckpt gdm_reacher_s10_s2.pt --gdm-steps 8 --accept-tau 0.106 --horizon 2 --receding-horizon 2 --source local --local-dir encoder_reacher --h5 "$REACHER_H5" --device cuda --num-eval 128 --seed 45 --cem-seed 45 --episodes-file episodes/reacher_c2222.ep100.s2222.json --goal-offset 50 --eval-budget 100
508	reacher	gd_router_ds2_tauown	50	46	logs/rbD_reacher_gd_router_ds2_tauown_t50_seed46.log	python -m surveyor.envs.reacher.eval --solver gd --subgoal router+surveyor --gdm-ckpt gdm_reacher_s10_s2.pt --gdm-steps 8 --accept-tau 0.106 --horizon 2 --receding-horizon 2 --source local --local-dir encoder_reacher --h5 "$REACHER_H5" --device cuda --num-eval 128 --seed 46 --cem-seed 46 --episodes-file episodes/reacher_c2222.ep100.s2222.json --goal-offset 50 --eval-budget 100
509	reacher	gd_router_ds2_tauown	50	47	logs/rbD_reacher_gd_router_ds2_tauown_t50_seed47.log	python -m surveyor.envs.reacher.eval --solver gd --subgoal router+surveyor --gdm-ckpt gdm_reacher_s10_s2.pt --gdm-steps 8 --accept-tau 0.106 --horizon 2 --receding-horizon 2 --source local --local-dir encoder_reacher --h5 "$REACHER_H5" --device cuda --num-eval 128 --seed 47 --cem-seed 47 --episodes-file episodes/reacher_c2222.ep100.s2222.json --goal-offset 50 --eval-budget 100
510	reacher	gd_router_ds2_tauown	50	48	logs/rbD_reacher_gd_router_ds2_tauown_t50_seed48.log	python -m surveyor.envs.reacher.eval --solver gd --subgoal router+surveyor --gdm-ckpt gdm_reacher_s10_s2.pt --gdm-steps 8 --accept-tau 0.106 --horizon 2 --receding-horizon 2 --source local --local-dir encoder_reacher --h5 "$REACHER_H5" --device cuda --num-eval 128 --seed 48 --cem-seed 48 --episodes-file episodes/reacher_c2222.ep100.s2222.json --goal-offset 50 --eval-budget 100
511	reacher	gd_router_ds2_tauown	50	49	logs/rbD_reacher_gd_router_ds2_tauown_t50_seed49.log	python -m surveyor.envs.reacher.eval --solver gd --subgoal router+surveyor --gdm-ckpt gdm_reacher_s10_s2.pt --gdm-steps 8 --accept-tau 0.106 --horizon 2 --receding-horizon 2 --source local --local-dir encoder_reacher --h5 "$REACHER_H5" --device cuda --num-eval 128 --seed 49 --cem-seed 49 --episodes-file episodes/reacher_c2222.ep100.s2222.json --goal-offset 50 --eval-budget 100
512	reacher	gd_router_ds2_tauown	100	42	logs/rbD_reacher_gd_router_ds2_tauown_t100_seed42.log	python -m surveyor.envs.reacher.eval --solver gd --subgoal router+surveyor --gdm-ckpt gdm_reacher_s10_s2.pt --gdm-steps 8 --accept-tau 0.106 --horizon 2 --receding-horizon 2 --source local --local-dir encoder_reacher --h5 "$REACHER_H5" --device cuda --num-eval 128 --seed 42 --cem-seed 42 --episodes-file episodes/reacher_c2222.ep100.s2222.json --goal-offset 100 --eval-budget 200
513	reacher	gd_router_ds2_tauown	100	43	logs/rbD_reacher_gd_router_ds2_tauown_t100_seed43.log	python -m surveyor.envs.reacher.eval --solver gd --subgoal router+surveyor --gdm-ckpt gdm_reacher_s10_s2.pt --gdm-steps 8 --accept-tau 0.106 --horizon 2 --receding-horizon 2 --source local --local-dir encoder_reacher --h5 "$REACHER_H5" --device cuda --num-eval 128 --seed 43 --cem-seed 43 --episodes-file episodes/reacher_c2222.ep100.s2222.json --goal-offset 100 --eval-budget 200
514	reacher	gd_router_ds2_tauown	100	44	logs/rbD_reacher_gd_router_ds2_tauown_t100_seed44.log	python -m surveyor.envs.reacher.eval --solver gd --subgoal router+surveyor --gdm-ckpt gdm_reacher_s10_s2.pt --gdm-steps 8 --accept-tau 0.106 --horizon 2 --receding-horizon 2 --source local --local-dir encoder_reacher --h5 "$REACHER_H5" --device cuda --num-eval 128 --seed 44 --cem-seed 44 --episodes-file episodes/reacher_c2222.ep100.s2222.json --goal-offset 100 --eval-budget 200
515	reacher	gd_router_ds2_tauown	100	45	logs/rbD_reacher_gd_router_ds2_tauown_t100_seed45.log	python -m surveyor.envs.reacher.eval --solver gd --subgoal router+surveyor --gdm-ckpt gdm_reacher_s10_s2.pt --gdm-steps 8 --accept-tau 0.106 --horizon 2 --receding-horizon 2 --source local --local-dir encoder_reacher --h5 "$REACHER_H5" --device cuda --num-eval 128 --seed 45 --cem-seed 45 --episodes-file episodes/reacher_c2222.ep100.s2222.json --goal-offset 100 --eval-budget 200
516	reacher	gd_router_ds2_tauown	100	46	logs/rbD_reacher_gd_router_ds2_tauown_t100_seed46.log	python -m surveyor.envs.reacher.eval --solver gd --subgoal router+surveyor --gdm-ckpt gdm_reacher_s10_s2.pt --gdm-steps 8 --accept-tau 0.106 --horizon 2 --receding-horizon 2 --source local --local-dir encoder_reacher --h5 "$REACHER_H5" --device cuda --num-eval 128 --seed 46 --cem-seed 46 --episodes-file episodes/reacher_c2222.ep100.s2222.json --goal-offset 100 --eval-budget 200
517	reacher	gd_router_ds2_tauown	100	47	logs/rbD_reacher_gd_router_ds2_tauown_t100_seed47.log	python -m surveyor.envs.reacher.eval --solver gd --subgoal router+surveyor --gdm-ckpt gdm_reacher_s10_s2.pt --gdm-steps 8 --accept-tau 0.106 --horizon 2 --receding-horizon 2 --source local --local-dir encoder_reacher --h5 "$REACHER_H5" --device cuda --num-eval 128 --seed 47 --cem-seed 47 --episodes-file episodes/reacher_c2222.ep100.s2222.json --goal-offset 100 --eval-budget 200
518	reacher	gd_router_ds2_tauown	100	48	logs/rbD_reacher_gd_router_ds2_tauown_t100_seed48.log	python -m surveyor.envs.reacher.eval --solver gd --subgoal router+surveyor --gdm-ckpt gdm_reacher_s10_s2.pt --gdm-steps 8 --accept-tau 0.106 --horizon 2 --receding-horizon 2 --source local --local-dir encoder_reacher --h5 "$REACHER_H5" --device cuda --num-eval 128 --seed 48 --cem-seed 48 --episodes-file episodes/reacher_c2222.ep100.s2222.json --goal-offset 100 --eval-budget 200
519	reacher	gd_router_ds2_tauown	100	49	logs/rbD_reacher_gd_router_ds2_tauown_t100_seed49.log	python -m surveyor.envs.reacher.eval --solver gd --subgoal router+surveyor --gdm-ckpt gdm_reacher_s10_s2.pt --gdm-steps 8 --accept-tau 0.106 --horizon 2 --receding-horizon 2 --source local --local-dir encoder_reacher --h5 "$REACHER_H5" --device cuda --num-eval 128 --seed 49 --cem-seed 49 --episodes-file episodes/reacher_c2222.ep100.s2222.json --goal-offset 100 --eval-budget 200
520	reacher	gd_router_ds2_tauown	150	42	logs/rbD_reacher_gd_router_ds2_tauown_t150_seed42.log	python -m surveyor.envs.reacher.eval --solver gd --subgoal router+surveyor --gdm-ckpt gdm_reacher_s10_s2.pt --gdm-steps 8 --accept-tau 0.106 --horizon 2 --receding-horizon 2 --source local --local-dir encoder_reacher --h5 "$REACHER_H5" --device cuda --num-eval 128 --seed 42 --cem-seed 42 --episodes-file episodes/reacher_c2222.ep150.s2222.json --goal-offset 150 --eval-budget 300
521	reacher	gd_router_ds2_tauown	150	43	logs/rbD_reacher_gd_router_ds2_tauown_t150_seed43.log	python -m surveyor.envs.reacher.eval --solver gd --subgoal router+surveyor --gdm-ckpt gdm_reacher_s10_s2.pt --gdm-steps 8 --accept-tau 0.106 --horizon 2 --receding-horizon 2 --source local --local-dir encoder_reacher --h5 "$REACHER_H5" --device cuda --num-eval 128 --seed 43 --cem-seed 43 --episodes-file episodes/reacher_c2222.ep150.s2222.json --goal-offset 150 --eval-budget 300
522	reacher	gd_router_ds2_tauown	150	44	logs/rbD_reacher_gd_router_ds2_tauown_t150_seed44.log	python -m surveyor.envs.reacher.eval --solver gd --subgoal router+surveyor --gdm-ckpt gdm_reacher_s10_s2.pt --gdm-steps 8 --accept-tau 0.106 --horizon 2 --receding-horizon 2 --source local --local-dir encoder_reacher --h5 "$REACHER_H5" --device cuda --num-eval 128 --seed 44 --cem-seed 44 --episodes-file episodes/reacher_c2222.ep150.s2222.json --goal-offset 150 --eval-budget 300
523	reacher	gd_router_ds2_tauown	150	45	logs/rbD_reacher_gd_router_ds2_tauown_t150_seed45.log	python -m surveyor.envs.reacher.eval --solver gd --subgoal router+surveyor --gdm-ckpt gdm_reacher_s10_s2.pt --gdm-steps 8 --accept-tau 0.106 --horizon 2 --receding-horizon 2 --source local --local-dir encoder_reacher --h5 "$REACHER_H5" --device cuda --num-eval 128 --seed 45 --cem-seed 45 --episodes-file episodes/reacher_c2222.ep150.s2222.json --goal-offset 150 --eval-budget 300
524	reacher	gd_router_ds2_tauown	150	46	logs/rbD_reacher_gd_router_ds2_tauown_t150_seed46.log	python -m surveyor.envs.reacher.eval --solver gd --subgoal router+surveyor --gdm-ckpt gdm_reacher_s10_s2.pt --gdm-steps 8 --accept-tau 0.106 --horizon 2 --receding-horizon 2 --source local --local-dir encoder_reacher --h5 "$REACHER_H5" --device cuda --num-eval 128 --seed 46 --cem-seed 46 --episodes-file episodes/reacher_c2222.ep150.s2222.json --goal-offset 150 --eval-budget 300
525	reacher	gd_router_ds2_tauown	150	47	logs/rbD_reacher_gd_router_ds2_tauown_t150_seed47.log	python -m surveyor.envs.reacher.eval --solver gd --subgoal router+surveyor --gdm-ckpt gdm_reacher_s10_s2.pt --gdm-steps 8 --accept-tau 0.106 --horizon 2 --receding-horizon 2 --source local --local-dir encoder_reacher --h5 "$REACHER_H5" --device cuda --num-eval 128 --seed 47 --cem-seed 47 --episodes-file episodes/reacher_c2222.ep150.s2222.json --goal-offset 150 --eval-budget 300
526	reacher	gd_router_ds2_tauown	150	48	logs/rbD_reacher_gd_router_ds2_tauown_t150_seed48.log	python -m surveyor.envs.reacher.eval --solver gd --subgoal router+surveyor --gdm-ckpt gdm_reacher_s10_s2.pt --gdm-steps 8 --accept-tau 0.106 --horizon 2 --receding-horizon 2 --source local --local-dir encoder_reacher --h5 "$REACHER_H5" --device cuda --num-eval 128 --seed 48 --cem-seed 48 --episodes-file episodes/reacher_c2222.ep150.s2222.json --goal-offset 150 --eval-budget 300
527	reacher	gd_router_ds2_tauown	150	49	logs/rbD_reacher_gd_router_ds2_tauown_t150_seed49.log	python -m surveyor.envs.reacher.eval --solver gd --subgoal router+surveyor --gdm-ckpt gdm_reacher_s10_s2.pt --gdm-steps 8 --accept-tau 0.106 --horizon 2 --receding-horizon 2 --source local --local-dir encoder_reacher --h5 "$REACHER_H5" --device cuda --num-eval 128 --seed 49 --cem-seed 49 --episodes-file episodes/reacher_c2222.ep150.s2222.json --goal-offset 150 --eval-budget 300
528	reacher	icem_router_ds1_tauown	25	42	logs/rbD_reacher_icem_router_ds1_tauown_t25_seed42.log	python -m surveyor.envs.reacher.eval --solver icem --subgoal router+surveyor --gdm-ckpt gdm_reacher_s10_s1.pt --gdm-steps 8 --accept-tau 0.106 --horizon 2 --receding-horizon 2 --source local --local-dir encoder_reacher --h5 "$REACHER_H5" --device cuda --num-eval 128 --seed 42 --cem-seed 42 --episodes-file episodes/reacher_c2222.ep100.s2222.json --goal-offset 25 --eval-budget 50
529	reacher	icem_router_ds1_tauown	25	43	logs/rbD_reacher_icem_router_ds1_tauown_t25_seed43.log	python -m surveyor.envs.reacher.eval --solver icem --subgoal router+surveyor --gdm-ckpt gdm_reacher_s10_s1.pt --gdm-steps 8 --accept-tau 0.106 --horizon 2 --receding-horizon 2 --source local --local-dir encoder_reacher --h5 "$REACHER_H5" --device cuda --num-eval 128 --seed 43 --cem-seed 43 --episodes-file episodes/reacher_c2222.ep100.s2222.json --goal-offset 25 --eval-budget 50
530	reacher	icem_router_ds1_tauown	25	44	logs/rbD_reacher_icem_router_ds1_tauown_t25_seed44.log	python -m surveyor.envs.reacher.eval --solver icem --subgoal router+surveyor --gdm-ckpt gdm_reacher_s10_s1.pt --gdm-steps 8 --accept-tau 0.106 --horizon 2 --receding-horizon 2 --source local --local-dir encoder_reacher --h5 "$REACHER_H5" --device cuda --num-eval 128 --seed 44 --cem-seed 44 --episodes-file episodes/reacher_c2222.ep100.s2222.json --goal-offset 25 --eval-budget 50
531	reacher	icem_router_ds1_tauown	25	45	logs/rbD_reacher_icem_router_ds1_tauown_t25_seed45.log	python -m surveyor.envs.reacher.eval --solver icem --subgoal router+surveyor --gdm-ckpt gdm_reacher_s10_s1.pt --gdm-steps 8 --accept-tau 0.106 --horizon 2 --receding-horizon 2 --source local --local-dir encoder_reacher --h5 "$REACHER_H5" --device cuda --num-eval 128 --seed 45 --cem-seed 45 --episodes-file episodes/reacher_c2222.ep100.s2222.json --goal-offset 25 --eval-budget 50
532	reacher	icem_router_ds1_tauown	25	46	logs/rbD_reacher_icem_router_ds1_tauown_t25_seed46.log	python -m surveyor.envs.reacher.eval --solver icem --subgoal router+surveyor --gdm-ckpt gdm_reacher_s10_s1.pt --gdm-steps 8 --accept-tau 0.106 --horizon 2 --receding-horizon 2 --source local --local-dir encoder_reacher --h5 "$REACHER_H5" --device cuda --num-eval 128 --seed 46 --cem-seed 46 --episodes-file episodes/reacher_c2222.ep100.s2222.json --goal-offset 25 --eval-budget 50
533	reacher	icem_router_ds1_tauown	25	47	logs/rbD_reacher_icem_router_ds1_tauown_t25_seed47.log	python -m surveyor.envs.reacher.eval --solver icem --subgoal router+surveyor --gdm-ckpt gdm_reacher_s10_s1.pt --gdm-steps 8 --accept-tau 0.106 --horizon 2 --receding-horizon 2 --source local --local-dir encoder_reacher --h5 "$REACHER_H5" --device cuda --num-eval 128 --seed 47 --cem-seed 47 --episodes-file episodes/reacher_c2222.ep100.s2222.json --goal-offset 25 --eval-budget 50
534	reacher	icem_router_ds1_tauown	25	48	logs/rbD_reacher_icem_router_ds1_tauown_t25_seed48.log	python -m surveyor.envs.reacher.eval --solver icem --subgoal router+surveyor --gdm-ckpt gdm_reacher_s10_s1.pt --gdm-steps 8 --accept-tau 0.106 --horizon 2 --receding-horizon 2 --source local --local-dir encoder_reacher --h5 "$REACHER_H5" --device cuda --num-eval 128 --seed 48 --cem-seed 48 --episodes-file episodes/reacher_c2222.ep100.s2222.json --goal-offset 25 --eval-budget 50
535	reacher	icem_router_ds1_tauown	25	49	logs/rbD_reacher_icem_router_ds1_tauown_t25_seed49.log	python -m surveyor.envs.reacher.eval --solver icem --subgoal router+surveyor --gdm-ckpt gdm_reacher_s10_s1.pt --gdm-steps 8 --accept-tau 0.106 --horizon 2 --receding-horizon 2 --source local --local-dir encoder_reacher --h5 "$REACHER_H5" --device cuda --num-eval 128 --seed 49 --cem-seed 49 --episodes-file episodes/reacher_c2222.ep100.s2222.json --goal-offset 25 --eval-budget 50
536	reacher	icem_router_ds1_tauown	50	42	logs/rbD_reacher_icem_router_ds1_tauown_t50_seed42.log	python -m surveyor.envs.reacher.eval --solver icem --subgoal router+surveyor --gdm-ckpt gdm_reacher_s10_s1.pt --gdm-steps 8 --accept-tau 0.106 --horizon 2 --receding-horizon 2 --source local --local-dir encoder_reacher --h5 "$REACHER_H5" --device cuda --num-eval 128 --seed 42 --cem-seed 42 --episodes-file episodes/reacher_c2222.ep100.s2222.json --goal-offset 50 --eval-budget 100
537	reacher	icem_router_ds1_tauown	50	43	logs/rbD_reacher_icem_router_ds1_tauown_t50_seed43.log	python -m surveyor.envs.reacher.eval --solver icem --subgoal router+surveyor --gdm-ckpt gdm_reacher_s10_s1.pt --gdm-steps 8 --accept-tau 0.106 --horizon 2 --receding-horizon 2 --source local --local-dir encoder_reacher --h5 "$REACHER_H5" --device cuda --num-eval 128 --seed 43 --cem-seed 43 --episodes-file episodes/reacher_c2222.ep100.s2222.json --goal-offset 50 --eval-budget 100
538	reacher	icem_router_ds1_tauown	50	44	logs/rbD_reacher_icem_router_ds1_tauown_t50_seed44.log	python -m surveyor.envs.reacher.eval --solver icem --subgoal router+surveyor --gdm-ckpt gdm_reacher_s10_s1.pt --gdm-steps 8 --accept-tau 0.106 --horizon 2 --receding-horizon 2 --source local --local-dir encoder_reacher --h5 "$REACHER_H5" --device cuda --num-eval 128 --seed 44 --cem-seed 44 --episodes-file episodes/reacher_c2222.ep100.s2222.json --goal-offset 50 --eval-budget 100
539	reacher	icem_router_ds1_tauown	50	45	logs/rbD_reacher_icem_router_ds1_tauown_t50_seed45.log	python -m surveyor.envs.reacher.eval --solver icem --subgoal router+surveyor --gdm-ckpt gdm_reacher_s10_s1.pt --gdm-steps 8 --accept-tau 0.106 --horizon 2 --receding-horizon 2 --source local --local-dir encoder_reacher --h5 "$REACHER_H5" --device cuda --num-eval 128 --seed 45 --cem-seed 45 --episodes-file episodes/reacher_c2222.ep100.s2222.json --goal-offset 50 --eval-budget 100
540	reacher	icem_router_ds1_tauown	50	46	logs/rbD_reacher_icem_router_ds1_tauown_t50_seed46.log	python -m surveyor.envs.reacher.eval --solver icem --subgoal router+surveyor --gdm-ckpt gdm_reacher_s10_s1.pt --gdm-steps 8 --accept-tau 0.106 --horizon 2 --receding-horizon 2 --source local --local-dir encoder_reacher --h5 "$REACHER_H5" --device cuda --num-eval 128 --seed 46 --cem-seed 46 --episodes-file episodes/reacher_c2222.ep100.s2222.json --goal-offset 50 --eval-budget 100
541	reacher	icem_router_ds1_tauown	50	47	logs/rbD_reacher_icem_router_ds1_tauown_t50_seed47.log	python -m surveyor.envs.reacher.eval --solver icem --subgoal router+surveyor --gdm-ckpt gdm_reacher_s10_s1.pt --gdm-steps 8 --accept-tau 0.106 --horizon 2 --receding-horizon 2 --source local --local-dir encoder_reacher --h5 "$REACHER_H5" --device cuda --num-eval 128 --seed 47 --cem-seed 47 --episodes-file episodes/reacher_c2222.ep100.s2222.json --goal-offset 50 --eval-budget 100
542	reacher	icem_router_ds1_tauown	50	48	logs/rbD_reacher_icem_router_ds1_tauown_t50_seed48.log	python -m surveyor.envs.reacher.eval --solver icem --subgoal router+surveyor --gdm-ckpt gdm_reacher_s10_s1.pt --gdm-steps 8 --accept-tau 0.106 --horizon 2 --receding-horizon 2 --source local --local-dir encoder_reacher --h5 "$REACHER_H5" --device cuda --num-eval 128 --seed 48 --cem-seed 48 --episodes-file episodes/reacher_c2222.ep100.s2222.json --goal-offset 50 --eval-budget 100
543	reacher	icem_router_ds1_tauown	50	49	logs/rbD_reacher_icem_router_ds1_tauown_t50_seed49.log	python -m surveyor.envs.reacher.eval --solver icem --subgoal router+surveyor --gdm-ckpt gdm_reacher_s10_s1.pt --gdm-steps 8 --accept-tau 0.106 --horizon 2 --receding-horizon 2 --source local --local-dir encoder_reacher --h5 "$REACHER_H5" --device cuda --num-eval 128 --seed 49 --cem-seed 49 --episodes-file episodes/reacher_c2222.ep100.s2222.json --goal-offset 50 --eval-budget 100
544	reacher	icem_router_ds1_tauown	100	42	logs/rbD_reacher_icem_router_ds1_tauown_t100_seed42.log	python -m surveyor.envs.reacher.eval --solver icem --subgoal router+surveyor --gdm-ckpt gdm_reacher_s10_s1.pt --gdm-steps 8 --accept-tau 0.106 --horizon 2 --receding-horizon 2 --source local --local-dir encoder_reacher --h5 "$REACHER_H5" --device cuda --num-eval 128 --seed 42 --cem-seed 42 --episodes-file episodes/reacher_c2222.ep100.s2222.json --goal-offset 100 --eval-budget 200
545	reacher	icem_router_ds1_tauown	100	43	logs/rbD_reacher_icem_router_ds1_tauown_t100_seed43.log	python -m surveyor.envs.reacher.eval --solver icem --subgoal router+surveyor --gdm-ckpt gdm_reacher_s10_s1.pt --gdm-steps 8 --accept-tau 0.106 --horizon 2 --receding-horizon 2 --source local --local-dir encoder_reacher --h5 "$REACHER_H5" --device cuda --num-eval 128 --seed 43 --cem-seed 43 --episodes-file episodes/reacher_c2222.ep100.s2222.json --goal-offset 100 --eval-budget 200
546	reacher	icem_router_ds1_tauown	100	44	logs/rbD_reacher_icem_router_ds1_tauown_t100_seed44.log	python -m surveyor.envs.reacher.eval --solver icem --subgoal router+surveyor --gdm-ckpt gdm_reacher_s10_s1.pt --gdm-steps 8 --accept-tau 0.106 --horizon 2 --receding-horizon 2 --source local --local-dir encoder_reacher --h5 "$REACHER_H5" --device cuda --num-eval 128 --seed 44 --cem-seed 44 --episodes-file episodes/reacher_c2222.ep100.s2222.json --goal-offset 100 --eval-budget 200
547	reacher	icem_router_ds1_tauown	100	45	logs/rbD_reacher_icem_router_ds1_tauown_t100_seed45.log	python -m surveyor.envs.reacher.eval --solver icem --subgoal router+surveyor --gdm-ckpt gdm_reacher_s10_s1.pt --gdm-steps 8 --accept-tau 0.106 --horizon 2 --receding-horizon 2 --source local --local-dir encoder_reacher --h5 "$REACHER_H5" --device cuda --num-eval 128 --seed 45 --cem-seed 45 --episodes-file episodes/reacher_c2222.ep100.s2222.json --goal-offset 100 --eval-budget 200
548	reacher	icem_router_ds1_tauown	100	46	logs/rbD_reacher_icem_router_ds1_tauown_t100_seed46.log	python -m surveyor.envs.reacher.eval --solver icem --subgoal router+surveyor --gdm-ckpt gdm_reacher_s10_s1.pt --gdm-steps 8 --accept-tau 0.106 --horizon 2 --receding-horizon 2 --source local --local-dir encoder_reacher --h5 "$REACHER_H5" --device cuda --num-eval 128 --seed 46 --cem-seed 46 --episodes-file episodes/reacher_c2222.ep100.s2222.json --goal-offset 100 --eval-budget 200
549	reacher	icem_router_ds1_tauown	100	47	logs/rbD_reacher_icem_router_ds1_tauown_t100_seed47.log	python -m surveyor.envs.reacher.eval --solver icem --subgoal router+surveyor --gdm-ckpt gdm_reacher_s10_s1.pt --gdm-steps 8 --accept-tau 0.106 --horizon 2 --receding-horizon 2 --source local --local-dir encoder_reacher --h5 "$REACHER_H5" --device cuda --num-eval 128 --seed 47 --cem-seed 47 --episodes-file episodes/reacher_c2222.ep100.s2222.json --goal-offset 100 --eval-budget 200
550	reacher	icem_router_ds1_tauown	100	48	logs/rbD_reacher_icem_router_ds1_tauown_t100_seed48.log	python -m surveyor.envs.reacher.eval --solver icem --subgoal router+surveyor --gdm-ckpt gdm_reacher_s10_s1.pt --gdm-steps 8 --accept-tau 0.106 --horizon 2 --receding-horizon 2 --source local --local-dir encoder_reacher --h5 "$REACHER_H5" --device cuda --num-eval 128 --seed 48 --cem-seed 48 --episodes-file episodes/reacher_c2222.ep100.s2222.json --goal-offset 100 --eval-budget 200
551	reacher	icem_router_ds1_tauown	100	49	logs/rbD_reacher_icem_router_ds1_tauown_t100_seed49.log	python -m surveyor.envs.reacher.eval --solver icem --subgoal router+surveyor --gdm-ckpt gdm_reacher_s10_s1.pt --gdm-steps 8 --accept-tau 0.106 --horizon 2 --receding-horizon 2 --source local --local-dir encoder_reacher --h5 "$REACHER_H5" --device cuda --num-eval 128 --seed 49 --cem-seed 49 --episodes-file episodes/reacher_c2222.ep100.s2222.json --goal-offset 100 --eval-budget 200
552	reacher	icem_router_ds1_tauown	150	42	logs/rbD_reacher_icem_router_ds1_tauown_t150_seed42.log	python -m surveyor.envs.reacher.eval --solver icem --subgoal router+surveyor --gdm-ckpt gdm_reacher_s10_s1.pt --gdm-steps 8 --accept-tau 0.106 --horizon 2 --receding-horizon 2 --source local --local-dir encoder_reacher --h5 "$REACHER_H5" --device cuda --num-eval 128 --seed 42 --cem-seed 42 --episodes-file episodes/reacher_c2222.ep150.s2222.json --goal-offset 150 --eval-budget 300
553	reacher	icem_router_ds1_tauown	150	43	logs/rbD_reacher_icem_router_ds1_tauown_t150_seed43.log	python -m surveyor.envs.reacher.eval --solver icem --subgoal router+surveyor --gdm-ckpt gdm_reacher_s10_s1.pt --gdm-steps 8 --accept-tau 0.106 --horizon 2 --receding-horizon 2 --source local --local-dir encoder_reacher --h5 "$REACHER_H5" --device cuda --num-eval 128 --seed 43 --cem-seed 43 --episodes-file episodes/reacher_c2222.ep150.s2222.json --goal-offset 150 --eval-budget 300
554	reacher	icem_router_ds1_tauown	150	44	logs/rbD_reacher_icem_router_ds1_tauown_t150_seed44.log	python -m surveyor.envs.reacher.eval --solver icem --subgoal router+surveyor --gdm-ckpt gdm_reacher_s10_s1.pt --gdm-steps 8 --accept-tau 0.106 --horizon 2 --receding-horizon 2 --source local --local-dir encoder_reacher --h5 "$REACHER_H5" --device cuda --num-eval 128 --seed 44 --cem-seed 44 --episodes-file episodes/reacher_c2222.ep150.s2222.json --goal-offset 150 --eval-budget 300
555	reacher	icem_router_ds1_tauown	150	45	logs/rbD_reacher_icem_router_ds1_tauown_t150_seed45.log	python -m surveyor.envs.reacher.eval --solver icem --subgoal router+surveyor --gdm-ckpt gdm_reacher_s10_s1.pt --gdm-steps 8 --accept-tau 0.106 --horizon 2 --receding-horizon 2 --source local --local-dir encoder_reacher --h5 "$REACHER_H5" --device cuda --num-eval 128 --seed 45 --cem-seed 45 --episodes-file episodes/reacher_c2222.ep150.s2222.json --goal-offset 150 --eval-budget 300
556	reacher	icem_router_ds1_tauown	150	46	logs/rbD_reacher_icem_router_ds1_tauown_t150_seed46.log	python -m surveyor.envs.reacher.eval --solver icem --subgoal router+surveyor --gdm-ckpt gdm_reacher_s10_s1.pt --gdm-steps 8 --accept-tau 0.106 --horizon 2 --receding-horizon 2 --source local --local-dir encoder_reacher --h5 "$REACHER_H5" --device cuda --num-eval 128 --seed 46 --cem-seed 46 --episodes-file episodes/reacher_c2222.ep150.s2222.json --goal-offset 150 --eval-budget 300
557	reacher	icem_router_ds1_tauown	150	47	logs/rbD_reacher_icem_router_ds1_tauown_t150_seed47.log	python -m surveyor.envs.reacher.eval --solver icem --subgoal router+surveyor --gdm-ckpt gdm_reacher_s10_s1.pt --gdm-steps 8 --accept-tau 0.106 --horizon 2 --receding-horizon 2 --source local --local-dir encoder_reacher --h5 "$REACHER_H5" --device cuda --num-eval 128 --seed 47 --cem-seed 47 --episodes-file episodes/reacher_c2222.ep150.s2222.json --goal-offset 150 --eval-budget 300
558	reacher	icem_router_ds1_tauown	150	48	logs/rbD_reacher_icem_router_ds1_tauown_t150_seed48.log	python -m surveyor.envs.reacher.eval --solver icem --subgoal router+surveyor --gdm-ckpt gdm_reacher_s10_s1.pt --gdm-steps 8 --accept-tau 0.106 --horizon 2 --receding-horizon 2 --source local --local-dir encoder_reacher --h5 "$REACHER_H5" --device cuda --num-eval 128 --seed 48 --cem-seed 48 --episodes-file episodes/reacher_c2222.ep150.s2222.json --goal-offset 150 --eval-budget 300
559	reacher	icem_router_ds1_tauown	150	49	logs/rbD_reacher_icem_router_ds1_tauown_t150_seed49.log	python -m surveyor.envs.reacher.eval --solver icem --subgoal router+surveyor --gdm-ckpt gdm_reacher_s10_s1.pt --gdm-steps 8 --accept-tau 0.106 --horizon 2 --receding-horizon 2 --source local --local-dir encoder_reacher --h5 "$REACHER_H5" --device cuda --num-eval 128 --seed 49 --cem-seed 49 --episodes-file episodes/reacher_c2222.ep150.s2222.json --goal-offset 150 --eval-budget 300
560	reacher	icem_router_ds2_tauown	25	42	logs/rbD_reacher_icem_router_ds2_tauown_t25_seed42.log	python -m surveyor.envs.reacher.eval --solver icem --subgoal router+surveyor --gdm-ckpt gdm_reacher_s10_s2.pt --gdm-steps 8 --accept-tau 0.106 --horizon 2 --receding-horizon 2 --source local --local-dir encoder_reacher --h5 "$REACHER_H5" --device cuda --num-eval 128 --seed 42 --cem-seed 42 --episodes-file episodes/reacher_c2222.ep100.s2222.json --goal-offset 25 --eval-budget 50
561	reacher	icem_router_ds2_tauown	25	43	logs/rbD_reacher_icem_router_ds2_tauown_t25_seed43.log	python -m surveyor.envs.reacher.eval --solver icem --subgoal router+surveyor --gdm-ckpt gdm_reacher_s10_s2.pt --gdm-steps 8 --accept-tau 0.106 --horizon 2 --receding-horizon 2 --source local --local-dir encoder_reacher --h5 "$REACHER_H5" --device cuda --num-eval 128 --seed 43 --cem-seed 43 --episodes-file episodes/reacher_c2222.ep100.s2222.json --goal-offset 25 --eval-budget 50
562	reacher	icem_router_ds2_tauown	25	44	logs/rbD_reacher_icem_router_ds2_tauown_t25_seed44.log	python -m surveyor.envs.reacher.eval --solver icem --subgoal router+surveyor --gdm-ckpt gdm_reacher_s10_s2.pt --gdm-steps 8 --accept-tau 0.106 --horizon 2 --receding-horizon 2 --source local --local-dir encoder_reacher --h5 "$REACHER_H5" --device cuda --num-eval 128 --seed 44 --cem-seed 44 --episodes-file episodes/reacher_c2222.ep100.s2222.json --goal-offset 25 --eval-budget 50
563	reacher	icem_router_ds2_tauown	25	45	logs/rbD_reacher_icem_router_ds2_tauown_t25_seed45.log	python -m surveyor.envs.reacher.eval --solver icem --subgoal router+surveyor --gdm-ckpt gdm_reacher_s10_s2.pt --gdm-steps 8 --accept-tau 0.106 --horizon 2 --receding-horizon 2 --source local --local-dir encoder_reacher --h5 "$REACHER_H5" --device cuda --num-eval 128 --seed 45 --cem-seed 45 --episodes-file episodes/reacher_c2222.ep100.s2222.json --goal-offset 25 --eval-budget 50
564	reacher	icem_router_ds2_tauown	25	46	logs/rbD_reacher_icem_router_ds2_tauown_t25_seed46.log	python -m surveyor.envs.reacher.eval --solver icem --subgoal router+surveyor --gdm-ckpt gdm_reacher_s10_s2.pt --gdm-steps 8 --accept-tau 0.106 --horizon 2 --receding-horizon 2 --source local --local-dir encoder_reacher --h5 "$REACHER_H5" --device cuda --num-eval 128 --seed 46 --cem-seed 46 --episodes-file episodes/reacher_c2222.ep100.s2222.json --goal-offset 25 --eval-budget 50
565	reacher	icem_router_ds2_tauown	25	47	logs/rbD_reacher_icem_router_ds2_tauown_t25_seed47.log	python -m surveyor.envs.reacher.eval --solver icem --subgoal router+surveyor --gdm-ckpt gdm_reacher_s10_s2.pt --gdm-steps 8 --accept-tau 0.106 --horizon 2 --receding-horizon 2 --source local --local-dir encoder_reacher --h5 "$REACHER_H5" --device cuda --num-eval 128 --seed 47 --cem-seed 47 --episodes-file episodes/reacher_c2222.ep100.s2222.json --goal-offset 25 --eval-budget 50
566	reacher	icem_router_ds2_tauown	25	48	logs/rbD_reacher_icem_router_ds2_tauown_t25_seed48.log	python -m surveyor.envs.reacher.eval --solver icem --subgoal router+surveyor --gdm-ckpt gdm_reacher_s10_s2.pt --gdm-steps 8 --accept-tau 0.106 --horizon 2 --receding-horizon 2 --source local --local-dir encoder_reacher --h5 "$REACHER_H5" --device cuda --num-eval 128 --seed 48 --cem-seed 48 --episodes-file episodes/reacher_c2222.ep100.s2222.json --goal-offset 25 --eval-budget 50
567	reacher	icem_router_ds2_tauown	25	49	logs/rbD_reacher_icem_router_ds2_tauown_t25_seed49.log	python -m surveyor.envs.reacher.eval --solver icem --subgoal router+surveyor --gdm-ckpt gdm_reacher_s10_s2.pt --gdm-steps 8 --accept-tau 0.106 --horizon 2 --receding-horizon 2 --source local --local-dir encoder_reacher --h5 "$REACHER_H5" --device cuda --num-eval 128 --seed 49 --cem-seed 49 --episodes-file episodes/reacher_c2222.ep100.s2222.json --goal-offset 25 --eval-budget 50
568	reacher	icem_router_ds2_tauown	50	42	logs/rbD_reacher_icem_router_ds2_tauown_t50_seed42.log	python -m surveyor.envs.reacher.eval --solver icem --subgoal router+surveyor --gdm-ckpt gdm_reacher_s10_s2.pt --gdm-steps 8 --accept-tau 0.106 --horizon 2 --receding-horizon 2 --source local --local-dir encoder_reacher --h5 "$REACHER_H5" --device cuda --num-eval 128 --seed 42 --cem-seed 42 --episodes-file episodes/reacher_c2222.ep100.s2222.json --goal-offset 50 --eval-budget 100
569	reacher	icem_router_ds2_tauown	50	43	logs/rbD_reacher_icem_router_ds2_tauown_t50_seed43.log	python -m surveyor.envs.reacher.eval --solver icem --subgoal router+surveyor --gdm-ckpt gdm_reacher_s10_s2.pt --gdm-steps 8 --accept-tau 0.106 --horizon 2 --receding-horizon 2 --source local --local-dir encoder_reacher --h5 "$REACHER_H5" --device cuda --num-eval 128 --seed 43 --cem-seed 43 --episodes-file episodes/reacher_c2222.ep100.s2222.json --goal-offset 50 --eval-budget 100
570	reacher	icem_router_ds2_tauown	50	44	logs/rbD_reacher_icem_router_ds2_tauown_t50_seed44.log	python -m surveyor.envs.reacher.eval --solver icem --subgoal router+surveyor --gdm-ckpt gdm_reacher_s10_s2.pt --gdm-steps 8 --accept-tau 0.106 --horizon 2 --receding-horizon 2 --source local --local-dir encoder_reacher --h5 "$REACHER_H5" --device cuda --num-eval 128 --seed 44 --cem-seed 44 --episodes-file episodes/reacher_c2222.ep100.s2222.json --goal-offset 50 --eval-budget 100
571	reacher	icem_router_ds2_tauown	50	45	logs/rbD_reacher_icem_router_ds2_tauown_t50_seed45.log	python -m surveyor.envs.reacher.eval --solver icem --subgoal router+surveyor --gdm-ckpt gdm_reacher_s10_s2.pt --gdm-steps 8 --accept-tau 0.106 --horizon 2 --receding-horizon 2 --source local --local-dir encoder_reacher --h5 "$REACHER_H5" --device cuda --num-eval 128 --seed 45 --cem-seed 45 --episodes-file episodes/reacher_c2222.ep100.s2222.json --goal-offset 50 --eval-budget 100
572	reacher	icem_router_ds2_tauown	50	46	logs/rbD_reacher_icem_router_ds2_tauown_t50_seed46.log	python -m surveyor.envs.reacher.eval --solver icem --subgoal router+surveyor --gdm-ckpt gdm_reacher_s10_s2.pt --gdm-steps 8 --accept-tau 0.106 --horizon 2 --receding-horizon 2 --source local --local-dir encoder_reacher --h5 "$REACHER_H5" --device cuda --num-eval 128 --seed 46 --cem-seed 46 --episodes-file episodes/reacher_c2222.ep100.s2222.json --goal-offset 50 --eval-budget 100
573	reacher	icem_router_ds2_tauown	50	47	logs/rbD_reacher_icem_router_ds2_tauown_t50_seed47.log	python -m surveyor.envs.reacher.eval --solver icem --subgoal router+surveyor --gdm-ckpt gdm_reacher_s10_s2.pt --gdm-steps 8 --accept-tau 0.106 --horizon 2 --receding-horizon 2 --source local --local-dir encoder_reacher --h5 "$REACHER_H5" --device cuda --num-eval 128 --seed 47 --cem-seed 47 --episodes-file episodes/reacher_c2222.ep100.s2222.json --goal-offset 50 --eval-budget 100
574	reacher	icem_router_ds2_tauown	50	48	logs/rbD_reacher_icem_router_ds2_tauown_t50_seed48.log	python -m surveyor.envs.reacher.eval --solver icem --subgoal router+surveyor --gdm-ckpt gdm_reacher_s10_s2.pt --gdm-steps 8 --accept-tau 0.106 --horizon 2 --receding-horizon 2 --source local --local-dir encoder_reacher --h5 "$REACHER_H5" --device cuda --num-eval 128 --seed 48 --cem-seed 48 --episodes-file episodes/reacher_c2222.ep100.s2222.json --goal-offset 50 --eval-budget 100
575	reacher	icem_router_ds2_tauown	50	49	logs/rbD_reacher_icem_router_ds2_tauown_t50_seed49.log	python -m surveyor.envs.reacher.eval --solver icem --subgoal router+surveyor --gdm-ckpt gdm_reacher_s10_s2.pt --gdm-steps 8 --accept-tau 0.106 --horizon 2 --receding-horizon 2 --source local --local-dir encoder_reacher --h5 "$REACHER_H5" --device cuda --num-eval 128 --seed 49 --cem-seed 49 --episodes-file episodes/reacher_c2222.ep100.s2222.json --goal-offset 50 --eval-budget 100
576	reacher	icem_router_ds2_tauown	100	42	logs/rbD_reacher_icem_router_ds2_tauown_t100_seed42.log	python -m surveyor.envs.reacher.eval --solver icem --subgoal router+surveyor --gdm-ckpt gdm_reacher_s10_s2.pt --gdm-steps 8 --accept-tau 0.106 --horizon 2 --receding-horizon 2 --source local --local-dir encoder_reacher --h5 "$REACHER_H5" --device cuda --num-eval 128 --seed 42 --cem-seed 42 --episodes-file episodes/reacher_c2222.ep100.s2222.json --goal-offset 100 --eval-budget 200
577	reacher	icem_router_ds2_tauown	100	43	logs/rbD_reacher_icem_router_ds2_tauown_t100_seed43.log	python -m surveyor.envs.reacher.eval --solver icem --subgoal router+surveyor --gdm-ckpt gdm_reacher_s10_s2.pt --gdm-steps 8 --accept-tau 0.106 --horizon 2 --receding-horizon 2 --source local --local-dir encoder_reacher --h5 "$REACHER_H5" --device cuda --num-eval 128 --seed 43 --cem-seed 43 --episodes-file episodes/reacher_c2222.ep100.s2222.json --goal-offset 100 --eval-budget 200
578	reacher	icem_router_ds2_tauown	100	44	logs/rbD_reacher_icem_router_ds2_tauown_t100_seed44.log	python -m surveyor.envs.reacher.eval --solver icem --subgoal router+surveyor --gdm-ckpt gdm_reacher_s10_s2.pt --gdm-steps 8 --accept-tau 0.106 --horizon 2 --receding-horizon 2 --source local --local-dir encoder_reacher --h5 "$REACHER_H5" --device cuda --num-eval 128 --seed 44 --cem-seed 44 --episodes-file episodes/reacher_c2222.ep100.s2222.json --goal-offset 100 --eval-budget 200
579	reacher	icem_router_ds2_tauown	100	45	logs/rbD_reacher_icem_router_ds2_tauown_t100_seed45.log	python -m surveyor.envs.reacher.eval --solver icem --subgoal router+surveyor --gdm-ckpt gdm_reacher_s10_s2.pt --gdm-steps 8 --accept-tau 0.106 --horizon 2 --receding-horizon 2 --source local --local-dir encoder_reacher --h5 "$REACHER_H5" --device cuda --num-eval 128 --seed 45 --cem-seed 45 --episodes-file episodes/reacher_c2222.ep100.s2222.json --goal-offset 100 --eval-budget 200
580	reacher	icem_router_ds2_tauown	100	46	logs/rbD_reacher_icem_router_ds2_tauown_t100_seed46.log	python -m surveyor.envs.reacher.eval --solver icem --subgoal router+surveyor --gdm-ckpt gdm_reacher_s10_s2.pt --gdm-steps 8 --accept-tau 0.106 --horizon 2 --receding-horizon 2 --source local --local-dir encoder_reacher --h5 "$REACHER_H5" --device cuda --num-eval 128 --seed 46 --cem-seed 46 --episodes-file episodes/reacher_c2222.ep100.s2222.json --goal-offset 100 --eval-budget 200
581	reacher	icem_router_ds2_tauown	100	47	logs/rbD_reacher_icem_router_ds2_tauown_t100_seed47.log	python -m surveyor.envs.reacher.eval --solver icem --subgoal router+surveyor --gdm-ckpt gdm_reacher_s10_s2.pt --gdm-steps 8 --accept-tau 0.106 --horizon 2 --receding-horizon 2 --source local --local-dir encoder_reacher --h5 "$REACHER_H5" --device cuda --num-eval 128 --seed 47 --cem-seed 47 --episodes-file episodes/reacher_c2222.ep100.s2222.json --goal-offset 100 --eval-budget 200
582	reacher	icem_router_ds2_tauown	100	48	logs/rbD_reacher_icem_router_ds2_tauown_t100_seed48.log	python -m surveyor.envs.reacher.eval --solver icem --subgoal router+surveyor --gdm-ckpt gdm_reacher_s10_s2.pt --gdm-steps 8 --accept-tau 0.106 --horizon 2 --receding-horizon 2 --source local --local-dir encoder_reacher --h5 "$REACHER_H5" --device cuda --num-eval 128 --seed 48 --cem-seed 48 --episodes-file episodes/reacher_c2222.ep100.s2222.json --goal-offset 100 --eval-budget 200
583	reacher	icem_router_ds2_tauown	100	49	logs/rbD_reacher_icem_router_ds2_tauown_t100_seed49.log	python -m surveyor.envs.reacher.eval --solver icem --subgoal router+surveyor --gdm-ckpt gdm_reacher_s10_s2.pt --gdm-steps 8 --accept-tau 0.106 --horizon 2 --receding-horizon 2 --source local --local-dir encoder_reacher --h5 "$REACHER_H5" --device cuda --num-eval 128 --seed 49 --cem-seed 49 --episodes-file episodes/reacher_c2222.ep100.s2222.json --goal-offset 100 --eval-budget 200
584	reacher	icem_router_ds2_tauown	150	42	logs/rbD_reacher_icem_router_ds2_tauown_t150_seed42.log	python -m surveyor.envs.reacher.eval --solver icem --subgoal router+surveyor --gdm-ckpt gdm_reacher_s10_s2.pt --gdm-steps 8 --accept-tau 0.106 --horizon 2 --receding-horizon 2 --source local --local-dir encoder_reacher --h5 "$REACHER_H5" --device cuda --num-eval 128 --seed 42 --cem-seed 42 --episodes-file episodes/reacher_c2222.ep150.s2222.json --goal-offset 150 --eval-budget 300
585	reacher	icem_router_ds2_tauown	150	43	logs/rbD_reacher_icem_router_ds2_tauown_t150_seed43.log	python -m surveyor.envs.reacher.eval --solver icem --subgoal router+surveyor --gdm-ckpt gdm_reacher_s10_s2.pt --gdm-steps 8 --accept-tau 0.106 --horizon 2 --receding-horizon 2 --source local --local-dir encoder_reacher --h5 "$REACHER_H5" --device cuda --num-eval 128 --seed 43 --cem-seed 43 --episodes-file episodes/reacher_c2222.ep150.s2222.json --goal-offset 150 --eval-budget 300
586	reacher	icem_router_ds2_tauown	150	44	logs/rbD_reacher_icem_router_ds2_tauown_t150_seed44.log	python -m surveyor.envs.reacher.eval --solver icem --subgoal router+surveyor --gdm-ckpt gdm_reacher_s10_s2.pt --gdm-steps 8 --accept-tau 0.106 --horizon 2 --receding-horizon 2 --source local --local-dir encoder_reacher --h5 "$REACHER_H5" --device cuda --num-eval 128 --seed 44 --cem-seed 44 --episodes-file episodes/reacher_c2222.ep150.s2222.json --goal-offset 150 --eval-budget 300
587	reacher	icem_router_ds2_tauown	150	45	logs/rbD_reacher_icem_router_ds2_tauown_t150_seed45.log	python -m surveyor.envs.reacher.eval --solver icem --subgoal router+surveyor --gdm-ckpt gdm_reacher_s10_s2.pt --gdm-steps 8 --accept-tau 0.106 --horizon 2 --receding-horizon 2 --source local --local-dir encoder_reacher --h5 "$REACHER_H5" --device cuda --num-eval 128 --seed 45 --cem-seed 45 --episodes-file episodes/reacher_c2222.ep150.s2222.json --goal-offset 150 --eval-budget 300
588	reacher	icem_router_ds2_tauown	150	46	logs/rbD_reacher_icem_router_ds2_tauown_t150_seed46.log	python -m surveyor.envs.reacher.eval --solver icem --subgoal router+surveyor --gdm-ckpt gdm_reacher_s10_s2.pt --gdm-steps 8 --accept-tau 0.106 --horizon 2 --receding-horizon 2 --source local --local-dir encoder_reacher --h5 "$REACHER_H5" --device cuda --num-eval 128 --seed 46 --cem-seed 46 --episodes-file episodes/reacher_c2222.ep150.s2222.json --goal-offset 150 --eval-budget 300
589	reacher	icem_router_ds2_tauown	150	47	logs/rbD_reacher_icem_router_ds2_tauown_t150_seed47.log	python -m surveyor.envs.reacher.eval --solver icem --subgoal router+surveyor --gdm-ckpt gdm_reacher_s10_s2.pt --gdm-steps 8 --accept-tau 0.106 --horizon 2 --receding-horizon 2 --source local --local-dir encoder_reacher --h5 "$REACHER_H5" --device cuda --num-eval 128 --seed 47 --cem-seed 47 --episodes-file episodes/reacher_c2222.ep150.s2222.json --goal-offset 150 --eval-budget 300
590	reacher	icem_router_ds2_tauown	150	48	logs/rbD_reacher_icem_router_ds2_tauown_t150_seed48.log	python -m surveyor.envs.reacher.eval --solver icem --subgoal router+surveyor --gdm-ckpt gdm_reacher_s10_s2.pt --gdm-steps 8 --accept-tau 0.106 --horizon 2 --receding-horizon 2 --source local --local-dir encoder_reacher --h5 "$REACHER_H5" --device cuda --num-eval 128 --seed 48 --cem-seed 48 --episodes-file episodes/reacher_c2222.ep150.s2222.json --goal-offset 150 --eval-budget 300
591	reacher	icem_router_ds2_tauown	150	49	logs/rbD_reacher_icem_router_ds2_tauown_t150_seed49.log	python -m surveyor.envs.reacher.eval --solver icem --subgoal router+surveyor --gdm-ckpt gdm_reacher_s10_s2.pt --gdm-steps 8 --accept-tau 0.106 --horizon 2 --receding-horizon 2 --source local --local-dir encoder_reacher --h5 "$REACHER_H5" --device cuda --num-eval 128 --seed 49 --cem-seed 49 --episodes-file episodes/reacher_c2222.ep150.s2222.json --goal-offset 150 --eval-budget 300
592	reacher	mppi_router_ds1_tauown	25	42	logs/rbD_reacher_mppi_router_ds1_tauown_t25_seed42.log	python -m surveyor.envs.reacher.eval --solver mppi --subgoal router+surveyor --gdm-ckpt gdm_reacher_s10_s1.pt --gdm-steps 8 --accept-tau 0.106 --horizon 2 --receding-horizon 2 --source local --local-dir encoder_reacher --h5 "$REACHER_H5" --device cuda --num-eval 128 --seed 42 --cem-seed 42 --episodes-file episodes/reacher_c2222.ep100.s2222.json --goal-offset 25 --eval-budget 50
593	reacher	mppi_router_ds1_tauown	25	43	logs/rbD_reacher_mppi_router_ds1_tauown_t25_seed43.log	python -m surveyor.envs.reacher.eval --solver mppi --subgoal router+surveyor --gdm-ckpt gdm_reacher_s10_s1.pt --gdm-steps 8 --accept-tau 0.106 --horizon 2 --receding-horizon 2 --source local --local-dir encoder_reacher --h5 "$REACHER_H5" --device cuda --num-eval 128 --seed 43 --cem-seed 43 --episodes-file episodes/reacher_c2222.ep100.s2222.json --goal-offset 25 --eval-budget 50
594	reacher	mppi_router_ds1_tauown	25	44	logs/rbD_reacher_mppi_router_ds1_tauown_t25_seed44.log	python -m surveyor.envs.reacher.eval --solver mppi --subgoal router+surveyor --gdm-ckpt gdm_reacher_s10_s1.pt --gdm-steps 8 --accept-tau 0.106 --horizon 2 --receding-horizon 2 --source local --local-dir encoder_reacher --h5 "$REACHER_H5" --device cuda --num-eval 128 --seed 44 --cem-seed 44 --episodes-file episodes/reacher_c2222.ep100.s2222.json --goal-offset 25 --eval-budget 50
595	reacher	mppi_router_ds1_tauown	25	45	logs/rbD_reacher_mppi_router_ds1_tauown_t25_seed45.log	python -m surveyor.envs.reacher.eval --solver mppi --subgoal router+surveyor --gdm-ckpt gdm_reacher_s10_s1.pt --gdm-steps 8 --accept-tau 0.106 --horizon 2 --receding-horizon 2 --source local --local-dir encoder_reacher --h5 "$REACHER_H5" --device cuda --num-eval 128 --seed 45 --cem-seed 45 --episodes-file episodes/reacher_c2222.ep100.s2222.json --goal-offset 25 --eval-budget 50
596	reacher	mppi_router_ds1_tauown	25	46	logs/rbD_reacher_mppi_router_ds1_tauown_t25_seed46.log	python -m surveyor.envs.reacher.eval --solver mppi --subgoal router+surveyor --gdm-ckpt gdm_reacher_s10_s1.pt --gdm-steps 8 --accept-tau 0.106 --horizon 2 --receding-horizon 2 --source local --local-dir encoder_reacher --h5 "$REACHER_H5" --device cuda --num-eval 128 --seed 46 --cem-seed 46 --episodes-file episodes/reacher_c2222.ep100.s2222.json --goal-offset 25 --eval-budget 50
597	reacher	mppi_router_ds1_tauown	25	47	logs/rbD_reacher_mppi_router_ds1_tauown_t25_seed47.log	python -m surveyor.envs.reacher.eval --solver mppi --subgoal router+surveyor --gdm-ckpt gdm_reacher_s10_s1.pt --gdm-steps 8 --accept-tau 0.106 --horizon 2 --receding-horizon 2 --source local --local-dir encoder_reacher --h5 "$REACHER_H5" --device cuda --num-eval 128 --seed 47 --cem-seed 47 --episodes-file episodes/reacher_c2222.ep100.s2222.json --goal-offset 25 --eval-budget 50
598	reacher	mppi_router_ds1_tauown	25	48	logs/rbD_reacher_mppi_router_ds1_tauown_t25_seed48.log	python -m surveyor.envs.reacher.eval --solver mppi --subgoal router+surveyor --gdm-ckpt gdm_reacher_s10_s1.pt --gdm-steps 8 --accept-tau 0.106 --horizon 2 --receding-horizon 2 --source local --local-dir encoder_reacher --h5 "$REACHER_H5" --device cuda --num-eval 128 --seed 48 --cem-seed 48 --episodes-file episodes/reacher_c2222.ep100.s2222.json --goal-offset 25 --eval-budget 50
599	reacher	mppi_router_ds1_tauown	25	49	logs/rbD_reacher_mppi_router_ds1_tauown_t25_seed49.log	python -m surveyor.envs.reacher.eval --solver mppi --subgoal router+surveyor --gdm-ckpt gdm_reacher_s10_s1.pt --gdm-steps 8 --accept-tau 0.106 --horizon 2 --receding-horizon 2 --source local --local-dir encoder_reacher --h5 "$REACHER_H5" --device cuda --num-eval 128 --seed 49 --cem-seed 49 --episodes-file episodes/reacher_c2222.ep100.s2222.json --goal-offset 25 --eval-budget 50
600	reacher	mppi_router_ds1_tauown	50	42	logs/rbD_reacher_mppi_router_ds1_tauown_t50_seed42.log	python -m surveyor.envs.reacher.eval --solver mppi --subgoal router+surveyor --gdm-ckpt gdm_reacher_s10_s1.pt --gdm-steps 8 --accept-tau 0.106 --horizon 2 --receding-horizon 2 --source local --local-dir encoder_reacher --h5 "$REACHER_H5" --device cuda --num-eval 128 --seed 42 --cem-seed 42 --episodes-file episodes/reacher_c2222.ep100.s2222.json --goal-offset 50 --eval-budget 100
601	reacher	mppi_router_ds1_tauown	50	43	logs/rbD_reacher_mppi_router_ds1_tauown_t50_seed43.log	python -m surveyor.envs.reacher.eval --solver mppi --subgoal router+surveyor --gdm-ckpt gdm_reacher_s10_s1.pt --gdm-steps 8 --accept-tau 0.106 --horizon 2 --receding-horizon 2 --source local --local-dir encoder_reacher --h5 "$REACHER_H5" --device cuda --num-eval 128 --seed 43 --cem-seed 43 --episodes-file episodes/reacher_c2222.ep100.s2222.json --goal-offset 50 --eval-budget 100
602	reacher	mppi_router_ds1_tauown	50	44	logs/rbD_reacher_mppi_router_ds1_tauown_t50_seed44.log	python -m surveyor.envs.reacher.eval --solver mppi --subgoal router+surveyor --gdm-ckpt gdm_reacher_s10_s1.pt --gdm-steps 8 --accept-tau 0.106 --horizon 2 --receding-horizon 2 --source local --local-dir encoder_reacher --h5 "$REACHER_H5" --device cuda --num-eval 128 --seed 44 --cem-seed 44 --episodes-file episodes/reacher_c2222.ep100.s2222.json --goal-offset 50 --eval-budget 100
603	reacher	mppi_router_ds1_tauown	50	45	logs/rbD_reacher_mppi_router_ds1_tauown_t50_seed45.log	python -m surveyor.envs.reacher.eval --solver mppi --subgoal router+surveyor --gdm-ckpt gdm_reacher_s10_s1.pt --gdm-steps 8 --accept-tau 0.106 --horizon 2 --receding-horizon 2 --source local --local-dir encoder_reacher --h5 "$REACHER_H5" --device cuda --num-eval 128 --seed 45 --cem-seed 45 --episodes-file episodes/reacher_c2222.ep100.s2222.json --goal-offset 50 --eval-budget 100
604	reacher	mppi_router_ds1_tauown	50	46	logs/rbD_reacher_mppi_router_ds1_tauown_t50_seed46.log	python -m surveyor.envs.reacher.eval --solver mppi --subgoal router+surveyor --gdm-ckpt gdm_reacher_s10_s1.pt --gdm-steps 8 --accept-tau 0.106 --horizon 2 --receding-horizon 2 --source local --local-dir encoder_reacher --h5 "$REACHER_H5" --device cuda --num-eval 128 --seed 46 --cem-seed 46 --episodes-file episodes/reacher_c2222.ep100.s2222.json --goal-offset 50 --eval-budget 100
605	reacher	mppi_router_ds1_tauown	50	47	logs/rbD_reacher_mppi_router_ds1_tauown_t50_seed47.log	python -m surveyor.envs.reacher.eval --solver mppi --subgoal router+surveyor --gdm-ckpt gdm_reacher_s10_s1.pt --gdm-steps 8 --accept-tau 0.106 --horizon 2 --receding-horizon 2 --source local --local-dir encoder_reacher --h5 "$REACHER_H5" --device cuda --num-eval 128 --seed 47 --cem-seed 47 --episodes-file episodes/reacher_c2222.ep100.s2222.json --goal-offset 50 --eval-budget 100
606	reacher	mppi_router_ds1_tauown	50	48	logs/rbD_reacher_mppi_router_ds1_tauown_t50_seed48.log	python -m surveyor.envs.reacher.eval --solver mppi --subgoal router+surveyor --gdm-ckpt gdm_reacher_s10_s1.pt --gdm-steps 8 --accept-tau 0.106 --horizon 2 --receding-horizon 2 --source local --local-dir encoder_reacher --h5 "$REACHER_H5" --device cuda --num-eval 128 --seed 48 --cem-seed 48 --episodes-file episodes/reacher_c2222.ep100.s2222.json --goal-offset 50 --eval-budget 100
607	reacher	mppi_router_ds1_tauown	50	49	logs/rbD_reacher_mppi_router_ds1_tauown_t50_seed49.log	python -m surveyor.envs.reacher.eval --solver mppi --subgoal router+surveyor --gdm-ckpt gdm_reacher_s10_s1.pt --gdm-steps 8 --accept-tau 0.106 --horizon 2 --receding-horizon 2 --source local --local-dir encoder_reacher --h5 "$REACHER_H5" --device cuda --num-eval 128 --seed 49 --cem-seed 49 --episodes-file episodes/reacher_c2222.ep100.s2222.json --goal-offset 50 --eval-budget 100
608	reacher	mppi_router_ds1_tauown	100	42	logs/rbD_reacher_mppi_router_ds1_tauown_t100_seed42.log	python -m surveyor.envs.reacher.eval --solver mppi --subgoal router+surveyor --gdm-ckpt gdm_reacher_s10_s1.pt --gdm-steps 8 --accept-tau 0.106 --horizon 2 --receding-horizon 2 --source local --local-dir encoder_reacher --h5 "$REACHER_H5" --device cuda --num-eval 128 --seed 42 --cem-seed 42 --episodes-file episodes/reacher_c2222.ep100.s2222.json --goal-offset 100 --eval-budget 200
609	reacher	mppi_router_ds1_tauown	100	43	logs/rbD_reacher_mppi_router_ds1_tauown_t100_seed43.log	python -m surveyor.envs.reacher.eval --solver mppi --subgoal router+surveyor --gdm-ckpt gdm_reacher_s10_s1.pt --gdm-steps 8 --accept-tau 0.106 --horizon 2 --receding-horizon 2 --source local --local-dir encoder_reacher --h5 "$REACHER_H5" --device cuda --num-eval 128 --seed 43 --cem-seed 43 --episodes-file episodes/reacher_c2222.ep100.s2222.json --goal-offset 100 --eval-budget 200
610	reacher	mppi_router_ds1_tauown	100	44	logs/rbD_reacher_mppi_router_ds1_tauown_t100_seed44.log	python -m surveyor.envs.reacher.eval --solver mppi --subgoal router+surveyor --gdm-ckpt gdm_reacher_s10_s1.pt --gdm-steps 8 --accept-tau 0.106 --horizon 2 --receding-horizon 2 --source local --local-dir encoder_reacher --h5 "$REACHER_H5" --device cuda --num-eval 128 --seed 44 --cem-seed 44 --episodes-file episodes/reacher_c2222.ep100.s2222.json --goal-offset 100 --eval-budget 200
611	reacher	mppi_router_ds1_tauown	100	45	logs/rbD_reacher_mppi_router_ds1_tauown_t100_seed45.log	python -m surveyor.envs.reacher.eval --solver mppi --subgoal router+surveyor --gdm-ckpt gdm_reacher_s10_s1.pt --gdm-steps 8 --accept-tau 0.106 --horizon 2 --receding-horizon 2 --source local --local-dir encoder_reacher --h5 "$REACHER_H5" --device cuda --num-eval 128 --seed 45 --cem-seed 45 --episodes-file episodes/reacher_c2222.ep100.s2222.json --goal-offset 100 --eval-budget 200
612	reacher	mppi_router_ds1_tauown	100	46	logs/rbD_reacher_mppi_router_ds1_tauown_t100_seed46.log	python -m surveyor.envs.reacher.eval --solver mppi --subgoal router+surveyor --gdm-ckpt gdm_reacher_s10_s1.pt --gdm-steps 8 --accept-tau 0.106 --horizon 2 --receding-horizon 2 --source local --local-dir encoder_reacher --h5 "$REACHER_H5" --device cuda --num-eval 128 --seed 46 --cem-seed 46 --episodes-file episodes/reacher_c2222.ep100.s2222.json --goal-offset 100 --eval-budget 200
613	reacher	mppi_router_ds1_tauown	100	47	logs/rbD_reacher_mppi_router_ds1_tauown_t100_seed47.log	python -m surveyor.envs.reacher.eval --solver mppi --subgoal router+surveyor --gdm-ckpt gdm_reacher_s10_s1.pt --gdm-steps 8 --accept-tau 0.106 --horizon 2 --receding-horizon 2 --source local --local-dir encoder_reacher --h5 "$REACHER_H5" --device cuda --num-eval 128 --seed 47 --cem-seed 47 --episodes-file episodes/reacher_c2222.ep100.s2222.json --goal-offset 100 --eval-budget 200
614	reacher	mppi_router_ds1_tauown	100	48	logs/rbD_reacher_mppi_router_ds1_tauown_t100_seed48.log	python -m surveyor.envs.reacher.eval --solver mppi --subgoal router+surveyor --gdm-ckpt gdm_reacher_s10_s1.pt --gdm-steps 8 --accept-tau 0.106 --horizon 2 --receding-horizon 2 --source local --local-dir encoder_reacher --h5 "$REACHER_H5" --device cuda --num-eval 128 --seed 48 --cem-seed 48 --episodes-file episodes/reacher_c2222.ep100.s2222.json --goal-offset 100 --eval-budget 200
615	reacher	mppi_router_ds1_tauown	100	49	logs/rbD_reacher_mppi_router_ds1_tauown_t100_seed49.log	python -m surveyor.envs.reacher.eval --solver mppi --subgoal router+surveyor --gdm-ckpt gdm_reacher_s10_s1.pt --gdm-steps 8 --accept-tau 0.106 --horizon 2 --receding-horizon 2 --source local --local-dir encoder_reacher --h5 "$REACHER_H5" --device cuda --num-eval 128 --seed 49 --cem-seed 49 --episodes-file episodes/reacher_c2222.ep100.s2222.json --goal-offset 100 --eval-budget 200
616	reacher	mppi_router_ds1_tauown	150	42	logs/rbD_reacher_mppi_router_ds1_tauown_t150_seed42.log	python -m surveyor.envs.reacher.eval --solver mppi --subgoal router+surveyor --gdm-ckpt gdm_reacher_s10_s1.pt --gdm-steps 8 --accept-tau 0.106 --horizon 2 --receding-horizon 2 --source local --local-dir encoder_reacher --h5 "$REACHER_H5" --device cuda --num-eval 128 --seed 42 --cem-seed 42 --episodes-file episodes/reacher_c2222.ep150.s2222.json --goal-offset 150 --eval-budget 300
617	reacher	mppi_router_ds1_tauown	150	43	logs/rbD_reacher_mppi_router_ds1_tauown_t150_seed43.log	python -m surveyor.envs.reacher.eval --solver mppi --subgoal router+surveyor --gdm-ckpt gdm_reacher_s10_s1.pt --gdm-steps 8 --accept-tau 0.106 --horizon 2 --receding-horizon 2 --source local --local-dir encoder_reacher --h5 "$REACHER_H5" --device cuda --num-eval 128 --seed 43 --cem-seed 43 --episodes-file episodes/reacher_c2222.ep150.s2222.json --goal-offset 150 --eval-budget 300
618	reacher	mppi_router_ds1_tauown	150	44	logs/rbD_reacher_mppi_router_ds1_tauown_t150_seed44.log	python -m surveyor.envs.reacher.eval --solver mppi --subgoal router+surveyor --gdm-ckpt gdm_reacher_s10_s1.pt --gdm-steps 8 --accept-tau 0.106 --horizon 2 --receding-horizon 2 --source local --local-dir encoder_reacher --h5 "$REACHER_H5" --device cuda --num-eval 128 --seed 44 --cem-seed 44 --episodes-file episodes/reacher_c2222.ep150.s2222.json --goal-offset 150 --eval-budget 300
619	reacher	mppi_router_ds1_tauown	150	45	logs/rbD_reacher_mppi_router_ds1_tauown_t150_seed45.log	python -m surveyor.envs.reacher.eval --solver mppi --subgoal router+surveyor --gdm-ckpt gdm_reacher_s10_s1.pt --gdm-steps 8 --accept-tau 0.106 --horizon 2 --receding-horizon 2 --source local --local-dir encoder_reacher --h5 "$REACHER_H5" --device cuda --num-eval 128 --seed 45 --cem-seed 45 --episodes-file episodes/reacher_c2222.ep150.s2222.json --goal-offset 150 --eval-budget 300
620	reacher	mppi_router_ds1_tauown	150	46	logs/rbD_reacher_mppi_router_ds1_tauown_t150_seed46.log	python -m surveyor.envs.reacher.eval --solver mppi --subgoal router+surveyor --gdm-ckpt gdm_reacher_s10_s1.pt --gdm-steps 8 --accept-tau 0.106 --horizon 2 --receding-horizon 2 --source local --local-dir encoder_reacher --h5 "$REACHER_H5" --device cuda --num-eval 128 --seed 46 --cem-seed 46 --episodes-file episodes/reacher_c2222.ep150.s2222.json --goal-offset 150 --eval-budget 300
621	reacher	mppi_router_ds1_tauown	150	47	logs/rbD_reacher_mppi_router_ds1_tauown_t150_seed47.log	python -m surveyor.envs.reacher.eval --solver mppi --subgoal router+surveyor --gdm-ckpt gdm_reacher_s10_s1.pt --gdm-steps 8 --accept-tau 0.106 --horizon 2 --receding-horizon 2 --source local --local-dir encoder_reacher --h5 "$REACHER_H5" --device cuda --num-eval 128 --seed 47 --cem-seed 47 --episodes-file episodes/reacher_c2222.ep150.s2222.json --goal-offset 150 --eval-budget 300
622	reacher	mppi_router_ds1_tauown	150	48	logs/rbD_reacher_mppi_router_ds1_tauown_t150_seed48.log	python -m surveyor.envs.reacher.eval --solver mppi --subgoal router+surveyor --gdm-ckpt gdm_reacher_s10_s1.pt --gdm-steps 8 --accept-tau 0.106 --horizon 2 --receding-horizon 2 --source local --local-dir encoder_reacher --h5 "$REACHER_H5" --device cuda --num-eval 128 --seed 48 --cem-seed 48 --episodes-file episodes/reacher_c2222.ep150.s2222.json --goal-offset 150 --eval-budget 300
623	reacher	mppi_router_ds1_tauown	150	49	logs/rbD_reacher_mppi_router_ds1_tauown_t150_seed49.log	python -m surveyor.envs.reacher.eval --solver mppi --subgoal router+surveyor --gdm-ckpt gdm_reacher_s10_s1.pt --gdm-steps 8 --accept-tau 0.106 --horizon 2 --receding-horizon 2 --source local --local-dir encoder_reacher --h5 "$REACHER_H5" --device cuda --num-eval 128 --seed 49 --cem-seed 49 --episodes-file episodes/reacher_c2222.ep150.s2222.json --goal-offset 150 --eval-budget 300
624	reacher	mppi_router_ds2_tauown	25	42	logs/rbD_reacher_mppi_router_ds2_tauown_t25_seed42.log	python -m surveyor.envs.reacher.eval --solver mppi --subgoal router+surveyor --gdm-ckpt gdm_reacher_s10_s2.pt --gdm-steps 8 --accept-tau 0.106 --horizon 2 --receding-horizon 2 --source local --local-dir encoder_reacher --h5 "$REACHER_H5" --device cuda --num-eval 128 --seed 42 --cem-seed 42 --episodes-file episodes/reacher_c2222.ep100.s2222.json --goal-offset 25 --eval-budget 50
625	reacher	mppi_router_ds2_tauown	25	43	logs/rbD_reacher_mppi_router_ds2_tauown_t25_seed43.log	python -m surveyor.envs.reacher.eval --solver mppi --subgoal router+surveyor --gdm-ckpt gdm_reacher_s10_s2.pt --gdm-steps 8 --accept-tau 0.106 --horizon 2 --receding-horizon 2 --source local --local-dir encoder_reacher --h5 "$REACHER_H5" --device cuda --num-eval 128 --seed 43 --cem-seed 43 --episodes-file episodes/reacher_c2222.ep100.s2222.json --goal-offset 25 --eval-budget 50
626	reacher	mppi_router_ds2_tauown	25	44	logs/rbD_reacher_mppi_router_ds2_tauown_t25_seed44.log	python -m surveyor.envs.reacher.eval --solver mppi --subgoal router+surveyor --gdm-ckpt gdm_reacher_s10_s2.pt --gdm-steps 8 --accept-tau 0.106 --horizon 2 --receding-horizon 2 --source local --local-dir encoder_reacher --h5 "$REACHER_H5" --device cuda --num-eval 128 --seed 44 --cem-seed 44 --episodes-file episodes/reacher_c2222.ep100.s2222.json --goal-offset 25 --eval-budget 50
627	reacher	mppi_router_ds2_tauown	25	45	logs/rbD_reacher_mppi_router_ds2_tauown_t25_seed45.log	python -m surveyor.envs.reacher.eval --solver mppi --subgoal router+surveyor --gdm-ckpt gdm_reacher_s10_s2.pt --gdm-steps 8 --accept-tau 0.106 --horizon 2 --receding-horizon 2 --source local --local-dir encoder_reacher --h5 "$REACHER_H5" --device cuda --num-eval 128 --seed 45 --cem-seed 45 --episodes-file episodes/reacher_c2222.ep100.s2222.json --goal-offset 25 --eval-budget 50
628	reacher	mppi_router_ds2_tauown	25	46	logs/rbD_reacher_mppi_router_ds2_tauown_t25_seed46.log	python -m surveyor.envs.reacher.eval --solver mppi --subgoal router+surveyor --gdm-ckpt gdm_reacher_s10_s2.pt --gdm-steps 8 --accept-tau 0.106 --horizon 2 --receding-horizon 2 --source local --local-dir encoder_reacher --h5 "$REACHER_H5" --device cuda --num-eval 128 --seed 46 --cem-seed 46 --episodes-file episodes/reacher_c2222.ep100.s2222.json --goal-offset 25 --eval-budget 50
629	reacher	mppi_router_ds2_tauown	25	47	logs/rbD_reacher_mppi_router_ds2_tauown_t25_seed47.log	python -m surveyor.envs.reacher.eval --solver mppi --subgoal router+surveyor --gdm-ckpt gdm_reacher_s10_s2.pt --gdm-steps 8 --accept-tau 0.106 --horizon 2 --receding-horizon 2 --source local --local-dir encoder_reacher --h5 "$REACHER_H5" --device cuda --num-eval 128 --seed 47 --cem-seed 47 --episodes-file episodes/reacher_c2222.ep100.s2222.json --goal-offset 25 --eval-budget 50
630	reacher	mppi_router_ds2_tauown	25	48	logs/rbD_reacher_mppi_router_ds2_tauown_t25_seed48.log	python -m surveyor.envs.reacher.eval --solver mppi --subgoal router+surveyor --gdm-ckpt gdm_reacher_s10_s2.pt --gdm-steps 8 --accept-tau 0.106 --horizon 2 --receding-horizon 2 --source local --local-dir encoder_reacher --h5 "$REACHER_H5" --device cuda --num-eval 128 --seed 48 --cem-seed 48 --episodes-file episodes/reacher_c2222.ep100.s2222.json --goal-offset 25 --eval-budget 50
631	reacher	mppi_router_ds2_tauown	25	49	logs/rbD_reacher_mppi_router_ds2_tauown_t25_seed49.log	python -m surveyor.envs.reacher.eval --solver mppi --subgoal router+surveyor --gdm-ckpt gdm_reacher_s10_s2.pt --gdm-steps 8 --accept-tau 0.106 --horizon 2 --receding-horizon 2 --source local --local-dir encoder_reacher --h5 "$REACHER_H5" --device cuda --num-eval 128 --seed 49 --cem-seed 49 --episodes-file episodes/reacher_c2222.ep100.s2222.json --goal-offset 25 --eval-budget 50
632	reacher	mppi_router_ds2_tauown	50	42	logs/rbD_reacher_mppi_router_ds2_tauown_t50_seed42.log	python -m surveyor.envs.reacher.eval --solver mppi --subgoal router+surveyor --gdm-ckpt gdm_reacher_s10_s2.pt --gdm-steps 8 --accept-tau 0.106 --horizon 2 --receding-horizon 2 --source local --local-dir encoder_reacher --h5 "$REACHER_H5" --device cuda --num-eval 128 --seed 42 --cem-seed 42 --episodes-file episodes/reacher_c2222.ep100.s2222.json --goal-offset 50 --eval-budget 100
633	reacher	mppi_router_ds2_tauown	50	43	logs/rbD_reacher_mppi_router_ds2_tauown_t50_seed43.log	python -m surveyor.envs.reacher.eval --solver mppi --subgoal router+surveyor --gdm-ckpt gdm_reacher_s10_s2.pt --gdm-steps 8 --accept-tau 0.106 --horizon 2 --receding-horizon 2 --source local --local-dir encoder_reacher --h5 "$REACHER_H5" --device cuda --num-eval 128 --seed 43 --cem-seed 43 --episodes-file episodes/reacher_c2222.ep100.s2222.json --goal-offset 50 --eval-budget 100
634	reacher	mppi_router_ds2_tauown	50	44	logs/rbD_reacher_mppi_router_ds2_tauown_t50_seed44.log	python -m surveyor.envs.reacher.eval --solver mppi --subgoal router+surveyor --gdm-ckpt gdm_reacher_s10_s2.pt --gdm-steps 8 --accept-tau 0.106 --horizon 2 --receding-horizon 2 --source local --local-dir encoder_reacher --h5 "$REACHER_H5" --device cuda --num-eval 128 --seed 44 --cem-seed 44 --episodes-file episodes/reacher_c2222.ep100.s2222.json --goal-offset 50 --eval-budget 100
635	reacher	mppi_router_ds2_tauown	50	45	logs/rbD_reacher_mppi_router_ds2_tauown_t50_seed45.log	python -m surveyor.envs.reacher.eval --solver mppi --subgoal router+surveyor --gdm-ckpt gdm_reacher_s10_s2.pt --gdm-steps 8 --accept-tau 0.106 --horizon 2 --receding-horizon 2 --source local --local-dir encoder_reacher --h5 "$REACHER_H5" --device cuda --num-eval 128 --seed 45 --cem-seed 45 --episodes-file episodes/reacher_c2222.ep100.s2222.json --goal-offset 50 --eval-budget 100
636	reacher	mppi_router_ds2_tauown	50	46	logs/rbD_reacher_mppi_router_ds2_tauown_t50_seed46.log	python -m surveyor.envs.reacher.eval --solver mppi --subgoal router+surveyor --gdm-ckpt gdm_reacher_s10_s2.pt --gdm-steps 8 --accept-tau 0.106 --horizon 2 --receding-horizon 2 --source local --local-dir encoder_reacher --h5 "$REACHER_H5" --device cuda --num-eval 128 --seed 46 --cem-seed 46 --episodes-file episodes/reacher_c2222.ep100.s2222.json --goal-offset 50 --eval-budget 100
637	reacher	mppi_router_ds2_tauown	50	47	logs/rbD_reacher_mppi_router_ds2_tauown_t50_seed47.log	python -m surveyor.envs.reacher.eval --solver mppi --subgoal router+surveyor --gdm-ckpt gdm_reacher_s10_s2.pt --gdm-steps 8 --accept-tau 0.106 --horizon 2 --receding-horizon 2 --source local --local-dir encoder_reacher --h5 "$REACHER_H5" --device cuda --num-eval 128 --seed 47 --cem-seed 47 --episodes-file episodes/reacher_c2222.ep100.s2222.json --goal-offset 50 --eval-budget 100
638	reacher	mppi_router_ds2_tauown	50	48	logs/rbD_reacher_mppi_router_ds2_tauown_t50_seed48.log	python -m surveyor.envs.reacher.eval --solver mppi --subgoal router+surveyor --gdm-ckpt gdm_reacher_s10_s2.pt --gdm-steps 8 --accept-tau 0.106 --horizon 2 --receding-horizon 2 --source local --local-dir encoder_reacher --h5 "$REACHER_H5" --device cuda --num-eval 128 --seed 48 --cem-seed 48 --episodes-file episodes/reacher_c2222.ep100.s2222.json --goal-offset 50 --eval-budget 100
639	reacher	mppi_router_ds2_tauown	50	49	logs/rbD_reacher_mppi_router_ds2_tauown_t50_seed49.log	python -m surveyor.envs.reacher.eval --solver mppi --subgoal router+surveyor --gdm-ckpt gdm_reacher_s10_s2.pt --gdm-steps 8 --accept-tau 0.106 --horizon 2 --receding-horizon 2 --source local --local-dir encoder_reacher --h5 "$REACHER_H5" --device cuda --num-eval 128 --seed 49 --cem-seed 49 --episodes-file episodes/reacher_c2222.ep100.s2222.json --goal-offset 50 --eval-budget 100
640	reacher	mppi_router_ds2_tauown	100	42	logs/rbD_reacher_mppi_router_ds2_tauown_t100_seed42.log	python -m surveyor.envs.reacher.eval --solver mppi --subgoal router+surveyor --gdm-ckpt gdm_reacher_s10_s2.pt --gdm-steps 8 --accept-tau 0.106 --horizon 2 --receding-horizon 2 --source local --local-dir encoder_reacher --h5 "$REACHER_H5" --device cuda --num-eval 128 --seed 42 --cem-seed 42 --episodes-file episodes/reacher_c2222.ep100.s2222.json --goal-offset 100 --eval-budget 200
641	reacher	mppi_router_ds2_tauown	100	43	logs/rbD_reacher_mppi_router_ds2_tauown_t100_seed43.log	python -m surveyor.envs.reacher.eval --solver mppi --subgoal router+surveyor --gdm-ckpt gdm_reacher_s10_s2.pt --gdm-steps 8 --accept-tau 0.106 --horizon 2 --receding-horizon 2 --source local --local-dir encoder_reacher --h5 "$REACHER_H5" --device cuda --num-eval 128 --seed 43 --cem-seed 43 --episodes-file episodes/reacher_c2222.ep100.s2222.json --goal-offset 100 --eval-budget 200
642	reacher	mppi_router_ds2_tauown	100	44	logs/rbD_reacher_mppi_router_ds2_tauown_t100_seed44.log	python -m surveyor.envs.reacher.eval --solver mppi --subgoal router+surveyor --gdm-ckpt gdm_reacher_s10_s2.pt --gdm-steps 8 --accept-tau 0.106 --horizon 2 --receding-horizon 2 --source local --local-dir encoder_reacher --h5 "$REACHER_H5" --device cuda --num-eval 128 --seed 44 --cem-seed 44 --episodes-file episodes/reacher_c2222.ep100.s2222.json --goal-offset 100 --eval-budget 200
643	reacher	mppi_router_ds2_tauown	100	45	logs/rbD_reacher_mppi_router_ds2_tauown_t100_seed45.log	python -m surveyor.envs.reacher.eval --solver mppi --subgoal router+surveyor --gdm-ckpt gdm_reacher_s10_s2.pt --gdm-steps 8 --accept-tau 0.106 --horizon 2 --receding-horizon 2 --source local --local-dir encoder_reacher --h5 "$REACHER_H5" --device cuda --num-eval 128 --seed 45 --cem-seed 45 --episodes-file episodes/reacher_c2222.ep100.s2222.json --goal-offset 100 --eval-budget 200
644	reacher	mppi_router_ds2_tauown	100	46	logs/rbD_reacher_mppi_router_ds2_tauown_t100_seed46.log	python -m surveyor.envs.reacher.eval --solver mppi --subgoal router+surveyor --gdm-ckpt gdm_reacher_s10_s2.pt --gdm-steps 8 --accept-tau 0.106 --horizon 2 --receding-horizon 2 --source local --local-dir encoder_reacher --h5 "$REACHER_H5" --device cuda --num-eval 128 --seed 46 --cem-seed 46 --episodes-file episodes/reacher_c2222.ep100.s2222.json --goal-offset 100 --eval-budget 200
645	reacher	mppi_router_ds2_tauown	100	47	logs/rbD_reacher_mppi_router_ds2_tauown_t100_seed47.log	python -m surveyor.envs.reacher.eval --solver mppi --subgoal router+surveyor --gdm-ckpt gdm_reacher_s10_s2.pt --gdm-steps 8 --accept-tau 0.106 --horizon 2 --receding-horizon 2 --source local --local-dir encoder_reacher --h5 "$REACHER_H5" --device cuda --num-eval 128 --seed 47 --cem-seed 47 --episodes-file episodes/reacher_c2222.ep100.s2222.json --goal-offset 100 --eval-budget 200
646	reacher	mppi_router_ds2_tauown	100	48	logs/rbD_reacher_mppi_router_ds2_tauown_t100_seed48.log	python -m surveyor.envs.reacher.eval --solver mppi --subgoal router+surveyor --gdm-ckpt gdm_reacher_s10_s2.pt --gdm-steps 8 --accept-tau 0.106 --horizon 2 --receding-horizon 2 --source local --local-dir encoder_reacher --h5 "$REACHER_H5" --device cuda --num-eval 128 --seed 48 --cem-seed 48 --episodes-file episodes/reacher_c2222.ep100.s2222.json --goal-offset 100 --eval-budget 200
647	reacher	mppi_router_ds2_tauown	100	49	logs/rbD_reacher_mppi_router_ds2_tauown_t100_seed49.log	python -m surveyor.envs.reacher.eval --solver mppi --subgoal router+surveyor --gdm-ckpt gdm_reacher_s10_s2.pt --gdm-steps 8 --accept-tau 0.106 --horizon 2 --receding-horizon 2 --source local --local-dir encoder_reacher --h5 "$REACHER_H5" --device cuda --num-eval 128 --seed 49 --cem-seed 49 --episodes-file episodes/reacher_c2222.ep100.s2222.json --goal-offset 100 --eval-budget 200
648	reacher	mppi_router_ds2_tauown	150	42	logs/rbD_reacher_mppi_router_ds2_tauown_t150_seed42.log	python -m surveyor.envs.reacher.eval --solver mppi --subgoal router+surveyor --gdm-ckpt gdm_reacher_s10_s2.pt --gdm-steps 8 --accept-tau 0.106 --horizon 2 --receding-horizon 2 --source local --local-dir encoder_reacher --h5 "$REACHER_H5" --device cuda --num-eval 128 --seed 42 --cem-seed 42 --episodes-file episodes/reacher_c2222.ep150.s2222.json --goal-offset 150 --eval-budget 300
649	reacher	mppi_router_ds2_tauown	150	43	logs/rbD_reacher_mppi_router_ds2_tauown_t150_seed43.log	python -m surveyor.envs.reacher.eval --solver mppi --subgoal router+surveyor --gdm-ckpt gdm_reacher_s10_s2.pt --gdm-steps 8 --accept-tau 0.106 --horizon 2 --receding-horizon 2 --source local --local-dir encoder_reacher --h5 "$REACHER_H5" --device cuda --num-eval 128 --seed 43 --cem-seed 43 --episodes-file episodes/reacher_c2222.ep150.s2222.json --goal-offset 150 --eval-budget 300
650	reacher	mppi_router_ds2_tauown	150	44	logs/rbD_reacher_mppi_router_ds2_tauown_t150_seed44.log	python -m surveyor.envs.reacher.eval --solver mppi --subgoal router+surveyor --gdm-ckpt gdm_reacher_s10_s2.pt --gdm-steps 8 --accept-tau 0.106 --horizon 2 --receding-horizon 2 --source local --local-dir encoder_reacher --h5 "$REACHER_H5" --device cuda --num-eval 128 --seed 44 --cem-seed 44 --episodes-file episodes/reacher_c2222.ep150.s2222.json --goal-offset 150 --eval-budget 300
651	reacher	mppi_router_ds2_tauown	150	45	logs/rbD_reacher_mppi_router_ds2_tauown_t150_seed45.log	python -m surveyor.envs.reacher.eval --solver mppi --subgoal router+surveyor --gdm-ckpt gdm_reacher_s10_s2.pt --gdm-steps 8 --accept-tau 0.106 --horizon 2 --receding-horizon 2 --source local --local-dir encoder_reacher --h5 "$REACHER_H5" --device cuda --num-eval 128 --seed 45 --cem-seed 45 --episodes-file episodes/reacher_c2222.ep150.s2222.json --goal-offset 150 --eval-budget 300
652	reacher	mppi_router_ds2_tauown	150	46	logs/rbD_reacher_mppi_router_ds2_tauown_t150_seed46.log	python -m surveyor.envs.reacher.eval --solver mppi --subgoal router+surveyor --gdm-ckpt gdm_reacher_s10_s2.pt --gdm-steps 8 --accept-tau 0.106 --horizon 2 --receding-horizon 2 --source local --local-dir encoder_reacher --h5 "$REACHER_H5" --device cuda --num-eval 128 --seed 46 --cem-seed 46 --episodes-file episodes/reacher_c2222.ep150.s2222.json --goal-offset 150 --eval-budget 300
653	reacher	mppi_router_ds2_tauown	150	47	logs/rbD_reacher_mppi_router_ds2_tauown_t150_seed47.log	python -m surveyor.envs.reacher.eval --solver mppi --subgoal router+surveyor --gdm-ckpt gdm_reacher_s10_s2.pt --gdm-steps 8 --accept-tau 0.106 --horizon 2 --receding-horizon 2 --source local --local-dir encoder_reacher --h5 "$REACHER_H5" --device cuda --num-eval 128 --seed 47 --cem-seed 47 --episodes-file episodes/reacher_c2222.ep150.s2222.json --goal-offset 150 --eval-budget 300
654	reacher	mppi_router_ds2_tauown	150	48	logs/rbD_reacher_mppi_router_ds2_tauown_t150_seed48.log	python -m surveyor.envs.reacher.eval --solver mppi --subgoal router+surveyor --gdm-ckpt gdm_reacher_s10_s2.pt --gdm-steps 8 --accept-tau 0.106 --horizon 2 --receding-horizon 2 --source local --local-dir encoder_reacher --h5 "$REACHER_H5" --device cuda --num-eval 128 --seed 48 --cem-seed 48 --episodes-file episodes/reacher_c2222.ep150.s2222.json --goal-offset 150 --eval-budget 300
655	reacher	mppi_router_ds2_tauown	150	49	logs/rbD_reacher_mppi_router_ds2_tauown_t150_seed49.log	python -m surveyor.envs.reacher.eval --solver mppi --subgoal router+surveyor --gdm-ckpt gdm_reacher_s10_s2.pt --gdm-steps 8 --accept-tau 0.106 --horizon 2 --receding-horizon 2 --source local --local-dir encoder_reacher --h5 "$REACHER_H5" --device cuda --num-eval 128 --seed 49 --cem-seed 49 --episodes-file episodes/reacher_c2222.ep150.s2222.json --goal-offset 150 --eval-budget 300
656	reacher	router_ds1_tauown	25	42	logs/rbD_reacher_router_ds1_tauown_t25_seed42.log	python -m surveyor.envs.reacher.eval --subgoal router+surveyor --gdm-ckpt gdm_reacher_s10_s1.pt --gdm-steps 8 --accept-tau 0.106 --horizon 2 --receding-horizon 2 --source local --local-dir encoder_reacher --h5 "$REACHER_H5" --device cuda --num-eval 128 --seed 42 --cem-seed 42 --episodes-file episodes/reacher_c2222.ep100.s2222.json --goal-offset 25 --eval-budget 50
657	reacher	router_ds1_tauown	25	43	logs/rbD_reacher_router_ds1_tauown_t25_seed43.log	python -m surveyor.envs.reacher.eval --subgoal router+surveyor --gdm-ckpt gdm_reacher_s10_s1.pt --gdm-steps 8 --accept-tau 0.106 --horizon 2 --receding-horizon 2 --source local --local-dir encoder_reacher --h5 "$REACHER_H5" --device cuda --num-eval 128 --seed 43 --cem-seed 43 --episodes-file episodes/reacher_c2222.ep100.s2222.json --goal-offset 25 --eval-budget 50
658	reacher	router_ds1_tauown	25	44	logs/rbD_reacher_router_ds1_tauown_t25_seed44.log	python -m surveyor.envs.reacher.eval --subgoal router+surveyor --gdm-ckpt gdm_reacher_s10_s1.pt --gdm-steps 8 --accept-tau 0.106 --horizon 2 --receding-horizon 2 --source local --local-dir encoder_reacher --h5 "$REACHER_H5" --device cuda --num-eval 128 --seed 44 --cem-seed 44 --episodes-file episodes/reacher_c2222.ep100.s2222.json --goal-offset 25 --eval-budget 50
659	reacher	router_ds1_tauown	25	45	logs/rbD_reacher_router_ds1_tauown_t25_seed45.log	python -m surveyor.envs.reacher.eval --subgoal router+surveyor --gdm-ckpt gdm_reacher_s10_s1.pt --gdm-steps 8 --accept-tau 0.106 --horizon 2 --receding-horizon 2 --source local --local-dir encoder_reacher --h5 "$REACHER_H5" --device cuda --num-eval 128 --seed 45 --cem-seed 45 --episodes-file episodes/reacher_c2222.ep100.s2222.json --goal-offset 25 --eval-budget 50
660	reacher	router_ds1_tauown	25	46	logs/rbD_reacher_router_ds1_tauown_t25_seed46.log	python -m surveyor.envs.reacher.eval --subgoal router+surveyor --gdm-ckpt gdm_reacher_s10_s1.pt --gdm-steps 8 --accept-tau 0.106 --horizon 2 --receding-horizon 2 --source local --local-dir encoder_reacher --h5 "$REACHER_H5" --device cuda --num-eval 128 --seed 46 --cem-seed 46 --episodes-file episodes/reacher_c2222.ep100.s2222.json --goal-offset 25 --eval-budget 50
661	reacher	router_ds1_tauown	25	47	logs/rbD_reacher_router_ds1_tauown_t25_seed47.log	python -m surveyor.envs.reacher.eval --subgoal router+surveyor --gdm-ckpt gdm_reacher_s10_s1.pt --gdm-steps 8 --accept-tau 0.106 --horizon 2 --receding-horizon 2 --source local --local-dir encoder_reacher --h5 "$REACHER_H5" --device cuda --num-eval 128 --seed 47 --cem-seed 47 --episodes-file episodes/reacher_c2222.ep100.s2222.json --goal-offset 25 --eval-budget 50
662	reacher	router_ds1_tauown	25	48	logs/rbD_reacher_router_ds1_tauown_t25_seed48.log	python -m surveyor.envs.reacher.eval --subgoal router+surveyor --gdm-ckpt gdm_reacher_s10_s1.pt --gdm-steps 8 --accept-tau 0.106 --horizon 2 --receding-horizon 2 --source local --local-dir encoder_reacher --h5 "$REACHER_H5" --device cuda --num-eval 128 --seed 48 --cem-seed 48 --episodes-file episodes/reacher_c2222.ep100.s2222.json --goal-offset 25 --eval-budget 50
663	reacher	router_ds1_tauown	25	49	logs/rbD_reacher_router_ds1_tauown_t25_seed49.log	python -m surveyor.envs.reacher.eval --subgoal router+surveyor --gdm-ckpt gdm_reacher_s10_s1.pt --gdm-steps 8 --accept-tau 0.106 --horizon 2 --receding-horizon 2 --source local --local-dir encoder_reacher --h5 "$REACHER_H5" --device cuda --num-eval 128 --seed 49 --cem-seed 49 --episodes-file episodes/reacher_c2222.ep100.s2222.json --goal-offset 25 --eval-budget 50
664	reacher	router_ds1_tauown	50	42	logs/rbD_reacher_router_ds1_tauown_t50_seed42.log	python -m surveyor.envs.reacher.eval --subgoal router+surveyor --gdm-ckpt gdm_reacher_s10_s1.pt --gdm-steps 8 --accept-tau 0.106 --horizon 2 --receding-horizon 2 --source local --local-dir encoder_reacher --h5 "$REACHER_H5" --device cuda --num-eval 128 --seed 42 --cem-seed 42 --episodes-file episodes/reacher_c2222.ep100.s2222.json --goal-offset 50 --eval-budget 100
665	reacher	router_ds1_tauown	50	43	logs/rbD_reacher_router_ds1_tauown_t50_seed43.log	python -m surveyor.envs.reacher.eval --subgoal router+surveyor --gdm-ckpt gdm_reacher_s10_s1.pt --gdm-steps 8 --accept-tau 0.106 --horizon 2 --receding-horizon 2 --source local --local-dir encoder_reacher --h5 "$REACHER_H5" --device cuda --num-eval 128 --seed 43 --cem-seed 43 --episodes-file episodes/reacher_c2222.ep100.s2222.json --goal-offset 50 --eval-budget 100
666	reacher	router_ds1_tauown	50	44	logs/rbD_reacher_router_ds1_tauown_t50_seed44.log	python -m surveyor.envs.reacher.eval --subgoal router+surveyor --gdm-ckpt gdm_reacher_s10_s1.pt --gdm-steps 8 --accept-tau 0.106 --horizon 2 --receding-horizon 2 --source local --local-dir encoder_reacher --h5 "$REACHER_H5" --device cuda --num-eval 128 --seed 44 --cem-seed 44 --episodes-file episodes/reacher_c2222.ep100.s2222.json --goal-offset 50 --eval-budget 100
667	reacher	router_ds1_tauown	50	45	logs/rbD_reacher_router_ds1_tauown_t50_seed45.log	python -m surveyor.envs.reacher.eval --subgoal router+surveyor --gdm-ckpt gdm_reacher_s10_s1.pt --gdm-steps 8 --accept-tau 0.106 --horizon 2 --receding-horizon 2 --source local --local-dir encoder_reacher --h5 "$REACHER_H5" --device cuda --num-eval 128 --seed 45 --cem-seed 45 --episodes-file episodes/reacher_c2222.ep100.s2222.json --goal-offset 50 --eval-budget 100
668	reacher	router_ds1_tauown	50	46	logs/rbD_reacher_router_ds1_tauown_t50_seed46.log	python -m surveyor.envs.reacher.eval --subgoal router+surveyor --gdm-ckpt gdm_reacher_s10_s1.pt --gdm-steps 8 --accept-tau 0.106 --horizon 2 --receding-horizon 2 --source local --local-dir encoder_reacher --h5 "$REACHER_H5" --device cuda --num-eval 128 --seed 46 --cem-seed 46 --episodes-file episodes/reacher_c2222.ep100.s2222.json --goal-offset 50 --eval-budget 100
669	reacher	router_ds1_tauown	50	47	logs/rbD_reacher_router_ds1_tauown_t50_seed47.log	python -m surveyor.envs.reacher.eval --subgoal router+surveyor --gdm-ckpt gdm_reacher_s10_s1.pt --gdm-steps 8 --accept-tau 0.106 --horizon 2 --receding-horizon 2 --source local --local-dir encoder_reacher --h5 "$REACHER_H5" --device cuda --num-eval 128 --seed 47 --cem-seed 47 --episodes-file episodes/reacher_c2222.ep100.s2222.json --goal-offset 50 --eval-budget 100
670	reacher	router_ds1_tauown	50	48	logs/rbD_reacher_router_ds1_tauown_t50_seed48.log	python -m surveyor.envs.reacher.eval --subgoal router+surveyor --gdm-ckpt gdm_reacher_s10_s1.pt --gdm-steps 8 --accept-tau 0.106 --horizon 2 --receding-horizon 2 --source local --local-dir encoder_reacher --h5 "$REACHER_H5" --device cuda --num-eval 128 --seed 48 --cem-seed 48 --episodes-file episodes/reacher_c2222.ep100.s2222.json --goal-offset 50 --eval-budget 100
671	reacher	router_ds1_tauown	50	49	logs/rbD_reacher_router_ds1_tauown_t50_seed49.log	python -m surveyor.envs.reacher.eval --subgoal router+surveyor --gdm-ckpt gdm_reacher_s10_s1.pt --gdm-steps 8 --accept-tau 0.106 --horizon 2 --receding-horizon 2 --source local --local-dir encoder_reacher --h5 "$REACHER_H5" --device cuda --num-eval 128 --seed 49 --cem-seed 49 --episodes-file episodes/reacher_c2222.ep100.s2222.json --goal-offset 50 --eval-budget 100
672	reacher	router_ds1_tauown	100	42	logs/rbD_reacher_router_ds1_tauown_t100_seed42.log	python -m surveyor.envs.reacher.eval --subgoal router+surveyor --gdm-ckpt gdm_reacher_s10_s1.pt --gdm-steps 8 --accept-tau 0.106 --horizon 2 --receding-horizon 2 --source local --local-dir encoder_reacher --h5 "$REACHER_H5" --device cuda --num-eval 128 --seed 42 --cem-seed 42 --episodes-file episodes/reacher_c2222.ep100.s2222.json --goal-offset 100 --eval-budget 200
673	reacher	router_ds1_tauown	100	43	logs/rbD_reacher_router_ds1_tauown_t100_seed43.log	python -m surveyor.envs.reacher.eval --subgoal router+surveyor --gdm-ckpt gdm_reacher_s10_s1.pt --gdm-steps 8 --accept-tau 0.106 --horizon 2 --receding-horizon 2 --source local --local-dir encoder_reacher --h5 "$REACHER_H5" --device cuda --num-eval 128 --seed 43 --cem-seed 43 --episodes-file episodes/reacher_c2222.ep100.s2222.json --goal-offset 100 --eval-budget 200
674	reacher	router_ds1_tauown	100	44	logs/rbD_reacher_router_ds1_tauown_t100_seed44.log	python -m surveyor.envs.reacher.eval --subgoal router+surveyor --gdm-ckpt gdm_reacher_s10_s1.pt --gdm-steps 8 --accept-tau 0.106 --horizon 2 --receding-horizon 2 --source local --local-dir encoder_reacher --h5 "$REACHER_H5" --device cuda --num-eval 128 --seed 44 --cem-seed 44 --episodes-file episodes/reacher_c2222.ep100.s2222.json --goal-offset 100 --eval-budget 200
675	reacher	router_ds1_tauown	100	45	logs/rbD_reacher_router_ds1_tauown_t100_seed45.log	python -m surveyor.envs.reacher.eval --subgoal router+surveyor --gdm-ckpt gdm_reacher_s10_s1.pt --gdm-steps 8 --accept-tau 0.106 --horizon 2 --receding-horizon 2 --source local --local-dir encoder_reacher --h5 "$REACHER_H5" --device cuda --num-eval 128 --seed 45 --cem-seed 45 --episodes-file episodes/reacher_c2222.ep100.s2222.json --goal-offset 100 --eval-budget 200
676	reacher	router_ds1_tauown	100	46	logs/rbD_reacher_router_ds1_tauown_t100_seed46.log	python -m surveyor.envs.reacher.eval --subgoal router+surveyor --gdm-ckpt gdm_reacher_s10_s1.pt --gdm-steps 8 --accept-tau 0.106 --horizon 2 --receding-horizon 2 --source local --local-dir encoder_reacher --h5 "$REACHER_H5" --device cuda --num-eval 128 --seed 46 --cem-seed 46 --episodes-file episodes/reacher_c2222.ep100.s2222.json --goal-offset 100 --eval-budget 200
677	reacher	router_ds1_tauown	100	47	logs/rbD_reacher_router_ds1_tauown_t100_seed47.log	python -m surveyor.envs.reacher.eval --subgoal router+surveyor --gdm-ckpt gdm_reacher_s10_s1.pt --gdm-steps 8 --accept-tau 0.106 --horizon 2 --receding-horizon 2 --source local --local-dir encoder_reacher --h5 "$REACHER_H5" --device cuda --num-eval 128 --seed 47 --cem-seed 47 --episodes-file episodes/reacher_c2222.ep100.s2222.json --goal-offset 100 --eval-budget 200
678	reacher	router_ds1_tauown	100	48	logs/rbD_reacher_router_ds1_tauown_t100_seed48.log	python -m surveyor.envs.reacher.eval --subgoal router+surveyor --gdm-ckpt gdm_reacher_s10_s1.pt --gdm-steps 8 --accept-tau 0.106 --horizon 2 --receding-horizon 2 --source local --local-dir encoder_reacher --h5 "$REACHER_H5" --device cuda --num-eval 128 --seed 48 --cem-seed 48 --episodes-file episodes/reacher_c2222.ep100.s2222.json --goal-offset 100 --eval-budget 200
679	reacher	router_ds1_tauown	100	49	logs/rbD_reacher_router_ds1_tauown_t100_seed49.log	python -m surveyor.envs.reacher.eval --subgoal router+surveyor --gdm-ckpt gdm_reacher_s10_s1.pt --gdm-steps 8 --accept-tau 0.106 --horizon 2 --receding-horizon 2 --source local --local-dir encoder_reacher --h5 "$REACHER_H5" --device cuda --num-eval 128 --seed 49 --cem-seed 49 --episodes-file episodes/reacher_c2222.ep100.s2222.json --goal-offset 100 --eval-budget 200
680	reacher	router_ds1_tauown	150	42	logs/rbD_reacher_router_ds1_tauown_t150_seed42.log	python -m surveyor.envs.reacher.eval --subgoal router+surveyor --gdm-ckpt gdm_reacher_s10_s1.pt --gdm-steps 8 --accept-tau 0.106 --horizon 2 --receding-horizon 2 --source local --local-dir encoder_reacher --h5 "$REACHER_H5" --device cuda --num-eval 128 --seed 42 --cem-seed 42 --episodes-file episodes/reacher_c2222.ep150.s2222.json --goal-offset 150 --eval-budget 300
681	reacher	router_ds1_tauown	150	43	logs/rbD_reacher_router_ds1_tauown_t150_seed43.log	python -m surveyor.envs.reacher.eval --subgoal router+surveyor --gdm-ckpt gdm_reacher_s10_s1.pt --gdm-steps 8 --accept-tau 0.106 --horizon 2 --receding-horizon 2 --source local --local-dir encoder_reacher --h5 "$REACHER_H5" --device cuda --num-eval 128 --seed 43 --cem-seed 43 --episodes-file episodes/reacher_c2222.ep150.s2222.json --goal-offset 150 --eval-budget 300
682	reacher	router_ds1_tauown	150	44	logs/rbD_reacher_router_ds1_tauown_t150_seed44.log	python -m surveyor.envs.reacher.eval --subgoal router+surveyor --gdm-ckpt gdm_reacher_s10_s1.pt --gdm-steps 8 --accept-tau 0.106 --horizon 2 --receding-horizon 2 --source local --local-dir encoder_reacher --h5 "$REACHER_H5" --device cuda --num-eval 128 --seed 44 --cem-seed 44 --episodes-file episodes/reacher_c2222.ep150.s2222.json --goal-offset 150 --eval-budget 300
683	reacher	router_ds1_tauown	150	45	logs/rbD_reacher_router_ds1_tauown_t150_seed45.log	python -m surveyor.envs.reacher.eval --subgoal router+surveyor --gdm-ckpt gdm_reacher_s10_s1.pt --gdm-steps 8 --accept-tau 0.106 --horizon 2 --receding-horizon 2 --source local --local-dir encoder_reacher --h5 "$REACHER_H5" --device cuda --num-eval 128 --seed 45 --cem-seed 45 --episodes-file episodes/reacher_c2222.ep150.s2222.json --goal-offset 150 --eval-budget 300
684	reacher	router_ds1_tauown	150	46	logs/rbD_reacher_router_ds1_tauown_t150_seed46.log	python -m surveyor.envs.reacher.eval --subgoal router+surveyor --gdm-ckpt gdm_reacher_s10_s1.pt --gdm-steps 8 --accept-tau 0.106 --horizon 2 --receding-horizon 2 --source local --local-dir encoder_reacher --h5 "$REACHER_H5" --device cuda --num-eval 128 --seed 46 --cem-seed 46 --episodes-file episodes/reacher_c2222.ep150.s2222.json --goal-offset 150 --eval-budget 300
685	reacher	router_ds1_tauown	150	47	logs/rbD_reacher_router_ds1_tauown_t150_seed47.log	python -m surveyor.envs.reacher.eval --subgoal router+surveyor --gdm-ckpt gdm_reacher_s10_s1.pt --gdm-steps 8 --accept-tau 0.106 --horizon 2 --receding-horizon 2 --source local --local-dir encoder_reacher --h5 "$REACHER_H5" --device cuda --num-eval 128 --seed 47 --cem-seed 47 --episodes-file episodes/reacher_c2222.ep150.s2222.json --goal-offset 150 --eval-budget 300
686	reacher	router_ds1_tauown	150	48	logs/rbD_reacher_router_ds1_tauown_t150_seed48.log	python -m surveyor.envs.reacher.eval --subgoal router+surveyor --gdm-ckpt gdm_reacher_s10_s1.pt --gdm-steps 8 --accept-tau 0.106 --horizon 2 --receding-horizon 2 --source local --local-dir encoder_reacher --h5 "$REACHER_H5" --device cuda --num-eval 128 --seed 48 --cem-seed 48 --episodes-file episodes/reacher_c2222.ep150.s2222.json --goal-offset 150 --eval-budget 300
687	reacher	router_ds1_tauown	150	49	logs/rbD_reacher_router_ds1_tauown_t150_seed49.log	python -m surveyor.envs.reacher.eval --subgoal router+surveyor --gdm-ckpt gdm_reacher_s10_s1.pt --gdm-steps 8 --accept-tau 0.106 --horizon 2 --receding-horizon 2 --source local --local-dir encoder_reacher --h5 "$REACHER_H5" --device cuda --num-eval 128 --seed 49 --cem-seed 49 --episodes-file episodes/reacher_c2222.ep150.s2222.json --goal-offset 150 --eval-budget 300
688	reacher	router_ds2_tauown	25	42	logs/rbD_reacher_router_ds2_tauown_t25_seed42.log	python -m surveyor.envs.reacher.eval --subgoal router+surveyor --gdm-ckpt gdm_reacher_s10_s2.pt --gdm-steps 8 --accept-tau 0.106 --horizon 2 --receding-horizon 2 --source local --local-dir encoder_reacher --h5 "$REACHER_H5" --device cuda --num-eval 128 --seed 42 --cem-seed 42 --episodes-file episodes/reacher_c2222.ep100.s2222.json --goal-offset 25 --eval-budget 50
689	reacher	router_ds2_tauown	25	43	logs/rbD_reacher_router_ds2_tauown_t25_seed43.log	python -m surveyor.envs.reacher.eval --subgoal router+surveyor --gdm-ckpt gdm_reacher_s10_s2.pt --gdm-steps 8 --accept-tau 0.106 --horizon 2 --receding-horizon 2 --source local --local-dir encoder_reacher --h5 "$REACHER_H5" --device cuda --num-eval 128 --seed 43 --cem-seed 43 --episodes-file episodes/reacher_c2222.ep100.s2222.json --goal-offset 25 --eval-budget 50
690	reacher	router_ds2_tauown	25	44	logs/rbD_reacher_router_ds2_tauown_t25_seed44.log	python -m surveyor.envs.reacher.eval --subgoal router+surveyor --gdm-ckpt gdm_reacher_s10_s2.pt --gdm-steps 8 --accept-tau 0.106 --horizon 2 --receding-horizon 2 --source local --local-dir encoder_reacher --h5 "$REACHER_H5" --device cuda --num-eval 128 --seed 44 --cem-seed 44 --episodes-file episodes/reacher_c2222.ep100.s2222.json --goal-offset 25 --eval-budget 50
691	reacher	router_ds2_tauown	25	45	logs/rbD_reacher_router_ds2_tauown_t25_seed45.log	python -m surveyor.envs.reacher.eval --subgoal router+surveyor --gdm-ckpt gdm_reacher_s10_s2.pt --gdm-steps 8 --accept-tau 0.106 --horizon 2 --receding-horizon 2 --source local --local-dir encoder_reacher --h5 "$REACHER_H5" --device cuda --num-eval 128 --seed 45 --cem-seed 45 --episodes-file episodes/reacher_c2222.ep100.s2222.json --goal-offset 25 --eval-budget 50
692	reacher	router_ds2_tauown	25	46	logs/rbD_reacher_router_ds2_tauown_t25_seed46.log	python -m surveyor.envs.reacher.eval --subgoal router+surveyor --gdm-ckpt gdm_reacher_s10_s2.pt --gdm-steps 8 --accept-tau 0.106 --horizon 2 --receding-horizon 2 --source local --local-dir encoder_reacher --h5 "$REACHER_H5" --device cuda --num-eval 128 --seed 46 --cem-seed 46 --episodes-file episodes/reacher_c2222.ep100.s2222.json --goal-offset 25 --eval-budget 50
693	reacher	router_ds2_tauown	25	47	logs/rbD_reacher_router_ds2_tauown_t25_seed47.log	python -m surveyor.envs.reacher.eval --subgoal router+surveyor --gdm-ckpt gdm_reacher_s10_s2.pt --gdm-steps 8 --accept-tau 0.106 --horizon 2 --receding-horizon 2 --source local --local-dir encoder_reacher --h5 "$REACHER_H5" --device cuda --num-eval 128 --seed 47 --cem-seed 47 --episodes-file episodes/reacher_c2222.ep100.s2222.json --goal-offset 25 --eval-budget 50
694	reacher	router_ds2_tauown	25	48	logs/rbD_reacher_router_ds2_tauown_t25_seed48.log	python -m surveyor.envs.reacher.eval --subgoal router+surveyor --gdm-ckpt gdm_reacher_s10_s2.pt --gdm-steps 8 --accept-tau 0.106 --horizon 2 --receding-horizon 2 --source local --local-dir encoder_reacher --h5 "$REACHER_H5" --device cuda --num-eval 128 --seed 48 --cem-seed 48 --episodes-file episodes/reacher_c2222.ep100.s2222.json --goal-offset 25 --eval-budget 50
695	reacher	router_ds2_tauown	25	49	logs/rbD_reacher_router_ds2_tauown_t25_seed49.log	python -m surveyor.envs.reacher.eval --subgoal router+surveyor --gdm-ckpt gdm_reacher_s10_s2.pt --gdm-steps 8 --accept-tau 0.106 --horizon 2 --receding-horizon 2 --source local --local-dir encoder_reacher --h5 "$REACHER_H5" --device cuda --num-eval 128 --seed 49 --cem-seed 49 --episodes-file episodes/reacher_c2222.ep100.s2222.json --goal-offset 25 --eval-budget 50
696	reacher	router_ds2_tauown	50	42	logs/rbD_reacher_router_ds2_tauown_t50_seed42.log	python -m surveyor.envs.reacher.eval --subgoal router+surveyor --gdm-ckpt gdm_reacher_s10_s2.pt --gdm-steps 8 --accept-tau 0.106 --horizon 2 --receding-horizon 2 --source local --local-dir encoder_reacher --h5 "$REACHER_H5" --device cuda --num-eval 128 --seed 42 --cem-seed 42 --episodes-file episodes/reacher_c2222.ep100.s2222.json --goal-offset 50 --eval-budget 100
697	reacher	router_ds2_tauown	50	43	logs/rbD_reacher_router_ds2_tauown_t50_seed43.log	python -m surveyor.envs.reacher.eval --subgoal router+surveyor --gdm-ckpt gdm_reacher_s10_s2.pt --gdm-steps 8 --accept-tau 0.106 --horizon 2 --receding-horizon 2 --source local --local-dir encoder_reacher --h5 "$REACHER_H5" --device cuda --num-eval 128 --seed 43 --cem-seed 43 --episodes-file episodes/reacher_c2222.ep100.s2222.json --goal-offset 50 --eval-budget 100
698	reacher	router_ds2_tauown	50	44	logs/rbD_reacher_router_ds2_tauown_t50_seed44.log	python -m surveyor.envs.reacher.eval --subgoal router+surveyor --gdm-ckpt gdm_reacher_s10_s2.pt --gdm-steps 8 --accept-tau 0.106 --horizon 2 --receding-horizon 2 --source local --local-dir encoder_reacher --h5 "$REACHER_H5" --device cuda --num-eval 128 --seed 44 --cem-seed 44 --episodes-file episodes/reacher_c2222.ep100.s2222.json --goal-offset 50 --eval-budget 100
699	reacher	router_ds2_tauown	50	45	logs/rbD_reacher_router_ds2_tauown_t50_seed45.log	python -m surveyor.envs.reacher.eval --subgoal router+surveyor --gdm-ckpt gdm_reacher_s10_s2.pt --gdm-steps 8 --accept-tau 0.106 --horizon 2 --receding-horizon 2 --source local --local-dir encoder_reacher --h5 "$REACHER_H5" --device cuda --num-eval 128 --seed 45 --cem-seed 45 --episodes-file episodes/reacher_c2222.ep100.s2222.json --goal-offset 50 --eval-budget 100
700	reacher	router_ds2_tauown	50	46	logs/rbD_reacher_router_ds2_tauown_t50_seed46.log	python -m surveyor.envs.reacher.eval --subgoal router+surveyor --gdm-ckpt gdm_reacher_s10_s2.pt --gdm-steps 8 --accept-tau 0.106 --horizon 2 --receding-horizon 2 --source local --local-dir encoder_reacher --h5 "$REACHER_H5" --device cuda --num-eval 128 --seed 46 --cem-seed 46 --episodes-file episodes/reacher_c2222.ep100.s2222.json --goal-offset 50 --eval-budget 100
701	reacher	router_ds2_tauown	50	47	logs/rbD_reacher_router_ds2_tauown_t50_seed47.log	python -m surveyor.envs.reacher.eval --subgoal router+surveyor --gdm-ckpt gdm_reacher_s10_s2.pt --gdm-steps 8 --accept-tau 0.106 --horizon 2 --receding-horizon 2 --source local --local-dir encoder_reacher --h5 "$REACHER_H5" --device cuda --num-eval 128 --seed 47 --cem-seed 47 --episodes-file episodes/reacher_c2222.ep100.s2222.json --goal-offset 50 --eval-budget 100
702	reacher	router_ds2_tauown	50	48	logs/rbD_reacher_router_ds2_tauown_t50_seed48.log	python -m surveyor.envs.reacher.eval --subgoal router+surveyor --gdm-ckpt gdm_reacher_s10_s2.pt --gdm-steps 8 --accept-tau 0.106 --horizon 2 --receding-horizon 2 --source local --local-dir encoder_reacher --h5 "$REACHER_H5" --device cuda --num-eval 128 --seed 48 --cem-seed 48 --episodes-file episodes/reacher_c2222.ep100.s2222.json --goal-offset 50 --eval-budget 100
703	reacher	router_ds2_tauown	50	49	logs/rbD_reacher_router_ds2_tauown_t50_seed49.log	python -m surveyor.envs.reacher.eval --subgoal router+surveyor --gdm-ckpt gdm_reacher_s10_s2.pt --gdm-steps 8 --accept-tau 0.106 --horizon 2 --receding-horizon 2 --source local --local-dir encoder_reacher --h5 "$REACHER_H5" --device cuda --num-eval 128 --seed 49 --cem-seed 49 --episodes-file episodes/reacher_c2222.ep100.s2222.json --goal-offset 50 --eval-budget 100
704	reacher	router_ds2_tauown	100	42	logs/rbD_reacher_router_ds2_tauown_t100_seed42.log	python -m surveyor.envs.reacher.eval --subgoal router+surveyor --gdm-ckpt gdm_reacher_s10_s2.pt --gdm-steps 8 --accept-tau 0.106 --horizon 2 --receding-horizon 2 --source local --local-dir encoder_reacher --h5 "$REACHER_H5" --device cuda --num-eval 128 --seed 42 --cem-seed 42 --episodes-file episodes/reacher_c2222.ep100.s2222.json --goal-offset 100 --eval-budget 200
705	reacher	router_ds2_tauown	100	43	logs/rbD_reacher_router_ds2_tauown_t100_seed43.log	python -m surveyor.envs.reacher.eval --subgoal router+surveyor --gdm-ckpt gdm_reacher_s10_s2.pt --gdm-steps 8 --accept-tau 0.106 --horizon 2 --receding-horizon 2 --source local --local-dir encoder_reacher --h5 "$REACHER_H5" --device cuda --num-eval 128 --seed 43 --cem-seed 43 --episodes-file episodes/reacher_c2222.ep100.s2222.json --goal-offset 100 --eval-budget 200
706	reacher	router_ds2_tauown	100	44	logs/rbD_reacher_router_ds2_tauown_t100_seed44.log	python -m surveyor.envs.reacher.eval --subgoal router+surveyor --gdm-ckpt gdm_reacher_s10_s2.pt --gdm-steps 8 --accept-tau 0.106 --horizon 2 --receding-horizon 2 --source local --local-dir encoder_reacher --h5 "$REACHER_H5" --device cuda --num-eval 128 --seed 44 --cem-seed 44 --episodes-file episodes/reacher_c2222.ep100.s2222.json --goal-offset 100 --eval-budget 200
707	reacher	router_ds2_tauown	100	45	logs/rbD_reacher_router_ds2_tauown_t100_seed45.log	python -m surveyor.envs.reacher.eval --subgoal router+surveyor --gdm-ckpt gdm_reacher_s10_s2.pt --gdm-steps 8 --accept-tau 0.106 --horizon 2 --receding-horizon 2 --source local --local-dir encoder_reacher --h5 "$REACHER_H5" --device cuda --num-eval 128 --seed 45 --cem-seed 45 --episodes-file episodes/reacher_c2222.ep100.s2222.json --goal-offset 100 --eval-budget 200
708	reacher	router_ds2_tauown	100	46	logs/rbD_reacher_router_ds2_tauown_t100_seed46.log	python -m surveyor.envs.reacher.eval --subgoal router+surveyor --gdm-ckpt gdm_reacher_s10_s2.pt --gdm-steps 8 --accept-tau 0.106 --horizon 2 --receding-horizon 2 --source local --local-dir encoder_reacher --h5 "$REACHER_H5" --device cuda --num-eval 128 --seed 46 --cem-seed 46 --episodes-file episodes/reacher_c2222.ep100.s2222.json --goal-offset 100 --eval-budget 200
709	reacher	router_ds2_tauown	100	47	logs/rbD_reacher_router_ds2_tauown_t100_seed47.log	python -m surveyor.envs.reacher.eval --subgoal router+surveyor --gdm-ckpt gdm_reacher_s10_s2.pt --gdm-steps 8 --accept-tau 0.106 --horizon 2 --receding-horizon 2 --source local --local-dir encoder_reacher --h5 "$REACHER_H5" --device cuda --num-eval 128 --seed 47 --cem-seed 47 --episodes-file episodes/reacher_c2222.ep100.s2222.json --goal-offset 100 --eval-budget 200
710	reacher	router_ds2_tauown	100	48	logs/rbD_reacher_router_ds2_tauown_t100_seed48.log	python -m surveyor.envs.reacher.eval --subgoal router+surveyor --gdm-ckpt gdm_reacher_s10_s2.pt --gdm-steps 8 --accept-tau 0.106 --horizon 2 --receding-horizon 2 --source local --local-dir encoder_reacher --h5 "$REACHER_H5" --device cuda --num-eval 128 --seed 48 --cem-seed 48 --episodes-file episodes/reacher_c2222.ep100.s2222.json --goal-offset 100 --eval-budget 200
711	reacher	router_ds2_tauown	100	49	logs/rbD_reacher_router_ds2_tauown_t100_seed49.log	python -m surveyor.envs.reacher.eval --subgoal router+surveyor --gdm-ckpt gdm_reacher_s10_s2.pt --gdm-steps 8 --accept-tau 0.106 --horizon 2 --receding-horizon 2 --source local --local-dir encoder_reacher --h5 "$REACHER_H5" --device cuda --num-eval 128 --seed 49 --cem-seed 49 --episodes-file episodes/reacher_c2222.ep100.s2222.json --goal-offset 100 --eval-budget 200
712	reacher	router_ds2_tauown	150	42	logs/rbD_reacher_router_ds2_tauown_t150_seed42.log	python -m surveyor.envs.reacher.eval --subgoal router+surveyor --gdm-ckpt gdm_reacher_s10_s2.pt --gdm-steps 8 --accept-tau 0.106 --horizon 2 --receding-horizon 2 --source local --local-dir encoder_reacher --h5 "$REACHER_H5" --device cuda --num-eval 128 --seed 42 --cem-seed 42 --episodes-file episodes/reacher_c2222.ep150.s2222.json --goal-offset 150 --eval-budget 300
713	reacher	router_ds2_tauown	150	43	logs/rbD_reacher_router_ds2_tauown_t150_seed43.log	python -m surveyor.envs.reacher.eval --subgoal router+surveyor --gdm-ckpt gdm_reacher_s10_s2.pt --gdm-steps 8 --accept-tau 0.106 --horizon 2 --receding-horizon 2 --source local --local-dir encoder_reacher --h5 "$REACHER_H5" --device cuda --num-eval 128 --seed 43 --cem-seed 43 --episodes-file episodes/reacher_c2222.ep150.s2222.json --goal-offset 150 --eval-budget 300
714	reacher	router_ds2_tauown	150	44	logs/rbD_reacher_router_ds2_tauown_t150_seed44.log	python -m surveyor.envs.reacher.eval --subgoal router+surveyor --gdm-ckpt gdm_reacher_s10_s2.pt --gdm-steps 8 --accept-tau 0.106 --horizon 2 --receding-horizon 2 --source local --local-dir encoder_reacher --h5 "$REACHER_H5" --device cuda --num-eval 128 --seed 44 --cem-seed 44 --episodes-file episodes/reacher_c2222.ep150.s2222.json --goal-offset 150 --eval-budget 300
715	reacher	router_ds2_tauown	150	45	logs/rbD_reacher_router_ds2_tauown_t150_seed45.log	python -m surveyor.envs.reacher.eval --subgoal router+surveyor --gdm-ckpt gdm_reacher_s10_s2.pt --gdm-steps 8 --accept-tau 0.106 --horizon 2 --receding-horizon 2 --source local --local-dir encoder_reacher --h5 "$REACHER_H5" --device cuda --num-eval 128 --seed 45 --cem-seed 45 --episodes-file episodes/reacher_c2222.ep150.s2222.json --goal-offset 150 --eval-budget 300
716	reacher	router_ds2_tauown	150	46	logs/rbD_reacher_router_ds2_tauown_t150_seed46.log	python -m surveyor.envs.reacher.eval --subgoal router+surveyor --gdm-ckpt gdm_reacher_s10_s2.pt --gdm-steps 8 --accept-tau 0.106 --horizon 2 --receding-horizon 2 --source local --local-dir encoder_reacher --h5 "$REACHER_H5" --device cuda --num-eval 128 --seed 46 --cem-seed 46 --episodes-file episodes/reacher_c2222.ep150.s2222.json --goal-offset 150 --eval-budget 300
717	reacher	router_ds2_tauown	150	47	logs/rbD_reacher_router_ds2_tauown_t150_seed47.log	python -m surveyor.envs.reacher.eval --subgoal router+surveyor --gdm-ckpt gdm_reacher_s10_s2.pt --gdm-steps 8 --accept-tau 0.106 --horizon 2 --receding-horizon 2 --source local --local-dir encoder_reacher --h5 "$REACHER_H5" --device cuda --num-eval 128 --seed 47 --cem-seed 47 --episodes-file episodes/reacher_c2222.ep150.s2222.json --goal-offset 150 --eval-budget 300
718	reacher	router_ds2_tauown	150	48	logs/rbD_reacher_router_ds2_tauown_t150_seed48.log	python -m surveyor.envs.reacher.eval --subgoal router+surveyor --gdm-ckpt gdm_reacher_s10_s2.pt --gdm-steps 8 --accept-tau 0.106 --horizon 2 --receding-horizon 2 --source local --local-dir encoder_reacher --h5 "$REACHER_H5" --device cuda --num-eval 128 --seed 48 --cem-seed 48 --episodes-file episodes/reacher_c2222.ep150.s2222.json --goal-offset 150 --eval-budget 300
719	reacher	router_ds2_tauown	150	49	logs/rbD_reacher_router_ds2_tauown_t150_seed49.log	python -m surveyor.envs.reacher.eval --subgoal router+surveyor --gdm-ckpt gdm_reacher_s10_s2.pt --gdm-steps 8 --accept-tau 0.106 --horizon 2 --receding-horizon 2 --source local --local-dir encoder_reacher --h5 "$REACHER_H5" --device cuda --num-eval 128 --seed 49 --cem-seed 49 --episodes-file episodes/reacher_c2222.ep150.s2222.json --goal-offset 150 --eval-budget 300
