idx	env	arm	t	seed	log	cmd
0	cube	router_rt0.10	150	42	logs/rbM_cube_router_rt0.10_t150_seed42.log	python -m surveyor.envs.cube.eval --subgoal router+surveyor --gdm-ckpt gdm_cube_s10_gc.pt --gdm-steps 3 --accept-tau 0.20 --horizon 2 --receding-horizon 2 --num-samples 600 --n-steps 30 --source pretrained --encoder-id quentinll/lewm-cube --h5 "$CUBE_H5" --device cuda --goal-offset 150 --eval-budget 300 --num-eval 128 --seed 42 --cem-seed 42 --episodes-file episodes/cube_c2222.episodes150.json --retire-tau 0.10
1	cube	router_rt0.10	150	43	logs/rbM_cube_router_rt0.10_t150_seed43.log	python -m surveyor.envs.cube.eval --subgoal router+surveyor --gdm-ckpt gdm_cube_s10_gc.pt --gdm-steps 3 --accept-tau 0.20 --horizon 2 --receding-horizon 2 --num-samples 600 --n-steps 30 --source pretrained --encoder-id quentinll/lewm-cube --h5 "$CUBE_H5" --device cuda --goal-offset 150 --eval-budget 300 --num-eval 128 --seed 43 --cem-seed 43 --episodes-file episodes/cube_c2222.episodes150.json --retire-tau 0.10
2	cube	router_rt0.10	150	44	logs/rbM_cube_router_rt0.10_t150_seed44.log	python -m surveyor.envs.cube.eval --subgoal router+surveyor --gdm-ckpt gdm_cube_s10_gc.pt --gdm-steps 3 --accept-tau 0.20 --horizon 2 --receding-horizon 2 --num-samples 600 --n-steps 30 --source pretrained --encoder-id quentinll/lewm-cube --h5 "$CUBE_H5" --device cuda --goal-offset 150 --eval-budget 300 --num-eval 128 --seed 44 --cem-seed 44 --episodes-file episodes/cube_c2222.episodes150.json --retire-tau 0.10
3	cube	router_rt0.10	150	45	logs/rbM_cube_router_rt0.10_t150_seed45.log	python -m surveyor.envs.cube.eval --subgoal router+surveyor --gdm-ckpt gdm_cube_s10_gc.pt --gdm-steps 3 --accept-tau 0.20 --horizon 2 --receding-horizon 2 --num-samples 600 --n-steps 30 --source pretrained --encoder-id quentinll/lewm-cube --h5 "$CUBE_H5" --device cuda --goal-offset 150 --eval-budget 300 --num-eval 128 --seed 45 --cem-seed 45 --episodes-file episodes/cube_c2222.episodes150.json --retire-tau 0.10
4	cube	router_rt0.10	150	46	logs/rbM_cube_router_rt0.10_t150_seed46.log	python -m surveyor.envs.cube.eval --subgoal router+surveyor --gdm-ckpt gdm_cube_s10_gc.pt --gdm-steps 3 --accept-tau 0.20 --horizon 2 --receding-horizon 2 --num-samples 600 --n-steps 30 --source pretrained --encoder-id quentinll/lewm-cube --h5 "$CUBE_H5" --device cuda --goal-offset 150 --eval-budget 300 --num-eval 128 --seed 46 --cem-seed 46 --episodes-file episodes/cube_c2222.episodes150.json --retire-tau 0.10
5	cube	router_rt0.10	150	47	logs/rbM_cube_router_rt0.10_t150_seed47.log	python -m surveyor.envs.cube.eval --subgoal router+surveyor --gdm-ckpt gdm_cube_s10_gc.pt --gdm-steps 3 --accept-tau 0.20 --horizon 2 --receding-horizon 2 --num-samples 600 --n-steps 30 --source pretrained --encoder-id quentinll/lewm-cube --h5 "$CUBE_H5" --device cuda --goal-offset 150 --eval-budget 300 --num-eval 128 --seed 47 --cem-seed 47 --episodes-file episodes/cube_c2222.episodes150.json --retire-tau 0.10
6	cube	router_rt0.10	150	48	logs/rbM_cube_router_rt0.10_t150_seed48.log	python -m surveyor.envs.cube.eval --subgoal router+surveyor --gdm-ckpt gdm_cube_s10_gc.pt --gdm-steps 3 --accept-tau 0.20 --horizon 2 --receding-horizon 2 --num-samples 600 --n-steps 30 --source pretrained --encoder-id quentinll/lewm-cube --h5 "$CUBE_H5" --device cuda --goal-offset 150 --eval-budget 300 --num-eval 128 --seed 48 --cem-seed 48 --episodes-file episodes/cube_c2222.episodes150.json --retire-tau 0.10
7	cube	router_rt0.10	150	49	logs/rbM_cube_router_rt0.10_t150_seed49.log	python -m surveyor.envs.cube.eval --subgoal router+surveyor --gdm-ckpt gdm_cube_s10_gc.pt --gdm-steps 3 --accept-tau 0.20 --horizon 2 --receding-horizon 2 --num-samples 600 --n-steps 30 --source pretrained --encoder-id quentinll/lewm-cube --h5 "$CUBE_H5" --device cuda --goal-offset 150 --eval-budget 300 --num-eval 128 --seed 49 --cem-seed 49 --episodes-file episodes/cube_c2222.episodes150.json --retire-tau 0.10
8	cube	router_rt0.10	25	42	logs/rbM_cube_router_rt0.10_t25_seed42.log	python -m surveyor.envs.cube.eval --subgoal router+surveyor --gdm-ckpt gdm_cube_s10_gc.pt --gdm-steps 3 --accept-tau 0.20 --horizon 2 --receding-horizon 2 --num-samples 600 --n-steps 30 --source pretrained --encoder-id quentinll/lewm-cube --h5 "$CUBE_H5" --device cuda --goal-offset 25 --eval-budget 50 --num-eval 128 --seed 42 --cem-seed 42 --episodes-file episodes/cube_c2222.episodes25.json --retire-tau 0.10
9	cube	icem_router_rt0.10	25	42	logs/rbM_cube_icem_router_rt0.10_t25_seed42.log	python -m surveyor.envs.cube.eval --solver icem --subgoal router+surveyor --gdm-ckpt gdm_cube_s10_gc.pt --gdm-steps 3 --accept-tau 0.20 --horizon 2 --receding-horizon 2 --num-samples 600 --n-steps 30 --source pretrained --encoder-id quentinll/lewm-cube --h5 "$CUBE_H5" --device cuda --goal-offset 25 --eval-budget 50 --num-eval 128 --seed 42 --cem-seed 42 --episodes-file episodes/cube_c2222.episodes25.json --retire-tau 0.10
10	cube	mppi_router_rt0.10	25	42	logs/rbM_cube_mppi_router_rt0.10_t25_seed42.log	python -m surveyor.envs.cube.eval --solver mppi --subgoal router+surveyor --gdm-ckpt gdm_cube_s10_gc.pt --gdm-steps 3 --accept-tau 0.20 --horizon 2 --receding-horizon 2 --num-samples 600 --n-steps 30 --source pretrained --encoder-id quentinll/lewm-cube --h5 "$CUBE_H5" --device cuda --goal-offset 25 --eval-budget 50 --num-eval 128 --seed 42 --cem-seed 42 --episodes-file episodes/cube_c2222.episodes25.json --retire-tau 0.10
11	cube	router_rt0.10	25	43	logs/rbM_cube_router_rt0.10_t25_seed43.log	python -m surveyor.envs.cube.eval --subgoal router+surveyor --gdm-ckpt gdm_cube_s10_gc.pt --gdm-steps 3 --accept-tau 0.20 --horizon 2 --receding-horizon 2 --num-samples 600 --n-steps 30 --source pretrained --encoder-id quentinll/lewm-cube --h5 "$CUBE_H5" --device cuda --goal-offset 25 --eval-budget 50 --num-eval 128 --seed 43 --cem-seed 43 --episodes-file episodes/cube_c2222.episodes25.json --retire-tau 0.10
12	cube	icem_router_rt0.10	25	43	logs/rbM_cube_icem_router_rt0.10_t25_seed43.log	python -m surveyor.envs.cube.eval --solver icem --subgoal router+surveyor --gdm-ckpt gdm_cube_s10_gc.pt --gdm-steps 3 --accept-tau 0.20 --horizon 2 --receding-horizon 2 --num-samples 600 --n-steps 30 --source pretrained --encoder-id quentinll/lewm-cube --h5 "$CUBE_H5" --device cuda --goal-offset 25 --eval-budget 50 --num-eval 128 --seed 43 --cem-seed 43 --episodes-file episodes/cube_c2222.episodes25.json --retire-tau 0.10
13	cube	mppi_router_rt0.10	25	43	logs/rbM_cube_mppi_router_rt0.10_t25_seed43.log	python -m surveyor.envs.cube.eval --solver mppi --subgoal router+surveyor --gdm-ckpt gdm_cube_s10_gc.pt --gdm-steps 3 --accept-tau 0.20 --horizon 2 --receding-horizon 2 --num-samples 600 --n-steps 30 --source pretrained --encoder-id quentinll/lewm-cube --h5 "$CUBE_H5" --device cuda --goal-offset 25 --eval-budget 50 --num-eval 128 --seed 43 --cem-seed 43 --episodes-file episodes/cube_c2222.episodes25.json --retire-tau 0.10
14	cube	router_rt0.10	25	44	logs/rbM_cube_router_rt0.10_t25_seed44.log	python -m surveyor.envs.cube.eval --subgoal router+surveyor --gdm-ckpt gdm_cube_s10_gc.pt --gdm-steps 3 --accept-tau 0.20 --horizon 2 --receding-horizon 2 --num-samples 600 --n-steps 30 --source pretrained --encoder-id quentinll/lewm-cube --h5 "$CUBE_H5" --device cuda --goal-offset 25 --eval-budget 50 --num-eval 128 --seed 44 --cem-seed 44 --episodes-file episodes/cube_c2222.episodes25.json --retire-tau 0.10
15	cube	icem_router_rt0.10	25	44	logs/rbM_cube_icem_router_rt0.10_t25_seed44.log	python -m surveyor.envs.cube.eval --solver icem --subgoal router+surveyor --gdm-ckpt gdm_cube_s10_gc.pt --gdm-steps 3 --accept-tau 0.20 --horizon 2 --receding-horizon 2 --num-samples 600 --n-steps 30 --source pretrained --encoder-id quentinll/lewm-cube --h5 "$CUBE_H5" --device cuda --goal-offset 25 --eval-budget 50 --num-eval 128 --seed 44 --cem-seed 44 --episodes-file episodes/cube_c2222.episodes25.json --retire-tau 0.10
16	cube	mppi_router_rt0.10	25	44	logs/rbM_cube_mppi_router_rt0.10_t25_seed44.log	python -m surveyor.envs.cube.eval --solver mppi --subgoal router+surveyor --gdm-ckpt gdm_cube_s10_gc.pt --gdm-steps 3 --accept-tau 0.20 --horizon 2 --receding-horizon 2 --num-samples 600 --n-steps 30 --source pretrained --encoder-id quentinll/lewm-cube --h5 "$CUBE_H5" --device cuda --goal-offset 25 --eval-budget 50 --num-eval 128 --seed 44 --cem-seed 44 --episodes-file episodes/cube_c2222.episodes25.json --retire-tau 0.10
17	cube	router_rt0.10	25	45	logs/rbM_cube_router_rt0.10_t25_seed45.log	python -m surveyor.envs.cube.eval --subgoal router+surveyor --gdm-ckpt gdm_cube_s10_gc.pt --gdm-steps 3 --accept-tau 0.20 --horizon 2 --receding-horizon 2 --num-samples 600 --n-steps 30 --source pretrained --encoder-id quentinll/lewm-cube --h5 "$CUBE_H5" --device cuda --goal-offset 25 --eval-budget 50 --num-eval 128 --seed 45 --cem-seed 45 --episodes-file episodes/cube_c2222.episodes25.json --retire-tau 0.10
18	cube	icem_router_rt0.10	25	45	logs/rbM_cube_icem_router_rt0.10_t25_seed45.log	python -m surveyor.envs.cube.eval --solver icem --subgoal router+surveyor --gdm-ckpt gdm_cube_s10_gc.pt --gdm-steps 3 --accept-tau 0.20 --horizon 2 --receding-horizon 2 --num-samples 600 --n-steps 30 --source pretrained --encoder-id quentinll/lewm-cube --h5 "$CUBE_H5" --device cuda --goal-offset 25 --eval-budget 50 --num-eval 128 --seed 45 --cem-seed 45 --episodes-file episodes/cube_c2222.episodes25.json --retire-tau 0.10
19	cube	mppi_router_rt0.10	25	45	logs/rbM_cube_mppi_router_rt0.10_t25_seed45.log	python -m surveyor.envs.cube.eval --solver mppi --subgoal router+surveyor --gdm-ckpt gdm_cube_s10_gc.pt --gdm-steps 3 --accept-tau 0.20 --horizon 2 --receding-horizon 2 --num-samples 600 --n-steps 30 --source pretrained --encoder-id quentinll/lewm-cube --h5 "$CUBE_H5" --device cuda --goal-offset 25 --eval-budget 50 --num-eval 128 --seed 45 --cem-seed 45 --episodes-file episodes/cube_c2222.episodes25.json --retire-tau 0.10
20	cube	router_rt0.10	25	46	logs/rbM_cube_router_rt0.10_t25_seed46.log	python -m surveyor.envs.cube.eval --subgoal router+surveyor --gdm-ckpt gdm_cube_s10_gc.pt --gdm-steps 3 --accept-tau 0.20 --horizon 2 --receding-horizon 2 --num-samples 600 --n-steps 30 --source pretrained --encoder-id quentinll/lewm-cube --h5 "$CUBE_H5" --device cuda --goal-offset 25 --eval-budget 50 --num-eval 128 --seed 46 --cem-seed 46 --episodes-file episodes/cube_c2222.episodes25.json --retire-tau 0.10
21	cube	icem_router_rt0.10	25	46	logs/rbM_cube_icem_router_rt0.10_t25_seed46.log	python -m surveyor.envs.cube.eval --solver icem --subgoal router+surveyor --gdm-ckpt gdm_cube_s10_gc.pt --gdm-steps 3 --accept-tau 0.20 --horizon 2 --receding-horizon 2 --num-samples 600 --n-steps 30 --source pretrained --encoder-id quentinll/lewm-cube --h5 "$CUBE_H5" --device cuda --goal-offset 25 --eval-budget 50 --num-eval 128 --seed 46 --cem-seed 46 --episodes-file episodes/cube_c2222.episodes25.json --retire-tau 0.10
22	cube	mppi_router_rt0.10	25	46	logs/rbM_cube_mppi_router_rt0.10_t25_seed46.log	python -m surveyor.envs.cube.eval --solver mppi --subgoal router+surveyor --gdm-ckpt gdm_cube_s10_gc.pt --gdm-steps 3 --accept-tau 0.20 --horizon 2 --receding-horizon 2 --num-samples 600 --n-steps 30 --source pretrained --encoder-id quentinll/lewm-cube --h5 "$CUBE_H5" --device cuda --goal-offset 25 --eval-budget 50 --num-eval 128 --seed 46 --cem-seed 46 --episodes-file episodes/cube_c2222.episodes25.json --retire-tau 0.10
23	cube	router_rt0.10	25	47	logs/rbM_cube_router_rt0.10_t25_seed47.log	python -m surveyor.envs.cube.eval --subgoal router+surveyor --gdm-ckpt gdm_cube_s10_gc.pt --gdm-steps 3 --accept-tau 0.20 --horizon 2 --receding-horizon 2 --num-samples 600 --n-steps 30 --source pretrained --encoder-id quentinll/lewm-cube --h5 "$CUBE_H5" --device cuda --goal-offset 25 --eval-budget 50 --num-eval 128 --seed 47 --cem-seed 47 --episodes-file episodes/cube_c2222.episodes25.json --retire-tau 0.10
24	cube	icem_router_rt0.10	25	47	logs/rbM_cube_icem_router_rt0.10_t25_seed47.log	python -m surveyor.envs.cube.eval --solver icem --subgoal router+surveyor --gdm-ckpt gdm_cube_s10_gc.pt --gdm-steps 3 --accept-tau 0.20 --horizon 2 --receding-horizon 2 --num-samples 600 --n-steps 30 --source pretrained --encoder-id quentinll/lewm-cube --h5 "$CUBE_H5" --device cuda --goal-offset 25 --eval-budget 50 --num-eval 128 --seed 47 --cem-seed 47 --episodes-file episodes/cube_c2222.episodes25.json --retire-tau 0.10
25	cube	mppi_router_rt0.10	25	47	logs/rbM_cube_mppi_router_rt0.10_t25_seed47.log	python -m surveyor.envs.cube.eval --solver mppi --subgoal router+surveyor --gdm-ckpt gdm_cube_s10_gc.pt --gdm-steps 3 --accept-tau 0.20 --horizon 2 --receding-horizon 2 --num-samples 600 --n-steps 30 --source pretrained --encoder-id quentinll/lewm-cube --h5 "$CUBE_H5" --device cuda --goal-offset 25 --eval-budget 50 --num-eval 128 --seed 47 --cem-seed 47 --episodes-file episodes/cube_c2222.episodes25.json --retire-tau 0.10
26	cube	router_rt0.10	25	48	logs/rbM_cube_router_rt0.10_t25_seed48.log	python -m surveyor.envs.cube.eval --subgoal router+surveyor --gdm-ckpt gdm_cube_s10_gc.pt --gdm-steps 3 --accept-tau 0.20 --horizon 2 --receding-horizon 2 --num-samples 600 --n-steps 30 --source pretrained --encoder-id quentinll/lewm-cube --h5 "$CUBE_H5" --device cuda --goal-offset 25 --eval-budget 50 --num-eval 128 --seed 48 --cem-seed 48 --episodes-file episodes/cube_c2222.episodes25.json --retire-tau 0.10
27	cube	icem_router_rt0.10	25	48	logs/rbM_cube_icem_router_rt0.10_t25_seed48.log	python -m surveyor.envs.cube.eval --solver icem --subgoal router+surveyor --gdm-ckpt gdm_cube_s10_gc.pt --gdm-steps 3 --accept-tau 0.20 --horizon 2 --receding-horizon 2 --num-samples 600 --n-steps 30 --source pretrained --encoder-id quentinll/lewm-cube --h5 "$CUBE_H5" --device cuda --goal-offset 25 --eval-budget 50 --num-eval 128 --seed 48 --cem-seed 48 --episodes-file episodes/cube_c2222.episodes25.json --retire-tau 0.10
28	cube	mppi_router_rt0.10	25	48	logs/rbM_cube_mppi_router_rt0.10_t25_seed48.log	python -m surveyor.envs.cube.eval --solver mppi --subgoal router+surveyor --gdm-ckpt gdm_cube_s10_gc.pt --gdm-steps 3 --accept-tau 0.20 --horizon 2 --receding-horizon 2 --num-samples 600 --n-steps 30 --source pretrained --encoder-id quentinll/lewm-cube --h5 "$CUBE_H5" --device cuda --goal-offset 25 --eval-budget 50 --num-eval 128 --seed 48 --cem-seed 48 --episodes-file episodes/cube_c2222.episodes25.json --retire-tau 0.10
29	cube	router_rt0.10	25	49	logs/rbM_cube_router_rt0.10_t25_seed49.log	python -m surveyor.envs.cube.eval --subgoal router+surveyor --gdm-ckpt gdm_cube_s10_gc.pt --gdm-steps 3 --accept-tau 0.20 --horizon 2 --receding-horizon 2 --num-samples 600 --n-steps 30 --source pretrained --encoder-id quentinll/lewm-cube --h5 "$CUBE_H5" --device cuda --goal-offset 25 --eval-budget 50 --num-eval 128 --seed 49 --cem-seed 49 --episodes-file episodes/cube_c2222.episodes25.json --retire-tau 0.10
30	cube	icem_router_rt0.10	25	49	logs/rbM_cube_icem_router_rt0.10_t25_seed49.log	python -m surveyor.envs.cube.eval --solver icem --subgoal router+surveyor --gdm-ckpt gdm_cube_s10_gc.pt --gdm-steps 3 --accept-tau 0.20 --horizon 2 --receding-horizon 2 --num-samples 600 --n-steps 30 --source pretrained --encoder-id quentinll/lewm-cube --h5 "$CUBE_H5" --device cuda --goal-offset 25 --eval-budget 50 --num-eval 128 --seed 49 --cem-seed 49 --episodes-file episodes/cube_c2222.episodes25.json --retire-tau 0.10
31	cube	mppi_router_rt0.10	25	49	logs/rbM_cube_mppi_router_rt0.10_t25_seed49.log	python -m surveyor.envs.cube.eval --solver mppi --subgoal router+surveyor --gdm-ckpt gdm_cube_s10_gc.pt --gdm-steps 3 --accept-tau 0.20 --horizon 2 --receding-horizon 2 --num-samples 600 --n-steps 30 --source pretrained --encoder-id quentinll/lewm-cube --h5 "$CUBE_H5" --device cuda --goal-offset 25 --eval-budget 50 --num-eval 128 --seed 49 --cem-seed 49 --episodes-file episodes/cube_c2222.episodes25.json --retire-tau 0.10
32	cube	router_rt0.10	50	42	logs/rbM_cube_router_rt0.10_t50_seed42.log	python -m surveyor.envs.cube.eval --subgoal router+surveyor --gdm-ckpt gdm_cube_s10_gc.pt --gdm-steps 3 --accept-tau 0.20 --horizon 2 --receding-horizon 2 --num-samples 600 --n-steps 30 --source pretrained --encoder-id quentinll/lewm-cube --h5 "$CUBE_H5" --device cuda --goal-offset 50 --eval-budget 100 --num-eval 128 --seed 42 --cem-seed 42 --episodes-file episodes/cube_c2222.episodes50.json --retire-tau 0.10
33	cube	icem_router_rt0.10	50	42	logs/rbM_cube_icem_router_rt0.10_t50_seed42.log	python -m surveyor.envs.cube.eval --solver icem --subgoal router+surveyor --gdm-ckpt gdm_cube_s10_gc.pt --gdm-steps 3 --accept-tau 0.20 --horizon 2 --receding-horizon 2 --num-samples 600 --n-steps 30 --source pretrained --encoder-id quentinll/lewm-cube --h5 "$CUBE_H5" --device cuda --goal-offset 50 --eval-budget 100 --num-eval 128 --seed 42 --cem-seed 42 --episodes-file episodes/cube_c2222.episodes50.json --retire-tau 0.10
34	cube	mppi_router_rt0.10	50	42	logs/rbM_cube_mppi_router_rt0.10_t50_seed42.log	python -m surveyor.envs.cube.eval --solver mppi --subgoal router+surveyor --gdm-ckpt gdm_cube_s10_gc.pt --gdm-steps 3 --accept-tau 0.20 --horizon 2 --receding-horizon 2 --num-samples 600 --n-steps 30 --source pretrained --encoder-id quentinll/lewm-cube --h5 "$CUBE_H5" --device cuda --goal-offset 50 --eval-budget 100 --num-eval 128 --seed 42 --cem-seed 42 --episodes-file episodes/cube_c2222.episodes50.json --retire-tau 0.10
35	cube	router_rt0.10	50	43	logs/rbM_cube_router_rt0.10_t50_seed43.log	python -m surveyor.envs.cube.eval --subgoal router+surveyor --gdm-ckpt gdm_cube_s10_gc.pt --gdm-steps 3 --accept-tau 0.20 --horizon 2 --receding-horizon 2 --num-samples 600 --n-steps 30 --source pretrained --encoder-id quentinll/lewm-cube --h5 "$CUBE_H5" --device cuda --goal-offset 50 --eval-budget 100 --num-eval 128 --seed 43 --cem-seed 43 --episodes-file episodes/cube_c2222.episodes50.json --retire-tau 0.10
36	cube	icem_router_rt0.10	50	43	logs/rbM_cube_icem_router_rt0.10_t50_seed43.log	python -m surveyor.envs.cube.eval --solver icem --subgoal router+surveyor --gdm-ckpt gdm_cube_s10_gc.pt --gdm-steps 3 --accept-tau 0.20 --horizon 2 --receding-horizon 2 --num-samples 600 --n-steps 30 --source pretrained --encoder-id quentinll/lewm-cube --h5 "$CUBE_H5" --device cuda --goal-offset 50 --eval-budget 100 --num-eval 128 --seed 43 --cem-seed 43 --episodes-file episodes/cube_c2222.episodes50.json --retire-tau 0.10
37	cube	mppi_router_rt0.10	50	43	logs/rbM_cube_mppi_router_rt0.10_t50_seed43.log	python -m surveyor.envs.cube.eval --solver mppi --subgoal router+surveyor --gdm-ckpt gdm_cube_s10_gc.pt --gdm-steps 3 --accept-tau 0.20 --horizon 2 --receding-horizon 2 --num-samples 600 --n-steps 30 --source pretrained --encoder-id quentinll/lewm-cube --h5 "$CUBE_H5" --device cuda --goal-offset 50 --eval-budget 100 --num-eval 128 --seed 43 --cem-seed 43 --episodes-file episodes/cube_c2222.episodes50.json --retire-tau 0.10
38	cube	router_rt0.10	50	44	logs/rbM_cube_router_rt0.10_t50_seed44.log	python -m surveyor.envs.cube.eval --subgoal router+surveyor --gdm-ckpt gdm_cube_s10_gc.pt --gdm-steps 3 --accept-tau 0.20 --horizon 2 --receding-horizon 2 --num-samples 600 --n-steps 30 --source pretrained --encoder-id quentinll/lewm-cube --h5 "$CUBE_H5" --device cuda --goal-offset 50 --eval-budget 100 --num-eval 128 --seed 44 --cem-seed 44 --episodes-file episodes/cube_c2222.episodes50.json --retire-tau 0.10
39	cube	icem_router_rt0.10	50	44	logs/rbM_cube_icem_router_rt0.10_t50_seed44.log	python -m surveyor.envs.cube.eval --solver icem --subgoal router+surveyor --gdm-ckpt gdm_cube_s10_gc.pt --gdm-steps 3 --accept-tau 0.20 --horizon 2 --receding-horizon 2 --num-samples 600 --n-steps 30 --source pretrained --encoder-id quentinll/lewm-cube --h5 "$CUBE_H5" --device cuda --goal-offset 50 --eval-budget 100 --num-eval 128 --seed 44 --cem-seed 44 --episodes-file episodes/cube_c2222.episodes50.json --retire-tau 0.10
40	cube	mppi_router_rt0.10	50	44	logs/rbM_cube_mppi_router_rt0.10_t50_seed44.log	python -m surveyor.envs.cube.eval --solver mppi --subgoal router+surveyor --gdm-ckpt gdm_cube_s10_gc.pt --gdm-steps 3 --accept-tau 0.20 --horizon 2 --receding-horizon 2 --num-samples 600 --n-steps 30 --source pretrained --encoder-id quentinll/lewm-cube --h5 "$CUBE_H5" --device cuda --goal-offset 50 --eval-budget 100 --num-eval 128 --seed 44 --cem-seed 44 --episodes-file episodes/cube_c2222.episodes50.json --retire-tau 0.10
41	cube	router_rt0.10	50	45	logs/rbM_cube_router_rt0.10_t50_seed45.log	python -m surveyor.envs.cube.eval --subgoal router+surveyor --gdm-ckpt gdm_cube_s10_gc.pt --gdm-steps 3 --accept-tau 0.20 --horizon 2 --receding-horizon 2 --num-samples 600 --n-steps 30 --source pretrained --encoder-id quentinll/lewm-cube --h5 "$CUBE_H5" --device cuda --goal-offset 50 --eval-budget 100 --num-eval 128 --seed 45 --cem-seed 45 --episodes-file episodes/cube_c2222.episodes50.json --retire-tau 0.10
42	cube	icem_router_rt0.10	50	45	logs/rbM_cube_icem_router_rt0.10_t50_seed45.log	python -m surveyor.envs.cube.eval --solver icem --subgoal router+surveyor --gdm-ckpt gdm_cube_s10_gc.pt --gdm-steps 3 --accept-tau 0.20 --horizon 2 --receding-horizon 2 --num-samples 600 --n-steps 30 --source pretrained --encoder-id quentinll/lewm-cube --h5 "$CUBE_H5" --device cuda --goal-offset 50 --eval-budget 100 --num-eval 128 --seed 45 --cem-seed 45 --episodes-file episodes/cube_c2222.episodes50.json --retire-tau 0.10
43	cube	mppi_router_rt0.10	50	45	logs/rbM_cube_mppi_router_rt0.10_t50_seed45.log	python -m surveyor.envs.cube.eval --solver mppi --subgoal router+surveyor --gdm-ckpt gdm_cube_s10_gc.pt --gdm-steps 3 --accept-tau 0.20 --horizon 2 --receding-horizon 2 --num-samples 600 --n-steps 30 --source pretrained --encoder-id quentinll/lewm-cube --h5 "$CUBE_H5" --device cuda --goal-offset 50 --eval-budget 100 --num-eval 128 --seed 45 --cem-seed 45 --episodes-file episodes/cube_c2222.episodes50.json --retire-tau 0.10
44	cube	router_rt0.10	50	46	logs/rbM_cube_router_rt0.10_t50_seed46.log	python -m surveyor.envs.cube.eval --subgoal router+surveyor --gdm-ckpt gdm_cube_s10_gc.pt --gdm-steps 3 --accept-tau 0.20 --horizon 2 --receding-horizon 2 --num-samples 600 --n-steps 30 --source pretrained --encoder-id quentinll/lewm-cube --h5 "$CUBE_H5" --device cuda --goal-offset 50 --eval-budget 100 --num-eval 128 --seed 46 --cem-seed 46 --episodes-file episodes/cube_c2222.episodes50.json --retire-tau 0.10
45	cube	icem_router_rt0.10	50	46	logs/rbM_cube_icem_router_rt0.10_t50_seed46.log	python -m surveyor.envs.cube.eval --solver icem --subgoal router+surveyor --gdm-ckpt gdm_cube_s10_gc.pt --gdm-steps 3 --accept-tau 0.20 --horizon 2 --receding-horizon 2 --num-samples 600 --n-steps 30 --source pretrained --encoder-id quentinll/lewm-cube --h5 "$CUBE_H5" --device cuda --goal-offset 50 --eval-budget 100 --num-eval 128 --seed 46 --cem-seed 46 --episodes-file episodes/cube_c2222.episodes50.json --retire-tau 0.10
46	cube	mppi_router_rt0.10	50	46	logs/rbM_cube_mppi_router_rt0.10_t50_seed46.log	python -m surveyor.envs.cube.eval --solver mppi --subgoal router+surveyor --gdm-ckpt gdm_cube_s10_gc.pt --gdm-steps 3 --accept-tau 0.20 --horizon 2 --receding-horizon 2 --num-samples 600 --n-steps 30 --source pretrained --encoder-id quentinll/lewm-cube --h5 "$CUBE_H5" --device cuda --goal-offset 50 --eval-budget 100 --num-eval 128 --seed 46 --cem-seed 46 --episodes-file episodes/cube_c2222.episodes50.json --retire-tau 0.10
47	cube	router_rt0.10	50	47	logs/rbM_cube_router_rt0.10_t50_seed47.log	python -m surveyor.envs.cube.eval --subgoal router+surveyor --gdm-ckpt gdm_cube_s10_gc.pt --gdm-steps 3 --accept-tau 0.20 --horizon 2 --receding-horizon 2 --num-samples 600 --n-steps 30 --source pretrained --encoder-id quentinll/lewm-cube --h5 "$CUBE_H5" --device cuda --goal-offset 50 --eval-budget 100 --num-eval 128 --seed 47 --cem-seed 47 --episodes-file episodes/cube_c2222.episodes50.json --retire-tau 0.10
48	cube	icem_router_rt0.10	50	47	logs/rbM_cube_icem_router_rt0.10_t50_seed47.log	python -m surveyor.envs.cube.eval --solver icem --subgoal router+surveyor --gdm-ckpt gdm_cube_s10_gc.pt --gdm-steps 3 --accept-tau 0.20 --horizon 2 --receding-horizon 2 --num-samples 600 --n-steps 30 --source pretrained --encoder-id quentinll/lewm-cube --h5 "$CUBE_H5" --device cuda --goal-offset 50 --eval-budget 100 --num-eval 128 --seed 47 --cem-seed 47 --episodes-file episodes/cube_c2222.episodes50.json --retire-tau 0.10
49	cube	mppi_router_rt0.10	50	47	logs/rbM_cube_mppi_router_rt0.10_t50_seed47.log	python -m surveyor.envs.cube.eval --solver mppi --subgoal router+surveyor --gdm-ckpt gdm_cube_s10_gc.pt --gdm-steps 3 --accept-tau 0.20 --horizon 2 --receding-horizon 2 --num-samples 600 --n-steps 30 --source pretrained --encoder-id quentinll/lewm-cube --h5 "$CUBE_H5" --device cuda --goal-offset 50 --eval-budget 100 --num-eval 128 --seed 47 --cem-seed 47 --episodes-file episodes/cube_c2222.episodes50.json --retire-tau 0.10
50	cube	router_rt0.10	50	48	logs/rbM_cube_router_rt0.10_t50_seed48.log	python -m surveyor.envs.cube.eval --subgoal router+surveyor --gdm-ckpt gdm_cube_s10_gc.pt --gdm-steps 3 --accept-tau 0.20 --horizon 2 --receding-horizon 2 --num-samples 600 --n-steps 30 --source pretrained --encoder-id quentinll/lewm-cube --h5 "$CUBE_H5" --device cuda --goal-offset 50 --eval-budget 100 --num-eval 128 --seed 48 --cem-seed 48 --episodes-file episodes/cube_c2222.episodes50.json --retire-tau 0.10
51	cube	icem_router_rt0.10	50	48	logs/rbM_cube_icem_router_rt0.10_t50_seed48.log	python -m surveyor.envs.cube.eval --solver icem --subgoal router+surveyor --gdm-ckpt gdm_cube_s10_gc.pt --gdm-steps 3 --accept-tau 0.20 --horizon 2 --receding-horizon 2 --num-samples 600 --n-steps 30 --source pretrained --encoder-id quentinll/lewm-cube --h5 "$CUBE_H5" --device cuda --goal-offset 50 --eval-budget 100 --num-eval 128 --seed 48 --cem-seed 48 --episodes-file episodes/cube_c2222.episodes50.json --retire-tau 0.10
52	cube	mppi_router_rt0.10	50	48	logs/rbM_cube_mppi_router_rt0.10_t50_seed48.log	python -m surveyor.envs.cube.eval --solver mppi --subgoal router+surveyor --gdm-ckpt gdm_cube_s10_gc.pt --gdm-steps 3 --accept-tau 0.20 --horizon 2 --receding-horizon 2 --num-samples 600 --n-steps 30 --source pretrained --encoder-id quentinll/lewm-cube --h5 "$CUBE_H5" --device cuda --goal-offset 50 --eval-budget 100 --num-eval 128 --seed 48 --cem-seed 48 --episodes-file episodes/cube_c2222.episodes50.json --retire-tau 0.10
53	cube	router_rt0.10	50	49	logs/rbM_cube_router_rt0.10_t50_seed49.log	python -m surveyor.envs.cube.eval --subgoal router+surveyor --gdm-ckpt gdm_cube_s10_gc.pt --gdm-steps 3 --accept-tau 0.20 --horizon 2 --receding-horizon 2 --num-samples 600 --n-steps 30 --source pretrained --encoder-id quentinll/lewm-cube --h5 "$CUBE_H5" --device cuda --goal-offset 50 --eval-budget 100 --num-eval 128 --seed 49 --cem-seed 49 --episodes-file episodes/cube_c2222.episodes50.json --retire-tau 0.10
54	cube	icem_router_rt0.10	50	49	logs/rbM_cube_icem_router_rt0.10_t50_seed49.log	python -m surveyor.envs.cube.eval --solver icem --subgoal router+surveyor --gdm-ckpt gdm_cube_s10_gc.pt --gdm-steps 3 --accept-tau 0.20 --horizon 2 --receding-horizon 2 --num-samples 600 --n-steps 30 --source pretrained --encoder-id quentinll/lewm-cube --h5 "$CUBE_H5" --device cuda --goal-offset 50 --eval-budget 100 --num-eval 128 --seed 49 --cem-seed 49 --episodes-file episodes/cube_c2222.episodes50.json --retire-tau 0.10
55	cube	mppi_router_rt0.10	50	49	logs/rbM_cube_mppi_router_rt0.10_t50_seed49.log	python -m surveyor.envs.cube.eval --solver mppi --subgoal router+surveyor --gdm-ckpt gdm_cube_s10_gc.pt --gdm-steps 3 --accept-tau 0.20 --horizon 2 --receding-horizon 2 --num-samples 600 --n-steps 30 --source pretrained --encoder-id quentinll/lewm-cube --h5 "$CUBE_H5" --device cuda --goal-offset 50 --eval-budget 100 --num-eval 128 --seed 49 --cem-seed 49 --episodes-file episodes/cube_c2222.episodes50.json --retire-tau 0.10
56	cube	router_rt0.10	75	42	logs/rbM_cube_router_rt0.10_t75_seed42.log	python -m surveyor.envs.cube.eval --subgoal router+surveyor --gdm-ckpt gdm_cube_s10_gc.pt --gdm-steps 3 --accept-tau 0.20 --horizon 2 --receding-horizon 2 --num-samples 600 --n-steps 30 --source pretrained --encoder-id quentinll/lewm-cube --h5 "$CUBE_H5" --device cuda --goal-offset 75 --eval-budget 150 --num-eval 128 --seed 42 --cem-seed 42 --episodes-file episodes/cube_c2222.episodes75.json --retire-tau 0.10
57	cube	icem_router_rt0.10	75	42	logs/rbM_cube_icem_router_rt0.10_t75_seed42.log	python -m surveyor.envs.cube.eval --solver icem --subgoal router+surveyor --gdm-ckpt gdm_cube_s10_gc.pt --gdm-steps 3 --accept-tau 0.20 --horizon 2 --receding-horizon 2 --num-samples 600 --n-steps 30 --source pretrained --encoder-id quentinll/lewm-cube --h5 "$CUBE_H5" --device cuda --goal-offset 75 --eval-budget 150 --num-eval 128 --seed 42 --cem-seed 42 --episodes-file episodes/cube_c2222.episodes75.json --retire-tau 0.10
58	cube	mppi_router_rt0.10	75	42	logs/rbM_cube_mppi_router_rt0.10_t75_seed42.log	python -m surveyor.envs.cube.eval --solver mppi --subgoal router+surveyor --gdm-ckpt gdm_cube_s10_gc.pt --gdm-steps 3 --accept-tau 0.20 --horizon 2 --receding-horizon 2 --num-samples 600 --n-steps 30 --source pretrained --encoder-id quentinll/lewm-cube --h5 "$CUBE_H5" --device cuda --goal-offset 75 --eval-budget 150 --num-eval 128 --seed 42 --cem-seed 42 --episodes-file episodes/cube_c2222.episodes75.json --retire-tau 0.10
59	cube	router_rt0.10	75	43	logs/rbM_cube_router_rt0.10_t75_seed43.log	python -m surveyor.envs.cube.eval --subgoal router+surveyor --gdm-ckpt gdm_cube_s10_gc.pt --gdm-steps 3 --accept-tau 0.20 --horizon 2 --receding-horizon 2 --num-samples 600 --n-steps 30 --source pretrained --encoder-id quentinll/lewm-cube --h5 "$CUBE_H5" --device cuda --goal-offset 75 --eval-budget 150 --num-eval 128 --seed 43 --cem-seed 43 --episodes-file episodes/cube_c2222.episodes75.json --retire-tau 0.10
60	cube	icem_router_rt0.10	75	43	logs/rbM_cube_icem_router_rt0.10_t75_seed43.log	python -m surveyor.envs.cube.eval --solver icem --subgoal router+surveyor --gdm-ckpt gdm_cube_s10_gc.pt --gdm-steps 3 --accept-tau 0.20 --horizon 2 --receding-horizon 2 --num-samples 600 --n-steps 30 --source pretrained --encoder-id quentinll/lewm-cube --h5 "$CUBE_H5" --device cuda --goal-offset 75 --eval-budget 150 --num-eval 128 --seed 43 --cem-seed 43 --episodes-file episodes/cube_c2222.episodes75.json --retire-tau 0.10
61	cube	mppi_router_rt0.10	75	43	logs/rbM_cube_mppi_router_rt0.10_t75_seed43.log	python -m surveyor.envs.cube.eval --solver mppi --subgoal router+surveyor --gdm-ckpt gdm_cube_s10_gc.pt --gdm-steps 3 --accept-tau 0.20 --horizon 2 --receding-horizon 2 --num-samples 600 --n-steps 30 --source pretrained --encoder-id quentinll/lewm-cube --h5 "$CUBE_H5" --device cuda --goal-offset 75 --eval-budget 150 --num-eval 128 --seed 43 --cem-seed 43 --episodes-file episodes/cube_c2222.episodes75.json --retire-tau 0.10
62	cube	router_rt0.10	75	44	logs/rbM_cube_router_rt0.10_t75_seed44.log	python -m surveyor.envs.cube.eval --subgoal router+surveyor --gdm-ckpt gdm_cube_s10_gc.pt --gdm-steps 3 --accept-tau 0.20 --horizon 2 --receding-horizon 2 --num-samples 600 --n-steps 30 --source pretrained --encoder-id quentinll/lewm-cube --h5 "$CUBE_H5" --device cuda --goal-offset 75 --eval-budget 150 --num-eval 128 --seed 44 --cem-seed 44 --episodes-file episodes/cube_c2222.episodes75.json --retire-tau 0.10
63	cube	icem_router_rt0.10	75	44	logs/rbM_cube_icem_router_rt0.10_t75_seed44.log	python -m surveyor.envs.cube.eval --solver icem --subgoal router+surveyor --gdm-ckpt gdm_cube_s10_gc.pt --gdm-steps 3 --accept-tau 0.20 --horizon 2 --receding-horizon 2 --num-samples 600 --n-steps 30 --source pretrained --encoder-id quentinll/lewm-cube --h5 "$CUBE_H5" --device cuda --goal-offset 75 --eval-budget 150 --num-eval 128 --seed 44 --cem-seed 44 --episodes-file episodes/cube_c2222.episodes75.json --retire-tau 0.10
64	cube	mppi_router_rt0.10	75	44	logs/rbM_cube_mppi_router_rt0.10_t75_seed44.log	python -m surveyor.envs.cube.eval --solver mppi --subgoal router+surveyor --gdm-ckpt gdm_cube_s10_gc.pt --gdm-steps 3 --accept-tau 0.20 --horizon 2 --receding-horizon 2 --num-samples 600 --n-steps 30 --source pretrained --encoder-id quentinll/lewm-cube --h5 "$CUBE_H5" --device cuda --goal-offset 75 --eval-budget 150 --num-eval 128 --seed 44 --cem-seed 44 --episodes-file episodes/cube_c2222.episodes75.json --retire-tau 0.10
65	cube	router_rt0.10	75	45	logs/rbM_cube_router_rt0.10_t75_seed45.log	python -m surveyor.envs.cube.eval --subgoal router+surveyor --gdm-ckpt gdm_cube_s10_gc.pt --gdm-steps 3 --accept-tau 0.20 --horizon 2 --receding-horizon 2 --num-samples 600 --n-steps 30 --source pretrained --encoder-id quentinll/lewm-cube --h5 "$CUBE_H5" --device cuda --goal-offset 75 --eval-budget 150 --num-eval 128 --seed 45 --cem-seed 45 --episodes-file episodes/cube_c2222.episodes75.json --retire-tau 0.10
66	cube	icem_router_rt0.10	75	45	logs/rbM_cube_icem_router_rt0.10_t75_seed45.log	python -m surveyor.envs.cube.eval --solver icem --subgoal router+surveyor --gdm-ckpt gdm_cube_s10_gc.pt --gdm-steps 3 --accept-tau 0.20 --horizon 2 --receding-horizon 2 --num-samples 600 --n-steps 30 --source pretrained --encoder-id quentinll/lewm-cube --h5 "$CUBE_H5" --device cuda --goal-offset 75 --eval-budget 150 --num-eval 128 --seed 45 --cem-seed 45 --episodes-file episodes/cube_c2222.episodes75.json --retire-tau 0.10
67	cube	mppi_router_rt0.10	75	45	logs/rbM_cube_mppi_router_rt0.10_t75_seed45.log	python -m surveyor.envs.cube.eval --solver mppi --subgoal router+surveyor --gdm-ckpt gdm_cube_s10_gc.pt --gdm-steps 3 --accept-tau 0.20 --horizon 2 --receding-horizon 2 --num-samples 600 --n-steps 30 --source pretrained --encoder-id quentinll/lewm-cube --h5 "$CUBE_H5" --device cuda --goal-offset 75 --eval-budget 150 --num-eval 128 --seed 45 --cem-seed 45 --episodes-file episodes/cube_c2222.episodes75.json --retire-tau 0.10
68	cube	router_rt0.10	75	46	logs/rbM_cube_router_rt0.10_t75_seed46.log	python -m surveyor.envs.cube.eval --subgoal router+surveyor --gdm-ckpt gdm_cube_s10_gc.pt --gdm-steps 3 --accept-tau 0.20 --horizon 2 --receding-horizon 2 --num-samples 600 --n-steps 30 --source pretrained --encoder-id quentinll/lewm-cube --h5 "$CUBE_H5" --device cuda --goal-offset 75 --eval-budget 150 --num-eval 128 --seed 46 --cem-seed 46 --episodes-file episodes/cube_c2222.episodes75.json --retire-tau 0.10
69	cube	icem_router_rt0.10	75	46	logs/rbM_cube_icem_router_rt0.10_t75_seed46.log	python -m surveyor.envs.cube.eval --solver icem --subgoal router+surveyor --gdm-ckpt gdm_cube_s10_gc.pt --gdm-steps 3 --accept-tau 0.20 --horizon 2 --receding-horizon 2 --num-samples 600 --n-steps 30 --source pretrained --encoder-id quentinll/lewm-cube --h5 "$CUBE_H5" --device cuda --goal-offset 75 --eval-budget 150 --num-eval 128 --seed 46 --cem-seed 46 --episodes-file episodes/cube_c2222.episodes75.json --retire-tau 0.10
70	cube	mppi_router_rt0.10	75	46	logs/rbM_cube_mppi_router_rt0.10_t75_seed46.log	python -m surveyor.envs.cube.eval --solver mppi --subgoal router+surveyor --gdm-ckpt gdm_cube_s10_gc.pt --gdm-steps 3 --accept-tau 0.20 --horizon 2 --receding-horizon 2 --num-samples 600 --n-steps 30 --source pretrained --encoder-id quentinll/lewm-cube --h5 "$CUBE_H5" --device cuda --goal-offset 75 --eval-budget 150 --num-eval 128 --seed 46 --cem-seed 46 --episodes-file episodes/cube_c2222.episodes75.json --retire-tau 0.10
71	cube	router_rt0.10	75	47	logs/rbM_cube_router_rt0.10_t75_seed47.log	python -m surveyor.envs.cube.eval --subgoal router+surveyor --gdm-ckpt gdm_cube_s10_gc.pt --gdm-steps 3 --accept-tau 0.20 --horizon 2 --receding-horizon 2 --num-samples 600 --n-steps 30 --source pretrained --encoder-id quentinll/lewm-cube --h5 "$CUBE_H5" --device cuda --goal-offset 75 --eval-budget 150 --num-eval 128 --seed 47 --cem-seed 47 --episodes-file episodes/cube_c2222.episodes75.json --retire-tau 0.10
72	cube	icem_router_rt0.10	75	47	logs/rbM_cube_icem_router_rt0.10_t75_seed47.log	python -m surveyor.envs.cube.eval --solver icem --subgoal router+surveyor --gdm-ckpt gdm_cube_s10_gc.pt --gdm-steps 3 --accept-tau 0.20 --horizon 2 --receding-horizon 2 --num-samples 600 --n-steps 30 --source pretrained --encoder-id quentinll/lewm-cube --h5 "$CUBE_H5" --device cuda --goal-offset 75 --eval-budget 150 --num-eval 128 --seed 47 --cem-seed 47 --episodes-file episodes/cube_c2222.episodes75.json --retire-tau 0.10
73	cube	mppi_router_rt0.10	75	47	logs/rbM_cube_mppi_router_rt0.10_t75_seed47.log	python -m surveyor.envs.cube.eval --solver mppi --subgoal router+surveyor --gdm-ckpt gdm_cube_s10_gc.pt --gdm-steps 3 --accept-tau 0.20 --horizon 2 --receding-horizon 2 --num-samples 600 --n-steps 30 --source pretrained --encoder-id quentinll/lewm-cube --h5 "$CUBE_H5" --device cuda --goal-offset 75 --eval-budget 150 --num-eval 128 --seed 47 --cem-seed 47 --episodes-file episodes/cube_c2222.episodes75.json --retire-tau 0.10
74	cube	router_rt0.10	75	48	logs/rbM_cube_router_rt0.10_t75_seed48.log	python -m surveyor.envs.cube.eval --subgoal router+surveyor --gdm-ckpt gdm_cube_s10_gc.pt --gdm-steps 3 --accept-tau 0.20 --horizon 2 --receding-horizon 2 --num-samples 600 --n-steps 30 --source pretrained --encoder-id quentinll/lewm-cube --h5 "$CUBE_H5" --device cuda --goal-offset 75 --eval-budget 150 --num-eval 128 --seed 48 --cem-seed 48 --episodes-file episodes/cube_c2222.episodes75.json --retire-tau 0.10
75	cube	icem_router_rt0.10	75	48	logs/rbM_cube_icem_router_rt0.10_t75_seed48.log	python -m surveyor.envs.cube.eval --solver icem --subgoal router+surveyor --gdm-ckpt gdm_cube_s10_gc.pt --gdm-steps 3 --accept-tau 0.20 --horizon 2 --receding-horizon 2 --num-samples 600 --n-steps 30 --source pretrained --encoder-id quentinll/lewm-cube --h5 "$CUBE_H5" --device cuda --goal-offset 75 --eval-budget 150 --num-eval 128 --seed 48 --cem-seed 48 --episodes-file episodes/cube_c2222.episodes75.json --retire-tau 0.10
76	cube	mppi_router_rt0.10	75	48	logs/rbM_cube_mppi_router_rt0.10_t75_seed48.log	python -m surveyor.envs.cube.eval --solver mppi --subgoal router+surveyor --gdm-ckpt gdm_cube_s10_gc.pt --gdm-steps 3 --accept-tau 0.20 --horizon 2 --receding-horizon 2 --num-samples 600 --n-steps 30 --source pretrained --encoder-id quentinll/lewm-cube --h5 "$CUBE_H5" --device cuda --goal-offset 75 --eval-budget 150 --num-eval 128 --seed 48 --cem-seed 48 --episodes-file episodes/cube_c2222.episodes75.json --retire-tau 0.10
77	cube	router_rt0.10	75	49	logs/rbM_cube_router_rt0.10_t75_seed49.log	python -m surveyor.envs.cube.eval --subgoal router+surveyor --gdm-ckpt gdm_cube_s10_gc.pt --gdm-steps 3 --accept-tau 0.20 --horizon 2 --receding-horizon 2 --num-samples 600 --n-steps 30 --source pretrained --encoder-id quentinll/lewm-cube --h5 "$CUBE_H5" --device cuda --goal-offset 75 --eval-budget 150 --num-eval 128 --seed 49 --cem-seed 49 --episodes-file episodes/cube_c2222.episodes75.json --retire-tau 0.10
78	cube	icem_router_rt0.10	75	49	logs/rbM_cube_icem_router_rt0.10_t75_seed49.log	python -m surveyor.envs.cube.eval --solver icem --subgoal router+surveyor --gdm-ckpt gdm_cube_s10_gc.pt --gdm-steps 3 --accept-tau 0.20 --horizon 2 --receding-horizon 2 --num-samples 600 --n-steps 30 --source pretrained --encoder-id quentinll/lewm-cube --h5 "$CUBE_H5" --device cuda --goal-offset 75 --eval-budget 150 --num-eval 128 --seed 49 --cem-seed 49 --episodes-file episodes/cube_c2222.episodes75.json --retire-tau 0.10
79	cube	mppi_router_rt0.10	75	49	logs/rbM_cube_mppi_router_rt0.10_t75_seed49.log	python -m surveyor.envs.cube.eval --solver mppi --subgoal router+surveyor --gdm-ckpt gdm_cube_s10_gc.pt --gdm-steps 3 --accept-tau 0.20 --horizon 2 --receding-horizon 2 --num-samples 600 --n-steps 30 --source pretrained --encoder-id quentinll/lewm-cube --h5 "$CUBE_H5" --device cuda --goal-offset 75 --eval-budget 150 --num-eval 128 --seed 49 --cem-seed 49 --episodes-file episodes/cube_c2222.episodes75.json --retire-tau 0.10
80	cube	router_rt0.10	100	42	logs/rbM_cube_router_rt0.10_t100_seed42.log	python -m surveyor.envs.cube.eval --subgoal router+surveyor --gdm-ckpt gdm_cube_s10_gc.pt --gdm-steps 3 --accept-tau 0.20 --horizon 2 --receding-horizon 2 --num-samples 600 --n-steps 30 --source pretrained --encoder-id quentinll/lewm-cube --h5 "$CUBE_H5" --device cuda --goal-offset 100 --eval-budget 200 --num-eval 128 --seed 42 --cem-seed 42 --episodes-file episodes/cube_c2222.episodes100.json --retire-tau 0.10
81	cube	icem_router_rt0.10	100	42	logs/rbM_cube_icem_router_rt0.10_t100_seed42.log	python -m surveyor.envs.cube.eval --solver icem --subgoal router+surveyor --gdm-ckpt gdm_cube_s10_gc.pt --gdm-steps 3 --accept-tau 0.20 --horizon 2 --receding-horizon 2 --num-samples 600 --n-steps 30 --source pretrained --encoder-id quentinll/lewm-cube --h5 "$CUBE_H5" --device cuda --goal-offset 100 --eval-budget 200 --num-eval 128 --seed 42 --cem-seed 42 --episodes-file episodes/cube_c2222.episodes100.json --retire-tau 0.10
82	cube	mppi_router_rt0.10	100	42	logs/rbM_cube_mppi_router_rt0.10_t100_seed42.log	python -m surveyor.envs.cube.eval --solver mppi --subgoal router+surveyor --gdm-ckpt gdm_cube_s10_gc.pt --gdm-steps 3 --accept-tau 0.20 --horizon 2 --receding-horizon 2 --num-samples 600 --n-steps 30 --source pretrained --encoder-id quentinll/lewm-cube --h5 "$CUBE_H5" --device cuda --goal-offset 100 --eval-budget 200 --num-eval 128 --seed 42 --cem-seed 42 --episodes-file episodes/cube_c2222.episodes100.json --retire-tau 0.10
83	cube	router_rt0.10	100	43	logs/rbM_cube_router_rt0.10_t100_seed43.log	python -m surveyor.envs.cube.eval --subgoal router+surveyor --gdm-ckpt gdm_cube_s10_gc.pt --gdm-steps 3 --accept-tau 0.20 --horizon 2 --receding-horizon 2 --num-samples 600 --n-steps 30 --source pretrained --encoder-id quentinll/lewm-cube --h5 "$CUBE_H5" --device cuda --goal-offset 100 --eval-budget 200 --num-eval 128 --seed 43 --cem-seed 43 --episodes-file episodes/cube_c2222.episodes100.json --retire-tau 0.10
84	cube	icem_router_rt0.10	100	43	logs/rbM_cube_icem_router_rt0.10_t100_seed43.log	python -m surveyor.envs.cube.eval --solver icem --subgoal router+surveyor --gdm-ckpt gdm_cube_s10_gc.pt --gdm-steps 3 --accept-tau 0.20 --horizon 2 --receding-horizon 2 --num-samples 600 --n-steps 30 --source pretrained --encoder-id quentinll/lewm-cube --h5 "$CUBE_H5" --device cuda --goal-offset 100 --eval-budget 200 --num-eval 128 --seed 43 --cem-seed 43 --episodes-file episodes/cube_c2222.episodes100.json --retire-tau 0.10
85	cube	mppi_router_rt0.10	100	43	logs/rbM_cube_mppi_router_rt0.10_t100_seed43.log	python -m surveyor.envs.cube.eval --solver mppi --subgoal router+surveyor --gdm-ckpt gdm_cube_s10_gc.pt --gdm-steps 3 --accept-tau 0.20 --horizon 2 --receding-horizon 2 --num-samples 600 --n-steps 30 --source pretrained --encoder-id quentinll/lewm-cube --h5 "$CUBE_H5" --device cuda --goal-offset 100 --eval-budget 200 --num-eval 128 --seed 43 --cem-seed 43 --episodes-file episodes/cube_c2222.episodes100.json --retire-tau 0.10
86	cube	router_rt0.10	100	44	logs/rbM_cube_router_rt0.10_t100_seed44.log	python -m surveyor.envs.cube.eval --subgoal router+surveyor --gdm-ckpt gdm_cube_s10_gc.pt --gdm-steps 3 --accept-tau 0.20 --horizon 2 --receding-horizon 2 --num-samples 600 --n-steps 30 --source pretrained --encoder-id quentinll/lewm-cube --h5 "$CUBE_H5" --device cuda --goal-offset 100 --eval-budget 200 --num-eval 128 --seed 44 --cem-seed 44 --episodes-file episodes/cube_c2222.episodes100.json --retire-tau 0.10
87	cube	icem_router_rt0.10	100	44	logs/rbM_cube_icem_router_rt0.10_t100_seed44.log	python -m surveyor.envs.cube.eval --solver icem --subgoal router+surveyor --gdm-ckpt gdm_cube_s10_gc.pt --gdm-steps 3 --accept-tau 0.20 --horizon 2 --receding-horizon 2 --num-samples 600 --n-steps 30 --source pretrained --encoder-id quentinll/lewm-cube --h5 "$CUBE_H5" --device cuda --goal-offset 100 --eval-budget 200 --num-eval 128 --seed 44 --cem-seed 44 --episodes-file episodes/cube_c2222.episodes100.json --retire-tau 0.10
88	cube	mppi_router_rt0.10	100	44	logs/rbM_cube_mppi_router_rt0.10_t100_seed44.log	python -m surveyor.envs.cube.eval --solver mppi --subgoal router+surveyor --gdm-ckpt gdm_cube_s10_gc.pt --gdm-steps 3 --accept-tau 0.20 --horizon 2 --receding-horizon 2 --num-samples 600 --n-steps 30 --source pretrained --encoder-id quentinll/lewm-cube --h5 "$CUBE_H5" --device cuda --goal-offset 100 --eval-budget 200 --num-eval 128 --seed 44 --cem-seed 44 --episodes-file episodes/cube_c2222.episodes100.json --retire-tau 0.10
89	cube	router_rt0.10	100	45	logs/rbM_cube_router_rt0.10_t100_seed45.log	python -m surveyor.envs.cube.eval --subgoal router+surveyor --gdm-ckpt gdm_cube_s10_gc.pt --gdm-steps 3 --accept-tau 0.20 --horizon 2 --receding-horizon 2 --num-samples 600 --n-steps 30 --source pretrained --encoder-id quentinll/lewm-cube --h5 "$CUBE_H5" --device cuda --goal-offset 100 --eval-budget 200 --num-eval 128 --seed 45 --cem-seed 45 --episodes-file episodes/cube_c2222.episodes100.json --retire-tau 0.10
90	cube	icem_router_rt0.10	100	45	logs/rbM_cube_icem_router_rt0.10_t100_seed45.log	python -m surveyor.envs.cube.eval --solver icem --subgoal router+surveyor --gdm-ckpt gdm_cube_s10_gc.pt --gdm-steps 3 --accept-tau 0.20 --horizon 2 --receding-horizon 2 --num-samples 600 --n-steps 30 --source pretrained --encoder-id quentinll/lewm-cube --h5 "$CUBE_H5" --device cuda --goal-offset 100 --eval-budget 200 --num-eval 128 --seed 45 --cem-seed 45 --episodes-file episodes/cube_c2222.episodes100.json --retire-tau 0.10
91	cube	mppi_router_rt0.10	100	45	logs/rbM_cube_mppi_router_rt0.10_t100_seed45.log	python -m surveyor.envs.cube.eval --solver mppi --subgoal router+surveyor --gdm-ckpt gdm_cube_s10_gc.pt --gdm-steps 3 --accept-tau 0.20 --horizon 2 --receding-horizon 2 --num-samples 600 --n-steps 30 --source pretrained --encoder-id quentinll/lewm-cube --h5 "$CUBE_H5" --device cuda --goal-offset 100 --eval-budget 200 --num-eval 128 --seed 45 --cem-seed 45 --episodes-file episodes/cube_c2222.episodes100.json --retire-tau 0.10
92	cube	router_rt0.10	100	46	logs/rbM_cube_router_rt0.10_t100_seed46.log	python -m surveyor.envs.cube.eval --subgoal router+surveyor --gdm-ckpt gdm_cube_s10_gc.pt --gdm-steps 3 --accept-tau 0.20 --horizon 2 --receding-horizon 2 --num-samples 600 --n-steps 30 --source pretrained --encoder-id quentinll/lewm-cube --h5 "$CUBE_H5" --device cuda --goal-offset 100 --eval-budget 200 --num-eval 128 --seed 46 --cem-seed 46 --episodes-file episodes/cube_c2222.episodes100.json --retire-tau 0.10
93	cube	icem_router_rt0.10	100	46	logs/rbM_cube_icem_router_rt0.10_t100_seed46.log	python -m surveyor.envs.cube.eval --solver icem --subgoal router+surveyor --gdm-ckpt gdm_cube_s10_gc.pt --gdm-steps 3 --accept-tau 0.20 --horizon 2 --receding-horizon 2 --num-samples 600 --n-steps 30 --source pretrained --encoder-id quentinll/lewm-cube --h5 "$CUBE_H5" --device cuda --goal-offset 100 --eval-budget 200 --num-eval 128 --seed 46 --cem-seed 46 --episodes-file episodes/cube_c2222.episodes100.json --retire-tau 0.10
94	cube	mppi_router_rt0.10	100	46	logs/rbM_cube_mppi_router_rt0.10_t100_seed46.log	python -m surveyor.envs.cube.eval --solver mppi --subgoal router+surveyor --gdm-ckpt gdm_cube_s10_gc.pt --gdm-steps 3 --accept-tau 0.20 --horizon 2 --receding-horizon 2 --num-samples 600 --n-steps 30 --source pretrained --encoder-id quentinll/lewm-cube --h5 "$CUBE_H5" --device cuda --goal-offset 100 --eval-budget 200 --num-eval 128 --seed 46 --cem-seed 46 --episodes-file episodes/cube_c2222.episodes100.json --retire-tau 0.10
95	cube	router_rt0.10	100	47	logs/rbM_cube_router_rt0.10_t100_seed47.log	python -m surveyor.envs.cube.eval --subgoal router+surveyor --gdm-ckpt gdm_cube_s10_gc.pt --gdm-steps 3 --accept-tau 0.20 --horizon 2 --receding-horizon 2 --num-samples 600 --n-steps 30 --source pretrained --encoder-id quentinll/lewm-cube --h5 "$CUBE_H5" --device cuda --goal-offset 100 --eval-budget 200 --num-eval 128 --seed 47 --cem-seed 47 --episodes-file episodes/cube_c2222.episodes100.json --retire-tau 0.10
96	cube	icem_router_rt0.10	100	47	logs/rbM_cube_icem_router_rt0.10_t100_seed47.log	python -m surveyor.envs.cube.eval --solver icem --subgoal router+surveyor --gdm-ckpt gdm_cube_s10_gc.pt --gdm-steps 3 --accept-tau 0.20 --horizon 2 --receding-horizon 2 --num-samples 600 --n-steps 30 --source pretrained --encoder-id quentinll/lewm-cube --h5 "$CUBE_H5" --device cuda --goal-offset 100 --eval-budget 200 --num-eval 128 --seed 47 --cem-seed 47 --episodes-file episodes/cube_c2222.episodes100.json --retire-tau 0.10
97	cube	mppi_router_rt0.10	100	47	logs/rbM_cube_mppi_router_rt0.10_t100_seed47.log	python -m surveyor.envs.cube.eval --solver mppi --subgoal router+surveyor --gdm-ckpt gdm_cube_s10_gc.pt --gdm-steps 3 --accept-tau 0.20 --horizon 2 --receding-horizon 2 --num-samples 600 --n-steps 30 --source pretrained --encoder-id quentinll/lewm-cube --h5 "$CUBE_H5" --device cuda --goal-offset 100 --eval-budget 200 --num-eval 128 --seed 47 --cem-seed 47 --episodes-file episodes/cube_c2222.episodes100.json --retire-tau 0.10
98	cube	router_rt0.10	100	48	logs/rbM_cube_router_rt0.10_t100_seed48.log	python -m surveyor.envs.cube.eval --subgoal router+surveyor --gdm-ckpt gdm_cube_s10_gc.pt --gdm-steps 3 --accept-tau 0.20 --horizon 2 --receding-horizon 2 --num-samples 600 --n-steps 30 --source pretrained --encoder-id quentinll/lewm-cube --h5 "$CUBE_H5" --device cuda --goal-offset 100 --eval-budget 200 --num-eval 128 --seed 48 --cem-seed 48 --episodes-file episodes/cube_c2222.episodes100.json --retire-tau 0.10
99	cube	icem_router_rt0.10	100	48	logs/rbM_cube_icem_router_rt0.10_t100_seed48.log	python -m surveyor.envs.cube.eval --solver icem --subgoal router+surveyor --gdm-ckpt gdm_cube_s10_gc.pt --gdm-steps 3 --accept-tau 0.20 --horizon 2 --receding-horizon 2 --num-samples 600 --n-steps 30 --source pretrained --encoder-id quentinll/lewm-cube --h5 "$CUBE_H5" --device cuda --goal-offset 100 --eval-budget 200 --num-eval 128 --seed 48 --cem-seed 48 --episodes-file episodes/cube_c2222.episodes100.json --retire-tau 0.10
100	cube	mppi_router_rt0.10	100	48	logs/rbM_cube_mppi_router_rt0.10_t100_seed48.log	python -m surveyor.envs.cube.eval --solver mppi --subgoal router+surveyor --gdm-ckpt gdm_cube_s10_gc.pt --gdm-steps 3 --accept-tau 0.20 --horizon 2 --receding-horizon 2 --num-samples 600 --n-steps 30 --source pretrained --encoder-id quentinll/lewm-cube --h5 "$CUBE_H5" --device cuda --goal-offset 100 --eval-budget 200 --num-eval 128 --seed 48 --cem-seed 48 --episodes-file episodes/cube_c2222.episodes100.json --retire-tau 0.10
101	cube	router_rt0.10	100	49	logs/rbM_cube_router_rt0.10_t100_seed49.log	python -m surveyor.envs.cube.eval --subgoal router+surveyor --gdm-ckpt gdm_cube_s10_gc.pt --gdm-steps 3 --accept-tau 0.20 --horizon 2 --receding-horizon 2 --num-samples 600 --n-steps 30 --source pretrained --encoder-id quentinll/lewm-cube --h5 "$CUBE_H5" --device cuda --goal-offset 100 --eval-budget 200 --num-eval 128 --seed 49 --cem-seed 49 --episodes-file episodes/cube_c2222.episodes100.json --retire-tau 0.10
102	cube	icem_router_rt0.10	100	49	logs/rbM_cube_icem_router_rt0.10_t100_seed49.log	python -m surveyor.envs.cube.eval --solver icem --subgoal router+surveyor --gdm-ckpt gdm_cube_s10_gc.pt --gdm-steps 3 --accept-tau 0.20 --horizon 2 --receding-horizon 2 --num-samples 600 --n-steps 30 --source pretrained --encoder-id quentinll/lewm-cube --h5 "$CUBE_H5" --device cuda --goal-offset 100 --eval-budget 200 --num-eval 128 --seed 49 --cem-seed 49 --episodes-file episodes/cube_c2222.episodes100.json --retire-tau 0.10
103	cube	mppi_router_rt0.10	100	49	logs/rbM_cube_mppi_router_rt0.10_t100_seed49.log	python -m surveyor.envs.cube.eval --solver mppi --subgoal router+surveyor --gdm-ckpt gdm_cube_s10_gc.pt --gdm-steps 3 --accept-tau 0.20 --horizon 2 --receding-horizon 2 --num-samples 600 --n-steps 30 --source pretrained --encoder-id quentinll/lewm-cube --h5 "$CUBE_H5" --device cuda --goal-offset 100 --eval-budget 200 --num-eval 128 --seed 49 --cem-seed 49 --episodes-file episodes/cube_c2222.episodes100.json --retire-tau 0.10
104	cube	icem_router_rt0.10	150	42	logs/rbM_cube_icem_router_rt0.10_t150_seed42.log	python -m surveyor.envs.cube.eval --solver icem --subgoal router+surveyor --gdm-ckpt gdm_cube_s10_gc.pt --gdm-steps 3 --accept-tau 0.20 --horizon 2 --receding-horizon 2 --num-samples 600 --n-steps 30 --source pretrained --encoder-id quentinll/lewm-cube --h5 "$CUBE_H5" --device cuda --goal-offset 150 --eval-budget 300 --num-eval 128 --seed 42 --cem-seed 42 --episodes-file episodes/cube_c2222.episodes150.json --retire-tau 0.10
105	cube	mppi_router_rt0.10	150	42	logs/rbM_cube_mppi_router_rt0.10_t150_seed42.log	python -m surveyor.envs.cube.eval --solver mppi --subgoal router+surveyor --gdm-ckpt gdm_cube_s10_gc.pt --gdm-steps 3 --accept-tau 0.20 --horizon 2 --receding-horizon 2 --num-samples 600 --n-steps 30 --source pretrained --encoder-id quentinll/lewm-cube --h5 "$CUBE_H5" --device cuda --goal-offset 150 --eval-budget 300 --num-eval 128 --seed 42 --cem-seed 42 --episodes-file episodes/cube_c2222.episodes150.json --retire-tau 0.10
106	cube	icem_router_rt0.10	150	43	logs/rbM_cube_icem_router_rt0.10_t150_seed43.log	python -m surveyor.envs.cube.eval --solver icem --subgoal router+surveyor --gdm-ckpt gdm_cube_s10_gc.pt --gdm-steps 3 --accept-tau 0.20 --horizon 2 --receding-horizon 2 --num-samples 600 --n-steps 30 --source pretrained --encoder-id quentinll/lewm-cube --h5 "$CUBE_H5" --device cuda --goal-offset 150 --eval-budget 300 --num-eval 128 --seed 43 --cem-seed 43 --episodes-file episodes/cube_c2222.episodes150.json --retire-tau 0.10
107	cube	mppi_router_rt0.10	150	43	logs/rbM_cube_mppi_router_rt0.10_t150_seed43.log	python -m surveyor.envs.cube.eval --solver mppi --subgoal router+surveyor --gdm-ckpt gdm_cube_s10_gc.pt --gdm-steps 3 --accept-tau 0.20 --horizon 2 --receding-horizon 2 --num-samples 600 --n-steps 30 --source pretrained --encoder-id quentinll/lewm-cube --h5 "$CUBE_H5" --device cuda --goal-offset 150 --eval-budget 300 --num-eval 128 --seed 43 --cem-seed 43 --episodes-file episodes/cube_c2222.episodes150.json --retire-tau 0.10
108	cube	icem_router_rt0.10	150	44	logs/rbM_cube_icem_router_rt0.10_t150_seed44.log	python -m surveyor.envs.cube.eval --solver icem --subgoal router+surveyor --gdm-ckpt gdm_cube_s10_gc.pt --gdm-steps 3 --accept-tau 0.20 --horizon 2 --receding-horizon 2 --num-samples 600 --n-steps 30 --source pretrained --encoder-id quentinll/lewm-cube --h5 "$CUBE_H5" --device cuda --goal-offset 150 --eval-budget 300 --num-eval 128 --seed 44 --cem-seed 44 --episodes-file episodes/cube_c2222.episodes150.json --retire-tau 0.10
109	cube	mppi_router_rt0.10	150	44	logs/rbM_cube_mppi_router_rt0.10_t150_seed44.log	python -m surveyor.envs.cube.eval --solver mppi --subgoal router+surveyor --gdm-ckpt gdm_cube_s10_gc.pt --gdm-steps 3 --accept-tau 0.20 --horizon 2 --receding-horizon 2 --num-samples 600 --n-steps 30 --source pretrained --encoder-id quentinll/lewm-cube --h5 "$CUBE_H5" --device cuda --goal-offset 150 --eval-budget 300 --num-eval 128 --seed 44 --cem-seed 44 --episodes-file episodes/cube_c2222.episodes150.json --retire-tau 0.10
110	cube	icem_router_rt0.10	150	45	logs/rbM_cube_icem_router_rt0.10_t150_seed45.log	python -m surveyor.envs.cube.eval --solver icem --subgoal router+surveyor --gdm-ckpt gdm_cube_s10_gc.pt --gdm-steps 3 --accept-tau 0.20 --horizon 2 --receding-horizon 2 --num-samples 600 --n-steps 30 --source pretrained --encoder-id quentinll/lewm-cube --h5 "$CUBE_H5" --device cuda --goal-offset 150 --eval-budget 300 --num-eval 128 --seed 45 --cem-seed 45 --episodes-file episodes/cube_c2222.episodes150.json --retire-tau 0.10
111	cube	mppi_router_rt0.10	150	45	logs/rbM_cube_mppi_router_rt0.10_t150_seed45.log	python -m surveyor.envs.cube.eval --solver mppi --subgoal router+surveyor --gdm-ckpt gdm_cube_s10_gc.pt --gdm-steps 3 --accept-tau 0.20 --horizon 2 --receding-horizon 2 --num-samples 600 --n-steps 30 --source pretrained --encoder-id quentinll/lewm-cube --h5 "$CUBE_H5" --device cuda --goal-offset 150 --eval-budget 300 --num-eval 128 --seed 45 --cem-seed 45 --episodes-file episodes/cube_c2222.episodes150.json --retire-tau 0.10
112	cube	icem_router_rt0.10	150	46	logs/rbM_cube_icem_router_rt0.10_t150_seed46.log	python -m surveyor.envs.cube.eval --solver icem --subgoal router+surveyor --gdm-ckpt gdm_cube_s10_gc.pt --gdm-steps 3 --accept-tau 0.20 --horizon 2 --receding-horizon 2 --num-samples 600 --n-steps 30 --source pretrained --encoder-id quentinll/lewm-cube --h5 "$CUBE_H5" --device cuda --goal-offset 150 --eval-budget 300 --num-eval 128 --seed 46 --cem-seed 46 --episodes-file episodes/cube_c2222.episodes150.json --retire-tau 0.10
113	cube	mppi_router_rt0.10	150	46	logs/rbM_cube_mppi_router_rt0.10_t150_seed46.log	python -m surveyor.envs.cube.eval --solver mppi --subgoal router+surveyor --gdm-ckpt gdm_cube_s10_gc.pt --gdm-steps 3 --accept-tau 0.20 --horizon 2 --receding-horizon 2 --num-samples 600 --n-steps 30 --source pretrained --encoder-id quentinll/lewm-cube --h5 "$CUBE_H5" --device cuda --goal-offset 150 --eval-budget 300 --num-eval 128 --seed 46 --cem-seed 46 --episodes-file episodes/cube_c2222.episodes150.json --retire-tau 0.10
114	cube	icem_router_rt0.10	150	47	logs/rbM_cube_icem_router_rt0.10_t150_seed47.log	python -m surveyor.envs.cube.eval --solver icem --subgoal router+surveyor --gdm-ckpt gdm_cube_s10_gc.pt --gdm-steps 3 --accept-tau 0.20 --horizon 2 --receding-horizon 2 --num-samples 600 --n-steps 30 --source pretrained --encoder-id quentinll/lewm-cube --h5 "$CUBE_H5" --device cuda --goal-offset 150 --eval-budget 300 --num-eval 128 --seed 47 --cem-seed 47 --episodes-file episodes/cube_c2222.episodes150.json --retire-tau 0.10
115	cube	mppi_router_rt0.10	150	47	logs/rbM_cube_mppi_router_rt0.10_t150_seed47.log	python -m surveyor.envs.cube.eval --solver mppi --subgoal router+surveyor --gdm-ckpt gdm_cube_s10_gc.pt --gdm-steps 3 --accept-tau 0.20 --horizon 2 --receding-horizon 2 --num-samples 600 --n-steps 30 --source pretrained --encoder-id quentinll/lewm-cube --h5 "$CUBE_H5" --device cuda --goal-offset 150 --eval-budget 300 --num-eval 128 --seed 47 --cem-seed 47 --episodes-file episodes/cube_c2222.episodes150.json --retire-tau 0.10
116	cube	icem_router_rt0.10	150	48	logs/rbM_cube_icem_router_rt0.10_t150_seed48.log	python -m surveyor.envs.cube.eval --solver icem --subgoal router+surveyor --gdm-ckpt gdm_cube_s10_gc.pt --gdm-steps 3 --accept-tau 0.20 --horizon 2 --receding-horizon 2 --num-samples 600 --n-steps 30 --source pretrained --encoder-id quentinll/lewm-cube --h5 "$CUBE_H5" --device cuda --goal-offset 150 --eval-budget 300 --num-eval 128 --seed 48 --cem-seed 48 --episodes-file episodes/cube_c2222.episodes150.json --retire-tau 0.10
117	cube	mppi_router_rt0.10	150	48	logs/rbM_cube_mppi_router_rt0.10_t150_seed48.log	python -m surveyor.envs.cube.eval --solver mppi --subgoal router+surveyor --gdm-ckpt gdm_cube_s10_gc.pt --gdm-steps 3 --accept-tau 0.20 --horizon 2 --receding-horizon 2 --num-samples 600 --n-steps 30 --source pretrained --encoder-id quentinll/lewm-cube --h5 "$CUBE_H5" --device cuda --goal-offset 150 --eval-budget 300 --num-eval 128 --seed 48 --cem-seed 48 --episodes-file episodes/cube_c2222.episodes150.json --retire-tau 0.10
118	cube	icem_router_rt0.10	150	49	logs/rbM_cube_icem_router_rt0.10_t150_seed49.log	python -m surveyor.envs.cube.eval --solver icem --subgoal router+surveyor --gdm-ckpt gdm_cube_s10_gc.pt --gdm-steps 3 --accept-tau 0.20 --horizon 2 --receding-horizon 2 --num-samples 600 --n-steps 30 --source pretrained --encoder-id quentinll/lewm-cube --h5 "$CUBE_H5" --device cuda --goal-offset 150 --eval-budget 300 --num-eval 128 --seed 49 --cem-seed 49 --episodes-file episodes/cube_c2222.episodes150.json --retire-tau 0.10
119	cube	mppi_router_rt0.10	150	49	logs/rbM_cube_mppi_router_rt0.10_t150_seed49.log	python -m surveyor.envs.cube.eval --solver mppi --subgoal router+surveyor --gdm-ckpt gdm_cube_s10_gc.pt --gdm-steps 3 --accept-tau 0.20 --horizon 2 --receding-horizon 2 --num-samples 600 --n-steps 30 --source pretrained --encoder-id quentinll/lewm-cube --h5 "$CUBE_H5" --device cuda --goal-offset 150 --eval-budget 300 --num-eval 128 --seed 49 --cem-seed 49 --episodes-file episodes/cube_c2222.episodes150.json --retire-tau 0.10
120	tworoom	router_rt0.10	25	42	logs/rbM_tworoom_router_rt0.10_t25_seed42.log	python -m surveyor.envs.tworoom.eval --subgoal router+surveyor --gdm-ckpt gdm_tworoom_s10_gc_paired_e400v.pt --gdm-steps 50 --accept-tau 0.098 --receding-horizon 2 --mode long --goal-offset 25 --eval-budget 50 --h5 "$DATA/tworoom.h5" --source pretrained --encoder-id quentinll/lewm-tworooms --device cuda --eval-filter none --episode-min 4000 --goal-from-proprio --num-eval 64 --seed 42 --cem-seed 42 --retire-tau 0.10
121	tworoom	icem_router_rt0.10	25	42	logs/rbM_tworoom_icem_router_rt0.10_t25_seed42.log	python -m surveyor.envs.tworoom.eval --solver icem --subgoal router+surveyor --gdm-ckpt gdm_tworoom_s10_gc_paired_e400v.pt --gdm-steps 50 --accept-tau 0.098 --receding-horizon 2 --mode long --goal-offset 25 --eval-budget 50 --h5 "$DATA/tworoom.h5" --source pretrained --encoder-id quentinll/lewm-tworooms --device cuda --eval-filter none --episode-min 4000 --goal-from-proprio --num-eval 64 --seed 42 --cem-seed 42 --retire-tau 0.10
122	tworoom	mppi_router_rt0.10	25	42	logs/rbM_tworoom_mppi_router_rt0.10_t25_seed42.log	python -m surveyor.envs.tworoom.eval --solver mppi --subgoal router+surveyor --gdm-ckpt gdm_tworoom_s10_gc_paired_e400v.pt --gdm-steps 50 --accept-tau 0.098 --receding-horizon 2 --mode long --goal-offset 25 --eval-budget 50 --h5 "$DATA/tworoom.h5" --source pretrained --encoder-id quentinll/lewm-tworooms --device cuda --eval-filter none --episode-min 4000 --goal-from-proprio --num-eval 64 --seed 42 --cem-seed 42 --retire-tau 0.10
123	tworoom	router_rt0.10	25	43	logs/rbM_tworoom_router_rt0.10_t25_seed43.log	python -m surveyor.envs.tworoom.eval --subgoal router+surveyor --gdm-ckpt gdm_tworoom_s10_gc_paired_e400v.pt --gdm-steps 50 --accept-tau 0.098 --receding-horizon 2 --mode long --goal-offset 25 --eval-budget 50 --h5 "$DATA/tworoom.h5" --source pretrained --encoder-id quentinll/lewm-tworooms --device cuda --eval-filter none --episode-min 4000 --goal-from-proprio --num-eval 64 --seed 43 --cem-seed 43 --retire-tau 0.10
124	tworoom	icem_router_rt0.10	25	43	logs/rbM_tworoom_icem_router_rt0.10_t25_seed43.log	python -m surveyor.envs.tworoom.eval --solver icem --subgoal router+surveyor --gdm-ckpt gdm_tworoom_s10_gc_paired_e400v.pt --gdm-steps 50 --accept-tau 0.098 --receding-horizon 2 --mode long --goal-offset 25 --eval-budget 50 --h5 "$DATA/tworoom.h5" --source pretrained --encoder-id quentinll/lewm-tworooms --device cuda --eval-filter none --episode-min 4000 --goal-from-proprio --num-eval 64 --seed 43 --cem-seed 43 --retire-tau 0.10
125	tworoom	mppi_router_rt0.10	25	43	logs/rbM_tworoom_mppi_router_rt0.10_t25_seed43.log	python -m surveyor.envs.tworoom.eval --solver mppi --subgoal router+surveyor --gdm-ckpt gdm_tworoom_s10_gc_paired_e400v.pt --gdm-steps 50 --accept-tau 0.098 --receding-horizon 2 --mode long --goal-offset 25 --eval-budget 50 --h5 "$DATA/tworoom.h5" --source pretrained --encoder-id quentinll/lewm-tworooms --device cuda --eval-filter none --episode-min 4000 --goal-from-proprio --num-eval 64 --seed 43 --cem-seed 43 --retire-tau 0.10
126	tworoom	router_rt0.10	25	44	logs/rbM_tworoom_router_rt0.10_t25_seed44.log	python -m surveyor.envs.tworoom.eval --subgoal router+surveyor --gdm-ckpt gdm_tworoom_s10_gc_paired_e400v.pt --gdm-steps 50 --accept-tau 0.098 --receding-horizon 2 --mode long --goal-offset 25 --eval-budget 50 --h5 "$DATA/tworoom.h5" --source pretrained --encoder-id quentinll/lewm-tworooms --device cuda --eval-filter none --episode-min 4000 --goal-from-proprio --num-eval 64 --seed 44 --cem-seed 44 --retire-tau 0.10
127	tworoom	icem_router_rt0.10	25	44	logs/rbM_tworoom_icem_router_rt0.10_t25_seed44.log	python -m surveyor.envs.tworoom.eval --solver icem --subgoal router+surveyor --gdm-ckpt gdm_tworoom_s10_gc_paired_e400v.pt --gdm-steps 50 --accept-tau 0.098 --receding-horizon 2 --mode long --goal-offset 25 --eval-budget 50 --h5 "$DATA/tworoom.h5" --source pretrained --encoder-id quentinll/lewm-tworooms --device cuda --eval-filter none --episode-min 4000 --goal-from-proprio --num-eval 64 --seed 44 --cem-seed 44 --retire-tau 0.10
128	tworoom	mppi_router_rt0.10	25	44	logs/rbM_tworoom_mppi_router_rt0.10_t25_seed44.log	python -m surveyor.envs.tworoom.eval --solver mppi --subgoal router+surveyor --gdm-ckpt gdm_tworoom_s10_gc_paired_e400v.pt --gdm-steps 50 --accept-tau 0.098 --receding-horizon 2 --mode long --goal-offset 25 --eval-budget 50 --h5 "$DATA/tworoom.h5" --source pretrained --encoder-id quentinll/lewm-tworooms --device cuda --eval-filter none --episode-min 4000 --goal-from-proprio --num-eval 64 --seed 44 --cem-seed 44 --retire-tau 0.10
129	tworoom	router_rt0.10	25	45	logs/rbM_tworoom_router_rt0.10_t25_seed45.log	python -m surveyor.envs.tworoom.eval --subgoal router+surveyor --gdm-ckpt gdm_tworoom_s10_gc_paired_e400v.pt --gdm-steps 50 --accept-tau 0.098 --receding-horizon 2 --mode long --goal-offset 25 --eval-budget 50 --h5 "$DATA/tworoom.h5" --source pretrained --encoder-id quentinll/lewm-tworooms --device cuda --eval-filter none --episode-min 4000 --goal-from-proprio --num-eval 64 --seed 45 --cem-seed 45 --retire-tau 0.10
130	tworoom	icem_router_rt0.10	25	45	logs/rbM_tworoom_icem_router_rt0.10_t25_seed45.log	python -m surveyor.envs.tworoom.eval --solver icem --subgoal router+surveyor --gdm-ckpt gdm_tworoom_s10_gc_paired_e400v.pt --gdm-steps 50 --accept-tau 0.098 --receding-horizon 2 --mode long --goal-offset 25 --eval-budget 50 --h5 "$DATA/tworoom.h5" --source pretrained --encoder-id quentinll/lewm-tworooms --device cuda --eval-filter none --episode-min 4000 --goal-from-proprio --num-eval 64 --seed 45 --cem-seed 45 --retire-tau 0.10
131	tworoom	mppi_router_rt0.10	25	45	logs/rbM_tworoom_mppi_router_rt0.10_t25_seed45.log	python -m surveyor.envs.tworoom.eval --solver mppi --subgoal router+surveyor --gdm-ckpt gdm_tworoom_s10_gc_paired_e400v.pt --gdm-steps 50 --accept-tau 0.098 --receding-horizon 2 --mode long --goal-offset 25 --eval-budget 50 --h5 "$DATA/tworoom.h5" --source pretrained --encoder-id quentinll/lewm-tworooms --device cuda --eval-filter none --episode-min 4000 --goal-from-proprio --num-eval 64 --seed 45 --cem-seed 45 --retire-tau 0.10
132	tworoom	router_rt0.10	25	46	logs/rbM_tworoom_router_rt0.10_t25_seed46.log	python -m surveyor.envs.tworoom.eval --subgoal router+surveyor --gdm-ckpt gdm_tworoom_s10_gc_paired_e400v.pt --gdm-steps 50 --accept-tau 0.098 --receding-horizon 2 --mode long --goal-offset 25 --eval-budget 50 --h5 "$DATA/tworoom.h5" --source pretrained --encoder-id quentinll/lewm-tworooms --device cuda --eval-filter none --episode-min 4000 --goal-from-proprio --num-eval 64 --seed 46 --cem-seed 46 --retire-tau 0.10
133	tworoom	icem_router_rt0.10	25	46	logs/rbM_tworoom_icem_router_rt0.10_t25_seed46.log	python -m surveyor.envs.tworoom.eval --solver icem --subgoal router+surveyor --gdm-ckpt gdm_tworoom_s10_gc_paired_e400v.pt --gdm-steps 50 --accept-tau 0.098 --receding-horizon 2 --mode long --goal-offset 25 --eval-budget 50 --h5 "$DATA/tworoom.h5" --source pretrained --encoder-id quentinll/lewm-tworooms --device cuda --eval-filter none --episode-min 4000 --goal-from-proprio --num-eval 64 --seed 46 --cem-seed 46 --retire-tau 0.10
134	tworoom	mppi_router_rt0.10	25	46	logs/rbM_tworoom_mppi_router_rt0.10_t25_seed46.log	python -m surveyor.envs.tworoom.eval --solver mppi --subgoal router+surveyor --gdm-ckpt gdm_tworoom_s10_gc_paired_e400v.pt --gdm-steps 50 --accept-tau 0.098 --receding-horizon 2 --mode long --goal-offset 25 --eval-budget 50 --h5 "$DATA/tworoom.h5" --source pretrained --encoder-id quentinll/lewm-tworooms --device cuda --eval-filter none --episode-min 4000 --goal-from-proprio --num-eval 64 --seed 46 --cem-seed 46 --retire-tau 0.10
135	tworoom	router_rt0.10	25	47	logs/rbM_tworoom_router_rt0.10_t25_seed47.log	python -m surveyor.envs.tworoom.eval --subgoal router+surveyor --gdm-ckpt gdm_tworoom_s10_gc_paired_e400v.pt --gdm-steps 50 --accept-tau 0.098 --receding-horizon 2 --mode long --goal-offset 25 --eval-budget 50 --h5 "$DATA/tworoom.h5" --source pretrained --encoder-id quentinll/lewm-tworooms --device cuda --eval-filter none --episode-min 4000 --goal-from-proprio --num-eval 64 --seed 47 --cem-seed 47 --retire-tau 0.10
136	tworoom	icem_router_rt0.10	25	47	logs/rbM_tworoom_icem_router_rt0.10_t25_seed47.log	python -m surveyor.envs.tworoom.eval --solver icem --subgoal router+surveyor --gdm-ckpt gdm_tworoom_s10_gc_paired_e400v.pt --gdm-steps 50 --accept-tau 0.098 --receding-horizon 2 --mode long --goal-offset 25 --eval-budget 50 --h5 "$DATA/tworoom.h5" --source pretrained --encoder-id quentinll/lewm-tworooms --device cuda --eval-filter none --episode-min 4000 --goal-from-proprio --num-eval 64 --seed 47 --cem-seed 47 --retire-tau 0.10
137	tworoom	mppi_router_rt0.10	25	47	logs/rbM_tworoom_mppi_router_rt0.10_t25_seed47.log	python -m surveyor.envs.tworoom.eval --solver mppi --subgoal router+surveyor --gdm-ckpt gdm_tworoom_s10_gc_paired_e400v.pt --gdm-steps 50 --accept-tau 0.098 --receding-horizon 2 --mode long --goal-offset 25 --eval-budget 50 --h5 "$DATA/tworoom.h5" --source pretrained --encoder-id quentinll/lewm-tworooms --device cuda --eval-filter none --episode-min 4000 --goal-from-proprio --num-eval 64 --seed 47 --cem-seed 47 --retire-tau 0.10
138	tworoom	router_rt0.10	25	48	logs/rbM_tworoom_router_rt0.10_t25_seed48.log	python -m surveyor.envs.tworoom.eval --subgoal router+surveyor --gdm-ckpt gdm_tworoom_s10_gc_paired_e400v.pt --gdm-steps 50 --accept-tau 0.098 --receding-horizon 2 --mode long --goal-offset 25 --eval-budget 50 --h5 "$DATA/tworoom.h5" --source pretrained --encoder-id quentinll/lewm-tworooms --device cuda --eval-filter none --episode-min 4000 --goal-from-proprio --num-eval 64 --seed 48 --cem-seed 48 --retire-tau 0.10
139	tworoom	icem_router_rt0.10	25	48	logs/rbM_tworoom_icem_router_rt0.10_t25_seed48.log	python -m surveyor.envs.tworoom.eval --solver icem --subgoal router+surveyor --gdm-ckpt gdm_tworoom_s10_gc_paired_e400v.pt --gdm-steps 50 --accept-tau 0.098 --receding-horizon 2 --mode long --goal-offset 25 --eval-budget 50 --h5 "$DATA/tworoom.h5" --source pretrained --encoder-id quentinll/lewm-tworooms --device cuda --eval-filter none --episode-min 4000 --goal-from-proprio --num-eval 64 --seed 48 --cem-seed 48 --retire-tau 0.10
140	tworoom	mppi_router_rt0.10	25	48	logs/rbM_tworoom_mppi_router_rt0.10_t25_seed48.log	python -m surveyor.envs.tworoom.eval --solver mppi --subgoal router+surveyor --gdm-ckpt gdm_tworoom_s10_gc_paired_e400v.pt --gdm-steps 50 --accept-tau 0.098 --receding-horizon 2 --mode long --goal-offset 25 --eval-budget 50 --h5 "$DATA/tworoom.h5" --source pretrained --encoder-id quentinll/lewm-tworooms --device cuda --eval-filter none --episode-min 4000 --goal-from-proprio --num-eval 64 --seed 48 --cem-seed 48 --retire-tau 0.10
141	tworoom	router_rt0.10	25	49	logs/rbM_tworoom_router_rt0.10_t25_seed49.log	python -m surveyor.envs.tworoom.eval --subgoal router+surveyor --gdm-ckpt gdm_tworoom_s10_gc_paired_e400v.pt --gdm-steps 50 --accept-tau 0.098 --receding-horizon 2 --mode long --goal-offset 25 --eval-budget 50 --h5 "$DATA/tworoom.h5" --source pretrained --encoder-id quentinll/lewm-tworooms --device cuda --eval-filter none --episode-min 4000 --goal-from-proprio --num-eval 64 --seed 49 --cem-seed 49 --retire-tau 0.10
142	tworoom	icem_router_rt0.10	25	49	logs/rbM_tworoom_icem_router_rt0.10_t25_seed49.log	python -m surveyor.envs.tworoom.eval --solver icem --subgoal router+surveyor --gdm-ckpt gdm_tworoom_s10_gc_paired_e400v.pt --gdm-steps 50 --accept-tau 0.098 --receding-horizon 2 --mode long --goal-offset 25 --eval-budget 50 --h5 "$DATA/tworoom.h5" --source pretrained --encoder-id quentinll/lewm-tworooms --device cuda --eval-filter none --episode-min 4000 --goal-from-proprio --num-eval 64 --seed 49 --cem-seed 49 --retire-tau 0.10
143	tworoom	mppi_router_rt0.10	25	49	logs/rbM_tworoom_mppi_router_rt0.10_t25_seed49.log	python -m surveyor.envs.tworoom.eval --solver mppi --subgoal router+surveyor --gdm-ckpt gdm_tworoom_s10_gc_paired_e400v.pt --gdm-steps 50 --accept-tau 0.098 --receding-horizon 2 --mode long --goal-offset 25 --eval-budget 50 --h5 "$DATA/tworoom.h5" --source pretrained --encoder-id quentinll/lewm-tworooms --device cuda --eval-filter none --episode-min 4000 --goal-from-proprio --num-eval 64 --seed 49 --cem-seed 49 --retire-tau 0.10
144	tworoom	router_rt0.10	50	42	logs/rbM_tworoom_router_rt0.10_t50_seed42.log	python -m surveyor.envs.tworoom.eval --subgoal router+surveyor --gdm-ckpt gdm_tworoom_s10_gc_paired_e400v.pt --gdm-steps 50 --accept-tau 0.098 --receding-horizon 2 --mode long --goal-offset 50 --eval-budget 100 --h5 "$DATA/tworoom.h5" --source pretrained --encoder-id quentinll/lewm-tworooms --device cuda --eval-filter none --episode-min 4000 --goal-from-proprio --num-eval 64 --seed 42 --cem-seed 42 --retire-tau 0.10
145	tworoom	icem_router_rt0.10	50	42	logs/rbM_tworoom_icem_router_rt0.10_t50_seed42.log	python -m surveyor.envs.tworoom.eval --solver icem --subgoal router+surveyor --gdm-ckpt gdm_tworoom_s10_gc_paired_e400v.pt --gdm-steps 50 --accept-tau 0.098 --receding-horizon 2 --mode long --goal-offset 50 --eval-budget 100 --h5 "$DATA/tworoom.h5" --source pretrained --encoder-id quentinll/lewm-tworooms --device cuda --eval-filter none --episode-min 4000 --goal-from-proprio --num-eval 64 --seed 42 --cem-seed 42 --retire-tau 0.10
146	tworoom	mppi_router_rt0.10	50	42	logs/rbM_tworoom_mppi_router_rt0.10_t50_seed42.log	python -m surveyor.envs.tworoom.eval --solver mppi --subgoal router+surveyor --gdm-ckpt gdm_tworoom_s10_gc_paired_e400v.pt --gdm-steps 50 --accept-tau 0.098 --receding-horizon 2 --mode long --goal-offset 50 --eval-budget 100 --h5 "$DATA/tworoom.h5" --source pretrained --encoder-id quentinll/lewm-tworooms --device cuda --eval-filter none --episode-min 4000 --goal-from-proprio --num-eval 64 --seed 42 --cem-seed 42 --retire-tau 0.10
147	tworoom	router_rt0.10	50	43	logs/rbM_tworoom_router_rt0.10_t50_seed43.log	python -m surveyor.envs.tworoom.eval --subgoal router+surveyor --gdm-ckpt gdm_tworoom_s10_gc_paired_e400v.pt --gdm-steps 50 --accept-tau 0.098 --receding-horizon 2 --mode long --goal-offset 50 --eval-budget 100 --h5 "$DATA/tworoom.h5" --source pretrained --encoder-id quentinll/lewm-tworooms --device cuda --eval-filter none --episode-min 4000 --goal-from-proprio --num-eval 64 --seed 43 --cem-seed 43 --retire-tau 0.10
148	tworoom	icem_router_rt0.10	50	43	logs/rbM_tworoom_icem_router_rt0.10_t50_seed43.log	python -m surveyor.envs.tworoom.eval --solver icem --subgoal router+surveyor --gdm-ckpt gdm_tworoom_s10_gc_paired_e400v.pt --gdm-steps 50 --accept-tau 0.098 --receding-horizon 2 --mode long --goal-offset 50 --eval-budget 100 --h5 "$DATA/tworoom.h5" --source pretrained --encoder-id quentinll/lewm-tworooms --device cuda --eval-filter none --episode-min 4000 --goal-from-proprio --num-eval 64 --seed 43 --cem-seed 43 --retire-tau 0.10
149	tworoom	mppi_router_rt0.10	50	43	logs/rbM_tworoom_mppi_router_rt0.10_t50_seed43.log	python -m surveyor.envs.tworoom.eval --solver mppi --subgoal router+surveyor --gdm-ckpt gdm_tworoom_s10_gc_paired_e400v.pt --gdm-steps 50 --accept-tau 0.098 --receding-horizon 2 --mode long --goal-offset 50 --eval-budget 100 --h5 "$DATA/tworoom.h5" --source pretrained --encoder-id quentinll/lewm-tworooms --device cuda --eval-filter none --episode-min 4000 --goal-from-proprio --num-eval 64 --seed 43 --cem-seed 43 --retire-tau 0.10
150	tworoom	router_rt0.10	50	44	logs/rbM_tworoom_router_rt0.10_t50_seed44.log	python -m surveyor.envs.tworoom.eval --subgoal router+surveyor --gdm-ckpt gdm_tworoom_s10_gc_paired_e400v.pt --gdm-steps 50 --accept-tau 0.098 --receding-horizon 2 --mode long --goal-offset 50 --eval-budget 100 --h5 "$DATA/tworoom.h5" --source pretrained --encoder-id quentinll/lewm-tworooms --device cuda --eval-filter none --episode-min 4000 --goal-from-proprio --num-eval 64 --seed 44 --cem-seed 44 --retire-tau 0.10
151	tworoom	icem_router_rt0.10	50	44	logs/rbM_tworoom_icem_router_rt0.10_t50_seed44.log	python -m surveyor.envs.tworoom.eval --solver icem --subgoal router+surveyor --gdm-ckpt gdm_tworoom_s10_gc_paired_e400v.pt --gdm-steps 50 --accept-tau 0.098 --receding-horizon 2 --mode long --goal-offset 50 --eval-budget 100 --h5 "$DATA/tworoom.h5" --source pretrained --encoder-id quentinll/lewm-tworooms --device cuda --eval-filter none --episode-min 4000 --goal-from-proprio --num-eval 64 --seed 44 --cem-seed 44 --retire-tau 0.10
152	tworoom	mppi_router_rt0.10	50	44	logs/rbM_tworoom_mppi_router_rt0.10_t50_seed44.log	python -m surveyor.envs.tworoom.eval --solver mppi --subgoal router+surveyor --gdm-ckpt gdm_tworoom_s10_gc_paired_e400v.pt --gdm-steps 50 --accept-tau 0.098 --receding-horizon 2 --mode long --goal-offset 50 --eval-budget 100 --h5 "$DATA/tworoom.h5" --source pretrained --encoder-id quentinll/lewm-tworooms --device cuda --eval-filter none --episode-min 4000 --goal-from-proprio --num-eval 64 --seed 44 --cem-seed 44 --retire-tau 0.10
153	tworoom	router_rt0.10	50	45	logs/rbM_tworoom_router_rt0.10_t50_seed45.log	python -m surveyor.envs.tworoom.eval --subgoal router+surveyor --gdm-ckpt gdm_tworoom_s10_gc_paired_e400v.pt --gdm-steps 50 --accept-tau 0.098 --receding-horizon 2 --mode long --goal-offset 50 --eval-budget 100 --h5 "$DATA/tworoom.h5" --source pretrained --encoder-id quentinll/lewm-tworooms --device cuda --eval-filter none --episode-min 4000 --goal-from-proprio --num-eval 64 --seed 45 --cem-seed 45 --retire-tau 0.10
154	tworoom	icem_router_rt0.10	50	45	logs/rbM_tworoom_icem_router_rt0.10_t50_seed45.log	python -m surveyor.envs.tworoom.eval --solver icem --subgoal router+surveyor --gdm-ckpt gdm_tworoom_s10_gc_paired_e400v.pt --gdm-steps 50 --accept-tau 0.098 --receding-horizon 2 --mode long --goal-offset 50 --eval-budget 100 --h5 "$DATA/tworoom.h5" --source pretrained --encoder-id quentinll/lewm-tworooms --device cuda --eval-filter none --episode-min 4000 --goal-from-proprio --num-eval 64 --seed 45 --cem-seed 45 --retire-tau 0.10
155	tworoom	mppi_router_rt0.10	50	45	logs/rbM_tworoom_mppi_router_rt0.10_t50_seed45.log	python -m surveyor.envs.tworoom.eval --solver mppi --subgoal router+surveyor --gdm-ckpt gdm_tworoom_s10_gc_paired_e400v.pt --gdm-steps 50 --accept-tau 0.098 --receding-horizon 2 --mode long --goal-offset 50 --eval-budget 100 --h5 "$DATA/tworoom.h5" --source pretrained --encoder-id quentinll/lewm-tworooms --device cuda --eval-filter none --episode-min 4000 --goal-from-proprio --num-eval 64 --seed 45 --cem-seed 45 --retire-tau 0.10
156	tworoom	router_rt0.10	50	46	logs/rbM_tworoom_router_rt0.10_t50_seed46.log	python -m surveyor.envs.tworoom.eval --subgoal router+surveyor --gdm-ckpt gdm_tworoom_s10_gc_paired_e400v.pt --gdm-steps 50 --accept-tau 0.098 --receding-horizon 2 --mode long --goal-offset 50 --eval-budget 100 --h5 "$DATA/tworoom.h5" --source pretrained --encoder-id quentinll/lewm-tworooms --device cuda --eval-filter none --episode-min 4000 --goal-from-proprio --num-eval 64 --seed 46 --cem-seed 46 --retire-tau 0.10
157	tworoom	icem_router_rt0.10	50	46	logs/rbM_tworoom_icem_router_rt0.10_t50_seed46.log	python -m surveyor.envs.tworoom.eval --solver icem --subgoal router+surveyor --gdm-ckpt gdm_tworoom_s10_gc_paired_e400v.pt --gdm-steps 50 --accept-tau 0.098 --receding-horizon 2 --mode long --goal-offset 50 --eval-budget 100 --h5 "$DATA/tworoom.h5" --source pretrained --encoder-id quentinll/lewm-tworooms --device cuda --eval-filter none --episode-min 4000 --goal-from-proprio --num-eval 64 --seed 46 --cem-seed 46 --retire-tau 0.10
158	tworoom	mppi_router_rt0.10	50	46	logs/rbM_tworoom_mppi_router_rt0.10_t50_seed46.log	python -m surveyor.envs.tworoom.eval --solver mppi --subgoal router+surveyor --gdm-ckpt gdm_tworoom_s10_gc_paired_e400v.pt --gdm-steps 50 --accept-tau 0.098 --receding-horizon 2 --mode long --goal-offset 50 --eval-budget 100 --h5 "$DATA/tworoom.h5" --source pretrained --encoder-id quentinll/lewm-tworooms --device cuda --eval-filter none --episode-min 4000 --goal-from-proprio --num-eval 64 --seed 46 --cem-seed 46 --retire-tau 0.10
159	tworoom	router_rt0.10	50	47	logs/rbM_tworoom_router_rt0.10_t50_seed47.log	python -m surveyor.envs.tworoom.eval --subgoal router+surveyor --gdm-ckpt gdm_tworoom_s10_gc_paired_e400v.pt --gdm-steps 50 --accept-tau 0.098 --receding-horizon 2 --mode long --goal-offset 50 --eval-budget 100 --h5 "$DATA/tworoom.h5" --source pretrained --encoder-id quentinll/lewm-tworooms --device cuda --eval-filter none --episode-min 4000 --goal-from-proprio --num-eval 64 --seed 47 --cem-seed 47 --retire-tau 0.10
160	tworoom	icem_router_rt0.10	50	47	logs/rbM_tworoom_icem_router_rt0.10_t50_seed47.log	python -m surveyor.envs.tworoom.eval --solver icem --subgoal router+surveyor --gdm-ckpt gdm_tworoom_s10_gc_paired_e400v.pt --gdm-steps 50 --accept-tau 0.098 --receding-horizon 2 --mode long --goal-offset 50 --eval-budget 100 --h5 "$DATA/tworoom.h5" --source pretrained --encoder-id quentinll/lewm-tworooms --device cuda --eval-filter none --episode-min 4000 --goal-from-proprio --num-eval 64 --seed 47 --cem-seed 47 --retire-tau 0.10
161	tworoom	mppi_router_rt0.10	50	47	logs/rbM_tworoom_mppi_router_rt0.10_t50_seed47.log	python -m surveyor.envs.tworoom.eval --solver mppi --subgoal router+surveyor --gdm-ckpt gdm_tworoom_s10_gc_paired_e400v.pt --gdm-steps 50 --accept-tau 0.098 --receding-horizon 2 --mode long --goal-offset 50 --eval-budget 100 --h5 "$DATA/tworoom.h5" --source pretrained --encoder-id quentinll/lewm-tworooms --device cuda --eval-filter none --episode-min 4000 --goal-from-proprio --num-eval 64 --seed 47 --cem-seed 47 --retire-tau 0.10
162	tworoom	router_rt0.10	50	48	logs/rbM_tworoom_router_rt0.10_t50_seed48.log	python -m surveyor.envs.tworoom.eval --subgoal router+surveyor --gdm-ckpt gdm_tworoom_s10_gc_paired_e400v.pt --gdm-steps 50 --accept-tau 0.098 --receding-horizon 2 --mode long --goal-offset 50 --eval-budget 100 --h5 "$DATA/tworoom.h5" --source pretrained --encoder-id quentinll/lewm-tworooms --device cuda --eval-filter none --episode-min 4000 --goal-from-proprio --num-eval 64 --seed 48 --cem-seed 48 --retire-tau 0.10
163	tworoom	icem_router_rt0.10	50	48	logs/rbM_tworoom_icem_router_rt0.10_t50_seed48.log	python -m surveyor.envs.tworoom.eval --solver icem --subgoal router+surveyor --gdm-ckpt gdm_tworoom_s10_gc_paired_e400v.pt --gdm-steps 50 --accept-tau 0.098 --receding-horizon 2 --mode long --goal-offset 50 --eval-budget 100 --h5 "$DATA/tworoom.h5" --source pretrained --encoder-id quentinll/lewm-tworooms --device cuda --eval-filter none --episode-min 4000 --goal-from-proprio --num-eval 64 --seed 48 --cem-seed 48 --retire-tau 0.10
164	tworoom	mppi_router_rt0.10	50	48	logs/rbM_tworoom_mppi_router_rt0.10_t50_seed48.log	python -m surveyor.envs.tworoom.eval --solver mppi --subgoal router+surveyor --gdm-ckpt gdm_tworoom_s10_gc_paired_e400v.pt --gdm-steps 50 --accept-tau 0.098 --receding-horizon 2 --mode long --goal-offset 50 --eval-budget 100 --h5 "$DATA/tworoom.h5" --source pretrained --encoder-id quentinll/lewm-tworooms --device cuda --eval-filter none --episode-min 4000 --goal-from-proprio --num-eval 64 --seed 48 --cem-seed 48 --retire-tau 0.10
165	tworoom	router_rt0.10	50	49	logs/rbM_tworoom_router_rt0.10_t50_seed49.log	python -m surveyor.envs.tworoom.eval --subgoal router+surveyor --gdm-ckpt gdm_tworoom_s10_gc_paired_e400v.pt --gdm-steps 50 --accept-tau 0.098 --receding-horizon 2 --mode long --goal-offset 50 --eval-budget 100 --h5 "$DATA/tworoom.h5" --source pretrained --encoder-id quentinll/lewm-tworooms --device cuda --eval-filter none --episode-min 4000 --goal-from-proprio --num-eval 64 --seed 49 --cem-seed 49 --retire-tau 0.10
166	tworoom	icem_router_rt0.10	50	49	logs/rbM_tworoom_icem_router_rt0.10_t50_seed49.log	python -m surveyor.envs.tworoom.eval --solver icem --subgoal router+surveyor --gdm-ckpt gdm_tworoom_s10_gc_paired_e400v.pt --gdm-steps 50 --accept-tau 0.098 --receding-horizon 2 --mode long --goal-offset 50 --eval-budget 100 --h5 "$DATA/tworoom.h5" --source pretrained --encoder-id quentinll/lewm-tworooms --device cuda --eval-filter none --episode-min 4000 --goal-from-proprio --num-eval 64 --seed 49 --cem-seed 49 --retire-tau 0.10
167	tworoom	mppi_router_rt0.10	50	49	logs/rbM_tworoom_mppi_router_rt0.10_t50_seed49.log	python -m surveyor.envs.tworoom.eval --solver mppi --subgoal router+surveyor --gdm-ckpt gdm_tworoom_s10_gc_paired_e400v.pt --gdm-steps 50 --accept-tau 0.098 --receding-horizon 2 --mode long --goal-offset 50 --eval-budget 100 --h5 "$DATA/tworoom.h5" --source pretrained --encoder-id quentinll/lewm-tworooms --device cuda --eval-filter none --episode-min 4000 --goal-from-proprio --num-eval 64 --seed 49 --cem-seed 49 --retire-tau 0.10
168	tworoom	router_rt0.10	75	42	logs/rbM_tworoom_router_rt0.10_t75_seed42.log	python -m surveyor.envs.tworoom.eval --subgoal router+surveyor --gdm-ckpt gdm_tworoom_s10_gc_paired_e400v.pt --gdm-steps 50 --accept-tau 0.098 --receding-horizon 2 --mode long --goal-offset 75 --eval-budget 150 --h5 "$DATA/tworoom.h5" --source pretrained --encoder-id quentinll/lewm-tworooms --device cuda --eval-filter none --episode-min 4000 --goal-from-proprio --num-eval 64 --seed 42 --cem-seed 42 --retire-tau 0.10
169	tworoom	icem_router_rt0.10	75	42	logs/rbM_tworoom_icem_router_rt0.10_t75_seed42.log	python -m surveyor.envs.tworoom.eval --solver icem --subgoal router+surveyor --gdm-ckpt gdm_tworoom_s10_gc_paired_e400v.pt --gdm-steps 50 --accept-tau 0.098 --receding-horizon 2 --mode long --goal-offset 75 --eval-budget 150 --h5 "$DATA/tworoom.h5" --source pretrained --encoder-id quentinll/lewm-tworooms --device cuda --eval-filter none --episode-min 4000 --goal-from-proprio --num-eval 64 --seed 42 --cem-seed 42 --retire-tau 0.10
170	tworoom	mppi_router_rt0.10	75	42	logs/rbM_tworoom_mppi_router_rt0.10_t75_seed42.log	python -m surveyor.envs.tworoom.eval --solver mppi --subgoal router+surveyor --gdm-ckpt gdm_tworoom_s10_gc_paired_e400v.pt --gdm-steps 50 --accept-tau 0.098 --receding-horizon 2 --mode long --goal-offset 75 --eval-budget 150 --h5 "$DATA/tworoom.h5" --source pretrained --encoder-id quentinll/lewm-tworooms --device cuda --eval-filter none --episode-min 4000 --goal-from-proprio --num-eval 64 --seed 42 --cem-seed 42 --retire-tau 0.10
171	tworoom	router_rt0.10	75	43	logs/rbM_tworoom_router_rt0.10_t75_seed43.log	python -m surveyor.envs.tworoom.eval --subgoal router+surveyor --gdm-ckpt gdm_tworoom_s10_gc_paired_e400v.pt --gdm-steps 50 --accept-tau 0.098 --receding-horizon 2 --mode long --goal-offset 75 --eval-budget 150 --h5 "$DATA/tworoom.h5" --source pretrained --encoder-id quentinll/lewm-tworooms --device cuda --eval-filter none --episode-min 4000 --goal-from-proprio --num-eval 64 --seed 43 --cem-seed 43 --retire-tau 0.10
172	tworoom	icem_router_rt0.10	75	43	logs/rbM_tworoom_icem_router_rt0.10_t75_seed43.log	python -m surveyor.envs.tworoom.eval --solver icem --subgoal router+surveyor --gdm-ckpt gdm_tworoom_s10_gc_paired_e400v.pt --gdm-steps 50 --accept-tau 0.098 --receding-horizon 2 --mode long --goal-offset 75 --eval-budget 150 --h5 "$DATA/tworoom.h5" --source pretrained --encoder-id quentinll/lewm-tworooms --device cuda --eval-filter none --episode-min 4000 --goal-from-proprio --num-eval 64 --seed 43 --cem-seed 43 --retire-tau 0.10
173	tworoom	mppi_router_rt0.10	75	43	logs/rbM_tworoom_mppi_router_rt0.10_t75_seed43.log	python -m surveyor.envs.tworoom.eval --solver mppi --subgoal router+surveyor --gdm-ckpt gdm_tworoom_s10_gc_paired_e400v.pt --gdm-steps 50 --accept-tau 0.098 --receding-horizon 2 --mode long --goal-offset 75 --eval-budget 150 --h5 "$DATA/tworoom.h5" --source pretrained --encoder-id quentinll/lewm-tworooms --device cuda --eval-filter none --episode-min 4000 --goal-from-proprio --num-eval 64 --seed 43 --cem-seed 43 --retire-tau 0.10
174	tworoom	router_rt0.10	75	44	logs/rbM_tworoom_router_rt0.10_t75_seed44.log	python -m surveyor.envs.tworoom.eval --subgoal router+surveyor --gdm-ckpt gdm_tworoom_s10_gc_paired_e400v.pt --gdm-steps 50 --accept-tau 0.098 --receding-horizon 2 --mode long --goal-offset 75 --eval-budget 150 --h5 "$DATA/tworoom.h5" --source pretrained --encoder-id quentinll/lewm-tworooms --device cuda --eval-filter none --episode-min 4000 --goal-from-proprio --num-eval 64 --seed 44 --cem-seed 44 --retire-tau 0.10
175	tworoom	icem_router_rt0.10	75	44	logs/rbM_tworoom_icem_router_rt0.10_t75_seed44.log	python -m surveyor.envs.tworoom.eval --solver icem --subgoal router+surveyor --gdm-ckpt gdm_tworoom_s10_gc_paired_e400v.pt --gdm-steps 50 --accept-tau 0.098 --receding-horizon 2 --mode long --goal-offset 75 --eval-budget 150 --h5 "$DATA/tworoom.h5" --source pretrained --encoder-id quentinll/lewm-tworooms --device cuda --eval-filter none --episode-min 4000 --goal-from-proprio --num-eval 64 --seed 44 --cem-seed 44 --retire-tau 0.10
176	tworoom	mppi_router_rt0.10	75	44	logs/rbM_tworoom_mppi_router_rt0.10_t75_seed44.log	python -m surveyor.envs.tworoom.eval --solver mppi --subgoal router+surveyor --gdm-ckpt gdm_tworoom_s10_gc_paired_e400v.pt --gdm-steps 50 --accept-tau 0.098 --receding-horizon 2 --mode long --goal-offset 75 --eval-budget 150 --h5 "$DATA/tworoom.h5" --source pretrained --encoder-id quentinll/lewm-tworooms --device cuda --eval-filter none --episode-min 4000 --goal-from-proprio --num-eval 64 --seed 44 --cem-seed 44 --retire-tau 0.10
177	tworoom	router_rt0.10	75	45	logs/rbM_tworoom_router_rt0.10_t75_seed45.log	python -m surveyor.envs.tworoom.eval --subgoal router+surveyor --gdm-ckpt gdm_tworoom_s10_gc_paired_e400v.pt --gdm-steps 50 --accept-tau 0.098 --receding-horizon 2 --mode long --goal-offset 75 --eval-budget 150 --h5 "$DATA/tworoom.h5" --source pretrained --encoder-id quentinll/lewm-tworooms --device cuda --eval-filter none --episode-min 4000 --goal-from-proprio --num-eval 64 --seed 45 --cem-seed 45 --retire-tau 0.10
178	tworoom	icem_router_rt0.10	75	45	logs/rbM_tworoom_icem_router_rt0.10_t75_seed45.log	python -m surveyor.envs.tworoom.eval --solver icem --subgoal router+surveyor --gdm-ckpt gdm_tworoom_s10_gc_paired_e400v.pt --gdm-steps 50 --accept-tau 0.098 --receding-horizon 2 --mode long --goal-offset 75 --eval-budget 150 --h5 "$DATA/tworoom.h5" --source pretrained --encoder-id quentinll/lewm-tworooms --device cuda --eval-filter none --episode-min 4000 --goal-from-proprio --num-eval 64 --seed 45 --cem-seed 45 --retire-tau 0.10
179	tworoom	mppi_router_rt0.10	75	45	logs/rbM_tworoom_mppi_router_rt0.10_t75_seed45.log	python -m surveyor.envs.tworoom.eval --solver mppi --subgoal router+surveyor --gdm-ckpt gdm_tworoom_s10_gc_paired_e400v.pt --gdm-steps 50 --accept-tau 0.098 --receding-horizon 2 --mode long --goal-offset 75 --eval-budget 150 --h5 "$DATA/tworoom.h5" --source pretrained --encoder-id quentinll/lewm-tworooms --device cuda --eval-filter none --episode-min 4000 --goal-from-proprio --num-eval 64 --seed 45 --cem-seed 45 --retire-tau 0.10
180	tworoom	router_rt0.10	75	46	logs/rbM_tworoom_router_rt0.10_t75_seed46.log	python -m surveyor.envs.tworoom.eval --subgoal router+surveyor --gdm-ckpt gdm_tworoom_s10_gc_paired_e400v.pt --gdm-steps 50 --accept-tau 0.098 --receding-horizon 2 --mode long --goal-offset 75 --eval-budget 150 --h5 "$DATA/tworoom.h5" --source pretrained --encoder-id quentinll/lewm-tworooms --device cuda --eval-filter none --episode-min 4000 --goal-from-proprio --num-eval 64 --seed 46 --cem-seed 46 --retire-tau 0.10
181	tworoom	icem_router_rt0.10	75	46	logs/rbM_tworoom_icem_router_rt0.10_t75_seed46.log	python -m surveyor.envs.tworoom.eval --solver icem --subgoal router+surveyor --gdm-ckpt gdm_tworoom_s10_gc_paired_e400v.pt --gdm-steps 50 --accept-tau 0.098 --receding-horizon 2 --mode long --goal-offset 75 --eval-budget 150 --h5 "$DATA/tworoom.h5" --source pretrained --encoder-id quentinll/lewm-tworooms --device cuda --eval-filter none --episode-min 4000 --goal-from-proprio --num-eval 64 --seed 46 --cem-seed 46 --retire-tau 0.10
182	tworoom	mppi_router_rt0.10	75	46	logs/rbM_tworoom_mppi_router_rt0.10_t75_seed46.log	python -m surveyor.envs.tworoom.eval --solver mppi --subgoal router+surveyor --gdm-ckpt gdm_tworoom_s10_gc_paired_e400v.pt --gdm-steps 50 --accept-tau 0.098 --receding-horizon 2 --mode long --goal-offset 75 --eval-budget 150 --h5 "$DATA/tworoom.h5" --source pretrained --encoder-id quentinll/lewm-tworooms --device cuda --eval-filter none --episode-min 4000 --goal-from-proprio --num-eval 64 --seed 46 --cem-seed 46 --retire-tau 0.10
183	tworoom	router_rt0.10	75	47	logs/rbM_tworoom_router_rt0.10_t75_seed47.log	python -m surveyor.envs.tworoom.eval --subgoal router+surveyor --gdm-ckpt gdm_tworoom_s10_gc_paired_e400v.pt --gdm-steps 50 --accept-tau 0.098 --receding-horizon 2 --mode long --goal-offset 75 --eval-budget 150 --h5 "$DATA/tworoom.h5" --source pretrained --encoder-id quentinll/lewm-tworooms --device cuda --eval-filter none --episode-min 4000 --goal-from-proprio --num-eval 64 --seed 47 --cem-seed 47 --retire-tau 0.10
184	tworoom	icem_router_rt0.10	75	47	logs/rbM_tworoom_icem_router_rt0.10_t75_seed47.log	python -m surveyor.envs.tworoom.eval --solver icem --subgoal router+surveyor --gdm-ckpt gdm_tworoom_s10_gc_paired_e400v.pt --gdm-steps 50 --accept-tau 0.098 --receding-horizon 2 --mode long --goal-offset 75 --eval-budget 150 --h5 "$DATA/tworoom.h5" --source pretrained --encoder-id quentinll/lewm-tworooms --device cuda --eval-filter none --episode-min 4000 --goal-from-proprio --num-eval 64 --seed 47 --cem-seed 47 --retire-tau 0.10
185	tworoom	mppi_router_rt0.10	75	47	logs/rbM_tworoom_mppi_router_rt0.10_t75_seed47.log	python -m surveyor.envs.tworoom.eval --solver mppi --subgoal router+surveyor --gdm-ckpt gdm_tworoom_s10_gc_paired_e400v.pt --gdm-steps 50 --accept-tau 0.098 --receding-horizon 2 --mode long --goal-offset 75 --eval-budget 150 --h5 "$DATA/tworoom.h5" --source pretrained --encoder-id quentinll/lewm-tworooms --device cuda --eval-filter none --episode-min 4000 --goal-from-proprio --num-eval 64 --seed 47 --cem-seed 47 --retire-tau 0.10
186	tworoom	router_rt0.10	75	48	logs/rbM_tworoom_router_rt0.10_t75_seed48.log	python -m surveyor.envs.tworoom.eval --subgoal router+surveyor --gdm-ckpt gdm_tworoom_s10_gc_paired_e400v.pt --gdm-steps 50 --accept-tau 0.098 --receding-horizon 2 --mode long --goal-offset 75 --eval-budget 150 --h5 "$DATA/tworoom.h5" --source pretrained --encoder-id quentinll/lewm-tworooms --device cuda --eval-filter none --episode-min 4000 --goal-from-proprio --num-eval 64 --seed 48 --cem-seed 48 --retire-tau 0.10
187	tworoom	icem_router_rt0.10	75	48	logs/rbM_tworoom_icem_router_rt0.10_t75_seed48.log	python -m surveyor.envs.tworoom.eval --solver icem --subgoal router+surveyor --gdm-ckpt gdm_tworoom_s10_gc_paired_e400v.pt --gdm-steps 50 --accept-tau 0.098 --receding-horizon 2 --mode long --goal-offset 75 --eval-budget 150 --h5 "$DATA/tworoom.h5" --source pretrained --encoder-id quentinll/lewm-tworooms --device cuda --eval-filter none --episode-min 4000 --goal-from-proprio --num-eval 64 --seed 48 --cem-seed 48 --retire-tau 0.10
188	tworoom	mppi_router_rt0.10	75	48	logs/rbM_tworoom_mppi_router_rt0.10_t75_seed48.log	python -m surveyor.envs.tworoom.eval --solver mppi --subgoal router+surveyor --gdm-ckpt gdm_tworoom_s10_gc_paired_e400v.pt --gdm-steps 50 --accept-tau 0.098 --receding-horizon 2 --mode long --goal-offset 75 --eval-budget 150 --h5 "$DATA/tworoom.h5" --source pretrained --encoder-id quentinll/lewm-tworooms --device cuda --eval-filter none --episode-min 4000 --goal-from-proprio --num-eval 64 --seed 48 --cem-seed 48 --retire-tau 0.10
189	tworoom	router_rt0.10	75	49	logs/rbM_tworoom_router_rt0.10_t75_seed49.log	python -m surveyor.envs.tworoom.eval --subgoal router+surveyor --gdm-ckpt gdm_tworoom_s10_gc_paired_e400v.pt --gdm-steps 50 --accept-tau 0.098 --receding-horizon 2 --mode long --goal-offset 75 --eval-budget 150 --h5 "$DATA/tworoom.h5" --source pretrained --encoder-id quentinll/lewm-tworooms --device cuda --eval-filter none --episode-min 4000 --goal-from-proprio --num-eval 64 --seed 49 --cem-seed 49 --retire-tau 0.10
190	tworoom	icem_router_rt0.10	75	49	logs/rbM_tworoom_icem_router_rt0.10_t75_seed49.log	python -m surveyor.envs.tworoom.eval --solver icem --subgoal router+surveyor --gdm-ckpt gdm_tworoom_s10_gc_paired_e400v.pt --gdm-steps 50 --accept-tau 0.098 --receding-horizon 2 --mode long --goal-offset 75 --eval-budget 150 --h5 "$DATA/tworoom.h5" --source pretrained --encoder-id quentinll/lewm-tworooms --device cuda --eval-filter none --episode-min 4000 --goal-from-proprio --num-eval 64 --seed 49 --cem-seed 49 --retire-tau 0.10
191	tworoom	mppi_router_rt0.10	75	49	logs/rbM_tworoom_mppi_router_rt0.10_t75_seed49.log	python -m surveyor.envs.tworoom.eval --solver mppi --subgoal router+surveyor --gdm-ckpt gdm_tworoom_s10_gc_paired_e400v.pt --gdm-steps 50 --accept-tau 0.098 --receding-horizon 2 --mode long --goal-offset 75 --eval-budget 150 --h5 "$DATA/tworoom.h5" --source pretrained --encoder-id quentinll/lewm-tworooms --device cuda --eval-filter none --episode-min 4000 --goal-from-proprio --num-eval 64 --seed 49 --cem-seed 49 --retire-tau 0.10
192	pusht	icem_router_mp_rt0.10	25	42	logs/rbM_pusht_icem_router_mp_rt0.10_t25_seed42.log	python -m surveyor.envs.pusht.eval --solver icem --subgoal router+surveyor --gdm-ckpt gdm_stride10.pt --gdm-steps 3 --accept-tau 0.20 --horizon 2 --receding-horizon 2 --source pretrained --h5 pusht_c2222.h5 --device cuda --mode long --episodes-file episodes/pusht_c2222.episodes25.json --goal-offset 25 --eval-budget 50 --num-eval 256 --score block --angles 20 5 --seed 42 --cem-seed 42 --probe-solver match --retire-tau 0.10
193	pusht	mppi_router_mp_rt0.10	25	42	logs/rbM_pusht_mppi_router_mp_rt0.10_t25_seed42.log	python -m surveyor.envs.pusht.eval --solver mppi --subgoal router+surveyor --gdm-ckpt gdm_stride10.pt --gdm-steps 3 --accept-tau 0.20 --horizon 2 --receding-horizon 2 --source pretrained --h5 pusht_c2222.h5 --device cuda --mode long --episodes-file episodes/pusht_c2222.episodes25.json --goal-offset 25 --eval-budget 50 --num-eval 256 --score block --angles 20 5 --seed 42 --cem-seed 42 --probe-solver match --retire-tau 0.10
194	pusht	icem_router_mp_rt0.10	25	43	logs/rbM_pusht_icem_router_mp_rt0.10_t25_seed43.log	python -m surveyor.envs.pusht.eval --solver icem --subgoal router+surveyor --gdm-ckpt gdm_stride10.pt --gdm-steps 3 --accept-tau 0.20 --horizon 2 --receding-horizon 2 --source pretrained --h5 pusht_c2222.h5 --device cuda --mode long --episodes-file episodes/pusht_c2222.episodes25.json --goal-offset 25 --eval-budget 50 --num-eval 256 --score block --angles 20 5 --seed 43 --cem-seed 43 --probe-solver match --retire-tau 0.10
195	pusht	mppi_router_mp_rt0.10	25	43	logs/rbM_pusht_mppi_router_mp_rt0.10_t25_seed43.log	python -m surveyor.envs.pusht.eval --solver mppi --subgoal router+surveyor --gdm-ckpt gdm_stride10.pt --gdm-steps 3 --accept-tau 0.20 --horizon 2 --receding-horizon 2 --source pretrained --h5 pusht_c2222.h5 --device cuda --mode long --episodes-file episodes/pusht_c2222.episodes25.json --goal-offset 25 --eval-budget 50 --num-eval 256 --score block --angles 20 5 --seed 43 --cem-seed 43 --probe-solver match --retire-tau 0.10
196	pusht	icem_router_mp_rt0.10	25	44	logs/rbM_pusht_icem_router_mp_rt0.10_t25_seed44.log	python -m surveyor.envs.pusht.eval --solver icem --subgoal router+surveyor --gdm-ckpt gdm_stride10.pt --gdm-steps 3 --accept-tau 0.20 --horizon 2 --receding-horizon 2 --source pretrained --h5 pusht_c2222.h5 --device cuda --mode long --episodes-file episodes/pusht_c2222.episodes25.json --goal-offset 25 --eval-budget 50 --num-eval 256 --score block --angles 20 5 --seed 44 --cem-seed 44 --probe-solver match --retire-tau 0.10
197	pusht	mppi_router_mp_rt0.10	25	44	logs/rbM_pusht_mppi_router_mp_rt0.10_t25_seed44.log	python -m surveyor.envs.pusht.eval --solver mppi --subgoal router+surveyor --gdm-ckpt gdm_stride10.pt --gdm-steps 3 --accept-tau 0.20 --horizon 2 --receding-horizon 2 --source pretrained --h5 pusht_c2222.h5 --device cuda --mode long --episodes-file episodes/pusht_c2222.episodes25.json --goal-offset 25 --eval-budget 50 --num-eval 256 --score block --angles 20 5 --seed 44 --cem-seed 44 --probe-solver match --retire-tau 0.10
198	pusht	icem_router_mp_rt0.10	25	45	logs/rbM_pusht_icem_router_mp_rt0.10_t25_seed45.log	python -m surveyor.envs.pusht.eval --solver icem --subgoal router+surveyor --gdm-ckpt gdm_stride10.pt --gdm-steps 3 --accept-tau 0.20 --horizon 2 --receding-horizon 2 --source pretrained --h5 pusht_c2222.h5 --device cuda --mode long --episodes-file episodes/pusht_c2222.episodes25.json --goal-offset 25 --eval-budget 50 --num-eval 256 --score block --angles 20 5 --seed 45 --cem-seed 45 --probe-solver match --retire-tau 0.10
199	pusht	mppi_router_mp_rt0.10	25	45	logs/rbM_pusht_mppi_router_mp_rt0.10_t25_seed45.log	python -m surveyor.envs.pusht.eval --solver mppi --subgoal router+surveyor --gdm-ckpt gdm_stride10.pt --gdm-steps 3 --accept-tau 0.20 --horizon 2 --receding-horizon 2 --source pretrained --h5 pusht_c2222.h5 --device cuda --mode long --episodes-file episodes/pusht_c2222.episodes25.json --goal-offset 25 --eval-budget 50 --num-eval 256 --score block --angles 20 5 --seed 45 --cem-seed 45 --probe-solver match --retire-tau 0.10
200	pusht	icem_router_mp_rt0.10	25	46	logs/rbM_pusht_icem_router_mp_rt0.10_t25_seed46.log	python -m surveyor.envs.pusht.eval --solver icem --subgoal router+surveyor --gdm-ckpt gdm_stride10.pt --gdm-steps 3 --accept-tau 0.20 --horizon 2 --receding-horizon 2 --source pretrained --h5 pusht_c2222.h5 --device cuda --mode long --episodes-file episodes/pusht_c2222.episodes25.json --goal-offset 25 --eval-budget 50 --num-eval 256 --score block --angles 20 5 --seed 46 --cem-seed 46 --probe-solver match --retire-tau 0.10
201	pusht	mppi_router_mp_rt0.10	25	46	logs/rbM_pusht_mppi_router_mp_rt0.10_t25_seed46.log	python -m surveyor.envs.pusht.eval --solver mppi --subgoal router+surveyor --gdm-ckpt gdm_stride10.pt --gdm-steps 3 --accept-tau 0.20 --horizon 2 --receding-horizon 2 --source pretrained --h5 pusht_c2222.h5 --device cuda --mode long --episodes-file episodes/pusht_c2222.episodes25.json --goal-offset 25 --eval-budget 50 --num-eval 256 --score block --angles 20 5 --seed 46 --cem-seed 46 --probe-solver match --retire-tau 0.10
202	pusht	icem_router_mp_rt0.10	25	47	logs/rbM_pusht_icem_router_mp_rt0.10_t25_seed47.log	python -m surveyor.envs.pusht.eval --solver icem --subgoal router+surveyor --gdm-ckpt gdm_stride10.pt --gdm-steps 3 --accept-tau 0.20 --horizon 2 --receding-horizon 2 --source pretrained --h5 pusht_c2222.h5 --device cuda --mode long --episodes-file episodes/pusht_c2222.episodes25.json --goal-offset 25 --eval-budget 50 --num-eval 256 --score block --angles 20 5 --seed 47 --cem-seed 47 --probe-solver match --retire-tau 0.10
203	pusht	mppi_router_mp_rt0.10	25	47	logs/rbM_pusht_mppi_router_mp_rt0.10_t25_seed47.log	python -m surveyor.envs.pusht.eval --solver mppi --subgoal router+surveyor --gdm-ckpt gdm_stride10.pt --gdm-steps 3 --accept-tau 0.20 --horizon 2 --receding-horizon 2 --source pretrained --h5 pusht_c2222.h5 --device cuda --mode long --episodes-file episodes/pusht_c2222.episodes25.json --goal-offset 25 --eval-budget 50 --num-eval 256 --score block --angles 20 5 --seed 47 --cem-seed 47 --probe-solver match --retire-tau 0.10
204	pusht	icem_router_mp_rt0.10	25	48	logs/rbM_pusht_icem_router_mp_rt0.10_t25_seed48.log	python -m surveyor.envs.pusht.eval --solver icem --subgoal router+surveyor --gdm-ckpt gdm_stride10.pt --gdm-steps 3 --accept-tau 0.20 --horizon 2 --receding-horizon 2 --source pretrained --h5 pusht_c2222.h5 --device cuda --mode long --episodes-file episodes/pusht_c2222.episodes25.json --goal-offset 25 --eval-budget 50 --num-eval 256 --score block --angles 20 5 --seed 48 --cem-seed 48 --probe-solver match --retire-tau 0.10
205	pusht	mppi_router_mp_rt0.10	25	48	logs/rbM_pusht_mppi_router_mp_rt0.10_t25_seed48.log	python -m surveyor.envs.pusht.eval --solver mppi --subgoal router+surveyor --gdm-ckpt gdm_stride10.pt --gdm-steps 3 --accept-tau 0.20 --horizon 2 --receding-horizon 2 --source pretrained --h5 pusht_c2222.h5 --device cuda --mode long --episodes-file episodes/pusht_c2222.episodes25.json --goal-offset 25 --eval-budget 50 --num-eval 256 --score block --angles 20 5 --seed 48 --cem-seed 48 --probe-solver match --retire-tau 0.10
206	pusht	icem_router_mp_rt0.10	25	49	logs/rbM_pusht_icem_router_mp_rt0.10_t25_seed49.log	python -m surveyor.envs.pusht.eval --solver icem --subgoal router+surveyor --gdm-ckpt gdm_stride10.pt --gdm-steps 3 --accept-tau 0.20 --horizon 2 --receding-horizon 2 --source pretrained --h5 pusht_c2222.h5 --device cuda --mode long --episodes-file episodes/pusht_c2222.episodes25.json --goal-offset 25 --eval-budget 50 --num-eval 256 --score block --angles 20 5 --seed 49 --cem-seed 49 --probe-solver match --retire-tau 0.10
207	pusht	mppi_router_mp_rt0.10	25	49	logs/rbM_pusht_mppi_router_mp_rt0.10_t25_seed49.log	python -m surveyor.envs.pusht.eval --solver mppi --subgoal router+surveyor --gdm-ckpt gdm_stride10.pt --gdm-steps 3 --accept-tau 0.20 --horizon 2 --receding-horizon 2 --source pretrained --h5 pusht_c2222.h5 --device cuda --mode long --episodes-file episodes/pusht_c2222.episodes25.json --goal-offset 25 --eval-budget 50 --num-eval 256 --score block --angles 20 5 --seed 49 --cem-seed 49 --probe-solver match --retire-tau 0.10
208	pusht	icem_router_mp_rt0.10	50	42	logs/rbM_pusht_icem_router_mp_rt0.10_t50_seed42.log	python -m surveyor.envs.pusht.eval --solver icem --subgoal router+surveyor --gdm-ckpt gdm_stride10.pt --gdm-steps 3 --accept-tau 0.20 --horizon 2 --receding-horizon 2 --source pretrained --h5 pusht_c2222.h5 --device cuda --mode long --episodes-file episodes/pusht_c2222.episodes50.json --goal-offset 50 --eval-budget 100 --num-eval 256 --score block --angles 20 5 --seed 42 --cem-seed 42 --probe-solver match --retire-tau 0.10
209	pusht	mppi_router_mp_rt0.10	50	42	logs/rbM_pusht_mppi_router_mp_rt0.10_t50_seed42.log	python -m surveyor.envs.pusht.eval --solver mppi --subgoal router+surveyor --gdm-ckpt gdm_stride10.pt --gdm-steps 3 --accept-tau 0.20 --horizon 2 --receding-horizon 2 --source pretrained --h5 pusht_c2222.h5 --device cuda --mode long --episodes-file episodes/pusht_c2222.episodes50.json --goal-offset 50 --eval-budget 100 --num-eval 256 --score block --angles 20 5 --seed 42 --cem-seed 42 --probe-solver match --retire-tau 0.10
210	pusht	icem_router_mp_rt0.10	50	43	logs/rbM_pusht_icem_router_mp_rt0.10_t50_seed43.log	python -m surveyor.envs.pusht.eval --solver icem --subgoal router+surveyor --gdm-ckpt gdm_stride10.pt --gdm-steps 3 --accept-tau 0.20 --horizon 2 --receding-horizon 2 --source pretrained --h5 pusht_c2222.h5 --device cuda --mode long --episodes-file episodes/pusht_c2222.episodes50.json --goal-offset 50 --eval-budget 100 --num-eval 256 --score block --angles 20 5 --seed 43 --cem-seed 43 --probe-solver match --retire-tau 0.10
211	pusht	mppi_router_mp_rt0.10	50	43	logs/rbM_pusht_mppi_router_mp_rt0.10_t50_seed43.log	python -m surveyor.envs.pusht.eval --solver mppi --subgoal router+surveyor --gdm-ckpt gdm_stride10.pt --gdm-steps 3 --accept-tau 0.20 --horizon 2 --receding-horizon 2 --source pretrained --h5 pusht_c2222.h5 --device cuda --mode long --episodes-file episodes/pusht_c2222.episodes50.json --goal-offset 50 --eval-budget 100 --num-eval 256 --score block --angles 20 5 --seed 43 --cem-seed 43 --probe-solver match --retire-tau 0.10
212	pusht	icem_router_mp_rt0.10	50	44	logs/rbM_pusht_icem_router_mp_rt0.10_t50_seed44.log	python -m surveyor.envs.pusht.eval --solver icem --subgoal router+surveyor --gdm-ckpt gdm_stride10.pt --gdm-steps 3 --accept-tau 0.20 --horizon 2 --receding-horizon 2 --source pretrained --h5 pusht_c2222.h5 --device cuda --mode long --episodes-file episodes/pusht_c2222.episodes50.json --goal-offset 50 --eval-budget 100 --num-eval 256 --score block --angles 20 5 --seed 44 --cem-seed 44 --probe-solver match --retire-tau 0.10
213	pusht	mppi_router_mp_rt0.10	50	44	logs/rbM_pusht_mppi_router_mp_rt0.10_t50_seed44.log	python -m surveyor.envs.pusht.eval --solver mppi --subgoal router+surveyor --gdm-ckpt gdm_stride10.pt --gdm-steps 3 --accept-tau 0.20 --horizon 2 --receding-horizon 2 --source pretrained --h5 pusht_c2222.h5 --device cuda --mode long --episodes-file episodes/pusht_c2222.episodes50.json --goal-offset 50 --eval-budget 100 --num-eval 256 --score block --angles 20 5 --seed 44 --cem-seed 44 --probe-solver match --retire-tau 0.10
214	pusht	icem_router_mp_rt0.10	50	45	logs/rbM_pusht_icem_router_mp_rt0.10_t50_seed45.log	python -m surveyor.envs.pusht.eval --solver icem --subgoal router+surveyor --gdm-ckpt gdm_stride10.pt --gdm-steps 3 --accept-tau 0.20 --horizon 2 --receding-horizon 2 --source pretrained --h5 pusht_c2222.h5 --device cuda --mode long --episodes-file episodes/pusht_c2222.episodes50.json --goal-offset 50 --eval-budget 100 --num-eval 256 --score block --angles 20 5 --seed 45 --cem-seed 45 --probe-solver match --retire-tau 0.10
215	pusht	mppi_router_mp_rt0.10	50	45	logs/rbM_pusht_mppi_router_mp_rt0.10_t50_seed45.log	python -m surveyor.envs.pusht.eval --solver mppi --subgoal router+surveyor --gdm-ckpt gdm_stride10.pt --gdm-steps 3 --accept-tau 0.20 --horizon 2 --receding-horizon 2 --source pretrained --h5 pusht_c2222.h5 --device cuda --mode long --episodes-file episodes/pusht_c2222.episodes50.json --goal-offset 50 --eval-budget 100 --num-eval 256 --score block --angles 20 5 --seed 45 --cem-seed 45 --probe-solver match --retire-tau 0.10
216	pusht	icem_router_mp_rt0.10	50	46	logs/rbM_pusht_icem_router_mp_rt0.10_t50_seed46.log	python -m surveyor.envs.pusht.eval --solver icem --subgoal router+surveyor --gdm-ckpt gdm_stride10.pt --gdm-steps 3 --accept-tau 0.20 --horizon 2 --receding-horizon 2 --source pretrained --h5 pusht_c2222.h5 --device cuda --mode long --episodes-file episodes/pusht_c2222.episodes50.json --goal-offset 50 --eval-budget 100 --num-eval 256 --score block --angles 20 5 --seed 46 --cem-seed 46 --probe-solver match --retire-tau 0.10
217	pusht	mppi_router_mp_rt0.10	50	46	logs/rbM_pusht_mppi_router_mp_rt0.10_t50_seed46.log	python -m surveyor.envs.pusht.eval --solver mppi --subgoal router+surveyor --gdm-ckpt gdm_stride10.pt --gdm-steps 3 --accept-tau 0.20 --horizon 2 --receding-horizon 2 --source pretrained --h5 pusht_c2222.h5 --device cuda --mode long --episodes-file episodes/pusht_c2222.episodes50.json --goal-offset 50 --eval-budget 100 --num-eval 256 --score block --angles 20 5 --seed 46 --cem-seed 46 --probe-solver match --retire-tau 0.10
218	pusht	icem_router_mp_rt0.10	50	47	logs/rbM_pusht_icem_router_mp_rt0.10_t50_seed47.log	python -m surveyor.envs.pusht.eval --solver icem --subgoal router+surveyor --gdm-ckpt gdm_stride10.pt --gdm-steps 3 --accept-tau 0.20 --horizon 2 --receding-horizon 2 --source pretrained --h5 pusht_c2222.h5 --device cuda --mode long --episodes-file episodes/pusht_c2222.episodes50.json --goal-offset 50 --eval-budget 100 --num-eval 256 --score block --angles 20 5 --seed 47 --cem-seed 47 --probe-solver match --retire-tau 0.10
219	pusht	mppi_router_mp_rt0.10	50	47	logs/rbM_pusht_mppi_router_mp_rt0.10_t50_seed47.log	python -m surveyor.envs.pusht.eval --solver mppi --subgoal router+surveyor --gdm-ckpt gdm_stride10.pt --gdm-steps 3 --accept-tau 0.20 --horizon 2 --receding-horizon 2 --source pretrained --h5 pusht_c2222.h5 --device cuda --mode long --episodes-file episodes/pusht_c2222.episodes50.json --goal-offset 50 --eval-budget 100 --num-eval 256 --score block --angles 20 5 --seed 47 --cem-seed 47 --probe-solver match --retire-tau 0.10
220	pusht	icem_router_mp_rt0.10	50	48	logs/rbM_pusht_icem_router_mp_rt0.10_t50_seed48.log	python -m surveyor.envs.pusht.eval --solver icem --subgoal router+surveyor --gdm-ckpt gdm_stride10.pt --gdm-steps 3 --accept-tau 0.20 --horizon 2 --receding-horizon 2 --source pretrained --h5 pusht_c2222.h5 --device cuda --mode long --episodes-file episodes/pusht_c2222.episodes50.json --goal-offset 50 --eval-budget 100 --num-eval 256 --score block --angles 20 5 --seed 48 --cem-seed 48 --probe-solver match --retire-tau 0.10
221	pusht	mppi_router_mp_rt0.10	50	48	logs/rbM_pusht_mppi_router_mp_rt0.10_t50_seed48.log	python -m surveyor.envs.pusht.eval --solver mppi --subgoal router+surveyor --gdm-ckpt gdm_stride10.pt --gdm-steps 3 --accept-tau 0.20 --horizon 2 --receding-horizon 2 --source pretrained --h5 pusht_c2222.h5 --device cuda --mode long --episodes-file episodes/pusht_c2222.episodes50.json --goal-offset 50 --eval-budget 100 --num-eval 256 --score block --angles 20 5 --seed 48 --cem-seed 48 --probe-solver match --retire-tau 0.10
222	pusht	icem_router_mp_rt0.10	50	49	logs/rbM_pusht_icem_router_mp_rt0.10_t50_seed49.log	python -m surveyor.envs.pusht.eval --solver icem --subgoal router+surveyor --gdm-ckpt gdm_stride10.pt --gdm-steps 3 --accept-tau 0.20 --horizon 2 --receding-horizon 2 --source pretrained --h5 pusht_c2222.h5 --device cuda --mode long --episodes-file episodes/pusht_c2222.episodes50.json --goal-offset 50 --eval-budget 100 --num-eval 256 --score block --angles 20 5 --seed 49 --cem-seed 49 --probe-solver match --retire-tau 0.10
223	pusht	mppi_router_mp_rt0.10	50	49	logs/rbM_pusht_mppi_router_mp_rt0.10_t50_seed49.log	python -m surveyor.envs.pusht.eval --solver mppi --subgoal router+surveyor --gdm-ckpt gdm_stride10.pt --gdm-steps 3 --accept-tau 0.20 --horizon 2 --receding-horizon 2 --source pretrained --h5 pusht_c2222.h5 --device cuda --mode long --episodes-file episodes/pusht_c2222.episodes50.json --goal-offset 50 --eval-budget 100 --num-eval 256 --score block --angles 20 5 --seed 49 --cem-seed 49 --probe-solver match --retire-tau 0.10
224	pusht	icem_router_mp_rt0.10	75	42	logs/rbM_pusht_icem_router_mp_rt0.10_t75_seed42.log	python -m surveyor.envs.pusht.eval --solver icem --subgoal router+surveyor --gdm-ckpt gdm_stride10.pt --gdm-steps 3 --accept-tau 0.20 --horizon 2 --receding-horizon 2 --source pretrained --h5 pusht_c2222.h5 --device cuda --mode long --episodes-file episodes/pusht_c2222.episodes75.json --goal-offset 75 --eval-budget 150 --num-eval 256 --score block --angles 20 5 --seed 42 --cem-seed 42 --probe-solver match --retire-tau 0.10
225	pusht	mppi_router_mp_rt0.10	75	42	logs/rbM_pusht_mppi_router_mp_rt0.10_t75_seed42.log	python -m surveyor.envs.pusht.eval --solver mppi --subgoal router+surveyor --gdm-ckpt gdm_stride10.pt --gdm-steps 3 --accept-tau 0.20 --horizon 2 --receding-horizon 2 --source pretrained --h5 pusht_c2222.h5 --device cuda --mode long --episodes-file episodes/pusht_c2222.episodes75.json --goal-offset 75 --eval-budget 150 --num-eval 256 --score block --angles 20 5 --seed 42 --cem-seed 42 --probe-solver match --retire-tau 0.10
226	pusht	icem_router_mp_rt0.10	75	43	logs/rbM_pusht_icem_router_mp_rt0.10_t75_seed43.log	python -m surveyor.envs.pusht.eval --solver icem --subgoal router+surveyor --gdm-ckpt gdm_stride10.pt --gdm-steps 3 --accept-tau 0.20 --horizon 2 --receding-horizon 2 --source pretrained --h5 pusht_c2222.h5 --device cuda --mode long --episodes-file episodes/pusht_c2222.episodes75.json --goal-offset 75 --eval-budget 150 --num-eval 256 --score block --angles 20 5 --seed 43 --cem-seed 43 --probe-solver match --retire-tau 0.10
227	pusht	mppi_router_mp_rt0.10	75	43	logs/rbM_pusht_mppi_router_mp_rt0.10_t75_seed43.log	python -m surveyor.envs.pusht.eval --solver mppi --subgoal router+surveyor --gdm-ckpt gdm_stride10.pt --gdm-steps 3 --accept-tau 0.20 --horizon 2 --receding-horizon 2 --source pretrained --h5 pusht_c2222.h5 --device cuda --mode long --episodes-file episodes/pusht_c2222.episodes75.json --goal-offset 75 --eval-budget 150 --num-eval 256 --score block --angles 20 5 --seed 43 --cem-seed 43 --probe-solver match --retire-tau 0.10
228	pusht	icem_router_mp_rt0.10	75	44	logs/rbM_pusht_icem_router_mp_rt0.10_t75_seed44.log	python -m surveyor.envs.pusht.eval --solver icem --subgoal router+surveyor --gdm-ckpt gdm_stride10.pt --gdm-steps 3 --accept-tau 0.20 --horizon 2 --receding-horizon 2 --source pretrained --h5 pusht_c2222.h5 --device cuda --mode long --episodes-file episodes/pusht_c2222.episodes75.json --goal-offset 75 --eval-budget 150 --num-eval 256 --score block --angles 20 5 --seed 44 --cem-seed 44 --probe-solver match --retire-tau 0.10
229	pusht	mppi_router_mp_rt0.10	75	44	logs/rbM_pusht_mppi_router_mp_rt0.10_t75_seed44.log	python -m surveyor.envs.pusht.eval --solver mppi --subgoal router+surveyor --gdm-ckpt gdm_stride10.pt --gdm-steps 3 --accept-tau 0.20 --horizon 2 --receding-horizon 2 --source pretrained --h5 pusht_c2222.h5 --device cuda --mode long --episodes-file episodes/pusht_c2222.episodes75.json --goal-offset 75 --eval-budget 150 --num-eval 256 --score block --angles 20 5 --seed 44 --cem-seed 44 --probe-solver match --retire-tau 0.10
230	pusht	icem_router_mp_rt0.10	75	45	logs/rbM_pusht_icem_router_mp_rt0.10_t75_seed45.log	python -m surveyor.envs.pusht.eval --solver icem --subgoal router+surveyor --gdm-ckpt gdm_stride10.pt --gdm-steps 3 --accept-tau 0.20 --horizon 2 --receding-horizon 2 --source pretrained --h5 pusht_c2222.h5 --device cuda --mode long --episodes-file episodes/pusht_c2222.episodes75.json --goal-offset 75 --eval-budget 150 --num-eval 256 --score block --angles 20 5 --seed 45 --cem-seed 45 --probe-solver match --retire-tau 0.10
231	pusht	mppi_router_mp_rt0.10	75	45	logs/rbM_pusht_mppi_router_mp_rt0.10_t75_seed45.log	python -m surveyor.envs.pusht.eval --solver mppi --subgoal router+surveyor --gdm-ckpt gdm_stride10.pt --gdm-steps 3 --accept-tau 0.20 --horizon 2 --receding-horizon 2 --source pretrained --h5 pusht_c2222.h5 --device cuda --mode long --episodes-file episodes/pusht_c2222.episodes75.json --goal-offset 75 --eval-budget 150 --num-eval 256 --score block --angles 20 5 --seed 45 --cem-seed 45 --probe-solver match --retire-tau 0.10
232	pusht	icem_router_mp_rt0.10	75	46	logs/rbM_pusht_icem_router_mp_rt0.10_t75_seed46.log	python -m surveyor.envs.pusht.eval --solver icem --subgoal router+surveyor --gdm-ckpt gdm_stride10.pt --gdm-steps 3 --accept-tau 0.20 --horizon 2 --receding-horizon 2 --source pretrained --h5 pusht_c2222.h5 --device cuda --mode long --episodes-file episodes/pusht_c2222.episodes75.json --goal-offset 75 --eval-budget 150 --num-eval 256 --score block --angles 20 5 --seed 46 --cem-seed 46 --probe-solver match --retire-tau 0.10
233	pusht	mppi_router_mp_rt0.10	75	46	logs/rbM_pusht_mppi_router_mp_rt0.10_t75_seed46.log	python -m surveyor.envs.pusht.eval --solver mppi --subgoal router+surveyor --gdm-ckpt gdm_stride10.pt --gdm-steps 3 --accept-tau 0.20 --horizon 2 --receding-horizon 2 --source pretrained --h5 pusht_c2222.h5 --device cuda --mode long --episodes-file episodes/pusht_c2222.episodes75.json --goal-offset 75 --eval-budget 150 --num-eval 256 --score block --angles 20 5 --seed 46 --cem-seed 46 --probe-solver match --retire-tau 0.10
234	pusht	icem_router_mp_rt0.10	75	47	logs/rbM_pusht_icem_router_mp_rt0.10_t75_seed47.log	python -m surveyor.envs.pusht.eval --solver icem --subgoal router+surveyor --gdm-ckpt gdm_stride10.pt --gdm-steps 3 --accept-tau 0.20 --horizon 2 --receding-horizon 2 --source pretrained --h5 pusht_c2222.h5 --device cuda --mode long --episodes-file episodes/pusht_c2222.episodes75.json --goal-offset 75 --eval-budget 150 --num-eval 256 --score block --angles 20 5 --seed 47 --cem-seed 47 --probe-solver match --retire-tau 0.10
235	pusht	mppi_router_mp_rt0.10	75	47	logs/rbM_pusht_mppi_router_mp_rt0.10_t75_seed47.log	python -m surveyor.envs.pusht.eval --solver mppi --subgoal router+surveyor --gdm-ckpt gdm_stride10.pt --gdm-steps 3 --accept-tau 0.20 --horizon 2 --receding-horizon 2 --source pretrained --h5 pusht_c2222.h5 --device cuda --mode long --episodes-file episodes/pusht_c2222.episodes75.json --goal-offset 75 --eval-budget 150 --num-eval 256 --score block --angles 20 5 --seed 47 --cem-seed 47 --probe-solver match --retire-tau 0.10
236	pusht	icem_router_mp_rt0.10	75	48	logs/rbM_pusht_icem_router_mp_rt0.10_t75_seed48.log	python -m surveyor.envs.pusht.eval --solver icem --subgoal router+surveyor --gdm-ckpt gdm_stride10.pt --gdm-steps 3 --accept-tau 0.20 --horizon 2 --receding-horizon 2 --source pretrained --h5 pusht_c2222.h5 --device cuda --mode long --episodes-file episodes/pusht_c2222.episodes75.json --goal-offset 75 --eval-budget 150 --num-eval 256 --score block --angles 20 5 --seed 48 --cem-seed 48 --probe-solver match --retire-tau 0.10
237	pusht	mppi_router_mp_rt0.10	75	48	logs/rbM_pusht_mppi_router_mp_rt0.10_t75_seed48.log	python -m surveyor.envs.pusht.eval --solver mppi --subgoal router+surveyor --gdm-ckpt gdm_stride10.pt --gdm-steps 3 --accept-tau 0.20 --horizon 2 --receding-horizon 2 --source pretrained --h5 pusht_c2222.h5 --device cuda --mode long --episodes-file episodes/pusht_c2222.episodes75.json --goal-offset 75 --eval-budget 150 --num-eval 256 --score block --angles 20 5 --seed 48 --cem-seed 48 --probe-solver match --retire-tau 0.10
238	pusht	icem_router_mp_rt0.10	75	49	logs/rbM_pusht_icem_router_mp_rt0.10_t75_seed49.log	python -m surveyor.envs.pusht.eval --solver icem --subgoal router+surveyor --gdm-ckpt gdm_stride10.pt --gdm-steps 3 --accept-tau 0.20 --horizon 2 --receding-horizon 2 --source pretrained --h5 pusht_c2222.h5 --device cuda --mode long --episodes-file episodes/pusht_c2222.episodes75.json --goal-offset 75 --eval-budget 150 --num-eval 256 --score block --angles 20 5 --seed 49 --cem-seed 49 --probe-solver match --retire-tau 0.10
239	pusht	mppi_router_mp_rt0.10	75	49	logs/rbM_pusht_mppi_router_mp_rt0.10_t75_seed49.log	python -m surveyor.envs.pusht.eval --solver mppi --subgoal router+surveyor --gdm-ckpt gdm_stride10.pt --gdm-steps 3 --accept-tau 0.20 --horizon 2 --receding-horizon 2 --source pretrained --h5 pusht_c2222.h5 --device cuda --mode long --episodes-file episodes/pusht_c2222.episodes75.json --goal-offset 75 --eval-budget 150 --num-eval 256 --score block --angles 20 5 --seed 49 --cem-seed 49 --probe-solver match --retire-tau 0.10
240	pusht	icem_router_mp_rt0.10	100	42	logs/rbM_pusht_icem_router_mp_rt0.10_t100_seed42.log	python -m surveyor.envs.pusht.eval --solver icem --subgoal router+surveyor --gdm-ckpt gdm_stride10.pt --gdm-steps 3 --accept-tau 0.20 --horizon 2 --receding-horizon 2 --source pretrained --h5 pusht_c2222.h5 --device cuda --mode long --episodes-file episodes/pusht_c2222.episodes100.json --goal-offset 100 --eval-budget 200 --num-eval 256 --score block --angles 20 5 --seed 42 --cem-seed 42 --probe-solver match --retire-tau 0.10
241	pusht	mppi_router_mp_rt0.10	100	42	logs/rbM_pusht_mppi_router_mp_rt0.10_t100_seed42.log	python -m surveyor.envs.pusht.eval --solver mppi --subgoal router+surveyor --gdm-ckpt gdm_stride10.pt --gdm-steps 3 --accept-tau 0.20 --horizon 2 --receding-horizon 2 --source pretrained --h5 pusht_c2222.h5 --device cuda --mode long --episodes-file episodes/pusht_c2222.episodes100.json --goal-offset 100 --eval-budget 200 --num-eval 256 --score block --angles 20 5 --seed 42 --cem-seed 42 --probe-solver match --retire-tau 0.10
242	pusht	icem_router_mp_rt0.10	100	43	logs/rbM_pusht_icem_router_mp_rt0.10_t100_seed43.log	python -m surveyor.envs.pusht.eval --solver icem --subgoal router+surveyor --gdm-ckpt gdm_stride10.pt --gdm-steps 3 --accept-tau 0.20 --horizon 2 --receding-horizon 2 --source pretrained --h5 pusht_c2222.h5 --device cuda --mode long --episodes-file episodes/pusht_c2222.episodes100.json --goal-offset 100 --eval-budget 200 --num-eval 256 --score block --angles 20 5 --seed 43 --cem-seed 43 --probe-solver match --retire-tau 0.10
243	pusht	mppi_router_mp_rt0.10	100	43	logs/rbM_pusht_mppi_router_mp_rt0.10_t100_seed43.log	python -m surveyor.envs.pusht.eval --solver mppi --subgoal router+surveyor --gdm-ckpt gdm_stride10.pt --gdm-steps 3 --accept-tau 0.20 --horizon 2 --receding-horizon 2 --source pretrained --h5 pusht_c2222.h5 --device cuda --mode long --episodes-file episodes/pusht_c2222.episodes100.json --goal-offset 100 --eval-budget 200 --num-eval 256 --score block --angles 20 5 --seed 43 --cem-seed 43 --probe-solver match --retire-tau 0.10
244	pusht	icem_router_mp_rt0.10	100	44	logs/rbM_pusht_icem_router_mp_rt0.10_t100_seed44.log	python -m surveyor.envs.pusht.eval --solver icem --subgoal router+surveyor --gdm-ckpt gdm_stride10.pt --gdm-steps 3 --accept-tau 0.20 --horizon 2 --receding-horizon 2 --source pretrained --h5 pusht_c2222.h5 --device cuda --mode long --episodes-file episodes/pusht_c2222.episodes100.json --goal-offset 100 --eval-budget 200 --num-eval 256 --score block --angles 20 5 --seed 44 --cem-seed 44 --probe-solver match --retire-tau 0.10
245	pusht	mppi_router_mp_rt0.10	100	44	logs/rbM_pusht_mppi_router_mp_rt0.10_t100_seed44.log	python -m surveyor.envs.pusht.eval --solver mppi --subgoal router+surveyor --gdm-ckpt gdm_stride10.pt --gdm-steps 3 --accept-tau 0.20 --horizon 2 --receding-horizon 2 --source pretrained --h5 pusht_c2222.h5 --device cuda --mode long --episodes-file episodes/pusht_c2222.episodes100.json --goal-offset 100 --eval-budget 200 --num-eval 256 --score block --angles 20 5 --seed 44 --cem-seed 44 --probe-solver match --retire-tau 0.10
246	pusht	icem_router_mp_rt0.10	100	45	logs/rbM_pusht_icem_router_mp_rt0.10_t100_seed45.log	python -m surveyor.envs.pusht.eval --solver icem --subgoal router+surveyor --gdm-ckpt gdm_stride10.pt --gdm-steps 3 --accept-tau 0.20 --horizon 2 --receding-horizon 2 --source pretrained --h5 pusht_c2222.h5 --device cuda --mode long --episodes-file episodes/pusht_c2222.episodes100.json --goal-offset 100 --eval-budget 200 --num-eval 256 --score block --angles 20 5 --seed 45 --cem-seed 45 --probe-solver match --retire-tau 0.10
247	pusht	mppi_router_mp_rt0.10	100	45	logs/rbM_pusht_mppi_router_mp_rt0.10_t100_seed45.log	python -m surveyor.envs.pusht.eval --solver mppi --subgoal router+surveyor --gdm-ckpt gdm_stride10.pt --gdm-steps 3 --accept-tau 0.20 --horizon 2 --receding-horizon 2 --source pretrained --h5 pusht_c2222.h5 --device cuda --mode long --episodes-file episodes/pusht_c2222.episodes100.json --goal-offset 100 --eval-budget 200 --num-eval 256 --score block --angles 20 5 --seed 45 --cem-seed 45 --probe-solver match --retire-tau 0.10
248	pusht	icem_router_mp_rt0.10	100	46	logs/rbM_pusht_icem_router_mp_rt0.10_t100_seed46.log	python -m surveyor.envs.pusht.eval --solver icem --subgoal router+surveyor --gdm-ckpt gdm_stride10.pt --gdm-steps 3 --accept-tau 0.20 --horizon 2 --receding-horizon 2 --source pretrained --h5 pusht_c2222.h5 --device cuda --mode long --episodes-file episodes/pusht_c2222.episodes100.json --goal-offset 100 --eval-budget 200 --num-eval 256 --score block --angles 20 5 --seed 46 --cem-seed 46 --probe-solver match --retire-tau 0.10
249	pusht	mppi_router_mp_rt0.10	100	46	logs/rbM_pusht_mppi_router_mp_rt0.10_t100_seed46.log	python -m surveyor.envs.pusht.eval --solver mppi --subgoal router+surveyor --gdm-ckpt gdm_stride10.pt --gdm-steps 3 --accept-tau 0.20 --horizon 2 --receding-horizon 2 --source pretrained --h5 pusht_c2222.h5 --device cuda --mode long --episodes-file episodes/pusht_c2222.episodes100.json --goal-offset 100 --eval-budget 200 --num-eval 256 --score block --angles 20 5 --seed 46 --cem-seed 46 --probe-solver match --retire-tau 0.10
250	pusht	icem_router_mp_rt0.10	100	47	logs/rbM_pusht_icem_router_mp_rt0.10_t100_seed47.log	python -m surveyor.envs.pusht.eval --solver icem --subgoal router+surveyor --gdm-ckpt gdm_stride10.pt --gdm-steps 3 --accept-tau 0.20 --horizon 2 --receding-horizon 2 --source pretrained --h5 pusht_c2222.h5 --device cuda --mode long --episodes-file episodes/pusht_c2222.episodes100.json --goal-offset 100 --eval-budget 200 --num-eval 256 --score block --angles 20 5 --seed 47 --cem-seed 47 --probe-solver match --retire-tau 0.10
251	pusht	mppi_router_mp_rt0.10	100	47	logs/rbM_pusht_mppi_router_mp_rt0.10_t100_seed47.log	python -m surveyor.envs.pusht.eval --solver mppi --subgoal router+surveyor --gdm-ckpt gdm_stride10.pt --gdm-steps 3 --accept-tau 0.20 --horizon 2 --receding-horizon 2 --source pretrained --h5 pusht_c2222.h5 --device cuda --mode long --episodes-file episodes/pusht_c2222.episodes100.json --goal-offset 100 --eval-budget 200 --num-eval 256 --score block --angles 20 5 --seed 47 --cem-seed 47 --probe-solver match --retire-tau 0.10
252	pusht	icem_router_mp_rt0.10	100	48	logs/rbM_pusht_icem_router_mp_rt0.10_t100_seed48.log	python -m surveyor.envs.pusht.eval --solver icem --subgoal router+surveyor --gdm-ckpt gdm_stride10.pt --gdm-steps 3 --accept-tau 0.20 --horizon 2 --receding-horizon 2 --source pretrained --h5 pusht_c2222.h5 --device cuda --mode long --episodes-file episodes/pusht_c2222.episodes100.json --goal-offset 100 --eval-budget 200 --num-eval 256 --score block --angles 20 5 --seed 48 --cem-seed 48 --probe-solver match --retire-tau 0.10
253	pusht	mppi_router_mp_rt0.10	100	48	logs/rbM_pusht_mppi_router_mp_rt0.10_t100_seed48.log	python -m surveyor.envs.pusht.eval --solver mppi --subgoal router+surveyor --gdm-ckpt gdm_stride10.pt --gdm-steps 3 --accept-tau 0.20 --horizon 2 --receding-horizon 2 --source pretrained --h5 pusht_c2222.h5 --device cuda --mode long --episodes-file episodes/pusht_c2222.episodes100.json --goal-offset 100 --eval-budget 200 --num-eval 256 --score block --angles 20 5 --seed 48 --cem-seed 48 --probe-solver match --retire-tau 0.10
254	pusht	icem_router_mp_rt0.10	100	49	logs/rbM_pusht_icem_router_mp_rt0.10_t100_seed49.log	python -m surveyor.envs.pusht.eval --solver icem --subgoal router+surveyor --gdm-ckpt gdm_stride10.pt --gdm-steps 3 --accept-tau 0.20 --horizon 2 --receding-horizon 2 --source pretrained --h5 pusht_c2222.h5 --device cuda --mode long --episodes-file episodes/pusht_c2222.episodes100.json --goal-offset 100 --eval-budget 200 --num-eval 256 --score block --angles 20 5 --seed 49 --cem-seed 49 --probe-solver match --retire-tau 0.10
255	pusht	mppi_router_mp_rt0.10	100	49	logs/rbM_pusht_mppi_router_mp_rt0.10_t100_seed49.log	python -m surveyor.envs.pusht.eval --solver mppi --subgoal router+surveyor --gdm-ckpt gdm_stride10.pt --gdm-steps 3 --accept-tau 0.20 --horizon 2 --receding-horizon 2 --source pretrained --h5 pusht_c2222.h5 --device cuda --mode long --episodes-file episodes/pusht_c2222.episodes100.json --goal-offset 100 --eval-budget 200 --num-eval 256 --score block --angles 20 5 --seed 49 --cem-seed 49 --probe-solver match --retire-tau 0.10
256	pusht	icem_router_mp_rt0.10	150	42	logs/rbM_pusht_icem_router_mp_rt0.10_t150_seed42.log	python -m surveyor.envs.pusht.eval --solver icem --subgoal router+surveyor --gdm-ckpt gdm_stride10.pt --gdm-steps 3 --accept-tau 0.20 --horizon 2 --receding-horizon 2 --source pretrained --h5 pusht_c2222.h5 --device cuda --mode long --episodes-file episodes/pusht_c2222.episodes150.json --goal-offset 150 --eval-budget 300 --num-eval 256 --score block --angles 20 5 --seed 42 --cem-seed 42 --probe-solver match --retire-tau 0.10
257	pusht	mppi_router_mp_rt0.10	150	42	logs/rbM_pusht_mppi_router_mp_rt0.10_t150_seed42.log	python -m surveyor.envs.pusht.eval --solver mppi --subgoal router+surveyor --gdm-ckpt gdm_stride10.pt --gdm-steps 3 --accept-tau 0.20 --horizon 2 --receding-horizon 2 --source pretrained --h5 pusht_c2222.h5 --device cuda --mode long --episodes-file episodes/pusht_c2222.episodes150.json --goal-offset 150 --eval-budget 300 --num-eval 256 --score block --angles 20 5 --seed 42 --cem-seed 42 --probe-solver match --retire-tau 0.10
258	pusht	icem_router_mp_rt0.10	150	43	logs/rbM_pusht_icem_router_mp_rt0.10_t150_seed43.log	python -m surveyor.envs.pusht.eval --solver icem --subgoal router+surveyor --gdm-ckpt gdm_stride10.pt --gdm-steps 3 --accept-tau 0.20 --horizon 2 --receding-horizon 2 --source pretrained --h5 pusht_c2222.h5 --device cuda --mode long --episodes-file episodes/pusht_c2222.episodes150.json --goal-offset 150 --eval-budget 300 --num-eval 256 --score block --angles 20 5 --seed 43 --cem-seed 43 --probe-solver match --retire-tau 0.10
259	pusht	mppi_router_mp_rt0.10	150	43	logs/rbM_pusht_mppi_router_mp_rt0.10_t150_seed43.log	python -m surveyor.envs.pusht.eval --solver mppi --subgoal router+surveyor --gdm-ckpt gdm_stride10.pt --gdm-steps 3 --accept-tau 0.20 --horizon 2 --receding-horizon 2 --source pretrained --h5 pusht_c2222.h5 --device cuda --mode long --episodes-file episodes/pusht_c2222.episodes150.json --goal-offset 150 --eval-budget 300 --num-eval 256 --score block --angles 20 5 --seed 43 --cem-seed 43 --probe-solver match --retire-tau 0.10
260	pusht	icem_router_mp_rt0.10	150	44	logs/rbM_pusht_icem_router_mp_rt0.10_t150_seed44.log	python -m surveyor.envs.pusht.eval --solver icem --subgoal router+surveyor --gdm-ckpt gdm_stride10.pt --gdm-steps 3 --accept-tau 0.20 --horizon 2 --receding-horizon 2 --source pretrained --h5 pusht_c2222.h5 --device cuda --mode long --episodes-file episodes/pusht_c2222.episodes150.json --goal-offset 150 --eval-budget 300 --num-eval 256 --score block --angles 20 5 --seed 44 --cem-seed 44 --probe-solver match --retire-tau 0.10
261	pusht	mppi_router_mp_rt0.10	150	44	logs/rbM_pusht_mppi_router_mp_rt0.10_t150_seed44.log	python -m surveyor.envs.pusht.eval --solver mppi --subgoal router+surveyor --gdm-ckpt gdm_stride10.pt --gdm-steps 3 --accept-tau 0.20 --horizon 2 --receding-horizon 2 --source pretrained --h5 pusht_c2222.h5 --device cuda --mode long --episodes-file episodes/pusht_c2222.episodes150.json --goal-offset 150 --eval-budget 300 --num-eval 256 --score block --angles 20 5 --seed 44 --cem-seed 44 --probe-solver match --retire-tau 0.10
262	pusht	icem_router_mp_rt0.10	150	45	logs/rbM_pusht_icem_router_mp_rt0.10_t150_seed45.log	python -m surveyor.envs.pusht.eval --solver icem --subgoal router+surveyor --gdm-ckpt gdm_stride10.pt --gdm-steps 3 --accept-tau 0.20 --horizon 2 --receding-horizon 2 --source pretrained --h5 pusht_c2222.h5 --device cuda --mode long --episodes-file episodes/pusht_c2222.episodes150.json --goal-offset 150 --eval-budget 300 --num-eval 256 --score block --angles 20 5 --seed 45 --cem-seed 45 --probe-solver match --retire-tau 0.10
263	pusht	mppi_router_mp_rt0.10	150	45	logs/rbM_pusht_mppi_router_mp_rt0.10_t150_seed45.log	python -m surveyor.envs.pusht.eval --solver mppi --subgoal router+surveyor --gdm-ckpt gdm_stride10.pt --gdm-steps 3 --accept-tau 0.20 --horizon 2 --receding-horizon 2 --source pretrained --h5 pusht_c2222.h5 --device cuda --mode long --episodes-file episodes/pusht_c2222.episodes150.json --goal-offset 150 --eval-budget 300 --num-eval 256 --score block --angles 20 5 --seed 45 --cem-seed 45 --probe-solver match --retire-tau 0.10
264	pusht	icem_router_mp_rt0.10	150	46	logs/rbM_pusht_icem_router_mp_rt0.10_t150_seed46.log	python -m surveyor.envs.pusht.eval --solver icem --subgoal router+surveyor --gdm-ckpt gdm_stride10.pt --gdm-steps 3 --accept-tau 0.20 --horizon 2 --receding-horizon 2 --source pretrained --h5 pusht_c2222.h5 --device cuda --mode long --episodes-file episodes/pusht_c2222.episodes150.json --goal-offset 150 --eval-budget 300 --num-eval 256 --score block --angles 20 5 --seed 46 --cem-seed 46 --probe-solver match --retire-tau 0.10
265	pusht	mppi_router_mp_rt0.10	150	46	logs/rbM_pusht_mppi_router_mp_rt0.10_t150_seed46.log	python -m surveyor.envs.pusht.eval --solver mppi --subgoal router+surveyor --gdm-ckpt gdm_stride10.pt --gdm-steps 3 --accept-tau 0.20 --horizon 2 --receding-horizon 2 --source pretrained --h5 pusht_c2222.h5 --device cuda --mode long --episodes-file episodes/pusht_c2222.episodes150.json --goal-offset 150 --eval-budget 300 --num-eval 256 --score block --angles 20 5 --seed 46 --cem-seed 46 --probe-solver match --retire-tau 0.10
266	pusht	icem_router_mp_rt0.10	150	47	logs/rbM_pusht_icem_router_mp_rt0.10_t150_seed47.log	python -m surveyor.envs.pusht.eval --solver icem --subgoal router+surveyor --gdm-ckpt gdm_stride10.pt --gdm-steps 3 --accept-tau 0.20 --horizon 2 --receding-horizon 2 --source pretrained --h5 pusht_c2222.h5 --device cuda --mode long --episodes-file episodes/pusht_c2222.episodes150.json --goal-offset 150 --eval-budget 300 --num-eval 256 --score block --angles 20 5 --seed 47 --cem-seed 47 --probe-solver match --retire-tau 0.10
267	pusht	mppi_router_mp_rt0.10	150	47	logs/rbM_pusht_mppi_router_mp_rt0.10_t150_seed47.log	python -m surveyor.envs.pusht.eval --solver mppi --subgoal router+surveyor --gdm-ckpt gdm_stride10.pt --gdm-steps 3 --accept-tau 0.20 --horizon 2 --receding-horizon 2 --source pretrained --h5 pusht_c2222.h5 --device cuda --mode long --episodes-file episodes/pusht_c2222.episodes150.json --goal-offset 150 --eval-budget 300 --num-eval 256 --score block --angles 20 5 --seed 47 --cem-seed 47 --probe-solver match --retire-tau 0.10
268	pusht	icem_router_mp_rt0.10	150	48	logs/rbM_pusht_icem_router_mp_rt0.10_t150_seed48.log	python -m surveyor.envs.pusht.eval --solver icem --subgoal router+surveyor --gdm-ckpt gdm_stride10.pt --gdm-steps 3 --accept-tau 0.20 --horizon 2 --receding-horizon 2 --source pretrained --h5 pusht_c2222.h5 --device cuda --mode long --episodes-file episodes/pusht_c2222.episodes150.json --goal-offset 150 --eval-budget 300 --num-eval 256 --score block --angles 20 5 --seed 48 --cem-seed 48 --probe-solver match --retire-tau 0.10
269	pusht	mppi_router_mp_rt0.10	150	48	logs/rbM_pusht_mppi_router_mp_rt0.10_t150_seed48.log	python -m surveyor.envs.pusht.eval --solver mppi --subgoal router+surveyor --gdm-ckpt gdm_stride10.pt --gdm-steps 3 --accept-tau 0.20 --horizon 2 --receding-horizon 2 --source pretrained --h5 pusht_c2222.h5 --device cuda --mode long --episodes-file episodes/pusht_c2222.episodes150.json --goal-offset 150 --eval-budget 300 --num-eval 256 --score block --angles 20 5 --seed 48 --cem-seed 48 --probe-solver match --retire-tau 0.10
270	pusht	icem_router_mp_rt0.10	150	49	logs/rbM_pusht_icem_router_mp_rt0.10_t150_seed49.log	python -m surveyor.envs.pusht.eval --solver icem --subgoal router+surveyor --gdm-ckpt gdm_stride10.pt --gdm-steps 3 --accept-tau 0.20 --horizon 2 --receding-horizon 2 --source pretrained --h5 pusht_c2222.h5 --device cuda --mode long --episodes-file episodes/pusht_c2222.episodes150.json --goal-offset 150 --eval-budget 300 --num-eval 256 --score block --angles 20 5 --seed 49 --cem-seed 49 --probe-solver match --retire-tau 0.10
271	pusht	mppi_router_mp_rt0.10	150	49	logs/rbM_pusht_mppi_router_mp_rt0.10_t150_seed49.log	python -m surveyor.envs.pusht.eval --solver mppi --subgoal router+surveyor --gdm-ckpt gdm_stride10.pt --gdm-steps 3 --accept-tau 0.20 --horizon 2 --receding-horizon 2 --source pretrained --h5 pusht_c2222.h5 --device cuda --mode long --episodes-file episodes/pusht_c2222.episodes150.json --goal-offset 150 --eval-budget 300 --num-eval 256 --score block --angles 20 5 --seed 49 --cem-seed 49 --probe-solver match --retire-tau 0.10
272	reacher	icem_router_mp_rt0.10	25	42	logs/rbM_reacher_icem_router_mp_rt0.10_t25_seed42.log	python -m surveyor.envs.reacher.eval --solver icem --subgoal router+surveyor --gdm-ckpt gdm_reacher_s10.pt --gdm-steps 8 --accept-tau 0.20 --horizon 2 --receding-horizon 2 --source local --local-dir encoder_reacher --h5 "$REACHER_H5" --device cuda --num-eval 128 --seed 42 --cem-seed 42 --episodes-file episodes/reacher_c2222.ep100.s2222.json --goal-offset 25 --eval-budget 50 --probe-solver match --retire-tau 0.10
273	reacher	mppi_router_mp_rt0.10	25	42	logs/rbM_reacher_mppi_router_mp_rt0.10_t25_seed42.log	python -m surveyor.envs.reacher.eval --solver mppi --subgoal router+surveyor --gdm-ckpt gdm_reacher_s10.pt --gdm-steps 8 --accept-tau 0.20 --horizon 2 --receding-horizon 2 --source local --local-dir encoder_reacher --h5 "$REACHER_H5" --device cuda --num-eval 128 --seed 42 --cem-seed 42 --episodes-file episodes/reacher_c2222.ep100.s2222.json --goal-offset 25 --eval-budget 50 --probe-solver match --retire-tau 0.10
274	reacher	icem_router_mp_rt0.10	25	43	logs/rbM_reacher_icem_router_mp_rt0.10_t25_seed43.log	python -m surveyor.envs.reacher.eval --solver icem --subgoal router+surveyor --gdm-ckpt gdm_reacher_s10.pt --gdm-steps 8 --accept-tau 0.20 --horizon 2 --receding-horizon 2 --source local --local-dir encoder_reacher --h5 "$REACHER_H5" --device cuda --num-eval 128 --seed 43 --cem-seed 43 --episodes-file episodes/reacher_c2222.ep100.s2222.json --goal-offset 25 --eval-budget 50 --probe-solver match --retire-tau 0.10
275	reacher	mppi_router_mp_rt0.10	25	43	logs/rbM_reacher_mppi_router_mp_rt0.10_t25_seed43.log	python -m surveyor.envs.reacher.eval --solver mppi --subgoal router+surveyor --gdm-ckpt gdm_reacher_s10.pt --gdm-steps 8 --accept-tau 0.20 --horizon 2 --receding-horizon 2 --source local --local-dir encoder_reacher --h5 "$REACHER_H5" --device cuda --num-eval 128 --seed 43 --cem-seed 43 --episodes-file episodes/reacher_c2222.ep100.s2222.json --goal-offset 25 --eval-budget 50 --probe-solver match --retire-tau 0.10
276	reacher	icem_router_mp_rt0.10	25	44	logs/rbM_reacher_icem_router_mp_rt0.10_t25_seed44.log	python -m surveyor.envs.reacher.eval --solver icem --subgoal router+surveyor --gdm-ckpt gdm_reacher_s10.pt --gdm-steps 8 --accept-tau 0.20 --horizon 2 --receding-horizon 2 --source local --local-dir encoder_reacher --h5 "$REACHER_H5" --device cuda --num-eval 128 --seed 44 --cem-seed 44 --episodes-file episodes/reacher_c2222.ep100.s2222.json --goal-offset 25 --eval-budget 50 --probe-solver match --retire-tau 0.10
277	reacher	mppi_router_mp_rt0.10	25	44	logs/rbM_reacher_mppi_router_mp_rt0.10_t25_seed44.log	python -m surveyor.envs.reacher.eval --solver mppi --subgoal router+surveyor --gdm-ckpt gdm_reacher_s10.pt --gdm-steps 8 --accept-tau 0.20 --horizon 2 --receding-horizon 2 --source local --local-dir encoder_reacher --h5 "$REACHER_H5" --device cuda --num-eval 128 --seed 44 --cem-seed 44 --episodes-file episodes/reacher_c2222.ep100.s2222.json --goal-offset 25 --eval-budget 50 --probe-solver match --retire-tau 0.10
278	reacher	icem_router_mp_rt0.10	25	45	logs/rbM_reacher_icem_router_mp_rt0.10_t25_seed45.log	python -m surveyor.envs.reacher.eval --solver icem --subgoal router+surveyor --gdm-ckpt gdm_reacher_s10.pt --gdm-steps 8 --accept-tau 0.20 --horizon 2 --receding-horizon 2 --source local --local-dir encoder_reacher --h5 "$REACHER_H5" --device cuda --num-eval 128 --seed 45 --cem-seed 45 --episodes-file episodes/reacher_c2222.ep100.s2222.json --goal-offset 25 --eval-budget 50 --probe-solver match --retire-tau 0.10
279	reacher	mppi_router_mp_rt0.10	25	45	logs/rbM_reacher_mppi_router_mp_rt0.10_t25_seed45.log	python -m surveyor.envs.reacher.eval --solver mppi --subgoal router+surveyor --gdm-ckpt gdm_reacher_s10.pt --gdm-steps 8 --accept-tau 0.20 --horizon 2 --receding-horizon 2 --source local --local-dir encoder_reacher --h5 "$REACHER_H5" --device cuda --num-eval 128 --seed 45 --cem-seed 45 --episodes-file episodes/reacher_c2222.ep100.s2222.json --goal-offset 25 --eval-budget 50 --probe-solver match --retire-tau 0.10
280	reacher	icem_router_mp_rt0.10	25	46	logs/rbM_reacher_icem_router_mp_rt0.10_t25_seed46.log	python -m surveyor.envs.reacher.eval --solver icem --subgoal router+surveyor --gdm-ckpt gdm_reacher_s10.pt --gdm-steps 8 --accept-tau 0.20 --horizon 2 --receding-horizon 2 --source local --local-dir encoder_reacher --h5 "$REACHER_H5" --device cuda --num-eval 128 --seed 46 --cem-seed 46 --episodes-file episodes/reacher_c2222.ep100.s2222.json --goal-offset 25 --eval-budget 50 --probe-solver match --retire-tau 0.10
281	reacher	mppi_router_mp_rt0.10	25	46	logs/rbM_reacher_mppi_router_mp_rt0.10_t25_seed46.log	python -m surveyor.envs.reacher.eval --solver mppi --subgoal router+surveyor --gdm-ckpt gdm_reacher_s10.pt --gdm-steps 8 --accept-tau 0.20 --horizon 2 --receding-horizon 2 --source local --local-dir encoder_reacher --h5 "$REACHER_H5" --device cuda --num-eval 128 --seed 46 --cem-seed 46 --episodes-file episodes/reacher_c2222.ep100.s2222.json --goal-offset 25 --eval-budget 50 --probe-solver match --retire-tau 0.10
282	reacher	icem_router_mp_rt0.10	25	47	logs/rbM_reacher_icem_router_mp_rt0.10_t25_seed47.log	python -m surveyor.envs.reacher.eval --solver icem --subgoal router+surveyor --gdm-ckpt gdm_reacher_s10.pt --gdm-steps 8 --accept-tau 0.20 --horizon 2 --receding-horizon 2 --source local --local-dir encoder_reacher --h5 "$REACHER_H5" --device cuda --num-eval 128 --seed 47 --cem-seed 47 --episodes-file episodes/reacher_c2222.ep100.s2222.json --goal-offset 25 --eval-budget 50 --probe-solver match --retire-tau 0.10
283	reacher	mppi_router_mp_rt0.10	25	47	logs/rbM_reacher_mppi_router_mp_rt0.10_t25_seed47.log	python -m surveyor.envs.reacher.eval --solver mppi --subgoal router+surveyor --gdm-ckpt gdm_reacher_s10.pt --gdm-steps 8 --accept-tau 0.20 --horizon 2 --receding-horizon 2 --source local --local-dir encoder_reacher --h5 "$REACHER_H5" --device cuda --num-eval 128 --seed 47 --cem-seed 47 --episodes-file episodes/reacher_c2222.ep100.s2222.json --goal-offset 25 --eval-budget 50 --probe-solver match --retire-tau 0.10
284	reacher	icem_router_mp_rt0.10	25	48	logs/rbM_reacher_icem_router_mp_rt0.10_t25_seed48.log	python -m surveyor.envs.reacher.eval --solver icem --subgoal router+surveyor --gdm-ckpt gdm_reacher_s10.pt --gdm-steps 8 --accept-tau 0.20 --horizon 2 --receding-horizon 2 --source local --local-dir encoder_reacher --h5 "$REACHER_H5" --device cuda --num-eval 128 --seed 48 --cem-seed 48 --episodes-file episodes/reacher_c2222.ep100.s2222.json --goal-offset 25 --eval-budget 50 --probe-solver match --retire-tau 0.10
285	reacher	mppi_router_mp_rt0.10	25	48	logs/rbM_reacher_mppi_router_mp_rt0.10_t25_seed48.log	python -m surveyor.envs.reacher.eval --solver mppi --subgoal router+surveyor --gdm-ckpt gdm_reacher_s10.pt --gdm-steps 8 --accept-tau 0.20 --horizon 2 --receding-horizon 2 --source local --local-dir encoder_reacher --h5 "$REACHER_H5" --device cuda --num-eval 128 --seed 48 --cem-seed 48 --episodes-file episodes/reacher_c2222.ep100.s2222.json --goal-offset 25 --eval-budget 50 --probe-solver match --retire-tau 0.10
286	reacher	icem_router_mp_rt0.10	25	49	logs/rbM_reacher_icem_router_mp_rt0.10_t25_seed49.log	python -m surveyor.envs.reacher.eval --solver icem --subgoal router+surveyor --gdm-ckpt gdm_reacher_s10.pt --gdm-steps 8 --accept-tau 0.20 --horizon 2 --receding-horizon 2 --source local --local-dir encoder_reacher --h5 "$REACHER_H5" --device cuda --num-eval 128 --seed 49 --cem-seed 49 --episodes-file episodes/reacher_c2222.ep100.s2222.json --goal-offset 25 --eval-budget 50 --probe-solver match --retire-tau 0.10
287	reacher	mppi_router_mp_rt0.10	25	49	logs/rbM_reacher_mppi_router_mp_rt0.10_t25_seed49.log	python -m surveyor.envs.reacher.eval --solver mppi --subgoal router+surveyor --gdm-ckpt gdm_reacher_s10.pt --gdm-steps 8 --accept-tau 0.20 --horizon 2 --receding-horizon 2 --source local --local-dir encoder_reacher --h5 "$REACHER_H5" --device cuda --num-eval 128 --seed 49 --cem-seed 49 --episodes-file episodes/reacher_c2222.ep100.s2222.json --goal-offset 25 --eval-budget 50 --probe-solver match --retire-tau 0.10
288	reacher	icem_router_mp_rt0.10	50	42	logs/rbM_reacher_icem_router_mp_rt0.10_t50_seed42.log	python -m surveyor.envs.reacher.eval --solver icem --subgoal router+surveyor --gdm-ckpt gdm_reacher_s10.pt --gdm-steps 8 --accept-tau 0.20 --horizon 2 --receding-horizon 2 --source local --local-dir encoder_reacher --h5 "$REACHER_H5" --device cuda --num-eval 128 --seed 42 --cem-seed 42 --episodes-file episodes/reacher_c2222.ep100.s2222.json --goal-offset 50 --eval-budget 100 --probe-solver match --retire-tau 0.10
289	reacher	mppi_router_mp_rt0.10	50	42	logs/rbM_reacher_mppi_router_mp_rt0.10_t50_seed42.log	python -m surveyor.envs.reacher.eval --solver mppi --subgoal router+surveyor --gdm-ckpt gdm_reacher_s10.pt --gdm-steps 8 --accept-tau 0.20 --horizon 2 --receding-horizon 2 --source local --local-dir encoder_reacher --h5 "$REACHER_H5" --device cuda --num-eval 128 --seed 42 --cem-seed 42 --episodes-file episodes/reacher_c2222.ep100.s2222.json --goal-offset 50 --eval-budget 100 --probe-solver match --retire-tau 0.10
290	reacher	icem_router_mp_rt0.10	50	43	logs/rbM_reacher_icem_router_mp_rt0.10_t50_seed43.log	python -m surveyor.envs.reacher.eval --solver icem --subgoal router+surveyor --gdm-ckpt gdm_reacher_s10.pt --gdm-steps 8 --accept-tau 0.20 --horizon 2 --receding-horizon 2 --source local --local-dir encoder_reacher --h5 "$REACHER_H5" --device cuda --num-eval 128 --seed 43 --cem-seed 43 --episodes-file episodes/reacher_c2222.ep100.s2222.json --goal-offset 50 --eval-budget 100 --probe-solver match --retire-tau 0.10
291	reacher	mppi_router_mp_rt0.10	50	43	logs/rbM_reacher_mppi_router_mp_rt0.10_t50_seed43.log	python -m surveyor.envs.reacher.eval --solver mppi --subgoal router+surveyor --gdm-ckpt gdm_reacher_s10.pt --gdm-steps 8 --accept-tau 0.20 --horizon 2 --receding-horizon 2 --source local --local-dir encoder_reacher --h5 "$REACHER_H5" --device cuda --num-eval 128 --seed 43 --cem-seed 43 --episodes-file episodes/reacher_c2222.ep100.s2222.json --goal-offset 50 --eval-budget 100 --probe-solver match --retire-tau 0.10
292	reacher	icem_router_mp_rt0.10	50	44	logs/rbM_reacher_icem_router_mp_rt0.10_t50_seed44.log	python -m surveyor.envs.reacher.eval --solver icem --subgoal router+surveyor --gdm-ckpt gdm_reacher_s10.pt --gdm-steps 8 --accept-tau 0.20 --horizon 2 --receding-horizon 2 --source local --local-dir encoder_reacher --h5 "$REACHER_H5" --device cuda --num-eval 128 --seed 44 --cem-seed 44 --episodes-file episodes/reacher_c2222.ep100.s2222.json --goal-offset 50 --eval-budget 100 --probe-solver match --retire-tau 0.10
293	reacher	mppi_router_mp_rt0.10	50	44	logs/rbM_reacher_mppi_router_mp_rt0.10_t50_seed44.log	python -m surveyor.envs.reacher.eval --solver mppi --subgoal router+surveyor --gdm-ckpt gdm_reacher_s10.pt --gdm-steps 8 --accept-tau 0.20 --horizon 2 --receding-horizon 2 --source local --local-dir encoder_reacher --h5 "$REACHER_H5" --device cuda --num-eval 128 --seed 44 --cem-seed 44 --episodes-file episodes/reacher_c2222.ep100.s2222.json --goal-offset 50 --eval-budget 100 --probe-solver match --retire-tau 0.10
294	reacher	icem_router_mp_rt0.10	50	45	logs/rbM_reacher_icem_router_mp_rt0.10_t50_seed45.log	python -m surveyor.envs.reacher.eval --solver icem --subgoal router+surveyor --gdm-ckpt gdm_reacher_s10.pt --gdm-steps 8 --accept-tau 0.20 --horizon 2 --receding-horizon 2 --source local --local-dir encoder_reacher --h5 "$REACHER_H5" --device cuda --num-eval 128 --seed 45 --cem-seed 45 --episodes-file episodes/reacher_c2222.ep100.s2222.json --goal-offset 50 --eval-budget 100 --probe-solver match --retire-tau 0.10
295	reacher	mppi_router_mp_rt0.10	50	45	logs/rbM_reacher_mppi_router_mp_rt0.10_t50_seed45.log	python -m surveyor.envs.reacher.eval --solver mppi --subgoal router+surveyor --gdm-ckpt gdm_reacher_s10.pt --gdm-steps 8 --accept-tau 0.20 --horizon 2 --receding-horizon 2 --source local --local-dir encoder_reacher --h5 "$REACHER_H5" --device cuda --num-eval 128 --seed 45 --cem-seed 45 --episodes-file episodes/reacher_c2222.ep100.s2222.json --goal-offset 50 --eval-budget 100 --probe-solver match --retire-tau 0.10
296	reacher	icem_router_mp_rt0.10	50	46	logs/rbM_reacher_icem_router_mp_rt0.10_t50_seed46.log	python -m surveyor.envs.reacher.eval --solver icem --subgoal router+surveyor --gdm-ckpt gdm_reacher_s10.pt --gdm-steps 8 --accept-tau 0.20 --horizon 2 --receding-horizon 2 --source local --local-dir encoder_reacher --h5 "$REACHER_H5" --device cuda --num-eval 128 --seed 46 --cem-seed 46 --episodes-file episodes/reacher_c2222.ep100.s2222.json --goal-offset 50 --eval-budget 100 --probe-solver match --retire-tau 0.10
297	reacher	mppi_router_mp_rt0.10	50	46	logs/rbM_reacher_mppi_router_mp_rt0.10_t50_seed46.log	python -m surveyor.envs.reacher.eval --solver mppi --subgoal router+surveyor --gdm-ckpt gdm_reacher_s10.pt --gdm-steps 8 --accept-tau 0.20 --horizon 2 --receding-horizon 2 --source local --local-dir encoder_reacher --h5 "$REACHER_H5" --device cuda --num-eval 128 --seed 46 --cem-seed 46 --episodes-file episodes/reacher_c2222.ep100.s2222.json --goal-offset 50 --eval-budget 100 --probe-solver match --retire-tau 0.10
298	reacher	icem_router_mp_rt0.10	50	47	logs/rbM_reacher_icem_router_mp_rt0.10_t50_seed47.log	python -m surveyor.envs.reacher.eval --solver icem --subgoal router+surveyor --gdm-ckpt gdm_reacher_s10.pt --gdm-steps 8 --accept-tau 0.20 --horizon 2 --receding-horizon 2 --source local --local-dir encoder_reacher --h5 "$REACHER_H5" --device cuda --num-eval 128 --seed 47 --cem-seed 47 --episodes-file episodes/reacher_c2222.ep100.s2222.json --goal-offset 50 --eval-budget 100 --probe-solver match --retire-tau 0.10
299	reacher	mppi_router_mp_rt0.10	50	47	logs/rbM_reacher_mppi_router_mp_rt0.10_t50_seed47.log	python -m surveyor.envs.reacher.eval --solver mppi --subgoal router+surveyor --gdm-ckpt gdm_reacher_s10.pt --gdm-steps 8 --accept-tau 0.20 --horizon 2 --receding-horizon 2 --source local --local-dir encoder_reacher --h5 "$REACHER_H5" --device cuda --num-eval 128 --seed 47 --cem-seed 47 --episodes-file episodes/reacher_c2222.ep100.s2222.json --goal-offset 50 --eval-budget 100 --probe-solver match --retire-tau 0.10
300	reacher	icem_router_mp_rt0.10	50	48	logs/rbM_reacher_icem_router_mp_rt0.10_t50_seed48.log	python -m surveyor.envs.reacher.eval --solver icem --subgoal router+surveyor --gdm-ckpt gdm_reacher_s10.pt --gdm-steps 8 --accept-tau 0.20 --horizon 2 --receding-horizon 2 --source local --local-dir encoder_reacher --h5 "$REACHER_H5" --device cuda --num-eval 128 --seed 48 --cem-seed 48 --episodes-file episodes/reacher_c2222.ep100.s2222.json --goal-offset 50 --eval-budget 100 --probe-solver match --retire-tau 0.10
301	reacher	mppi_router_mp_rt0.10	50	48	logs/rbM_reacher_mppi_router_mp_rt0.10_t50_seed48.log	python -m surveyor.envs.reacher.eval --solver mppi --subgoal router+surveyor --gdm-ckpt gdm_reacher_s10.pt --gdm-steps 8 --accept-tau 0.20 --horizon 2 --receding-horizon 2 --source local --local-dir encoder_reacher --h5 "$REACHER_H5" --device cuda --num-eval 128 --seed 48 --cem-seed 48 --episodes-file episodes/reacher_c2222.ep100.s2222.json --goal-offset 50 --eval-budget 100 --probe-solver match --retire-tau 0.10
302	reacher	icem_router_mp_rt0.10	50	49	logs/rbM_reacher_icem_router_mp_rt0.10_t50_seed49.log	python -m surveyor.envs.reacher.eval --solver icem --subgoal router+surveyor --gdm-ckpt gdm_reacher_s10.pt --gdm-steps 8 --accept-tau 0.20 --horizon 2 --receding-horizon 2 --source local --local-dir encoder_reacher --h5 "$REACHER_H5" --device cuda --num-eval 128 --seed 49 --cem-seed 49 --episodes-file episodes/reacher_c2222.ep100.s2222.json --goal-offset 50 --eval-budget 100 --probe-solver match --retire-tau 0.10
303	reacher	mppi_router_mp_rt0.10	50	49	logs/rbM_reacher_mppi_router_mp_rt0.10_t50_seed49.log	python -m surveyor.envs.reacher.eval --solver mppi --subgoal router+surveyor --gdm-ckpt gdm_reacher_s10.pt --gdm-steps 8 --accept-tau 0.20 --horizon 2 --receding-horizon 2 --source local --local-dir encoder_reacher --h5 "$REACHER_H5" --device cuda --num-eval 128 --seed 49 --cem-seed 49 --episodes-file episodes/reacher_c2222.ep100.s2222.json --goal-offset 50 --eval-budget 100 --probe-solver match --retire-tau 0.10
304	reacher	icem_router_mp_rt0.10	100	42	logs/rbM_reacher_icem_router_mp_rt0.10_t100_seed42.log	python -m surveyor.envs.reacher.eval --solver icem --subgoal router+surveyor --gdm-ckpt gdm_reacher_s10.pt --gdm-steps 8 --accept-tau 0.20 --horizon 2 --receding-horizon 2 --source local --local-dir encoder_reacher --h5 "$REACHER_H5" --device cuda --num-eval 128 --seed 42 --cem-seed 42 --episodes-file episodes/reacher_c2222.ep100.s2222.json --goal-offset 100 --eval-budget 200 --probe-solver match --retire-tau 0.10
305	reacher	mppi_router_mp_rt0.10	100	42	logs/rbM_reacher_mppi_router_mp_rt0.10_t100_seed42.log	python -m surveyor.envs.reacher.eval --solver mppi --subgoal router+surveyor --gdm-ckpt gdm_reacher_s10.pt --gdm-steps 8 --accept-tau 0.20 --horizon 2 --receding-horizon 2 --source local --local-dir encoder_reacher --h5 "$REACHER_H5" --device cuda --num-eval 128 --seed 42 --cem-seed 42 --episodes-file episodes/reacher_c2222.ep100.s2222.json --goal-offset 100 --eval-budget 200 --probe-solver match --retire-tau 0.10
306	reacher	icem_router_mp_rt0.10	100	43	logs/rbM_reacher_icem_router_mp_rt0.10_t100_seed43.log	python -m surveyor.envs.reacher.eval --solver icem --subgoal router+surveyor --gdm-ckpt gdm_reacher_s10.pt --gdm-steps 8 --accept-tau 0.20 --horizon 2 --receding-horizon 2 --source local --local-dir encoder_reacher --h5 "$REACHER_H5" --device cuda --num-eval 128 --seed 43 --cem-seed 43 --episodes-file episodes/reacher_c2222.ep100.s2222.json --goal-offset 100 --eval-budget 200 --probe-solver match --retire-tau 0.10
307	reacher	mppi_router_mp_rt0.10	100	43	logs/rbM_reacher_mppi_router_mp_rt0.10_t100_seed43.log	python -m surveyor.envs.reacher.eval --solver mppi --subgoal router+surveyor --gdm-ckpt gdm_reacher_s10.pt --gdm-steps 8 --accept-tau 0.20 --horizon 2 --receding-horizon 2 --source local --local-dir encoder_reacher --h5 "$REACHER_H5" --device cuda --num-eval 128 --seed 43 --cem-seed 43 --episodes-file episodes/reacher_c2222.ep100.s2222.json --goal-offset 100 --eval-budget 200 --probe-solver match --retire-tau 0.10
308	reacher	icem_router_mp_rt0.10	100	44	logs/rbM_reacher_icem_router_mp_rt0.10_t100_seed44.log	python -m surveyor.envs.reacher.eval --solver icem --subgoal router+surveyor --gdm-ckpt gdm_reacher_s10.pt --gdm-steps 8 --accept-tau 0.20 --horizon 2 --receding-horizon 2 --source local --local-dir encoder_reacher --h5 "$REACHER_H5" --device cuda --num-eval 128 --seed 44 --cem-seed 44 --episodes-file episodes/reacher_c2222.ep100.s2222.json --goal-offset 100 --eval-budget 200 --probe-solver match --retire-tau 0.10
309	reacher	mppi_router_mp_rt0.10	100	44	logs/rbM_reacher_mppi_router_mp_rt0.10_t100_seed44.log	python -m surveyor.envs.reacher.eval --solver mppi --subgoal router+surveyor --gdm-ckpt gdm_reacher_s10.pt --gdm-steps 8 --accept-tau 0.20 --horizon 2 --receding-horizon 2 --source local --local-dir encoder_reacher --h5 "$REACHER_H5" --device cuda --num-eval 128 --seed 44 --cem-seed 44 --episodes-file episodes/reacher_c2222.ep100.s2222.json --goal-offset 100 --eval-budget 200 --probe-solver match --retire-tau 0.10
310	reacher	icem_router_mp_rt0.10	100	45	logs/rbM_reacher_icem_router_mp_rt0.10_t100_seed45.log	python -m surveyor.envs.reacher.eval --solver icem --subgoal router+surveyor --gdm-ckpt gdm_reacher_s10.pt --gdm-steps 8 --accept-tau 0.20 --horizon 2 --receding-horizon 2 --source local --local-dir encoder_reacher --h5 "$REACHER_H5" --device cuda --num-eval 128 --seed 45 --cem-seed 45 --episodes-file episodes/reacher_c2222.ep100.s2222.json --goal-offset 100 --eval-budget 200 --probe-solver match --retire-tau 0.10
311	reacher	mppi_router_mp_rt0.10	100	45	logs/rbM_reacher_mppi_router_mp_rt0.10_t100_seed45.log	python -m surveyor.envs.reacher.eval --solver mppi --subgoal router+surveyor --gdm-ckpt gdm_reacher_s10.pt --gdm-steps 8 --accept-tau 0.20 --horizon 2 --receding-horizon 2 --source local --local-dir encoder_reacher --h5 "$REACHER_H5" --device cuda --num-eval 128 --seed 45 --cem-seed 45 --episodes-file episodes/reacher_c2222.ep100.s2222.json --goal-offset 100 --eval-budget 200 --probe-solver match --retire-tau 0.10
312	reacher	icem_router_mp_rt0.10	100	46	logs/rbM_reacher_icem_router_mp_rt0.10_t100_seed46.log	python -m surveyor.envs.reacher.eval --solver icem --subgoal router+surveyor --gdm-ckpt gdm_reacher_s10.pt --gdm-steps 8 --accept-tau 0.20 --horizon 2 --receding-horizon 2 --source local --local-dir encoder_reacher --h5 "$REACHER_H5" --device cuda --num-eval 128 --seed 46 --cem-seed 46 --episodes-file episodes/reacher_c2222.ep100.s2222.json --goal-offset 100 --eval-budget 200 --probe-solver match --retire-tau 0.10
313	reacher	mppi_router_mp_rt0.10	100	46	logs/rbM_reacher_mppi_router_mp_rt0.10_t100_seed46.log	python -m surveyor.envs.reacher.eval --solver mppi --subgoal router+surveyor --gdm-ckpt gdm_reacher_s10.pt --gdm-steps 8 --accept-tau 0.20 --horizon 2 --receding-horizon 2 --source local --local-dir encoder_reacher --h5 "$REACHER_H5" --device cuda --num-eval 128 --seed 46 --cem-seed 46 --episodes-file episodes/reacher_c2222.ep100.s2222.json --goal-offset 100 --eval-budget 200 --probe-solver match --retire-tau 0.10
314	reacher	icem_router_mp_rt0.10	100	47	logs/rbM_reacher_icem_router_mp_rt0.10_t100_seed47.log	python -m surveyor.envs.reacher.eval --solver icem --subgoal router+surveyor --gdm-ckpt gdm_reacher_s10.pt --gdm-steps 8 --accept-tau 0.20 --horizon 2 --receding-horizon 2 --source local --local-dir encoder_reacher --h5 "$REACHER_H5" --device cuda --num-eval 128 --seed 47 --cem-seed 47 --episodes-file episodes/reacher_c2222.ep100.s2222.json --goal-offset 100 --eval-budget 200 --probe-solver match --retire-tau 0.10
315	reacher	mppi_router_mp_rt0.10	100	47	logs/rbM_reacher_mppi_router_mp_rt0.10_t100_seed47.log	python -m surveyor.envs.reacher.eval --solver mppi --subgoal router+surveyor --gdm-ckpt gdm_reacher_s10.pt --gdm-steps 8 --accept-tau 0.20 --horizon 2 --receding-horizon 2 --source local --local-dir encoder_reacher --h5 "$REACHER_H5" --device cuda --num-eval 128 --seed 47 --cem-seed 47 --episodes-file episodes/reacher_c2222.ep100.s2222.json --goal-offset 100 --eval-budget 200 --probe-solver match --retire-tau 0.10
316	reacher	icem_router_mp_rt0.10	100	48	logs/rbM_reacher_icem_router_mp_rt0.10_t100_seed48.log	python -m surveyor.envs.reacher.eval --solver icem --subgoal router+surveyor --gdm-ckpt gdm_reacher_s10.pt --gdm-steps 8 --accept-tau 0.20 --horizon 2 --receding-horizon 2 --source local --local-dir encoder_reacher --h5 "$REACHER_H5" --device cuda --num-eval 128 --seed 48 --cem-seed 48 --episodes-file episodes/reacher_c2222.ep100.s2222.json --goal-offset 100 --eval-budget 200 --probe-solver match --retire-tau 0.10
317	reacher	mppi_router_mp_rt0.10	100	48	logs/rbM_reacher_mppi_router_mp_rt0.10_t100_seed48.log	python -m surveyor.envs.reacher.eval --solver mppi --subgoal router+surveyor --gdm-ckpt gdm_reacher_s10.pt --gdm-steps 8 --accept-tau 0.20 --horizon 2 --receding-horizon 2 --source local --local-dir encoder_reacher --h5 "$REACHER_H5" --device cuda --num-eval 128 --seed 48 --cem-seed 48 --episodes-file episodes/reacher_c2222.ep100.s2222.json --goal-offset 100 --eval-budget 200 --probe-solver match --retire-tau 0.10
318	reacher	icem_router_mp_rt0.10	100	49	logs/rbM_reacher_icem_router_mp_rt0.10_t100_seed49.log	python -m surveyor.envs.reacher.eval --solver icem --subgoal router+surveyor --gdm-ckpt gdm_reacher_s10.pt --gdm-steps 8 --accept-tau 0.20 --horizon 2 --receding-horizon 2 --source local --local-dir encoder_reacher --h5 "$REACHER_H5" --device cuda --num-eval 128 --seed 49 --cem-seed 49 --episodes-file episodes/reacher_c2222.ep100.s2222.json --goal-offset 100 --eval-budget 200 --probe-solver match --retire-tau 0.10
319	reacher	mppi_router_mp_rt0.10	100	49	logs/rbM_reacher_mppi_router_mp_rt0.10_t100_seed49.log	python -m surveyor.envs.reacher.eval --solver mppi --subgoal router+surveyor --gdm-ckpt gdm_reacher_s10.pt --gdm-steps 8 --accept-tau 0.20 --horizon 2 --receding-horizon 2 --source local --local-dir encoder_reacher --h5 "$REACHER_H5" --device cuda --num-eval 128 --seed 49 --cem-seed 49 --episodes-file episodes/reacher_c2222.ep100.s2222.json --goal-offset 100 --eval-budget 200 --probe-solver match --retire-tau 0.10
320	reacher	icem_router_mp_rt0.10	150	42	logs/rbM_reacher_icem_router_mp_rt0.10_t150_seed42.log	python -m surveyor.envs.reacher.eval --solver icem --subgoal router+surveyor --gdm-ckpt gdm_reacher_s10.pt --gdm-steps 8 --accept-tau 0.20 --horizon 2 --receding-horizon 2 --source local --local-dir encoder_reacher --h5 "$REACHER_H5" --device cuda --num-eval 128 --seed 42 --cem-seed 42 --episodes-file episodes/reacher_c2222.ep150.s2222.json --goal-offset 150 --eval-budget 300 --probe-solver match --retire-tau 0.10
321	reacher	mppi_router_mp_rt0.10	150	42	logs/rbM_reacher_mppi_router_mp_rt0.10_t150_seed42.log	python -m surveyor.envs.reacher.eval --solver mppi --subgoal router+surveyor --gdm-ckpt gdm_reacher_s10.pt --gdm-steps 8 --accept-tau 0.20 --horizon 2 --receding-horizon 2 --source local --local-dir encoder_reacher --h5 "$REACHER_H5" --device cuda --num-eval 128 --seed 42 --cem-seed 42 --episodes-file episodes/reacher_c2222.ep150.s2222.json --goal-offset 150 --eval-budget 300 --probe-solver match --retire-tau 0.10
322	reacher	icem_router_mp_rt0.10	150	43	logs/rbM_reacher_icem_router_mp_rt0.10_t150_seed43.log	python -m surveyor.envs.reacher.eval --solver icem --subgoal router+surveyor --gdm-ckpt gdm_reacher_s10.pt --gdm-steps 8 --accept-tau 0.20 --horizon 2 --receding-horizon 2 --source local --local-dir encoder_reacher --h5 "$REACHER_H5" --device cuda --num-eval 128 --seed 43 --cem-seed 43 --episodes-file episodes/reacher_c2222.ep150.s2222.json --goal-offset 150 --eval-budget 300 --probe-solver match --retire-tau 0.10
323	reacher	mppi_router_mp_rt0.10	150	43	logs/rbM_reacher_mppi_router_mp_rt0.10_t150_seed43.log	python -m surveyor.envs.reacher.eval --solver mppi --subgoal router+surveyor --gdm-ckpt gdm_reacher_s10.pt --gdm-steps 8 --accept-tau 0.20 --horizon 2 --receding-horizon 2 --source local --local-dir encoder_reacher --h5 "$REACHER_H5" --device cuda --num-eval 128 --seed 43 --cem-seed 43 --episodes-file episodes/reacher_c2222.ep150.s2222.json --goal-offset 150 --eval-budget 300 --probe-solver match --retire-tau 0.10
324	reacher	icem_router_mp_rt0.10	150	44	logs/rbM_reacher_icem_router_mp_rt0.10_t150_seed44.log	python -m surveyor.envs.reacher.eval --solver icem --subgoal router+surveyor --gdm-ckpt gdm_reacher_s10.pt --gdm-steps 8 --accept-tau 0.20 --horizon 2 --receding-horizon 2 --source local --local-dir encoder_reacher --h5 "$REACHER_H5" --device cuda --num-eval 128 --seed 44 --cem-seed 44 --episodes-file episodes/reacher_c2222.ep150.s2222.json --goal-offset 150 --eval-budget 300 --probe-solver match --retire-tau 0.10
325	reacher	mppi_router_mp_rt0.10	150	44	logs/rbM_reacher_mppi_router_mp_rt0.10_t150_seed44.log	python -m surveyor.envs.reacher.eval --solver mppi --subgoal router+surveyor --gdm-ckpt gdm_reacher_s10.pt --gdm-steps 8 --accept-tau 0.20 --horizon 2 --receding-horizon 2 --source local --local-dir encoder_reacher --h5 "$REACHER_H5" --device cuda --num-eval 128 --seed 44 --cem-seed 44 --episodes-file episodes/reacher_c2222.ep150.s2222.json --goal-offset 150 --eval-budget 300 --probe-solver match --retire-tau 0.10
326	reacher	icem_router_mp_rt0.10	150	45	logs/rbM_reacher_icem_router_mp_rt0.10_t150_seed45.log	python -m surveyor.envs.reacher.eval --solver icem --subgoal router+surveyor --gdm-ckpt gdm_reacher_s10.pt --gdm-steps 8 --accept-tau 0.20 --horizon 2 --receding-horizon 2 --source local --local-dir encoder_reacher --h5 "$REACHER_H5" --device cuda --num-eval 128 --seed 45 --cem-seed 45 --episodes-file episodes/reacher_c2222.ep150.s2222.json --goal-offset 150 --eval-budget 300 --probe-solver match --retire-tau 0.10
327	reacher	mppi_router_mp_rt0.10	150	45	logs/rbM_reacher_mppi_router_mp_rt0.10_t150_seed45.log	python -m surveyor.envs.reacher.eval --solver mppi --subgoal router+surveyor --gdm-ckpt gdm_reacher_s10.pt --gdm-steps 8 --accept-tau 0.20 --horizon 2 --receding-horizon 2 --source local --local-dir encoder_reacher --h5 "$REACHER_H5" --device cuda --num-eval 128 --seed 45 --cem-seed 45 --episodes-file episodes/reacher_c2222.ep150.s2222.json --goal-offset 150 --eval-budget 300 --probe-solver match --retire-tau 0.10
328	reacher	icem_router_mp_rt0.10	150	46	logs/rbM_reacher_icem_router_mp_rt0.10_t150_seed46.log	python -m surveyor.envs.reacher.eval --solver icem --subgoal router+surveyor --gdm-ckpt gdm_reacher_s10.pt --gdm-steps 8 --accept-tau 0.20 --horizon 2 --receding-horizon 2 --source local --local-dir encoder_reacher --h5 "$REACHER_H5" --device cuda --num-eval 128 --seed 46 --cem-seed 46 --episodes-file episodes/reacher_c2222.ep150.s2222.json --goal-offset 150 --eval-budget 300 --probe-solver match --retire-tau 0.10
329	reacher	mppi_router_mp_rt0.10	150	46	logs/rbM_reacher_mppi_router_mp_rt0.10_t150_seed46.log	python -m surveyor.envs.reacher.eval --solver mppi --subgoal router+surveyor --gdm-ckpt gdm_reacher_s10.pt --gdm-steps 8 --accept-tau 0.20 --horizon 2 --receding-horizon 2 --source local --local-dir encoder_reacher --h5 "$REACHER_H5" --device cuda --num-eval 128 --seed 46 --cem-seed 46 --episodes-file episodes/reacher_c2222.ep150.s2222.json --goal-offset 150 --eval-budget 300 --probe-solver match --retire-tau 0.10
330	reacher	icem_router_mp_rt0.10	150	47	logs/rbM_reacher_icem_router_mp_rt0.10_t150_seed47.log	python -m surveyor.envs.reacher.eval --solver icem --subgoal router+surveyor --gdm-ckpt gdm_reacher_s10.pt --gdm-steps 8 --accept-tau 0.20 --horizon 2 --receding-horizon 2 --source local --local-dir encoder_reacher --h5 "$REACHER_H5" --device cuda --num-eval 128 --seed 47 --cem-seed 47 --episodes-file episodes/reacher_c2222.ep150.s2222.json --goal-offset 150 --eval-budget 300 --probe-solver match --retire-tau 0.10
331	reacher	mppi_router_mp_rt0.10	150	47	logs/rbM_reacher_mppi_router_mp_rt0.10_t150_seed47.log	python -m surveyor.envs.reacher.eval --solver mppi --subgoal router+surveyor --gdm-ckpt gdm_reacher_s10.pt --gdm-steps 8 --accept-tau 0.20 --horizon 2 --receding-horizon 2 --source local --local-dir encoder_reacher --h5 "$REACHER_H5" --device cuda --num-eval 128 --seed 47 --cem-seed 47 --episodes-file episodes/reacher_c2222.ep150.s2222.json --goal-offset 150 --eval-budget 300 --probe-solver match --retire-tau 0.10
332	reacher	icem_router_mp_rt0.10	150	48	logs/rbM_reacher_icem_router_mp_rt0.10_t150_seed48.log	python -m surveyor.envs.reacher.eval --solver icem --subgoal router+surveyor --gdm-ckpt gdm_reacher_s10.pt --gdm-steps 8 --accept-tau 0.20 --horizon 2 --receding-horizon 2 --source local --local-dir encoder_reacher --h5 "$REACHER_H5" --device cuda --num-eval 128 --seed 48 --cem-seed 48 --episodes-file episodes/reacher_c2222.ep150.s2222.json --goal-offset 150 --eval-budget 300 --probe-solver match --retire-tau 0.10
333	reacher	mppi_router_mp_rt0.10	150	48	logs/rbM_reacher_mppi_router_mp_rt0.10_t150_seed48.log	python -m surveyor.envs.reacher.eval --solver mppi --subgoal router+surveyor --gdm-ckpt gdm_reacher_s10.pt --gdm-steps 8 --accept-tau 0.20 --horizon 2 --receding-horizon 2 --source local --local-dir encoder_reacher --h5 "$REACHER_H5" --device cuda --num-eval 128 --seed 48 --cem-seed 48 --episodes-file episodes/reacher_c2222.ep150.s2222.json --goal-offset 150 --eval-budget 300 --probe-solver match --retire-tau 0.10
334	reacher	icem_router_mp_rt0.10	150	49	logs/rbM_reacher_icem_router_mp_rt0.10_t150_seed49.log	python -m surveyor.envs.reacher.eval --solver icem --subgoal router+surveyor --gdm-ckpt gdm_reacher_s10.pt --gdm-steps 8 --accept-tau 0.20 --horizon 2 --receding-horizon 2 --source local --local-dir encoder_reacher --h5 "$REACHER_H5" --device cuda --num-eval 128 --seed 49 --cem-seed 49 --episodes-file episodes/reacher_c2222.ep150.s2222.json --goal-offset 150 --eval-budget 300 --probe-solver match --retire-tau 0.10
335	reacher	mppi_router_mp_rt0.10	150	49	logs/rbM_reacher_mppi_router_mp_rt0.10_t150_seed49.log	python -m surveyor.envs.reacher.eval --solver mppi --subgoal router+surveyor --gdm-ckpt gdm_reacher_s10.pt --gdm-steps 8 --accept-tau 0.20 --horizon 2 --receding-horizon 2 --source local --local-dir encoder_reacher --h5 "$REACHER_H5" --device cuda --num-eval 128 --seed 49 --cem-seed 49 --episodes-file episodes/reacher_c2222.ep150.s2222.json --goal-offset 150 --eval-budget 300 --probe-solver match --retire-tau 0.10
336	tworoom	icem_router_mp_rt0.10	25	42	logs/rbM_tworoom_icem_router_mp_rt0.10_t25_seed42.log	python -m surveyor.envs.tworoom.eval --solver icem --subgoal router+surveyor --gdm-ckpt gdm_tworoom_s10_gc_paired_e400v.pt --gdm-steps 50 --accept-tau 0.098 --receding-horizon 2 --mode long --goal-offset 25 --eval-budget 50 --h5 "$DATA/tworoom.h5" --source pretrained --encoder-id quentinll/lewm-tworooms --device cuda --eval-filter none --episode-min 4000 --goal-from-proprio --num-eval 64 --seed 42 --cem-seed 42 --probe-solver match --retire-tau 0.10
337	tworoom	mppi_router_mp_rt0.10	25	42	logs/rbM_tworoom_mppi_router_mp_rt0.10_t25_seed42.log	python -m surveyor.envs.tworoom.eval --solver mppi --subgoal router+surveyor --gdm-ckpt gdm_tworoom_s10_gc_paired_e400v.pt --gdm-steps 50 --accept-tau 0.098 --receding-horizon 2 --mode long --goal-offset 25 --eval-budget 50 --h5 "$DATA/tworoom.h5" --source pretrained --encoder-id quentinll/lewm-tworooms --device cuda --eval-filter none --episode-min 4000 --goal-from-proprio --num-eval 64 --seed 42 --cem-seed 42 --probe-solver match --retire-tau 0.10
338	tworoom	icem_router_mp_rt0.10	25	43	logs/rbM_tworoom_icem_router_mp_rt0.10_t25_seed43.log	python -m surveyor.envs.tworoom.eval --solver icem --subgoal router+surveyor --gdm-ckpt gdm_tworoom_s10_gc_paired_e400v.pt --gdm-steps 50 --accept-tau 0.098 --receding-horizon 2 --mode long --goal-offset 25 --eval-budget 50 --h5 "$DATA/tworoom.h5" --source pretrained --encoder-id quentinll/lewm-tworooms --device cuda --eval-filter none --episode-min 4000 --goal-from-proprio --num-eval 64 --seed 43 --cem-seed 43 --probe-solver match --retire-tau 0.10
339	tworoom	mppi_router_mp_rt0.10	25	43	logs/rbM_tworoom_mppi_router_mp_rt0.10_t25_seed43.log	python -m surveyor.envs.tworoom.eval --solver mppi --subgoal router+surveyor --gdm-ckpt gdm_tworoom_s10_gc_paired_e400v.pt --gdm-steps 50 --accept-tau 0.098 --receding-horizon 2 --mode long --goal-offset 25 --eval-budget 50 --h5 "$DATA/tworoom.h5" --source pretrained --encoder-id quentinll/lewm-tworooms --device cuda --eval-filter none --episode-min 4000 --goal-from-proprio --num-eval 64 --seed 43 --cem-seed 43 --probe-solver match --retire-tau 0.10
340	tworoom	icem_router_mp_rt0.10	25	44	logs/rbM_tworoom_icem_router_mp_rt0.10_t25_seed44.log	python -m surveyor.envs.tworoom.eval --solver icem --subgoal router+surveyor --gdm-ckpt gdm_tworoom_s10_gc_paired_e400v.pt --gdm-steps 50 --accept-tau 0.098 --receding-horizon 2 --mode long --goal-offset 25 --eval-budget 50 --h5 "$DATA/tworoom.h5" --source pretrained --encoder-id quentinll/lewm-tworooms --device cuda --eval-filter none --episode-min 4000 --goal-from-proprio --num-eval 64 --seed 44 --cem-seed 44 --probe-solver match --retire-tau 0.10
341	tworoom	mppi_router_mp_rt0.10	25	44	logs/rbM_tworoom_mppi_router_mp_rt0.10_t25_seed44.log	python -m surveyor.envs.tworoom.eval --solver mppi --subgoal router+surveyor --gdm-ckpt gdm_tworoom_s10_gc_paired_e400v.pt --gdm-steps 50 --accept-tau 0.098 --receding-horizon 2 --mode long --goal-offset 25 --eval-budget 50 --h5 "$DATA/tworoom.h5" --source pretrained --encoder-id quentinll/lewm-tworooms --device cuda --eval-filter none --episode-min 4000 --goal-from-proprio --num-eval 64 --seed 44 --cem-seed 44 --probe-solver match --retire-tau 0.10
342	tworoom	icem_router_mp_rt0.10	25	45	logs/rbM_tworoom_icem_router_mp_rt0.10_t25_seed45.log	python -m surveyor.envs.tworoom.eval --solver icem --subgoal router+surveyor --gdm-ckpt gdm_tworoom_s10_gc_paired_e400v.pt --gdm-steps 50 --accept-tau 0.098 --receding-horizon 2 --mode long --goal-offset 25 --eval-budget 50 --h5 "$DATA/tworoom.h5" --source pretrained --encoder-id quentinll/lewm-tworooms --device cuda --eval-filter none --episode-min 4000 --goal-from-proprio --num-eval 64 --seed 45 --cem-seed 45 --probe-solver match --retire-tau 0.10
343	tworoom	mppi_router_mp_rt0.10	25	45	logs/rbM_tworoom_mppi_router_mp_rt0.10_t25_seed45.log	python -m surveyor.envs.tworoom.eval --solver mppi --subgoal router+surveyor --gdm-ckpt gdm_tworoom_s10_gc_paired_e400v.pt --gdm-steps 50 --accept-tau 0.098 --receding-horizon 2 --mode long --goal-offset 25 --eval-budget 50 --h5 "$DATA/tworoom.h5" --source pretrained --encoder-id quentinll/lewm-tworooms --device cuda --eval-filter none --episode-min 4000 --goal-from-proprio --num-eval 64 --seed 45 --cem-seed 45 --probe-solver match --retire-tau 0.10
344	tworoom	icem_router_mp_rt0.10	25	46	logs/rbM_tworoom_icem_router_mp_rt0.10_t25_seed46.log	python -m surveyor.envs.tworoom.eval --solver icem --subgoal router+surveyor --gdm-ckpt gdm_tworoom_s10_gc_paired_e400v.pt --gdm-steps 50 --accept-tau 0.098 --receding-horizon 2 --mode long --goal-offset 25 --eval-budget 50 --h5 "$DATA/tworoom.h5" --source pretrained --encoder-id quentinll/lewm-tworooms --device cuda --eval-filter none --episode-min 4000 --goal-from-proprio --num-eval 64 --seed 46 --cem-seed 46 --probe-solver match --retire-tau 0.10
345	tworoom	mppi_router_mp_rt0.10	25	46	logs/rbM_tworoom_mppi_router_mp_rt0.10_t25_seed46.log	python -m surveyor.envs.tworoom.eval --solver mppi --subgoal router+surveyor --gdm-ckpt gdm_tworoom_s10_gc_paired_e400v.pt --gdm-steps 50 --accept-tau 0.098 --receding-horizon 2 --mode long --goal-offset 25 --eval-budget 50 --h5 "$DATA/tworoom.h5" --source pretrained --encoder-id quentinll/lewm-tworooms --device cuda --eval-filter none --episode-min 4000 --goal-from-proprio --num-eval 64 --seed 46 --cem-seed 46 --probe-solver match --retire-tau 0.10
346	tworoom	icem_router_mp_rt0.10	25	47	logs/rbM_tworoom_icem_router_mp_rt0.10_t25_seed47.log	python -m surveyor.envs.tworoom.eval --solver icem --subgoal router+surveyor --gdm-ckpt gdm_tworoom_s10_gc_paired_e400v.pt --gdm-steps 50 --accept-tau 0.098 --receding-horizon 2 --mode long --goal-offset 25 --eval-budget 50 --h5 "$DATA/tworoom.h5" --source pretrained --encoder-id quentinll/lewm-tworooms --device cuda --eval-filter none --episode-min 4000 --goal-from-proprio --num-eval 64 --seed 47 --cem-seed 47 --probe-solver match --retire-tau 0.10
347	tworoom	mppi_router_mp_rt0.10	25	47	logs/rbM_tworoom_mppi_router_mp_rt0.10_t25_seed47.log	python -m surveyor.envs.tworoom.eval --solver mppi --subgoal router+surveyor --gdm-ckpt gdm_tworoom_s10_gc_paired_e400v.pt --gdm-steps 50 --accept-tau 0.098 --receding-horizon 2 --mode long --goal-offset 25 --eval-budget 50 --h5 "$DATA/tworoom.h5" --source pretrained --encoder-id quentinll/lewm-tworooms --device cuda --eval-filter none --episode-min 4000 --goal-from-proprio --num-eval 64 --seed 47 --cem-seed 47 --probe-solver match --retire-tau 0.10
348	tworoom	icem_router_mp_rt0.10	25	48	logs/rbM_tworoom_icem_router_mp_rt0.10_t25_seed48.log	python -m surveyor.envs.tworoom.eval --solver icem --subgoal router+surveyor --gdm-ckpt gdm_tworoom_s10_gc_paired_e400v.pt --gdm-steps 50 --accept-tau 0.098 --receding-horizon 2 --mode long --goal-offset 25 --eval-budget 50 --h5 "$DATA/tworoom.h5" --source pretrained --encoder-id quentinll/lewm-tworooms --device cuda --eval-filter none --episode-min 4000 --goal-from-proprio --num-eval 64 --seed 48 --cem-seed 48 --probe-solver match --retire-tau 0.10
349	tworoom	mppi_router_mp_rt0.10	25	48	logs/rbM_tworoom_mppi_router_mp_rt0.10_t25_seed48.log	python -m surveyor.envs.tworoom.eval --solver mppi --subgoal router+surveyor --gdm-ckpt gdm_tworoom_s10_gc_paired_e400v.pt --gdm-steps 50 --accept-tau 0.098 --receding-horizon 2 --mode long --goal-offset 25 --eval-budget 50 --h5 "$DATA/tworoom.h5" --source pretrained --encoder-id quentinll/lewm-tworooms --device cuda --eval-filter none --episode-min 4000 --goal-from-proprio --num-eval 64 --seed 48 --cem-seed 48 --probe-solver match --retire-tau 0.10
350	tworoom	icem_router_mp_rt0.10	25	49	logs/rbM_tworoom_icem_router_mp_rt0.10_t25_seed49.log	python -m surveyor.envs.tworoom.eval --solver icem --subgoal router+surveyor --gdm-ckpt gdm_tworoom_s10_gc_paired_e400v.pt --gdm-steps 50 --accept-tau 0.098 --receding-horizon 2 --mode long --goal-offset 25 --eval-budget 50 --h5 "$DATA/tworoom.h5" --source pretrained --encoder-id quentinll/lewm-tworooms --device cuda --eval-filter none --episode-min 4000 --goal-from-proprio --num-eval 64 --seed 49 --cem-seed 49 --probe-solver match --retire-tau 0.10
351	tworoom	mppi_router_mp_rt0.10	25	49	logs/rbM_tworoom_mppi_router_mp_rt0.10_t25_seed49.log	python -m surveyor.envs.tworoom.eval --solver mppi --subgoal router+surveyor --gdm-ckpt gdm_tworoom_s10_gc_paired_e400v.pt --gdm-steps 50 --accept-tau 0.098 --receding-horizon 2 --mode long --goal-offset 25 --eval-budget 50 --h5 "$DATA/tworoom.h5" --source pretrained --encoder-id quentinll/lewm-tworooms --device cuda --eval-filter none --episode-min 4000 --goal-from-proprio --num-eval 64 --seed 49 --cem-seed 49 --probe-solver match --retire-tau 0.10
352	tworoom	icem_router_mp_rt0.10	50	42	logs/rbM_tworoom_icem_router_mp_rt0.10_t50_seed42.log	python -m surveyor.envs.tworoom.eval --solver icem --subgoal router+surveyor --gdm-ckpt gdm_tworoom_s10_gc_paired_e400v.pt --gdm-steps 50 --accept-tau 0.098 --receding-horizon 2 --mode long --goal-offset 50 --eval-budget 100 --h5 "$DATA/tworoom.h5" --source pretrained --encoder-id quentinll/lewm-tworooms --device cuda --eval-filter none --episode-min 4000 --goal-from-proprio --num-eval 64 --seed 42 --cem-seed 42 --probe-solver match --retire-tau 0.10
353	tworoom	mppi_router_mp_rt0.10	50	42	logs/rbM_tworoom_mppi_router_mp_rt0.10_t50_seed42.log	python -m surveyor.envs.tworoom.eval --solver mppi --subgoal router+surveyor --gdm-ckpt gdm_tworoom_s10_gc_paired_e400v.pt --gdm-steps 50 --accept-tau 0.098 --receding-horizon 2 --mode long --goal-offset 50 --eval-budget 100 --h5 "$DATA/tworoom.h5" --source pretrained --encoder-id quentinll/lewm-tworooms --device cuda --eval-filter none --episode-min 4000 --goal-from-proprio --num-eval 64 --seed 42 --cem-seed 42 --probe-solver match --retire-tau 0.10
354	tworoom	icem_router_mp_rt0.10	50	43	logs/rbM_tworoom_icem_router_mp_rt0.10_t50_seed43.log	python -m surveyor.envs.tworoom.eval --solver icem --subgoal router+surveyor --gdm-ckpt gdm_tworoom_s10_gc_paired_e400v.pt --gdm-steps 50 --accept-tau 0.098 --receding-horizon 2 --mode long --goal-offset 50 --eval-budget 100 --h5 "$DATA/tworoom.h5" --source pretrained --encoder-id quentinll/lewm-tworooms --device cuda --eval-filter none --episode-min 4000 --goal-from-proprio --num-eval 64 --seed 43 --cem-seed 43 --probe-solver match --retire-tau 0.10
355	tworoom	mppi_router_mp_rt0.10	50	43	logs/rbM_tworoom_mppi_router_mp_rt0.10_t50_seed43.log	python -m surveyor.envs.tworoom.eval --solver mppi --subgoal router+surveyor --gdm-ckpt gdm_tworoom_s10_gc_paired_e400v.pt --gdm-steps 50 --accept-tau 0.098 --receding-horizon 2 --mode long --goal-offset 50 --eval-budget 100 --h5 "$DATA/tworoom.h5" --source pretrained --encoder-id quentinll/lewm-tworooms --device cuda --eval-filter none --episode-min 4000 --goal-from-proprio --num-eval 64 --seed 43 --cem-seed 43 --probe-solver match --retire-tau 0.10
356	tworoom	icem_router_mp_rt0.10	50	44	logs/rbM_tworoom_icem_router_mp_rt0.10_t50_seed44.log	python -m surveyor.envs.tworoom.eval --solver icem --subgoal router+surveyor --gdm-ckpt gdm_tworoom_s10_gc_paired_e400v.pt --gdm-steps 50 --accept-tau 0.098 --receding-horizon 2 --mode long --goal-offset 50 --eval-budget 100 --h5 "$DATA/tworoom.h5" --source pretrained --encoder-id quentinll/lewm-tworooms --device cuda --eval-filter none --episode-min 4000 --goal-from-proprio --num-eval 64 --seed 44 --cem-seed 44 --probe-solver match --retire-tau 0.10
357	tworoom	mppi_router_mp_rt0.10	50	44	logs/rbM_tworoom_mppi_router_mp_rt0.10_t50_seed44.log	python -m surveyor.envs.tworoom.eval --solver mppi --subgoal router+surveyor --gdm-ckpt gdm_tworoom_s10_gc_paired_e400v.pt --gdm-steps 50 --accept-tau 0.098 --receding-horizon 2 --mode long --goal-offset 50 --eval-budget 100 --h5 "$DATA/tworoom.h5" --source pretrained --encoder-id quentinll/lewm-tworooms --device cuda --eval-filter none --episode-min 4000 --goal-from-proprio --num-eval 64 --seed 44 --cem-seed 44 --probe-solver match --retire-tau 0.10
358	tworoom	icem_router_mp_rt0.10	50	45	logs/rbM_tworoom_icem_router_mp_rt0.10_t50_seed45.log	python -m surveyor.envs.tworoom.eval --solver icem --subgoal router+surveyor --gdm-ckpt gdm_tworoom_s10_gc_paired_e400v.pt --gdm-steps 50 --accept-tau 0.098 --receding-horizon 2 --mode long --goal-offset 50 --eval-budget 100 --h5 "$DATA/tworoom.h5" --source pretrained --encoder-id quentinll/lewm-tworooms --device cuda --eval-filter none --episode-min 4000 --goal-from-proprio --num-eval 64 --seed 45 --cem-seed 45 --probe-solver match --retire-tau 0.10
359	tworoom	mppi_router_mp_rt0.10	50	45	logs/rbM_tworoom_mppi_router_mp_rt0.10_t50_seed45.log	python -m surveyor.envs.tworoom.eval --solver mppi --subgoal router+surveyor --gdm-ckpt gdm_tworoom_s10_gc_paired_e400v.pt --gdm-steps 50 --accept-tau 0.098 --receding-horizon 2 --mode long --goal-offset 50 --eval-budget 100 --h5 "$DATA/tworoom.h5" --source pretrained --encoder-id quentinll/lewm-tworooms --device cuda --eval-filter none --episode-min 4000 --goal-from-proprio --num-eval 64 --seed 45 --cem-seed 45 --probe-solver match --retire-tau 0.10
360	tworoom	icem_router_mp_rt0.10	50	46	logs/rbM_tworoom_icem_router_mp_rt0.10_t50_seed46.log	python -m surveyor.envs.tworoom.eval --solver icem --subgoal router+surveyor --gdm-ckpt gdm_tworoom_s10_gc_paired_e400v.pt --gdm-steps 50 --accept-tau 0.098 --receding-horizon 2 --mode long --goal-offset 50 --eval-budget 100 --h5 "$DATA/tworoom.h5" --source pretrained --encoder-id quentinll/lewm-tworooms --device cuda --eval-filter none --episode-min 4000 --goal-from-proprio --num-eval 64 --seed 46 --cem-seed 46 --probe-solver match --retire-tau 0.10
361	tworoom	mppi_router_mp_rt0.10	50	46	logs/rbM_tworoom_mppi_router_mp_rt0.10_t50_seed46.log	python -m surveyor.envs.tworoom.eval --solver mppi --subgoal router+surveyor --gdm-ckpt gdm_tworoom_s10_gc_paired_e400v.pt --gdm-steps 50 --accept-tau 0.098 --receding-horizon 2 --mode long --goal-offset 50 --eval-budget 100 --h5 "$DATA/tworoom.h5" --source pretrained --encoder-id quentinll/lewm-tworooms --device cuda --eval-filter none --episode-min 4000 --goal-from-proprio --num-eval 64 --seed 46 --cem-seed 46 --probe-solver match --retire-tau 0.10
362	tworoom	icem_router_mp_rt0.10	50	47	logs/rbM_tworoom_icem_router_mp_rt0.10_t50_seed47.log	python -m surveyor.envs.tworoom.eval --solver icem --subgoal router+surveyor --gdm-ckpt gdm_tworoom_s10_gc_paired_e400v.pt --gdm-steps 50 --accept-tau 0.098 --receding-horizon 2 --mode long --goal-offset 50 --eval-budget 100 --h5 "$DATA/tworoom.h5" --source pretrained --encoder-id quentinll/lewm-tworooms --device cuda --eval-filter none --episode-min 4000 --goal-from-proprio --num-eval 64 --seed 47 --cem-seed 47 --probe-solver match --retire-tau 0.10
363	tworoom	mppi_router_mp_rt0.10	50	47	logs/rbM_tworoom_mppi_router_mp_rt0.10_t50_seed47.log	python -m surveyor.envs.tworoom.eval --solver mppi --subgoal router+surveyor --gdm-ckpt gdm_tworoom_s10_gc_paired_e400v.pt --gdm-steps 50 --accept-tau 0.098 --receding-horizon 2 --mode long --goal-offset 50 --eval-budget 100 --h5 "$DATA/tworoom.h5" --source pretrained --encoder-id quentinll/lewm-tworooms --device cuda --eval-filter none --episode-min 4000 --goal-from-proprio --num-eval 64 --seed 47 --cem-seed 47 --probe-solver match --retire-tau 0.10
364	tworoom	icem_router_mp_rt0.10	50	48	logs/rbM_tworoom_icem_router_mp_rt0.10_t50_seed48.log	python -m surveyor.envs.tworoom.eval --solver icem --subgoal router+surveyor --gdm-ckpt gdm_tworoom_s10_gc_paired_e400v.pt --gdm-steps 50 --accept-tau 0.098 --receding-horizon 2 --mode long --goal-offset 50 --eval-budget 100 --h5 "$DATA/tworoom.h5" --source pretrained --encoder-id quentinll/lewm-tworooms --device cuda --eval-filter none --episode-min 4000 --goal-from-proprio --num-eval 64 --seed 48 --cem-seed 48 --probe-solver match --retire-tau 0.10
365	tworoom	mppi_router_mp_rt0.10	50	48	logs/rbM_tworoom_mppi_router_mp_rt0.10_t50_seed48.log	python -m surveyor.envs.tworoom.eval --solver mppi --subgoal router+surveyor --gdm-ckpt gdm_tworoom_s10_gc_paired_e400v.pt --gdm-steps 50 --accept-tau 0.098 --receding-horizon 2 --mode long --goal-offset 50 --eval-budget 100 --h5 "$DATA/tworoom.h5" --source pretrained --encoder-id quentinll/lewm-tworooms --device cuda --eval-filter none --episode-min 4000 --goal-from-proprio --num-eval 64 --seed 48 --cem-seed 48 --probe-solver match --retire-tau 0.10
366	tworoom	icem_router_mp_rt0.10	50	49	logs/rbM_tworoom_icem_router_mp_rt0.10_t50_seed49.log	python -m surveyor.envs.tworoom.eval --solver icem --subgoal router+surveyor --gdm-ckpt gdm_tworoom_s10_gc_paired_e400v.pt --gdm-steps 50 --accept-tau 0.098 --receding-horizon 2 --mode long --goal-offset 50 --eval-budget 100 --h5 "$DATA/tworoom.h5" --source pretrained --encoder-id quentinll/lewm-tworooms --device cuda --eval-filter none --episode-min 4000 --goal-from-proprio --num-eval 64 --seed 49 --cem-seed 49 --probe-solver match --retire-tau 0.10
367	tworoom	mppi_router_mp_rt0.10	50	49	logs/rbM_tworoom_mppi_router_mp_rt0.10_t50_seed49.log	python -m surveyor.envs.tworoom.eval --solver mppi --subgoal router+surveyor --gdm-ckpt gdm_tworoom_s10_gc_paired_e400v.pt --gdm-steps 50 --accept-tau 0.098 --receding-horizon 2 --mode long --goal-offset 50 --eval-budget 100 --h5 "$DATA/tworoom.h5" --source pretrained --encoder-id quentinll/lewm-tworooms --device cuda --eval-filter none --episode-min 4000 --goal-from-proprio --num-eval 64 --seed 49 --cem-seed 49 --probe-solver match --retire-tau 0.10
368	tworoom	icem_router_mp_rt0.10	75	42	logs/rbM_tworoom_icem_router_mp_rt0.10_t75_seed42.log	python -m surveyor.envs.tworoom.eval --solver icem --subgoal router+surveyor --gdm-ckpt gdm_tworoom_s10_gc_paired_e400v.pt --gdm-steps 50 --accept-tau 0.098 --receding-horizon 2 --mode long --goal-offset 75 --eval-budget 150 --h5 "$DATA/tworoom.h5" --source pretrained --encoder-id quentinll/lewm-tworooms --device cuda --eval-filter none --episode-min 4000 --goal-from-proprio --num-eval 64 --seed 42 --cem-seed 42 --probe-solver match --retire-tau 0.10
369	tworoom	mppi_router_mp_rt0.10	75	42	logs/rbM_tworoom_mppi_router_mp_rt0.10_t75_seed42.log	python -m surveyor.envs.tworoom.eval --solver mppi --subgoal router+surveyor --gdm-ckpt gdm_tworoom_s10_gc_paired_e400v.pt --gdm-steps 50 --accept-tau 0.098 --receding-horizon 2 --mode long --goal-offset 75 --eval-budget 150 --h5 "$DATA/tworoom.h5" --source pretrained --encoder-id quentinll/lewm-tworooms --device cuda --eval-filter none --episode-min 4000 --goal-from-proprio --num-eval 64 --seed 42 --cem-seed 42 --probe-solver match --retire-tau 0.10
370	tworoom	icem_router_mp_rt0.10	75	43	logs/rbM_tworoom_icem_router_mp_rt0.10_t75_seed43.log	python -m surveyor.envs.tworoom.eval --solver icem --subgoal router+surveyor --gdm-ckpt gdm_tworoom_s10_gc_paired_e400v.pt --gdm-steps 50 --accept-tau 0.098 --receding-horizon 2 --mode long --goal-offset 75 --eval-budget 150 --h5 "$DATA/tworoom.h5" --source pretrained --encoder-id quentinll/lewm-tworooms --device cuda --eval-filter none --episode-min 4000 --goal-from-proprio --num-eval 64 --seed 43 --cem-seed 43 --probe-solver match --retire-tau 0.10
371	tworoom	mppi_router_mp_rt0.10	75	43	logs/rbM_tworoom_mppi_router_mp_rt0.10_t75_seed43.log	python -m surveyor.envs.tworoom.eval --solver mppi --subgoal router+surveyor --gdm-ckpt gdm_tworoom_s10_gc_paired_e400v.pt --gdm-steps 50 --accept-tau 0.098 --receding-horizon 2 --mode long --goal-offset 75 --eval-budget 150 --h5 "$DATA/tworoom.h5" --source pretrained --encoder-id quentinll/lewm-tworooms --device cuda --eval-filter none --episode-min 4000 --goal-from-proprio --num-eval 64 --seed 43 --cem-seed 43 --probe-solver match --retire-tau 0.10
372	tworoom	icem_router_mp_rt0.10	75	44	logs/rbM_tworoom_icem_router_mp_rt0.10_t75_seed44.log	python -m surveyor.envs.tworoom.eval --solver icem --subgoal router+surveyor --gdm-ckpt gdm_tworoom_s10_gc_paired_e400v.pt --gdm-steps 50 --accept-tau 0.098 --receding-horizon 2 --mode long --goal-offset 75 --eval-budget 150 --h5 "$DATA/tworoom.h5" --source pretrained --encoder-id quentinll/lewm-tworooms --device cuda --eval-filter none --episode-min 4000 --goal-from-proprio --num-eval 64 --seed 44 --cem-seed 44 --probe-solver match --retire-tau 0.10
373	tworoom	mppi_router_mp_rt0.10	75	44	logs/rbM_tworoom_mppi_router_mp_rt0.10_t75_seed44.log	python -m surveyor.envs.tworoom.eval --solver mppi --subgoal router+surveyor --gdm-ckpt gdm_tworoom_s10_gc_paired_e400v.pt --gdm-steps 50 --accept-tau 0.098 --receding-horizon 2 --mode long --goal-offset 75 --eval-budget 150 --h5 "$DATA/tworoom.h5" --source pretrained --encoder-id quentinll/lewm-tworooms --device cuda --eval-filter none --episode-min 4000 --goal-from-proprio --num-eval 64 --seed 44 --cem-seed 44 --probe-solver match --retire-tau 0.10
374	tworoom	icem_router_mp_rt0.10	75	45	logs/rbM_tworoom_icem_router_mp_rt0.10_t75_seed45.log	python -m surveyor.envs.tworoom.eval --solver icem --subgoal router+surveyor --gdm-ckpt gdm_tworoom_s10_gc_paired_e400v.pt --gdm-steps 50 --accept-tau 0.098 --receding-horizon 2 --mode long --goal-offset 75 --eval-budget 150 --h5 "$DATA/tworoom.h5" --source pretrained --encoder-id quentinll/lewm-tworooms --device cuda --eval-filter none --episode-min 4000 --goal-from-proprio --num-eval 64 --seed 45 --cem-seed 45 --probe-solver match --retire-tau 0.10
375	tworoom	mppi_router_mp_rt0.10	75	45	logs/rbM_tworoom_mppi_router_mp_rt0.10_t75_seed45.log	python -m surveyor.envs.tworoom.eval --solver mppi --subgoal router+surveyor --gdm-ckpt gdm_tworoom_s10_gc_paired_e400v.pt --gdm-steps 50 --accept-tau 0.098 --receding-horizon 2 --mode long --goal-offset 75 --eval-budget 150 --h5 "$DATA/tworoom.h5" --source pretrained --encoder-id quentinll/lewm-tworooms --device cuda --eval-filter none --episode-min 4000 --goal-from-proprio --num-eval 64 --seed 45 --cem-seed 45 --probe-solver match --retire-tau 0.10
376	tworoom	icem_router_mp_rt0.10	75	46	logs/rbM_tworoom_icem_router_mp_rt0.10_t75_seed46.log	python -m surveyor.envs.tworoom.eval --solver icem --subgoal router+surveyor --gdm-ckpt gdm_tworoom_s10_gc_paired_e400v.pt --gdm-steps 50 --accept-tau 0.098 --receding-horizon 2 --mode long --goal-offset 75 --eval-budget 150 --h5 "$DATA/tworoom.h5" --source pretrained --encoder-id quentinll/lewm-tworooms --device cuda --eval-filter none --episode-min 4000 --goal-from-proprio --num-eval 64 --seed 46 --cem-seed 46 --probe-solver match --retire-tau 0.10
377	tworoom	mppi_router_mp_rt0.10	75	46	logs/rbM_tworoom_mppi_router_mp_rt0.10_t75_seed46.log	python -m surveyor.envs.tworoom.eval --solver mppi --subgoal router+surveyor --gdm-ckpt gdm_tworoom_s10_gc_paired_e400v.pt --gdm-steps 50 --accept-tau 0.098 --receding-horizon 2 --mode long --goal-offset 75 --eval-budget 150 --h5 "$DATA/tworoom.h5" --source pretrained --encoder-id quentinll/lewm-tworooms --device cuda --eval-filter none --episode-min 4000 --goal-from-proprio --num-eval 64 --seed 46 --cem-seed 46 --probe-solver match --retire-tau 0.10
378	tworoom	icem_router_mp_rt0.10	75	47	logs/rbM_tworoom_icem_router_mp_rt0.10_t75_seed47.log	python -m surveyor.envs.tworoom.eval --solver icem --subgoal router+surveyor --gdm-ckpt gdm_tworoom_s10_gc_paired_e400v.pt --gdm-steps 50 --accept-tau 0.098 --receding-horizon 2 --mode long --goal-offset 75 --eval-budget 150 --h5 "$DATA/tworoom.h5" --source pretrained --encoder-id quentinll/lewm-tworooms --device cuda --eval-filter none --episode-min 4000 --goal-from-proprio --num-eval 64 --seed 47 --cem-seed 47 --probe-solver match --retire-tau 0.10
379	tworoom	mppi_router_mp_rt0.10	75	47	logs/rbM_tworoom_mppi_router_mp_rt0.10_t75_seed47.log	python -m surveyor.envs.tworoom.eval --solver mppi --subgoal router+surveyor --gdm-ckpt gdm_tworoom_s10_gc_paired_e400v.pt --gdm-steps 50 --accept-tau 0.098 --receding-horizon 2 --mode long --goal-offset 75 --eval-budget 150 --h5 "$DATA/tworoom.h5" --source pretrained --encoder-id quentinll/lewm-tworooms --device cuda --eval-filter none --episode-min 4000 --goal-from-proprio --num-eval 64 --seed 47 --cem-seed 47 --probe-solver match --retire-tau 0.10
380	tworoom	icem_router_mp_rt0.10	75	48	logs/rbM_tworoom_icem_router_mp_rt0.10_t75_seed48.log	python -m surveyor.envs.tworoom.eval --solver icem --subgoal router+surveyor --gdm-ckpt gdm_tworoom_s10_gc_paired_e400v.pt --gdm-steps 50 --accept-tau 0.098 --receding-horizon 2 --mode long --goal-offset 75 --eval-budget 150 --h5 "$DATA/tworoom.h5" --source pretrained --encoder-id quentinll/lewm-tworooms --device cuda --eval-filter none --episode-min 4000 --goal-from-proprio --num-eval 64 --seed 48 --cem-seed 48 --probe-solver match --retire-tau 0.10
381	tworoom	mppi_router_mp_rt0.10	75	48	logs/rbM_tworoom_mppi_router_mp_rt0.10_t75_seed48.log	python -m surveyor.envs.tworoom.eval --solver mppi --subgoal router+surveyor --gdm-ckpt gdm_tworoom_s10_gc_paired_e400v.pt --gdm-steps 50 --accept-tau 0.098 --receding-horizon 2 --mode long --goal-offset 75 --eval-budget 150 --h5 "$DATA/tworoom.h5" --source pretrained --encoder-id quentinll/lewm-tworooms --device cuda --eval-filter none --episode-min 4000 --goal-from-proprio --num-eval 64 --seed 48 --cem-seed 48 --probe-solver match --retire-tau 0.10
382	tworoom	icem_router_mp_rt0.10	75	49	logs/rbM_tworoom_icem_router_mp_rt0.10_t75_seed49.log	python -m surveyor.envs.tworoom.eval --solver icem --subgoal router+surveyor --gdm-ckpt gdm_tworoom_s10_gc_paired_e400v.pt --gdm-steps 50 --accept-tau 0.098 --receding-horizon 2 --mode long --goal-offset 75 --eval-budget 150 --h5 "$DATA/tworoom.h5" --source pretrained --encoder-id quentinll/lewm-tworooms --device cuda --eval-filter none --episode-min 4000 --goal-from-proprio --num-eval 64 --seed 49 --cem-seed 49 --probe-solver match --retire-tau 0.10
383	tworoom	mppi_router_mp_rt0.10	75	49	logs/rbM_tworoom_mppi_router_mp_rt0.10_t75_seed49.log	python -m surveyor.envs.tworoom.eval --solver mppi --subgoal router+surveyor --gdm-ckpt gdm_tworoom_s10_gc_paired_e400v.pt --gdm-steps 50 --accept-tau 0.098 --receding-horizon 2 --mode long --goal-offset 75 --eval-budget 150 --h5 "$DATA/tworoom.h5" --source pretrained --encoder-id quentinll/lewm-tworooms --device cuda --eval-filter none --episode-min 4000 --goal-from-proprio --num-eval 64 --seed 49 --cem-seed 49 --probe-solver match --retire-tau 0.10
384	cube	icem_router_mp_rt0.10	25	42	logs/rbM_cube_icem_router_mp_rt0.10_t25_seed42.log	python -m surveyor.envs.cube.eval --solver icem --subgoal router+surveyor --gdm-ckpt gdm_cube_s10_gc.pt --gdm-steps 3 --accept-tau 0.20 --horizon 2 --receding-horizon 2 --num-samples 600 --n-steps 30 --source pretrained --encoder-id quentinll/lewm-cube --h5 "$CUBE_H5" --device cuda --goal-offset 25 --eval-budget 50 --num-eval 128 --seed 42 --cem-seed 42 --episodes-file episodes/cube_c2222.episodes25.json --probe-solver match --retire-tau 0.10
385	cube	mppi_router_mp_rt0.10	25	42	logs/rbM_cube_mppi_router_mp_rt0.10_t25_seed42.log	python -m surveyor.envs.cube.eval --solver mppi --subgoal router+surveyor --gdm-ckpt gdm_cube_s10_gc.pt --gdm-steps 3 --accept-tau 0.20 --horizon 2 --receding-horizon 2 --num-samples 600 --n-steps 30 --source pretrained --encoder-id quentinll/lewm-cube --h5 "$CUBE_H5" --device cuda --goal-offset 25 --eval-budget 50 --num-eval 128 --seed 42 --cem-seed 42 --episodes-file episodes/cube_c2222.episodes25.json --probe-solver match --retire-tau 0.10
386	cube	icem_router_mp_rt0.10	25	43	logs/rbM_cube_icem_router_mp_rt0.10_t25_seed43.log	python -m surveyor.envs.cube.eval --solver icem --subgoal router+surveyor --gdm-ckpt gdm_cube_s10_gc.pt --gdm-steps 3 --accept-tau 0.20 --horizon 2 --receding-horizon 2 --num-samples 600 --n-steps 30 --source pretrained --encoder-id quentinll/lewm-cube --h5 "$CUBE_H5" --device cuda --goal-offset 25 --eval-budget 50 --num-eval 128 --seed 43 --cem-seed 43 --episodes-file episodes/cube_c2222.episodes25.json --probe-solver match --retire-tau 0.10
387	cube	mppi_router_mp_rt0.10	25	43	logs/rbM_cube_mppi_router_mp_rt0.10_t25_seed43.log	python -m surveyor.envs.cube.eval --solver mppi --subgoal router+surveyor --gdm-ckpt gdm_cube_s10_gc.pt --gdm-steps 3 --accept-tau 0.20 --horizon 2 --receding-horizon 2 --num-samples 600 --n-steps 30 --source pretrained --encoder-id quentinll/lewm-cube --h5 "$CUBE_H5" --device cuda --goal-offset 25 --eval-budget 50 --num-eval 128 --seed 43 --cem-seed 43 --episodes-file episodes/cube_c2222.episodes25.json --probe-solver match --retire-tau 0.10
388	cube	icem_router_mp_rt0.10	25	44	logs/rbM_cube_icem_router_mp_rt0.10_t25_seed44.log	python -m surveyor.envs.cube.eval --solver icem --subgoal router+surveyor --gdm-ckpt gdm_cube_s10_gc.pt --gdm-steps 3 --accept-tau 0.20 --horizon 2 --receding-horizon 2 --num-samples 600 --n-steps 30 --source pretrained --encoder-id quentinll/lewm-cube --h5 "$CUBE_H5" --device cuda --goal-offset 25 --eval-budget 50 --num-eval 128 --seed 44 --cem-seed 44 --episodes-file episodes/cube_c2222.episodes25.json --probe-solver match --retire-tau 0.10
389	cube	mppi_router_mp_rt0.10	25	44	logs/rbM_cube_mppi_router_mp_rt0.10_t25_seed44.log	python -m surveyor.envs.cube.eval --solver mppi --subgoal router+surveyor --gdm-ckpt gdm_cube_s10_gc.pt --gdm-steps 3 --accept-tau 0.20 --horizon 2 --receding-horizon 2 --num-samples 600 --n-steps 30 --source pretrained --encoder-id quentinll/lewm-cube --h5 "$CUBE_H5" --device cuda --goal-offset 25 --eval-budget 50 --num-eval 128 --seed 44 --cem-seed 44 --episodes-file episodes/cube_c2222.episodes25.json --probe-solver match --retire-tau 0.10
390	cube	icem_router_mp_rt0.10	25	45	logs/rbM_cube_icem_router_mp_rt0.10_t25_seed45.log	python -m surveyor.envs.cube.eval --solver icem --subgoal router+surveyor --gdm-ckpt gdm_cube_s10_gc.pt --gdm-steps 3 --accept-tau 0.20 --horizon 2 --receding-horizon 2 --num-samples 600 --n-steps 30 --source pretrained --encoder-id quentinll/lewm-cube --h5 "$CUBE_H5" --device cuda --goal-offset 25 --eval-budget 50 --num-eval 128 --seed 45 --cem-seed 45 --episodes-file episodes/cube_c2222.episodes25.json --probe-solver match --retire-tau 0.10
391	cube	mppi_router_mp_rt0.10	25	45	logs/rbM_cube_mppi_router_mp_rt0.10_t25_seed45.log	python -m surveyor.envs.cube.eval --solver mppi --subgoal router+surveyor --gdm-ckpt gdm_cube_s10_gc.pt --gdm-steps 3 --accept-tau 0.20 --horizon 2 --receding-horizon 2 --num-samples 600 --n-steps 30 --source pretrained --encoder-id quentinll/lewm-cube --h5 "$CUBE_H5" --device cuda --goal-offset 25 --eval-budget 50 --num-eval 128 --seed 45 --cem-seed 45 --episodes-file episodes/cube_c2222.episodes25.json --probe-solver match --retire-tau 0.10
392	cube	icem_router_mp_rt0.10	25	46	logs/rbM_cube_icem_router_mp_rt0.10_t25_seed46.log	python -m surveyor.envs.cube.eval --solver icem --subgoal router+surveyor --gdm-ckpt gdm_cube_s10_gc.pt --gdm-steps 3 --accept-tau 0.20 --horizon 2 --receding-horizon 2 --num-samples 600 --n-steps 30 --source pretrained --encoder-id quentinll/lewm-cube --h5 "$CUBE_H5" --device cuda --goal-offset 25 --eval-budget 50 --num-eval 128 --seed 46 --cem-seed 46 --episodes-file episodes/cube_c2222.episodes25.json --probe-solver match --retire-tau 0.10
393	cube	mppi_router_mp_rt0.10	25	46	logs/rbM_cube_mppi_router_mp_rt0.10_t25_seed46.log	python -m surveyor.envs.cube.eval --solver mppi --subgoal router+surveyor --gdm-ckpt gdm_cube_s10_gc.pt --gdm-steps 3 --accept-tau 0.20 --horizon 2 --receding-horizon 2 --num-samples 600 --n-steps 30 --source pretrained --encoder-id quentinll/lewm-cube --h5 "$CUBE_H5" --device cuda --goal-offset 25 --eval-budget 50 --num-eval 128 --seed 46 --cem-seed 46 --episodes-file episodes/cube_c2222.episodes25.json --probe-solver match --retire-tau 0.10
394	cube	icem_router_mp_rt0.10	25	47	logs/rbM_cube_icem_router_mp_rt0.10_t25_seed47.log	python -m surveyor.envs.cube.eval --solver icem --subgoal router+surveyor --gdm-ckpt gdm_cube_s10_gc.pt --gdm-steps 3 --accept-tau 0.20 --horizon 2 --receding-horizon 2 --num-samples 600 --n-steps 30 --source pretrained --encoder-id quentinll/lewm-cube --h5 "$CUBE_H5" --device cuda --goal-offset 25 --eval-budget 50 --num-eval 128 --seed 47 --cem-seed 47 --episodes-file episodes/cube_c2222.episodes25.json --probe-solver match --retire-tau 0.10
395	cube	mppi_router_mp_rt0.10	25	47	logs/rbM_cube_mppi_router_mp_rt0.10_t25_seed47.log	python -m surveyor.envs.cube.eval --solver mppi --subgoal router+surveyor --gdm-ckpt gdm_cube_s10_gc.pt --gdm-steps 3 --accept-tau 0.20 --horizon 2 --receding-horizon 2 --num-samples 600 --n-steps 30 --source pretrained --encoder-id quentinll/lewm-cube --h5 "$CUBE_H5" --device cuda --goal-offset 25 --eval-budget 50 --num-eval 128 --seed 47 --cem-seed 47 --episodes-file episodes/cube_c2222.episodes25.json --probe-solver match --retire-tau 0.10
396	cube	icem_router_mp_rt0.10	25	48	logs/rbM_cube_icem_router_mp_rt0.10_t25_seed48.log	python -m surveyor.envs.cube.eval --solver icem --subgoal router+surveyor --gdm-ckpt gdm_cube_s10_gc.pt --gdm-steps 3 --accept-tau 0.20 --horizon 2 --receding-horizon 2 --num-samples 600 --n-steps 30 --source pretrained --encoder-id quentinll/lewm-cube --h5 "$CUBE_H5" --device cuda --goal-offset 25 --eval-budget 50 --num-eval 128 --seed 48 --cem-seed 48 --episodes-file episodes/cube_c2222.episodes25.json --probe-solver match --retire-tau 0.10
397	cube	mppi_router_mp_rt0.10	25	48	logs/rbM_cube_mppi_router_mp_rt0.10_t25_seed48.log	python -m surveyor.envs.cube.eval --solver mppi --subgoal router+surveyor --gdm-ckpt gdm_cube_s10_gc.pt --gdm-steps 3 --accept-tau 0.20 --horizon 2 --receding-horizon 2 --num-samples 600 --n-steps 30 --source pretrained --encoder-id quentinll/lewm-cube --h5 "$CUBE_H5" --device cuda --goal-offset 25 --eval-budget 50 --num-eval 128 --seed 48 --cem-seed 48 --episodes-file episodes/cube_c2222.episodes25.json --probe-solver match --retire-tau 0.10
398	cube	icem_router_mp_rt0.10	25	49	logs/rbM_cube_icem_router_mp_rt0.10_t25_seed49.log	python -m surveyor.envs.cube.eval --solver icem --subgoal router+surveyor --gdm-ckpt gdm_cube_s10_gc.pt --gdm-steps 3 --accept-tau 0.20 --horizon 2 --receding-horizon 2 --num-samples 600 --n-steps 30 --source pretrained --encoder-id quentinll/lewm-cube --h5 "$CUBE_H5" --device cuda --goal-offset 25 --eval-budget 50 --num-eval 128 --seed 49 --cem-seed 49 --episodes-file episodes/cube_c2222.episodes25.json --probe-solver match --retire-tau 0.10
399	cube	mppi_router_mp_rt0.10	25	49	logs/rbM_cube_mppi_router_mp_rt0.10_t25_seed49.log	python -m surveyor.envs.cube.eval --solver mppi --subgoal router+surveyor --gdm-ckpt gdm_cube_s10_gc.pt --gdm-steps 3 --accept-tau 0.20 --horizon 2 --receding-horizon 2 --num-samples 600 --n-steps 30 --source pretrained --encoder-id quentinll/lewm-cube --h5 "$CUBE_H5" --device cuda --goal-offset 25 --eval-budget 50 --num-eval 128 --seed 49 --cem-seed 49 --episodes-file episodes/cube_c2222.episodes25.json --probe-solver match --retire-tau 0.10
400	cube	icem_router_mp_rt0.10	50	42	logs/rbM_cube_icem_router_mp_rt0.10_t50_seed42.log	python -m surveyor.envs.cube.eval --solver icem --subgoal router+surveyor --gdm-ckpt gdm_cube_s10_gc.pt --gdm-steps 3 --accept-tau 0.20 --horizon 2 --receding-horizon 2 --num-samples 600 --n-steps 30 --source pretrained --encoder-id quentinll/lewm-cube --h5 "$CUBE_H5" --device cuda --goal-offset 50 --eval-budget 100 --num-eval 128 --seed 42 --cem-seed 42 --episodes-file episodes/cube_c2222.episodes50.json --probe-solver match --retire-tau 0.10
401	cube	mppi_router_mp_rt0.10	50	42	logs/rbM_cube_mppi_router_mp_rt0.10_t50_seed42.log	python -m surveyor.envs.cube.eval --solver mppi --subgoal router+surveyor --gdm-ckpt gdm_cube_s10_gc.pt --gdm-steps 3 --accept-tau 0.20 --horizon 2 --receding-horizon 2 --num-samples 600 --n-steps 30 --source pretrained --encoder-id quentinll/lewm-cube --h5 "$CUBE_H5" --device cuda --goal-offset 50 --eval-budget 100 --num-eval 128 --seed 42 --cem-seed 42 --episodes-file episodes/cube_c2222.episodes50.json --probe-solver match --retire-tau 0.10
402	cube	icem_router_mp_rt0.10	50	43	logs/rbM_cube_icem_router_mp_rt0.10_t50_seed43.log	python -m surveyor.envs.cube.eval --solver icem --subgoal router+surveyor --gdm-ckpt gdm_cube_s10_gc.pt --gdm-steps 3 --accept-tau 0.20 --horizon 2 --receding-horizon 2 --num-samples 600 --n-steps 30 --source pretrained --encoder-id quentinll/lewm-cube --h5 "$CUBE_H5" --device cuda --goal-offset 50 --eval-budget 100 --num-eval 128 --seed 43 --cem-seed 43 --episodes-file episodes/cube_c2222.episodes50.json --probe-solver match --retire-tau 0.10
403	cube	mppi_router_mp_rt0.10	50	43	logs/rbM_cube_mppi_router_mp_rt0.10_t50_seed43.log	python -m surveyor.envs.cube.eval --solver mppi --subgoal router+surveyor --gdm-ckpt gdm_cube_s10_gc.pt --gdm-steps 3 --accept-tau 0.20 --horizon 2 --receding-horizon 2 --num-samples 600 --n-steps 30 --source pretrained --encoder-id quentinll/lewm-cube --h5 "$CUBE_H5" --device cuda --goal-offset 50 --eval-budget 100 --num-eval 128 --seed 43 --cem-seed 43 --episodes-file episodes/cube_c2222.episodes50.json --probe-solver match --retire-tau 0.10
404	cube	icem_router_mp_rt0.10	50	44	logs/rbM_cube_icem_router_mp_rt0.10_t50_seed44.log	python -m surveyor.envs.cube.eval --solver icem --subgoal router+surveyor --gdm-ckpt gdm_cube_s10_gc.pt --gdm-steps 3 --accept-tau 0.20 --horizon 2 --receding-horizon 2 --num-samples 600 --n-steps 30 --source pretrained --encoder-id quentinll/lewm-cube --h5 "$CUBE_H5" --device cuda --goal-offset 50 --eval-budget 100 --num-eval 128 --seed 44 --cem-seed 44 --episodes-file episodes/cube_c2222.episodes50.json --probe-solver match --retire-tau 0.10
405	cube	mppi_router_mp_rt0.10	50	44	logs/rbM_cube_mppi_router_mp_rt0.10_t50_seed44.log	python -m surveyor.envs.cube.eval --solver mppi --subgoal router+surveyor --gdm-ckpt gdm_cube_s10_gc.pt --gdm-steps 3 --accept-tau 0.20 --horizon 2 --receding-horizon 2 --num-samples 600 --n-steps 30 --source pretrained --encoder-id quentinll/lewm-cube --h5 "$CUBE_H5" --device cuda --goal-offset 50 --eval-budget 100 --num-eval 128 --seed 44 --cem-seed 44 --episodes-file episodes/cube_c2222.episodes50.json --probe-solver match --retire-tau 0.10
406	cube	icem_router_mp_rt0.10	50	45	logs/rbM_cube_icem_router_mp_rt0.10_t50_seed45.log	python -m surveyor.envs.cube.eval --solver icem --subgoal router+surveyor --gdm-ckpt gdm_cube_s10_gc.pt --gdm-steps 3 --accept-tau 0.20 --horizon 2 --receding-horizon 2 --num-samples 600 --n-steps 30 --source pretrained --encoder-id quentinll/lewm-cube --h5 "$CUBE_H5" --device cuda --goal-offset 50 --eval-budget 100 --num-eval 128 --seed 45 --cem-seed 45 --episodes-file episodes/cube_c2222.episodes50.json --probe-solver match --retire-tau 0.10
407	cube	mppi_router_mp_rt0.10	50	45	logs/rbM_cube_mppi_router_mp_rt0.10_t50_seed45.log	python -m surveyor.envs.cube.eval --solver mppi --subgoal router+surveyor --gdm-ckpt gdm_cube_s10_gc.pt --gdm-steps 3 --accept-tau 0.20 --horizon 2 --receding-horizon 2 --num-samples 600 --n-steps 30 --source pretrained --encoder-id quentinll/lewm-cube --h5 "$CUBE_H5" --device cuda --goal-offset 50 --eval-budget 100 --num-eval 128 --seed 45 --cem-seed 45 --episodes-file episodes/cube_c2222.episodes50.json --probe-solver match --retire-tau 0.10
408	cube	icem_router_mp_rt0.10	50	46	logs/rbM_cube_icem_router_mp_rt0.10_t50_seed46.log	python -m surveyor.envs.cube.eval --solver icem --subgoal router+surveyor --gdm-ckpt gdm_cube_s10_gc.pt --gdm-steps 3 --accept-tau 0.20 --horizon 2 --receding-horizon 2 --num-samples 600 --n-steps 30 --source pretrained --encoder-id quentinll/lewm-cube --h5 "$CUBE_H5" --device cuda --goal-offset 50 --eval-budget 100 --num-eval 128 --seed 46 --cem-seed 46 --episodes-file episodes/cube_c2222.episodes50.json --probe-solver match --retire-tau 0.10
409	cube	mppi_router_mp_rt0.10	50	46	logs/rbM_cube_mppi_router_mp_rt0.10_t50_seed46.log	python -m surveyor.envs.cube.eval --solver mppi --subgoal router+surveyor --gdm-ckpt gdm_cube_s10_gc.pt --gdm-steps 3 --accept-tau 0.20 --horizon 2 --receding-horizon 2 --num-samples 600 --n-steps 30 --source pretrained --encoder-id quentinll/lewm-cube --h5 "$CUBE_H5" --device cuda --goal-offset 50 --eval-budget 100 --num-eval 128 --seed 46 --cem-seed 46 --episodes-file episodes/cube_c2222.episodes50.json --probe-solver match --retire-tau 0.10
410	cube	icem_router_mp_rt0.10	50	47	logs/rbM_cube_icem_router_mp_rt0.10_t50_seed47.log	python -m surveyor.envs.cube.eval --solver icem --subgoal router+surveyor --gdm-ckpt gdm_cube_s10_gc.pt --gdm-steps 3 --accept-tau 0.20 --horizon 2 --receding-horizon 2 --num-samples 600 --n-steps 30 --source pretrained --encoder-id quentinll/lewm-cube --h5 "$CUBE_H5" --device cuda --goal-offset 50 --eval-budget 100 --num-eval 128 --seed 47 --cem-seed 47 --episodes-file episodes/cube_c2222.episodes50.json --probe-solver match --retire-tau 0.10
411	cube	mppi_router_mp_rt0.10	50	47	logs/rbM_cube_mppi_router_mp_rt0.10_t50_seed47.log	python -m surveyor.envs.cube.eval --solver mppi --subgoal router+surveyor --gdm-ckpt gdm_cube_s10_gc.pt --gdm-steps 3 --accept-tau 0.20 --horizon 2 --receding-horizon 2 --num-samples 600 --n-steps 30 --source pretrained --encoder-id quentinll/lewm-cube --h5 "$CUBE_H5" --device cuda --goal-offset 50 --eval-budget 100 --num-eval 128 --seed 47 --cem-seed 47 --episodes-file episodes/cube_c2222.episodes50.json --probe-solver match --retire-tau 0.10
412	cube	icem_router_mp_rt0.10	50	48	logs/rbM_cube_icem_router_mp_rt0.10_t50_seed48.log	python -m surveyor.envs.cube.eval --solver icem --subgoal router+surveyor --gdm-ckpt gdm_cube_s10_gc.pt --gdm-steps 3 --accept-tau 0.20 --horizon 2 --receding-horizon 2 --num-samples 600 --n-steps 30 --source pretrained --encoder-id quentinll/lewm-cube --h5 "$CUBE_H5" --device cuda --goal-offset 50 --eval-budget 100 --num-eval 128 --seed 48 --cem-seed 48 --episodes-file episodes/cube_c2222.episodes50.json --probe-solver match --retire-tau 0.10
413	cube	mppi_router_mp_rt0.10	50	48	logs/rbM_cube_mppi_router_mp_rt0.10_t50_seed48.log	python -m surveyor.envs.cube.eval --solver mppi --subgoal router+surveyor --gdm-ckpt gdm_cube_s10_gc.pt --gdm-steps 3 --accept-tau 0.20 --horizon 2 --receding-horizon 2 --num-samples 600 --n-steps 30 --source pretrained --encoder-id quentinll/lewm-cube --h5 "$CUBE_H5" --device cuda --goal-offset 50 --eval-budget 100 --num-eval 128 --seed 48 --cem-seed 48 --episodes-file episodes/cube_c2222.episodes50.json --probe-solver match --retire-tau 0.10
414	cube	icem_router_mp_rt0.10	50	49	logs/rbM_cube_icem_router_mp_rt0.10_t50_seed49.log	python -m surveyor.envs.cube.eval --solver icem --subgoal router+surveyor --gdm-ckpt gdm_cube_s10_gc.pt --gdm-steps 3 --accept-tau 0.20 --horizon 2 --receding-horizon 2 --num-samples 600 --n-steps 30 --source pretrained --encoder-id quentinll/lewm-cube --h5 "$CUBE_H5" --device cuda --goal-offset 50 --eval-budget 100 --num-eval 128 --seed 49 --cem-seed 49 --episodes-file episodes/cube_c2222.episodes50.json --probe-solver match --retire-tau 0.10
415	cube	mppi_router_mp_rt0.10	50	49	logs/rbM_cube_mppi_router_mp_rt0.10_t50_seed49.log	python -m surveyor.envs.cube.eval --solver mppi --subgoal router+surveyor --gdm-ckpt gdm_cube_s10_gc.pt --gdm-steps 3 --accept-tau 0.20 --horizon 2 --receding-horizon 2 --num-samples 600 --n-steps 30 --source pretrained --encoder-id quentinll/lewm-cube --h5 "$CUBE_H5" --device cuda --goal-offset 50 --eval-budget 100 --num-eval 128 --seed 49 --cem-seed 49 --episodes-file episodes/cube_c2222.episodes50.json --probe-solver match --retire-tau 0.10
416	cube	icem_router_mp_rt0.10	75	42	logs/rbM_cube_icem_router_mp_rt0.10_t75_seed42.log	python -m surveyor.envs.cube.eval --solver icem --subgoal router+surveyor --gdm-ckpt gdm_cube_s10_gc.pt --gdm-steps 3 --accept-tau 0.20 --horizon 2 --receding-horizon 2 --num-samples 600 --n-steps 30 --source pretrained --encoder-id quentinll/lewm-cube --h5 "$CUBE_H5" --device cuda --goal-offset 75 --eval-budget 150 --num-eval 128 --seed 42 --cem-seed 42 --episodes-file episodes/cube_c2222.episodes75.json --probe-solver match --retire-tau 0.10
417	cube	mppi_router_mp_rt0.10	75	42	logs/rbM_cube_mppi_router_mp_rt0.10_t75_seed42.log	python -m surveyor.envs.cube.eval --solver mppi --subgoal router+surveyor --gdm-ckpt gdm_cube_s10_gc.pt --gdm-steps 3 --accept-tau 0.20 --horizon 2 --receding-horizon 2 --num-samples 600 --n-steps 30 --source pretrained --encoder-id quentinll/lewm-cube --h5 "$CUBE_H5" --device cuda --goal-offset 75 --eval-budget 150 --num-eval 128 --seed 42 --cem-seed 42 --episodes-file episodes/cube_c2222.episodes75.json --probe-solver match --retire-tau 0.10
418	cube	icem_router_mp_rt0.10	75	43	logs/rbM_cube_icem_router_mp_rt0.10_t75_seed43.log	python -m surveyor.envs.cube.eval --solver icem --subgoal router+surveyor --gdm-ckpt gdm_cube_s10_gc.pt --gdm-steps 3 --accept-tau 0.20 --horizon 2 --receding-horizon 2 --num-samples 600 --n-steps 30 --source pretrained --encoder-id quentinll/lewm-cube --h5 "$CUBE_H5" --device cuda --goal-offset 75 --eval-budget 150 --num-eval 128 --seed 43 --cem-seed 43 --episodes-file episodes/cube_c2222.episodes75.json --probe-solver match --retire-tau 0.10
419	cube	mppi_router_mp_rt0.10	75	43	logs/rbM_cube_mppi_router_mp_rt0.10_t75_seed43.log	python -m surveyor.envs.cube.eval --solver mppi --subgoal router+surveyor --gdm-ckpt gdm_cube_s10_gc.pt --gdm-steps 3 --accept-tau 0.20 --horizon 2 --receding-horizon 2 --num-samples 600 --n-steps 30 --source pretrained --encoder-id quentinll/lewm-cube --h5 "$CUBE_H5" --device cuda --goal-offset 75 --eval-budget 150 --num-eval 128 --seed 43 --cem-seed 43 --episodes-file episodes/cube_c2222.episodes75.json --probe-solver match --retire-tau 0.10
420	cube	icem_router_mp_rt0.10	75	44	logs/rbM_cube_icem_router_mp_rt0.10_t75_seed44.log	python -m surveyor.envs.cube.eval --solver icem --subgoal router+surveyor --gdm-ckpt gdm_cube_s10_gc.pt --gdm-steps 3 --accept-tau 0.20 --horizon 2 --receding-horizon 2 --num-samples 600 --n-steps 30 --source pretrained --encoder-id quentinll/lewm-cube --h5 "$CUBE_H5" --device cuda --goal-offset 75 --eval-budget 150 --num-eval 128 --seed 44 --cem-seed 44 --episodes-file episodes/cube_c2222.episodes75.json --probe-solver match --retire-tau 0.10
421	cube	mppi_router_mp_rt0.10	75	44	logs/rbM_cube_mppi_router_mp_rt0.10_t75_seed44.log	python -m surveyor.envs.cube.eval --solver mppi --subgoal router+surveyor --gdm-ckpt gdm_cube_s10_gc.pt --gdm-steps 3 --accept-tau 0.20 --horizon 2 --receding-horizon 2 --num-samples 600 --n-steps 30 --source pretrained --encoder-id quentinll/lewm-cube --h5 "$CUBE_H5" --device cuda --goal-offset 75 --eval-budget 150 --num-eval 128 --seed 44 --cem-seed 44 --episodes-file episodes/cube_c2222.episodes75.json --probe-solver match --retire-tau 0.10
422	cube	icem_router_mp_rt0.10	75	45	logs/rbM_cube_icem_router_mp_rt0.10_t75_seed45.log	python -m surveyor.envs.cube.eval --solver icem --subgoal router+surveyor --gdm-ckpt gdm_cube_s10_gc.pt --gdm-steps 3 --accept-tau 0.20 --horizon 2 --receding-horizon 2 --num-samples 600 --n-steps 30 --source pretrained --encoder-id quentinll/lewm-cube --h5 "$CUBE_H5" --device cuda --goal-offset 75 --eval-budget 150 --num-eval 128 --seed 45 --cem-seed 45 --episodes-file episodes/cube_c2222.episodes75.json --probe-solver match --retire-tau 0.10
423	cube	mppi_router_mp_rt0.10	75	45	logs/rbM_cube_mppi_router_mp_rt0.10_t75_seed45.log	python -m surveyor.envs.cube.eval --solver mppi --subgoal router+surveyor --gdm-ckpt gdm_cube_s10_gc.pt --gdm-steps 3 --accept-tau 0.20 --horizon 2 --receding-horizon 2 --num-samples 600 --n-steps 30 --source pretrained --encoder-id quentinll/lewm-cube --h5 "$CUBE_H5" --device cuda --goal-offset 75 --eval-budget 150 --num-eval 128 --seed 45 --cem-seed 45 --episodes-file episodes/cube_c2222.episodes75.json --probe-solver match --retire-tau 0.10
424	cube	icem_router_mp_rt0.10	75	46	logs/rbM_cube_icem_router_mp_rt0.10_t75_seed46.log	python -m surveyor.envs.cube.eval --solver icem --subgoal router+surveyor --gdm-ckpt gdm_cube_s10_gc.pt --gdm-steps 3 --accept-tau 0.20 --horizon 2 --receding-horizon 2 --num-samples 600 --n-steps 30 --source pretrained --encoder-id quentinll/lewm-cube --h5 "$CUBE_H5" --device cuda --goal-offset 75 --eval-budget 150 --num-eval 128 --seed 46 --cem-seed 46 --episodes-file episodes/cube_c2222.episodes75.json --probe-solver match --retire-tau 0.10
425	cube	mppi_router_mp_rt0.10	75	46	logs/rbM_cube_mppi_router_mp_rt0.10_t75_seed46.log	python -m surveyor.envs.cube.eval --solver mppi --subgoal router+surveyor --gdm-ckpt gdm_cube_s10_gc.pt --gdm-steps 3 --accept-tau 0.20 --horizon 2 --receding-horizon 2 --num-samples 600 --n-steps 30 --source pretrained --encoder-id quentinll/lewm-cube --h5 "$CUBE_H5" --device cuda --goal-offset 75 --eval-budget 150 --num-eval 128 --seed 46 --cem-seed 46 --episodes-file episodes/cube_c2222.episodes75.json --probe-solver match --retire-tau 0.10
426	cube	icem_router_mp_rt0.10	75	47	logs/rbM_cube_icem_router_mp_rt0.10_t75_seed47.log	python -m surveyor.envs.cube.eval --solver icem --subgoal router+surveyor --gdm-ckpt gdm_cube_s10_gc.pt --gdm-steps 3 --accept-tau 0.20 --horizon 2 --receding-horizon 2 --num-samples 600 --n-steps 30 --source pretrained --encoder-id quentinll/lewm-cube --h5 "$CUBE_H5" --device cuda --goal-offset 75 --eval-budget 150 --num-eval 128 --seed 47 --cem-seed 47 --episodes-file episodes/cube_c2222.episodes75.json --probe-solver match --retire-tau 0.10
427	cube	mppi_router_mp_rt0.10	75	47	logs/rbM_cube_mppi_router_mp_rt0.10_t75_seed47.log	python -m surveyor.envs.cube.eval --solver mppi --subgoal router+surveyor --gdm-ckpt gdm_cube_s10_gc.pt --gdm-steps 3 --accept-tau 0.20 --horizon 2 --receding-horizon 2 --num-samples 600 --n-steps 30 --source pretrained --encoder-id quentinll/lewm-cube --h5 "$CUBE_H5" --device cuda --goal-offset 75 --eval-budget 150 --num-eval 128 --seed 47 --cem-seed 47 --episodes-file episodes/cube_c2222.episodes75.json --probe-solver match --retire-tau 0.10
428	cube	icem_router_mp_rt0.10	75	48	logs/rbM_cube_icem_router_mp_rt0.10_t75_seed48.log	python -m surveyor.envs.cube.eval --solver icem --subgoal router+surveyor --gdm-ckpt gdm_cube_s10_gc.pt --gdm-steps 3 --accept-tau 0.20 --horizon 2 --receding-horizon 2 --num-samples 600 --n-steps 30 --source pretrained --encoder-id quentinll/lewm-cube --h5 "$CUBE_H5" --device cuda --goal-offset 75 --eval-budget 150 --num-eval 128 --seed 48 --cem-seed 48 --episodes-file episodes/cube_c2222.episodes75.json --probe-solver match --retire-tau 0.10
429	cube	mppi_router_mp_rt0.10	75	48	logs/rbM_cube_mppi_router_mp_rt0.10_t75_seed48.log	python -m surveyor.envs.cube.eval --solver mppi --subgoal router+surveyor --gdm-ckpt gdm_cube_s10_gc.pt --gdm-steps 3 --accept-tau 0.20 --horizon 2 --receding-horizon 2 --num-samples 600 --n-steps 30 --source pretrained --encoder-id quentinll/lewm-cube --h5 "$CUBE_H5" --device cuda --goal-offset 75 --eval-budget 150 --num-eval 128 --seed 48 --cem-seed 48 --episodes-file episodes/cube_c2222.episodes75.json --probe-solver match --retire-tau 0.10
430	cube	icem_router_mp_rt0.10	75	49	logs/rbM_cube_icem_router_mp_rt0.10_t75_seed49.log	python -m surveyor.envs.cube.eval --solver icem --subgoal router+surveyor --gdm-ckpt gdm_cube_s10_gc.pt --gdm-steps 3 --accept-tau 0.20 --horizon 2 --receding-horizon 2 --num-samples 600 --n-steps 30 --source pretrained --encoder-id quentinll/lewm-cube --h5 "$CUBE_H5" --device cuda --goal-offset 75 --eval-budget 150 --num-eval 128 --seed 49 --cem-seed 49 --episodes-file episodes/cube_c2222.episodes75.json --probe-solver match --retire-tau 0.10
431	cube	mppi_router_mp_rt0.10	75	49	logs/rbM_cube_mppi_router_mp_rt0.10_t75_seed49.log	python -m surveyor.envs.cube.eval --solver mppi --subgoal router+surveyor --gdm-ckpt gdm_cube_s10_gc.pt --gdm-steps 3 --accept-tau 0.20 --horizon 2 --receding-horizon 2 --num-samples 600 --n-steps 30 --source pretrained --encoder-id quentinll/lewm-cube --h5 "$CUBE_H5" --device cuda --goal-offset 75 --eval-budget 150 --num-eval 128 --seed 49 --cem-seed 49 --episodes-file episodes/cube_c2222.episodes75.json --probe-solver match --retire-tau 0.10
432	cube	icem_router_mp_rt0.10	100	42	logs/rbM_cube_icem_router_mp_rt0.10_t100_seed42.log	python -m surveyor.envs.cube.eval --solver icem --subgoal router+surveyor --gdm-ckpt gdm_cube_s10_gc.pt --gdm-steps 3 --accept-tau 0.20 --horizon 2 --receding-horizon 2 --num-samples 600 --n-steps 30 --source pretrained --encoder-id quentinll/lewm-cube --h5 "$CUBE_H5" --device cuda --goal-offset 100 --eval-budget 200 --num-eval 128 --seed 42 --cem-seed 42 --episodes-file episodes/cube_c2222.episodes100.json --probe-solver match --retire-tau 0.10
433	cube	mppi_router_mp_rt0.10	100	42	logs/rbM_cube_mppi_router_mp_rt0.10_t100_seed42.log	python -m surveyor.envs.cube.eval --solver mppi --subgoal router+surveyor --gdm-ckpt gdm_cube_s10_gc.pt --gdm-steps 3 --accept-tau 0.20 --horizon 2 --receding-horizon 2 --num-samples 600 --n-steps 30 --source pretrained --encoder-id quentinll/lewm-cube --h5 "$CUBE_H5" --device cuda --goal-offset 100 --eval-budget 200 --num-eval 128 --seed 42 --cem-seed 42 --episodes-file episodes/cube_c2222.episodes100.json --probe-solver match --retire-tau 0.10
434	cube	icem_router_mp_rt0.10	100	43	logs/rbM_cube_icem_router_mp_rt0.10_t100_seed43.log	python -m surveyor.envs.cube.eval --solver icem --subgoal router+surveyor --gdm-ckpt gdm_cube_s10_gc.pt --gdm-steps 3 --accept-tau 0.20 --horizon 2 --receding-horizon 2 --num-samples 600 --n-steps 30 --source pretrained --encoder-id quentinll/lewm-cube --h5 "$CUBE_H5" --device cuda --goal-offset 100 --eval-budget 200 --num-eval 128 --seed 43 --cem-seed 43 --episodes-file episodes/cube_c2222.episodes100.json --probe-solver match --retire-tau 0.10
435	cube	mppi_router_mp_rt0.10	100	43	logs/rbM_cube_mppi_router_mp_rt0.10_t100_seed43.log	python -m surveyor.envs.cube.eval --solver mppi --subgoal router+surveyor --gdm-ckpt gdm_cube_s10_gc.pt --gdm-steps 3 --accept-tau 0.20 --horizon 2 --receding-horizon 2 --num-samples 600 --n-steps 30 --source pretrained --encoder-id quentinll/lewm-cube --h5 "$CUBE_H5" --device cuda --goal-offset 100 --eval-budget 200 --num-eval 128 --seed 43 --cem-seed 43 --episodes-file episodes/cube_c2222.episodes100.json --probe-solver match --retire-tau 0.10
436	cube	icem_router_mp_rt0.10	100	44	logs/rbM_cube_icem_router_mp_rt0.10_t100_seed44.log	python -m surveyor.envs.cube.eval --solver icem --subgoal router+surveyor --gdm-ckpt gdm_cube_s10_gc.pt --gdm-steps 3 --accept-tau 0.20 --horizon 2 --receding-horizon 2 --num-samples 600 --n-steps 30 --source pretrained --encoder-id quentinll/lewm-cube --h5 "$CUBE_H5" --device cuda --goal-offset 100 --eval-budget 200 --num-eval 128 --seed 44 --cem-seed 44 --episodes-file episodes/cube_c2222.episodes100.json --probe-solver match --retire-tau 0.10
437	cube	mppi_router_mp_rt0.10	100	44	logs/rbM_cube_mppi_router_mp_rt0.10_t100_seed44.log	python -m surveyor.envs.cube.eval --solver mppi --subgoal router+surveyor --gdm-ckpt gdm_cube_s10_gc.pt --gdm-steps 3 --accept-tau 0.20 --horizon 2 --receding-horizon 2 --num-samples 600 --n-steps 30 --source pretrained --encoder-id quentinll/lewm-cube --h5 "$CUBE_H5" --device cuda --goal-offset 100 --eval-budget 200 --num-eval 128 --seed 44 --cem-seed 44 --episodes-file episodes/cube_c2222.episodes100.json --probe-solver match --retire-tau 0.10
438	cube	icem_router_mp_rt0.10	100	45	logs/rbM_cube_icem_router_mp_rt0.10_t100_seed45.log	python -m surveyor.envs.cube.eval --solver icem --subgoal router+surveyor --gdm-ckpt gdm_cube_s10_gc.pt --gdm-steps 3 --accept-tau 0.20 --horizon 2 --receding-horizon 2 --num-samples 600 --n-steps 30 --source pretrained --encoder-id quentinll/lewm-cube --h5 "$CUBE_H5" --device cuda --goal-offset 100 --eval-budget 200 --num-eval 128 --seed 45 --cem-seed 45 --episodes-file episodes/cube_c2222.episodes100.json --probe-solver match --retire-tau 0.10
439	cube	mppi_router_mp_rt0.10	100	45	logs/rbM_cube_mppi_router_mp_rt0.10_t100_seed45.log	python -m surveyor.envs.cube.eval --solver mppi --subgoal router+surveyor --gdm-ckpt gdm_cube_s10_gc.pt --gdm-steps 3 --accept-tau 0.20 --horizon 2 --receding-horizon 2 --num-samples 600 --n-steps 30 --source pretrained --encoder-id quentinll/lewm-cube --h5 "$CUBE_H5" --device cuda --goal-offset 100 --eval-budget 200 --num-eval 128 --seed 45 --cem-seed 45 --episodes-file episodes/cube_c2222.episodes100.json --probe-solver match --retire-tau 0.10
440	cube	icem_router_mp_rt0.10	100	46	logs/rbM_cube_icem_router_mp_rt0.10_t100_seed46.log	python -m surveyor.envs.cube.eval --solver icem --subgoal router+surveyor --gdm-ckpt gdm_cube_s10_gc.pt --gdm-steps 3 --accept-tau 0.20 --horizon 2 --receding-horizon 2 --num-samples 600 --n-steps 30 --source pretrained --encoder-id quentinll/lewm-cube --h5 "$CUBE_H5" --device cuda --goal-offset 100 --eval-budget 200 --num-eval 128 --seed 46 --cem-seed 46 --episodes-file episodes/cube_c2222.episodes100.json --probe-solver match --retire-tau 0.10
441	cube	mppi_router_mp_rt0.10	100	46	logs/rbM_cube_mppi_router_mp_rt0.10_t100_seed46.log	python -m surveyor.envs.cube.eval --solver mppi --subgoal router+surveyor --gdm-ckpt gdm_cube_s10_gc.pt --gdm-steps 3 --accept-tau 0.20 --horizon 2 --receding-horizon 2 --num-samples 600 --n-steps 30 --source pretrained --encoder-id quentinll/lewm-cube --h5 "$CUBE_H5" --device cuda --goal-offset 100 --eval-budget 200 --num-eval 128 --seed 46 --cem-seed 46 --episodes-file episodes/cube_c2222.episodes100.json --probe-solver match --retire-tau 0.10
442	cube	icem_router_mp_rt0.10	100	47	logs/rbM_cube_icem_router_mp_rt0.10_t100_seed47.log	python -m surveyor.envs.cube.eval --solver icem --subgoal router+surveyor --gdm-ckpt gdm_cube_s10_gc.pt --gdm-steps 3 --accept-tau 0.20 --horizon 2 --receding-horizon 2 --num-samples 600 --n-steps 30 --source pretrained --encoder-id quentinll/lewm-cube --h5 "$CUBE_H5" --device cuda --goal-offset 100 --eval-budget 200 --num-eval 128 --seed 47 --cem-seed 47 --episodes-file episodes/cube_c2222.episodes100.json --probe-solver match --retire-tau 0.10
443	cube	mppi_router_mp_rt0.10	100	47	logs/rbM_cube_mppi_router_mp_rt0.10_t100_seed47.log	python -m surveyor.envs.cube.eval --solver mppi --subgoal router+surveyor --gdm-ckpt gdm_cube_s10_gc.pt --gdm-steps 3 --accept-tau 0.20 --horizon 2 --receding-horizon 2 --num-samples 600 --n-steps 30 --source pretrained --encoder-id quentinll/lewm-cube --h5 "$CUBE_H5" --device cuda --goal-offset 100 --eval-budget 200 --num-eval 128 --seed 47 --cem-seed 47 --episodes-file episodes/cube_c2222.episodes100.json --probe-solver match --retire-tau 0.10
444	cube	icem_router_mp_rt0.10	100	48	logs/rbM_cube_icem_router_mp_rt0.10_t100_seed48.log	python -m surveyor.envs.cube.eval --solver icem --subgoal router+surveyor --gdm-ckpt gdm_cube_s10_gc.pt --gdm-steps 3 --accept-tau 0.20 --horizon 2 --receding-horizon 2 --num-samples 600 --n-steps 30 --source pretrained --encoder-id quentinll/lewm-cube --h5 "$CUBE_H5" --device cuda --goal-offset 100 --eval-budget 200 --num-eval 128 --seed 48 --cem-seed 48 --episodes-file episodes/cube_c2222.episodes100.json --probe-solver match --retire-tau 0.10
445	cube	mppi_router_mp_rt0.10	100	48	logs/rbM_cube_mppi_router_mp_rt0.10_t100_seed48.log	python -m surveyor.envs.cube.eval --solver mppi --subgoal router+surveyor --gdm-ckpt gdm_cube_s10_gc.pt --gdm-steps 3 --accept-tau 0.20 --horizon 2 --receding-horizon 2 --num-samples 600 --n-steps 30 --source pretrained --encoder-id quentinll/lewm-cube --h5 "$CUBE_H5" --device cuda --goal-offset 100 --eval-budget 200 --num-eval 128 --seed 48 --cem-seed 48 --episodes-file episodes/cube_c2222.episodes100.json --probe-solver match --retire-tau 0.10
446	cube	icem_router_mp_rt0.10	100	49	logs/rbM_cube_icem_router_mp_rt0.10_t100_seed49.log	python -m surveyor.envs.cube.eval --solver icem --subgoal router+surveyor --gdm-ckpt gdm_cube_s10_gc.pt --gdm-steps 3 --accept-tau 0.20 --horizon 2 --receding-horizon 2 --num-samples 600 --n-steps 30 --source pretrained --encoder-id quentinll/lewm-cube --h5 "$CUBE_H5" --device cuda --goal-offset 100 --eval-budget 200 --num-eval 128 --seed 49 --cem-seed 49 --episodes-file episodes/cube_c2222.episodes100.json --probe-solver match --retire-tau 0.10
447	cube	mppi_router_mp_rt0.10	100	49	logs/rbM_cube_mppi_router_mp_rt0.10_t100_seed49.log	python -m surveyor.envs.cube.eval --solver mppi --subgoal router+surveyor --gdm-ckpt gdm_cube_s10_gc.pt --gdm-steps 3 --accept-tau 0.20 --horizon 2 --receding-horizon 2 --num-samples 600 --n-steps 30 --source pretrained --encoder-id quentinll/lewm-cube --h5 "$CUBE_H5" --device cuda --goal-offset 100 --eval-budget 200 --num-eval 128 --seed 49 --cem-seed 49 --episodes-file episodes/cube_c2222.episodes100.json --probe-solver match --retire-tau 0.10
448	cube	icem_router_mp_rt0.10	150	42	logs/rbM_cube_icem_router_mp_rt0.10_t150_seed42.log	python -m surveyor.envs.cube.eval --solver icem --subgoal router+surveyor --gdm-ckpt gdm_cube_s10_gc.pt --gdm-steps 3 --accept-tau 0.20 --horizon 2 --receding-horizon 2 --num-samples 600 --n-steps 30 --source pretrained --encoder-id quentinll/lewm-cube --h5 "$CUBE_H5" --device cuda --goal-offset 150 --eval-budget 300 --num-eval 128 --seed 42 --cem-seed 42 --episodes-file episodes/cube_c2222.episodes150.json --probe-solver match --retire-tau 0.10
449	cube	mppi_router_mp_rt0.10	150	42	logs/rbM_cube_mppi_router_mp_rt0.10_t150_seed42.log	python -m surveyor.envs.cube.eval --solver mppi --subgoal router+surveyor --gdm-ckpt gdm_cube_s10_gc.pt --gdm-steps 3 --accept-tau 0.20 --horizon 2 --receding-horizon 2 --num-samples 600 --n-steps 30 --source pretrained --encoder-id quentinll/lewm-cube --h5 "$CUBE_H5" --device cuda --goal-offset 150 --eval-budget 300 --num-eval 128 --seed 42 --cem-seed 42 --episodes-file episodes/cube_c2222.episodes150.json --probe-solver match --retire-tau 0.10
450	cube	icem_router_mp_rt0.10	150	43	logs/rbM_cube_icem_router_mp_rt0.10_t150_seed43.log	python -m surveyor.envs.cube.eval --solver icem --subgoal router+surveyor --gdm-ckpt gdm_cube_s10_gc.pt --gdm-steps 3 --accept-tau 0.20 --horizon 2 --receding-horizon 2 --num-samples 600 --n-steps 30 --source pretrained --encoder-id quentinll/lewm-cube --h5 "$CUBE_H5" --device cuda --goal-offset 150 --eval-budget 300 --num-eval 128 --seed 43 --cem-seed 43 --episodes-file episodes/cube_c2222.episodes150.json --probe-solver match --retire-tau 0.10
451	cube	mppi_router_mp_rt0.10	150	43	logs/rbM_cube_mppi_router_mp_rt0.10_t150_seed43.log	python -m surveyor.envs.cube.eval --solver mppi --subgoal router+surveyor --gdm-ckpt gdm_cube_s10_gc.pt --gdm-steps 3 --accept-tau 0.20 --horizon 2 --receding-horizon 2 --num-samples 600 --n-steps 30 --source pretrained --encoder-id quentinll/lewm-cube --h5 "$CUBE_H5" --device cuda --goal-offset 150 --eval-budget 300 --num-eval 128 --seed 43 --cem-seed 43 --episodes-file episodes/cube_c2222.episodes150.json --probe-solver match --retire-tau 0.10
452	cube	icem_router_mp_rt0.10	150	44	logs/rbM_cube_icem_router_mp_rt0.10_t150_seed44.log	python -m surveyor.envs.cube.eval --solver icem --subgoal router+surveyor --gdm-ckpt gdm_cube_s10_gc.pt --gdm-steps 3 --accept-tau 0.20 --horizon 2 --receding-horizon 2 --num-samples 600 --n-steps 30 --source pretrained --encoder-id quentinll/lewm-cube --h5 "$CUBE_H5" --device cuda --goal-offset 150 --eval-budget 300 --num-eval 128 --seed 44 --cem-seed 44 --episodes-file episodes/cube_c2222.episodes150.json --probe-solver match --retire-tau 0.10
453	cube	mppi_router_mp_rt0.10	150	44	logs/rbM_cube_mppi_router_mp_rt0.10_t150_seed44.log	python -m surveyor.envs.cube.eval --solver mppi --subgoal router+surveyor --gdm-ckpt gdm_cube_s10_gc.pt --gdm-steps 3 --accept-tau 0.20 --horizon 2 --receding-horizon 2 --num-samples 600 --n-steps 30 --source pretrained --encoder-id quentinll/lewm-cube --h5 "$CUBE_H5" --device cuda --goal-offset 150 --eval-budget 300 --num-eval 128 --seed 44 --cem-seed 44 --episodes-file episodes/cube_c2222.episodes150.json --probe-solver match --retire-tau 0.10
454	cube	icem_router_mp_rt0.10	150	45	logs/rbM_cube_icem_router_mp_rt0.10_t150_seed45.log	python -m surveyor.envs.cube.eval --solver icem --subgoal router+surveyor --gdm-ckpt gdm_cube_s10_gc.pt --gdm-steps 3 --accept-tau 0.20 --horizon 2 --receding-horizon 2 --num-samples 600 --n-steps 30 --source pretrained --encoder-id quentinll/lewm-cube --h5 "$CUBE_H5" --device cuda --goal-offset 150 --eval-budget 300 --num-eval 128 --seed 45 --cem-seed 45 --episodes-file episodes/cube_c2222.episodes150.json --probe-solver match --retire-tau 0.10
455	cube	mppi_router_mp_rt0.10	150	45	logs/rbM_cube_mppi_router_mp_rt0.10_t150_seed45.log	python -m surveyor.envs.cube.eval --solver mppi --subgoal router+surveyor --gdm-ckpt gdm_cube_s10_gc.pt --gdm-steps 3 --accept-tau 0.20 --horizon 2 --receding-horizon 2 --num-samples 600 --n-steps 30 --source pretrained --encoder-id quentinll/lewm-cube --h5 "$CUBE_H5" --device cuda --goal-offset 150 --eval-budget 300 --num-eval 128 --seed 45 --cem-seed 45 --episodes-file episodes/cube_c2222.episodes150.json --probe-solver match --retire-tau 0.10
456	cube	icem_router_mp_rt0.10	150	46	logs/rbM_cube_icem_router_mp_rt0.10_t150_seed46.log	python -m surveyor.envs.cube.eval --solver icem --subgoal router+surveyor --gdm-ckpt gdm_cube_s10_gc.pt --gdm-steps 3 --accept-tau 0.20 --horizon 2 --receding-horizon 2 --num-samples 600 --n-steps 30 --source pretrained --encoder-id quentinll/lewm-cube --h5 "$CUBE_H5" --device cuda --goal-offset 150 --eval-budget 300 --num-eval 128 --seed 46 --cem-seed 46 --episodes-file episodes/cube_c2222.episodes150.json --probe-solver match --retire-tau 0.10
457	cube	mppi_router_mp_rt0.10	150	46	logs/rbM_cube_mppi_router_mp_rt0.10_t150_seed46.log	python -m surveyor.envs.cube.eval --solver mppi --subgoal router+surveyor --gdm-ckpt gdm_cube_s10_gc.pt --gdm-steps 3 --accept-tau 0.20 --horizon 2 --receding-horizon 2 --num-samples 600 --n-steps 30 --source pretrained --encoder-id quentinll/lewm-cube --h5 "$CUBE_H5" --device cuda --goal-offset 150 --eval-budget 300 --num-eval 128 --seed 46 --cem-seed 46 --episodes-file episodes/cube_c2222.episodes150.json --probe-solver match --retire-tau 0.10
458	cube	icem_router_mp_rt0.10	150	47	logs/rbM_cube_icem_router_mp_rt0.10_t150_seed47.log	python -m surveyor.envs.cube.eval --solver icem --subgoal router+surveyor --gdm-ckpt gdm_cube_s10_gc.pt --gdm-steps 3 --accept-tau 0.20 --horizon 2 --receding-horizon 2 --num-samples 600 --n-steps 30 --source pretrained --encoder-id quentinll/lewm-cube --h5 "$CUBE_H5" --device cuda --goal-offset 150 --eval-budget 300 --num-eval 128 --seed 47 --cem-seed 47 --episodes-file episodes/cube_c2222.episodes150.json --probe-solver match --retire-tau 0.10
459	cube	mppi_router_mp_rt0.10	150	47	logs/rbM_cube_mppi_router_mp_rt0.10_t150_seed47.log	python -m surveyor.envs.cube.eval --solver mppi --subgoal router+surveyor --gdm-ckpt gdm_cube_s10_gc.pt --gdm-steps 3 --accept-tau 0.20 --horizon 2 --receding-horizon 2 --num-samples 600 --n-steps 30 --source pretrained --encoder-id quentinll/lewm-cube --h5 "$CUBE_H5" --device cuda --goal-offset 150 --eval-budget 300 --num-eval 128 --seed 47 --cem-seed 47 --episodes-file episodes/cube_c2222.episodes150.json --probe-solver match --retire-tau 0.10
460	cube	icem_router_mp_rt0.10	150	48	logs/rbM_cube_icem_router_mp_rt0.10_t150_seed48.log	python -m surveyor.envs.cube.eval --solver icem --subgoal router+surveyor --gdm-ckpt gdm_cube_s10_gc.pt --gdm-steps 3 --accept-tau 0.20 --horizon 2 --receding-horizon 2 --num-samples 600 --n-steps 30 --source pretrained --encoder-id quentinll/lewm-cube --h5 "$CUBE_H5" --device cuda --goal-offset 150 --eval-budget 300 --num-eval 128 --seed 48 --cem-seed 48 --episodes-file episodes/cube_c2222.episodes150.json --probe-solver match --retire-tau 0.10
461	cube	mppi_router_mp_rt0.10	150	48	logs/rbM_cube_mppi_router_mp_rt0.10_t150_seed48.log	python -m surveyor.envs.cube.eval --solver mppi --subgoal router+surveyor --gdm-ckpt gdm_cube_s10_gc.pt --gdm-steps 3 --accept-tau 0.20 --horizon 2 --receding-horizon 2 --num-samples 600 --n-steps 30 --source pretrained --encoder-id quentinll/lewm-cube --h5 "$CUBE_H5" --device cuda --goal-offset 150 --eval-budget 300 --num-eval 128 --seed 48 --cem-seed 48 --episodes-file episodes/cube_c2222.episodes150.json --probe-solver match --retire-tau 0.10
462	cube	icem_router_mp_rt0.10	150	49	logs/rbM_cube_icem_router_mp_rt0.10_t150_seed49.log	python -m surveyor.envs.cube.eval --solver icem --subgoal router+surveyor --gdm-ckpt gdm_cube_s10_gc.pt --gdm-steps 3 --accept-tau 0.20 --horizon 2 --receding-horizon 2 --num-samples 600 --n-steps 30 --source pretrained --encoder-id quentinll/lewm-cube --h5 "$CUBE_H5" --device cuda --goal-offset 150 --eval-budget 300 --num-eval 128 --seed 49 --cem-seed 49 --episodes-file episodes/cube_c2222.episodes150.json --probe-solver match --retire-tau 0.10
463	cube	mppi_router_mp_rt0.10	150	49	logs/rbM_cube_mppi_router_mp_rt0.10_t150_seed49.log	python -m surveyor.envs.cube.eval --solver mppi --subgoal router+surveyor --gdm-ckpt gdm_cube_s10_gc.pt --gdm-steps 3 --accept-tau 0.20 --horizon 2 --receding-horizon 2 --num-samples 600 --n-steps 30 --source pretrained --encoder-id quentinll/lewm-cube --h5 "$CUBE_H5" --device cuda --goal-offset 150 --eval-budget 300 --num-eval 128 --seed 49 --cem-seed 49 --episodes-file episodes/cube_c2222.episodes150.json --probe-solver match --retire-tau 0.10
