idx	env	arm	t	seed	log	cmd
0	cube	gd_oracle_s10	25	42	logs/rbY_cube_gd_oracle_s10_t25_seed42.log	python -m surveyor.envs.cube.eval --solver gd --subgoal oracle --stride 10 --horizon 2 --receding-horizon 2 --num-samples 600 --n-steps 30 --source pretrained --encoder-id quentinll/lewm-cube --h5 "$CUBE_H5" --device cuda --goal-offset 25 --eval-budget 50 --num-eval 128 --seed 42 --cem-seed 42 --episodes-file episodes/cube_c2222.episodes25.json
1	cube	gd_oracle_s10	25	43	logs/rbY_cube_gd_oracle_s10_t25_seed43.log	python -m surveyor.envs.cube.eval --solver gd --subgoal oracle --stride 10 --horizon 2 --receding-horizon 2 --num-samples 600 --n-steps 30 --source pretrained --encoder-id quentinll/lewm-cube --h5 "$CUBE_H5" --device cuda --goal-offset 25 --eval-budget 50 --num-eval 128 --seed 43 --cem-seed 43 --episodes-file episodes/cube_c2222.episodes25.json
2	cube	gd_oracle_s10	25	44	logs/rbY_cube_gd_oracle_s10_t25_seed44.log	python -m surveyor.envs.cube.eval --solver gd --subgoal oracle --stride 10 --horizon 2 --receding-horizon 2 --num-samples 600 --n-steps 30 --source pretrained --encoder-id quentinll/lewm-cube --h5 "$CUBE_H5" --device cuda --goal-offset 25 --eval-budget 50 --num-eval 128 --seed 44 --cem-seed 44 --episodes-file episodes/cube_c2222.episodes25.json
3	cube	gd_oracle_s10	25	45	logs/rbY_cube_gd_oracle_s10_t25_seed45.log	python -m surveyor.envs.cube.eval --solver gd --subgoal oracle --stride 10 --horizon 2 --receding-horizon 2 --num-samples 600 --n-steps 30 --source pretrained --encoder-id quentinll/lewm-cube --h5 "$CUBE_H5" --device cuda --goal-offset 25 --eval-budget 50 --num-eval 128 --seed 45 --cem-seed 45 --episodes-file episodes/cube_c2222.episodes25.json
4	cube	gd_oracle_s10	25	46	logs/rbY_cube_gd_oracle_s10_t25_seed46.log	python -m surveyor.envs.cube.eval --solver gd --subgoal oracle --stride 10 --horizon 2 --receding-horizon 2 --num-samples 600 --n-steps 30 --source pretrained --encoder-id quentinll/lewm-cube --h5 "$CUBE_H5" --device cuda --goal-offset 25 --eval-budget 50 --num-eval 128 --seed 46 --cem-seed 46 --episodes-file episodes/cube_c2222.episodes25.json
5	cube	gd_oracle_s10	25	47	logs/rbY_cube_gd_oracle_s10_t25_seed47.log	python -m surveyor.envs.cube.eval --solver gd --subgoal oracle --stride 10 --horizon 2 --receding-horizon 2 --num-samples 600 --n-steps 30 --source pretrained --encoder-id quentinll/lewm-cube --h5 "$CUBE_H5" --device cuda --goal-offset 25 --eval-budget 50 --num-eval 128 --seed 47 --cem-seed 47 --episodes-file episodes/cube_c2222.episodes25.json
6	cube	gd_oracle_s10	25	48	logs/rbY_cube_gd_oracle_s10_t25_seed48.log	python -m surveyor.envs.cube.eval --solver gd --subgoal oracle --stride 10 --horizon 2 --receding-horizon 2 --num-samples 600 --n-steps 30 --source pretrained --encoder-id quentinll/lewm-cube --h5 "$CUBE_H5" --device cuda --goal-offset 25 --eval-budget 50 --num-eval 128 --seed 48 --cem-seed 48 --episodes-file episodes/cube_c2222.episodes25.json
7	cube	gd_oracle_s10	25	49	logs/rbY_cube_gd_oracle_s10_t25_seed49.log	python -m surveyor.envs.cube.eval --solver gd --subgoal oracle --stride 10 --horizon 2 --receding-horizon 2 --num-samples 600 --n-steps 30 --source pretrained --encoder-id quentinll/lewm-cube --h5 "$CUBE_H5" --device cuda --goal-offset 25 --eval-budget 50 --num-eval 128 --seed 49 --cem-seed 49 --episodes-file episodes/cube_c2222.episodes25.json
8	cube	gd_oracle_s10	50	42	logs/rbY_cube_gd_oracle_s10_t50_seed42.log	python -m surveyor.envs.cube.eval --solver gd --subgoal oracle --stride 10 --horizon 2 --receding-horizon 2 --num-samples 600 --n-steps 30 --source pretrained --encoder-id quentinll/lewm-cube --h5 "$CUBE_H5" --device cuda --goal-offset 50 --eval-budget 100 --num-eval 128 --seed 42 --cem-seed 42 --episodes-file episodes/cube_c2222.episodes50.json
9	cube	gd_oracle_s10	50	43	logs/rbY_cube_gd_oracle_s10_t50_seed43.log	python -m surveyor.envs.cube.eval --solver gd --subgoal oracle --stride 10 --horizon 2 --receding-horizon 2 --num-samples 600 --n-steps 30 --source pretrained --encoder-id quentinll/lewm-cube --h5 "$CUBE_H5" --device cuda --goal-offset 50 --eval-budget 100 --num-eval 128 --seed 43 --cem-seed 43 --episodes-file episodes/cube_c2222.episodes50.json
10	cube	gd_oracle_s10	50	44	logs/rbY_cube_gd_oracle_s10_t50_seed44.log	python -m surveyor.envs.cube.eval --solver gd --subgoal oracle --stride 10 --horizon 2 --receding-horizon 2 --num-samples 600 --n-steps 30 --source pretrained --encoder-id quentinll/lewm-cube --h5 "$CUBE_H5" --device cuda --goal-offset 50 --eval-budget 100 --num-eval 128 --seed 44 --cem-seed 44 --episodes-file episodes/cube_c2222.episodes50.json
11	cube	gd_oracle_s10	50	45	logs/rbY_cube_gd_oracle_s10_t50_seed45.log	python -m surveyor.envs.cube.eval --solver gd --subgoal oracle --stride 10 --horizon 2 --receding-horizon 2 --num-samples 600 --n-steps 30 --source pretrained --encoder-id quentinll/lewm-cube --h5 "$CUBE_H5" --device cuda --goal-offset 50 --eval-budget 100 --num-eval 128 --seed 45 --cem-seed 45 --episodes-file episodes/cube_c2222.episodes50.json
12	cube	gd_oracle_s10	50	46	logs/rbY_cube_gd_oracle_s10_t50_seed46.log	python -m surveyor.envs.cube.eval --solver gd --subgoal oracle --stride 10 --horizon 2 --receding-horizon 2 --num-samples 600 --n-steps 30 --source pretrained --encoder-id quentinll/lewm-cube --h5 "$CUBE_H5" --device cuda --goal-offset 50 --eval-budget 100 --num-eval 128 --seed 46 --cem-seed 46 --episodes-file episodes/cube_c2222.episodes50.json
13	cube	gd_oracle_s10	50	47	logs/rbY_cube_gd_oracle_s10_t50_seed47.log	python -m surveyor.envs.cube.eval --solver gd --subgoal oracle --stride 10 --horizon 2 --receding-horizon 2 --num-samples 600 --n-steps 30 --source pretrained --encoder-id quentinll/lewm-cube --h5 "$CUBE_H5" --device cuda --goal-offset 50 --eval-budget 100 --num-eval 128 --seed 47 --cem-seed 47 --episodes-file episodes/cube_c2222.episodes50.json
14	cube	gd_oracle_s10	50	48	logs/rbY_cube_gd_oracle_s10_t50_seed48.log	python -m surveyor.envs.cube.eval --solver gd --subgoal oracle --stride 10 --horizon 2 --receding-horizon 2 --num-samples 600 --n-steps 30 --source pretrained --encoder-id quentinll/lewm-cube --h5 "$CUBE_H5" --device cuda --goal-offset 50 --eval-budget 100 --num-eval 128 --seed 48 --cem-seed 48 --episodes-file episodes/cube_c2222.episodes50.json
15	cube	gd_oracle_s10	50	49	logs/rbY_cube_gd_oracle_s10_t50_seed49.log	python -m surveyor.envs.cube.eval --solver gd --subgoal oracle --stride 10 --horizon 2 --receding-horizon 2 --num-samples 600 --n-steps 30 --source pretrained --encoder-id quentinll/lewm-cube --h5 "$CUBE_H5" --device cuda --goal-offset 50 --eval-budget 100 --num-eval 128 --seed 49 --cem-seed 49 --episodes-file episodes/cube_c2222.episodes50.json
16	cube	gd_oracle_s10	75	42	logs/rbY_cube_gd_oracle_s10_t75_seed42.log	python -m surveyor.envs.cube.eval --solver gd --subgoal oracle --stride 10 --horizon 2 --receding-horizon 2 --num-samples 600 --n-steps 30 --source pretrained --encoder-id quentinll/lewm-cube --h5 "$CUBE_H5" --device cuda --goal-offset 75 --eval-budget 150 --num-eval 128 --seed 42 --cem-seed 42 --episodes-file episodes/cube_c2222.episodes75.json
17	cube	gd_oracle_s10	75	43	logs/rbY_cube_gd_oracle_s10_t75_seed43.log	python -m surveyor.envs.cube.eval --solver gd --subgoal oracle --stride 10 --horizon 2 --receding-horizon 2 --num-samples 600 --n-steps 30 --source pretrained --encoder-id quentinll/lewm-cube --h5 "$CUBE_H5" --device cuda --goal-offset 75 --eval-budget 150 --num-eval 128 --seed 43 --cem-seed 43 --episodes-file episodes/cube_c2222.episodes75.json
18	cube	gd_oracle_s10	75	44	logs/rbY_cube_gd_oracle_s10_t75_seed44.log	python -m surveyor.envs.cube.eval --solver gd --subgoal oracle --stride 10 --horizon 2 --receding-horizon 2 --num-samples 600 --n-steps 30 --source pretrained --encoder-id quentinll/lewm-cube --h5 "$CUBE_H5" --device cuda --goal-offset 75 --eval-budget 150 --num-eval 128 --seed 44 --cem-seed 44 --episodes-file episodes/cube_c2222.episodes75.json
19	cube	gd_oracle_s10	75	45	logs/rbY_cube_gd_oracle_s10_t75_seed45.log	python -m surveyor.envs.cube.eval --solver gd --subgoal oracle --stride 10 --horizon 2 --receding-horizon 2 --num-samples 600 --n-steps 30 --source pretrained --encoder-id quentinll/lewm-cube --h5 "$CUBE_H5" --device cuda --goal-offset 75 --eval-budget 150 --num-eval 128 --seed 45 --cem-seed 45 --episodes-file episodes/cube_c2222.episodes75.json
20	cube	gd_oracle_s10	75	46	logs/rbY_cube_gd_oracle_s10_t75_seed46.log	python -m surveyor.envs.cube.eval --solver gd --subgoal oracle --stride 10 --horizon 2 --receding-horizon 2 --num-samples 600 --n-steps 30 --source pretrained --encoder-id quentinll/lewm-cube --h5 "$CUBE_H5" --device cuda --goal-offset 75 --eval-budget 150 --num-eval 128 --seed 46 --cem-seed 46 --episodes-file episodes/cube_c2222.episodes75.json
21	cube	gd_oracle_s10	75	47	logs/rbY_cube_gd_oracle_s10_t75_seed47.log	python -m surveyor.envs.cube.eval --solver gd --subgoal oracle --stride 10 --horizon 2 --receding-horizon 2 --num-samples 600 --n-steps 30 --source pretrained --encoder-id quentinll/lewm-cube --h5 "$CUBE_H5" --device cuda --goal-offset 75 --eval-budget 150 --num-eval 128 --seed 47 --cem-seed 47 --episodes-file episodes/cube_c2222.episodes75.json
22	cube	gd_oracle_s10	75	48	logs/rbY_cube_gd_oracle_s10_t75_seed48.log	python -m surveyor.envs.cube.eval --solver gd --subgoal oracle --stride 10 --horizon 2 --receding-horizon 2 --num-samples 600 --n-steps 30 --source pretrained --encoder-id quentinll/lewm-cube --h5 "$CUBE_H5" --device cuda --goal-offset 75 --eval-budget 150 --num-eval 128 --seed 48 --cem-seed 48 --episodes-file episodes/cube_c2222.episodes75.json
23	cube	gd_oracle_s10	75	49	logs/rbY_cube_gd_oracle_s10_t75_seed49.log	python -m surveyor.envs.cube.eval --solver gd --subgoal oracle --stride 10 --horizon 2 --receding-horizon 2 --num-samples 600 --n-steps 30 --source pretrained --encoder-id quentinll/lewm-cube --h5 "$CUBE_H5" --device cuda --goal-offset 75 --eval-budget 150 --num-eval 128 --seed 49 --cem-seed 49 --episodes-file episodes/cube_c2222.episodes75.json
24	cube	gd_oracle_s10	100	42	logs/rbY_cube_gd_oracle_s10_t100_seed42.log	python -m surveyor.envs.cube.eval --solver gd --subgoal oracle --stride 10 --horizon 2 --receding-horizon 2 --num-samples 600 --n-steps 30 --source pretrained --encoder-id quentinll/lewm-cube --h5 "$CUBE_H5" --device cuda --goal-offset 100 --eval-budget 200 --num-eval 128 --seed 42 --cem-seed 42 --episodes-file episodes/cube_c2222.episodes100.json
25	cube	gd_oracle_s10	100	43	logs/rbY_cube_gd_oracle_s10_t100_seed43.log	python -m surveyor.envs.cube.eval --solver gd --subgoal oracle --stride 10 --horizon 2 --receding-horizon 2 --num-samples 600 --n-steps 30 --source pretrained --encoder-id quentinll/lewm-cube --h5 "$CUBE_H5" --device cuda --goal-offset 100 --eval-budget 200 --num-eval 128 --seed 43 --cem-seed 43 --episodes-file episodes/cube_c2222.episodes100.json
26	cube	gd_oracle_s10	100	44	logs/rbY_cube_gd_oracle_s10_t100_seed44.log	python -m surveyor.envs.cube.eval --solver gd --subgoal oracle --stride 10 --horizon 2 --receding-horizon 2 --num-samples 600 --n-steps 30 --source pretrained --encoder-id quentinll/lewm-cube --h5 "$CUBE_H5" --device cuda --goal-offset 100 --eval-budget 200 --num-eval 128 --seed 44 --cem-seed 44 --episodes-file episodes/cube_c2222.episodes100.json
27	cube	gd_oracle_s10	100	45	logs/rbY_cube_gd_oracle_s10_t100_seed45.log	python -m surveyor.envs.cube.eval --solver gd --subgoal oracle --stride 10 --horizon 2 --receding-horizon 2 --num-samples 600 --n-steps 30 --source pretrained --encoder-id quentinll/lewm-cube --h5 "$CUBE_H5" --device cuda --goal-offset 100 --eval-budget 200 --num-eval 128 --seed 45 --cem-seed 45 --episodes-file episodes/cube_c2222.episodes100.json
28	cube	gd_oracle_s10	100	46	logs/rbY_cube_gd_oracle_s10_t100_seed46.log	python -m surveyor.envs.cube.eval --solver gd --subgoal oracle --stride 10 --horizon 2 --receding-horizon 2 --num-samples 600 --n-steps 30 --source pretrained --encoder-id quentinll/lewm-cube --h5 "$CUBE_H5" --device cuda --goal-offset 100 --eval-budget 200 --num-eval 128 --seed 46 --cem-seed 46 --episodes-file episodes/cube_c2222.episodes100.json
29	cube	gd_oracle_s10	100	47	logs/rbY_cube_gd_oracle_s10_t100_seed47.log	python -m surveyor.envs.cube.eval --solver gd --subgoal oracle --stride 10 --horizon 2 --receding-horizon 2 --num-samples 600 --n-steps 30 --source pretrained --encoder-id quentinll/lewm-cube --h5 "$CUBE_H5" --device cuda --goal-offset 100 --eval-budget 200 --num-eval 128 --seed 47 --cem-seed 47 --episodes-file episodes/cube_c2222.episodes100.json
30	cube	gd_oracle_s10	100	48	logs/rbY_cube_gd_oracle_s10_t100_seed48.log	python -m surveyor.envs.cube.eval --solver gd --subgoal oracle --stride 10 --horizon 2 --receding-horizon 2 --num-samples 600 --n-steps 30 --source pretrained --encoder-id quentinll/lewm-cube --h5 "$CUBE_H5" --device cuda --goal-offset 100 --eval-budget 200 --num-eval 128 --seed 48 --cem-seed 48 --episodes-file episodes/cube_c2222.episodes100.json
31	cube	gd_oracle_s10	100	49	logs/rbY_cube_gd_oracle_s10_t100_seed49.log	python -m surveyor.envs.cube.eval --solver gd --subgoal oracle --stride 10 --horizon 2 --receding-horizon 2 --num-samples 600 --n-steps 30 --source pretrained --encoder-id quentinll/lewm-cube --h5 "$CUBE_H5" --device cuda --goal-offset 100 --eval-budget 200 --num-eval 128 --seed 49 --cem-seed 49 --episodes-file episodes/cube_c2222.episodes100.json
32	cube	gd_oracle_s10	150	42	logs/rbY_cube_gd_oracle_s10_t150_seed42.log	python -m surveyor.envs.cube.eval --solver gd --subgoal oracle --stride 10 --horizon 2 --receding-horizon 2 --num-samples 600 --n-steps 30 --source pretrained --encoder-id quentinll/lewm-cube --h5 "$CUBE_H5" --device cuda --goal-offset 150 --eval-budget 300 --num-eval 128 --seed 42 --cem-seed 42 --episodes-file episodes/cube_c2222.episodes150.json
33	cube	gd_oracle_s10	150	43	logs/rbY_cube_gd_oracle_s10_t150_seed43.log	python -m surveyor.envs.cube.eval --solver gd --subgoal oracle --stride 10 --horizon 2 --receding-horizon 2 --num-samples 600 --n-steps 30 --source pretrained --encoder-id quentinll/lewm-cube --h5 "$CUBE_H5" --device cuda --goal-offset 150 --eval-budget 300 --num-eval 128 --seed 43 --cem-seed 43 --episodes-file episodes/cube_c2222.episodes150.json
34	cube	gd_oracle_s10	150	44	logs/rbY_cube_gd_oracle_s10_t150_seed44.log	python -m surveyor.envs.cube.eval --solver gd --subgoal oracle --stride 10 --horizon 2 --receding-horizon 2 --num-samples 600 --n-steps 30 --source pretrained --encoder-id quentinll/lewm-cube --h5 "$CUBE_H5" --device cuda --goal-offset 150 --eval-budget 300 --num-eval 128 --seed 44 --cem-seed 44 --episodes-file episodes/cube_c2222.episodes150.json
35	cube	gd_oracle_s10	150	45	logs/rbY_cube_gd_oracle_s10_t150_seed45.log	python -m surveyor.envs.cube.eval --solver gd --subgoal oracle --stride 10 --horizon 2 --receding-horizon 2 --num-samples 600 --n-steps 30 --source pretrained --encoder-id quentinll/lewm-cube --h5 "$CUBE_H5" --device cuda --goal-offset 150 --eval-budget 300 --num-eval 128 --seed 45 --cem-seed 45 --episodes-file episodes/cube_c2222.episodes150.json
36	cube	gd_oracle_s10	150	46	logs/rbY_cube_gd_oracle_s10_t150_seed46.log	python -m surveyor.envs.cube.eval --solver gd --subgoal oracle --stride 10 --horizon 2 --receding-horizon 2 --num-samples 600 --n-steps 30 --source pretrained --encoder-id quentinll/lewm-cube --h5 "$CUBE_H5" --device cuda --goal-offset 150 --eval-budget 300 --num-eval 128 --seed 46 --cem-seed 46 --episodes-file episodes/cube_c2222.episodes150.json
37	cube	gd_oracle_s10	150	47	logs/rbY_cube_gd_oracle_s10_t150_seed47.log	python -m surveyor.envs.cube.eval --solver gd --subgoal oracle --stride 10 --horizon 2 --receding-horizon 2 --num-samples 600 --n-steps 30 --source pretrained --encoder-id quentinll/lewm-cube --h5 "$CUBE_H5" --device cuda --goal-offset 150 --eval-budget 300 --num-eval 128 --seed 47 --cem-seed 47 --episodes-file episodes/cube_c2222.episodes150.json
38	cube	gd_oracle_s10	150	48	logs/rbY_cube_gd_oracle_s10_t150_seed48.log	python -m surveyor.envs.cube.eval --solver gd --subgoal oracle --stride 10 --horizon 2 --receding-horizon 2 --num-samples 600 --n-steps 30 --source pretrained --encoder-id quentinll/lewm-cube --h5 "$CUBE_H5" --device cuda --goal-offset 150 --eval-budget 300 --num-eval 128 --seed 48 --cem-seed 48 --episodes-file episodes/cube_c2222.episodes150.json
39	cube	gd_oracle_s10	150	49	logs/rbY_cube_gd_oracle_s10_t150_seed49.log	python -m surveyor.envs.cube.eval --solver gd --subgoal oracle --stride 10 --horizon 2 --receding-horizon 2 --num-samples 600 --n-steps 30 --source pretrained --encoder-id quentinll/lewm-cube --h5 "$CUBE_H5" --device cuda --goal-offset 150 --eval-budget 300 --num-eval 128 --seed 49 --cem-seed 49 --episodes-file episodes/cube_c2222.episodes150.json
40	cube	icem_oracle_s10	25	42	logs/rbY_cube_icem_oracle_s10_t25_seed42.log	python -m surveyor.envs.cube.eval --solver icem --subgoal oracle --stride 10 --horizon 2 --receding-horizon 2 --num-samples 600 --n-steps 30 --source pretrained --encoder-id quentinll/lewm-cube --h5 "$CUBE_H5" --device cuda --goal-offset 25 --eval-budget 50 --num-eval 128 --seed 42 --cem-seed 42 --episodes-file episodes/cube_c2222.episodes25.json
41	cube	icem_oracle_s10	25	43	logs/rbY_cube_icem_oracle_s10_t25_seed43.log	python -m surveyor.envs.cube.eval --solver icem --subgoal oracle --stride 10 --horizon 2 --receding-horizon 2 --num-samples 600 --n-steps 30 --source pretrained --encoder-id quentinll/lewm-cube --h5 "$CUBE_H5" --device cuda --goal-offset 25 --eval-budget 50 --num-eval 128 --seed 43 --cem-seed 43 --episodes-file episodes/cube_c2222.episodes25.json
42	cube	icem_oracle_s10	25	44	logs/rbY_cube_icem_oracle_s10_t25_seed44.log	python -m surveyor.envs.cube.eval --solver icem --subgoal oracle --stride 10 --horizon 2 --receding-horizon 2 --num-samples 600 --n-steps 30 --source pretrained --encoder-id quentinll/lewm-cube --h5 "$CUBE_H5" --device cuda --goal-offset 25 --eval-budget 50 --num-eval 128 --seed 44 --cem-seed 44 --episodes-file episodes/cube_c2222.episodes25.json
43	cube	icem_oracle_s10	25	45	logs/rbY_cube_icem_oracle_s10_t25_seed45.log	python -m surveyor.envs.cube.eval --solver icem --subgoal oracle --stride 10 --horizon 2 --receding-horizon 2 --num-samples 600 --n-steps 30 --source pretrained --encoder-id quentinll/lewm-cube --h5 "$CUBE_H5" --device cuda --goal-offset 25 --eval-budget 50 --num-eval 128 --seed 45 --cem-seed 45 --episodes-file episodes/cube_c2222.episodes25.json
44	cube	icem_oracle_s10	25	46	logs/rbY_cube_icem_oracle_s10_t25_seed46.log	python -m surveyor.envs.cube.eval --solver icem --subgoal oracle --stride 10 --horizon 2 --receding-horizon 2 --num-samples 600 --n-steps 30 --source pretrained --encoder-id quentinll/lewm-cube --h5 "$CUBE_H5" --device cuda --goal-offset 25 --eval-budget 50 --num-eval 128 --seed 46 --cem-seed 46 --episodes-file episodes/cube_c2222.episodes25.json
45	cube	icem_oracle_s10	25	47	logs/rbY_cube_icem_oracle_s10_t25_seed47.log	python -m surveyor.envs.cube.eval --solver icem --subgoal oracle --stride 10 --horizon 2 --receding-horizon 2 --num-samples 600 --n-steps 30 --source pretrained --encoder-id quentinll/lewm-cube --h5 "$CUBE_H5" --device cuda --goal-offset 25 --eval-budget 50 --num-eval 128 --seed 47 --cem-seed 47 --episodes-file episodes/cube_c2222.episodes25.json
46	cube	icem_oracle_s10	25	48	logs/rbY_cube_icem_oracle_s10_t25_seed48.log	python -m surveyor.envs.cube.eval --solver icem --subgoal oracle --stride 10 --horizon 2 --receding-horizon 2 --num-samples 600 --n-steps 30 --source pretrained --encoder-id quentinll/lewm-cube --h5 "$CUBE_H5" --device cuda --goal-offset 25 --eval-budget 50 --num-eval 128 --seed 48 --cem-seed 48 --episodes-file episodes/cube_c2222.episodes25.json
47	cube	icem_oracle_s10	25	49	logs/rbY_cube_icem_oracle_s10_t25_seed49.log	python -m surveyor.envs.cube.eval --solver icem --subgoal oracle --stride 10 --horizon 2 --receding-horizon 2 --num-samples 600 --n-steps 30 --source pretrained --encoder-id quentinll/lewm-cube --h5 "$CUBE_H5" --device cuda --goal-offset 25 --eval-budget 50 --num-eval 128 --seed 49 --cem-seed 49 --episodes-file episodes/cube_c2222.episodes25.json
48	cube	icem_oracle_s10	50	42	logs/rbY_cube_icem_oracle_s10_t50_seed42.log	python -m surveyor.envs.cube.eval --solver icem --subgoal oracle --stride 10 --horizon 2 --receding-horizon 2 --num-samples 600 --n-steps 30 --source pretrained --encoder-id quentinll/lewm-cube --h5 "$CUBE_H5" --device cuda --goal-offset 50 --eval-budget 100 --num-eval 128 --seed 42 --cem-seed 42 --episodes-file episodes/cube_c2222.episodes50.json
49	cube	icem_oracle_s10	50	43	logs/rbY_cube_icem_oracle_s10_t50_seed43.log	python -m surveyor.envs.cube.eval --solver icem --subgoal oracle --stride 10 --horizon 2 --receding-horizon 2 --num-samples 600 --n-steps 30 --source pretrained --encoder-id quentinll/lewm-cube --h5 "$CUBE_H5" --device cuda --goal-offset 50 --eval-budget 100 --num-eval 128 --seed 43 --cem-seed 43 --episodes-file episodes/cube_c2222.episodes50.json
50	cube	icem_oracle_s10	50	44	logs/rbY_cube_icem_oracle_s10_t50_seed44.log	python -m surveyor.envs.cube.eval --solver icem --subgoal oracle --stride 10 --horizon 2 --receding-horizon 2 --num-samples 600 --n-steps 30 --source pretrained --encoder-id quentinll/lewm-cube --h5 "$CUBE_H5" --device cuda --goal-offset 50 --eval-budget 100 --num-eval 128 --seed 44 --cem-seed 44 --episodes-file episodes/cube_c2222.episodes50.json
51	cube	icem_oracle_s10	50	45	logs/rbY_cube_icem_oracle_s10_t50_seed45.log	python -m surveyor.envs.cube.eval --solver icem --subgoal oracle --stride 10 --horizon 2 --receding-horizon 2 --num-samples 600 --n-steps 30 --source pretrained --encoder-id quentinll/lewm-cube --h5 "$CUBE_H5" --device cuda --goal-offset 50 --eval-budget 100 --num-eval 128 --seed 45 --cem-seed 45 --episodes-file episodes/cube_c2222.episodes50.json
52	cube	icem_oracle_s10	50	46	logs/rbY_cube_icem_oracle_s10_t50_seed46.log	python -m surveyor.envs.cube.eval --solver icem --subgoal oracle --stride 10 --horizon 2 --receding-horizon 2 --num-samples 600 --n-steps 30 --source pretrained --encoder-id quentinll/lewm-cube --h5 "$CUBE_H5" --device cuda --goal-offset 50 --eval-budget 100 --num-eval 128 --seed 46 --cem-seed 46 --episodes-file episodes/cube_c2222.episodes50.json
53	cube	icem_oracle_s10	50	47	logs/rbY_cube_icem_oracle_s10_t50_seed47.log	python -m surveyor.envs.cube.eval --solver icem --subgoal oracle --stride 10 --horizon 2 --receding-horizon 2 --num-samples 600 --n-steps 30 --source pretrained --encoder-id quentinll/lewm-cube --h5 "$CUBE_H5" --device cuda --goal-offset 50 --eval-budget 100 --num-eval 128 --seed 47 --cem-seed 47 --episodes-file episodes/cube_c2222.episodes50.json
54	cube	icem_oracle_s10	50	48	logs/rbY_cube_icem_oracle_s10_t50_seed48.log	python -m surveyor.envs.cube.eval --solver icem --subgoal oracle --stride 10 --horizon 2 --receding-horizon 2 --num-samples 600 --n-steps 30 --source pretrained --encoder-id quentinll/lewm-cube --h5 "$CUBE_H5" --device cuda --goal-offset 50 --eval-budget 100 --num-eval 128 --seed 48 --cem-seed 48 --episodes-file episodes/cube_c2222.episodes50.json
55	cube	icem_oracle_s10	50	49	logs/rbY_cube_icem_oracle_s10_t50_seed49.log	python -m surveyor.envs.cube.eval --solver icem --subgoal oracle --stride 10 --horizon 2 --receding-horizon 2 --num-samples 600 --n-steps 30 --source pretrained --encoder-id quentinll/lewm-cube --h5 "$CUBE_H5" --device cuda --goal-offset 50 --eval-budget 100 --num-eval 128 --seed 49 --cem-seed 49 --episodes-file episodes/cube_c2222.episodes50.json
56	cube	icem_oracle_s10	75	42	logs/rbY_cube_icem_oracle_s10_t75_seed42.log	python -m surveyor.envs.cube.eval --solver icem --subgoal oracle --stride 10 --horizon 2 --receding-horizon 2 --num-samples 600 --n-steps 30 --source pretrained --encoder-id quentinll/lewm-cube --h5 "$CUBE_H5" --device cuda --goal-offset 75 --eval-budget 150 --num-eval 128 --seed 42 --cem-seed 42 --episodes-file episodes/cube_c2222.episodes75.json
57	cube	icem_oracle_s10	75	43	logs/rbY_cube_icem_oracle_s10_t75_seed43.log	python -m surveyor.envs.cube.eval --solver icem --subgoal oracle --stride 10 --horizon 2 --receding-horizon 2 --num-samples 600 --n-steps 30 --source pretrained --encoder-id quentinll/lewm-cube --h5 "$CUBE_H5" --device cuda --goal-offset 75 --eval-budget 150 --num-eval 128 --seed 43 --cem-seed 43 --episodes-file episodes/cube_c2222.episodes75.json
58	cube	icem_oracle_s10	75	44	logs/rbY_cube_icem_oracle_s10_t75_seed44.log	python -m surveyor.envs.cube.eval --solver icem --subgoal oracle --stride 10 --horizon 2 --receding-horizon 2 --num-samples 600 --n-steps 30 --source pretrained --encoder-id quentinll/lewm-cube --h5 "$CUBE_H5" --device cuda --goal-offset 75 --eval-budget 150 --num-eval 128 --seed 44 --cem-seed 44 --episodes-file episodes/cube_c2222.episodes75.json
59	cube	icem_oracle_s10	75	45	logs/rbY_cube_icem_oracle_s10_t75_seed45.log	python -m surveyor.envs.cube.eval --solver icem --subgoal oracle --stride 10 --horizon 2 --receding-horizon 2 --num-samples 600 --n-steps 30 --source pretrained --encoder-id quentinll/lewm-cube --h5 "$CUBE_H5" --device cuda --goal-offset 75 --eval-budget 150 --num-eval 128 --seed 45 --cem-seed 45 --episodes-file episodes/cube_c2222.episodes75.json
60	cube	icem_oracle_s10	75	46	logs/rbY_cube_icem_oracle_s10_t75_seed46.log	python -m surveyor.envs.cube.eval --solver icem --subgoal oracle --stride 10 --horizon 2 --receding-horizon 2 --num-samples 600 --n-steps 30 --source pretrained --encoder-id quentinll/lewm-cube --h5 "$CUBE_H5" --device cuda --goal-offset 75 --eval-budget 150 --num-eval 128 --seed 46 --cem-seed 46 --episodes-file episodes/cube_c2222.episodes75.json
61	cube	icem_oracle_s10	75	47	logs/rbY_cube_icem_oracle_s10_t75_seed47.log	python -m surveyor.envs.cube.eval --solver icem --subgoal oracle --stride 10 --horizon 2 --receding-horizon 2 --num-samples 600 --n-steps 30 --source pretrained --encoder-id quentinll/lewm-cube --h5 "$CUBE_H5" --device cuda --goal-offset 75 --eval-budget 150 --num-eval 128 --seed 47 --cem-seed 47 --episodes-file episodes/cube_c2222.episodes75.json
62	cube	icem_oracle_s10	75	48	logs/rbY_cube_icem_oracle_s10_t75_seed48.log	python -m surveyor.envs.cube.eval --solver icem --subgoal oracle --stride 10 --horizon 2 --receding-horizon 2 --num-samples 600 --n-steps 30 --source pretrained --encoder-id quentinll/lewm-cube --h5 "$CUBE_H5" --device cuda --goal-offset 75 --eval-budget 150 --num-eval 128 --seed 48 --cem-seed 48 --episodes-file episodes/cube_c2222.episodes75.json
63	cube	icem_oracle_s10	75	49	logs/rbY_cube_icem_oracle_s10_t75_seed49.log	python -m surveyor.envs.cube.eval --solver icem --subgoal oracle --stride 10 --horizon 2 --receding-horizon 2 --num-samples 600 --n-steps 30 --source pretrained --encoder-id quentinll/lewm-cube --h5 "$CUBE_H5" --device cuda --goal-offset 75 --eval-budget 150 --num-eval 128 --seed 49 --cem-seed 49 --episodes-file episodes/cube_c2222.episodes75.json
64	cube	icem_oracle_s10	100	42	logs/rbY_cube_icem_oracle_s10_t100_seed42.log	python -m surveyor.envs.cube.eval --solver icem --subgoal oracle --stride 10 --horizon 2 --receding-horizon 2 --num-samples 600 --n-steps 30 --source pretrained --encoder-id quentinll/lewm-cube --h5 "$CUBE_H5" --device cuda --goal-offset 100 --eval-budget 200 --num-eval 128 --seed 42 --cem-seed 42 --episodes-file episodes/cube_c2222.episodes100.json
65	cube	icem_oracle_s10	100	43	logs/rbY_cube_icem_oracle_s10_t100_seed43.log	python -m surveyor.envs.cube.eval --solver icem --subgoal oracle --stride 10 --horizon 2 --receding-horizon 2 --num-samples 600 --n-steps 30 --source pretrained --encoder-id quentinll/lewm-cube --h5 "$CUBE_H5" --device cuda --goal-offset 100 --eval-budget 200 --num-eval 128 --seed 43 --cem-seed 43 --episodes-file episodes/cube_c2222.episodes100.json
66	cube	icem_oracle_s10	100	44	logs/rbY_cube_icem_oracle_s10_t100_seed44.log	python -m surveyor.envs.cube.eval --solver icem --subgoal oracle --stride 10 --horizon 2 --receding-horizon 2 --num-samples 600 --n-steps 30 --source pretrained --encoder-id quentinll/lewm-cube --h5 "$CUBE_H5" --device cuda --goal-offset 100 --eval-budget 200 --num-eval 128 --seed 44 --cem-seed 44 --episodes-file episodes/cube_c2222.episodes100.json
67	cube	icem_oracle_s10	100	45	logs/rbY_cube_icem_oracle_s10_t100_seed45.log	python -m surveyor.envs.cube.eval --solver icem --subgoal oracle --stride 10 --horizon 2 --receding-horizon 2 --num-samples 600 --n-steps 30 --source pretrained --encoder-id quentinll/lewm-cube --h5 "$CUBE_H5" --device cuda --goal-offset 100 --eval-budget 200 --num-eval 128 --seed 45 --cem-seed 45 --episodes-file episodes/cube_c2222.episodes100.json
68	cube	icem_oracle_s10	100	46	logs/rbY_cube_icem_oracle_s10_t100_seed46.log	python -m surveyor.envs.cube.eval --solver icem --subgoal oracle --stride 10 --horizon 2 --receding-horizon 2 --num-samples 600 --n-steps 30 --source pretrained --encoder-id quentinll/lewm-cube --h5 "$CUBE_H5" --device cuda --goal-offset 100 --eval-budget 200 --num-eval 128 --seed 46 --cem-seed 46 --episodes-file episodes/cube_c2222.episodes100.json
69	cube	icem_oracle_s10	100	47	logs/rbY_cube_icem_oracle_s10_t100_seed47.log	python -m surveyor.envs.cube.eval --solver icem --subgoal oracle --stride 10 --horizon 2 --receding-horizon 2 --num-samples 600 --n-steps 30 --source pretrained --encoder-id quentinll/lewm-cube --h5 "$CUBE_H5" --device cuda --goal-offset 100 --eval-budget 200 --num-eval 128 --seed 47 --cem-seed 47 --episodes-file episodes/cube_c2222.episodes100.json
70	cube	icem_oracle_s10	100	48	logs/rbY_cube_icem_oracle_s10_t100_seed48.log	python -m surveyor.envs.cube.eval --solver icem --subgoal oracle --stride 10 --horizon 2 --receding-horizon 2 --num-samples 600 --n-steps 30 --source pretrained --encoder-id quentinll/lewm-cube --h5 "$CUBE_H5" --device cuda --goal-offset 100 --eval-budget 200 --num-eval 128 --seed 48 --cem-seed 48 --episodes-file episodes/cube_c2222.episodes100.json
71	cube	icem_oracle_s10	100	49	logs/rbY_cube_icem_oracle_s10_t100_seed49.log	python -m surveyor.envs.cube.eval --solver icem --subgoal oracle --stride 10 --horizon 2 --receding-horizon 2 --num-samples 600 --n-steps 30 --source pretrained --encoder-id quentinll/lewm-cube --h5 "$CUBE_H5" --device cuda --goal-offset 100 --eval-budget 200 --num-eval 128 --seed 49 --cem-seed 49 --episodes-file episodes/cube_c2222.episodes100.json
72	cube	icem_oracle_s10	150	42	logs/rbY_cube_icem_oracle_s10_t150_seed42.log	python -m surveyor.envs.cube.eval --solver icem --subgoal oracle --stride 10 --horizon 2 --receding-horizon 2 --num-samples 600 --n-steps 30 --source pretrained --encoder-id quentinll/lewm-cube --h5 "$CUBE_H5" --device cuda --goal-offset 150 --eval-budget 300 --num-eval 128 --seed 42 --cem-seed 42 --episodes-file episodes/cube_c2222.episodes150.json
73	cube	icem_oracle_s10	150	43	logs/rbY_cube_icem_oracle_s10_t150_seed43.log	python -m surveyor.envs.cube.eval --solver icem --subgoal oracle --stride 10 --horizon 2 --receding-horizon 2 --num-samples 600 --n-steps 30 --source pretrained --encoder-id quentinll/lewm-cube --h5 "$CUBE_H5" --device cuda --goal-offset 150 --eval-budget 300 --num-eval 128 --seed 43 --cem-seed 43 --episodes-file episodes/cube_c2222.episodes150.json
74	cube	icem_oracle_s10	150	44	logs/rbY_cube_icem_oracle_s10_t150_seed44.log	python -m surveyor.envs.cube.eval --solver icem --subgoal oracle --stride 10 --horizon 2 --receding-horizon 2 --num-samples 600 --n-steps 30 --source pretrained --encoder-id quentinll/lewm-cube --h5 "$CUBE_H5" --device cuda --goal-offset 150 --eval-budget 300 --num-eval 128 --seed 44 --cem-seed 44 --episodes-file episodes/cube_c2222.episodes150.json
75	cube	icem_oracle_s10	150	45	logs/rbY_cube_icem_oracle_s10_t150_seed45.log	python -m surveyor.envs.cube.eval --solver icem --subgoal oracle --stride 10 --horizon 2 --receding-horizon 2 --num-samples 600 --n-steps 30 --source pretrained --encoder-id quentinll/lewm-cube --h5 "$CUBE_H5" --device cuda --goal-offset 150 --eval-budget 300 --num-eval 128 --seed 45 --cem-seed 45 --episodes-file episodes/cube_c2222.episodes150.json
76	cube	icem_oracle_s10	150	46	logs/rbY_cube_icem_oracle_s10_t150_seed46.log	python -m surveyor.envs.cube.eval --solver icem --subgoal oracle --stride 10 --horizon 2 --receding-horizon 2 --num-samples 600 --n-steps 30 --source pretrained --encoder-id quentinll/lewm-cube --h5 "$CUBE_H5" --device cuda --goal-offset 150 --eval-budget 300 --num-eval 128 --seed 46 --cem-seed 46 --episodes-file episodes/cube_c2222.episodes150.json
77	cube	icem_oracle_s10	150	47	logs/rbY_cube_icem_oracle_s10_t150_seed47.log	python -m surveyor.envs.cube.eval --solver icem --subgoal oracle --stride 10 --horizon 2 --receding-horizon 2 --num-samples 600 --n-steps 30 --source pretrained --encoder-id quentinll/lewm-cube --h5 "$CUBE_H5" --device cuda --goal-offset 150 --eval-budget 300 --num-eval 128 --seed 47 --cem-seed 47 --episodes-file episodes/cube_c2222.episodes150.json
78	cube	icem_oracle_s10	150	48	logs/rbY_cube_icem_oracle_s10_t150_seed48.log	python -m surveyor.envs.cube.eval --solver icem --subgoal oracle --stride 10 --horizon 2 --receding-horizon 2 --num-samples 600 --n-steps 30 --source pretrained --encoder-id quentinll/lewm-cube --h5 "$CUBE_H5" --device cuda --goal-offset 150 --eval-budget 300 --num-eval 128 --seed 48 --cem-seed 48 --episodes-file episodes/cube_c2222.episodes150.json
79	cube	icem_oracle_s10	150	49	logs/rbY_cube_icem_oracle_s10_t150_seed49.log	python -m surveyor.envs.cube.eval --solver icem --subgoal oracle --stride 10 --horizon 2 --receding-horizon 2 --num-samples 600 --n-steps 30 --source pretrained --encoder-id quentinll/lewm-cube --h5 "$CUBE_H5" --device cuda --goal-offset 150 --eval-budget 300 --num-eval 128 --seed 49 --cem-seed 49 --episodes-file episodes/cube_c2222.episodes150.json
80	cube	mppi_oracle_s10	25	42	logs/rbY_cube_mppi_oracle_s10_t25_seed42.log	python -m surveyor.envs.cube.eval --solver mppi --subgoal oracle --stride 10 --horizon 2 --receding-horizon 2 --num-samples 600 --n-steps 30 --source pretrained --encoder-id quentinll/lewm-cube --h5 "$CUBE_H5" --device cuda --goal-offset 25 --eval-budget 50 --num-eval 128 --seed 42 --cem-seed 42 --episodes-file episodes/cube_c2222.episodes25.json
81	cube	mppi_oracle_s10	25	43	logs/rbY_cube_mppi_oracle_s10_t25_seed43.log	python -m surveyor.envs.cube.eval --solver mppi --subgoal oracle --stride 10 --horizon 2 --receding-horizon 2 --num-samples 600 --n-steps 30 --source pretrained --encoder-id quentinll/lewm-cube --h5 "$CUBE_H5" --device cuda --goal-offset 25 --eval-budget 50 --num-eval 128 --seed 43 --cem-seed 43 --episodes-file episodes/cube_c2222.episodes25.json
82	cube	mppi_oracle_s10	25	44	logs/rbY_cube_mppi_oracle_s10_t25_seed44.log	python -m surveyor.envs.cube.eval --solver mppi --subgoal oracle --stride 10 --horizon 2 --receding-horizon 2 --num-samples 600 --n-steps 30 --source pretrained --encoder-id quentinll/lewm-cube --h5 "$CUBE_H5" --device cuda --goal-offset 25 --eval-budget 50 --num-eval 128 --seed 44 --cem-seed 44 --episodes-file episodes/cube_c2222.episodes25.json
83	cube	mppi_oracle_s10	25	45	logs/rbY_cube_mppi_oracle_s10_t25_seed45.log	python -m surveyor.envs.cube.eval --solver mppi --subgoal oracle --stride 10 --horizon 2 --receding-horizon 2 --num-samples 600 --n-steps 30 --source pretrained --encoder-id quentinll/lewm-cube --h5 "$CUBE_H5" --device cuda --goal-offset 25 --eval-budget 50 --num-eval 128 --seed 45 --cem-seed 45 --episodes-file episodes/cube_c2222.episodes25.json
84	cube	mppi_oracle_s10	25	46	logs/rbY_cube_mppi_oracle_s10_t25_seed46.log	python -m surveyor.envs.cube.eval --solver mppi --subgoal oracle --stride 10 --horizon 2 --receding-horizon 2 --num-samples 600 --n-steps 30 --source pretrained --encoder-id quentinll/lewm-cube --h5 "$CUBE_H5" --device cuda --goal-offset 25 --eval-budget 50 --num-eval 128 --seed 46 --cem-seed 46 --episodes-file episodes/cube_c2222.episodes25.json
85	cube	mppi_oracle_s10	25	47	logs/rbY_cube_mppi_oracle_s10_t25_seed47.log	python -m surveyor.envs.cube.eval --solver mppi --subgoal oracle --stride 10 --horizon 2 --receding-horizon 2 --num-samples 600 --n-steps 30 --source pretrained --encoder-id quentinll/lewm-cube --h5 "$CUBE_H5" --device cuda --goal-offset 25 --eval-budget 50 --num-eval 128 --seed 47 --cem-seed 47 --episodes-file episodes/cube_c2222.episodes25.json
86	cube	mppi_oracle_s10	25	48	logs/rbY_cube_mppi_oracle_s10_t25_seed48.log	python -m surveyor.envs.cube.eval --solver mppi --subgoal oracle --stride 10 --horizon 2 --receding-horizon 2 --num-samples 600 --n-steps 30 --source pretrained --encoder-id quentinll/lewm-cube --h5 "$CUBE_H5" --device cuda --goal-offset 25 --eval-budget 50 --num-eval 128 --seed 48 --cem-seed 48 --episodes-file episodes/cube_c2222.episodes25.json
87	cube	mppi_oracle_s10	25	49	logs/rbY_cube_mppi_oracle_s10_t25_seed49.log	python -m surveyor.envs.cube.eval --solver mppi --subgoal oracle --stride 10 --horizon 2 --receding-horizon 2 --num-samples 600 --n-steps 30 --source pretrained --encoder-id quentinll/lewm-cube --h5 "$CUBE_H5" --device cuda --goal-offset 25 --eval-budget 50 --num-eval 128 --seed 49 --cem-seed 49 --episodes-file episodes/cube_c2222.episodes25.json
88	cube	mppi_oracle_s10	50	42	logs/rbY_cube_mppi_oracle_s10_t50_seed42.log	python -m surveyor.envs.cube.eval --solver mppi --subgoal oracle --stride 10 --horizon 2 --receding-horizon 2 --num-samples 600 --n-steps 30 --source pretrained --encoder-id quentinll/lewm-cube --h5 "$CUBE_H5" --device cuda --goal-offset 50 --eval-budget 100 --num-eval 128 --seed 42 --cem-seed 42 --episodes-file episodes/cube_c2222.episodes50.json
89	cube	mppi_oracle_s10	50	43	logs/rbY_cube_mppi_oracle_s10_t50_seed43.log	python -m surveyor.envs.cube.eval --solver mppi --subgoal oracle --stride 10 --horizon 2 --receding-horizon 2 --num-samples 600 --n-steps 30 --source pretrained --encoder-id quentinll/lewm-cube --h5 "$CUBE_H5" --device cuda --goal-offset 50 --eval-budget 100 --num-eval 128 --seed 43 --cem-seed 43 --episodes-file episodes/cube_c2222.episodes50.json
90	cube	mppi_oracle_s10	50	44	logs/rbY_cube_mppi_oracle_s10_t50_seed44.log	python -m surveyor.envs.cube.eval --solver mppi --subgoal oracle --stride 10 --horizon 2 --receding-horizon 2 --num-samples 600 --n-steps 30 --source pretrained --encoder-id quentinll/lewm-cube --h5 "$CUBE_H5" --device cuda --goal-offset 50 --eval-budget 100 --num-eval 128 --seed 44 --cem-seed 44 --episodes-file episodes/cube_c2222.episodes50.json
91	cube	mppi_oracle_s10	50	45	logs/rbY_cube_mppi_oracle_s10_t50_seed45.log	python -m surveyor.envs.cube.eval --solver mppi --subgoal oracle --stride 10 --horizon 2 --receding-horizon 2 --num-samples 600 --n-steps 30 --source pretrained --encoder-id quentinll/lewm-cube --h5 "$CUBE_H5" --device cuda --goal-offset 50 --eval-budget 100 --num-eval 128 --seed 45 --cem-seed 45 --episodes-file episodes/cube_c2222.episodes50.json
92	cube	mppi_oracle_s10	50	46	logs/rbY_cube_mppi_oracle_s10_t50_seed46.log	python -m surveyor.envs.cube.eval --solver mppi --subgoal oracle --stride 10 --horizon 2 --receding-horizon 2 --num-samples 600 --n-steps 30 --source pretrained --encoder-id quentinll/lewm-cube --h5 "$CUBE_H5" --device cuda --goal-offset 50 --eval-budget 100 --num-eval 128 --seed 46 --cem-seed 46 --episodes-file episodes/cube_c2222.episodes50.json
93	cube	mppi_oracle_s10	50	47	logs/rbY_cube_mppi_oracle_s10_t50_seed47.log	python -m surveyor.envs.cube.eval --solver mppi --subgoal oracle --stride 10 --horizon 2 --receding-horizon 2 --num-samples 600 --n-steps 30 --source pretrained --encoder-id quentinll/lewm-cube --h5 "$CUBE_H5" --device cuda --goal-offset 50 --eval-budget 100 --num-eval 128 --seed 47 --cem-seed 47 --episodes-file episodes/cube_c2222.episodes50.json
94	cube	mppi_oracle_s10	50	48	logs/rbY_cube_mppi_oracle_s10_t50_seed48.log	python -m surveyor.envs.cube.eval --solver mppi --subgoal oracle --stride 10 --horizon 2 --receding-horizon 2 --num-samples 600 --n-steps 30 --source pretrained --encoder-id quentinll/lewm-cube --h5 "$CUBE_H5" --device cuda --goal-offset 50 --eval-budget 100 --num-eval 128 --seed 48 --cem-seed 48 --episodes-file episodes/cube_c2222.episodes50.json
95	cube	mppi_oracle_s10	50	49	logs/rbY_cube_mppi_oracle_s10_t50_seed49.log	python -m surveyor.envs.cube.eval --solver mppi --subgoal oracle --stride 10 --horizon 2 --receding-horizon 2 --num-samples 600 --n-steps 30 --source pretrained --encoder-id quentinll/lewm-cube --h5 "$CUBE_H5" --device cuda --goal-offset 50 --eval-budget 100 --num-eval 128 --seed 49 --cem-seed 49 --episodes-file episodes/cube_c2222.episodes50.json
96	cube	mppi_oracle_s10	75	42	logs/rbY_cube_mppi_oracle_s10_t75_seed42.log	python -m surveyor.envs.cube.eval --solver mppi --subgoal oracle --stride 10 --horizon 2 --receding-horizon 2 --num-samples 600 --n-steps 30 --source pretrained --encoder-id quentinll/lewm-cube --h5 "$CUBE_H5" --device cuda --goal-offset 75 --eval-budget 150 --num-eval 128 --seed 42 --cem-seed 42 --episodes-file episodes/cube_c2222.episodes75.json
97	cube	mppi_oracle_s10	75	43	logs/rbY_cube_mppi_oracle_s10_t75_seed43.log	python -m surveyor.envs.cube.eval --solver mppi --subgoal oracle --stride 10 --horizon 2 --receding-horizon 2 --num-samples 600 --n-steps 30 --source pretrained --encoder-id quentinll/lewm-cube --h5 "$CUBE_H5" --device cuda --goal-offset 75 --eval-budget 150 --num-eval 128 --seed 43 --cem-seed 43 --episodes-file episodes/cube_c2222.episodes75.json
98	cube	mppi_oracle_s10	75	44	logs/rbY_cube_mppi_oracle_s10_t75_seed44.log	python -m surveyor.envs.cube.eval --solver mppi --subgoal oracle --stride 10 --horizon 2 --receding-horizon 2 --num-samples 600 --n-steps 30 --source pretrained --encoder-id quentinll/lewm-cube --h5 "$CUBE_H5" --device cuda --goal-offset 75 --eval-budget 150 --num-eval 128 --seed 44 --cem-seed 44 --episodes-file episodes/cube_c2222.episodes75.json
99	cube	mppi_oracle_s10	75	45	logs/rbY_cube_mppi_oracle_s10_t75_seed45.log	python -m surveyor.envs.cube.eval --solver mppi --subgoal oracle --stride 10 --horizon 2 --receding-horizon 2 --num-samples 600 --n-steps 30 --source pretrained --encoder-id quentinll/lewm-cube --h5 "$CUBE_H5" --device cuda --goal-offset 75 --eval-budget 150 --num-eval 128 --seed 45 --cem-seed 45 --episodes-file episodes/cube_c2222.episodes75.json
100	cube	mppi_oracle_s10	75	46	logs/rbY_cube_mppi_oracle_s10_t75_seed46.log	python -m surveyor.envs.cube.eval --solver mppi --subgoal oracle --stride 10 --horizon 2 --receding-horizon 2 --num-samples 600 --n-steps 30 --source pretrained --encoder-id quentinll/lewm-cube --h5 "$CUBE_H5" --device cuda --goal-offset 75 --eval-budget 150 --num-eval 128 --seed 46 --cem-seed 46 --episodes-file episodes/cube_c2222.episodes75.json
101	cube	mppi_oracle_s10	75	47	logs/rbY_cube_mppi_oracle_s10_t75_seed47.log	python -m surveyor.envs.cube.eval --solver mppi --subgoal oracle --stride 10 --horizon 2 --receding-horizon 2 --num-samples 600 --n-steps 30 --source pretrained --encoder-id quentinll/lewm-cube --h5 "$CUBE_H5" --device cuda --goal-offset 75 --eval-budget 150 --num-eval 128 --seed 47 --cem-seed 47 --episodes-file episodes/cube_c2222.episodes75.json
102	cube	mppi_oracle_s10	75	48	logs/rbY_cube_mppi_oracle_s10_t75_seed48.log	python -m surveyor.envs.cube.eval --solver mppi --subgoal oracle --stride 10 --horizon 2 --receding-horizon 2 --num-samples 600 --n-steps 30 --source pretrained --encoder-id quentinll/lewm-cube --h5 "$CUBE_H5" --device cuda --goal-offset 75 --eval-budget 150 --num-eval 128 --seed 48 --cem-seed 48 --episodes-file episodes/cube_c2222.episodes75.json
103	cube	mppi_oracle_s10	75	49	logs/rbY_cube_mppi_oracle_s10_t75_seed49.log	python -m surveyor.envs.cube.eval --solver mppi --subgoal oracle --stride 10 --horizon 2 --receding-horizon 2 --num-samples 600 --n-steps 30 --source pretrained --encoder-id quentinll/lewm-cube --h5 "$CUBE_H5" --device cuda --goal-offset 75 --eval-budget 150 --num-eval 128 --seed 49 --cem-seed 49 --episodes-file episodes/cube_c2222.episodes75.json
104	cube	mppi_oracle_s10	100	42	logs/rbY_cube_mppi_oracle_s10_t100_seed42.log	python -m surveyor.envs.cube.eval --solver mppi --subgoal oracle --stride 10 --horizon 2 --receding-horizon 2 --num-samples 600 --n-steps 30 --source pretrained --encoder-id quentinll/lewm-cube --h5 "$CUBE_H5" --device cuda --goal-offset 100 --eval-budget 200 --num-eval 128 --seed 42 --cem-seed 42 --episodes-file episodes/cube_c2222.episodes100.json
105	cube	mppi_oracle_s10	100	43	logs/rbY_cube_mppi_oracle_s10_t100_seed43.log	python -m surveyor.envs.cube.eval --solver mppi --subgoal oracle --stride 10 --horizon 2 --receding-horizon 2 --num-samples 600 --n-steps 30 --source pretrained --encoder-id quentinll/lewm-cube --h5 "$CUBE_H5" --device cuda --goal-offset 100 --eval-budget 200 --num-eval 128 --seed 43 --cem-seed 43 --episodes-file episodes/cube_c2222.episodes100.json
106	cube	mppi_oracle_s10	100	44	logs/rbY_cube_mppi_oracle_s10_t100_seed44.log	python -m surveyor.envs.cube.eval --solver mppi --subgoal oracle --stride 10 --horizon 2 --receding-horizon 2 --num-samples 600 --n-steps 30 --source pretrained --encoder-id quentinll/lewm-cube --h5 "$CUBE_H5" --device cuda --goal-offset 100 --eval-budget 200 --num-eval 128 --seed 44 --cem-seed 44 --episodes-file episodes/cube_c2222.episodes100.json
107	cube	mppi_oracle_s10	100	45	logs/rbY_cube_mppi_oracle_s10_t100_seed45.log	python -m surveyor.envs.cube.eval --solver mppi --subgoal oracle --stride 10 --horizon 2 --receding-horizon 2 --num-samples 600 --n-steps 30 --source pretrained --encoder-id quentinll/lewm-cube --h5 "$CUBE_H5" --device cuda --goal-offset 100 --eval-budget 200 --num-eval 128 --seed 45 --cem-seed 45 --episodes-file episodes/cube_c2222.episodes100.json
108	cube	mppi_oracle_s10	100	46	logs/rbY_cube_mppi_oracle_s10_t100_seed46.log	python -m surveyor.envs.cube.eval --solver mppi --subgoal oracle --stride 10 --horizon 2 --receding-horizon 2 --num-samples 600 --n-steps 30 --source pretrained --encoder-id quentinll/lewm-cube --h5 "$CUBE_H5" --device cuda --goal-offset 100 --eval-budget 200 --num-eval 128 --seed 46 --cem-seed 46 --episodes-file episodes/cube_c2222.episodes100.json
109	cube	mppi_oracle_s10	100	47	logs/rbY_cube_mppi_oracle_s10_t100_seed47.log	python -m surveyor.envs.cube.eval --solver mppi --subgoal oracle --stride 10 --horizon 2 --receding-horizon 2 --num-samples 600 --n-steps 30 --source pretrained --encoder-id quentinll/lewm-cube --h5 "$CUBE_H5" --device cuda --goal-offset 100 --eval-budget 200 --num-eval 128 --seed 47 --cem-seed 47 --episodes-file episodes/cube_c2222.episodes100.json
110	cube	mppi_oracle_s10	100	48	logs/rbY_cube_mppi_oracle_s10_t100_seed48.log	python -m surveyor.envs.cube.eval --solver mppi --subgoal oracle --stride 10 --horizon 2 --receding-horizon 2 --num-samples 600 --n-steps 30 --source pretrained --encoder-id quentinll/lewm-cube --h5 "$CUBE_H5" --device cuda --goal-offset 100 --eval-budget 200 --num-eval 128 --seed 48 --cem-seed 48 --episodes-file episodes/cube_c2222.episodes100.json
111	cube	mppi_oracle_s10	100	49	logs/rbY_cube_mppi_oracle_s10_t100_seed49.log	python -m surveyor.envs.cube.eval --solver mppi --subgoal oracle --stride 10 --horizon 2 --receding-horizon 2 --num-samples 600 --n-steps 30 --source pretrained --encoder-id quentinll/lewm-cube --h5 "$CUBE_H5" --device cuda --goal-offset 100 --eval-budget 200 --num-eval 128 --seed 49 --cem-seed 49 --episodes-file episodes/cube_c2222.episodes100.json
112	cube	mppi_oracle_s10	150	42	logs/rbY_cube_mppi_oracle_s10_t150_seed42.log	python -m surveyor.envs.cube.eval --solver mppi --subgoal oracle --stride 10 --horizon 2 --receding-horizon 2 --num-samples 600 --n-steps 30 --source pretrained --encoder-id quentinll/lewm-cube --h5 "$CUBE_H5" --device cuda --goal-offset 150 --eval-budget 300 --num-eval 128 --seed 42 --cem-seed 42 --episodes-file episodes/cube_c2222.episodes150.json
113	cube	mppi_oracle_s10	150	43	logs/rbY_cube_mppi_oracle_s10_t150_seed43.log	python -m surveyor.envs.cube.eval --solver mppi --subgoal oracle --stride 10 --horizon 2 --receding-horizon 2 --num-samples 600 --n-steps 30 --source pretrained --encoder-id quentinll/lewm-cube --h5 "$CUBE_H5" --device cuda --goal-offset 150 --eval-budget 300 --num-eval 128 --seed 43 --cem-seed 43 --episodes-file episodes/cube_c2222.episodes150.json
114	cube	mppi_oracle_s10	150	44	logs/rbY_cube_mppi_oracle_s10_t150_seed44.log	python -m surveyor.envs.cube.eval --solver mppi --subgoal oracle --stride 10 --horizon 2 --receding-horizon 2 --num-samples 600 --n-steps 30 --source pretrained --encoder-id quentinll/lewm-cube --h5 "$CUBE_H5" --device cuda --goal-offset 150 --eval-budget 300 --num-eval 128 --seed 44 --cem-seed 44 --episodes-file episodes/cube_c2222.episodes150.json
115	cube	mppi_oracle_s10	150	45	logs/rbY_cube_mppi_oracle_s10_t150_seed45.log	python -m surveyor.envs.cube.eval --solver mppi --subgoal oracle --stride 10 --horizon 2 --receding-horizon 2 --num-samples 600 --n-steps 30 --source pretrained --encoder-id quentinll/lewm-cube --h5 "$CUBE_H5" --device cuda --goal-offset 150 --eval-budget 300 --num-eval 128 --seed 45 --cem-seed 45 --episodes-file episodes/cube_c2222.episodes150.json
116	cube	mppi_oracle_s10	150	46	logs/rbY_cube_mppi_oracle_s10_t150_seed46.log	python -m surveyor.envs.cube.eval --solver mppi --subgoal oracle --stride 10 --horizon 2 --receding-horizon 2 --num-samples 600 --n-steps 30 --source pretrained --encoder-id quentinll/lewm-cube --h5 "$CUBE_H5" --device cuda --goal-offset 150 --eval-budget 300 --num-eval 128 --seed 46 --cem-seed 46 --episodes-file episodes/cube_c2222.episodes150.json
117	cube	mppi_oracle_s10	150	47	logs/rbY_cube_mppi_oracle_s10_t150_seed47.log	python -m surveyor.envs.cube.eval --solver mppi --subgoal oracle --stride 10 --horizon 2 --receding-horizon 2 --num-samples 600 --n-steps 30 --source pretrained --encoder-id quentinll/lewm-cube --h5 "$CUBE_H5" --device cuda --goal-offset 150 --eval-budget 300 --num-eval 128 --seed 47 --cem-seed 47 --episodes-file episodes/cube_c2222.episodes150.json
118	cube	mppi_oracle_s10	150	48	logs/rbY_cube_mppi_oracle_s10_t150_seed48.log	python -m surveyor.envs.cube.eval --solver mppi --subgoal oracle --stride 10 --horizon 2 --receding-horizon 2 --num-samples 600 --n-steps 30 --source pretrained --encoder-id quentinll/lewm-cube --h5 "$CUBE_H5" --device cuda --goal-offset 150 --eval-budget 300 --num-eval 128 --seed 48 --cem-seed 48 --episodes-file episodes/cube_c2222.episodes150.json
119	cube	mppi_oracle_s10	150	49	logs/rbY_cube_mppi_oracle_s10_t150_seed49.log	python -m surveyor.envs.cube.eval --solver mppi --subgoal oracle --stride 10 --horizon 2 --receding-horizon 2 --num-samples 600 --n-steps 30 --source pretrained --encoder-id quentinll/lewm-cube --h5 "$CUBE_H5" --device cuda --goal-offset 150 --eval-budget 300 --num-eval 128 --seed 49 --cem-seed 49 --episodes-file episodes/cube_c2222.episodes150.json
120	cube	oracle_s10	25	42	logs/rbY_cube_oracle_s10_t25_seed42.log	python -m surveyor.envs.cube.eval --subgoal oracle --stride 10 --horizon 2 --receding-horizon 2 --num-samples 600 --n-steps 30 --source pretrained --encoder-id quentinll/lewm-cube --h5 "$CUBE_H5" --device cuda --goal-offset 25 --eval-budget 50 --num-eval 128 --seed 42 --cem-seed 42 --episodes-file episodes/cube_c2222.episodes25.json
121	cube	oracle_s10	25	43	logs/rbY_cube_oracle_s10_t25_seed43.log	python -m surveyor.envs.cube.eval --subgoal oracle --stride 10 --horizon 2 --receding-horizon 2 --num-samples 600 --n-steps 30 --source pretrained --encoder-id quentinll/lewm-cube --h5 "$CUBE_H5" --device cuda --goal-offset 25 --eval-budget 50 --num-eval 128 --seed 43 --cem-seed 43 --episodes-file episodes/cube_c2222.episodes25.json
122	cube	oracle_s10	25	44	logs/rbY_cube_oracle_s10_t25_seed44.log	python -m surveyor.envs.cube.eval --subgoal oracle --stride 10 --horizon 2 --receding-horizon 2 --num-samples 600 --n-steps 30 --source pretrained --encoder-id quentinll/lewm-cube --h5 "$CUBE_H5" --device cuda --goal-offset 25 --eval-budget 50 --num-eval 128 --seed 44 --cem-seed 44 --episodes-file episodes/cube_c2222.episodes25.json
123	cube	oracle_s10	25	45	logs/rbY_cube_oracle_s10_t25_seed45.log	python -m surveyor.envs.cube.eval --subgoal oracle --stride 10 --horizon 2 --receding-horizon 2 --num-samples 600 --n-steps 30 --source pretrained --encoder-id quentinll/lewm-cube --h5 "$CUBE_H5" --device cuda --goal-offset 25 --eval-budget 50 --num-eval 128 --seed 45 --cem-seed 45 --episodes-file episodes/cube_c2222.episodes25.json
124	cube	oracle_s10	25	46	logs/rbY_cube_oracle_s10_t25_seed46.log	python -m surveyor.envs.cube.eval --subgoal oracle --stride 10 --horizon 2 --receding-horizon 2 --num-samples 600 --n-steps 30 --source pretrained --encoder-id quentinll/lewm-cube --h5 "$CUBE_H5" --device cuda --goal-offset 25 --eval-budget 50 --num-eval 128 --seed 46 --cem-seed 46 --episodes-file episodes/cube_c2222.episodes25.json
125	cube	oracle_s10	25	47	logs/rbY_cube_oracle_s10_t25_seed47.log	python -m surveyor.envs.cube.eval --subgoal oracle --stride 10 --horizon 2 --receding-horizon 2 --num-samples 600 --n-steps 30 --source pretrained --encoder-id quentinll/lewm-cube --h5 "$CUBE_H5" --device cuda --goal-offset 25 --eval-budget 50 --num-eval 128 --seed 47 --cem-seed 47 --episodes-file episodes/cube_c2222.episodes25.json
126	cube	oracle_s10	25	48	logs/rbY_cube_oracle_s10_t25_seed48.log	python -m surveyor.envs.cube.eval --subgoal oracle --stride 10 --horizon 2 --receding-horizon 2 --num-samples 600 --n-steps 30 --source pretrained --encoder-id quentinll/lewm-cube --h5 "$CUBE_H5" --device cuda --goal-offset 25 --eval-budget 50 --num-eval 128 --seed 48 --cem-seed 48 --episodes-file episodes/cube_c2222.episodes25.json
127	cube	oracle_s10	25	49	logs/rbY_cube_oracle_s10_t25_seed49.log	python -m surveyor.envs.cube.eval --subgoal oracle --stride 10 --horizon 2 --receding-horizon 2 --num-samples 600 --n-steps 30 --source pretrained --encoder-id quentinll/lewm-cube --h5 "$CUBE_H5" --device cuda --goal-offset 25 --eval-budget 50 --num-eval 128 --seed 49 --cem-seed 49 --episodes-file episodes/cube_c2222.episodes25.json
128	cube	oracle_s10	50	42	logs/rbY_cube_oracle_s10_t50_seed42.log	python -m surveyor.envs.cube.eval --subgoal oracle --stride 10 --horizon 2 --receding-horizon 2 --num-samples 600 --n-steps 30 --source pretrained --encoder-id quentinll/lewm-cube --h5 "$CUBE_H5" --device cuda --goal-offset 50 --eval-budget 100 --num-eval 128 --seed 42 --cem-seed 42 --episodes-file episodes/cube_c2222.episodes50.json
129	cube	oracle_s10	50	43	logs/rbY_cube_oracle_s10_t50_seed43.log	python -m surveyor.envs.cube.eval --subgoal oracle --stride 10 --horizon 2 --receding-horizon 2 --num-samples 600 --n-steps 30 --source pretrained --encoder-id quentinll/lewm-cube --h5 "$CUBE_H5" --device cuda --goal-offset 50 --eval-budget 100 --num-eval 128 --seed 43 --cem-seed 43 --episodes-file episodes/cube_c2222.episodes50.json
130	cube	oracle_s10	50	44	logs/rbY_cube_oracle_s10_t50_seed44.log	python -m surveyor.envs.cube.eval --subgoal oracle --stride 10 --horizon 2 --receding-horizon 2 --num-samples 600 --n-steps 30 --source pretrained --encoder-id quentinll/lewm-cube --h5 "$CUBE_H5" --device cuda --goal-offset 50 --eval-budget 100 --num-eval 128 --seed 44 --cem-seed 44 --episodes-file episodes/cube_c2222.episodes50.json
131	cube	oracle_s10	50	45	logs/rbY_cube_oracle_s10_t50_seed45.log	python -m surveyor.envs.cube.eval --subgoal oracle --stride 10 --horizon 2 --receding-horizon 2 --num-samples 600 --n-steps 30 --source pretrained --encoder-id quentinll/lewm-cube --h5 "$CUBE_H5" --device cuda --goal-offset 50 --eval-budget 100 --num-eval 128 --seed 45 --cem-seed 45 --episodes-file episodes/cube_c2222.episodes50.json
132	cube	oracle_s10	50	46	logs/rbY_cube_oracle_s10_t50_seed46.log	python -m surveyor.envs.cube.eval --subgoal oracle --stride 10 --horizon 2 --receding-horizon 2 --num-samples 600 --n-steps 30 --source pretrained --encoder-id quentinll/lewm-cube --h5 "$CUBE_H5" --device cuda --goal-offset 50 --eval-budget 100 --num-eval 128 --seed 46 --cem-seed 46 --episodes-file episodes/cube_c2222.episodes50.json
133	cube	oracle_s10	50	47	logs/rbY_cube_oracle_s10_t50_seed47.log	python -m surveyor.envs.cube.eval --subgoal oracle --stride 10 --horizon 2 --receding-horizon 2 --num-samples 600 --n-steps 30 --source pretrained --encoder-id quentinll/lewm-cube --h5 "$CUBE_H5" --device cuda --goal-offset 50 --eval-budget 100 --num-eval 128 --seed 47 --cem-seed 47 --episodes-file episodes/cube_c2222.episodes50.json
134	cube	oracle_s10	50	48	logs/rbY_cube_oracle_s10_t50_seed48.log	python -m surveyor.envs.cube.eval --subgoal oracle --stride 10 --horizon 2 --receding-horizon 2 --num-samples 600 --n-steps 30 --source pretrained --encoder-id quentinll/lewm-cube --h5 "$CUBE_H5" --device cuda --goal-offset 50 --eval-budget 100 --num-eval 128 --seed 48 --cem-seed 48 --episodes-file episodes/cube_c2222.episodes50.json
135	cube	oracle_s10	50	49	logs/rbY_cube_oracle_s10_t50_seed49.log	python -m surveyor.envs.cube.eval --subgoal oracle --stride 10 --horizon 2 --receding-horizon 2 --num-samples 600 --n-steps 30 --source pretrained --encoder-id quentinll/lewm-cube --h5 "$CUBE_H5" --device cuda --goal-offset 50 --eval-budget 100 --num-eval 128 --seed 49 --cem-seed 49 --episodes-file episodes/cube_c2222.episodes50.json
136	cube	oracle_s10	75	42	logs/rbY_cube_oracle_s10_t75_seed42.log	python -m surveyor.envs.cube.eval --subgoal oracle --stride 10 --horizon 2 --receding-horizon 2 --num-samples 600 --n-steps 30 --source pretrained --encoder-id quentinll/lewm-cube --h5 "$CUBE_H5" --device cuda --goal-offset 75 --eval-budget 150 --num-eval 128 --seed 42 --cem-seed 42 --episodes-file episodes/cube_c2222.episodes75.json
137	cube	oracle_s10	75	43	logs/rbY_cube_oracle_s10_t75_seed43.log	python -m surveyor.envs.cube.eval --subgoal oracle --stride 10 --horizon 2 --receding-horizon 2 --num-samples 600 --n-steps 30 --source pretrained --encoder-id quentinll/lewm-cube --h5 "$CUBE_H5" --device cuda --goal-offset 75 --eval-budget 150 --num-eval 128 --seed 43 --cem-seed 43 --episodes-file episodes/cube_c2222.episodes75.json
138	cube	oracle_s10	75	44	logs/rbY_cube_oracle_s10_t75_seed44.log	python -m surveyor.envs.cube.eval --subgoal oracle --stride 10 --horizon 2 --receding-horizon 2 --num-samples 600 --n-steps 30 --source pretrained --encoder-id quentinll/lewm-cube --h5 "$CUBE_H5" --device cuda --goal-offset 75 --eval-budget 150 --num-eval 128 --seed 44 --cem-seed 44 --episodes-file episodes/cube_c2222.episodes75.json
139	cube	oracle_s10	75	45	logs/rbY_cube_oracle_s10_t75_seed45.log	python -m surveyor.envs.cube.eval --subgoal oracle --stride 10 --horizon 2 --receding-horizon 2 --num-samples 600 --n-steps 30 --source pretrained --encoder-id quentinll/lewm-cube --h5 "$CUBE_H5" --device cuda --goal-offset 75 --eval-budget 150 --num-eval 128 --seed 45 --cem-seed 45 --episodes-file episodes/cube_c2222.episodes75.json
140	cube	oracle_s10	75	46	logs/rbY_cube_oracle_s10_t75_seed46.log	python -m surveyor.envs.cube.eval --subgoal oracle --stride 10 --horizon 2 --receding-horizon 2 --num-samples 600 --n-steps 30 --source pretrained --encoder-id quentinll/lewm-cube --h5 "$CUBE_H5" --device cuda --goal-offset 75 --eval-budget 150 --num-eval 128 --seed 46 --cem-seed 46 --episodes-file episodes/cube_c2222.episodes75.json
141	cube	oracle_s10	75	47	logs/rbY_cube_oracle_s10_t75_seed47.log	python -m surveyor.envs.cube.eval --subgoal oracle --stride 10 --horizon 2 --receding-horizon 2 --num-samples 600 --n-steps 30 --source pretrained --encoder-id quentinll/lewm-cube --h5 "$CUBE_H5" --device cuda --goal-offset 75 --eval-budget 150 --num-eval 128 --seed 47 --cem-seed 47 --episodes-file episodes/cube_c2222.episodes75.json
142	cube	oracle_s10	75	48	logs/rbY_cube_oracle_s10_t75_seed48.log	python -m surveyor.envs.cube.eval --subgoal oracle --stride 10 --horizon 2 --receding-horizon 2 --num-samples 600 --n-steps 30 --source pretrained --encoder-id quentinll/lewm-cube --h5 "$CUBE_H5" --device cuda --goal-offset 75 --eval-budget 150 --num-eval 128 --seed 48 --cem-seed 48 --episodes-file episodes/cube_c2222.episodes75.json
143	cube	oracle_s10	75	49	logs/rbY_cube_oracle_s10_t75_seed49.log	python -m surveyor.envs.cube.eval --subgoal oracle --stride 10 --horizon 2 --receding-horizon 2 --num-samples 600 --n-steps 30 --source pretrained --encoder-id quentinll/lewm-cube --h5 "$CUBE_H5" --device cuda --goal-offset 75 --eval-budget 150 --num-eval 128 --seed 49 --cem-seed 49 --episodes-file episodes/cube_c2222.episodes75.json
144	cube	oracle_s10	100	42	logs/rbY_cube_oracle_s10_t100_seed42.log	python -m surveyor.envs.cube.eval --subgoal oracle --stride 10 --horizon 2 --receding-horizon 2 --num-samples 600 --n-steps 30 --source pretrained --encoder-id quentinll/lewm-cube --h5 "$CUBE_H5" --device cuda --goal-offset 100 --eval-budget 200 --num-eval 128 --seed 42 --cem-seed 42 --episodes-file episodes/cube_c2222.episodes100.json
145	cube	oracle_s10	100	43	logs/rbY_cube_oracle_s10_t100_seed43.log	python -m surveyor.envs.cube.eval --subgoal oracle --stride 10 --horizon 2 --receding-horizon 2 --num-samples 600 --n-steps 30 --source pretrained --encoder-id quentinll/lewm-cube --h5 "$CUBE_H5" --device cuda --goal-offset 100 --eval-budget 200 --num-eval 128 --seed 43 --cem-seed 43 --episodes-file episodes/cube_c2222.episodes100.json
146	cube	oracle_s10	100	44	logs/rbY_cube_oracle_s10_t100_seed44.log	python -m surveyor.envs.cube.eval --subgoal oracle --stride 10 --horizon 2 --receding-horizon 2 --num-samples 600 --n-steps 30 --source pretrained --encoder-id quentinll/lewm-cube --h5 "$CUBE_H5" --device cuda --goal-offset 100 --eval-budget 200 --num-eval 128 --seed 44 --cem-seed 44 --episodes-file episodes/cube_c2222.episodes100.json
147	cube	oracle_s10	100	45	logs/rbY_cube_oracle_s10_t100_seed45.log	python -m surveyor.envs.cube.eval --subgoal oracle --stride 10 --horizon 2 --receding-horizon 2 --num-samples 600 --n-steps 30 --source pretrained --encoder-id quentinll/lewm-cube --h5 "$CUBE_H5" --device cuda --goal-offset 100 --eval-budget 200 --num-eval 128 --seed 45 --cem-seed 45 --episodes-file episodes/cube_c2222.episodes100.json
148	cube	oracle_s10	100	46	logs/rbY_cube_oracle_s10_t100_seed46.log	python -m surveyor.envs.cube.eval --subgoal oracle --stride 10 --horizon 2 --receding-horizon 2 --num-samples 600 --n-steps 30 --source pretrained --encoder-id quentinll/lewm-cube --h5 "$CUBE_H5" --device cuda --goal-offset 100 --eval-budget 200 --num-eval 128 --seed 46 --cem-seed 46 --episodes-file episodes/cube_c2222.episodes100.json
149	cube	oracle_s10	100	47	logs/rbY_cube_oracle_s10_t100_seed47.log	python -m surveyor.envs.cube.eval --subgoal oracle --stride 10 --horizon 2 --receding-horizon 2 --num-samples 600 --n-steps 30 --source pretrained --encoder-id quentinll/lewm-cube --h5 "$CUBE_H5" --device cuda --goal-offset 100 --eval-budget 200 --num-eval 128 --seed 47 --cem-seed 47 --episodes-file episodes/cube_c2222.episodes100.json
150	cube	oracle_s10	100	48	logs/rbY_cube_oracle_s10_t100_seed48.log	python -m surveyor.envs.cube.eval --subgoal oracle --stride 10 --horizon 2 --receding-horizon 2 --num-samples 600 --n-steps 30 --source pretrained --encoder-id quentinll/lewm-cube --h5 "$CUBE_H5" --device cuda --goal-offset 100 --eval-budget 200 --num-eval 128 --seed 48 --cem-seed 48 --episodes-file episodes/cube_c2222.episodes100.json
151	cube	oracle_s10	100	49	logs/rbY_cube_oracle_s10_t100_seed49.log	python -m surveyor.envs.cube.eval --subgoal oracle --stride 10 --horizon 2 --receding-horizon 2 --num-samples 600 --n-steps 30 --source pretrained --encoder-id quentinll/lewm-cube --h5 "$CUBE_H5" --device cuda --goal-offset 100 --eval-budget 200 --num-eval 128 --seed 49 --cem-seed 49 --episodes-file episodes/cube_c2222.episodes100.json
152	cube	oracle_s10	150	42	logs/rbY_cube_oracle_s10_t150_seed42.log	python -m surveyor.envs.cube.eval --subgoal oracle --stride 10 --horizon 2 --receding-horizon 2 --num-samples 600 --n-steps 30 --source pretrained --encoder-id quentinll/lewm-cube --h5 "$CUBE_H5" --device cuda --goal-offset 150 --eval-budget 300 --num-eval 128 --seed 42 --cem-seed 42 --episodes-file episodes/cube_c2222.episodes150.json
153	cube	oracle_s10	150	43	logs/rbY_cube_oracle_s10_t150_seed43.log	python -m surveyor.envs.cube.eval --subgoal oracle --stride 10 --horizon 2 --receding-horizon 2 --num-samples 600 --n-steps 30 --source pretrained --encoder-id quentinll/lewm-cube --h5 "$CUBE_H5" --device cuda --goal-offset 150 --eval-budget 300 --num-eval 128 --seed 43 --cem-seed 43 --episodes-file episodes/cube_c2222.episodes150.json
154	cube	oracle_s10	150	44	logs/rbY_cube_oracle_s10_t150_seed44.log	python -m surveyor.envs.cube.eval --subgoal oracle --stride 10 --horizon 2 --receding-horizon 2 --num-samples 600 --n-steps 30 --source pretrained --encoder-id quentinll/lewm-cube --h5 "$CUBE_H5" --device cuda --goal-offset 150 --eval-budget 300 --num-eval 128 --seed 44 --cem-seed 44 --episodes-file episodes/cube_c2222.episodes150.json
155	cube	oracle_s10	150	45	logs/rbY_cube_oracle_s10_t150_seed45.log	python -m surveyor.envs.cube.eval --subgoal oracle --stride 10 --horizon 2 --receding-horizon 2 --num-samples 600 --n-steps 30 --source pretrained --encoder-id quentinll/lewm-cube --h5 "$CUBE_H5" --device cuda --goal-offset 150 --eval-budget 300 --num-eval 128 --seed 45 --cem-seed 45 --episodes-file episodes/cube_c2222.episodes150.json
156	cube	oracle_s10	150	46	logs/rbY_cube_oracle_s10_t150_seed46.log	python -m surveyor.envs.cube.eval --subgoal oracle --stride 10 --horizon 2 --receding-horizon 2 --num-samples 600 --n-steps 30 --source pretrained --encoder-id quentinll/lewm-cube --h5 "$CUBE_H5" --device cuda --goal-offset 150 --eval-budget 300 --num-eval 128 --seed 46 --cem-seed 46 --episodes-file episodes/cube_c2222.episodes150.json
157	cube	oracle_s10	150	47	logs/rbY_cube_oracle_s10_t150_seed47.log	python -m surveyor.envs.cube.eval --subgoal oracle --stride 10 --horizon 2 --receding-horizon 2 --num-samples 600 --n-steps 30 --source pretrained --encoder-id quentinll/lewm-cube --h5 "$CUBE_H5" --device cuda --goal-offset 150 --eval-budget 300 --num-eval 128 --seed 47 --cem-seed 47 --episodes-file episodes/cube_c2222.episodes150.json
158	cube	oracle_s10	150	48	logs/rbY_cube_oracle_s10_t150_seed48.log	python -m surveyor.envs.cube.eval --subgoal oracle --stride 10 --horizon 2 --receding-horizon 2 --num-samples 600 --n-steps 30 --source pretrained --encoder-id quentinll/lewm-cube --h5 "$CUBE_H5" --device cuda --goal-offset 150 --eval-budget 300 --num-eval 128 --seed 48 --cem-seed 48 --episodes-file episodes/cube_c2222.episodes150.json
159	cube	oracle_s10	150	49	logs/rbY_cube_oracle_s10_t150_seed49.log	python -m surveyor.envs.cube.eval --subgoal oracle --stride 10 --horizon 2 --receding-horizon 2 --num-samples 600 --n-steps 30 --source pretrained --encoder-id quentinll/lewm-cube --h5 "$CUBE_H5" --device cuda --goal-offset 150 --eval-budget 300 --num-eval 128 --seed 49 --cem-seed 49 --episodes-file episodes/cube_c2222.episodes150.json
160	pusht	gd_oracle_s10	25	42	logs/rbY_pusht_gd_oracle_s10_t25_seed42.log	python -m surveyor.envs.pusht.eval --solver gd --subgoal oracle --stride 10 --horizon 2 --receding-horizon 2 --source pretrained --h5 pusht_c2222.h5 --device cuda --mode long --episodes-file episodes/pusht_c2222.episodes25.json --goal-offset 25 --eval-budget 50 --num-eval 256 --score block --angles 20 5 --seed 42 --cem-seed 42
161	pusht	gd_oracle_s10	25	43	logs/rbY_pusht_gd_oracle_s10_t25_seed43.log	python -m surveyor.envs.pusht.eval --solver gd --subgoal oracle --stride 10 --horizon 2 --receding-horizon 2 --source pretrained --h5 pusht_c2222.h5 --device cuda --mode long --episodes-file episodes/pusht_c2222.episodes25.json --goal-offset 25 --eval-budget 50 --num-eval 256 --score block --angles 20 5 --seed 43 --cem-seed 43
162	pusht	gd_oracle_s10	25	44	logs/rbY_pusht_gd_oracle_s10_t25_seed44.log	python -m surveyor.envs.pusht.eval --solver gd --subgoal oracle --stride 10 --horizon 2 --receding-horizon 2 --source pretrained --h5 pusht_c2222.h5 --device cuda --mode long --episodes-file episodes/pusht_c2222.episodes25.json --goal-offset 25 --eval-budget 50 --num-eval 256 --score block --angles 20 5 --seed 44 --cem-seed 44
163	pusht	gd_oracle_s10	25	45	logs/rbY_pusht_gd_oracle_s10_t25_seed45.log	python -m surveyor.envs.pusht.eval --solver gd --subgoal oracle --stride 10 --horizon 2 --receding-horizon 2 --source pretrained --h5 pusht_c2222.h5 --device cuda --mode long --episodes-file episodes/pusht_c2222.episodes25.json --goal-offset 25 --eval-budget 50 --num-eval 256 --score block --angles 20 5 --seed 45 --cem-seed 45
164	pusht	gd_oracle_s10	25	46	logs/rbY_pusht_gd_oracle_s10_t25_seed46.log	python -m surveyor.envs.pusht.eval --solver gd --subgoal oracle --stride 10 --horizon 2 --receding-horizon 2 --source pretrained --h5 pusht_c2222.h5 --device cuda --mode long --episodes-file episodes/pusht_c2222.episodes25.json --goal-offset 25 --eval-budget 50 --num-eval 256 --score block --angles 20 5 --seed 46 --cem-seed 46
165	pusht	gd_oracle_s10	25	47	logs/rbY_pusht_gd_oracle_s10_t25_seed47.log	python -m surveyor.envs.pusht.eval --solver gd --subgoal oracle --stride 10 --horizon 2 --receding-horizon 2 --source pretrained --h5 pusht_c2222.h5 --device cuda --mode long --episodes-file episodes/pusht_c2222.episodes25.json --goal-offset 25 --eval-budget 50 --num-eval 256 --score block --angles 20 5 --seed 47 --cem-seed 47
166	pusht	gd_oracle_s10	25	48	logs/rbY_pusht_gd_oracle_s10_t25_seed48.log	python -m surveyor.envs.pusht.eval --solver gd --subgoal oracle --stride 10 --horizon 2 --receding-horizon 2 --source pretrained --h5 pusht_c2222.h5 --device cuda --mode long --episodes-file episodes/pusht_c2222.episodes25.json --goal-offset 25 --eval-budget 50 --num-eval 256 --score block --angles 20 5 --seed 48 --cem-seed 48
167	pusht	gd_oracle_s10	25	49	logs/rbY_pusht_gd_oracle_s10_t25_seed49.log	python -m surveyor.envs.pusht.eval --solver gd --subgoal oracle --stride 10 --horizon 2 --receding-horizon 2 --source pretrained --h5 pusht_c2222.h5 --device cuda --mode long --episodes-file episodes/pusht_c2222.episodes25.json --goal-offset 25 --eval-budget 50 --num-eval 256 --score block --angles 20 5 --seed 49 --cem-seed 49
168	pusht	gd_oracle_s10	50	42	logs/rbY_pusht_gd_oracle_s10_t50_seed42.log	python -m surveyor.envs.pusht.eval --solver gd --subgoal oracle --stride 10 --horizon 2 --receding-horizon 2 --source pretrained --h5 pusht_c2222.h5 --device cuda --mode long --episodes-file episodes/pusht_c2222.episodes50.json --goal-offset 50 --eval-budget 100 --num-eval 256 --score block --angles 20 5 --seed 42 --cem-seed 42
169	pusht	gd_oracle_s10	50	43	logs/rbY_pusht_gd_oracle_s10_t50_seed43.log	python -m surveyor.envs.pusht.eval --solver gd --subgoal oracle --stride 10 --horizon 2 --receding-horizon 2 --source pretrained --h5 pusht_c2222.h5 --device cuda --mode long --episodes-file episodes/pusht_c2222.episodes50.json --goal-offset 50 --eval-budget 100 --num-eval 256 --score block --angles 20 5 --seed 43 --cem-seed 43
170	pusht	gd_oracle_s10	50	44	logs/rbY_pusht_gd_oracle_s10_t50_seed44.log	python -m surveyor.envs.pusht.eval --solver gd --subgoal oracle --stride 10 --horizon 2 --receding-horizon 2 --source pretrained --h5 pusht_c2222.h5 --device cuda --mode long --episodes-file episodes/pusht_c2222.episodes50.json --goal-offset 50 --eval-budget 100 --num-eval 256 --score block --angles 20 5 --seed 44 --cem-seed 44
171	pusht	gd_oracle_s10	50	45	logs/rbY_pusht_gd_oracle_s10_t50_seed45.log	python -m surveyor.envs.pusht.eval --solver gd --subgoal oracle --stride 10 --horizon 2 --receding-horizon 2 --source pretrained --h5 pusht_c2222.h5 --device cuda --mode long --episodes-file episodes/pusht_c2222.episodes50.json --goal-offset 50 --eval-budget 100 --num-eval 256 --score block --angles 20 5 --seed 45 --cem-seed 45
172	pusht	gd_oracle_s10	50	46	logs/rbY_pusht_gd_oracle_s10_t50_seed46.log	python -m surveyor.envs.pusht.eval --solver gd --subgoal oracle --stride 10 --horizon 2 --receding-horizon 2 --source pretrained --h5 pusht_c2222.h5 --device cuda --mode long --episodes-file episodes/pusht_c2222.episodes50.json --goal-offset 50 --eval-budget 100 --num-eval 256 --score block --angles 20 5 --seed 46 --cem-seed 46
173	pusht	gd_oracle_s10	50	47	logs/rbY_pusht_gd_oracle_s10_t50_seed47.log	python -m surveyor.envs.pusht.eval --solver gd --subgoal oracle --stride 10 --horizon 2 --receding-horizon 2 --source pretrained --h5 pusht_c2222.h5 --device cuda --mode long --episodes-file episodes/pusht_c2222.episodes50.json --goal-offset 50 --eval-budget 100 --num-eval 256 --score block --angles 20 5 --seed 47 --cem-seed 47
174	pusht	gd_oracle_s10	50	48	logs/rbY_pusht_gd_oracle_s10_t50_seed48.log	python -m surveyor.envs.pusht.eval --solver gd --subgoal oracle --stride 10 --horizon 2 --receding-horizon 2 --source pretrained --h5 pusht_c2222.h5 --device cuda --mode long --episodes-file episodes/pusht_c2222.episodes50.json --goal-offset 50 --eval-budget 100 --num-eval 256 --score block --angles 20 5 --seed 48 --cem-seed 48
175	pusht	gd_oracle_s10	50	49	logs/rbY_pusht_gd_oracle_s10_t50_seed49.log	python -m surveyor.envs.pusht.eval --solver gd --subgoal oracle --stride 10 --horizon 2 --receding-horizon 2 --source pretrained --h5 pusht_c2222.h5 --device cuda --mode long --episodes-file episodes/pusht_c2222.episodes50.json --goal-offset 50 --eval-budget 100 --num-eval 256 --score block --angles 20 5 --seed 49 --cem-seed 49
176	pusht	gd_oracle_s10	75	42	logs/rbY_pusht_gd_oracle_s10_t75_seed42.log	python -m surveyor.envs.pusht.eval --solver gd --subgoal oracle --stride 10 --horizon 2 --receding-horizon 2 --source pretrained --h5 pusht_c2222.h5 --device cuda --mode long --episodes-file episodes/pusht_c2222.episodes75.json --goal-offset 75 --eval-budget 150 --num-eval 256 --score block --angles 20 5 --seed 42 --cem-seed 42
177	pusht	gd_oracle_s10	75	43	logs/rbY_pusht_gd_oracle_s10_t75_seed43.log	python -m surveyor.envs.pusht.eval --solver gd --subgoal oracle --stride 10 --horizon 2 --receding-horizon 2 --source pretrained --h5 pusht_c2222.h5 --device cuda --mode long --episodes-file episodes/pusht_c2222.episodes75.json --goal-offset 75 --eval-budget 150 --num-eval 256 --score block --angles 20 5 --seed 43 --cem-seed 43
178	pusht	gd_oracle_s10	75	44	logs/rbY_pusht_gd_oracle_s10_t75_seed44.log	python -m surveyor.envs.pusht.eval --solver gd --subgoal oracle --stride 10 --horizon 2 --receding-horizon 2 --source pretrained --h5 pusht_c2222.h5 --device cuda --mode long --episodes-file episodes/pusht_c2222.episodes75.json --goal-offset 75 --eval-budget 150 --num-eval 256 --score block --angles 20 5 --seed 44 --cem-seed 44
179	pusht	gd_oracle_s10	75	45	logs/rbY_pusht_gd_oracle_s10_t75_seed45.log	python -m surveyor.envs.pusht.eval --solver gd --subgoal oracle --stride 10 --horizon 2 --receding-horizon 2 --source pretrained --h5 pusht_c2222.h5 --device cuda --mode long --episodes-file episodes/pusht_c2222.episodes75.json --goal-offset 75 --eval-budget 150 --num-eval 256 --score block --angles 20 5 --seed 45 --cem-seed 45
180	pusht	gd_oracle_s10	75	46	logs/rbY_pusht_gd_oracle_s10_t75_seed46.log	python -m surveyor.envs.pusht.eval --solver gd --subgoal oracle --stride 10 --horizon 2 --receding-horizon 2 --source pretrained --h5 pusht_c2222.h5 --device cuda --mode long --episodes-file episodes/pusht_c2222.episodes75.json --goal-offset 75 --eval-budget 150 --num-eval 256 --score block --angles 20 5 --seed 46 --cem-seed 46
181	pusht	gd_oracle_s10	75	47	logs/rbY_pusht_gd_oracle_s10_t75_seed47.log	python -m surveyor.envs.pusht.eval --solver gd --subgoal oracle --stride 10 --horizon 2 --receding-horizon 2 --source pretrained --h5 pusht_c2222.h5 --device cuda --mode long --episodes-file episodes/pusht_c2222.episodes75.json --goal-offset 75 --eval-budget 150 --num-eval 256 --score block --angles 20 5 --seed 47 --cem-seed 47
182	pusht	gd_oracle_s10	75	48	logs/rbY_pusht_gd_oracle_s10_t75_seed48.log	python -m surveyor.envs.pusht.eval --solver gd --subgoal oracle --stride 10 --horizon 2 --receding-horizon 2 --source pretrained --h5 pusht_c2222.h5 --device cuda --mode long --episodes-file episodes/pusht_c2222.episodes75.json --goal-offset 75 --eval-budget 150 --num-eval 256 --score block --angles 20 5 --seed 48 --cem-seed 48
183	pusht	gd_oracle_s10	75	49	logs/rbY_pusht_gd_oracle_s10_t75_seed49.log	python -m surveyor.envs.pusht.eval --solver gd --subgoal oracle --stride 10 --horizon 2 --receding-horizon 2 --source pretrained --h5 pusht_c2222.h5 --device cuda --mode long --episodes-file episodes/pusht_c2222.episodes75.json --goal-offset 75 --eval-budget 150 --num-eval 256 --score block --angles 20 5 --seed 49 --cem-seed 49
184	pusht	gd_oracle_s10	100	42	logs/rbY_pusht_gd_oracle_s10_t100_seed42.log	python -m surveyor.envs.pusht.eval --solver gd --subgoal oracle --stride 10 --horizon 2 --receding-horizon 2 --source pretrained --h5 pusht_c2222.h5 --device cuda --mode long --episodes-file episodes/pusht_c2222.episodes100.json --goal-offset 100 --eval-budget 200 --num-eval 256 --score block --angles 20 5 --seed 42 --cem-seed 42
185	pusht	gd_oracle_s10	100	43	logs/rbY_pusht_gd_oracle_s10_t100_seed43.log	python -m surveyor.envs.pusht.eval --solver gd --subgoal oracle --stride 10 --horizon 2 --receding-horizon 2 --source pretrained --h5 pusht_c2222.h5 --device cuda --mode long --episodes-file episodes/pusht_c2222.episodes100.json --goal-offset 100 --eval-budget 200 --num-eval 256 --score block --angles 20 5 --seed 43 --cem-seed 43
186	pusht	gd_oracle_s10	100	44	logs/rbY_pusht_gd_oracle_s10_t100_seed44.log	python -m surveyor.envs.pusht.eval --solver gd --subgoal oracle --stride 10 --horizon 2 --receding-horizon 2 --source pretrained --h5 pusht_c2222.h5 --device cuda --mode long --episodes-file episodes/pusht_c2222.episodes100.json --goal-offset 100 --eval-budget 200 --num-eval 256 --score block --angles 20 5 --seed 44 --cem-seed 44
187	pusht	gd_oracle_s10	100	45	logs/rbY_pusht_gd_oracle_s10_t100_seed45.log	python -m surveyor.envs.pusht.eval --solver gd --subgoal oracle --stride 10 --horizon 2 --receding-horizon 2 --source pretrained --h5 pusht_c2222.h5 --device cuda --mode long --episodes-file episodes/pusht_c2222.episodes100.json --goal-offset 100 --eval-budget 200 --num-eval 256 --score block --angles 20 5 --seed 45 --cem-seed 45
188	pusht	gd_oracle_s10	100	46	logs/rbY_pusht_gd_oracle_s10_t100_seed46.log	python -m surveyor.envs.pusht.eval --solver gd --subgoal oracle --stride 10 --horizon 2 --receding-horizon 2 --source pretrained --h5 pusht_c2222.h5 --device cuda --mode long --episodes-file episodes/pusht_c2222.episodes100.json --goal-offset 100 --eval-budget 200 --num-eval 256 --score block --angles 20 5 --seed 46 --cem-seed 46
189	pusht	gd_oracle_s10	100	47	logs/rbY_pusht_gd_oracle_s10_t100_seed47.log	python -m surveyor.envs.pusht.eval --solver gd --subgoal oracle --stride 10 --horizon 2 --receding-horizon 2 --source pretrained --h5 pusht_c2222.h5 --device cuda --mode long --episodes-file episodes/pusht_c2222.episodes100.json --goal-offset 100 --eval-budget 200 --num-eval 256 --score block --angles 20 5 --seed 47 --cem-seed 47
190	pusht	gd_oracle_s10	100	48	logs/rbY_pusht_gd_oracle_s10_t100_seed48.log	python -m surveyor.envs.pusht.eval --solver gd --subgoal oracle --stride 10 --horizon 2 --receding-horizon 2 --source pretrained --h5 pusht_c2222.h5 --device cuda --mode long --episodes-file episodes/pusht_c2222.episodes100.json --goal-offset 100 --eval-budget 200 --num-eval 256 --score block --angles 20 5 --seed 48 --cem-seed 48
191	pusht	gd_oracle_s10	100	49	logs/rbY_pusht_gd_oracle_s10_t100_seed49.log	python -m surveyor.envs.pusht.eval --solver gd --subgoal oracle --stride 10 --horizon 2 --receding-horizon 2 --source pretrained --h5 pusht_c2222.h5 --device cuda --mode long --episodes-file episodes/pusht_c2222.episodes100.json --goal-offset 100 --eval-budget 200 --num-eval 256 --score block --angles 20 5 --seed 49 --cem-seed 49
192	pusht	gd_oracle_s10	150	42	logs/rbY_pusht_gd_oracle_s10_t150_seed42.log	python -m surveyor.envs.pusht.eval --solver gd --subgoal oracle --stride 10 --horizon 2 --receding-horizon 2 --source pretrained --h5 pusht_c2222.h5 --device cuda --mode long --episodes-file episodes/pusht_c2222.episodes150.json --goal-offset 150 --eval-budget 300 --num-eval 256 --score block --angles 20 5 --seed 42 --cem-seed 42
193	pusht	gd_oracle_s10	150	43	logs/rbY_pusht_gd_oracle_s10_t150_seed43.log	python -m surveyor.envs.pusht.eval --solver gd --subgoal oracle --stride 10 --horizon 2 --receding-horizon 2 --source pretrained --h5 pusht_c2222.h5 --device cuda --mode long --episodes-file episodes/pusht_c2222.episodes150.json --goal-offset 150 --eval-budget 300 --num-eval 256 --score block --angles 20 5 --seed 43 --cem-seed 43
194	pusht	gd_oracle_s10	150	44	logs/rbY_pusht_gd_oracle_s10_t150_seed44.log	python -m surveyor.envs.pusht.eval --solver gd --subgoal oracle --stride 10 --horizon 2 --receding-horizon 2 --source pretrained --h5 pusht_c2222.h5 --device cuda --mode long --episodes-file episodes/pusht_c2222.episodes150.json --goal-offset 150 --eval-budget 300 --num-eval 256 --score block --angles 20 5 --seed 44 --cem-seed 44
195	pusht	gd_oracle_s10	150	45	logs/rbY_pusht_gd_oracle_s10_t150_seed45.log	python -m surveyor.envs.pusht.eval --solver gd --subgoal oracle --stride 10 --horizon 2 --receding-horizon 2 --source pretrained --h5 pusht_c2222.h5 --device cuda --mode long --episodes-file episodes/pusht_c2222.episodes150.json --goal-offset 150 --eval-budget 300 --num-eval 256 --score block --angles 20 5 --seed 45 --cem-seed 45
196	pusht	gd_oracle_s10	150	46	logs/rbY_pusht_gd_oracle_s10_t150_seed46.log	python -m surveyor.envs.pusht.eval --solver gd --subgoal oracle --stride 10 --horizon 2 --receding-horizon 2 --source pretrained --h5 pusht_c2222.h5 --device cuda --mode long --episodes-file episodes/pusht_c2222.episodes150.json --goal-offset 150 --eval-budget 300 --num-eval 256 --score block --angles 20 5 --seed 46 --cem-seed 46
197	pusht	gd_oracle_s10	150	47	logs/rbY_pusht_gd_oracle_s10_t150_seed47.log	python -m surveyor.envs.pusht.eval --solver gd --subgoal oracle --stride 10 --horizon 2 --receding-horizon 2 --source pretrained --h5 pusht_c2222.h5 --device cuda --mode long --episodes-file episodes/pusht_c2222.episodes150.json --goal-offset 150 --eval-budget 300 --num-eval 256 --score block --angles 20 5 --seed 47 --cem-seed 47
198	pusht	gd_oracle_s10	150	48	logs/rbY_pusht_gd_oracle_s10_t150_seed48.log	python -m surveyor.envs.pusht.eval --solver gd --subgoal oracle --stride 10 --horizon 2 --receding-horizon 2 --source pretrained --h5 pusht_c2222.h5 --device cuda --mode long --episodes-file episodes/pusht_c2222.episodes150.json --goal-offset 150 --eval-budget 300 --num-eval 256 --score block --angles 20 5 --seed 48 --cem-seed 48
199	pusht	gd_oracle_s10	150	49	logs/rbY_pusht_gd_oracle_s10_t150_seed49.log	python -m surveyor.envs.pusht.eval --solver gd --subgoal oracle --stride 10 --horizon 2 --receding-horizon 2 --source pretrained --h5 pusht_c2222.h5 --device cuda --mode long --episodes-file episodes/pusht_c2222.episodes150.json --goal-offset 150 --eval-budget 300 --num-eval 256 --score block --angles 20 5 --seed 49 --cem-seed 49
200	pusht	icem_oracle_s10	25	42	logs/rbY_pusht_icem_oracle_s10_t25_seed42.log	python -m surveyor.envs.pusht.eval --solver icem --subgoal oracle --stride 10 --horizon 2 --receding-horizon 2 --source pretrained --h5 pusht_c2222.h5 --device cuda --mode long --episodes-file episodes/pusht_c2222.episodes25.json --goal-offset 25 --eval-budget 50 --num-eval 256 --score block --angles 20 5 --seed 42 --cem-seed 42
201	pusht	icem_oracle_s10	25	43	logs/rbY_pusht_icem_oracle_s10_t25_seed43.log	python -m surveyor.envs.pusht.eval --solver icem --subgoal oracle --stride 10 --horizon 2 --receding-horizon 2 --source pretrained --h5 pusht_c2222.h5 --device cuda --mode long --episodes-file episodes/pusht_c2222.episodes25.json --goal-offset 25 --eval-budget 50 --num-eval 256 --score block --angles 20 5 --seed 43 --cem-seed 43
202	pusht	icem_oracle_s10	25	44	logs/rbY_pusht_icem_oracle_s10_t25_seed44.log	python -m surveyor.envs.pusht.eval --solver icem --subgoal oracle --stride 10 --horizon 2 --receding-horizon 2 --source pretrained --h5 pusht_c2222.h5 --device cuda --mode long --episodes-file episodes/pusht_c2222.episodes25.json --goal-offset 25 --eval-budget 50 --num-eval 256 --score block --angles 20 5 --seed 44 --cem-seed 44
203	pusht	icem_oracle_s10	25	45	logs/rbY_pusht_icem_oracle_s10_t25_seed45.log	python -m surveyor.envs.pusht.eval --solver icem --subgoal oracle --stride 10 --horizon 2 --receding-horizon 2 --source pretrained --h5 pusht_c2222.h5 --device cuda --mode long --episodes-file episodes/pusht_c2222.episodes25.json --goal-offset 25 --eval-budget 50 --num-eval 256 --score block --angles 20 5 --seed 45 --cem-seed 45
204	pusht	icem_oracle_s10	25	46	logs/rbY_pusht_icem_oracle_s10_t25_seed46.log	python -m surveyor.envs.pusht.eval --solver icem --subgoal oracle --stride 10 --horizon 2 --receding-horizon 2 --source pretrained --h5 pusht_c2222.h5 --device cuda --mode long --episodes-file episodes/pusht_c2222.episodes25.json --goal-offset 25 --eval-budget 50 --num-eval 256 --score block --angles 20 5 --seed 46 --cem-seed 46
205	pusht	icem_oracle_s10	25	47	logs/rbY_pusht_icem_oracle_s10_t25_seed47.log	python -m surveyor.envs.pusht.eval --solver icem --subgoal oracle --stride 10 --horizon 2 --receding-horizon 2 --source pretrained --h5 pusht_c2222.h5 --device cuda --mode long --episodes-file episodes/pusht_c2222.episodes25.json --goal-offset 25 --eval-budget 50 --num-eval 256 --score block --angles 20 5 --seed 47 --cem-seed 47
206	pusht	icem_oracle_s10	25	48	logs/rbY_pusht_icem_oracle_s10_t25_seed48.log	python -m surveyor.envs.pusht.eval --solver icem --subgoal oracle --stride 10 --horizon 2 --receding-horizon 2 --source pretrained --h5 pusht_c2222.h5 --device cuda --mode long --episodes-file episodes/pusht_c2222.episodes25.json --goal-offset 25 --eval-budget 50 --num-eval 256 --score block --angles 20 5 --seed 48 --cem-seed 48
207	pusht	icem_oracle_s10	25	49	logs/rbY_pusht_icem_oracle_s10_t25_seed49.log	python -m surveyor.envs.pusht.eval --solver icem --subgoal oracle --stride 10 --horizon 2 --receding-horizon 2 --source pretrained --h5 pusht_c2222.h5 --device cuda --mode long --episodes-file episodes/pusht_c2222.episodes25.json --goal-offset 25 --eval-budget 50 --num-eval 256 --score block --angles 20 5 --seed 49 --cem-seed 49
208	pusht	icem_oracle_s10	50	42	logs/rbY_pusht_icem_oracle_s10_t50_seed42.log	python -m surveyor.envs.pusht.eval --solver icem --subgoal oracle --stride 10 --horizon 2 --receding-horizon 2 --source pretrained --h5 pusht_c2222.h5 --device cuda --mode long --episodes-file episodes/pusht_c2222.episodes50.json --goal-offset 50 --eval-budget 100 --num-eval 256 --score block --angles 20 5 --seed 42 --cem-seed 42
209	pusht	icem_oracle_s10	50	43	logs/rbY_pusht_icem_oracle_s10_t50_seed43.log	python -m surveyor.envs.pusht.eval --solver icem --subgoal oracle --stride 10 --horizon 2 --receding-horizon 2 --source pretrained --h5 pusht_c2222.h5 --device cuda --mode long --episodes-file episodes/pusht_c2222.episodes50.json --goal-offset 50 --eval-budget 100 --num-eval 256 --score block --angles 20 5 --seed 43 --cem-seed 43
210	pusht	icem_oracle_s10	50	44	logs/rbY_pusht_icem_oracle_s10_t50_seed44.log	python -m surveyor.envs.pusht.eval --solver icem --subgoal oracle --stride 10 --horizon 2 --receding-horizon 2 --source pretrained --h5 pusht_c2222.h5 --device cuda --mode long --episodes-file episodes/pusht_c2222.episodes50.json --goal-offset 50 --eval-budget 100 --num-eval 256 --score block --angles 20 5 --seed 44 --cem-seed 44
211	pusht	icem_oracle_s10	50	45	logs/rbY_pusht_icem_oracle_s10_t50_seed45.log	python -m surveyor.envs.pusht.eval --solver icem --subgoal oracle --stride 10 --horizon 2 --receding-horizon 2 --source pretrained --h5 pusht_c2222.h5 --device cuda --mode long --episodes-file episodes/pusht_c2222.episodes50.json --goal-offset 50 --eval-budget 100 --num-eval 256 --score block --angles 20 5 --seed 45 --cem-seed 45
212	pusht	icem_oracle_s10	50	46	logs/rbY_pusht_icem_oracle_s10_t50_seed46.log	python -m surveyor.envs.pusht.eval --solver icem --subgoal oracle --stride 10 --horizon 2 --receding-horizon 2 --source pretrained --h5 pusht_c2222.h5 --device cuda --mode long --episodes-file episodes/pusht_c2222.episodes50.json --goal-offset 50 --eval-budget 100 --num-eval 256 --score block --angles 20 5 --seed 46 --cem-seed 46
213	pusht	icem_oracle_s10	50	47	logs/rbY_pusht_icem_oracle_s10_t50_seed47.log	python -m surveyor.envs.pusht.eval --solver icem --subgoal oracle --stride 10 --horizon 2 --receding-horizon 2 --source pretrained --h5 pusht_c2222.h5 --device cuda --mode long --episodes-file episodes/pusht_c2222.episodes50.json --goal-offset 50 --eval-budget 100 --num-eval 256 --score block --angles 20 5 --seed 47 --cem-seed 47
214	pusht	icem_oracle_s10	50	48	logs/rbY_pusht_icem_oracle_s10_t50_seed48.log	python -m surveyor.envs.pusht.eval --solver icem --subgoal oracle --stride 10 --horizon 2 --receding-horizon 2 --source pretrained --h5 pusht_c2222.h5 --device cuda --mode long --episodes-file episodes/pusht_c2222.episodes50.json --goal-offset 50 --eval-budget 100 --num-eval 256 --score block --angles 20 5 --seed 48 --cem-seed 48
215	pusht	icem_oracle_s10	50	49	logs/rbY_pusht_icem_oracle_s10_t50_seed49.log	python -m surveyor.envs.pusht.eval --solver icem --subgoal oracle --stride 10 --horizon 2 --receding-horizon 2 --source pretrained --h5 pusht_c2222.h5 --device cuda --mode long --episodes-file episodes/pusht_c2222.episodes50.json --goal-offset 50 --eval-budget 100 --num-eval 256 --score block --angles 20 5 --seed 49 --cem-seed 49
216	pusht	icem_oracle_s10	75	42	logs/rbY_pusht_icem_oracle_s10_t75_seed42.log	python -m surveyor.envs.pusht.eval --solver icem --subgoal oracle --stride 10 --horizon 2 --receding-horizon 2 --source pretrained --h5 pusht_c2222.h5 --device cuda --mode long --episodes-file episodes/pusht_c2222.episodes75.json --goal-offset 75 --eval-budget 150 --num-eval 256 --score block --angles 20 5 --seed 42 --cem-seed 42
217	pusht	icem_oracle_s10	75	43	logs/rbY_pusht_icem_oracle_s10_t75_seed43.log	python -m surveyor.envs.pusht.eval --solver icem --subgoal oracle --stride 10 --horizon 2 --receding-horizon 2 --source pretrained --h5 pusht_c2222.h5 --device cuda --mode long --episodes-file episodes/pusht_c2222.episodes75.json --goal-offset 75 --eval-budget 150 --num-eval 256 --score block --angles 20 5 --seed 43 --cem-seed 43
218	pusht	icem_oracle_s10	75	44	logs/rbY_pusht_icem_oracle_s10_t75_seed44.log	python -m surveyor.envs.pusht.eval --solver icem --subgoal oracle --stride 10 --horizon 2 --receding-horizon 2 --source pretrained --h5 pusht_c2222.h5 --device cuda --mode long --episodes-file episodes/pusht_c2222.episodes75.json --goal-offset 75 --eval-budget 150 --num-eval 256 --score block --angles 20 5 --seed 44 --cem-seed 44
219	pusht	icem_oracle_s10	75	45	logs/rbY_pusht_icem_oracle_s10_t75_seed45.log	python -m surveyor.envs.pusht.eval --solver icem --subgoal oracle --stride 10 --horizon 2 --receding-horizon 2 --source pretrained --h5 pusht_c2222.h5 --device cuda --mode long --episodes-file episodes/pusht_c2222.episodes75.json --goal-offset 75 --eval-budget 150 --num-eval 256 --score block --angles 20 5 --seed 45 --cem-seed 45
220	pusht	icem_oracle_s10	75	46	logs/rbY_pusht_icem_oracle_s10_t75_seed46.log	python -m surveyor.envs.pusht.eval --solver icem --subgoal oracle --stride 10 --horizon 2 --receding-horizon 2 --source pretrained --h5 pusht_c2222.h5 --device cuda --mode long --episodes-file episodes/pusht_c2222.episodes75.json --goal-offset 75 --eval-budget 150 --num-eval 256 --score block --angles 20 5 --seed 46 --cem-seed 46
221	pusht	icem_oracle_s10	75	47	logs/rbY_pusht_icem_oracle_s10_t75_seed47.log	python -m surveyor.envs.pusht.eval --solver icem --subgoal oracle --stride 10 --horizon 2 --receding-horizon 2 --source pretrained --h5 pusht_c2222.h5 --device cuda --mode long --episodes-file episodes/pusht_c2222.episodes75.json --goal-offset 75 --eval-budget 150 --num-eval 256 --score block --angles 20 5 --seed 47 --cem-seed 47
222	pusht	icem_oracle_s10	75	48	logs/rbY_pusht_icem_oracle_s10_t75_seed48.log	python -m surveyor.envs.pusht.eval --solver icem --subgoal oracle --stride 10 --horizon 2 --receding-horizon 2 --source pretrained --h5 pusht_c2222.h5 --device cuda --mode long --episodes-file episodes/pusht_c2222.episodes75.json --goal-offset 75 --eval-budget 150 --num-eval 256 --score block --angles 20 5 --seed 48 --cem-seed 48
223	pusht	icem_oracle_s10	75	49	logs/rbY_pusht_icem_oracle_s10_t75_seed49.log	python -m surveyor.envs.pusht.eval --solver icem --subgoal oracle --stride 10 --horizon 2 --receding-horizon 2 --source pretrained --h5 pusht_c2222.h5 --device cuda --mode long --episodes-file episodes/pusht_c2222.episodes75.json --goal-offset 75 --eval-budget 150 --num-eval 256 --score block --angles 20 5 --seed 49 --cem-seed 49
224	pusht	icem_oracle_s10	100	42	logs/rbY_pusht_icem_oracle_s10_t100_seed42.log	python -m surveyor.envs.pusht.eval --solver icem --subgoal oracle --stride 10 --horizon 2 --receding-horizon 2 --source pretrained --h5 pusht_c2222.h5 --device cuda --mode long --episodes-file episodes/pusht_c2222.episodes100.json --goal-offset 100 --eval-budget 200 --num-eval 256 --score block --angles 20 5 --seed 42 --cem-seed 42
225	pusht	icem_oracle_s10	100	43	logs/rbY_pusht_icem_oracle_s10_t100_seed43.log	python -m surveyor.envs.pusht.eval --solver icem --subgoal oracle --stride 10 --horizon 2 --receding-horizon 2 --source pretrained --h5 pusht_c2222.h5 --device cuda --mode long --episodes-file episodes/pusht_c2222.episodes100.json --goal-offset 100 --eval-budget 200 --num-eval 256 --score block --angles 20 5 --seed 43 --cem-seed 43
226	pusht	icem_oracle_s10	100	44	logs/rbY_pusht_icem_oracle_s10_t100_seed44.log	python -m surveyor.envs.pusht.eval --solver icem --subgoal oracle --stride 10 --horizon 2 --receding-horizon 2 --source pretrained --h5 pusht_c2222.h5 --device cuda --mode long --episodes-file episodes/pusht_c2222.episodes100.json --goal-offset 100 --eval-budget 200 --num-eval 256 --score block --angles 20 5 --seed 44 --cem-seed 44
227	pusht	icem_oracle_s10	100	45	logs/rbY_pusht_icem_oracle_s10_t100_seed45.log	python -m surveyor.envs.pusht.eval --solver icem --subgoal oracle --stride 10 --horizon 2 --receding-horizon 2 --source pretrained --h5 pusht_c2222.h5 --device cuda --mode long --episodes-file episodes/pusht_c2222.episodes100.json --goal-offset 100 --eval-budget 200 --num-eval 256 --score block --angles 20 5 --seed 45 --cem-seed 45
228	pusht	icem_oracle_s10	100	46	logs/rbY_pusht_icem_oracle_s10_t100_seed46.log	python -m surveyor.envs.pusht.eval --solver icem --subgoal oracle --stride 10 --horizon 2 --receding-horizon 2 --source pretrained --h5 pusht_c2222.h5 --device cuda --mode long --episodes-file episodes/pusht_c2222.episodes100.json --goal-offset 100 --eval-budget 200 --num-eval 256 --score block --angles 20 5 --seed 46 --cem-seed 46
229	pusht	icem_oracle_s10	100	47	logs/rbY_pusht_icem_oracle_s10_t100_seed47.log	python -m surveyor.envs.pusht.eval --solver icem --subgoal oracle --stride 10 --horizon 2 --receding-horizon 2 --source pretrained --h5 pusht_c2222.h5 --device cuda --mode long --episodes-file episodes/pusht_c2222.episodes100.json --goal-offset 100 --eval-budget 200 --num-eval 256 --score block --angles 20 5 --seed 47 --cem-seed 47
230	pusht	icem_oracle_s10	100	48	logs/rbY_pusht_icem_oracle_s10_t100_seed48.log	python -m surveyor.envs.pusht.eval --solver icem --subgoal oracle --stride 10 --horizon 2 --receding-horizon 2 --source pretrained --h5 pusht_c2222.h5 --device cuda --mode long --episodes-file episodes/pusht_c2222.episodes100.json --goal-offset 100 --eval-budget 200 --num-eval 256 --score block --angles 20 5 --seed 48 --cem-seed 48
231	pusht	icem_oracle_s10	100	49	logs/rbY_pusht_icem_oracle_s10_t100_seed49.log	python -m surveyor.envs.pusht.eval --solver icem --subgoal oracle --stride 10 --horizon 2 --receding-horizon 2 --source pretrained --h5 pusht_c2222.h5 --device cuda --mode long --episodes-file episodes/pusht_c2222.episodes100.json --goal-offset 100 --eval-budget 200 --num-eval 256 --score block --angles 20 5 --seed 49 --cem-seed 49
232	pusht	icem_oracle_s10	150	42	logs/rbY_pusht_icem_oracle_s10_t150_seed42.log	python -m surveyor.envs.pusht.eval --solver icem --subgoal oracle --stride 10 --horizon 2 --receding-horizon 2 --source pretrained --h5 pusht_c2222.h5 --device cuda --mode long --episodes-file episodes/pusht_c2222.episodes150.json --goal-offset 150 --eval-budget 300 --num-eval 256 --score block --angles 20 5 --seed 42 --cem-seed 42
233	pusht	icem_oracle_s10	150	43	logs/rbY_pusht_icem_oracle_s10_t150_seed43.log	python -m surveyor.envs.pusht.eval --solver icem --subgoal oracle --stride 10 --horizon 2 --receding-horizon 2 --source pretrained --h5 pusht_c2222.h5 --device cuda --mode long --episodes-file episodes/pusht_c2222.episodes150.json --goal-offset 150 --eval-budget 300 --num-eval 256 --score block --angles 20 5 --seed 43 --cem-seed 43
234	pusht	icem_oracle_s10	150	44	logs/rbY_pusht_icem_oracle_s10_t150_seed44.log	python -m surveyor.envs.pusht.eval --solver icem --subgoal oracle --stride 10 --horizon 2 --receding-horizon 2 --source pretrained --h5 pusht_c2222.h5 --device cuda --mode long --episodes-file episodes/pusht_c2222.episodes150.json --goal-offset 150 --eval-budget 300 --num-eval 256 --score block --angles 20 5 --seed 44 --cem-seed 44
235	pusht	icem_oracle_s10	150	45	logs/rbY_pusht_icem_oracle_s10_t150_seed45.log	python -m surveyor.envs.pusht.eval --solver icem --subgoal oracle --stride 10 --horizon 2 --receding-horizon 2 --source pretrained --h5 pusht_c2222.h5 --device cuda --mode long --episodes-file episodes/pusht_c2222.episodes150.json --goal-offset 150 --eval-budget 300 --num-eval 256 --score block --angles 20 5 --seed 45 --cem-seed 45
236	pusht	icem_oracle_s10	150	46	logs/rbY_pusht_icem_oracle_s10_t150_seed46.log	python -m surveyor.envs.pusht.eval --solver icem --subgoal oracle --stride 10 --horizon 2 --receding-horizon 2 --source pretrained --h5 pusht_c2222.h5 --device cuda --mode long --episodes-file episodes/pusht_c2222.episodes150.json --goal-offset 150 --eval-budget 300 --num-eval 256 --score block --angles 20 5 --seed 46 --cem-seed 46
237	pusht	icem_oracle_s10	150	47	logs/rbY_pusht_icem_oracle_s10_t150_seed47.log	python -m surveyor.envs.pusht.eval --solver icem --subgoal oracle --stride 10 --horizon 2 --receding-horizon 2 --source pretrained --h5 pusht_c2222.h5 --device cuda --mode long --episodes-file episodes/pusht_c2222.episodes150.json --goal-offset 150 --eval-budget 300 --num-eval 256 --score block --angles 20 5 --seed 47 --cem-seed 47
238	pusht	icem_oracle_s10	150	48	logs/rbY_pusht_icem_oracle_s10_t150_seed48.log	python -m surveyor.envs.pusht.eval --solver icem --subgoal oracle --stride 10 --horizon 2 --receding-horizon 2 --source pretrained --h5 pusht_c2222.h5 --device cuda --mode long --episodes-file episodes/pusht_c2222.episodes150.json --goal-offset 150 --eval-budget 300 --num-eval 256 --score block --angles 20 5 --seed 48 --cem-seed 48
239	pusht	icem_oracle_s10	150	49	logs/rbY_pusht_icem_oracle_s10_t150_seed49.log	python -m surveyor.envs.pusht.eval --solver icem --subgoal oracle --stride 10 --horizon 2 --receding-horizon 2 --source pretrained --h5 pusht_c2222.h5 --device cuda --mode long --episodes-file episodes/pusht_c2222.episodes150.json --goal-offset 150 --eval-budget 300 --num-eval 256 --score block --angles 20 5 --seed 49 --cem-seed 49
240	pusht	mppi_oracle_s10	25	42	logs/rbY_pusht_mppi_oracle_s10_t25_seed42.log	python -m surveyor.envs.pusht.eval --solver mppi --subgoal oracle --stride 10 --horizon 2 --receding-horizon 2 --source pretrained --h5 pusht_c2222.h5 --device cuda --mode long --episodes-file episodes/pusht_c2222.episodes25.json --goal-offset 25 --eval-budget 50 --num-eval 256 --score block --angles 20 5 --seed 42 --cem-seed 42
241	pusht	mppi_oracle_s10	25	43	logs/rbY_pusht_mppi_oracle_s10_t25_seed43.log	python -m surveyor.envs.pusht.eval --solver mppi --subgoal oracle --stride 10 --horizon 2 --receding-horizon 2 --source pretrained --h5 pusht_c2222.h5 --device cuda --mode long --episodes-file episodes/pusht_c2222.episodes25.json --goal-offset 25 --eval-budget 50 --num-eval 256 --score block --angles 20 5 --seed 43 --cem-seed 43
242	pusht	mppi_oracle_s10	25	44	logs/rbY_pusht_mppi_oracle_s10_t25_seed44.log	python -m surveyor.envs.pusht.eval --solver mppi --subgoal oracle --stride 10 --horizon 2 --receding-horizon 2 --source pretrained --h5 pusht_c2222.h5 --device cuda --mode long --episodes-file episodes/pusht_c2222.episodes25.json --goal-offset 25 --eval-budget 50 --num-eval 256 --score block --angles 20 5 --seed 44 --cem-seed 44
243	pusht	mppi_oracle_s10	25	45	logs/rbY_pusht_mppi_oracle_s10_t25_seed45.log	python -m surveyor.envs.pusht.eval --solver mppi --subgoal oracle --stride 10 --horizon 2 --receding-horizon 2 --source pretrained --h5 pusht_c2222.h5 --device cuda --mode long --episodes-file episodes/pusht_c2222.episodes25.json --goal-offset 25 --eval-budget 50 --num-eval 256 --score block --angles 20 5 --seed 45 --cem-seed 45
244	pusht	mppi_oracle_s10	25	46	logs/rbY_pusht_mppi_oracle_s10_t25_seed46.log	python -m surveyor.envs.pusht.eval --solver mppi --subgoal oracle --stride 10 --horizon 2 --receding-horizon 2 --source pretrained --h5 pusht_c2222.h5 --device cuda --mode long --episodes-file episodes/pusht_c2222.episodes25.json --goal-offset 25 --eval-budget 50 --num-eval 256 --score block --angles 20 5 --seed 46 --cem-seed 46
245	pusht	mppi_oracle_s10	25	47	logs/rbY_pusht_mppi_oracle_s10_t25_seed47.log	python -m surveyor.envs.pusht.eval --solver mppi --subgoal oracle --stride 10 --horizon 2 --receding-horizon 2 --source pretrained --h5 pusht_c2222.h5 --device cuda --mode long --episodes-file episodes/pusht_c2222.episodes25.json --goal-offset 25 --eval-budget 50 --num-eval 256 --score block --angles 20 5 --seed 47 --cem-seed 47
246	pusht	mppi_oracle_s10	25	48	logs/rbY_pusht_mppi_oracle_s10_t25_seed48.log	python -m surveyor.envs.pusht.eval --solver mppi --subgoal oracle --stride 10 --horizon 2 --receding-horizon 2 --source pretrained --h5 pusht_c2222.h5 --device cuda --mode long --episodes-file episodes/pusht_c2222.episodes25.json --goal-offset 25 --eval-budget 50 --num-eval 256 --score block --angles 20 5 --seed 48 --cem-seed 48
247	pusht	mppi_oracle_s10	25	49	logs/rbY_pusht_mppi_oracle_s10_t25_seed49.log	python -m surveyor.envs.pusht.eval --solver mppi --subgoal oracle --stride 10 --horizon 2 --receding-horizon 2 --source pretrained --h5 pusht_c2222.h5 --device cuda --mode long --episodes-file episodes/pusht_c2222.episodes25.json --goal-offset 25 --eval-budget 50 --num-eval 256 --score block --angles 20 5 --seed 49 --cem-seed 49
248	pusht	mppi_oracle_s10	50	42	logs/rbY_pusht_mppi_oracle_s10_t50_seed42.log	python -m surveyor.envs.pusht.eval --solver mppi --subgoal oracle --stride 10 --horizon 2 --receding-horizon 2 --source pretrained --h5 pusht_c2222.h5 --device cuda --mode long --episodes-file episodes/pusht_c2222.episodes50.json --goal-offset 50 --eval-budget 100 --num-eval 256 --score block --angles 20 5 --seed 42 --cem-seed 42
249	pusht	mppi_oracle_s10	50	43	logs/rbY_pusht_mppi_oracle_s10_t50_seed43.log	python -m surveyor.envs.pusht.eval --solver mppi --subgoal oracle --stride 10 --horizon 2 --receding-horizon 2 --source pretrained --h5 pusht_c2222.h5 --device cuda --mode long --episodes-file episodes/pusht_c2222.episodes50.json --goal-offset 50 --eval-budget 100 --num-eval 256 --score block --angles 20 5 --seed 43 --cem-seed 43
250	pusht	mppi_oracle_s10	50	44	logs/rbY_pusht_mppi_oracle_s10_t50_seed44.log	python -m surveyor.envs.pusht.eval --solver mppi --subgoal oracle --stride 10 --horizon 2 --receding-horizon 2 --source pretrained --h5 pusht_c2222.h5 --device cuda --mode long --episodes-file episodes/pusht_c2222.episodes50.json --goal-offset 50 --eval-budget 100 --num-eval 256 --score block --angles 20 5 --seed 44 --cem-seed 44
251	pusht	mppi_oracle_s10	50	45	logs/rbY_pusht_mppi_oracle_s10_t50_seed45.log	python -m surveyor.envs.pusht.eval --solver mppi --subgoal oracle --stride 10 --horizon 2 --receding-horizon 2 --source pretrained --h5 pusht_c2222.h5 --device cuda --mode long --episodes-file episodes/pusht_c2222.episodes50.json --goal-offset 50 --eval-budget 100 --num-eval 256 --score block --angles 20 5 --seed 45 --cem-seed 45
252	pusht	mppi_oracle_s10	50	46	logs/rbY_pusht_mppi_oracle_s10_t50_seed46.log	python -m surveyor.envs.pusht.eval --solver mppi --subgoal oracle --stride 10 --horizon 2 --receding-horizon 2 --source pretrained --h5 pusht_c2222.h5 --device cuda --mode long --episodes-file episodes/pusht_c2222.episodes50.json --goal-offset 50 --eval-budget 100 --num-eval 256 --score block --angles 20 5 --seed 46 --cem-seed 46
253	pusht	mppi_oracle_s10	50	47	logs/rbY_pusht_mppi_oracle_s10_t50_seed47.log	python -m surveyor.envs.pusht.eval --solver mppi --subgoal oracle --stride 10 --horizon 2 --receding-horizon 2 --source pretrained --h5 pusht_c2222.h5 --device cuda --mode long --episodes-file episodes/pusht_c2222.episodes50.json --goal-offset 50 --eval-budget 100 --num-eval 256 --score block --angles 20 5 --seed 47 --cem-seed 47
254	pusht	mppi_oracle_s10	50	48	logs/rbY_pusht_mppi_oracle_s10_t50_seed48.log	python -m surveyor.envs.pusht.eval --solver mppi --subgoal oracle --stride 10 --horizon 2 --receding-horizon 2 --source pretrained --h5 pusht_c2222.h5 --device cuda --mode long --episodes-file episodes/pusht_c2222.episodes50.json --goal-offset 50 --eval-budget 100 --num-eval 256 --score block --angles 20 5 --seed 48 --cem-seed 48
255	pusht	mppi_oracle_s10	50	49	logs/rbY_pusht_mppi_oracle_s10_t50_seed49.log	python -m surveyor.envs.pusht.eval --solver mppi --subgoal oracle --stride 10 --horizon 2 --receding-horizon 2 --source pretrained --h5 pusht_c2222.h5 --device cuda --mode long --episodes-file episodes/pusht_c2222.episodes50.json --goal-offset 50 --eval-budget 100 --num-eval 256 --score block --angles 20 5 --seed 49 --cem-seed 49
256	pusht	mppi_oracle_s10	75	42	logs/rbY_pusht_mppi_oracle_s10_t75_seed42.log	python -m surveyor.envs.pusht.eval --solver mppi --subgoal oracle --stride 10 --horizon 2 --receding-horizon 2 --source pretrained --h5 pusht_c2222.h5 --device cuda --mode long --episodes-file episodes/pusht_c2222.episodes75.json --goal-offset 75 --eval-budget 150 --num-eval 256 --score block --angles 20 5 --seed 42 --cem-seed 42
257	pusht	mppi_oracle_s10	75	43	logs/rbY_pusht_mppi_oracle_s10_t75_seed43.log	python -m surveyor.envs.pusht.eval --solver mppi --subgoal oracle --stride 10 --horizon 2 --receding-horizon 2 --source pretrained --h5 pusht_c2222.h5 --device cuda --mode long --episodes-file episodes/pusht_c2222.episodes75.json --goal-offset 75 --eval-budget 150 --num-eval 256 --score block --angles 20 5 --seed 43 --cem-seed 43
258	pusht	mppi_oracle_s10	75	44	logs/rbY_pusht_mppi_oracle_s10_t75_seed44.log	python -m surveyor.envs.pusht.eval --solver mppi --subgoal oracle --stride 10 --horizon 2 --receding-horizon 2 --source pretrained --h5 pusht_c2222.h5 --device cuda --mode long --episodes-file episodes/pusht_c2222.episodes75.json --goal-offset 75 --eval-budget 150 --num-eval 256 --score block --angles 20 5 --seed 44 --cem-seed 44
259	pusht	mppi_oracle_s10	75	45	logs/rbY_pusht_mppi_oracle_s10_t75_seed45.log	python -m surveyor.envs.pusht.eval --solver mppi --subgoal oracle --stride 10 --horizon 2 --receding-horizon 2 --source pretrained --h5 pusht_c2222.h5 --device cuda --mode long --episodes-file episodes/pusht_c2222.episodes75.json --goal-offset 75 --eval-budget 150 --num-eval 256 --score block --angles 20 5 --seed 45 --cem-seed 45
260	pusht	mppi_oracle_s10	75	46	logs/rbY_pusht_mppi_oracle_s10_t75_seed46.log	python -m surveyor.envs.pusht.eval --solver mppi --subgoal oracle --stride 10 --horizon 2 --receding-horizon 2 --source pretrained --h5 pusht_c2222.h5 --device cuda --mode long --episodes-file episodes/pusht_c2222.episodes75.json --goal-offset 75 --eval-budget 150 --num-eval 256 --score block --angles 20 5 --seed 46 --cem-seed 46
261	pusht	mppi_oracle_s10	75	47	logs/rbY_pusht_mppi_oracle_s10_t75_seed47.log	python -m surveyor.envs.pusht.eval --solver mppi --subgoal oracle --stride 10 --horizon 2 --receding-horizon 2 --source pretrained --h5 pusht_c2222.h5 --device cuda --mode long --episodes-file episodes/pusht_c2222.episodes75.json --goal-offset 75 --eval-budget 150 --num-eval 256 --score block --angles 20 5 --seed 47 --cem-seed 47
262	pusht	mppi_oracle_s10	75	48	logs/rbY_pusht_mppi_oracle_s10_t75_seed48.log	python -m surveyor.envs.pusht.eval --solver mppi --subgoal oracle --stride 10 --horizon 2 --receding-horizon 2 --source pretrained --h5 pusht_c2222.h5 --device cuda --mode long --episodes-file episodes/pusht_c2222.episodes75.json --goal-offset 75 --eval-budget 150 --num-eval 256 --score block --angles 20 5 --seed 48 --cem-seed 48
263	pusht	mppi_oracle_s10	75	49	logs/rbY_pusht_mppi_oracle_s10_t75_seed49.log	python -m surveyor.envs.pusht.eval --solver mppi --subgoal oracle --stride 10 --horizon 2 --receding-horizon 2 --source pretrained --h5 pusht_c2222.h5 --device cuda --mode long --episodes-file episodes/pusht_c2222.episodes75.json --goal-offset 75 --eval-budget 150 --num-eval 256 --score block --angles 20 5 --seed 49 --cem-seed 49
264	pusht	mppi_oracle_s10	100	42	logs/rbY_pusht_mppi_oracle_s10_t100_seed42.log	python -m surveyor.envs.pusht.eval --solver mppi --subgoal oracle --stride 10 --horizon 2 --receding-horizon 2 --source pretrained --h5 pusht_c2222.h5 --device cuda --mode long --episodes-file episodes/pusht_c2222.episodes100.json --goal-offset 100 --eval-budget 200 --num-eval 256 --score block --angles 20 5 --seed 42 --cem-seed 42
265	pusht	mppi_oracle_s10	100	43	logs/rbY_pusht_mppi_oracle_s10_t100_seed43.log	python -m surveyor.envs.pusht.eval --solver mppi --subgoal oracle --stride 10 --horizon 2 --receding-horizon 2 --source pretrained --h5 pusht_c2222.h5 --device cuda --mode long --episodes-file episodes/pusht_c2222.episodes100.json --goal-offset 100 --eval-budget 200 --num-eval 256 --score block --angles 20 5 --seed 43 --cem-seed 43
266	pusht	mppi_oracle_s10	100	44	logs/rbY_pusht_mppi_oracle_s10_t100_seed44.log	python -m surveyor.envs.pusht.eval --solver mppi --subgoal oracle --stride 10 --horizon 2 --receding-horizon 2 --source pretrained --h5 pusht_c2222.h5 --device cuda --mode long --episodes-file episodes/pusht_c2222.episodes100.json --goal-offset 100 --eval-budget 200 --num-eval 256 --score block --angles 20 5 --seed 44 --cem-seed 44
267	pusht	mppi_oracle_s10	100	45	logs/rbY_pusht_mppi_oracle_s10_t100_seed45.log	python -m surveyor.envs.pusht.eval --solver mppi --subgoal oracle --stride 10 --horizon 2 --receding-horizon 2 --source pretrained --h5 pusht_c2222.h5 --device cuda --mode long --episodes-file episodes/pusht_c2222.episodes100.json --goal-offset 100 --eval-budget 200 --num-eval 256 --score block --angles 20 5 --seed 45 --cem-seed 45
268	pusht	mppi_oracle_s10	100	46	logs/rbY_pusht_mppi_oracle_s10_t100_seed46.log	python -m surveyor.envs.pusht.eval --solver mppi --subgoal oracle --stride 10 --horizon 2 --receding-horizon 2 --source pretrained --h5 pusht_c2222.h5 --device cuda --mode long --episodes-file episodes/pusht_c2222.episodes100.json --goal-offset 100 --eval-budget 200 --num-eval 256 --score block --angles 20 5 --seed 46 --cem-seed 46
269	pusht	mppi_oracle_s10	100	47	logs/rbY_pusht_mppi_oracle_s10_t100_seed47.log	python -m surveyor.envs.pusht.eval --solver mppi --subgoal oracle --stride 10 --horizon 2 --receding-horizon 2 --source pretrained --h5 pusht_c2222.h5 --device cuda --mode long --episodes-file episodes/pusht_c2222.episodes100.json --goal-offset 100 --eval-budget 200 --num-eval 256 --score block --angles 20 5 --seed 47 --cem-seed 47
270	pusht	mppi_oracle_s10	100	48	logs/rbY_pusht_mppi_oracle_s10_t100_seed48.log	python -m surveyor.envs.pusht.eval --solver mppi --subgoal oracle --stride 10 --horizon 2 --receding-horizon 2 --source pretrained --h5 pusht_c2222.h5 --device cuda --mode long --episodes-file episodes/pusht_c2222.episodes100.json --goal-offset 100 --eval-budget 200 --num-eval 256 --score block --angles 20 5 --seed 48 --cem-seed 48
271	pusht	mppi_oracle_s10	100	49	logs/rbY_pusht_mppi_oracle_s10_t100_seed49.log	python -m surveyor.envs.pusht.eval --solver mppi --subgoal oracle --stride 10 --horizon 2 --receding-horizon 2 --source pretrained --h5 pusht_c2222.h5 --device cuda --mode long --episodes-file episodes/pusht_c2222.episodes100.json --goal-offset 100 --eval-budget 200 --num-eval 256 --score block --angles 20 5 --seed 49 --cem-seed 49
272	pusht	mppi_oracle_s10	150	42	logs/rbY_pusht_mppi_oracle_s10_t150_seed42.log	python -m surveyor.envs.pusht.eval --solver mppi --subgoal oracle --stride 10 --horizon 2 --receding-horizon 2 --source pretrained --h5 pusht_c2222.h5 --device cuda --mode long --episodes-file episodes/pusht_c2222.episodes150.json --goal-offset 150 --eval-budget 300 --num-eval 256 --score block --angles 20 5 --seed 42 --cem-seed 42
273	pusht	mppi_oracle_s10	150	43	logs/rbY_pusht_mppi_oracle_s10_t150_seed43.log	python -m surveyor.envs.pusht.eval --solver mppi --subgoal oracle --stride 10 --horizon 2 --receding-horizon 2 --source pretrained --h5 pusht_c2222.h5 --device cuda --mode long --episodes-file episodes/pusht_c2222.episodes150.json --goal-offset 150 --eval-budget 300 --num-eval 256 --score block --angles 20 5 --seed 43 --cem-seed 43
274	pusht	mppi_oracle_s10	150	44	logs/rbY_pusht_mppi_oracle_s10_t150_seed44.log	python -m surveyor.envs.pusht.eval --solver mppi --subgoal oracle --stride 10 --horizon 2 --receding-horizon 2 --source pretrained --h5 pusht_c2222.h5 --device cuda --mode long --episodes-file episodes/pusht_c2222.episodes150.json --goal-offset 150 --eval-budget 300 --num-eval 256 --score block --angles 20 5 --seed 44 --cem-seed 44
275	pusht	mppi_oracle_s10	150	45	logs/rbY_pusht_mppi_oracle_s10_t150_seed45.log	python -m surveyor.envs.pusht.eval --solver mppi --subgoal oracle --stride 10 --horizon 2 --receding-horizon 2 --source pretrained --h5 pusht_c2222.h5 --device cuda --mode long --episodes-file episodes/pusht_c2222.episodes150.json --goal-offset 150 --eval-budget 300 --num-eval 256 --score block --angles 20 5 --seed 45 --cem-seed 45
276	pusht	mppi_oracle_s10	150	46	logs/rbY_pusht_mppi_oracle_s10_t150_seed46.log	python -m surveyor.envs.pusht.eval --solver mppi --subgoal oracle --stride 10 --horizon 2 --receding-horizon 2 --source pretrained --h5 pusht_c2222.h5 --device cuda --mode long --episodes-file episodes/pusht_c2222.episodes150.json --goal-offset 150 --eval-budget 300 --num-eval 256 --score block --angles 20 5 --seed 46 --cem-seed 46
277	pusht	mppi_oracle_s10	150	47	logs/rbY_pusht_mppi_oracle_s10_t150_seed47.log	python -m surveyor.envs.pusht.eval --solver mppi --subgoal oracle --stride 10 --horizon 2 --receding-horizon 2 --source pretrained --h5 pusht_c2222.h5 --device cuda --mode long --episodes-file episodes/pusht_c2222.episodes150.json --goal-offset 150 --eval-budget 300 --num-eval 256 --score block --angles 20 5 --seed 47 --cem-seed 47
278	pusht	mppi_oracle_s10	150	48	logs/rbY_pusht_mppi_oracle_s10_t150_seed48.log	python -m surveyor.envs.pusht.eval --solver mppi --subgoal oracle --stride 10 --horizon 2 --receding-horizon 2 --source pretrained --h5 pusht_c2222.h5 --device cuda --mode long --episodes-file episodes/pusht_c2222.episodes150.json --goal-offset 150 --eval-budget 300 --num-eval 256 --score block --angles 20 5 --seed 48 --cem-seed 48
279	pusht	mppi_oracle_s10	150	49	logs/rbY_pusht_mppi_oracle_s10_t150_seed49.log	python -m surveyor.envs.pusht.eval --solver mppi --subgoal oracle --stride 10 --horizon 2 --receding-horizon 2 --source pretrained --h5 pusht_c2222.h5 --device cuda --mode long --episodes-file episodes/pusht_c2222.episodes150.json --goal-offset 150 --eval-budget 300 --num-eval 256 --score block --angles 20 5 --seed 49 --cem-seed 49
280	pusht	oracle_s10	25	42	logs/rbY_pusht_oracle_s10_t25_seed42.log	python -m surveyor.envs.pusht.eval --subgoal oracle --stride 10 --horizon 2 --receding-horizon 2 --source pretrained --h5 pusht_c2222.h5 --device cuda --mode long --episodes-file episodes/pusht_c2222.episodes25.json --goal-offset 25 --eval-budget 50 --num-eval 256 --score block --angles 20 5 --seed 42 --cem-seed 42
281	pusht	oracle_s10	25	43	logs/rbY_pusht_oracle_s10_t25_seed43.log	python -m surveyor.envs.pusht.eval --subgoal oracle --stride 10 --horizon 2 --receding-horizon 2 --source pretrained --h5 pusht_c2222.h5 --device cuda --mode long --episodes-file episodes/pusht_c2222.episodes25.json --goal-offset 25 --eval-budget 50 --num-eval 256 --score block --angles 20 5 --seed 43 --cem-seed 43
282	pusht	oracle_s10	25	44	logs/rbY_pusht_oracle_s10_t25_seed44.log	python -m surveyor.envs.pusht.eval --subgoal oracle --stride 10 --horizon 2 --receding-horizon 2 --source pretrained --h5 pusht_c2222.h5 --device cuda --mode long --episodes-file episodes/pusht_c2222.episodes25.json --goal-offset 25 --eval-budget 50 --num-eval 256 --score block --angles 20 5 --seed 44 --cem-seed 44
283	pusht	oracle_s10	25	45	logs/rbY_pusht_oracle_s10_t25_seed45.log	python -m surveyor.envs.pusht.eval --subgoal oracle --stride 10 --horizon 2 --receding-horizon 2 --source pretrained --h5 pusht_c2222.h5 --device cuda --mode long --episodes-file episodes/pusht_c2222.episodes25.json --goal-offset 25 --eval-budget 50 --num-eval 256 --score block --angles 20 5 --seed 45 --cem-seed 45
284	pusht	oracle_s10	25	46	logs/rbY_pusht_oracle_s10_t25_seed46.log	python -m surveyor.envs.pusht.eval --subgoal oracle --stride 10 --horizon 2 --receding-horizon 2 --source pretrained --h5 pusht_c2222.h5 --device cuda --mode long --episodes-file episodes/pusht_c2222.episodes25.json --goal-offset 25 --eval-budget 50 --num-eval 256 --score block --angles 20 5 --seed 46 --cem-seed 46
285	pusht	oracle_s10	25	47	logs/rbY_pusht_oracle_s10_t25_seed47.log	python -m surveyor.envs.pusht.eval --subgoal oracle --stride 10 --horizon 2 --receding-horizon 2 --source pretrained --h5 pusht_c2222.h5 --device cuda --mode long --episodes-file episodes/pusht_c2222.episodes25.json --goal-offset 25 --eval-budget 50 --num-eval 256 --score block --angles 20 5 --seed 47 --cem-seed 47
286	pusht	oracle_s10	25	48	logs/rbY_pusht_oracle_s10_t25_seed48.log	python -m surveyor.envs.pusht.eval --subgoal oracle --stride 10 --horizon 2 --receding-horizon 2 --source pretrained --h5 pusht_c2222.h5 --device cuda --mode long --episodes-file episodes/pusht_c2222.episodes25.json --goal-offset 25 --eval-budget 50 --num-eval 256 --score block --angles 20 5 --seed 48 --cem-seed 48
287	pusht	oracle_s10	25	49	logs/rbY_pusht_oracle_s10_t25_seed49.log	python -m surveyor.envs.pusht.eval --subgoal oracle --stride 10 --horizon 2 --receding-horizon 2 --source pretrained --h5 pusht_c2222.h5 --device cuda --mode long --episodes-file episodes/pusht_c2222.episodes25.json --goal-offset 25 --eval-budget 50 --num-eval 256 --score block --angles 20 5 --seed 49 --cem-seed 49
288	pusht	oracle_s10	50	42	logs/rbY_pusht_oracle_s10_t50_seed42.log	python -m surveyor.envs.pusht.eval --subgoal oracle --stride 10 --horizon 2 --receding-horizon 2 --source pretrained --h5 pusht_c2222.h5 --device cuda --mode long --episodes-file episodes/pusht_c2222.episodes50.json --goal-offset 50 --eval-budget 100 --num-eval 256 --score block --angles 20 5 --seed 42 --cem-seed 42
289	pusht	oracle_s10	50	43	logs/rbY_pusht_oracle_s10_t50_seed43.log	python -m surveyor.envs.pusht.eval --subgoal oracle --stride 10 --horizon 2 --receding-horizon 2 --source pretrained --h5 pusht_c2222.h5 --device cuda --mode long --episodes-file episodes/pusht_c2222.episodes50.json --goal-offset 50 --eval-budget 100 --num-eval 256 --score block --angles 20 5 --seed 43 --cem-seed 43
290	pusht	oracle_s10	50	44	logs/rbY_pusht_oracle_s10_t50_seed44.log	python -m surveyor.envs.pusht.eval --subgoal oracle --stride 10 --horizon 2 --receding-horizon 2 --source pretrained --h5 pusht_c2222.h5 --device cuda --mode long --episodes-file episodes/pusht_c2222.episodes50.json --goal-offset 50 --eval-budget 100 --num-eval 256 --score block --angles 20 5 --seed 44 --cem-seed 44
291	pusht	oracle_s10	50	45	logs/rbY_pusht_oracle_s10_t50_seed45.log	python -m surveyor.envs.pusht.eval --subgoal oracle --stride 10 --horizon 2 --receding-horizon 2 --source pretrained --h5 pusht_c2222.h5 --device cuda --mode long --episodes-file episodes/pusht_c2222.episodes50.json --goal-offset 50 --eval-budget 100 --num-eval 256 --score block --angles 20 5 --seed 45 --cem-seed 45
292	pusht	oracle_s10	50	46	logs/rbY_pusht_oracle_s10_t50_seed46.log	python -m surveyor.envs.pusht.eval --subgoal oracle --stride 10 --horizon 2 --receding-horizon 2 --source pretrained --h5 pusht_c2222.h5 --device cuda --mode long --episodes-file episodes/pusht_c2222.episodes50.json --goal-offset 50 --eval-budget 100 --num-eval 256 --score block --angles 20 5 --seed 46 --cem-seed 46
293	pusht	oracle_s10	50	47	logs/rbY_pusht_oracle_s10_t50_seed47.log	python -m surveyor.envs.pusht.eval --subgoal oracle --stride 10 --horizon 2 --receding-horizon 2 --source pretrained --h5 pusht_c2222.h5 --device cuda --mode long --episodes-file episodes/pusht_c2222.episodes50.json --goal-offset 50 --eval-budget 100 --num-eval 256 --score block --angles 20 5 --seed 47 --cem-seed 47
294	pusht	oracle_s10	50	48	logs/rbY_pusht_oracle_s10_t50_seed48.log	python -m surveyor.envs.pusht.eval --subgoal oracle --stride 10 --horizon 2 --receding-horizon 2 --source pretrained --h5 pusht_c2222.h5 --device cuda --mode long --episodes-file episodes/pusht_c2222.episodes50.json --goal-offset 50 --eval-budget 100 --num-eval 256 --score block --angles 20 5 --seed 48 --cem-seed 48
295	pusht	oracle_s10	50	49	logs/rbY_pusht_oracle_s10_t50_seed49.log	python -m surveyor.envs.pusht.eval --subgoal oracle --stride 10 --horizon 2 --receding-horizon 2 --source pretrained --h5 pusht_c2222.h5 --device cuda --mode long --episodes-file episodes/pusht_c2222.episodes50.json --goal-offset 50 --eval-budget 100 --num-eval 256 --score block --angles 20 5 --seed 49 --cem-seed 49
296	pusht	oracle_s10	75	42	logs/rbY_pusht_oracle_s10_t75_seed42.log	python -m surveyor.envs.pusht.eval --subgoal oracle --stride 10 --horizon 2 --receding-horizon 2 --source pretrained --h5 pusht_c2222.h5 --device cuda --mode long --episodes-file episodes/pusht_c2222.episodes75.json --goal-offset 75 --eval-budget 150 --num-eval 256 --score block --angles 20 5 --seed 42 --cem-seed 42
297	pusht	oracle_s10	75	43	logs/rbY_pusht_oracle_s10_t75_seed43.log	python -m surveyor.envs.pusht.eval --subgoal oracle --stride 10 --horizon 2 --receding-horizon 2 --source pretrained --h5 pusht_c2222.h5 --device cuda --mode long --episodes-file episodes/pusht_c2222.episodes75.json --goal-offset 75 --eval-budget 150 --num-eval 256 --score block --angles 20 5 --seed 43 --cem-seed 43
298	pusht	oracle_s10	75	44	logs/rbY_pusht_oracle_s10_t75_seed44.log	python -m surveyor.envs.pusht.eval --subgoal oracle --stride 10 --horizon 2 --receding-horizon 2 --source pretrained --h5 pusht_c2222.h5 --device cuda --mode long --episodes-file episodes/pusht_c2222.episodes75.json --goal-offset 75 --eval-budget 150 --num-eval 256 --score block --angles 20 5 --seed 44 --cem-seed 44
299	pusht	oracle_s10	75	45	logs/rbY_pusht_oracle_s10_t75_seed45.log	python -m surveyor.envs.pusht.eval --subgoal oracle --stride 10 --horizon 2 --receding-horizon 2 --source pretrained --h5 pusht_c2222.h5 --device cuda --mode long --episodes-file episodes/pusht_c2222.episodes75.json --goal-offset 75 --eval-budget 150 --num-eval 256 --score block --angles 20 5 --seed 45 --cem-seed 45
300	pusht	oracle_s10	75	46	logs/rbY_pusht_oracle_s10_t75_seed46.log	python -m surveyor.envs.pusht.eval --subgoal oracle --stride 10 --horizon 2 --receding-horizon 2 --source pretrained --h5 pusht_c2222.h5 --device cuda --mode long --episodes-file episodes/pusht_c2222.episodes75.json --goal-offset 75 --eval-budget 150 --num-eval 256 --score block --angles 20 5 --seed 46 --cem-seed 46
301	pusht	oracle_s10	75	47	logs/rbY_pusht_oracle_s10_t75_seed47.log	python -m surveyor.envs.pusht.eval --subgoal oracle --stride 10 --horizon 2 --receding-horizon 2 --source pretrained --h5 pusht_c2222.h5 --device cuda --mode long --episodes-file episodes/pusht_c2222.episodes75.json --goal-offset 75 --eval-budget 150 --num-eval 256 --score block --angles 20 5 --seed 47 --cem-seed 47
302	pusht	oracle_s10	75	48	logs/rbY_pusht_oracle_s10_t75_seed48.log	python -m surveyor.envs.pusht.eval --subgoal oracle --stride 10 --horizon 2 --receding-horizon 2 --source pretrained --h5 pusht_c2222.h5 --device cuda --mode long --episodes-file episodes/pusht_c2222.episodes75.json --goal-offset 75 --eval-budget 150 --num-eval 256 --score block --angles 20 5 --seed 48 --cem-seed 48
303	pusht	oracle_s10	75	49	logs/rbY_pusht_oracle_s10_t75_seed49.log	python -m surveyor.envs.pusht.eval --subgoal oracle --stride 10 --horizon 2 --receding-horizon 2 --source pretrained --h5 pusht_c2222.h5 --device cuda --mode long --episodes-file episodes/pusht_c2222.episodes75.json --goal-offset 75 --eval-budget 150 --num-eval 256 --score block --angles 20 5 --seed 49 --cem-seed 49
304	pusht	oracle_s10	100	42	logs/rbY_pusht_oracle_s10_t100_seed42.log	python -m surveyor.envs.pusht.eval --subgoal oracle --stride 10 --horizon 2 --receding-horizon 2 --source pretrained --h5 pusht_c2222.h5 --device cuda --mode long --episodes-file episodes/pusht_c2222.episodes100.json --goal-offset 100 --eval-budget 200 --num-eval 256 --score block --angles 20 5 --seed 42 --cem-seed 42
305	pusht	oracle_s10	100	43	logs/rbY_pusht_oracle_s10_t100_seed43.log	python -m surveyor.envs.pusht.eval --subgoal oracle --stride 10 --horizon 2 --receding-horizon 2 --source pretrained --h5 pusht_c2222.h5 --device cuda --mode long --episodes-file episodes/pusht_c2222.episodes100.json --goal-offset 100 --eval-budget 200 --num-eval 256 --score block --angles 20 5 --seed 43 --cem-seed 43
306	pusht	oracle_s10	100	44	logs/rbY_pusht_oracle_s10_t100_seed44.log	python -m surveyor.envs.pusht.eval --subgoal oracle --stride 10 --horizon 2 --receding-horizon 2 --source pretrained --h5 pusht_c2222.h5 --device cuda --mode long --episodes-file episodes/pusht_c2222.episodes100.json --goal-offset 100 --eval-budget 200 --num-eval 256 --score block --angles 20 5 --seed 44 --cem-seed 44
307	pusht	oracle_s10	100	45	logs/rbY_pusht_oracle_s10_t100_seed45.log	python -m surveyor.envs.pusht.eval --subgoal oracle --stride 10 --horizon 2 --receding-horizon 2 --source pretrained --h5 pusht_c2222.h5 --device cuda --mode long --episodes-file episodes/pusht_c2222.episodes100.json --goal-offset 100 --eval-budget 200 --num-eval 256 --score block --angles 20 5 --seed 45 --cem-seed 45
308	pusht	oracle_s10	100	46	logs/rbY_pusht_oracle_s10_t100_seed46.log	python -m surveyor.envs.pusht.eval --subgoal oracle --stride 10 --horizon 2 --receding-horizon 2 --source pretrained --h5 pusht_c2222.h5 --device cuda --mode long --episodes-file episodes/pusht_c2222.episodes100.json --goal-offset 100 --eval-budget 200 --num-eval 256 --score block --angles 20 5 --seed 46 --cem-seed 46
309	pusht	oracle_s10	100	47	logs/rbY_pusht_oracle_s10_t100_seed47.log	python -m surveyor.envs.pusht.eval --subgoal oracle --stride 10 --horizon 2 --receding-horizon 2 --source pretrained --h5 pusht_c2222.h5 --device cuda --mode long --episodes-file episodes/pusht_c2222.episodes100.json --goal-offset 100 --eval-budget 200 --num-eval 256 --score block --angles 20 5 --seed 47 --cem-seed 47
310	pusht	oracle_s10	100	48	logs/rbY_pusht_oracle_s10_t100_seed48.log	python -m surveyor.envs.pusht.eval --subgoal oracle --stride 10 --horizon 2 --receding-horizon 2 --source pretrained --h5 pusht_c2222.h5 --device cuda --mode long --episodes-file episodes/pusht_c2222.episodes100.json --goal-offset 100 --eval-budget 200 --num-eval 256 --score block --angles 20 5 --seed 48 --cem-seed 48
311	pusht	oracle_s10	100	49	logs/rbY_pusht_oracle_s10_t100_seed49.log	python -m surveyor.envs.pusht.eval --subgoal oracle --stride 10 --horizon 2 --receding-horizon 2 --source pretrained --h5 pusht_c2222.h5 --device cuda --mode long --episodes-file episodes/pusht_c2222.episodes100.json --goal-offset 100 --eval-budget 200 --num-eval 256 --score block --angles 20 5 --seed 49 --cem-seed 49
312	pusht	oracle_s10	150	42	logs/rbY_pusht_oracle_s10_t150_seed42.log	python -m surveyor.envs.pusht.eval --subgoal oracle --stride 10 --horizon 2 --receding-horizon 2 --source pretrained --h5 pusht_c2222.h5 --device cuda --mode long --episodes-file episodes/pusht_c2222.episodes150.json --goal-offset 150 --eval-budget 300 --num-eval 256 --score block --angles 20 5 --seed 42 --cem-seed 42
313	pusht	oracle_s10	150	43	logs/rbY_pusht_oracle_s10_t150_seed43.log	python -m surveyor.envs.pusht.eval --subgoal oracle --stride 10 --horizon 2 --receding-horizon 2 --source pretrained --h5 pusht_c2222.h5 --device cuda --mode long --episodes-file episodes/pusht_c2222.episodes150.json --goal-offset 150 --eval-budget 300 --num-eval 256 --score block --angles 20 5 --seed 43 --cem-seed 43
314	pusht	oracle_s10	150	44	logs/rbY_pusht_oracle_s10_t150_seed44.log	python -m surveyor.envs.pusht.eval --subgoal oracle --stride 10 --horizon 2 --receding-horizon 2 --source pretrained --h5 pusht_c2222.h5 --device cuda --mode long --episodes-file episodes/pusht_c2222.episodes150.json --goal-offset 150 --eval-budget 300 --num-eval 256 --score block --angles 20 5 --seed 44 --cem-seed 44
315	pusht	oracle_s10	150	45	logs/rbY_pusht_oracle_s10_t150_seed45.log	python -m surveyor.envs.pusht.eval --subgoal oracle --stride 10 --horizon 2 --receding-horizon 2 --source pretrained --h5 pusht_c2222.h5 --device cuda --mode long --episodes-file episodes/pusht_c2222.episodes150.json --goal-offset 150 --eval-budget 300 --num-eval 256 --score block --angles 20 5 --seed 45 --cem-seed 45
316	pusht	oracle_s10	150	46	logs/rbY_pusht_oracle_s10_t150_seed46.log	python -m surveyor.envs.pusht.eval --subgoal oracle --stride 10 --horizon 2 --receding-horizon 2 --source pretrained --h5 pusht_c2222.h5 --device cuda --mode long --episodes-file episodes/pusht_c2222.episodes150.json --goal-offset 150 --eval-budget 300 --num-eval 256 --score block --angles 20 5 --seed 46 --cem-seed 46
317	pusht	oracle_s10	150	47	logs/rbY_pusht_oracle_s10_t150_seed47.log	python -m surveyor.envs.pusht.eval --subgoal oracle --stride 10 --horizon 2 --receding-horizon 2 --source pretrained --h5 pusht_c2222.h5 --device cuda --mode long --episodes-file episodes/pusht_c2222.episodes150.json --goal-offset 150 --eval-budget 300 --num-eval 256 --score block --angles 20 5 --seed 47 --cem-seed 47
318	pusht	oracle_s10	150	48	logs/rbY_pusht_oracle_s10_t150_seed48.log	python -m surveyor.envs.pusht.eval --subgoal oracle --stride 10 --horizon 2 --receding-horizon 2 --source pretrained --h5 pusht_c2222.h5 --device cuda --mode long --episodes-file episodes/pusht_c2222.episodes150.json --goal-offset 150 --eval-budget 300 --num-eval 256 --score block --angles 20 5 --seed 48 --cem-seed 48
319	pusht	oracle_s10	150	49	logs/rbY_pusht_oracle_s10_t150_seed49.log	python -m surveyor.envs.pusht.eval --subgoal oracle --stride 10 --horizon 2 --receding-horizon 2 --source pretrained --h5 pusht_c2222.h5 --device cuda --mode long --episodes-file episodes/pusht_c2222.episodes150.json --goal-offset 150 --eval-budget 300 --num-eval 256 --score block --angles 20 5 --seed 49 --cem-seed 49
320	reacher	gd_oracle_s10	25	42	logs/rbY_reacher_gd_oracle_s10_t25_seed42.log	python -m surveyor.envs.reacher.eval --solver gd --subgoal oracle --stride 10 --horizon 2 --receding-horizon 2 --source local --local-dir encoder_reacher --h5 "$REACHER_H5" --device cuda --num-eval 128 --seed 42 --cem-seed 42 --episodes-file episodes/reacher_c2222.ep100.s2222.json --goal-offset 25 --eval-budget 50
321	reacher	gd_oracle_s10	25	43	logs/rbY_reacher_gd_oracle_s10_t25_seed43.log	python -m surveyor.envs.reacher.eval --solver gd --subgoal oracle --stride 10 --horizon 2 --receding-horizon 2 --source local --local-dir encoder_reacher --h5 "$REACHER_H5" --device cuda --num-eval 128 --seed 43 --cem-seed 43 --episodes-file episodes/reacher_c2222.ep100.s2222.json --goal-offset 25 --eval-budget 50
322	reacher	gd_oracle_s10	25	44	logs/rbY_reacher_gd_oracle_s10_t25_seed44.log	python -m surveyor.envs.reacher.eval --solver gd --subgoal oracle --stride 10 --horizon 2 --receding-horizon 2 --source local --local-dir encoder_reacher --h5 "$REACHER_H5" --device cuda --num-eval 128 --seed 44 --cem-seed 44 --episodes-file episodes/reacher_c2222.ep100.s2222.json --goal-offset 25 --eval-budget 50
323	reacher	gd_oracle_s10	25	45	logs/rbY_reacher_gd_oracle_s10_t25_seed45.log	python -m surveyor.envs.reacher.eval --solver gd --subgoal oracle --stride 10 --horizon 2 --receding-horizon 2 --source local --local-dir encoder_reacher --h5 "$REACHER_H5" --device cuda --num-eval 128 --seed 45 --cem-seed 45 --episodes-file episodes/reacher_c2222.ep100.s2222.json --goal-offset 25 --eval-budget 50
324	reacher	gd_oracle_s10	25	46	logs/rbY_reacher_gd_oracle_s10_t25_seed46.log	python -m surveyor.envs.reacher.eval --solver gd --subgoal oracle --stride 10 --horizon 2 --receding-horizon 2 --source local --local-dir encoder_reacher --h5 "$REACHER_H5" --device cuda --num-eval 128 --seed 46 --cem-seed 46 --episodes-file episodes/reacher_c2222.ep100.s2222.json --goal-offset 25 --eval-budget 50
325	reacher	gd_oracle_s10	25	47	logs/rbY_reacher_gd_oracle_s10_t25_seed47.log	python -m surveyor.envs.reacher.eval --solver gd --subgoal oracle --stride 10 --horizon 2 --receding-horizon 2 --source local --local-dir encoder_reacher --h5 "$REACHER_H5" --device cuda --num-eval 128 --seed 47 --cem-seed 47 --episodes-file episodes/reacher_c2222.ep100.s2222.json --goal-offset 25 --eval-budget 50
326	reacher	gd_oracle_s10	25	48	logs/rbY_reacher_gd_oracle_s10_t25_seed48.log	python -m surveyor.envs.reacher.eval --solver gd --subgoal oracle --stride 10 --horizon 2 --receding-horizon 2 --source local --local-dir encoder_reacher --h5 "$REACHER_H5" --device cuda --num-eval 128 --seed 48 --cem-seed 48 --episodes-file episodes/reacher_c2222.ep100.s2222.json --goal-offset 25 --eval-budget 50
327	reacher	gd_oracle_s10	25	49	logs/rbY_reacher_gd_oracle_s10_t25_seed49.log	python -m surveyor.envs.reacher.eval --solver gd --subgoal oracle --stride 10 --horizon 2 --receding-horizon 2 --source local --local-dir encoder_reacher --h5 "$REACHER_H5" --device cuda --num-eval 128 --seed 49 --cem-seed 49 --episodes-file episodes/reacher_c2222.ep100.s2222.json --goal-offset 25 --eval-budget 50
328	reacher	gd_oracle_s10	50	42	logs/rbY_reacher_gd_oracle_s10_t50_seed42.log	python -m surveyor.envs.reacher.eval --solver gd --subgoal oracle --stride 10 --horizon 2 --receding-horizon 2 --source local --local-dir encoder_reacher --h5 "$REACHER_H5" --device cuda --num-eval 128 --seed 42 --cem-seed 42 --episodes-file episodes/reacher_c2222.ep100.s2222.json --goal-offset 50 --eval-budget 100
329	reacher	gd_oracle_s10	50	43	logs/rbY_reacher_gd_oracle_s10_t50_seed43.log	python -m surveyor.envs.reacher.eval --solver gd --subgoal oracle --stride 10 --horizon 2 --receding-horizon 2 --source local --local-dir encoder_reacher --h5 "$REACHER_H5" --device cuda --num-eval 128 --seed 43 --cem-seed 43 --episodes-file episodes/reacher_c2222.ep100.s2222.json --goal-offset 50 --eval-budget 100
330	reacher	gd_oracle_s10	50	44	logs/rbY_reacher_gd_oracle_s10_t50_seed44.log	python -m surveyor.envs.reacher.eval --solver gd --subgoal oracle --stride 10 --horizon 2 --receding-horizon 2 --source local --local-dir encoder_reacher --h5 "$REACHER_H5" --device cuda --num-eval 128 --seed 44 --cem-seed 44 --episodes-file episodes/reacher_c2222.ep100.s2222.json --goal-offset 50 --eval-budget 100
331	reacher	gd_oracle_s10	50	45	logs/rbY_reacher_gd_oracle_s10_t50_seed45.log	python -m surveyor.envs.reacher.eval --solver gd --subgoal oracle --stride 10 --horizon 2 --receding-horizon 2 --source local --local-dir encoder_reacher --h5 "$REACHER_H5" --device cuda --num-eval 128 --seed 45 --cem-seed 45 --episodes-file episodes/reacher_c2222.ep100.s2222.json --goal-offset 50 --eval-budget 100
332	reacher	gd_oracle_s10	50	46	logs/rbY_reacher_gd_oracle_s10_t50_seed46.log	python -m surveyor.envs.reacher.eval --solver gd --subgoal oracle --stride 10 --horizon 2 --receding-horizon 2 --source local --local-dir encoder_reacher --h5 "$REACHER_H5" --device cuda --num-eval 128 --seed 46 --cem-seed 46 --episodes-file episodes/reacher_c2222.ep100.s2222.json --goal-offset 50 --eval-budget 100
333	reacher	gd_oracle_s10	50	47	logs/rbY_reacher_gd_oracle_s10_t50_seed47.log	python -m surveyor.envs.reacher.eval --solver gd --subgoal oracle --stride 10 --horizon 2 --receding-horizon 2 --source local --local-dir encoder_reacher --h5 "$REACHER_H5" --device cuda --num-eval 128 --seed 47 --cem-seed 47 --episodes-file episodes/reacher_c2222.ep100.s2222.json --goal-offset 50 --eval-budget 100
334	reacher	gd_oracle_s10	50	48	logs/rbY_reacher_gd_oracle_s10_t50_seed48.log	python -m surveyor.envs.reacher.eval --solver gd --subgoal oracle --stride 10 --horizon 2 --receding-horizon 2 --source local --local-dir encoder_reacher --h5 "$REACHER_H5" --device cuda --num-eval 128 --seed 48 --cem-seed 48 --episodes-file episodes/reacher_c2222.ep100.s2222.json --goal-offset 50 --eval-budget 100
335	reacher	gd_oracle_s10	50	49	logs/rbY_reacher_gd_oracle_s10_t50_seed49.log	python -m surveyor.envs.reacher.eval --solver gd --subgoal oracle --stride 10 --horizon 2 --receding-horizon 2 --source local --local-dir encoder_reacher --h5 "$REACHER_H5" --device cuda --num-eval 128 --seed 49 --cem-seed 49 --episodes-file episodes/reacher_c2222.ep100.s2222.json --goal-offset 50 --eval-budget 100
336	reacher	gd_oracle_s10	100	42	logs/rbY_reacher_gd_oracle_s10_t100_seed42.log	python -m surveyor.envs.reacher.eval --solver gd --subgoal oracle --stride 10 --horizon 2 --receding-horizon 2 --source local --local-dir encoder_reacher --h5 "$REACHER_H5" --device cuda --num-eval 128 --seed 42 --cem-seed 42 --episodes-file episodes/reacher_c2222.ep100.s2222.json --goal-offset 100 --eval-budget 200
337	reacher	gd_oracle_s10	100	43	logs/rbY_reacher_gd_oracle_s10_t100_seed43.log	python -m surveyor.envs.reacher.eval --solver gd --subgoal oracle --stride 10 --horizon 2 --receding-horizon 2 --source local --local-dir encoder_reacher --h5 "$REACHER_H5" --device cuda --num-eval 128 --seed 43 --cem-seed 43 --episodes-file episodes/reacher_c2222.ep100.s2222.json --goal-offset 100 --eval-budget 200
338	reacher	gd_oracle_s10	100	44	logs/rbY_reacher_gd_oracle_s10_t100_seed44.log	python -m surveyor.envs.reacher.eval --solver gd --subgoal oracle --stride 10 --horizon 2 --receding-horizon 2 --source local --local-dir encoder_reacher --h5 "$REACHER_H5" --device cuda --num-eval 128 --seed 44 --cem-seed 44 --episodes-file episodes/reacher_c2222.ep100.s2222.json --goal-offset 100 --eval-budget 200
339	reacher	gd_oracle_s10	100	45	logs/rbY_reacher_gd_oracle_s10_t100_seed45.log	python -m surveyor.envs.reacher.eval --solver gd --subgoal oracle --stride 10 --horizon 2 --receding-horizon 2 --source local --local-dir encoder_reacher --h5 "$REACHER_H5" --device cuda --num-eval 128 --seed 45 --cem-seed 45 --episodes-file episodes/reacher_c2222.ep100.s2222.json --goal-offset 100 --eval-budget 200
340	reacher	gd_oracle_s10	100	46	logs/rbY_reacher_gd_oracle_s10_t100_seed46.log	python -m surveyor.envs.reacher.eval --solver gd --subgoal oracle --stride 10 --horizon 2 --receding-horizon 2 --source local --local-dir encoder_reacher --h5 "$REACHER_H5" --device cuda --num-eval 128 --seed 46 --cem-seed 46 --episodes-file episodes/reacher_c2222.ep100.s2222.json --goal-offset 100 --eval-budget 200
341	reacher	gd_oracle_s10	100	47	logs/rbY_reacher_gd_oracle_s10_t100_seed47.log	python -m surveyor.envs.reacher.eval --solver gd --subgoal oracle --stride 10 --horizon 2 --receding-horizon 2 --source local --local-dir encoder_reacher --h5 "$REACHER_H5" --device cuda --num-eval 128 --seed 47 --cem-seed 47 --episodes-file episodes/reacher_c2222.ep100.s2222.json --goal-offset 100 --eval-budget 200
342	reacher	gd_oracle_s10	100	48	logs/rbY_reacher_gd_oracle_s10_t100_seed48.log	python -m surveyor.envs.reacher.eval --solver gd --subgoal oracle --stride 10 --horizon 2 --receding-horizon 2 --source local --local-dir encoder_reacher --h5 "$REACHER_H5" --device cuda --num-eval 128 --seed 48 --cem-seed 48 --episodes-file episodes/reacher_c2222.ep100.s2222.json --goal-offset 100 --eval-budget 200
343	reacher	gd_oracle_s10	100	49	logs/rbY_reacher_gd_oracle_s10_t100_seed49.log	python -m surveyor.envs.reacher.eval --solver gd --subgoal oracle --stride 10 --horizon 2 --receding-horizon 2 --source local --local-dir encoder_reacher --h5 "$REACHER_H5" --device cuda --num-eval 128 --seed 49 --cem-seed 49 --episodes-file episodes/reacher_c2222.ep100.s2222.json --goal-offset 100 --eval-budget 200
344	reacher	gd_oracle_s10	150	42	logs/rbY_reacher_gd_oracle_s10_t150_seed42.log	python -m surveyor.envs.reacher.eval --solver gd --subgoal oracle --stride 10 --horizon 2 --receding-horizon 2 --source local --local-dir encoder_reacher --h5 "$REACHER_H5" --device cuda --num-eval 128 --seed 42 --cem-seed 42 --episodes-file episodes/reacher_c2222.ep150.s2222.json --goal-offset 150 --eval-budget 300
345	reacher	gd_oracle_s10	150	43	logs/rbY_reacher_gd_oracle_s10_t150_seed43.log	python -m surveyor.envs.reacher.eval --solver gd --subgoal oracle --stride 10 --horizon 2 --receding-horizon 2 --source local --local-dir encoder_reacher --h5 "$REACHER_H5" --device cuda --num-eval 128 --seed 43 --cem-seed 43 --episodes-file episodes/reacher_c2222.ep150.s2222.json --goal-offset 150 --eval-budget 300
346	reacher	gd_oracle_s10	150	44	logs/rbY_reacher_gd_oracle_s10_t150_seed44.log	python -m surveyor.envs.reacher.eval --solver gd --subgoal oracle --stride 10 --horizon 2 --receding-horizon 2 --source local --local-dir encoder_reacher --h5 "$REACHER_H5" --device cuda --num-eval 128 --seed 44 --cem-seed 44 --episodes-file episodes/reacher_c2222.ep150.s2222.json --goal-offset 150 --eval-budget 300
347	reacher	gd_oracle_s10	150	45	logs/rbY_reacher_gd_oracle_s10_t150_seed45.log	python -m surveyor.envs.reacher.eval --solver gd --subgoal oracle --stride 10 --horizon 2 --receding-horizon 2 --source local --local-dir encoder_reacher --h5 "$REACHER_H5" --device cuda --num-eval 128 --seed 45 --cem-seed 45 --episodes-file episodes/reacher_c2222.ep150.s2222.json --goal-offset 150 --eval-budget 300
348	reacher	gd_oracle_s10	150	46	logs/rbY_reacher_gd_oracle_s10_t150_seed46.log	python -m surveyor.envs.reacher.eval --solver gd --subgoal oracle --stride 10 --horizon 2 --receding-horizon 2 --source local --local-dir encoder_reacher --h5 "$REACHER_H5" --device cuda --num-eval 128 --seed 46 --cem-seed 46 --episodes-file episodes/reacher_c2222.ep150.s2222.json --goal-offset 150 --eval-budget 300
349	reacher	gd_oracle_s10	150	47	logs/rbY_reacher_gd_oracle_s10_t150_seed47.log	python -m surveyor.envs.reacher.eval --solver gd --subgoal oracle --stride 10 --horizon 2 --receding-horizon 2 --source local --local-dir encoder_reacher --h5 "$REACHER_H5" --device cuda --num-eval 128 --seed 47 --cem-seed 47 --episodes-file episodes/reacher_c2222.ep150.s2222.json --goal-offset 150 --eval-budget 300
350	reacher	gd_oracle_s10	150	48	logs/rbY_reacher_gd_oracle_s10_t150_seed48.log	python -m surveyor.envs.reacher.eval --solver gd --subgoal oracle --stride 10 --horizon 2 --receding-horizon 2 --source local --local-dir encoder_reacher --h5 "$REACHER_H5" --device cuda --num-eval 128 --seed 48 --cem-seed 48 --episodes-file episodes/reacher_c2222.ep150.s2222.json --goal-offset 150 --eval-budget 300
351	reacher	gd_oracle_s10	150	49	logs/rbY_reacher_gd_oracle_s10_t150_seed49.log	python -m surveyor.envs.reacher.eval --solver gd --subgoal oracle --stride 10 --horizon 2 --receding-horizon 2 --source local --local-dir encoder_reacher --h5 "$REACHER_H5" --device cuda --num-eval 128 --seed 49 --cem-seed 49 --episodes-file episodes/reacher_c2222.ep150.s2222.json --goal-offset 150 --eval-budget 300
352	reacher	icem_oracle_s10	25	42	logs/rbY_reacher_icem_oracle_s10_t25_seed42.log	python -m surveyor.envs.reacher.eval --solver icem --subgoal oracle --stride 10 --horizon 2 --receding-horizon 2 --source local --local-dir encoder_reacher --h5 "$REACHER_H5" --device cuda --num-eval 128 --seed 42 --cem-seed 42 --episodes-file episodes/reacher_c2222.ep100.s2222.json --goal-offset 25 --eval-budget 50
353	reacher	icem_oracle_s10	25	43	logs/rbY_reacher_icem_oracle_s10_t25_seed43.log	python -m surveyor.envs.reacher.eval --solver icem --subgoal oracle --stride 10 --horizon 2 --receding-horizon 2 --source local --local-dir encoder_reacher --h5 "$REACHER_H5" --device cuda --num-eval 128 --seed 43 --cem-seed 43 --episodes-file episodes/reacher_c2222.ep100.s2222.json --goal-offset 25 --eval-budget 50
354	reacher	icem_oracle_s10	25	44	logs/rbY_reacher_icem_oracle_s10_t25_seed44.log	python -m surveyor.envs.reacher.eval --solver icem --subgoal oracle --stride 10 --horizon 2 --receding-horizon 2 --source local --local-dir encoder_reacher --h5 "$REACHER_H5" --device cuda --num-eval 128 --seed 44 --cem-seed 44 --episodes-file episodes/reacher_c2222.ep100.s2222.json --goal-offset 25 --eval-budget 50
355	reacher	icem_oracle_s10	25	45	logs/rbY_reacher_icem_oracle_s10_t25_seed45.log	python -m surveyor.envs.reacher.eval --solver icem --subgoal oracle --stride 10 --horizon 2 --receding-horizon 2 --source local --local-dir encoder_reacher --h5 "$REACHER_H5" --device cuda --num-eval 128 --seed 45 --cem-seed 45 --episodes-file episodes/reacher_c2222.ep100.s2222.json --goal-offset 25 --eval-budget 50
356	reacher	icem_oracle_s10	25	46	logs/rbY_reacher_icem_oracle_s10_t25_seed46.log	python -m surveyor.envs.reacher.eval --solver icem --subgoal oracle --stride 10 --horizon 2 --receding-horizon 2 --source local --local-dir encoder_reacher --h5 "$REACHER_H5" --device cuda --num-eval 128 --seed 46 --cem-seed 46 --episodes-file episodes/reacher_c2222.ep100.s2222.json --goal-offset 25 --eval-budget 50
357	reacher	icem_oracle_s10	25	47	logs/rbY_reacher_icem_oracle_s10_t25_seed47.log	python -m surveyor.envs.reacher.eval --solver icem --subgoal oracle --stride 10 --horizon 2 --receding-horizon 2 --source local --local-dir encoder_reacher --h5 "$REACHER_H5" --device cuda --num-eval 128 --seed 47 --cem-seed 47 --episodes-file episodes/reacher_c2222.ep100.s2222.json --goal-offset 25 --eval-budget 50
358	reacher	icem_oracle_s10	25	48	logs/rbY_reacher_icem_oracle_s10_t25_seed48.log	python -m surveyor.envs.reacher.eval --solver icem --subgoal oracle --stride 10 --horizon 2 --receding-horizon 2 --source local --local-dir encoder_reacher --h5 "$REACHER_H5" --device cuda --num-eval 128 --seed 48 --cem-seed 48 --episodes-file episodes/reacher_c2222.ep100.s2222.json --goal-offset 25 --eval-budget 50
359	reacher	icem_oracle_s10	25	49	logs/rbY_reacher_icem_oracle_s10_t25_seed49.log	python -m surveyor.envs.reacher.eval --solver icem --subgoal oracle --stride 10 --horizon 2 --receding-horizon 2 --source local --local-dir encoder_reacher --h5 "$REACHER_H5" --device cuda --num-eval 128 --seed 49 --cem-seed 49 --episodes-file episodes/reacher_c2222.ep100.s2222.json --goal-offset 25 --eval-budget 50
360	reacher	icem_oracle_s10	50	42	logs/rbY_reacher_icem_oracle_s10_t50_seed42.log	python -m surveyor.envs.reacher.eval --solver icem --subgoal oracle --stride 10 --horizon 2 --receding-horizon 2 --source local --local-dir encoder_reacher --h5 "$REACHER_H5" --device cuda --num-eval 128 --seed 42 --cem-seed 42 --episodes-file episodes/reacher_c2222.ep100.s2222.json --goal-offset 50 --eval-budget 100
361	reacher	icem_oracle_s10	50	43	logs/rbY_reacher_icem_oracle_s10_t50_seed43.log	python -m surveyor.envs.reacher.eval --solver icem --subgoal oracle --stride 10 --horizon 2 --receding-horizon 2 --source local --local-dir encoder_reacher --h5 "$REACHER_H5" --device cuda --num-eval 128 --seed 43 --cem-seed 43 --episodes-file episodes/reacher_c2222.ep100.s2222.json --goal-offset 50 --eval-budget 100
362	reacher	icem_oracle_s10	50	44	logs/rbY_reacher_icem_oracle_s10_t50_seed44.log	python -m surveyor.envs.reacher.eval --solver icem --subgoal oracle --stride 10 --horizon 2 --receding-horizon 2 --source local --local-dir encoder_reacher --h5 "$REACHER_H5" --device cuda --num-eval 128 --seed 44 --cem-seed 44 --episodes-file episodes/reacher_c2222.ep100.s2222.json --goal-offset 50 --eval-budget 100
363	reacher	icem_oracle_s10	50	45	logs/rbY_reacher_icem_oracle_s10_t50_seed45.log	python -m surveyor.envs.reacher.eval --solver icem --subgoal oracle --stride 10 --horizon 2 --receding-horizon 2 --source local --local-dir encoder_reacher --h5 "$REACHER_H5" --device cuda --num-eval 128 --seed 45 --cem-seed 45 --episodes-file episodes/reacher_c2222.ep100.s2222.json --goal-offset 50 --eval-budget 100
364	reacher	icem_oracle_s10	50	46	logs/rbY_reacher_icem_oracle_s10_t50_seed46.log	python -m surveyor.envs.reacher.eval --solver icem --subgoal oracle --stride 10 --horizon 2 --receding-horizon 2 --source local --local-dir encoder_reacher --h5 "$REACHER_H5" --device cuda --num-eval 128 --seed 46 --cem-seed 46 --episodes-file episodes/reacher_c2222.ep100.s2222.json --goal-offset 50 --eval-budget 100
365	reacher	icem_oracle_s10	50	47	logs/rbY_reacher_icem_oracle_s10_t50_seed47.log	python -m surveyor.envs.reacher.eval --solver icem --subgoal oracle --stride 10 --horizon 2 --receding-horizon 2 --source local --local-dir encoder_reacher --h5 "$REACHER_H5" --device cuda --num-eval 128 --seed 47 --cem-seed 47 --episodes-file episodes/reacher_c2222.ep100.s2222.json --goal-offset 50 --eval-budget 100
366	reacher	icem_oracle_s10	50	48	logs/rbY_reacher_icem_oracle_s10_t50_seed48.log	python -m surveyor.envs.reacher.eval --solver icem --subgoal oracle --stride 10 --horizon 2 --receding-horizon 2 --source local --local-dir encoder_reacher --h5 "$REACHER_H5" --device cuda --num-eval 128 --seed 48 --cem-seed 48 --episodes-file episodes/reacher_c2222.ep100.s2222.json --goal-offset 50 --eval-budget 100
367	reacher	icem_oracle_s10	50	49	logs/rbY_reacher_icem_oracle_s10_t50_seed49.log	python -m surveyor.envs.reacher.eval --solver icem --subgoal oracle --stride 10 --horizon 2 --receding-horizon 2 --source local --local-dir encoder_reacher --h5 "$REACHER_H5" --device cuda --num-eval 128 --seed 49 --cem-seed 49 --episodes-file episodes/reacher_c2222.ep100.s2222.json --goal-offset 50 --eval-budget 100
368	reacher	icem_oracle_s10	100	42	logs/rbY_reacher_icem_oracle_s10_t100_seed42.log	python -m surveyor.envs.reacher.eval --solver icem --subgoal oracle --stride 10 --horizon 2 --receding-horizon 2 --source local --local-dir encoder_reacher --h5 "$REACHER_H5" --device cuda --num-eval 128 --seed 42 --cem-seed 42 --episodes-file episodes/reacher_c2222.ep100.s2222.json --goal-offset 100 --eval-budget 200
369	reacher	icem_oracle_s10	100	43	logs/rbY_reacher_icem_oracle_s10_t100_seed43.log	python -m surveyor.envs.reacher.eval --solver icem --subgoal oracle --stride 10 --horizon 2 --receding-horizon 2 --source local --local-dir encoder_reacher --h5 "$REACHER_H5" --device cuda --num-eval 128 --seed 43 --cem-seed 43 --episodes-file episodes/reacher_c2222.ep100.s2222.json --goal-offset 100 --eval-budget 200
370	reacher	icem_oracle_s10	100	44	logs/rbY_reacher_icem_oracle_s10_t100_seed44.log	python -m surveyor.envs.reacher.eval --solver icem --subgoal oracle --stride 10 --horizon 2 --receding-horizon 2 --source local --local-dir encoder_reacher --h5 "$REACHER_H5" --device cuda --num-eval 128 --seed 44 --cem-seed 44 --episodes-file episodes/reacher_c2222.ep100.s2222.json --goal-offset 100 --eval-budget 200
371	reacher	icem_oracle_s10	100	45	logs/rbY_reacher_icem_oracle_s10_t100_seed45.log	python -m surveyor.envs.reacher.eval --solver icem --subgoal oracle --stride 10 --horizon 2 --receding-horizon 2 --source local --local-dir encoder_reacher --h5 "$REACHER_H5" --device cuda --num-eval 128 --seed 45 --cem-seed 45 --episodes-file episodes/reacher_c2222.ep100.s2222.json --goal-offset 100 --eval-budget 200
372	reacher	icem_oracle_s10	100	46	logs/rbY_reacher_icem_oracle_s10_t100_seed46.log	python -m surveyor.envs.reacher.eval --solver icem --subgoal oracle --stride 10 --horizon 2 --receding-horizon 2 --source local --local-dir encoder_reacher --h5 "$REACHER_H5" --device cuda --num-eval 128 --seed 46 --cem-seed 46 --episodes-file episodes/reacher_c2222.ep100.s2222.json --goal-offset 100 --eval-budget 200
373	reacher	icem_oracle_s10	100	47	logs/rbY_reacher_icem_oracle_s10_t100_seed47.log	python -m surveyor.envs.reacher.eval --solver icem --subgoal oracle --stride 10 --horizon 2 --receding-horizon 2 --source local --local-dir encoder_reacher --h5 "$REACHER_H5" --device cuda --num-eval 128 --seed 47 --cem-seed 47 --episodes-file episodes/reacher_c2222.ep100.s2222.json --goal-offset 100 --eval-budget 200
374	reacher	icem_oracle_s10	100	48	logs/rbY_reacher_icem_oracle_s10_t100_seed48.log	python -m surveyor.envs.reacher.eval --solver icem --subgoal oracle --stride 10 --horizon 2 --receding-horizon 2 --source local --local-dir encoder_reacher --h5 "$REACHER_H5" --device cuda --num-eval 128 --seed 48 --cem-seed 48 --episodes-file episodes/reacher_c2222.ep100.s2222.json --goal-offset 100 --eval-budget 200
375	reacher	icem_oracle_s10	100	49	logs/rbY_reacher_icem_oracle_s10_t100_seed49.log	python -m surveyor.envs.reacher.eval --solver icem --subgoal oracle --stride 10 --horizon 2 --receding-horizon 2 --source local --local-dir encoder_reacher --h5 "$REACHER_H5" --device cuda --num-eval 128 --seed 49 --cem-seed 49 --episodes-file episodes/reacher_c2222.ep100.s2222.json --goal-offset 100 --eval-budget 200
376	reacher	icem_oracle_s10	150	42	logs/rbY_reacher_icem_oracle_s10_t150_seed42.log	python -m surveyor.envs.reacher.eval --solver icem --subgoal oracle --stride 10 --horizon 2 --receding-horizon 2 --source local --local-dir encoder_reacher --h5 "$REACHER_H5" --device cuda --num-eval 128 --seed 42 --cem-seed 42 --episodes-file episodes/reacher_c2222.ep150.s2222.json --goal-offset 150 --eval-budget 300
377	reacher	icem_oracle_s10	150	43	logs/rbY_reacher_icem_oracle_s10_t150_seed43.log	python -m surveyor.envs.reacher.eval --solver icem --subgoal oracle --stride 10 --horizon 2 --receding-horizon 2 --source local --local-dir encoder_reacher --h5 "$REACHER_H5" --device cuda --num-eval 128 --seed 43 --cem-seed 43 --episodes-file episodes/reacher_c2222.ep150.s2222.json --goal-offset 150 --eval-budget 300
378	reacher	icem_oracle_s10	150	44	logs/rbY_reacher_icem_oracle_s10_t150_seed44.log	python -m surveyor.envs.reacher.eval --solver icem --subgoal oracle --stride 10 --horizon 2 --receding-horizon 2 --source local --local-dir encoder_reacher --h5 "$REACHER_H5" --device cuda --num-eval 128 --seed 44 --cem-seed 44 --episodes-file episodes/reacher_c2222.ep150.s2222.json --goal-offset 150 --eval-budget 300
379	reacher	icem_oracle_s10	150	45	logs/rbY_reacher_icem_oracle_s10_t150_seed45.log	python -m surveyor.envs.reacher.eval --solver icem --subgoal oracle --stride 10 --horizon 2 --receding-horizon 2 --source local --local-dir encoder_reacher --h5 "$REACHER_H5" --device cuda --num-eval 128 --seed 45 --cem-seed 45 --episodes-file episodes/reacher_c2222.ep150.s2222.json --goal-offset 150 --eval-budget 300
380	reacher	icem_oracle_s10	150	46	logs/rbY_reacher_icem_oracle_s10_t150_seed46.log	python -m surveyor.envs.reacher.eval --solver icem --subgoal oracle --stride 10 --horizon 2 --receding-horizon 2 --source local --local-dir encoder_reacher --h5 "$REACHER_H5" --device cuda --num-eval 128 --seed 46 --cem-seed 46 --episodes-file episodes/reacher_c2222.ep150.s2222.json --goal-offset 150 --eval-budget 300
381	reacher	icem_oracle_s10	150	47	logs/rbY_reacher_icem_oracle_s10_t150_seed47.log	python -m surveyor.envs.reacher.eval --solver icem --subgoal oracle --stride 10 --horizon 2 --receding-horizon 2 --source local --local-dir encoder_reacher --h5 "$REACHER_H5" --device cuda --num-eval 128 --seed 47 --cem-seed 47 --episodes-file episodes/reacher_c2222.ep150.s2222.json --goal-offset 150 --eval-budget 300
382	reacher	icem_oracle_s10	150	48	logs/rbY_reacher_icem_oracle_s10_t150_seed48.log	python -m surveyor.envs.reacher.eval --solver icem --subgoal oracle --stride 10 --horizon 2 --receding-horizon 2 --source local --local-dir encoder_reacher --h5 "$REACHER_H5" --device cuda --num-eval 128 --seed 48 --cem-seed 48 --episodes-file episodes/reacher_c2222.ep150.s2222.json --goal-offset 150 --eval-budget 300
383	reacher	icem_oracle_s10	150	49	logs/rbY_reacher_icem_oracle_s10_t150_seed49.log	python -m surveyor.envs.reacher.eval --solver icem --subgoal oracle --stride 10 --horizon 2 --receding-horizon 2 --source local --local-dir encoder_reacher --h5 "$REACHER_H5" --device cuda --num-eval 128 --seed 49 --cem-seed 49 --episodes-file episodes/reacher_c2222.ep150.s2222.json --goal-offset 150 --eval-budget 300
384	reacher	mppi_oracle_s10	25	42	logs/rbY_reacher_mppi_oracle_s10_t25_seed42.log	python -m surveyor.envs.reacher.eval --solver mppi --subgoal oracle --stride 10 --horizon 2 --receding-horizon 2 --source local --local-dir encoder_reacher --h5 "$REACHER_H5" --device cuda --num-eval 128 --seed 42 --cem-seed 42 --episodes-file episodes/reacher_c2222.ep100.s2222.json --goal-offset 25 --eval-budget 50
385	reacher	mppi_oracle_s10	25	43	logs/rbY_reacher_mppi_oracle_s10_t25_seed43.log	python -m surveyor.envs.reacher.eval --solver mppi --subgoal oracle --stride 10 --horizon 2 --receding-horizon 2 --source local --local-dir encoder_reacher --h5 "$REACHER_H5" --device cuda --num-eval 128 --seed 43 --cem-seed 43 --episodes-file episodes/reacher_c2222.ep100.s2222.json --goal-offset 25 --eval-budget 50
386	reacher	mppi_oracle_s10	25	44	logs/rbY_reacher_mppi_oracle_s10_t25_seed44.log	python -m surveyor.envs.reacher.eval --solver mppi --subgoal oracle --stride 10 --horizon 2 --receding-horizon 2 --source local --local-dir encoder_reacher --h5 "$REACHER_H5" --device cuda --num-eval 128 --seed 44 --cem-seed 44 --episodes-file episodes/reacher_c2222.ep100.s2222.json --goal-offset 25 --eval-budget 50
387	reacher	mppi_oracle_s10	25	45	logs/rbY_reacher_mppi_oracle_s10_t25_seed45.log	python -m surveyor.envs.reacher.eval --solver mppi --subgoal oracle --stride 10 --horizon 2 --receding-horizon 2 --source local --local-dir encoder_reacher --h5 "$REACHER_H5" --device cuda --num-eval 128 --seed 45 --cem-seed 45 --episodes-file episodes/reacher_c2222.ep100.s2222.json --goal-offset 25 --eval-budget 50
388	reacher	mppi_oracle_s10	25	46	logs/rbY_reacher_mppi_oracle_s10_t25_seed46.log	python -m surveyor.envs.reacher.eval --solver mppi --subgoal oracle --stride 10 --horizon 2 --receding-horizon 2 --source local --local-dir encoder_reacher --h5 "$REACHER_H5" --device cuda --num-eval 128 --seed 46 --cem-seed 46 --episodes-file episodes/reacher_c2222.ep100.s2222.json --goal-offset 25 --eval-budget 50
389	reacher	mppi_oracle_s10	25	47	logs/rbY_reacher_mppi_oracle_s10_t25_seed47.log	python -m surveyor.envs.reacher.eval --solver mppi --subgoal oracle --stride 10 --horizon 2 --receding-horizon 2 --source local --local-dir encoder_reacher --h5 "$REACHER_H5" --device cuda --num-eval 128 --seed 47 --cem-seed 47 --episodes-file episodes/reacher_c2222.ep100.s2222.json --goal-offset 25 --eval-budget 50
390	reacher	mppi_oracle_s10	25	48	logs/rbY_reacher_mppi_oracle_s10_t25_seed48.log	python -m surveyor.envs.reacher.eval --solver mppi --subgoal oracle --stride 10 --horizon 2 --receding-horizon 2 --source local --local-dir encoder_reacher --h5 "$REACHER_H5" --device cuda --num-eval 128 --seed 48 --cem-seed 48 --episodes-file episodes/reacher_c2222.ep100.s2222.json --goal-offset 25 --eval-budget 50
391	reacher	mppi_oracle_s10	25	49	logs/rbY_reacher_mppi_oracle_s10_t25_seed49.log	python -m surveyor.envs.reacher.eval --solver mppi --subgoal oracle --stride 10 --horizon 2 --receding-horizon 2 --source local --local-dir encoder_reacher --h5 "$REACHER_H5" --device cuda --num-eval 128 --seed 49 --cem-seed 49 --episodes-file episodes/reacher_c2222.ep100.s2222.json --goal-offset 25 --eval-budget 50
392	reacher	mppi_oracle_s10	50	42	logs/rbY_reacher_mppi_oracle_s10_t50_seed42.log	python -m surveyor.envs.reacher.eval --solver mppi --subgoal oracle --stride 10 --horizon 2 --receding-horizon 2 --source local --local-dir encoder_reacher --h5 "$REACHER_H5" --device cuda --num-eval 128 --seed 42 --cem-seed 42 --episodes-file episodes/reacher_c2222.ep100.s2222.json --goal-offset 50 --eval-budget 100
393	reacher	mppi_oracle_s10	50	43	logs/rbY_reacher_mppi_oracle_s10_t50_seed43.log	python -m surveyor.envs.reacher.eval --solver mppi --subgoal oracle --stride 10 --horizon 2 --receding-horizon 2 --source local --local-dir encoder_reacher --h5 "$REACHER_H5" --device cuda --num-eval 128 --seed 43 --cem-seed 43 --episodes-file episodes/reacher_c2222.ep100.s2222.json --goal-offset 50 --eval-budget 100
394	reacher	mppi_oracle_s10	50	44	logs/rbY_reacher_mppi_oracle_s10_t50_seed44.log	python -m surveyor.envs.reacher.eval --solver mppi --subgoal oracle --stride 10 --horizon 2 --receding-horizon 2 --source local --local-dir encoder_reacher --h5 "$REACHER_H5" --device cuda --num-eval 128 --seed 44 --cem-seed 44 --episodes-file episodes/reacher_c2222.ep100.s2222.json --goal-offset 50 --eval-budget 100
395	reacher	mppi_oracle_s10	50	45	logs/rbY_reacher_mppi_oracle_s10_t50_seed45.log	python -m surveyor.envs.reacher.eval --solver mppi --subgoal oracle --stride 10 --horizon 2 --receding-horizon 2 --source local --local-dir encoder_reacher --h5 "$REACHER_H5" --device cuda --num-eval 128 --seed 45 --cem-seed 45 --episodes-file episodes/reacher_c2222.ep100.s2222.json --goal-offset 50 --eval-budget 100
396	reacher	mppi_oracle_s10	50	46	logs/rbY_reacher_mppi_oracle_s10_t50_seed46.log	python -m surveyor.envs.reacher.eval --solver mppi --subgoal oracle --stride 10 --horizon 2 --receding-horizon 2 --source local --local-dir encoder_reacher --h5 "$REACHER_H5" --device cuda --num-eval 128 --seed 46 --cem-seed 46 --episodes-file episodes/reacher_c2222.ep100.s2222.json --goal-offset 50 --eval-budget 100
397	reacher	mppi_oracle_s10	50	47	logs/rbY_reacher_mppi_oracle_s10_t50_seed47.log	python -m surveyor.envs.reacher.eval --solver mppi --subgoal oracle --stride 10 --horizon 2 --receding-horizon 2 --source local --local-dir encoder_reacher --h5 "$REACHER_H5" --device cuda --num-eval 128 --seed 47 --cem-seed 47 --episodes-file episodes/reacher_c2222.ep100.s2222.json --goal-offset 50 --eval-budget 100
398	reacher	mppi_oracle_s10	50	48	logs/rbY_reacher_mppi_oracle_s10_t50_seed48.log	python -m surveyor.envs.reacher.eval --solver mppi --subgoal oracle --stride 10 --horizon 2 --receding-horizon 2 --source local --local-dir encoder_reacher --h5 "$REACHER_H5" --device cuda --num-eval 128 --seed 48 --cem-seed 48 --episodes-file episodes/reacher_c2222.ep100.s2222.json --goal-offset 50 --eval-budget 100
399	reacher	mppi_oracle_s10	50	49	logs/rbY_reacher_mppi_oracle_s10_t50_seed49.log	python -m surveyor.envs.reacher.eval --solver mppi --subgoal oracle --stride 10 --horizon 2 --receding-horizon 2 --source local --local-dir encoder_reacher --h5 "$REACHER_H5" --device cuda --num-eval 128 --seed 49 --cem-seed 49 --episodes-file episodes/reacher_c2222.ep100.s2222.json --goal-offset 50 --eval-budget 100
400	reacher	mppi_oracle_s10	100	42	logs/rbY_reacher_mppi_oracle_s10_t100_seed42.log	python -m surveyor.envs.reacher.eval --solver mppi --subgoal oracle --stride 10 --horizon 2 --receding-horizon 2 --source local --local-dir encoder_reacher --h5 "$REACHER_H5" --device cuda --num-eval 128 --seed 42 --cem-seed 42 --episodes-file episodes/reacher_c2222.ep100.s2222.json --goal-offset 100 --eval-budget 200
401	reacher	mppi_oracle_s10	100	43	logs/rbY_reacher_mppi_oracle_s10_t100_seed43.log	python -m surveyor.envs.reacher.eval --solver mppi --subgoal oracle --stride 10 --horizon 2 --receding-horizon 2 --source local --local-dir encoder_reacher --h5 "$REACHER_H5" --device cuda --num-eval 128 --seed 43 --cem-seed 43 --episodes-file episodes/reacher_c2222.ep100.s2222.json --goal-offset 100 --eval-budget 200
402	reacher	mppi_oracle_s10	100	44	logs/rbY_reacher_mppi_oracle_s10_t100_seed44.log	python -m surveyor.envs.reacher.eval --solver mppi --subgoal oracle --stride 10 --horizon 2 --receding-horizon 2 --source local --local-dir encoder_reacher --h5 "$REACHER_H5" --device cuda --num-eval 128 --seed 44 --cem-seed 44 --episodes-file episodes/reacher_c2222.ep100.s2222.json --goal-offset 100 --eval-budget 200
403	reacher	mppi_oracle_s10	100	45	logs/rbY_reacher_mppi_oracle_s10_t100_seed45.log	python -m surveyor.envs.reacher.eval --solver mppi --subgoal oracle --stride 10 --horizon 2 --receding-horizon 2 --source local --local-dir encoder_reacher --h5 "$REACHER_H5" --device cuda --num-eval 128 --seed 45 --cem-seed 45 --episodes-file episodes/reacher_c2222.ep100.s2222.json --goal-offset 100 --eval-budget 200
404	reacher	mppi_oracle_s10	100	46	logs/rbY_reacher_mppi_oracle_s10_t100_seed46.log	python -m surveyor.envs.reacher.eval --solver mppi --subgoal oracle --stride 10 --horizon 2 --receding-horizon 2 --source local --local-dir encoder_reacher --h5 "$REACHER_H5" --device cuda --num-eval 128 --seed 46 --cem-seed 46 --episodes-file episodes/reacher_c2222.ep100.s2222.json --goal-offset 100 --eval-budget 200
405	reacher	mppi_oracle_s10	100	47	logs/rbY_reacher_mppi_oracle_s10_t100_seed47.log	python -m surveyor.envs.reacher.eval --solver mppi --subgoal oracle --stride 10 --horizon 2 --receding-horizon 2 --source local --local-dir encoder_reacher --h5 "$REACHER_H5" --device cuda --num-eval 128 --seed 47 --cem-seed 47 --episodes-file episodes/reacher_c2222.ep100.s2222.json --goal-offset 100 --eval-budget 200
406	reacher	mppi_oracle_s10	100	48	logs/rbY_reacher_mppi_oracle_s10_t100_seed48.log	python -m surveyor.envs.reacher.eval --solver mppi --subgoal oracle --stride 10 --horizon 2 --receding-horizon 2 --source local --local-dir encoder_reacher --h5 "$REACHER_H5" --device cuda --num-eval 128 --seed 48 --cem-seed 48 --episodes-file episodes/reacher_c2222.ep100.s2222.json --goal-offset 100 --eval-budget 200
407	reacher	mppi_oracle_s10	100	49	logs/rbY_reacher_mppi_oracle_s10_t100_seed49.log	python -m surveyor.envs.reacher.eval --solver mppi --subgoal oracle --stride 10 --horizon 2 --receding-horizon 2 --source local --local-dir encoder_reacher --h5 "$REACHER_H5" --device cuda --num-eval 128 --seed 49 --cem-seed 49 --episodes-file episodes/reacher_c2222.ep100.s2222.json --goal-offset 100 --eval-budget 200
408	reacher	mppi_oracle_s10	150	42	logs/rbY_reacher_mppi_oracle_s10_t150_seed42.log	python -m surveyor.envs.reacher.eval --solver mppi --subgoal oracle --stride 10 --horizon 2 --receding-horizon 2 --source local --local-dir encoder_reacher --h5 "$REACHER_H5" --device cuda --num-eval 128 --seed 42 --cem-seed 42 --episodes-file episodes/reacher_c2222.ep150.s2222.json --goal-offset 150 --eval-budget 300
409	reacher	mppi_oracle_s10	150	43	logs/rbY_reacher_mppi_oracle_s10_t150_seed43.log	python -m surveyor.envs.reacher.eval --solver mppi --subgoal oracle --stride 10 --horizon 2 --receding-horizon 2 --source local --local-dir encoder_reacher --h5 "$REACHER_H5" --device cuda --num-eval 128 --seed 43 --cem-seed 43 --episodes-file episodes/reacher_c2222.ep150.s2222.json --goal-offset 150 --eval-budget 300
410	reacher	mppi_oracle_s10	150	44	logs/rbY_reacher_mppi_oracle_s10_t150_seed44.log	python -m surveyor.envs.reacher.eval --solver mppi --subgoal oracle --stride 10 --horizon 2 --receding-horizon 2 --source local --local-dir encoder_reacher --h5 "$REACHER_H5" --device cuda --num-eval 128 --seed 44 --cem-seed 44 --episodes-file episodes/reacher_c2222.ep150.s2222.json --goal-offset 150 --eval-budget 300
411	reacher	mppi_oracle_s10	150	45	logs/rbY_reacher_mppi_oracle_s10_t150_seed45.log	python -m surveyor.envs.reacher.eval --solver mppi --subgoal oracle --stride 10 --horizon 2 --receding-horizon 2 --source local --local-dir encoder_reacher --h5 "$REACHER_H5" --device cuda --num-eval 128 --seed 45 --cem-seed 45 --episodes-file episodes/reacher_c2222.ep150.s2222.json --goal-offset 150 --eval-budget 300
412	reacher	mppi_oracle_s10	150	46	logs/rbY_reacher_mppi_oracle_s10_t150_seed46.log	python -m surveyor.envs.reacher.eval --solver mppi --subgoal oracle --stride 10 --horizon 2 --receding-horizon 2 --source local --local-dir encoder_reacher --h5 "$REACHER_H5" --device cuda --num-eval 128 --seed 46 --cem-seed 46 --episodes-file episodes/reacher_c2222.ep150.s2222.json --goal-offset 150 --eval-budget 300
413	reacher	mppi_oracle_s10	150	47	logs/rbY_reacher_mppi_oracle_s10_t150_seed47.log	python -m surveyor.envs.reacher.eval --solver mppi --subgoal oracle --stride 10 --horizon 2 --receding-horizon 2 --source local --local-dir encoder_reacher --h5 "$REACHER_H5" --device cuda --num-eval 128 --seed 47 --cem-seed 47 --episodes-file episodes/reacher_c2222.ep150.s2222.json --goal-offset 150 --eval-budget 300
414	reacher	mppi_oracle_s10	150	48	logs/rbY_reacher_mppi_oracle_s10_t150_seed48.log	python -m surveyor.envs.reacher.eval --solver mppi --subgoal oracle --stride 10 --horizon 2 --receding-horizon 2 --source local --local-dir encoder_reacher --h5 "$REACHER_H5" --device cuda --num-eval 128 --seed 48 --cem-seed 48 --episodes-file episodes/reacher_c2222.ep150.s2222.json --goal-offset 150 --eval-budget 300
415	reacher	mppi_oracle_s10	150	49	logs/rbY_reacher_mppi_oracle_s10_t150_seed49.log	python -m surveyor.envs.reacher.eval --solver mppi --subgoal oracle --stride 10 --horizon 2 --receding-horizon 2 --source local --local-dir encoder_reacher --h5 "$REACHER_H5" --device cuda --num-eval 128 --seed 49 --cem-seed 49 --episodes-file episodes/reacher_c2222.ep150.s2222.json --goal-offset 150 --eval-budget 300
416	reacher	oracle_s10	25	42	logs/rbY_reacher_oracle_s10_t25_seed42.log	python -m surveyor.envs.reacher.eval --subgoal oracle --stride 10 --horizon 2 --receding-horizon 2 --source local --local-dir encoder_reacher --h5 "$REACHER_H5" --device cuda --num-eval 128 --seed 42 --cem-seed 42 --episodes-file episodes/reacher_c2222.ep100.s2222.json --goal-offset 25 --eval-budget 50
417	reacher	oracle_s10	25	43	logs/rbY_reacher_oracle_s10_t25_seed43.log	python -m surveyor.envs.reacher.eval --subgoal oracle --stride 10 --horizon 2 --receding-horizon 2 --source local --local-dir encoder_reacher --h5 "$REACHER_H5" --device cuda --num-eval 128 --seed 43 --cem-seed 43 --episodes-file episodes/reacher_c2222.ep100.s2222.json --goal-offset 25 --eval-budget 50
418	reacher	oracle_s10	25	44	logs/rbY_reacher_oracle_s10_t25_seed44.log	python -m surveyor.envs.reacher.eval --subgoal oracle --stride 10 --horizon 2 --receding-horizon 2 --source local --local-dir encoder_reacher --h5 "$REACHER_H5" --device cuda --num-eval 128 --seed 44 --cem-seed 44 --episodes-file episodes/reacher_c2222.ep100.s2222.json --goal-offset 25 --eval-budget 50
419	reacher	oracle_s10	25	45	logs/rbY_reacher_oracle_s10_t25_seed45.log	python -m surveyor.envs.reacher.eval --subgoal oracle --stride 10 --horizon 2 --receding-horizon 2 --source local --local-dir encoder_reacher --h5 "$REACHER_H5" --device cuda --num-eval 128 --seed 45 --cem-seed 45 --episodes-file episodes/reacher_c2222.ep100.s2222.json --goal-offset 25 --eval-budget 50
420	reacher	oracle_s10	25	46	logs/rbY_reacher_oracle_s10_t25_seed46.log	python -m surveyor.envs.reacher.eval --subgoal oracle --stride 10 --horizon 2 --receding-horizon 2 --source local --local-dir encoder_reacher --h5 "$REACHER_H5" --device cuda --num-eval 128 --seed 46 --cem-seed 46 --episodes-file episodes/reacher_c2222.ep100.s2222.json --goal-offset 25 --eval-budget 50
421	reacher	oracle_s10	25	47	logs/rbY_reacher_oracle_s10_t25_seed47.log	python -m surveyor.envs.reacher.eval --subgoal oracle --stride 10 --horizon 2 --receding-horizon 2 --source local --local-dir encoder_reacher --h5 "$REACHER_H5" --device cuda --num-eval 128 --seed 47 --cem-seed 47 --episodes-file episodes/reacher_c2222.ep100.s2222.json --goal-offset 25 --eval-budget 50
422	reacher	oracle_s10	25	48	logs/rbY_reacher_oracle_s10_t25_seed48.log	python -m surveyor.envs.reacher.eval --subgoal oracle --stride 10 --horizon 2 --receding-horizon 2 --source local --local-dir encoder_reacher --h5 "$REACHER_H5" --device cuda --num-eval 128 --seed 48 --cem-seed 48 --episodes-file episodes/reacher_c2222.ep100.s2222.json --goal-offset 25 --eval-budget 50
423	reacher	oracle_s10	25	49	logs/rbY_reacher_oracle_s10_t25_seed49.log	python -m surveyor.envs.reacher.eval --subgoal oracle --stride 10 --horizon 2 --receding-horizon 2 --source local --local-dir encoder_reacher --h5 "$REACHER_H5" --device cuda --num-eval 128 --seed 49 --cem-seed 49 --episodes-file episodes/reacher_c2222.ep100.s2222.json --goal-offset 25 --eval-budget 50
424	reacher	oracle_s10	50	42	logs/rbY_reacher_oracle_s10_t50_seed42.log	python -m surveyor.envs.reacher.eval --subgoal oracle --stride 10 --horizon 2 --receding-horizon 2 --source local --local-dir encoder_reacher --h5 "$REACHER_H5" --device cuda --num-eval 128 --seed 42 --cem-seed 42 --episodes-file episodes/reacher_c2222.ep100.s2222.json --goal-offset 50 --eval-budget 100
425	reacher	oracle_s10	50	43	logs/rbY_reacher_oracle_s10_t50_seed43.log	python -m surveyor.envs.reacher.eval --subgoal oracle --stride 10 --horizon 2 --receding-horizon 2 --source local --local-dir encoder_reacher --h5 "$REACHER_H5" --device cuda --num-eval 128 --seed 43 --cem-seed 43 --episodes-file episodes/reacher_c2222.ep100.s2222.json --goal-offset 50 --eval-budget 100
426	reacher	oracle_s10	50	44	logs/rbY_reacher_oracle_s10_t50_seed44.log	python -m surveyor.envs.reacher.eval --subgoal oracle --stride 10 --horizon 2 --receding-horizon 2 --source local --local-dir encoder_reacher --h5 "$REACHER_H5" --device cuda --num-eval 128 --seed 44 --cem-seed 44 --episodes-file episodes/reacher_c2222.ep100.s2222.json --goal-offset 50 --eval-budget 100
427	reacher	oracle_s10	50	45	logs/rbY_reacher_oracle_s10_t50_seed45.log	python -m surveyor.envs.reacher.eval --subgoal oracle --stride 10 --horizon 2 --receding-horizon 2 --source local --local-dir encoder_reacher --h5 "$REACHER_H5" --device cuda --num-eval 128 --seed 45 --cem-seed 45 --episodes-file episodes/reacher_c2222.ep100.s2222.json --goal-offset 50 --eval-budget 100
428	reacher	oracle_s10	50	46	logs/rbY_reacher_oracle_s10_t50_seed46.log	python -m surveyor.envs.reacher.eval --subgoal oracle --stride 10 --horizon 2 --receding-horizon 2 --source local --local-dir encoder_reacher --h5 "$REACHER_H5" --device cuda --num-eval 128 --seed 46 --cem-seed 46 --episodes-file episodes/reacher_c2222.ep100.s2222.json --goal-offset 50 --eval-budget 100
429	reacher	oracle_s10	50	47	logs/rbY_reacher_oracle_s10_t50_seed47.log	python -m surveyor.envs.reacher.eval --subgoal oracle --stride 10 --horizon 2 --receding-horizon 2 --source local --local-dir encoder_reacher --h5 "$REACHER_H5" --device cuda --num-eval 128 --seed 47 --cem-seed 47 --episodes-file episodes/reacher_c2222.ep100.s2222.json --goal-offset 50 --eval-budget 100
430	reacher	oracle_s10	50	48	logs/rbY_reacher_oracle_s10_t50_seed48.log	python -m surveyor.envs.reacher.eval --subgoal oracle --stride 10 --horizon 2 --receding-horizon 2 --source local --local-dir encoder_reacher --h5 "$REACHER_H5" --device cuda --num-eval 128 --seed 48 --cem-seed 48 --episodes-file episodes/reacher_c2222.ep100.s2222.json --goal-offset 50 --eval-budget 100
431	reacher	oracle_s10	50	49	logs/rbY_reacher_oracle_s10_t50_seed49.log	python -m surveyor.envs.reacher.eval --subgoal oracle --stride 10 --horizon 2 --receding-horizon 2 --source local --local-dir encoder_reacher --h5 "$REACHER_H5" --device cuda --num-eval 128 --seed 49 --cem-seed 49 --episodes-file episodes/reacher_c2222.ep100.s2222.json --goal-offset 50 --eval-budget 100
432	reacher	oracle_s10	100	42	logs/rbY_reacher_oracle_s10_t100_seed42.log	python -m surveyor.envs.reacher.eval --subgoal oracle --stride 10 --horizon 2 --receding-horizon 2 --source local --local-dir encoder_reacher --h5 "$REACHER_H5" --device cuda --num-eval 128 --seed 42 --cem-seed 42 --episodes-file episodes/reacher_c2222.ep100.s2222.json --goal-offset 100 --eval-budget 200
433	reacher	oracle_s10	100	43	logs/rbY_reacher_oracle_s10_t100_seed43.log	python -m surveyor.envs.reacher.eval --subgoal oracle --stride 10 --horizon 2 --receding-horizon 2 --source local --local-dir encoder_reacher --h5 "$REACHER_H5" --device cuda --num-eval 128 --seed 43 --cem-seed 43 --episodes-file episodes/reacher_c2222.ep100.s2222.json --goal-offset 100 --eval-budget 200
434	reacher	oracle_s10	100	44	logs/rbY_reacher_oracle_s10_t100_seed44.log	python -m surveyor.envs.reacher.eval --subgoal oracle --stride 10 --horizon 2 --receding-horizon 2 --source local --local-dir encoder_reacher --h5 "$REACHER_H5" --device cuda --num-eval 128 --seed 44 --cem-seed 44 --episodes-file episodes/reacher_c2222.ep100.s2222.json --goal-offset 100 --eval-budget 200
435	reacher	oracle_s10	100	45	logs/rbY_reacher_oracle_s10_t100_seed45.log	python -m surveyor.envs.reacher.eval --subgoal oracle --stride 10 --horizon 2 --receding-horizon 2 --source local --local-dir encoder_reacher --h5 "$REACHER_H5" --device cuda --num-eval 128 --seed 45 --cem-seed 45 --episodes-file episodes/reacher_c2222.ep100.s2222.json --goal-offset 100 --eval-budget 200
436	reacher	oracle_s10	100	46	logs/rbY_reacher_oracle_s10_t100_seed46.log	python -m surveyor.envs.reacher.eval --subgoal oracle --stride 10 --horizon 2 --receding-horizon 2 --source local --local-dir encoder_reacher --h5 "$REACHER_H5" --device cuda --num-eval 128 --seed 46 --cem-seed 46 --episodes-file episodes/reacher_c2222.ep100.s2222.json --goal-offset 100 --eval-budget 200
437	reacher	oracle_s10	100	47	logs/rbY_reacher_oracle_s10_t100_seed47.log	python -m surveyor.envs.reacher.eval --subgoal oracle --stride 10 --horizon 2 --receding-horizon 2 --source local --local-dir encoder_reacher --h5 "$REACHER_H5" --device cuda --num-eval 128 --seed 47 --cem-seed 47 --episodes-file episodes/reacher_c2222.ep100.s2222.json --goal-offset 100 --eval-budget 200
438	reacher	oracle_s10	100	48	logs/rbY_reacher_oracle_s10_t100_seed48.log	python -m surveyor.envs.reacher.eval --subgoal oracle --stride 10 --horizon 2 --receding-horizon 2 --source local --local-dir encoder_reacher --h5 "$REACHER_H5" --device cuda --num-eval 128 --seed 48 --cem-seed 48 --episodes-file episodes/reacher_c2222.ep100.s2222.json --goal-offset 100 --eval-budget 200
439	reacher	oracle_s10	100	49	logs/rbY_reacher_oracle_s10_t100_seed49.log	python -m surveyor.envs.reacher.eval --subgoal oracle --stride 10 --horizon 2 --receding-horizon 2 --source local --local-dir encoder_reacher --h5 "$REACHER_H5" --device cuda --num-eval 128 --seed 49 --cem-seed 49 --episodes-file episodes/reacher_c2222.ep100.s2222.json --goal-offset 100 --eval-budget 200
440	reacher	oracle_s10	150	42	logs/rbY_reacher_oracle_s10_t150_seed42.log	python -m surveyor.envs.reacher.eval --subgoal oracle --stride 10 --horizon 2 --receding-horizon 2 --source local --local-dir encoder_reacher --h5 "$REACHER_H5" --device cuda --num-eval 128 --seed 42 --cem-seed 42 --episodes-file episodes/reacher_c2222.ep150.s2222.json --goal-offset 150 --eval-budget 300
441	reacher	oracle_s10	150	43	logs/rbY_reacher_oracle_s10_t150_seed43.log	python -m surveyor.envs.reacher.eval --subgoal oracle --stride 10 --horizon 2 --receding-horizon 2 --source local --local-dir encoder_reacher --h5 "$REACHER_H5" --device cuda --num-eval 128 --seed 43 --cem-seed 43 --episodes-file episodes/reacher_c2222.ep150.s2222.json --goal-offset 150 --eval-budget 300
442	reacher	oracle_s10	150	44	logs/rbY_reacher_oracle_s10_t150_seed44.log	python -m surveyor.envs.reacher.eval --subgoal oracle --stride 10 --horizon 2 --receding-horizon 2 --source local --local-dir encoder_reacher --h5 "$REACHER_H5" --device cuda --num-eval 128 --seed 44 --cem-seed 44 --episodes-file episodes/reacher_c2222.ep150.s2222.json --goal-offset 150 --eval-budget 300
443	reacher	oracle_s10	150	45	logs/rbY_reacher_oracle_s10_t150_seed45.log	python -m surveyor.envs.reacher.eval --subgoal oracle --stride 10 --horizon 2 --receding-horizon 2 --source local --local-dir encoder_reacher --h5 "$REACHER_H5" --device cuda --num-eval 128 --seed 45 --cem-seed 45 --episodes-file episodes/reacher_c2222.ep150.s2222.json --goal-offset 150 --eval-budget 300
444	reacher	oracle_s10	150	46	logs/rbY_reacher_oracle_s10_t150_seed46.log	python -m surveyor.envs.reacher.eval --subgoal oracle --stride 10 --horizon 2 --receding-horizon 2 --source local --local-dir encoder_reacher --h5 "$REACHER_H5" --device cuda --num-eval 128 --seed 46 --cem-seed 46 --episodes-file episodes/reacher_c2222.ep150.s2222.json --goal-offset 150 --eval-budget 300
445	reacher	oracle_s10	150	47	logs/rbY_reacher_oracle_s10_t150_seed47.log	python -m surveyor.envs.reacher.eval --subgoal oracle --stride 10 --horizon 2 --receding-horizon 2 --source local --local-dir encoder_reacher --h5 "$REACHER_H5" --device cuda --num-eval 128 --seed 47 --cem-seed 47 --episodes-file episodes/reacher_c2222.ep150.s2222.json --goal-offset 150 --eval-budget 300
446	reacher	oracle_s10	150	48	logs/rbY_reacher_oracle_s10_t150_seed48.log	python -m surveyor.envs.reacher.eval --subgoal oracle --stride 10 --horizon 2 --receding-horizon 2 --source local --local-dir encoder_reacher --h5 "$REACHER_H5" --device cuda --num-eval 128 --seed 48 --cem-seed 48 --episodes-file episodes/reacher_c2222.ep150.s2222.json --goal-offset 150 --eval-budget 300
447	reacher	oracle_s10	150	49	logs/rbY_reacher_oracle_s10_t150_seed49.log	python -m surveyor.envs.reacher.eval --subgoal oracle --stride 10 --horizon 2 --receding-horizon 2 --source local --local-dir encoder_reacher --h5 "$REACHER_H5" --device cuda --num-eval 128 --seed 49 --cem-seed 49 --episodes-file episodes/reacher_c2222.ep150.s2222.json --goal-offset 150 --eval-budget 300
