idx	env	arm	t	seed	log	cmd
0	pusht	gcidm_router_tauown	25	42	logs/rbV_pusht_gcidm_router_tauown_t25_seed42.log	python -m surveyor.envs.pusht.eval --subgoal gcidm+surveyor --gcidm-ckpt gcidm_pusht_h50.pt --gdm-ckpt gdm_stride10.pt --gdm-steps 3 --accept-tau 0.233 --sg-steps 10 --cstar-route --source pretrained --h5 pusht_c2222.h5 --device cuda --mode long --episodes-file episodes/pusht_c2222.episodes25.json --goal-offset 25 --eval-budget 50 --num-eval 256 --score block --angles 20 5 --seed 42 --cem-seed 42
1	pusht	gcidm_router_tauown	25	43	logs/rbV_pusht_gcidm_router_tauown_t25_seed43.log	python -m surveyor.envs.pusht.eval --subgoal gcidm+surveyor --gcidm-ckpt gcidm_pusht_h50.pt --gdm-ckpt gdm_stride10.pt --gdm-steps 3 --accept-tau 0.233 --sg-steps 10 --cstar-route --source pretrained --h5 pusht_c2222.h5 --device cuda --mode long --episodes-file episodes/pusht_c2222.episodes25.json --goal-offset 25 --eval-budget 50 --num-eval 256 --score block --angles 20 5 --seed 43 --cem-seed 43
2	pusht	gcidm_router_tauown	25	44	logs/rbV_pusht_gcidm_router_tauown_t25_seed44.log	python -m surveyor.envs.pusht.eval --subgoal gcidm+surveyor --gcidm-ckpt gcidm_pusht_h50.pt --gdm-ckpt gdm_stride10.pt --gdm-steps 3 --accept-tau 0.233 --sg-steps 10 --cstar-route --source pretrained --h5 pusht_c2222.h5 --device cuda --mode long --episodes-file episodes/pusht_c2222.episodes25.json --goal-offset 25 --eval-budget 50 --num-eval 256 --score block --angles 20 5 --seed 44 --cem-seed 44
3	pusht	gcidm_router_tauown	25	45	logs/rbV_pusht_gcidm_router_tauown_t25_seed45.log	python -m surveyor.envs.pusht.eval --subgoal gcidm+surveyor --gcidm-ckpt gcidm_pusht_h50.pt --gdm-ckpt gdm_stride10.pt --gdm-steps 3 --accept-tau 0.233 --sg-steps 10 --cstar-route --source pretrained --h5 pusht_c2222.h5 --device cuda --mode long --episodes-file episodes/pusht_c2222.episodes25.json --goal-offset 25 --eval-budget 50 --num-eval 256 --score block --angles 20 5 --seed 45 --cem-seed 45
4	pusht	gcidm_router_tauown	25	46	logs/rbV_pusht_gcidm_router_tauown_t25_seed46.log	python -m surveyor.envs.pusht.eval --subgoal gcidm+surveyor --gcidm-ckpt gcidm_pusht_h50.pt --gdm-ckpt gdm_stride10.pt --gdm-steps 3 --accept-tau 0.233 --sg-steps 10 --cstar-route --source pretrained --h5 pusht_c2222.h5 --device cuda --mode long --episodes-file episodes/pusht_c2222.episodes25.json --goal-offset 25 --eval-budget 50 --num-eval 256 --score block --angles 20 5 --seed 46 --cem-seed 46
5	pusht	gcidm_router_tauown	25	47	logs/rbV_pusht_gcidm_router_tauown_t25_seed47.log	python -m surveyor.envs.pusht.eval --subgoal gcidm+surveyor --gcidm-ckpt gcidm_pusht_h50.pt --gdm-ckpt gdm_stride10.pt --gdm-steps 3 --accept-tau 0.233 --sg-steps 10 --cstar-route --source pretrained --h5 pusht_c2222.h5 --device cuda --mode long --episodes-file episodes/pusht_c2222.episodes25.json --goal-offset 25 --eval-budget 50 --num-eval 256 --score block --angles 20 5 --seed 47 --cem-seed 47
6	pusht	gcidm_router_tauown	25	48	logs/rbV_pusht_gcidm_router_tauown_t25_seed48.log	python -m surveyor.envs.pusht.eval --subgoal gcidm+surveyor --gcidm-ckpt gcidm_pusht_h50.pt --gdm-ckpt gdm_stride10.pt --gdm-steps 3 --accept-tau 0.233 --sg-steps 10 --cstar-route --source pretrained --h5 pusht_c2222.h5 --device cuda --mode long --episodes-file episodes/pusht_c2222.episodes25.json --goal-offset 25 --eval-budget 50 --num-eval 256 --score block --angles 20 5 --seed 48 --cem-seed 48
7	pusht	gcidm_router_tauown	25	49	logs/rbV_pusht_gcidm_router_tauown_t25_seed49.log	python -m surveyor.envs.pusht.eval --subgoal gcidm+surveyor --gcidm-ckpt gcidm_pusht_h50.pt --gdm-ckpt gdm_stride10.pt --gdm-steps 3 --accept-tau 0.233 --sg-steps 10 --cstar-route --source pretrained --h5 pusht_c2222.h5 --device cuda --mode long --episodes-file episodes/pusht_c2222.episodes25.json --goal-offset 25 --eval-budget 50 --num-eval 256 --score block --angles 20 5 --seed 49 --cem-seed 49
8	pusht	gcidm_router_tauown	50	42	logs/rbV_pusht_gcidm_router_tauown_t50_seed42.log	python -m surveyor.envs.pusht.eval --subgoal gcidm+surveyor --gcidm-ckpt gcidm_pusht_h100.pt --gdm-ckpt gdm_stride10.pt --gdm-steps 3 --accept-tau 0.233 --sg-steps 10 --cstar-route --source pretrained --h5 pusht_c2222.h5 --device cuda --mode long --episodes-file episodes/pusht_c2222.episodes50.json --goal-offset 50 --eval-budget 100 --num-eval 256 --score block --angles 20 5 --seed 42 --cem-seed 42
9	pusht	gcidm_router_tauown	50	43	logs/rbV_pusht_gcidm_router_tauown_t50_seed43.log	python -m surveyor.envs.pusht.eval --subgoal gcidm+surveyor --gcidm-ckpt gcidm_pusht_h100.pt --gdm-ckpt gdm_stride10.pt --gdm-steps 3 --accept-tau 0.233 --sg-steps 10 --cstar-route --source pretrained --h5 pusht_c2222.h5 --device cuda --mode long --episodes-file episodes/pusht_c2222.episodes50.json --goal-offset 50 --eval-budget 100 --num-eval 256 --score block --angles 20 5 --seed 43 --cem-seed 43
10	pusht	gcidm_router_tauown	50	44	logs/rbV_pusht_gcidm_router_tauown_t50_seed44.log	python -m surveyor.envs.pusht.eval --subgoal gcidm+surveyor --gcidm-ckpt gcidm_pusht_h100.pt --gdm-ckpt gdm_stride10.pt --gdm-steps 3 --accept-tau 0.233 --sg-steps 10 --cstar-route --source pretrained --h5 pusht_c2222.h5 --device cuda --mode long --episodes-file episodes/pusht_c2222.episodes50.json --goal-offset 50 --eval-budget 100 --num-eval 256 --score block --angles 20 5 --seed 44 --cem-seed 44
11	pusht	gcidm_router_tauown	50	45	logs/rbV_pusht_gcidm_router_tauown_t50_seed45.log	python -m surveyor.envs.pusht.eval --subgoal gcidm+surveyor --gcidm-ckpt gcidm_pusht_h100.pt --gdm-ckpt gdm_stride10.pt --gdm-steps 3 --accept-tau 0.233 --sg-steps 10 --cstar-route --source pretrained --h5 pusht_c2222.h5 --device cuda --mode long --episodes-file episodes/pusht_c2222.episodes50.json --goal-offset 50 --eval-budget 100 --num-eval 256 --score block --angles 20 5 --seed 45 --cem-seed 45
12	pusht	gcidm_router_tauown	50	46	logs/rbV_pusht_gcidm_router_tauown_t50_seed46.log	python -m surveyor.envs.pusht.eval --subgoal gcidm+surveyor --gcidm-ckpt gcidm_pusht_h100.pt --gdm-ckpt gdm_stride10.pt --gdm-steps 3 --accept-tau 0.233 --sg-steps 10 --cstar-route --source pretrained --h5 pusht_c2222.h5 --device cuda --mode long --episodes-file episodes/pusht_c2222.episodes50.json --goal-offset 50 --eval-budget 100 --num-eval 256 --score block --angles 20 5 --seed 46 --cem-seed 46
13	pusht	gcidm_router_tauown	50	47	logs/rbV_pusht_gcidm_router_tauown_t50_seed47.log	python -m surveyor.envs.pusht.eval --subgoal gcidm+surveyor --gcidm-ckpt gcidm_pusht_h100.pt --gdm-ckpt gdm_stride10.pt --gdm-steps 3 --accept-tau 0.233 --sg-steps 10 --cstar-route --source pretrained --h5 pusht_c2222.h5 --device cuda --mode long --episodes-file episodes/pusht_c2222.episodes50.json --goal-offset 50 --eval-budget 100 --num-eval 256 --score block --angles 20 5 --seed 47 --cem-seed 47
14	pusht	gcidm_router_tauown	50	48	logs/rbV_pusht_gcidm_router_tauown_t50_seed48.log	python -m surveyor.envs.pusht.eval --subgoal gcidm+surveyor --gcidm-ckpt gcidm_pusht_h100.pt --gdm-ckpt gdm_stride10.pt --gdm-steps 3 --accept-tau 0.233 --sg-steps 10 --cstar-route --source pretrained --h5 pusht_c2222.h5 --device cuda --mode long --episodes-file episodes/pusht_c2222.episodes50.json --goal-offset 50 --eval-budget 100 --num-eval 256 --score block --angles 20 5 --seed 48 --cem-seed 48
15	pusht	gcidm_router_tauown	50	49	logs/rbV_pusht_gcidm_router_tauown_t50_seed49.log	python -m surveyor.envs.pusht.eval --subgoal gcidm+surveyor --gcidm-ckpt gcidm_pusht_h100.pt --gdm-ckpt gdm_stride10.pt --gdm-steps 3 --accept-tau 0.233 --sg-steps 10 --cstar-route --source pretrained --h5 pusht_c2222.h5 --device cuda --mode long --episodes-file episodes/pusht_c2222.episodes50.json --goal-offset 50 --eval-budget 100 --num-eval 256 --score block --angles 20 5 --seed 49 --cem-seed 49
16	pusht	gcidm_router_tauown	75	42	logs/rbV_pusht_gcidm_router_tauown_t75_seed42.log	python -m surveyor.envs.pusht.eval --subgoal gcidm+surveyor --gcidm-ckpt gcidm_pusht_h150.pt --gdm-ckpt gdm_stride10.pt --gdm-steps 3 --accept-tau 0.233 --sg-steps 10 --cstar-route --source pretrained --h5 pusht_c2222.h5 --device cuda --mode long --episodes-file episodes/pusht_c2222.episodes75.json --goal-offset 75 --eval-budget 150 --num-eval 256 --score block --angles 20 5 --seed 42 --cem-seed 42
17	pusht	gcidm_router_tauown	75	43	logs/rbV_pusht_gcidm_router_tauown_t75_seed43.log	python -m surveyor.envs.pusht.eval --subgoal gcidm+surveyor --gcidm-ckpt gcidm_pusht_h150.pt --gdm-ckpt gdm_stride10.pt --gdm-steps 3 --accept-tau 0.233 --sg-steps 10 --cstar-route --source pretrained --h5 pusht_c2222.h5 --device cuda --mode long --episodes-file episodes/pusht_c2222.episodes75.json --goal-offset 75 --eval-budget 150 --num-eval 256 --score block --angles 20 5 --seed 43 --cem-seed 43
18	pusht	gcidm_router_tauown	75	44	logs/rbV_pusht_gcidm_router_tauown_t75_seed44.log	python -m surveyor.envs.pusht.eval --subgoal gcidm+surveyor --gcidm-ckpt gcidm_pusht_h150.pt --gdm-ckpt gdm_stride10.pt --gdm-steps 3 --accept-tau 0.233 --sg-steps 10 --cstar-route --source pretrained --h5 pusht_c2222.h5 --device cuda --mode long --episodes-file episodes/pusht_c2222.episodes75.json --goal-offset 75 --eval-budget 150 --num-eval 256 --score block --angles 20 5 --seed 44 --cem-seed 44
19	pusht	gcidm_router_tauown	75	45	logs/rbV_pusht_gcidm_router_tauown_t75_seed45.log	python -m surveyor.envs.pusht.eval --subgoal gcidm+surveyor --gcidm-ckpt gcidm_pusht_h150.pt --gdm-ckpt gdm_stride10.pt --gdm-steps 3 --accept-tau 0.233 --sg-steps 10 --cstar-route --source pretrained --h5 pusht_c2222.h5 --device cuda --mode long --episodes-file episodes/pusht_c2222.episodes75.json --goal-offset 75 --eval-budget 150 --num-eval 256 --score block --angles 20 5 --seed 45 --cem-seed 45
20	pusht	gcidm_router_tauown	75	46	logs/rbV_pusht_gcidm_router_tauown_t75_seed46.log	python -m surveyor.envs.pusht.eval --subgoal gcidm+surveyor --gcidm-ckpt gcidm_pusht_h150.pt --gdm-ckpt gdm_stride10.pt --gdm-steps 3 --accept-tau 0.233 --sg-steps 10 --cstar-route --source pretrained --h5 pusht_c2222.h5 --device cuda --mode long --episodes-file episodes/pusht_c2222.episodes75.json --goal-offset 75 --eval-budget 150 --num-eval 256 --score block --angles 20 5 --seed 46 --cem-seed 46
21	pusht	gcidm_router_tauown	75	47	logs/rbV_pusht_gcidm_router_tauown_t75_seed47.log	python -m surveyor.envs.pusht.eval --subgoal gcidm+surveyor --gcidm-ckpt gcidm_pusht_h150.pt --gdm-ckpt gdm_stride10.pt --gdm-steps 3 --accept-tau 0.233 --sg-steps 10 --cstar-route --source pretrained --h5 pusht_c2222.h5 --device cuda --mode long --episodes-file episodes/pusht_c2222.episodes75.json --goal-offset 75 --eval-budget 150 --num-eval 256 --score block --angles 20 5 --seed 47 --cem-seed 47
22	pusht	gcidm_router_tauown	75	48	logs/rbV_pusht_gcidm_router_tauown_t75_seed48.log	python -m surveyor.envs.pusht.eval --subgoal gcidm+surveyor --gcidm-ckpt gcidm_pusht_h150.pt --gdm-ckpt gdm_stride10.pt --gdm-steps 3 --accept-tau 0.233 --sg-steps 10 --cstar-route --source pretrained --h5 pusht_c2222.h5 --device cuda --mode long --episodes-file episodes/pusht_c2222.episodes75.json --goal-offset 75 --eval-budget 150 --num-eval 256 --score block --angles 20 5 --seed 48 --cem-seed 48
23	pusht	gcidm_router_tauown	75	49	logs/rbV_pusht_gcidm_router_tauown_t75_seed49.log	python -m surveyor.envs.pusht.eval --subgoal gcidm+surveyor --gcidm-ckpt gcidm_pusht_h150.pt --gdm-ckpt gdm_stride10.pt --gdm-steps 3 --accept-tau 0.233 --sg-steps 10 --cstar-route --source pretrained --h5 pusht_c2222.h5 --device cuda --mode long --episodes-file episodes/pusht_c2222.episodes75.json --goal-offset 75 --eval-budget 150 --num-eval 256 --score block --angles 20 5 --seed 49 --cem-seed 49
24	pusht	gcidm_router_tauown	100	42	logs/rbV_pusht_gcidm_router_tauown_t100_seed42.log	python -m surveyor.envs.pusht.eval --subgoal gcidm+surveyor --gcidm-ckpt gcidm_pusht_h200.pt --gdm-ckpt gdm_stride10.pt --gdm-steps 3 --accept-tau 0.233 --sg-steps 10 --cstar-route --source pretrained --h5 pusht_c2222.h5 --device cuda --mode long --episodes-file episodes/pusht_c2222.episodes100.json --goal-offset 100 --eval-budget 200 --num-eval 256 --score block --angles 20 5 --seed 42 --cem-seed 42
25	pusht	gcidm_router_tauown	100	43	logs/rbV_pusht_gcidm_router_tauown_t100_seed43.log	python -m surveyor.envs.pusht.eval --subgoal gcidm+surveyor --gcidm-ckpt gcidm_pusht_h200.pt --gdm-ckpt gdm_stride10.pt --gdm-steps 3 --accept-tau 0.233 --sg-steps 10 --cstar-route --source pretrained --h5 pusht_c2222.h5 --device cuda --mode long --episodes-file episodes/pusht_c2222.episodes100.json --goal-offset 100 --eval-budget 200 --num-eval 256 --score block --angles 20 5 --seed 43 --cem-seed 43
26	pusht	gcidm_router_tauown	100	44	logs/rbV_pusht_gcidm_router_tauown_t100_seed44.log	python -m surveyor.envs.pusht.eval --subgoal gcidm+surveyor --gcidm-ckpt gcidm_pusht_h200.pt --gdm-ckpt gdm_stride10.pt --gdm-steps 3 --accept-tau 0.233 --sg-steps 10 --cstar-route --source pretrained --h5 pusht_c2222.h5 --device cuda --mode long --episodes-file episodes/pusht_c2222.episodes100.json --goal-offset 100 --eval-budget 200 --num-eval 256 --score block --angles 20 5 --seed 44 --cem-seed 44
27	pusht	gcidm_router_tauown	100	45	logs/rbV_pusht_gcidm_router_tauown_t100_seed45.log	python -m surveyor.envs.pusht.eval --subgoal gcidm+surveyor --gcidm-ckpt gcidm_pusht_h200.pt --gdm-ckpt gdm_stride10.pt --gdm-steps 3 --accept-tau 0.233 --sg-steps 10 --cstar-route --source pretrained --h5 pusht_c2222.h5 --device cuda --mode long --episodes-file episodes/pusht_c2222.episodes100.json --goal-offset 100 --eval-budget 200 --num-eval 256 --score block --angles 20 5 --seed 45 --cem-seed 45
28	pusht	gcidm_router_tauown	100	46	logs/rbV_pusht_gcidm_router_tauown_t100_seed46.log	python -m surveyor.envs.pusht.eval --subgoal gcidm+surveyor --gcidm-ckpt gcidm_pusht_h200.pt --gdm-ckpt gdm_stride10.pt --gdm-steps 3 --accept-tau 0.233 --sg-steps 10 --cstar-route --source pretrained --h5 pusht_c2222.h5 --device cuda --mode long --episodes-file episodes/pusht_c2222.episodes100.json --goal-offset 100 --eval-budget 200 --num-eval 256 --score block --angles 20 5 --seed 46 --cem-seed 46
29	pusht	gcidm_router_tauown	100	47	logs/rbV_pusht_gcidm_router_tauown_t100_seed47.log	python -m surveyor.envs.pusht.eval --subgoal gcidm+surveyor --gcidm-ckpt gcidm_pusht_h200.pt --gdm-ckpt gdm_stride10.pt --gdm-steps 3 --accept-tau 0.233 --sg-steps 10 --cstar-route --source pretrained --h5 pusht_c2222.h5 --device cuda --mode long --episodes-file episodes/pusht_c2222.episodes100.json --goal-offset 100 --eval-budget 200 --num-eval 256 --score block --angles 20 5 --seed 47 --cem-seed 47
30	pusht	gcidm_router_tauown	100	48	logs/rbV_pusht_gcidm_router_tauown_t100_seed48.log	python -m surveyor.envs.pusht.eval --subgoal gcidm+surveyor --gcidm-ckpt gcidm_pusht_h200.pt --gdm-ckpt gdm_stride10.pt --gdm-steps 3 --accept-tau 0.233 --sg-steps 10 --cstar-route --source pretrained --h5 pusht_c2222.h5 --device cuda --mode long --episodes-file episodes/pusht_c2222.episodes100.json --goal-offset 100 --eval-budget 200 --num-eval 256 --score block --angles 20 5 --seed 48 --cem-seed 48
31	pusht	gcidm_router_tauown	100	49	logs/rbV_pusht_gcidm_router_tauown_t100_seed49.log	python -m surveyor.envs.pusht.eval --subgoal gcidm+surveyor --gcidm-ckpt gcidm_pusht_h200.pt --gdm-ckpt gdm_stride10.pt --gdm-steps 3 --accept-tau 0.233 --sg-steps 10 --cstar-route --source pretrained --h5 pusht_c2222.h5 --device cuda --mode long --episodes-file episodes/pusht_c2222.episodes100.json --goal-offset 100 --eval-budget 200 --num-eval 256 --score block --angles 20 5 --seed 49 --cem-seed 49
32	pusht	gcidm_router_tauown	150	42	logs/rbV_pusht_gcidm_router_tauown_t150_seed42.log	python -m surveyor.envs.pusht.eval --subgoal gcidm+surveyor --gcidm-ckpt gcidm_pusht_h300.pt --gdm-ckpt gdm_stride10.pt --gdm-steps 3 --accept-tau 0.233 --sg-steps 10 --cstar-route --source pretrained --h5 pusht_c2222.h5 --device cuda --mode long --episodes-file episodes/pusht_c2222.episodes150.json --goal-offset 150 --eval-budget 300 --num-eval 256 --score block --angles 20 5 --seed 42 --cem-seed 42
33	pusht	gcidm_router_tauown	150	43	logs/rbV_pusht_gcidm_router_tauown_t150_seed43.log	python -m surveyor.envs.pusht.eval --subgoal gcidm+surveyor --gcidm-ckpt gcidm_pusht_h300.pt --gdm-ckpt gdm_stride10.pt --gdm-steps 3 --accept-tau 0.233 --sg-steps 10 --cstar-route --source pretrained --h5 pusht_c2222.h5 --device cuda --mode long --episodes-file episodes/pusht_c2222.episodes150.json --goal-offset 150 --eval-budget 300 --num-eval 256 --score block --angles 20 5 --seed 43 --cem-seed 43
34	pusht	gcidm_router_tauown	150	44	logs/rbV_pusht_gcidm_router_tauown_t150_seed44.log	python -m surveyor.envs.pusht.eval --subgoal gcidm+surveyor --gcidm-ckpt gcidm_pusht_h300.pt --gdm-ckpt gdm_stride10.pt --gdm-steps 3 --accept-tau 0.233 --sg-steps 10 --cstar-route --source pretrained --h5 pusht_c2222.h5 --device cuda --mode long --episodes-file episodes/pusht_c2222.episodes150.json --goal-offset 150 --eval-budget 300 --num-eval 256 --score block --angles 20 5 --seed 44 --cem-seed 44
35	pusht	gcidm_router_tauown	150	45	logs/rbV_pusht_gcidm_router_tauown_t150_seed45.log	python -m surveyor.envs.pusht.eval --subgoal gcidm+surveyor --gcidm-ckpt gcidm_pusht_h300.pt --gdm-ckpt gdm_stride10.pt --gdm-steps 3 --accept-tau 0.233 --sg-steps 10 --cstar-route --source pretrained --h5 pusht_c2222.h5 --device cuda --mode long --episodes-file episodes/pusht_c2222.episodes150.json --goal-offset 150 --eval-budget 300 --num-eval 256 --score block --angles 20 5 --seed 45 --cem-seed 45
36	pusht	gcidm_router_tauown	150	46	logs/rbV_pusht_gcidm_router_tauown_t150_seed46.log	python -m surveyor.envs.pusht.eval --subgoal gcidm+surveyor --gcidm-ckpt gcidm_pusht_h300.pt --gdm-ckpt gdm_stride10.pt --gdm-steps 3 --accept-tau 0.233 --sg-steps 10 --cstar-route --source pretrained --h5 pusht_c2222.h5 --device cuda --mode long --episodes-file episodes/pusht_c2222.episodes150.json --goal-offset 150 --eval-budget 300 --num-eval 256 --score block --angles 20 5 --seed 46 --cem-seed 46
37	pusht	gcidm_router_tauown	150	47	logs/rbV_pusht_gcidm_router_tauown_t150_seed47.log	python -m surveyor.envs.pusht.eval --subgoal gcidm+surveyor --gcidm-ckpt gcidm_pusht_h300.pt --gdm-ckpt gdm_stride10.pt --gdm-steps 3 --accept-tau 0.233 --sg-steps 10 --cstar-route --source pretrained --h5 pusht_c2222.h5 --device cuda --mode long --episodes-file episodes/pusht_c2222.episodes150.json --goal-offset 150 --eval-budget 300 --num-eval 256 --score block --angles 20 5 --seed 47 --cem-seed 47
38	pusht	gcidm_router_tauown	150	48	logs/rbV_pusht_gcidm_router_tauown_t150_seed48.log	python -m surveyor.envs.pusht.eval --subgoal gcidm+surveyor --gcidm-ckpt gcidm_pusht_h300.pt --gdm-ckpt gdm_stride10.pt --gdm-steps 3 --accept-tau 0.233 --sg-steps 10 --cstar-route --source pretrained --h5 pusht_c2222.h5 --device cuda --mode long --episodes-file episodes/pusht_c2222.episodes150.json --goal-offset 150 --eval-budget 300 --num-eval 256 --score block --angles 20 5 --seed 48 --cem-seed 48
39	pusht	gcidm_router_tauown	150	49	logs/rbV_pusht_gcidm_router_tauown_t150_seed49.log	python -m surveyor.envs.pusht.eval --subgoal gcidm+surveyor --gcidm-ckpt gcidm_pusht_h300.pt --gdm-ckpt gdm_stride10.pt --gdm-steps 3 --accept-tau 0.233 --sg-steps 10 --cstar-route --source pretrained --h5 pusht_c2222.h5 --device cuda --mode long --episodes-file episodes/pusht_c2222.episodes150.json --goal-offset 150 --eval-budget 300 --num-eval 256 --score block --angles 20 5 --seed 49 --cem-seed 49
40	pusht	gcidm_surv_tauown	25	42	logs/rbV_pusht_gcidm_surv_tauown_t25_seed42.log	python -m surveyor.envs.pusht.eval --subgoal gcidm+surveyor --gcidm-ckpt gcidm_pusht_h50.pt --gdm-ckpt gdm_stride10.pt --gdm-steps 3 --accept-tau 0.233 --sg-steps 10 --source pretrained --h5 pusht_c2222.h5 --device cuda --mode long --episodes-file episodes/pusht_c2222.episodes25.json --goal-offset 25 --eval-budget 50 --num-eval 256 --score block --angles 20 5 --seed 42 --cem-seed 42
41	pusht	gcidm_surv_tauown	25	43	logs/rbV_pusht_gcidm_surv_tauown_t25_seed43.log	python -m surveyor.envs.pusht.eval --subgoal gcidm+surveyor --gcidm-ckpt gcidm_pusht_h50.pt --gdm-ckpt gdm_stride10.pt --gdm-steps 3 --accept-tau 0.233 --sg-steps 10 --source pretrained --h5 pusht_c2222.h5 --device cuda --mode long --episodes-file episodes/pusht_c2222.episodes25.json --goal-offset 25 --eval-budget 50 --num-eval 256 --score block --angles 20 5 --seed 43 --cem-seed 43
42	pusht	gcidm_surv_tauown	25	44	logs/rbV_pusht_gcidm_surv_tauown_t25_seed44.log	python -m surveyor.envs.pusht.eval --subgoal gcidm+surveyor --gcidm-ckpt gcidm_pusht_h50.pt --gdm-ckpt gdm_stride10.pt --gdm-steps 3 --accept-tau 0.233 --sg-steps 10 --source pretrained --h5 pusht_c2222.h5 --device cuda --mode long --episodes-file episodes/pusht_c2222.episodes25.json --goal-offset 25 --eval-budget 50 --num-eval 256 --score block --angles 20 5 --seed 44 --cem-seed 44
43	pusht	gcidm_surv_tauown	25	45	logs/rbV_pusht_gcidm_surv_tauown_t25_seed45.log	python -m surveyor.envs.pusht.eval --subgoal gcidm+surveyor --gcidm-ckpt gcidm_pusht_h50.pt --gdm-ckpt gdm_stride10.pt --gdm-steps 3 --accept-tau 0.233 --sg-steps 10 --source pretrained --h5 pusht_c2222.h5 --device cuda --mode long --episodes-file episodes/pusht_c2222.episodes25.json --goal-offset 25 --eval-budget 50 --num-eval 256 --score block --angles 20 5 --seed 45 --cem-seed 45
44	pusht	gcidm_surv_tauown	25	46	logs/rbV_pusht_gcidm_surv_tauown_t25_seed46.log	python -m surveyor.envs.pusht.eval --subgoal gcidm+surveyor --gcidm-ckpt gcidm_pusht_h50.pt --gdm-ckpt gdm_stride10.pt --gdm-steps 3 --accept-tau 0.233 --sg-steps 10 --source pretrained --h5 pusht_c2222.h5 --device cuda --mode long --episodes-file episodes/pusht_c2222.episodes25.json --goal-offset 25 --eval-budget 50 --num-eval 256 --score block --angles 20 5 --seed 46 --cem-seed 46
45	pusht	gcidm_surv_tauown	25	47	logs/rbV_pusht_gcidm_surv_tauown_t25_seed47.log	python -m surveyor.envs.pusht.eval --subgoal gcidm+surveyor --gcidm-ckpt gcidm_pusht_h50.pt --gdm-ckpt gdm_stride10.pt --gdm-steps 3 --accept-tau 0.233 --sg-steps 10 --source pretrained --h5 pusht_c2222.h5 --device cuda --mode long --episodes-file episodes/pusht_c2222.episodes25.json --goal-offset 25 --eval-budget 50 --num-eval 256 --score block --angles 20 5 --seed 47 --cem-seed 47
46	pusht	gcidm_surv_tauown	25	48	logs/rbV_pusht_gcidm_surv_tauown_t25_seed48.log	python -m surveyor.envs.pusht.eval --subgoal gcidm+surveyor --gcidm-ckpt gcidm_pusht_h50.pt --gdm-ckpt gdm_stride10.pt --gdm-steps 3 --accept-tau 0.233 --sg-steps 10 --source pretrained --h5 pusht_c2222.h5 --device cuda --mode long --episodes-file episodes/pusht_c2222.episodes25.json --goal-offset 25 --eval-budget 50 --num-eval 256 --score block --angles 20 5 --seed 48 --cem-seed 48
47	pusht	gcidm_surv_tauown	25	49	logs/rbV_pusht_gcidm_surv_tauown_t25_seed49.log	python -m surveyor.envs.pusht.eval --subgoal gcidm+surveyor --gcidm-ckpt gcidm_pusht_h50.pt --gdm-ckpt gdm_stride10.pt --gdm-steps 3 --accept-tau 0.233 --sg-steps 10 --source pretrained --h5 pusht_c2222.h5 --device cuda --mode long --episodes-file episodes/pusht_c2222.episodes25.json --goal-offset 25 --eval-budget 50 --num-eval 256 --score block --angles 20 5 --seed 49 --cem-seed 49
48	pusht	gcidm_surv_tauown	50	42	logs/rbV_pusht_gcidm_surv_tauown_t50_seed42.log	python -m surveyor.envs.pusht.eval --subgoal gcidm+surveyor --gcidm-ckpt gcidm_pusht_h100.pt --gdm-ckpt gdm_stride10.pt --gdm-steps 3 --accept-tau 0.233 --sg-steps 10 --source pretrained --h5 pusht_c2222.h5 --device cuda --mode long --episodes-file episodes/pusht_c2222.episodes50.json --goal-offset 50 --eval-budget 100 --num-eval 256 --score block --angles 20 5 --seed 42 --cem-seed 42
49	pusht	gcidm_surv_tauown	50	43	logs/rbV_pusht_gcidm_surv_tauown_t50_seed43.log	python -m surveyor.envs.pusht.eval --subgoal gcidm+surveyor --gcidm-ckpt gcidm_pusht_h100.pt --gdm-ckpt gdm_stride10.pt --gdm-steps 3 --accept-tau 0.233 --sg-steps 10 --source pretrained --h5 pusht_c2222.h5 --device cuda --mode long --episodes-file episodes/pusht_c2222.episodes50.json --goal-offset 50 --eval-budget 100 --num-eval 256 --score block --angles 20 5 --seed 43 --cem-seed 43
50	pusht	gcidm_surv_tauown	50	44	logs/rbV_pusht_gcidm_surv_tauown_t50_seed44.log	python -m surveyor.envs.pusht.eval --subgoal gcidm+surveyor --gcidm-ckpt gcidm_pusht_h100.pt --gdm-ckpt gdm_stride10.pt --gdm-steps 3 --accept-tau 0.233 --sg-steps 10 --source pretrained --h5 pusht_c2222.h5 --device cuda --mode long --episodes-file episodes/pusht_c2222.episodes50.json --goal-offset 50 --eval-budget 100 --num-eval 256 --score block --angles 20 5 --seed 44 --cem-seed 44
51	pusht	gcidm_surv_tauown	50	45	logs/rbV_pusht_gcidm_surv_tauown_t50_seed45.log	python -m surveyor.envs.pusht.eval --subgoal gcidm+surveyor --gcidm-ckpt gcidm_pusht_h100.pt --gdm-ckpt gdm_stride10.pt --gdm-steps 3 --accept-tau 0.233 --sg-steps 10 --source pretrained --h5 pusht_c2222.h5 --device cuda --mode long --episodes-file episodes/pusht_c2222.episodes50.json --goal-offset 50 --eval-budget 100 --num-eval 256 --score block --angles 20 5 --seed 45 --cem-seed 45
52	pusht	gcidm_surv_tauown	50	46	logs/rbV_pusht_gcidm_surv_tauown_t50_seed46.log	python -m surveyor.envs.pusht.eval --subgoal gcidm+surveyor --gcidm-ckpt gcidm_pusht_h100.pt --gdm-ckpt gdm_stride10.pt --gdm-steps 3 --accept-tau 0.233 --sg-steps 10 --source pretrained --h5 pusht_c2222.h5 --device cuda --mode long --episodes-file episodes/pusht_c2222.episodes50.json --goal-offset 50 --eval-budget 100 --num-eval 256 --score block --angles 20 5 --seed 46 --cem-seed 46
53	pusht	gcidm_surv_tauown	50	47	logs/rbV_pusht_gcidm_surv_tauown_t50_seed47.log	python -m surveyor.envs.pusht.eval --subgoal gcidm+surveyor --gcidm-ckpt gcidm_pusht_h100.pt --gdm-ckpt gdm_stride10.pt --gdm-steps 3 --accept-tau 0.233 --sg-steps 10 --source pretrained --h5 pusht_c2222.h5 --device cuda --mode long --episodes-file episodes/pusht_c2222.episodes50.json --goal-offset 50 --eval-budget 100 --num-eval 256 --score block --angles 20 5 --seed 47 --cem-seed 47
54	pusht	gcidm_surv_tauown	50	48	logs/rbV_pusht_gcidm_surv_tauown_t50_seed48.log	python -m surveyor.envs.pusht.eval --subgoal gcidm+surveyor --gcidm-ckpt gcidm_pusht_h100.pt --gdm-ckpt gdm_stride10.pt --gdm-steps 3 --accept-tau 0.233 --sg-steps 10 --source pretrained --h5 pusht_c2222.h5 --device cuda --mode long --episodes-file episodes/pusht_c2222.episodes50.json --goal-offset 50 --eval-budget 100 --num-eval 256 --score block --angles 20 5 --seed 48 --cem-seed 48
55	pusht	gcidm_surv_tauown	50	49	logs/rbV_pusht_gcidm_surv_tauown_t50_seed49.log	python -m surveyor.envs.pusht.eval --subgoal gcidm+surveyor --gcidm-ckpt gcidm_pusht_h100.pt --gdm-ckpt gdm_stride10.pt --gdm-steps 3 --accept-tau 0.233 --sg-steps 10 --source pretrained --h5 pusht_c2222.h5 --device cuda --mode long --episodes-file episodes/pusht_c2222.episodes50.json --goal-offset 50 --eval-budget 100 --num-eval 256 --score block --angles 20 5 --seed 49 --cem-seed 49
56	pusht	gcidm_surv_tauown	75	42	logs/rbV_pusht_gcidm_surv_tauown_t75_seed42.log	python -m surveyor.envs.pusht.eval --subgoal gcidm+surveyor --gcidm-ckpt gcidm_pusht_h150.pt --gdm-ckpt gdm_stride10.pt --gdm-steps 3 --accept-tau 0.233 --sg-steps 10 --source pretrained --h5 pusht_c2222.h5 --device cuda --mode long --episodes-file episodes/pusht_c2222.episodes75.json --goal-offset 75 --eval-budget 150 --num-eval 256 --score block --angles 20 5 --seed 42 --cem-seed 42
57	pusht	gcidm_surv_tauown	75	43	logs/rbV_pusht_gcidm_surv_tauown_t75_seed43.log	python -m surveyor.envs.pusht.eval --subgoal gcidm+surveyor --gcidm-ckpt gcidm_pusht_h150.pt --gdm-ckpt gdm_stride10.pt --gdm-steps 3 --accept-tau 0.233 --sg-steps 10 --source pretrained --h5 pusht_c2222.h5 --device cuda --mode long --episodes-file episodes/pusht_c2222.episodes75.json --goal-offset 75 --eval-budget 150 --num-eval 256 --score block --angles 20 5 --seed 43 --cem-seed 43
58	pusht	gcidm_surv_tauown	75	44	logs/rbV_pusht_gcidm_surv_tauown_t75_seed44.log	python -m surveyor.envs.pusht.eval --subgoal gcidm+surveyor --gcidm-ckpt gcidm_pusht_h150.pt --gdm-ckpt gdm_stride10.pt --gdm-steps 3 --accept-tau 0.233 --sg-steps 10 --source pretrained --h5 pusht_c2222.h5 --device cuda --mode long --episodes-file episodes/pusht_c2222.episodes75.json --goal-offset 75 --eval-budget 150 --num-eval 256 --score block --angles 20 5 --seed 44 --cem-seed 44
59	pusht	gcidm_surv_tauown	75	45	logs/rbV_pusht_gcidm_surv_tauown_t75_seed45.log	python -m surveyor.envs.pusht.eval --subgoal gcidm+surveyor --gcidm-ckpt gcidm_pusht_h150.pt --gdm-ckpt gdm_stride10.pt --gdm-steps 3 --accept-tau 0.233 --sg-steps 10 --source pretrained --h5 pusht_c2222.h5 --device cuda --mode long --episodes-file episodes/pusht_c2222.episodes75.json --goal-offset 75 --eval-budget 150 --num-eval 256 --score block --angles 20 5 --seed 45 --cem-seed 45
60	pusht	gcidm_surv_tauown	75	46	logs/rbV_pusht_gcidm_surv_tauown_t75_seed46.log	python -m surveyor.envs.pusht.eval --subgoal gcidm+surveyor --gcidm-ckpt gcidm_pusht_h150.pt --gdm-ckpt gdm_stride10.pt --gdm-steps 3 --accept-tau 0.233 --sg-steps 10 --source pretrained --h5 pusht_c2222.h5 --device cuda --mode long --episodes-file episodes/pusht_c2222.episodes75.json --goal-offset 75 --eval-budget 150 --num-eval 256 --score block --angles 20 5 --seed 46 --cem-seed 46
61	pusht	gcidm_surv_tauown	75	47	logs/rbV_pusht_gcidm_surv_tauown_t75_seed47.log	python -m surveyor.envs.pusht.eval --subgoal gcidm+surveyor --gcidm-ckpt gcidm_pusht_h150.pt --gdm-ckpt gdm_stride10.pt --gdm-steps 3 --accept-tau 0.233 --sg-steps 10 --source pretrained --h5 pusht_c2222.h5 --device cuda --mode long --episodes-file episodes/pusht_c2222.episodes75.json --goal-offset 75 --eval-budget 150 --num-eval 256 --score block --angles 20 5 --seed 47 --cem-seed 47
62	pusht	gcidm_surv_tauown	75	48	logs/rbV_pusht_gcidm_surv_tauown_t75_seed48.log	python -m surveyor.envs.pusht.eval --subgoal gcidm+surveyor --gcidm-ckpt gcidm_pusht_h150.pt --gdm-ckpt gdm_stride10.pt --gdm-steps 3 --accept-tau 0.233 --sg-steps 10 --source pretrained --h5 pusht_c2222.h5 --device cuda --mode long --episodes-file episodes/pusht_c2222.episodes75.json --goal-offset 75 --eval-budget 150 --num-eval 256 --score block --angles 20 5 --seed 48 --cem-seed 48
63	pusht	gcidm_surv_tauown	75	49	logs/rbV_pusht_gcidm_surv_tauown_t75_seed49.log	python -m surveyor.envs.pusht.eval --subgoal gcidm+surveyor --gcidm-ckpt gcidm_pusht_h150.pt --gdm-ckpt gdm_stride10.pt --gdm-steps 3 --accept-tau 0.233 --sg-steps 10 --source pretrained --h5 pusht_c2222.h5 --device cuda --mode long --episodes-file episodes/pusht_c2222.episodes75.json --goal-offset 75 --eval-budget 150 --num-eval 256 --score block --angles 20 5 --seed 49 --cem-seed 49
64	pusht	gcidm_surv_tauown	100	42	logs/rbV_pusht_gcidm_surv_tauown_t100_seed42.log	python -m surveyor.envs.pusht.eval --subgoal gcidm+surveyor --gcidm-ckpt gcidm_pusht_h200.pt --gdm-ckpt gdm_stride10.pt --gdm-steps 3 --accept-tau 0.233 --sg-steps 10 --source pretrained --h5 pusht_c2222.h5 --device cuda --mode long --episodes-file episodes/pusht_c2222.episodes100.json --goal-offset 100 --eval-budget 200 --num-eval 256 --score block --angles 20 5 --seed 42 --cem-seed 42
65	pusht	gcidm_surv_tauown	100	43	logs/rbV_pusht_gcidm_surv_tauown_t100_seed43.log	python -m surveyor.envs.pusht.eval --subgoal gcidm+surveyor --gcidm-ckpt gcidm_pusht_h200.pt --gdm-ckpt gdm_stride10.pt --gdm-steps 3 --accept-tau 0.233 --sg-steps 10 --source pretrained --h5 pusht_c2222.h5 --device cuda --mode long --episodes-file episodes/pusht_c2222.episodes100.json --goal-offset 100 --eval-budget 200 --num-eval 256 --score block --angles 20 5 --seed 43 --cem-seed 43
66	pusht	gcidm_surv_tauown	100	44	logs/rbV_pusht_gcidm_surv_tauown_t100_seed44.log	python -m surveyor.envs.pusht.eval --subgoal gcidm+surveyor --gcidm-ckpt gcidm_pusht_h200.pt --gdm-ckpt gdm_stride10.pt --gdm-steps 3 --accept-tau 0.233 --sg-steps 10 --source pretrained --h5 pusht_c2222.h5 --device cuda --mode long --episodes-file episodes/pusht_c2222.episodes100.json --goal-offset 100 --eval-budget 200 --num-eval 256 --score block --angles 20 5 --seed 44 --cem-seed 44
67	pusht	gcidm_surv_tauown	100	45	logs/rbV_pusht_gcidm_surv_tauown_t100_seed45.log	python -m surveyor.envs.pusht.eval --subgoal gcidm+surveyor --gcidm-ckpt gcidm_pusht_h200.pt --gdm-ckpt gdm_stride10.pt --gdm-steps 3 --accept-tau 0.233 --sg-steps 10 --source pretrained --h5 pusht_c2222.h5 --device cuda --mode long --episodes-file episodes/pusht_c2222.episodes100.json --goal-offset 100 --eval-budget 200 --num-eval 256 --score block --angles 20 5 --seed 45 --cem-seed 45
68	pusht	gcidm_surv_tauown	100	46	logs/rbV_pusht_gcidm_surv_tauown_t100_seed46.log	python -m surveyor.envs.pusht.eval --subgoal gcidm+surveyor --gcidm-ckpt gcidm_pusht_h200.pt --gdm-ckpt gdm_stride10.pt --gdm-steps 3 --accept-tau 0.233 --sg-steps 10 --source pretrained --h5 pusht_c2222.h5 --device cuda --mode long --episodes-file episodes/pusht_c2222.episodes100.json --goal-offset 100 --eval-budget 200 --num-eval 256 --score block --angles 20 5 --seed 46 --cem-seed 46
69	pusht	gcidm_surv_tauown	100	47	logs/rbV_pusht_gcidm_surv_tauown_t100_seed47.log	python -m surveyor.envs.pusht.eval --subgoal gcidm+surveyor --gcidm-ckpt gcidm_pusht_h200.pt --gdm-ckpt gdm_stride10.pt --gdm-steps 3 --accept-tau 0.233 --sg-steps 10 --source pretrained --h5 pusht_c2222.h5 --device cuda --mode long --episodes-file episodes/pusht_c2222.episodes100.json --goal-offset 100 --eval-budget 200 --num-eval 256 --score block --angles 20 5 --seed 47 --cem-seed 47
70	pusht	gcidm_surv_tauown	100	48	logs/rbV_pusht_gcidm_surv_tauown_t100_seed48.log	python -m surveyor.envs.pusht.eval --subgoal gcidm+surveyor --gcidm-ckpt gcidm_pusht_h200.pt --gdm-ckpt gdm_stride10.pt --gdm-steps 3 --accept-tau 0.233 --sg-steps 10 --source pretrained --h5 pusht_c2222.h5 --device cuda --mode long --episodes-file episodes/pusht_c2222.episodes100.json --goal-offset 100 --eval-budget 200 --num-eval 256 --score block --angles 20 5 --seed 48 --cem-seed 48
71	pusht	gcidm_surv_tauown	100	49	logs/rbV_pusht_gcidm_surv_tauown_t100_seed49.log	python -m surveyor.envs.pusht.eval --subgoal gcidm+surveyor --gcidm-ckpt gcidm_pusht_h200.pt --gdm-ckpt gdm_stride10.pt --gdm-steps 3 --accept-tau 0.233 --sg-steps 10 --source pretrained --h5 pusht_c2222.h5 --device cuda --mode long --episodes-file episodes/pusht_c2222.episodes100.json --goal-offset 100 --eval-budget 200 --num-eval 256 --score block --angles 20 5 --seed 49 --cem-seed 49
72	pusht	gcidm_surv_tauown	150	42	logs/rbV_pusht_gcidm_surv_tauown_t150_seed42.log	python -m surveyor.envs.pusht.eval --subgoal gcidm+surveyor --gcidm-ckpt gcidm_pusht_h300.pt --gdm-ckpt gdm_stride10.pt --gdm-steps 3 --accept-tau 0.233 --sg-steps 10 --source pretrained --h5 pusht_c2222.h5 --device cuda --mode long --episodes-file episodes/pusht_c2222.episodes150.json --goal-offset 150 --eval-budget 300 --num-eval 256 --score block --angles 20 5 --seed 42 --cem-seed 42
73	pusht	gcidm_surv_tauown	150	43	logs/rbV_pusht_gcidm_surv_tauown_t150_seed43.log	python -m surveyor.envs.pusht.eval --subgoal gcidm+surveyor --gcidm-ckpt gcidm_pusht_h300.pt --gdm-ckpt gdm_stride10.pt --gdm-steps 3 --accept-tau 0.233 --sg-steps 10 --source pretrained --h5 pusht_c2222.h5 --device cuda --mode long --episodes-file episodes/pusht_c2222.episodes150.json --goal-offset 150 --eval-budget 300 --num-eval 256 --score block --angles 20 5 --seed 43 --cem-seed 43
74	pusht	gcidm_surv_tauown	150	44	logs/rbV_pusht_gcidm_surv_tauown_t150_seed44.log	python -m surveyor.envs.pusht.eval --subgoal gcidm+surveyor --gcidm-ckpt gcidm_pusht_h300.pt --gdm-ckpt gdm_stride10.pt --gdm-steps 3 --accept-tau 0.233 --sg-steps 10 --source pretrained --h5 pusht_c2222.h5 --device cuda --mode long --episodes-file episodes/pusht_c2222.episodes150.json --goal-offset 150 --eval-budget 300 --num-eval 256 --score block --angles 20 5 --seed 44 --cem-seed 44
75	pusht	gcidm_surv_tauown	150	45	logs/rbV_pusht_gcidm_surv_tauown_t150_seed45.log	python -m surveyor.envs.pusht.eval --subgoal gcidm+surveyor --gcidm-ckpt gcidm_pusht_h300.pt --gdm-ckpt gdm_stride10.pt --gdm-steps 3 --accept-tau 0.233 --sg-steps 10 --source pretrained --h5 pusht_c2222.h5 --device cuda --mode long --episodes-file episodes/pusht_c2222.episodes150.json --goal-offset 150 --eval-budget 300 --num-eval 256 --score block --angles 20 5 --seed 45 --cem-seed 45
76	pusht	gcidm_surv_tauown	150	46	logs/rbV_pusht_gcidm_surv_tauown_t150_seed46.log	python -m surveyor.envs.pusht.eval --subgoal gcidm+surveyor --gcidm-ckpt gcidm_pusht_h300.pt --gdm-ckpt gdm_stride10.pt --gdm-steps 3 --accept-tau 0.233 --sg-steps 10 --source pretrained --h5 pusht_c2222.h5 --device cuda --mode long --episodes-file episodes/pusht_c2222.episodes150.json --goal-offset 150 --eval-budget 300 --num-eval 256 --score block --angles 20 5 --seed 46 --cem-seed 46
77	pusht	gcidm_surv_tauown	150	47	logs/rbV_pusht_gcidm_surv_tauown_t150_seed47.log	python -m surveyor.envs.pusht.eval --subgoal gcidm+surveyor --gcidm-ckpt gcidm_pusht_h300.pt --gdm-ckpt gdm_stride10.pt --gdm-steps 3 --accept-tau 0.233 --sg-steps 10 --source pretrained --h5 pusht_c2222.h5 --device cuda --mode long --episodes-file episodes/pusht_c2222.episodes150.json --goal-offset 150 --eval-budget 300 --num-eval 256 --score block --angles 20 5 --seed 47 --cem-seed 47
78	pusht	gcidm_surv_tauown	150	48	logs/rbV_pusht_gcidm_surv_tauown_t150_seed48.log	python -m surveyor.envs.pusht.eval --subgoal gcidm+surveyor --gcidm-ckpt gcidm_pusht_h300.pt --gdm-ckpt gdm_stride10.pt --gdm-steps 3 --accept-tau 0.233 --sg-steps 10 --source pretrained --h5 pusht_c2222.h5 --device cuda --mode long --episodes-file episodes/pusht_c2222.episodes150.json --goal-offset 150 --eval-budget 300 --num-eval 256 --score block --angles 20 5 --seed 48 --cem-seed 48
79	pusht	gcidm_surv_tauown	150	49	logs/rbV_pusht_gcidm_surv_tauown_t150_seed49.log	python -m surveyor.envs.pusht.eval --subgoal gcidm+surveyor --gcidm-ckpt gcidm_pusht_h300.pt --gdm-ckpt gdm_stride10.pt --gdm-steps 3 --accept-tau 0.233 --sg-steps 10 --source pretrained --h5 pusht_c2222.h5 --device cuda --mode long --episodes-file episodes/pusht_c2222.episodes150.json --goal-offset 150 --eval-budget 300 --num-eval 256 --score block --angles 20 5 --seed 49 --cem-seed 49
80	reacher	gcidm_router_tauown	25	42	logs/rbV_reacher_gcidm_router_tauown_t25_seed42.log	python -m surveyor.envs.reacher.eval --subgoal gcidm+surveyor --gcidm-ckpt gcidm_reacher_h50.pt --gdm-ckpt gdm_reacher_s10.pt --gdm-steps 4 --accept-tau 0.106 --sg-steps 10 --cstar-route --source local --local-dir encoder_reacher --h5 "$REACHER_H5" --device cuda --num-eval 128 --seed 42 --cem-seed 42 --episodes-file episodes/reacher_c2222.ep100.s2222.json --goal-offset 25 --eval-budget 50
81	reacher	gcidm_router_tauown	25	43	logs/rbV_reacher_gcidm_router_tauown_t25_seed43.log	python -m surveyor.envs.reacher.eval --subgoal gcidm+surveyor --gcidm-ckpt gcidm_reacher_h50.pt --gdm-ckpt gdm_reacher_s10.pt --gdm-steps 4 --accept-tau 0.106 --sg-steps 10 --cstar-route --source local --local-dir encoder_reacher --h5 "$REACHER_H5" --device cuda --num-eval 128 --seed 43 --cem-seed 43 --episodes-file episodes/reacher_c2222.ep100.s2222.json --goal-offset 25 --eval-budget 50
82	reacher	gcidm_router_tauown	25	44	logs/rbV_reacher_gcidm_router_tauown_t25_seed44.log	python -m surveyor.envs.reacher.eval --subgoal gcidm+surveyor --gcidm-ckpt gcidm_reacher_h50.pt --gdm-ckpt gdm_reacher_s10.pt --gdm-steps 4 --accept-tau 0.106 --sg-steps 10 --cstar-route --source local --local-dir encoder_reacher --h5 "$REACHER_H5" --device cuda --num-eval 128 --seed 44 --cem-seed 44 --episodes-file episodes/reacher_c2222.ep100.s2222.json --goal-offset 25 --eval-budget 50
83	reacher	gcidm_router_tauown	25	45	logs/rbV_reacher_gcidm_router_tauown_t25_seed45.log	python -m surveyor.envs.reacher.eval --subgoal gcidm+surveyor --gcidm-ckpt gcidm_reacher_h50.pt --gdm-ckpt gdm_reacher_s10.pt --gdm-steps 4 --accept-tau 0.106 --sg-steps 10 --cstar-route --source local --local-dir encoder_reacher --h5 "$REACHER_H5" --device cuda --num-eval 128 --seed 45 --cem-seed 45 --episodes-file episodes/reacher_c2222.ep100.s2222.json --goal-offset 25 --eval-budget 50
84	reacher	gcidm_router_tauown	25	46	logs/rbV_reacher_gcidm_router_tauown_t25_seed46.log	python -m surveyor.envs.reacher.eval --subgoal gcidm+surveyor --gcidm-ckpt gcidm_reacher_h50.pt --gdm-ckpt gdm_reacher_s10.pt --gdm-steps 4 --accept-tau 0.106 --sg-steps 10 --cstar-route --source local --local-dir encoder_reacher --h5 "$REACHER_H5" --device cuda --num-eval 128 --seed 46 --cem-seed 46 --episodes-file episodes/reacher_c2222.ep100.s2222.json --goal-offset 25 --eval-budget 50
85	reacher	gcidm_router_tauown	25	47	logs/rbV_reacher_gcidm_router_tauown_t25_seed47.log	python -m surveyor.envs.reacher.eval --subgoal gcidm+surveyor --gcidm-ckpt gcidm_reacher_h50.pt --gdm-ckpt gdm_reacher_s10.pt --gdm-steps 4 --accept-tau 0.106 --sg-steps 10 --cstar-route --source local --local-dir encoder_reacher --h5 "$REACHER_H5" --device cuda --num-eval 128 --seed 47 --cem-seed 47 --episodes-file episodes/reacher_c2222.ep100.s2222.json --goal-offset 25 --eval-budget 50
86	reacher	gcidm_router_tauown	25	48	logs/rbV_reacher_gcidm_router_tauown_t25_seed48.log	python -m surveyor.envs.reacher.eval --subgoal gcidm+surveyor --gcidm-ckpt gcidm_reacher_h50.pt --gdm-ckpt gdm_reacher_s10.pt --gdm-steps 4 --accept-tau 0.106 --sg-steps 10 --cstar-route --source local --local-dir encoder_reacher --h5 "$REACHER_H5" --device cuda --num-eval 128 --seed 48 --cem-seed 48 --episodes-file episodes/reacher_c2222.ep100.s2222.json --goal-offset 25 --eval-budget 50
87	reacher	gcidm_router_tauown	25	49	logs/rbV_reacher_gcidm_router_tauown_t25_seed49.log	python -m surveyor.envs.reacher.eval --subgoal gcidm+surveyor --gcidm-ckpt gcidm_reacher_h50.pt --gdm-ckpt gdm_reacher_s10.pt --gdm-steps 4 --accept-tau 0.106 --sg-steps 10 --cstar-route --source local --local-dir encoder_reacher --h5 "$REACHER_H5" --device cuda --num-eval 128 --seed 49 --cem-seed 49 --episodes-file episodes/reacher_c2222.ep100.s2222.json --goal-offset 25 --eval-budget 50
88	reacher	gcidm_router_tauown	50	42	logs/rbV_reacher_gcidm_router_tauown_t50_seed42.log	python -m surveyor.envs.reacher.eval --subgoal gcidm+surveyor --gcidm-ckpt gcidm_reacher_h100.pt --gdm-ckpt gdm_reacher_s10.pt --gdm-steps 4 --accept-tau 0.106 --sg-steps 10 --cstar-route --source local --local-dir encoder_reacher --h5 "$REACHER_H5" --device cuda --num-eval 128 --seed 42 --cem-seed 42 --episodes-file episodes/reacher_c2222.ep100.s2222.json --goal-offset 50 --eval-budget 100
89	reacher	gcidm_router_tauown	50	43	logs/rbV_reacher_gcidm_router_tauown_t50_seed43.log	python -m surveyor.envs.reacher.eval --subgoal gcidm+surveyor --gcidm-ckpt gcidm_reacher_h100.pt --gdm-ckpt gdm_reacher_s10.pt --gdm-steps 4 --accept-tau 0.106 --sg-steps 10 --cstar-route --source local --local-dir encoder_reacher --h5 "$REACHER_H5" --device cuda --num-eval 128 --seed 43 --cem-seed 43 --episodes-file episodes/reacher_c2222.ep100.s2222.json --goal-offset 50 --eval-budget 100
90	reacher	gcidm_router_tauown	50	44	logs/rbV_reacher_gcidm_router_tauown_t50_seed44.log	python -m surveyor.envs.reacher.eval --subgoal gcidm+surveyor --gcidm-ckpt gcidm_reacher_h100.pt --gdm-ckpt gdm_reacher_s10.pt --gdm-steps 4 --accept-tau 0.106 --sg-steps 10 --cstar-route --source local --local-dir encoder_reacher --h5 "$REACHER_H5" --device cuda --num-eval 128 --seed 44 --cem-seed 44 --episodes-file episodes/reacher_c2222.ep100.s2222.json --goal-offset 50 --eval-budget 100
91	reacher	gcidm_router_tauown	50	45	logs/rbV_reacher_gcidm_router_tauown_t50_seed45.log	python -m surveyor.envs.reacher.eval --subgoal gcidm+surveyor --gcidm-ckpt gcidm_reacher_h100.pt --gdm-ckpt gdm_reacher_s10.pt --gdm-steps 4 --accept-tau 0.106 --sg-steps 10 --cstar-route --source local --local-dir encoder_reacher --h5 "$REACHER_H5" --device cuda --num-eval 128 --seed 45 --cem-seed 45 --episodes-file episodes/reacher_c2222.ep100.s2222.json --goal-offset 50 --eval-budget 100
92	reacher	gcidm_router_tauown	50	46	logs/rbV_reacher_gcidm_router_tauown_t50_seed46.log	python -m surveyor.envs.reacher.eval --subgoal gcidm+surveyor --gcidm-ckpt gcidm_reacher_h100.pt --gdm-ckpt gdm_reacher_s10.pt --gdm-steps 4 --accept-tau 0.106 --sg-steps 10 --cstar-route --source local --local-dir encoder_reacher --h5 "$REACHER_H5" --device cuda --num-eval 128 --seed 46 --cem-seed 46 --episodes-file episodes/reacher_c2222.ep100.s2222.json --goal-offset 50 --eval-budget 100
93	reacher	gcidm_router_tauown	50	47	logs/rbV_reacher_gcidm_router_tauown_t50_seed47.log	python -m surveyor.envs.reacher.eval --subgoal gcidm+surveyor --gcidm-ckpt gcidm_reacher_h100.pt --gdm-ckpt gdm_reacher_s10.pt --gdm-steps 4 --accept-tau 0.106 --sg-steps 10 --cstar-route --source local --local-dir encoder_reacher --h5 "$REACHER_H5" --device cuda --num-eval 128 --seed 47 --cem-seed 47 --episodes-file episodes/reacher_c2222.ep100.s2222.json --goal-offset 50 --eval-budget 100
94	reacher	gcidm_router_tauown	50	48	logs/rbV_reacher_gcidm_router_tauown_t50_seed48.log	python -m surveyor.envs.reacher.eval --subgoal gcidm+surveyor --gcidm-ckpt gcidm_reacher_h100.pt --gdm-ckpt gdm_reacher_s10.pt --gdm-steps 4 --accept-tau 0.106 --sg-steps 10 --cstar-route --source local --local-dir encoder_reacher --h5 "$REACHER_H5" --device cuda --num-eval 128 --seed 48 --cem-seed 48 --episodes-file episodes/reacher_c2222.ep100.s2222.json --goal-offset 50 --eval-budget 100
95	reacher	gcidm_router_tauown	50	49	logs/rbV_reacher_gcidm_router_tauown_t50_seed49.log	python -m surveyor.envs.reacher.eval --subgoal gcidm+surveyor --gcidm-ckpt gcidm_reacher_h100.pt --gdm-ckpt gdm_reacher_s10.pt --gdm-steps 4 --accept-tau 0.106 --sg-steps 10 --cstar-route --source local --local-dir encoder_reacher --h5 "$REACHER_H5" --device cuda --num-eval 128 --seed 49 --cem-seed 49 --episodes-file episodes/reacher_c2222.ep100.s2222.json --goal-offset 50 --eval-budget 100
96	reacher	gcidm_router_tauown	100	42	logs/rbV_reacher_gcidm_router_tauown_t100_seed42.log	python -m surveyor.envs.reacher.eval --subgoal gcidm+surveyor --gcidm-ckpt gcidm_reacher_h200.pt --gdm-ckpt gdm_reacher_s10.pt --gdm-steps 4 --accept-tau 0.106 --sg-steps 10 --cstar-route --source local --local-dir encoder_reacher --h5 "$REACHER_H5" --device cuda --num-eval 128 --seed 42 --cem-seed 42 --episodes-file episodes/reacher_c2222.ep100.s2222.json --goal-offset 100 --eval-budget 200
97	reacher	gcidm_router_tauown	100	43	logs/rbV_reacher_gcidm_router_tauown_t100_seed43.log	python -m surveyor.envs.reacher.eval --subgoal gcidm+surveyor --gcidm-ckpt gcidm_reacher_h200.pt --gdm-ckpt gdm_reacher_s10.pt --gdm-steps 4 --accept-tau 0.106 --sg-steps 10 --cstar-route --source local --local-dir encoder_reacher --h5 "$REACHER_H5" --device cuda --num-eval 128 --seed 43 --cem-seed 43 --episodes-file episodes/reacher_c2222.ep100.s2222.json --goal-offset 100 --eval-budget 200
98	reacher	gcidm_router_tauown	100	44	logs/rbV_reacher_gcidm_router_tauown_t100_seed44.log	python -m surveyor.envs.reacher.eval --subgoal gcidm+surveyor --gcidm-ckpt gcidm_reacher_h200.pt --gdm-ckpt gdm_reacher_s10.pt --gdm-steps 4 --accept-tau 0.106 --sg-steps 10 --cstar-route --source local --local-dir encoder_reacher --h5 "$REACHER_H5" --device cuda --num-eval 128 --seed 44 --cem-seed 44 --episodes-file episodes/reacher_c2222.ep100.s2222.json --goal-offset 100 --eval-budget 200
99	reacher	gcidm_router_tauown	100	45	logs/rbV_reacher_gcidm_router_tauown_t100_seed45.log	python -m surveyor.envs.reacher.eval --subgoal gcidm+surveyor --gcidm-ckpt gcidm_reacher_h200.pt --gdm-ckpt gdm_reacher_s10.pt --gdm-steps 4 --accept-tau 0.106 --sg-steps 10 --cstar-route --source local --local-dir encoder_reacher --h5 "$REACHER_H5" --device cuda --num-eval 128 --seed 45 --cem-seed 45 --episodes-file episodes/reacher_c2222.ep100.s2222.json --goal-offset 100 --eval-budget 200
100	reacher	gcidm_router_tauown	100	46	logs/rbV_reacher_gcidm_router_tauown_t100_seed46.log	python -m surveyor.envs.reacher.eval --subgoal gcidm+surveyor --gcidm-ckpt gcidm_reacher_h200.pt --gdm-ckpt gdm_reacher_s10.pt --gdm-steps 4 --accept-tau 0.106 --sg-steps 10 --cstar-route --source local --local-dir encoder_reacher --h5 "$REACHER_H5" --device cuda --num-eval 128 --seed 46 --cem-seed 46 --episodes-file episodes/reacher_c2222.ep100.s2222.json --goal-offset 100 --eval-budget 200
101	reacher	gcidm_router_tauown	100	47	logs/rbV_reacher_gcidm_router_tauown_t100_seed47.log	python -m surveyor.envs.reacher.eval --subgoal gcidm+surveyor --gcidm-ckpt gcidm_reacher_h200.pt --gdm-ckpt gdm_reacher_s10.pt --gdm-steps 4 --accept-tau 0.106 --sg-steps 10 --cstar-route --source local --local-dir encoder_reacher --h5 "$REACHER_H5" --device cuda --num-eval 128 --seed 47 --cem-seed 47 --episodes-file episodes/reacher_c2222.ep100.s2222.json --goal-offset 100 --eval-budget 200
102	reacher	gcidm_router_tauown	100	48	logs/rbV_reacher_gcidm_router_tauown_t100_seed48.log	python -m surveyor.envs.reacher.eval --subgoal gcidm+surveyor --gcidm-ckpt gcidm_reacher_h200.pt --gdm-ckpt gdm_reacher_s10.pt --gdm-steps 4 --accept-tau 0.106 --sg-steps 10 --cstar-route --source local --local-dir encoder_reacher --h5 "$REACHER_H5" --device cuda --num-eval 128 --seed 48 --cem-seed 48 --episodes-file episodes/reacher_c2222.ep100.s2222.json --goal-offset 100 --eval-budget 200
103	reacher	gcidm_router_tauown	100	49	logs/rbV_reacher_gcidm_router_tauown_t100_seed49.log	python -m surveyor.envs.reacher.eval --subgoal gcidm+surveyor --gcidm-ckpt gcidm_reacher_h200.pt --gdm-ckpt gdm_reacher_s10.pt --gdm-steps 4 --accept-tau 0.106 --sg-steps 10 --cstar-route --source local --local-dir encoder_reacher --h5 "$REACHER_H5" --device cuda --num-eval 128 --seed 49 --cem-seed 49 --episodes-file episodes/reacher_c2222.ep100.s2222.json --goal-offset 100 --eval-budget 200
104	reacher	gcidm_router_tauown	150	42	logs/rbV_reacher_gcidm_router_tauown_t150_seed42.log	python -m surveyor.envs.reacher.eval --subgoal gcidm+surveyor --gcidm-ckpt gcidm_reacher_h300.pt --gdm-ckpt gdm_reacher_s10.pt --gdm-steps 4 --accept-tau 0.106 --sg-steps 10 --cstar-route --source local --local-dir encoder_reacher --h5 "$REACHER_H5" --device cuda --num-eval 128 --seed 42 --cem-seed 42 --episodes-file episodes/reacher_c2222.ep150.s2222.json --goal-offset 150 --eval-budget 300
105	reacher	gcidm_router_tauown	150	43	logs/rbV_reacher_gcidm_router_tauown_t150_seed43.log	python -m surveyor.envs.reacher.eval --subgoal gcidm+surveyor --gcidm-ckpt gcidm_reacher_h300.pt --gdm-ckpt gdm_reacher_s10.pt --gdm-steps 4 --accept-tau 0.106 --sg-steps 10 --cstar-route --source local --local-dir encoder_reacher --h5 "$REACHER_H5" --device cuda --num-eval 128 --seed 43 --cem-seed 43 --episodes-file episodes/reacher_c2222.ep150.s2222.json --goal-offset 150 --eval-budget 300
106	reacher	gcidm_router_tauown	150	44	logs/rbV_reacher_gcidm_router_tauown_t150_seed44.log	python -m surveyor.envs.reacher.eval --subgoal gcidm+surveyor --gcidm-ckpt gcidm_reacher_h300.pt --gdm-ckpt gdm_reacher_s10.pt --gdm-steps 4 --accept-tau 0.106 --sg-steps 10 --cstar-route --source local --local-dir encoder_reacher --h5 "$REACHER_H5" --device cuda --num-eval 128 --seed 44 --cem-seed 44 --episodes-file episodes/reacher_c2222.ep150.s2222.json --goal-offset 150 --eval-budget 300
107	reacher	gcidm_router_tauown	150	45	logs/rbV_reacher_gcidm_router_tauown_t150_seed45.log	python -m surveyor.envs.reacher.eval --subgoal gcidm+surveyor --gcidm-ckpt gcidm_reacher_h300.pt --gdm-ckpt gdm_reacher_s10.pt --gdm-steps 4 --accept-tau 0.106 --sg-steps 10 --cstar-route --source local --local-dir encoder_reacher --h5 "$REACHER_H5" --device cuda --num-eval 128 --seed 45 --cem-seed 45 --episodes-file episodes/reacher_c2222.ep150.s2222.json --goal-offset 150 --eval-budget 300
108	reacher	gcidm_router_tauown	150	46	logs/rbV_reacher_gcidm_router_tauown_t150_seed46.log	python -m surveyor.envs.reacher.eval --subgoal gcidm+surveyor --gcidm-ckpt gcidm_reacher_h300.pt --gdm-ckpt gdm_reacher_s10.pt --gdm-steps 4 --accept-tau 0.106 --sg-steps 10 --cstar-route --source local --local-dir encoder_reacher --h5 "$REACHER_H5" --device cuda --num-eval 128 --seed 46 --cem-seed 46 --episodes-file episodes/reacher_c2222.ep150.s2222.json --goal-offset 150 --eval-budget 300
109	reacher	gcidm_router_tauown	150	47	logs/rbV_reacher_gcidm_router_tauown_t150_seed47.log	python -m surveyor.envs.reacher.eval --subgoal gcidm+surveyor --gcidm-ckpt gcidm_reacher_h300.pt --gdm-ckpt gdm_reacher_s10.pt --gdm-steps 4 --accept-tau 0.106 --sg-steps 10 --cstar-route --source local --local-dir encoder_reacher --h5 "$REACHER_H5" --device cuda --num-eval 128 --seed 47 --cem-seed 47 --episodes-file episodes/reacher_c2222.ep150.s2222.json --goal-offset 150 --eval-budget 300
110	reacher	gcidm_router_tauown	150	48	logs/rbV_reacher_gcidm_router_tauown_t150_seed48.log	python -m surveyor.envs.reacher.eval --subgoal gcidm+surveyor --gcidm-ckpt gcidm_reacher_h300.pt --gdm-ckpt gdm_reacher_s10.pt --gdm-steps 4 --accept-tau 0.106 --sg-steps 10 --cstar-route --source local --local-dir encoder_reacher --h5 "$REACHER_H5" --device cuda --num-eval 128 --seed 48 --cem-seed 48 --episodes-file episodes/reacher_c2222.ep150.s2222.json --goal-offset 150 --eval-budget 300
111	reacher	gcidm_router_tauown	150	49	logs/rbV_reacher_gcidm_router_tauown_t150_seed49.log	python -m surveyor.envs.reacher.eval --subgoal gcidm+surveyor --gcidm-ckpt gcidm_reacher_h300.pt --gdm-ckpt gdm_reacher_s10.pt --gdm-steps 4 --accept-tau 0.106 --sg-steps 10 --cstar-route --source local --local-dir encoder_reacher --h5 "$REACHER_H5" --device cuda --num-eval 128 --seed 49 --cem-seed 49 --episodes-file episodes/reacher_c2222.ep150.s2222.json --goal-offset 150 --eval-budget 300
112	reacher	gcidm_surv_tauown	25	42	logs/rbV_reacher_gcidm_surv_tauown_t25_seed42.log	python -m surveyor.envs.reacher.eval --subgoal gcidm+surveyor --gcidm-ckpt gcidm_reacher_h50.pt --gdm-ckpt gdm_reacher_s10.pt --gdm-steps 4 --accept-tau 0.106 --sg-steps 10 --source local --local-dir encoder_reacher --h5 "$REACHER_H5" --device cuda --num-eval 128 --seed 42 --cem-seed 42 --episodes-file episodes/reacher_c2222.ep100.s2222.json --goal-offset 25 --eval-budget 50
113	reacher	gcidm_surv_tauown	25	43	logs/rbV_reacher_gcidm_surv_tauown_t25_seed43.log	python -m surveyor.envs.reacher.eval --subgoal gcidm+surveyor --gcidm-ckpt gcidm_reacher_h50.pt --gdm-ckpt gdm_reacher_s10.pt --gdm-steps 4 --accept-tau 0.106 --sg-steps 10 --source local --local-dir encoder_reacher --h5 "$REACHER_H5" --device cuda --num-eval 128 --seed 43 --cem-seed 43 --episodes-file episodes/reacher_c2222.ep100.s2222.json --goal-offset 25 --eval-budget 50
114	reacher	gcidm_surv_tauown	25	44	logs/rbV_reacher_gcidm_surv_tauown_t25_seed44.log	python -m surveyor.envs.reacher.eval --subgoal gcidm+surveyor --gcidm-ckpt gcidm_reacher_h50.pt --gdm-ckpt gdm_reacher_s10.pt --gdm-steps 4 --accept-tau 0.106 --sg-steps 10 --source local --local-dir encoder_reacher --h5 "$REACHER_H5" --device cuda --num-eval 128 --seed 44 --cem-seed 44 --episodes-file episodes/reacher_c2222.ep100.s2222.json --goal-offset 25 --eval-budget 50
115	reacher	gcidm_surv_tauown	25	45	logs/rbV_reacher_gcidm_surv_tauown_t25_seed45.log	python -m surveyor.envs.reacher.eval --subgoal gcidm+surveyor --gcidm-ckpt gcidm_reacher_h50.pt --gdm-ckpt gdm_reacher_s10.pt --gdm-steps 4 --accept-tau 0.106 --sg-steps 10 --source local --local-dir encoder_reacher --h5 "$REACHER_H5" --device cuda --num-eval 128 --seed 45 --cem-seed 45 --episodes-file episodes/reacher_c2222.ep100.s2222.json --goal-offset 25 --eval-budget 50
116	reacher	gcidm_surv_tauown	25	46	logs/rbV_reacher_gcidm_surv_tauown_t25_seed46.log	python -m surveyor.envs.reacher.eval --subgoal gcidm+surveyor --gcidm-ckpt gcidm_reacher_h50.pt --gdm-ckpt gdm_reacher_s10.pt --gdm-steps 4 --accept-tau 0.106 --sg-steps 10 --source local --local-dir encoder_reacher --h5 "$REACHER_H5" --device cuda --num-eval 128 --seed 46 --cem-seed 46 --episodes-file episodes/reacher_c2222.ep100.s2222.json --goal-offset 25 --eval-budget 50
117	reacher	gcidm_surv_tauown	25	47	logs/rbV_reacher_gcidm_surv_tauown_t25_seed47.log	python -m surveyor.envs.reacher.eval --subgoal gcidm+surveyor --gcidm-ckpt gcidm_reacher_h50.pt --gdm-ckpt gdm_reacher_s10.pt --gdm-steps 4 --accept-tau 0.106 --sg-steps 10 --source local --local-dir encoder_reacher --h5 "$REACHER_H5" --device cuda --num-eval 128 --seed 47 --cem-seed 47 --episodes-file episodes/reacher_c2222.ep100.s2222.json --goal-offset 25 --eval-budget 50
118	reacher	gcidm_surv_tauown	25	48	logs/rbV_reacher_gcidm_surv_tauown_t25_seed48.log	python -m surveyor.envs.reacher.eval --subgoal gcidm+surveyor --gcidm-ckpt gcidm_reacher_h50.pt --gdm-ckpt gdm_reacher_s10.pt --gdm-steps 4 --accept-tau 0.106 --sg-steps 10 --source local --local-dir encoder_reacher --h5 "$REACHER_H5" --device cuda --num-eval 128 --seed 48 --cem-seed 48 --episodes-file episodes/reacher_c2222.ep100.s2222.json --goal-offset 25 --eval-budget 50
119	reacher	gcidm_surv_tauown	25	49	logs/rbV_reacher_gcidm_surv_tauown_t25_seed49.log	python -m surveyor.envs.reacher.eval --subgoal gcidm+surveyor --gcidm-ckpt gcidm_reacher_h50.pt --gdm-ckpt gdm_reacher_s10.pt --gdm-steps 4 --accept-tau 0.106 --sg-steps 10 --source local --local-dir encoder_reacher --h5 "$REACHER_H5" --device cuda --num-eval 128 --seed 49 --cem-seed 49 --episodes-file episodes/reacher_c2222.ep100.s2222.json --goal-offset 25 --eval-budget 50
120	reacher	gcidm_surv_tauown	50	42	logs/rbV_reacher_gcidm_surv_tauown_t50_seed42.log	python -m surveyor.envs.reacher.eval --subgoal gcidm+surveyor --gcidm-ckpt gcidm_reacher_h100.pt --gdm-ckpt gdm_reacher_s10.pt --gdm-steps 4 --accept-tau 0.106 --sg-steps 10 --source local --local-dir encoder_reacher --h5 "$REACHER_H5" --device cuda --num-eval 128 --seed 42 --cem-seed 42 --episodes-file episodes/reacher_c2222.ep100.s2222.json --goal-offset 50 --eval-budget 100
121	reacher	gcidm_surv_tauown	50	43	logs/rbV_reacher_gcidm_surv_tauown_t50_seed43.log	python -m surveyor.envs.reacher.eval --subgoal gcidm+surveyor --gcidm-ckpt gcidm_reacher_h100.pt --gdm-ckpt gdm_reacher_s10.pt --gdm-steps 4 --accept-tau 0.106 --sg-steps 10 --source local --local-dir encoder_reacher --h5 "$REACHER_H5" --device cuda --num-eval 128 --seed 43 --cem-seed 43 --episodes-file episodes/reacher_c2222.ep100.s2222.json --goal-offset 50 --eval-budget 100
122	reacher	gcidm_surv_tauown	50	44	logs/rbV_reacher_gcidm_surv_tauown_t50_seed44.log	python -m surveyor.envs.reacher.eval --subgoal gcidm+surveyor --gcidm-ckpt gcidm_reacher_h100.pt --gdm-ckpt gdm_reacher_s10.pt --gdm-steps 4 --accept-tau 0.106 --sg-steps 10 --source local --local-dir encoder_reacher --h5 "$REACHER_H5" --device cuda --num-eval 128 --seed 44 --cem-seed 44 --episodes-file episodes/reacher_c2222.ep100.s2222.json --goal-offset 50 --eval-budget 100
123	reacher	gcidm_surv_tauown	50	45	logs/rbV_reacher_gcidm_surv_tauown_t50_seed45.log	python -m surveyor.envs.reacher.eval --subgoal gcidm+surveyor --gcidm-ckpt gcidm_reacher_h100.pt --gdm-ckpt gdm_reacher_s10.pt --gdm-steps 4 --accept-tau 0.106 --sg-steps 10 --source local --local-dir encoder_reacher --h5 "$REACHER_H5" --device cuda --num-eval 128 --seed 45 --cem-seed 45 --episodes-file episodes/reacher_c2222.ep100.s2222.json --goal-offset 50 --eval-budget 100
124	reacher	gcidm_surv_tauown	50	46	logs/rbV_reacher_gcidm_surv_tauown_t50_seed46.log	python -m surveyor.envs.reacher.eval --subgoal gcidm+surveyor --gcidm-ckpt gcidm_reacher_h100.pt --gdm-ckpt gdm_reacher_s10.pt --gdm-steps 4 --accept-tau 0.106 --sg-steps 10 --source local --local-dir encoder_reacher --h5 "$REACHER_H5" --device cuda --num-eval 128 --seed 46 --cem-seed 46 --episodes-file episodes/reacher_c2222.ep100.s2222.json --goal-offset 50 --eval-budget 100
125	reacher	gcidm_surv_tauown	50	47	logs/rbV_reacher_gcidm_surv_tauown_t50_seed47.log	python -m surveyor.envs.reacher.eval --subgoal gcidm+surveyor --gcidm-ckpt gcidm_reacher_h100.pt --gdm-ckpt gdm_reacher_s10.pt --gdm-steps 4 --accept-tau 0.106 --sg-steps 10 --source local --local-dir encoder_reacher --h5 "$REACHER_H5" --device cuda --num-eval 128 --seed 47 --cem-seed 47 --episodes-file episodes/reacher_c2222.ep100.s2222.json --goal-offset 50 --eval-budget 100
126	reacher	gcidm_surv_tauown	50	48	logs/rbV_reacher_gcidm_surv_tauown_t50_seed48.log	python -m surveyor.envs.reacher.eval --subgoal gcidm+surveyor --gcidm-ckpt gcidm_reacher_h100.pt --gdm-ckpt gdm_reacher_s10.pt --gdm-steps 4 --accept-tau 0.106 --sg-steps 10 --source local --local-dir encoder_reacher --h5 "$REACHER_H5" --device cuda --num-eval 128 --seed 48 --cem-seed 48 --episodes-file episodes/reacher_c2222.ep100.s2222.json --goal-offset 50 --eval-budget 100
127	reacher	gcidm_surv_tauown	50	49	logs/rbV_reacher_gcidm_surv_tauown_t50_seed49.log	python -m surveyor.envs.reacher.eval --subgoal gcidm+surveyor --gcidm-ckpt gcidm_reacher_h100.pt --gdm-ckpt gdm_reacher_s10.pt --gdm-steps 4 --accept-tau 0.106 --sg-steps 10 --source local --local-dir encoder_reacher --h5 "$REACHER_H5" --device cuda --num-eval 128 --seed 49 --cem-seed 49 --episodes-file episodes/reacher_c2222.ep100.s2222.json --goal-offset 50 --eval-budget 100
128	reacher	gcidm_surv_tauown	100	42	logs/rbV_reacher_gcidm_surv_tauown_t100_seed42.log	python -m surveyor.envs.reacher.eval --subgoal gcidm+surveyor --gcidm-ckpt gcidm_reacher_h200.pt --gdm-ckpt gdm_reacher_s10.pt --gdm-steps 4 --accept-tau 0.106 --sg-steps 10 --source local --local-dir encoder_reacher --h5 "$REACHER_H5" --device cuda --num-eval 128 --seed 42 --cem-seed 42 --episodes-file episodes/reacher_c2222.ep100.s2222.json --goal-offset 100 --eval-budget 200
129	reacher	gcidm_surv_tauown	100	43	logs/rbV_reacher_gcidm_surv_tauown_t100_seed43.log	python -m surveyor.envs.reacher.eval --subgoal gcidm+surveyor --gcidm-ckpt gcidm_reacher_h200.pt --gdm-ckpt gdm_reacher_s10.pt --gdm-steps 4 --accept-tau 0.106 --sg-steps 10 --source local --local-dir encoder_reacher --h5 "$REACHER_H5" --device cuda --num-eval 128 --seed 43 --cem-seed 43 --episodes-file episodes/reacher_c2222.ep100.s2222.json --goal-offset 100 --eval-budget 200
130	reacher	gcidm_surv_tauown	100	44	logs/rbV_reacher_gcidm_surv_tauown_t100_seed44.log	python -m surveyor.envs.reacher.eval --subgoal gcidm+surveyor --gcidm-ckpt gcidm_reacher_h200.pt --gdm-ckpt gdm_reacher_s10.pt --gdm-steps 4 --accept-tau 0.106 --sg-steps 10 --source local --local-dir encoder_reacher --h5 "$REACHER_H5" --device cuda --num-eval 128 --seed 44 --cem-seed 44 --episodes-file episodes/reacher_c2222.ep100.s2222.json --goal-offset 100 --eval-budget 200
131	reacher	gcidm_surv_tauown	100	45	logs/rbV_reacher_gcidm_surv_tauown_t100_seed45.log	python -m surveyor.envs.reacher.eval --subgoal gcidm+surveyor --gcidm-ckpt gcidm_reacher_h200.pt --gdm-ckpt gdm_reacher_s10.pt --gdm-steps 4 --accept-tau 0.106 --sg-steps 10 --source local --local-dir encoder_reacher --h5 "$REACHER_H5" --device cuda --num-eval 128 --seed 45 --cem-seed 45 --episodes-file episodes/reacher_c2222.ep100.s2222.json --goal-offset 100 --eval-budget 200
132	reacher	gcidm_surv_tauown	100	46	logs/rbV_reacher_gcidm_surv_tauown_t100_seed46.log	python -m surveyor.envs.reacher.eval --subgoal gcidm+surveyor --gcidm-ckpt gcidm_reacher_h200.pt --gdm-ckpt gdm_reacher_s10.pt --gdm-steps 4 --accept-tau 0.106 --sg-steps 10 --source local --local-dir encoder_reacher --h5 "$REACHER_H5" --device cuda --num-eval 128 --seed 46 --cem-seed 46 --episodes-file episodes/reacher_c2222.ep100.s2222.json --goal-offset 100 --eval-budget 200
133	reacher	gcidm_surv_tauown	100	47	logs/rbV_reacher_gcidm_surv_tauown_t100_seed47.log	python -m surveyor.envs.reacher.eval --subgoal gcidm+surveyor --gcidm-ckpt gcidm_reacher_h200.pt --gdm-ckpt gdm_reacher_s10.pt --gdm-steps 4 --accept-tau 0.106 --sg-steps 10 --source local --local-dir encoder_reacher --h5 "$REACHER_H5" --device cuda --num-eval 128 --seed 47 --cem-seed 47 --episodes-file episodes/reacher_c2222.ep100.s2222.json --goal-offset 100 --eval-budget 200
134	reacher	gcidm_surv_tauown	100	48	logs/rbV_reacher_gcidm_surv_tauown_t100_seed48.log	python -m surveyor.envs.reacher.eval --subgoal gcidm+surveyor --gcidm-ckpt gcidm_reacher_h200.pt --gdm-ckpt gdm_reacher_s10.pt --gdm-steps 4 --accept-tau 0.106 --sg-steps 10 --source local --local-dir encoder_reacher --h5 "$REACHER_H5" --device cuda --num-eval 128 --seed 48 --cem-seed 48 --episodes-file episodes/reacher_c2222.ep100.s2222.json --goal-offset 100 --eval-budget 200
135	reacher	gcidm_surv_tauown	100	49	logs/rbV_reacher_gcidm_surv_tauown_t100_seed49.log	python -m surveyor.envs.reacher.eval --subgoal gcidm+surveyor --gcidm-ckpt gcidm_reacher_h200.pt --gdm-ckpt gdm_reacher_s10.pt --gdm-steps 4 --accept-tau 0.106 --sg-steps 10 --source local --local-dir encoder_reacher --h5 "$REACHER_H5" --device cuda --num-eval 128 --seed 49 --cem-seed 49 --episodes-file episodes/reacher_c2222.ep100.s2222.json --goal-offset 100 --eval-budget 200
136	reacher	gcidm_surv_tauown	150	42	logs/rbV_reacher_gcidm_surv_tauown_t150_seed42.log	python -m surveyor.envs.reacher.eval --subgoal gcidm+surveyor --gcidm-ckpt gcidm_reacher_h300.pt --gdm-ckpt gdm_reacher_s10.pt --gdm-steps 4 --accept-tau 0.106 --sg-steps 10 --source local --local-dir encoder_reacher --h5 "$REACHER_H5" --device cuda --num-eval 128 --seed 42 --cem-seed 42 --episodes-file episodes/reacher_c2222.ep150.s2222.json --goal-offset 150 --eval-budget 300
137	reacher	gcidm_surv_tauown	150	43	logs/rbV_reacher_gcidm_surv_tauown_t150_seed43.log	python -m surveyor.envs.reacher.eval --subgoal gcidm+surveyor --gcidm-ckpt gcidm_reacher_h300.pt --gdm-ckpt gdm_reacher_s10.pt --gdm-steps 4 --accept-tau 0.106 --sg-steps 10 --source local --local-dir encoder_reacher --h5 "$REACHER_H5" --device cuda --num-eval 128 --seed 43 --cem-seed 43 --episodes-file episodes/reacher_c2222.ep150.s2222.json --goal-offset 150 --eval-budget 300
138	reacher	gcidm_surv_tauown	150	44	logs/rbV_reacher_gcidm_surv_tauown_t150_seed44.log	python -m surveyor.envs.reacher.eval --subgoal gcidm+surveyor --gcidm-ckpt gcidm_reacher_h300.pt --gdm-ckpt gdm_reacher_s10.pt --gdm-steps 4 --accept-tau 0.106 --sg-steps 10 --source local --local-dir encoder_reacher --h5 "$REACHER_H5" --device cuda --num-eval 128 --seed 44 --cem-seed 44 --episodes-file episodes/reacher_c2222.ep150.s2222.json --goal-offset 150 --eval-budget 300
139	reacher	gcidm_surv_tauown	150	45	logs/rbV_reacher_gcidm_surv_tauown_t150_seed45.log	python -m surveyor.envs.reacher.eval --subgoal gcidm+surveyor --gcidm-ckpt gcidm_reacher_h300.pt --gdm-ckpt gdm_reacher_s10.pt --gdm-steps 4 --accept-tau 0.106 --sg-steps 10 --source local --local-dir encoder_reacher --h5 "$REACHER_H5" --device cuda --num-eval 128 --seed 45 --cem-seed 45 --episodes-file episodes/reacher_c2222.ep150.s2222.json --goal-offset 150 --eval-budget 300
140	reacher	gcidm_surv_tauown	150	46	logs/rbV_reacher_gcidm_surv_tauown_t150_seed46.log	python -m surveyor.envs.reacher.eval --subgoal gcidm+surveyor --gcidm-ckpt gcidm_reacher_h300.pt --gdm-ckpt gdm_reacher_s10.pt --gdm-steps 4 --accept-tau 0.106 --sg-steps 10 --source local --local-dir encoder_reacher --h5 "$REACHER_H5" --device cuda --num-eval 128 --seed 46 --cem-seed 46 --episodes-file episodes/reacher_c2222.ep150.s2222.json --goal-offset 150 --eval-budget 300
141	reacher	gcidm_surv_tauown	150	47	logs/rbV_reacher_gcidm_surv_tauown_t150_seed47.log	python -m surveyor.envs.reacher.eval --subgoal gcidm+surveyor --gcidm-ckpt gcidm_reacher_h300.pt --gdm-ckpt gdm_reacher_s10.pt --gdm-steps 4 --accept-tau 0.106 --sg-steps 10 --source local --local-dir encoder_reacher --h5 "$REACHER_H5" --device cuda --num-eval 128 --seed 47 --cem-seed 47 --episodes-file episodes/reacher_c2222.ep150.s2222.json --goal-offset 150 --eval-budget 300
142	reacher	gcidm_surv_tauown	150	48	logs/rbV_reacher_gcidm_surv_tauown_t150_seed48.log	python -m surveyor.envs.reacher.eval --subgoal gcidm+surveyor --gcidm-ckpt gcidm_reacher_h300.pt --gdm-ckpt gdm_reacher_s10.pt --gdm-steps 4 --accept-tau 0.106 --sg-steps 10 --source local --local-dir encoder_reacher --h5 "$REACHER_H5" --device cuda --num-eval 128 --seed 48 --cem-seed 48 --episodes-file episodes/reacher_c2222.ep150.s2222.json --goal-offset 150 --eval-budget 300
143	reacher	gcidm_surv_tauown	150	49	logs/rbV_reacher_gcidm_surv_tauown_t150_seed49.log	python -m surveyor.envs.reacher.eval --subgoal gcidm+surveyor --gcidm-ckpt gcidm_reacher_h300.pt --gdm-ckpt gdm_reacher_s10.pt --gdm-steps 4 --accept-tau 0.106 --sg-steps 10 --source local --local-dir encoder_reacher --h5 "$REACHER_H5" --device cuda --num-eval 128 --seed 49 --cem-seed 49 --episodes-file episodes/reacher_c2222.ep150.s2222.json --goal-offset 150 --eval-budget 300
144	cube	gcidm_router_tauown	25	42	logs/rbV_cube_gcidm_router_tauown_t25_seed42.log	python -m surveyor.envs.cube.eval --subgoal gcidm+surveyor --gcidm-ckpt gcidm_cube_h50.pt --gdm-ckpt gdm_cube_s10_gc.pt --gdm-steps 3 --accept-tau 0.794 --sg-steps 10 --cstar-route --source pretrained --encoder-id quentinll/lewm-cube --h5 "$CUBE_H5" --device cuda --goal-offset 25 --eval-budget 50 --num-eval 128 --seed 42 --cem-seed 42 --episodes-file episodes/cube_c2222.episodes25.json
145	cube	gcidm_router_tauown	25	43	logs/rbV_cube_gcidm_router_tauown_t25_seed43.log	python -m surveyor.envs.cube.eval --subgoal gcidm+surveyor --gcidm-ckpt gcidm_cube_h50.pt --gdm-ckpt gdm_cube_s10_gc.pt --gdm-steps 3 --accept-tau 0.794 --sg-steps 10 --cstar-route --source pretrained --encoder-id quentinll/lewm-cube --h5 "$CUBE_H5" --device cuda --goal-offset 25 --eval-budget 50 --num-eval 128 --seed 43 --cem-seed 43 --episodes-file episodes/cube_c2222.episodes25.json
146	cube	gcidm_router_tauown	25	44	logs/rbV_cube_gcidm_router_tauown_t25_seed44.log	python -m surveyor.envs.cube.eval --subgoal gcidm+surveyor --gcidm-ckpt gcidm_cube_h50.pt --gdm-ckpt gdm_cube_s10_gc.pt --gdm-steps 3 --accept-tau 0.794 --sg-steps 10 --cstar-route --source pretrained --encoder-id quentinll/lewm-cube --h5 "$CUBE_H5" --device cuda --goal-offset 25 --eval-budget 50 --num-eval 128 --seed 44 --cem-seed 44 --episodes-file episodes/cube_c2222.episodes25.json
147	cube	gcidm_router_tauown	25	45	logs/rbV_cube_gcidm_router_tauown_t25_seed45.log	python -m surveyor.envs.cube.eval --subgoal gcidm+surveyor --gcidm-ckpt gcidm_cube_h50.pt --gdm-ckpt gdm_cube_s10_gc.pt --gdm-steps 3 --accept-tau 0.794 --sg-steps 10 --cstar-route --source pretrained --encoder-id quentinll/lewm-cube --h5 "$CUBE_H5" --device cuda --goal-offset 25 --eval-budget 50 --num-eval 128 --seed 45 --cem-seed 45 --episodes-file episodes/cube_c2222.episodes25.json
148	cube	gcidm_router_tauown	25	46	logs/rbV_cube_gcidm_router_tauown_t25_seed46.log	python -m surveyor.envs.cube.eval --subgoal gcidm+surveyor --gcidm-ckpt gcidm_cube_h50.pt --gdm-ckpt gdm_cube_s10_gc.pt --gdm-steps 3 --accept-tau 0.794 --sg-steps 10 --cstar-route --source pretrained --encoder-id quentinll/lewm-cube --h5 "$CUBE_H5" --device cuda --goal-offset 25 --eval-budget 50 --num-eval 128 --seed 46 --cem-seed 46 --episodes-file episodes/cube_c2222.episodes25.json
149	cube	gcidm_router_tauown	25	47	logs/rbV_cube_gcidm_router_tauown_t25_seed47.log	python -m surveyor.envs.cube.eval --subgoal gcidm+surveyor --gcidm-ckpt gcidm_cube_h50.pt --gdm-ckpt gdm_cube_s10_gc.pt --gdm-steps 3 --accept-tau 0.794 --sg-steps 10 --cstar-route --source pretrained --encoder-id quentinll/lewm-cube --h5 "$CUBE_H5" --device cuda --goal-offset 25 --eval-budget 50 --num-eval 128 --seed 47 --cem-seed 47 --episodes-file episodes/cube_c2222.episodes25.json
150	cube	gcidm_router_tauown	25	48	logs/rbV_cube_gcidm_router_tauown_t25_seed48.log	python -m surveyor.envs.cube.eval --subgoal gcidm+surveyor --gcidm-ckpt gcidm_cube_h50.pt --gdm-ckpt gdm_cube_s10_gc.pt --gdm-steps 3 --accept-tau 0.794 --sg-steps 10 --cstar-route --source pretrained --encoder-id quentinll/lewm-cube --h5 "$CUBE_H5" --device cuda --goal-offset 25 --eval-budget 50 --num-eval 128 --seed 48 --cem-seed 48 --episodes-file episodes/cube_c2222.episodes25.json
151	cube	gcidm_router_tauown	25	49	logs/rbV_cube_gcidm_router_tauown_t25_seed49.log	python -m surveyor.envs.cube.eval --subgoal gcidm+surveyor --gcidm-ckpt gcidm_cube_h50.pt --gdm-ckpt gdm_cube_s10_gc.pt --gdm-steps 3 --accept-tau 0.794 --sg-steps 10 --cstar-route --source pretrained --encoder-id quentinll/lewm-cube --h5 "$CUBE_H5" --device cuda --goal-offset 25 --eval-budget 50 --num-eval 128 --seed 49 --cem-seed 49 --episodes-file episodes/cube_c2222.episodes25.json
152	cube	gcidm_router_tauown	50	42	logs/rbV_cube_gcidm_router_tauown_t50_seed42.log	python -m surveyor.envs.cube.eval --subgoal gcidm+surveyor --gcidm-ckpt gcidm_cube_h100.pt --gdm-ckpt gdm_cube_s10_gc.pt --gdm-steps 3 --accept-tau 0.794 --sg-steps 10 --cstar-route --source pretrained --encoder-id quentinll/lewm-cube --h5 "$CUBE_H5" --device cuda --goal-offset 50 --eval-budget 100 --num-eval 128 --seed 42 --cem-seed 42 --episodes-file episodes/cube_c2222.episodes50.json
153	cube	gcidm_router_tauown	50	43	logs/rbV_cube_gcidm_router_tauown_t50_seed43.log	python -m surveyor.envs.cube.eval --subgoal gcidm+surveyor --gcidm-ckpt gcidm_cube_h100.pt --gdm-ckpt gdm_cube_s10_gc.pt --gdm-steps 3 --accept-tau 0.794 --sg-steps 10 --cstar-route --source pretrained --encoder-id quentinll/lewm-cube --h5 "$CUBE_H5" --device cuda --goal-offset 50 --eval-budget 100 --num-eval 128 --seed 43 --cem-seed 43 --episodes-file episodes/cube_c2222.episodes50.json
154	cube	gcidm_router_tauown	50	44	logs/rbV_cube_gcidm_router_tauown_t50_seed44.log	python -m surveyor.envs.cube.eval --subgoal gcidm+surveyor --gcidm-ckpt gcidm_cube_h100.pt --gdm-ckpt gdm_cube_s10_gc.pt --gdm-steps 3 --accept-tau 0.794 --sg-steps 10 --cstar-route --source pretrained --encoder-id quentinll/lewm-cube --h5 "$CUBE_H5" --device cuda --goal-offset 50 --eval-budget 100 --num-eval 128 --seed 44 --cem-seed 44 --episodes-file episodes/cube_c2222.episodes50.json
155	cube	gcidm_router_tauown	50	45	logs/rbV_cube_gcidm_router_tauown_t50_seed45.log	python -m surveyor.envs.cube.eval --subgoal gcidm+surveyor --gcidm-ckpt gcidm_cube_h100.pt --gdm-ckpt gdm_cube_s10_gc.pt --gdm-steps 3 --accept-tau 0.794 --sg-steps 10 --cstar-route --source pretrained --encoder-id quentinll/lewm-cube --h5 "$CUBE_H5" --device cuda --goal-offset 50 --eval-budget 100 --num-eval 128 --seed 45 --cem-seed 45 --episodes-file episodes/cube_c2222.episodes50.json
156	cube	gcidm_router_tauown	50	46	logs/rbV_cube_gcidm_router_tauown_t50_seed46.log	python -m surveyor.envs.cube.eval --subgoal gcidm+surveyor --gcidm-ckpt gcidm_cube_h100.pt --gdm-ckpt gdm_cube_s10_gc.pt --gdm-steps 3 --accept-tau 0.794 --sg-steps 10 --cstar-route --source pretrained --encoder-id quentinll/lewm-cube --h5 "$CUBE_H5" --device cuda --goal-offset 50 --eval-budget 100 --num-eval 128 --seed 46 --cem-seed 46 --episodes-file episodes/cube_c2222.episodes50.json
157	cube	gcidm_router_tauown	50	47	logs/rbV_cube_gcidm_router_tauown_t50_seed47.log	python -m surveyor.envs.cube.eval --subgoal gcidm+surveyor --gcidm-ckpt gcidm_cube_h100.pt --gdm-ckpt gdm_cube_s10_gc.pt --gdm-steps 3 --accept-tau 0.794 --sg-steps 10 --cstar-route --source pretrained --encoder-id quentinll/lewm-cube --h5 "$CUBE_H5" --device cuda --goal-offset 50 --eval-budget 100 --num-eval 128 --seed 47 --cem-seed 47 --episodes-file episodes/cube_c2222.episodes50.json
158	cube	gcidm_router_tauown	50	48	logs/rbV_cube_gcidm_router_tauown_t50_seed48.log	python -m surveyor.envs.cube.eval --subgoal gcidm+surveyor --gcidm-ckpt gcidm_cube_h100.pt --gdm-ckpt gdm_cube_s10_gc.pt --gdm-steps 3 --accept-tau 0.794 --sg-steps 10 --cstar-route --source pretrained --encoder-id quentinll/lewm-cube --h5 "$CUBE_H5" --device cuda --goal-offset 50 --eval-budget 100 --num-eval 128 --seed 48 --cem-seed 48 --episodes-file episodes/cube_c2222.episodes50.json
159	cube	gcidm_router_tauown	50	49	logs/rbV_cube_gcidm_router_tauown_t50_seed49.log	python -m surveyor.envs.cube.eval --subgoal gcidm+surveyor --gcidm-ckpt gcidm_cube_h100.pt --gdm-ckpt gdm_cube_s10_gc.pt --gdm-steps 3 --accept-tau 0.794 --sg-steps 10 --cstar-route --source pretrained --encoder-id quentinll/lewm-cube --h5 "$CUBE_H5" --device cuda --goal-offset 50 --eval-budget 100 --num-eval 128 --seed 49 --cem-seed 49 --episodes-file episodes/cube_c2222.episodes50.json
160	cube	gcidm_router_tauown	75	42	logs/rbV_cube_gcidm_router_tauown_t75_seed42.log	python -m surveyor.envs.cube.eval --subgoal gcidm+surveyor --gcidm-ckpt gcidm_cube_h150.pt --gdm-ckpt gdm_cube_s10_gc.pt --gdm-steps 3 --accept-tau 0.794 --sg-steps 10 --cstar-route --source pretrained --encoder-id quentinll/lewm-cube --h5 "$CUBE_H5" --device cuda --goal-offset 75 --eval-budget 150 --num-eval 128 --seed 42 --cem-seed 42 --episodes-file episodes/cube_c2222.episodes75.json
161	cube	gcidm_router_tauown	75	43	logs/rbV_cube_gcidm_router_tauown_t75_seed43.log	python -m surveyor.envs.cube.eval --subgoal gcidm+surveyor --gcidm-ckpt gcidm_cube_h150.pt --gdm-ckpt gdm_cube_s10_gc.pt --gdm-steps 3 --accept-tau 0.794 --sg-steps 10 --cstar-route --source pretrained --encoder-id quentinll/lewm-cube --h5 "$CUBE_H5" --device cuda --goal-offset 75 --eval-budget 150 --num-eval 128 --seed 43 --cem-seed 43 --episodes-file episodes/cube_c2222.episodes75.json
162	cube	gcidm_router_tauown	75	44	logs/rbV_cube_gcidm_router_tauown_t75_seed44.log	python -m surveyor.envs.cube.eval --subgoal gcidm+surveyor --gcidm-ckpt gcidm_cube_h150.pt --gdm-ckpt gdm_cube_s10_gc.pt --gdm-steps 3 --accept-tau 0.794 --sg-steps 10 --cstar-route --source pretrained --encoder-id quentinll/lewm-cube --h5 "$CUBE_H5" --device cuda --goal-offset 75 --eval-budget 150 --num-eval 128 --seed 44 --cem-seed 44 --episodes-file episodes/cube_c2222.episodes75.json
163	cube	gcidm_router_tauown	75	45	logs/rbV_cube_gcidm_router_tauown_t75_seed45.log	python -m surveyor.envs.cube.eval --subgoal gcidm+surveyor --gcidm-ckpt gcidm_cube_h150.pt --gdm-ckpt gdm_cube_s10_gc.pt --gdm-steps 3 --accept-tau 0.794 --sg-steps 10 --cstar-route --source pretrained --encoder-id quentinll/lewm-cube --h5 "$CUBE_H5" --device cuda --goal-offset 75 --eval-budget 150 --num-eval 128 --seed 45 --cem-seed 45 --episodes-file episodes/cube_c2222.episodes75.json
164	cube	gcidm_router_tauown	75	46	logs/rbV_cube_gcidm_router_tauown_t75_seed46.log	python -m surveyor.envs.cube.eval --subgoal gcidm+surveyor --gcidm-ckpt gcidm_cube_h150.pt --gdm-ckpt gdm_cube_s10_gc.pt --gdm-steps 3 --accept-tau 0.794 --sg-steps 10 --cstar-route --source pretrained --encoder-id quentinll/lewm-cube --h5 "$CUBE_H5" --device cuda --goal-offset 75 --eval-budget 150 --num-eval 128 --seed 46 --cem-seed 46 --episodes-file episodes/cube_c2222.episodes75.json
165	cube	gcidm_router_tauown	75	47	logs/rbV_cube_gcidm_router_tauown_t75_seed47.log	python -m surveyor.envs.cube.eval --subgoal gcidm+surveyor --gcidm-ckpt gcidm_cube_h150.pt --gdm-ckpt gdm_cube_s10_gc.pt --gdm-steps 3 --accept-tau 0.794 --sg-steps 10 --cstar-route --source pretrained --encoder-id quentinll/lewm-cube --h5 "$CUBE_H5" --device cuda --goal-offset 75 --eval-budget 150 --num-eval 128 --seed 47 --cem-seed 47 --episodes-file episodes/cube_c2222.episodes75.json
166	cube	gcidm_router_tauown	75	48	logs/rbV_cube_gcidm_router_tauown_t75_seed48.log	python -m surveyor.envs.cube.eval --subgoal gcidm+surveyor --gcidm-ckpt gcidm_cube_h150.pt --gdm-ckpt gdm_cube_s10_gc.pt --gdm-steps 3 --accept-tau 0.794 --sg-steps 10 --cstar-route --source pretrained --encoder-id quentinll/lewm-cube --h5 "$CUBE_H5" --device cuda --goal-offset 75 --eval-budget 150 --num-eval 128 --seed 48 --cem-seed 48 --episodes-file episodes/cube_c2222.episodes75.json
167	cube	gcidm_router_tauown	75	49	logs/rbV_cube_gcidm_router_tauown_t75_seed49.log	python -m surveyor.envs.cube.eval --subgoal gcidm+surveyor --gcidm-ckpt gcidm_cube_h150.pt --gdm-ckpt gdm_cube_s10_gc.pt --gdm-steps 3 --accept-tau 0.794 --sg-steps 10 --cstar-route --source pretrained --encoder-id quentinll/lewm-cube --h5 "$CUBE_H5" --device cuda --goal-offset 75 --eval-budget 150 --num-eval 128 --seed 49 --cem-seed 49 --episodes-file episodes/cube_c2222.episodes75.json
168	cube	gcidm_router_tauown	100	42	logs/rbV_cube_gcidm_router_tauown_t100_seed42.log	python -m surveyor.envs.cube.eval --subgoal gcidm+surveyor --gcidm-ckpt gcidm_cube_h200.pt --gdm-ckpt gdm_cube_s10_gc.pt --gdm-steps 3 --accept-tau 0.794 --sg-steps 10 --cstar-route --source pretrained --encoder-id quentinll/lewm-cube --h5 "$CUBE_H5" --device cuda --goal-offset 100 --eval-budget 200 --num-eval 128 --seed 42 --cem-seed 42 --episodes-file episodes/cube_c2222.episodes100.json
169	cube	gcidm_router_tauown	100	43	logs/rbV_cube_gcidm_router_tauown_t100_seed43.log	python -m surveyor.envs.cube.eval --subgoal gcidm+surveyor --gcidm-ckpt gcidm_cube_h200.pt --gdm-ckpt gdm_cube_s10_gc.pt --gdm-steps 3 --accept-tau 0.794 --sg-steps 10 --cstar-route --source pretrained --encoder-id quentinll/lewm-cube --h5 "$CUBE_H5" --device cuda --goal-offset 100 --eval-budget 200 --num-eval 128 --seed 43 --cem-seed 43 --episodes-file episodes/cube_c2222.episodes100.json
170	cube	gcidm_router_tauown	100	44	logs/rbV_cube_gcidm_router_tauown_t100_seed44.log	python -m surveyor.envs.cube.eval --subgoal gcidm+surveyor --gcidm-ckpt gcidm_cube_h200.pt --gdm-ckpt gdm_cube_s10_gc.pt --gdm-steps 3 --accept-tau 0.794 --sg-steps 10 --cstar-route --source pretrained --encoder-id quentinll/lewm-cube --h5 "$CUBE_H5" --device cuda --goal-offset 100 --eval-budget 200 --num-eval 128 --seed 44 --cem-seed 44 --episodes-file episodes/cube_c2222.episodes100.json
171	cube	gcidm_router_tauown	100	45	logs/rbV_cube_gcidm_router_tauown_t100_seed45.log	python -m surveyor.envs.cube.eval --subgoal gcidm+surveyor --gcidm-ckpt gcidm_cube_h200.pt --gdm-ckpt gdm_cube_s10_gc.pt --gdm-steps 3 --accept-tau 0.794 --sg-steps 10 --cstar-route --source pretrained --encoder-id quentinll/lewm-cube --h5 "$CUBE_H5" --device cuda --goal-offset 100 --eval-budget 200 --num-eval 128 --seed 45 --cem-seed 45 --episodes-file episodes/cube_c2222.episodes100.json
172	cube	gcidm_router_tauown	100	46	logs/rbV_cube_gcidm_router_tauown_t100_seed46.log	python -m surveyor.envs.cube.eval --subgoal gcidm+surveyor --gcidm-ckpt gcidm_cube_h200.pt --gdm-ckpt gdm_cube_s10_gc.pt --gdm-steps 3 --accept-tau 0.794 --sg-steps 10 --cstar-route --source pretrained --encoder-id quentinll/lewm-cube --h5 "$CUBE_H5" --device cuda --goal-offset 100 --eval-budget 200 --num-eval 128 --seed 46 --cem-seed 46 --episodes-file episodes/cube_c2222.episodes100.json
173	cube	gcidm_router_tauown	100	47	logs/rbV_cube_gcidm_router_tauown_t100_seed47.log	python -m surveyor.envs.cube.eval --subgoal gcidm+surveyor --gcidm-ckpt gcidm_cube_h200.pt --gdm-ckpt gdm_cube_s10_gc.pt --gdm-steps 3 --accept-tau 0.794 --sg-steps 10 --cstar-route --source pretrained --encoder-id quentinll/lewm-cube --h5 "$CUBE_H5" --device cuda --goal-offset 100 --eval-budget 200 --num-eval 128 --seed 47 --cem-seed 47 --episodes-file episodes/cube_c2222.episodes100.json
174	cube	gcidm_router_tauown	100	48	logs/rbV_cube_gcidm_router_tauown_t100_seed48.log	python -m surveyor.envs.cube.eval --subgoal gcidm+surveyor --gcidm-ckpt gcidm_cube_h200.pt --gdm-ckpt gdm_cube_s10_gc.pt --gdm-steps 3 --accept-tau 0.794 --sg-steps 10 --cstar-route --source pretrained --encoder-id quentinll/lewm-cube --h5 "$CUBE_H5" --device cuda --goal-offset 100 --eval-budget 200 --num-eval 128 --seed 48 --cem-seed 48 --episodes-file episodes/cube_c2222.episodes100.json
175	cube	gcidm_router_tauown	100	49	logs/rbV_cube_gcidm_router_tauown_t100_seed49.log	python -m surveyor.envs.cube.eval --subgoal gcidm+surveyor --gcidm-ckpt gcidm_cube_h200.pt --gdm-ckpt gdm_cube_s10_gc.pt --gdm-steps 3 --accept-tau 0.794 --sg-steps 10 --cstar-route --source pretrained --encoder-id quentinll/lewm-cube --h5 "$CUBE_H5" --device cuda --goal-offset 100 --eval-budget 200 --num-eval 128 --seed 49 --cem-seed 49 --episodes-file episodes/cube_c2222.episodes100.json
176	cube	gcidm_router_tauown	150	42	logs/rbV_cube_gcidm_router_tauown_t150_seed42.log	python -m surveyor.envs.cube.eval --subgoal gcidm+surveyor --gcidm-ckpt gcidm_cube_h300.pt --gdm-ckpt gdm_cube_s10_gc.pt --gdm-steps 3 --accept-tau 0.794 --sg-steps 10 --cstar-route --source pretrained --encoder-id quentinll/lewm-cube --h5 "$CUBE_H5" --device cuda --goal-offset 150 --eval-budget 300 --num-eval 128 --seed 42 --cem-seed 42 --episodes-file episodes/cube_c2222.episodes150.json
177	cube	gcidm_router_tauown	150	43	logs/rbV_cube_gcidm_router_tauown_t150_seed43.log	python -m surveyor.envs.cube.eval --subgoal gcidm+surveyor --gcidm-ckpt gcidm_cube_h300.pt --gdm-ckpt gdm_cube_s10_gc.pt --gdm-steps 3 --accept-tau 0.794 --sg-steps 10 --cstar-route --source pretrained --encoder-id quentinll/lewm-cube --h5 "$CUBE_H5" --device cuda --goal-offset 150 --eval-budget 300 --num-eval 128 --seed 43 --cem-seed 43 --episodes-file episodes/cube_c2222.episodes150.json
178	cube	gcidm_router_tauown	150	44	logs/rbV_cube_gcidm_router_tauown_t150_seed44.log	python -m surveyor.envs.cube.eval --subgoal gcidm+surveyor --gcidm-ckpt gcidm_cube_h300.pt --gdm-ckpt gdm_cube_s10_gc.pt --gdm-steps 3 --accept-tau 0.794 --sg-steps 10 --cstar-route --source pretrained --encoder-id quentinll/lewm-cube --h5 "$CUBE_H5" --device cuda --goal-offset 150 --eval-budget 300 --num-eval 128 --seed 44 --cem-seed 44 --episodes-file episodes/cube_c2222.episodes150.json
179	cube	gcidm_router_tauown	150	45	logs/rbV_cube_gcidm_router_tauown_t150_seed45.log	python -m surveyor.envs.cube.eval --subgoal gcidm+surveyor --gcidm-ckpt gcidm_cube_h300.pt --gdm-ckpt gdm_cube_s10_gc.pt --gdm-steps 3 --accept-tau 0.794 --sg-steps 10 --cstar-route --source pretrained --encoder-id quentinll/lewm-cube --h5 "$CUBE_H5" --device cuda --goal-offset 150 --eval-budget 300 --num-eval 128 --seed 45 --cem-seed 45 --episodes-file episodes/cube_c2222.episodes150.json
180	cube	gcidm_router_tauown	150	46	logs/rbV_cube_gcidm_router_tauown_t150_seed46.log	python -m surveyor.envs.cube.eval --subgoal gcidm+surveyor --gcidm-ckpt gcidm_cube_h300.pt --gdm-ckpt gdm_cube_s10_gc.pt --gdm-steps 3 --accept-tau 0.794 --sg-steps 10 --cstar-route --source pretrained --encoder-id quentinll/lewm-cube --h5 "$CUBE_H5" --device cuda --goal-offset 150 --eval-budget 300 --num-eval 128 --seed 46 --cem-seed 46 --episodes-file episodes/cube_c2222.episodes150.json
181	cube	gcidm_router_tauown	150	47	logs/rbV_cube_gcidm_router_tauown_t150_seed47.log	python -m surveyor.envs.cube.eval --subgoal gcidm+surveyor --gcidm-ckpt gcidm_cube_h300.pt --gdm-ckpt gdm_cube_s10_gc.pt --gdm-steps 3 --accept-tau 0.794 --sg-steps 10 --cstar-route --source pretrained --encoder-id quentinll/lewm-cube --h5 "$CUBE_H5" --device cuda --goal-offset 150 --eval-budget 300 --num-eval 128 --seed 47 --cem-seed 47 --episodes-file episodes/cube_c2222.episodes150.json
182	cube	gcidm_router_tauown	150	48	logs/rbV_cube_gcidm_router_tauown_t150_seed48.log	python -m surveyor.envs.cube.eval --subgoal gcidm+surveyor --gcidm-ckpt gcidm_cube_h300.pt --gdm-ckpt gdm_cube_s10_gc.pt --gdm-steps 3 --accept-tau 0.794 --sg-steps 10 --cstar-route --source pretrained --encoder-id quentinll/lewm-cube --h5 "$CUBE_H5" --device cuda --goal-offset 150 --eval-budget 300 --num-eval 128 --seed 48 --cem-seed 48 --episodes-file episodes/cube_c2222.episodes150.json
183	cube	gcidm_router_tauown	150	49	logs/rbV_cube_gcidm_router_tauown_t150_seed49.log	python -m surveyor.envs.cube.eval --subgoal gcidm+surveyor --gcidm-ckpt gcidm_cube_h300.pt --gdm-ckpt gdm_cube_s10_gc.pt --gdm-steps 3 --accept-tau 0.794 --sg-steps 10 --cstar-route --source pretrained --encoder-id quentinll/lewm-cube --h5 "$CUBE_H5" --device cuda --goal-offset 150 --eval-budget 300 --num-eval 128 --seed 49 --cem-seed 49 --episodes-file episodes/cube_c2222.episodes150.json
184	cube	gcidm_surv_nogate_tauown	25	42	logs/rbV_cube_gcidm_surv_nogate_tauown_t25_seed42.log	python -m surveyor.envs.cube.eval --subgoal gcidm+surveyor --gcidm-ckpt gcidm_cube_h50.pt --gdm-ckpt gdm_cube_s10_gc.pt --gdm-steps 3 --accept-tau 0.794 --sg-steps 10 --source pretrained --encoder-id quentinll/lewm-cube --h5 "$CUBE_H5" --device cuda --goal-offset 25 --eval-budget 50 --num-eval 128 --seed 42 --cem-seed 42 --episodes-file episodes/cube_c2222.episodes25.json
185	cube	gcidm_surv_nogate_tauown	25	43	logs/rbV_cube_gcidm_surv_nogate_tauown_t25_seed43.log	python -m surveyor.envs.cube.eval --subgoal gcidm+surveyor --gcidm-ckpt gcidm_cube_h50.pt --gdm-ckpt gdm_cube_s10_gc.pt --gdm-steps 3 --accept-tau 0.794 --sg-steps 10 --source pretrained --encoder-id quentinll/lewm-cube --h5 "$CUBE_H5" --device cuda --goal-offset 25 --eval-budget 50 --num-eval 128 --seed 43 --cem-seed 43 --episodes-file episodes/cube_c2222.episodes25.json
186	cube	gcidm_surv_nogate_tauown	25	44	logs/rbV_cube_gcidm_surv_nogate_tauown_t25_seed44.log	python -m surveyor.envs.cube.eval --subgoal gcidm+surveyor --gcidm-ckpt gcidm_cube_h50.pt --gdm-ckpt gdm_cube_s10_gc.pt --gdm-steps 3 --accept-tau 0.794 --sg-steps 10 --source pretrained --encoder-id quentinll/lewm-cube --h5 "$CUBE_H5" --device cuda --goal-offset 25 --eval-budget 50 --num-eval 128 --seed 44 --cem-seed 44 --episodes-file episodes/cube_c2222.episodes25.json
187	cube	gcidm_surv_nogate_tauown	25	45	logs/rbV_cube_gcidm_surv_nogate_tauown_t25_seed45.log	python -m surveyor.envs.cube.eval --subgoal gcidm+surveyor --gcidm-ckpt gcidm_cube_h50.pt --gdm-ckpt gdm_cube_s10_gc.pt --gdm-steps 3 --accept-tau 0.794 --sg-steps 10 --source pretrained --encoder-id quentinll/lewm-cube --h5 "$CUBE_H5" --device cuda --goal-offset 25 --eval-budget 50 --num-eval 128 --seed 45 --cem-seed 45 --episodes-file episodes/cube_c2222.episodes25.json
188	cube	gcidm_surv_nogate_tauown	25	46	logs/rbV_cube_gcidm_surv_nogate_tauown_t25_seed46.log	python -m surveyor.envs.cube.eval --subgoal gcidm+surveyor --gcidm-ckpt gcidm_cube_h50.pt --gdm-ckpt gdm_cube_s10_gc.pt --gdm-steps 3 --accept-tau 0.794 --sg-steps 10 --source pretrained --encoder-id quentinll/lewm-cube --h5 "$CUBE_H5" --device cuda --goal-offset 25 --eval-budget 50 --num-eval 128 --seed 46 --cem-seed 46 --episodes-file episodes/cube_c2222.episodes25.json
189	cube	gcidm_surv_nogate_tauown	25	47	logs/rbV_cube_gcidm_surv_nogate_tauown_t25_seed47.log	python -m surveyor.envs.cube.eval --subgoal gcidm+surveyor --gcidm-ckpt gcidm_cube_h50.pt --gdm-ckpt gdm_cube_s10_gc.pt --gdm-steps 3 --accept-tau 0.794 --sg-steps 10 --source pretrained --encoder-id quentinll/lewm-cube --h5 "$CUBE_H5" --device cuda --goal-offset 25 --eval-budget 50 --num-eval 128 --seed 47 --cem-seed 47 --episodes-file episodes/cube_c2222.episodes25.json
190	cube	gcidm_surv_nogate_tauown	25	48	logs/rbV_cube_gcidm_surv_nogate_tauown_t25_seed48.log	python -m surveyor.envs.cube.eval --subgoal gcidm+surveyor --gcidm-ckpt gcidm_cube_h50.pt --gdm-ckpt gdm_cube_s10_gc.pt --gdm-steps 3 --accept-tau 0.794 --sg-steps 10 --source pretrained --encoder-id quentinll/lewm-cube --h5 "$CUBE_H5" --device cuda --goal-offset 25 --eval-budget 50 --num-eval 128 --seed 48 --cem-seed 48 --episodes-file episodes/cube_c2222.episodes25.json
191	cube	gcidm_surv_nogate_tauown	25	49	logs/rbV_cube_gcidm_surv_nogate_tauown_t25_seed49.log	python -m surveyor.envs.cube.eval --subgoal gcidm+surveyor --gcidm-ckpt gcidm_cube_h50.pt --gdm-ckpt gdm_cube_s10_gc.pt --gdm-steps 3 --accept-tau 0.794 --sg-steps 10 --source pretrained --encoder-id quentinll/lewm-cube --h5 "$CUBE_H5" --device cuda --goal-offset 25 --eval-budget 50 --num-eval 128 --seed 49 --cem-seed 49 --episodes-file episodes/cube_c2222.episodes25.json
192	cube	gcidm_surv_nogate_tauown	50	42	logs/rbV_cube_gcidm_surv_nogate_tauown_t50_seed42.log	python -m surveyor.envs.cube.eval --subgoal gcidm+surveyor --gcidm-ckpt gcidm_cube_h100.pt --gdm-ckpt gdm_cube_s10_gc.pt --gdm-steps 3 --accept-tau 0.794 --sg-steps 10 --source pretrained --encoder-id quentinll/lewm-cube --h5 "$CUBE_H5" --device cuda --goal-offset 50 --eval-budget 100 --num-eval 128 --seed 42 --cem-seed 42 --episodes-file episodes/cube_c2222.episodes50.json
193	cube	gcidm_surv_nogate_tauown	50	43	logs/rbV_cube_gcidm_surv_nogate_tauown_t50_seed43.log	python -m surveyor.envs.cube.eval --subgoal gcidm+surveyor --gcidm-ckpt gcidm_cube_h100.pt --gdm-ckpt gdm_cube_s10_gc.pt --gdm-steps 3 --accept-tau 0.794 --sg-steps 10 --source pretrained --encoder-id quentinll/lewm-cube --h5 "$CUBE_H5" --device cuda --goal-offset 50 --eval-budget 100 --num-eval 128 --seed 43 --cem-seed 43 --episodes-file episodes/cube_c2222.episodes50.json
194	cube	gcidm_surv_nogate_tauown	50	44	logs/rbV_cube_gcidm_surv_nogate_tauown_t50_seed44.log	python -m surveyor.envs.cube.eval --subgoal gcidm+surveyor --gcidm-ckpt gcidm_cube_h100.pt --gdm-ckpt gdm_cube_s10_gc.pt --gdm-steps 3 --accept-tau 0.794 --sg-steps 10 --source pretrained --encoder-id quentinll/lewm-cube --h5 "$CUBE_H5" --device cuda --goal-offset 50 --eval-budget 100 --num-eval 128 --seed 44 --cem-seed 44 --episodes-file episodes/cube_c2222.episodes50.json
195	cube	gcidm_surv_nogate_tauown	50	45	logs/rbV_cube_gcidm_surv_nogate_tauown_t50_seed45.log	python -m surveyor.envs.cube.eval --subgoal gcidm+surveyor --gcidm-ckpt gcidm_cube_h100.pt --gdm-ckpt gdm_cube_s10_gc.pt --gdm-steps 3 --accept-tau 0.794 --sg-steps 10 --source pretrained --encoder-id quentinll/lewm-cube --h5 "$CUBE_H5" --device cuda --goal-offset 50 --eval-budget 100 --num-eval 128 --seed 45 --cem-seed 45 --episodes-file episodes/cube_c2222.episodes50.json
196	cube	gcidm_surv_nogate_tauown	50	46	logs/rbV_cube_gcidm_surv_nogate_tauown_t50_seed46.log	python -m surveyor.envs.cube.eval --subgoal gcidm+surveyor --gcidm-ckpt gcidm_cube_h100.pt --gdm-ckpt gdm_cube_s10_gc.pt --gdm-steps 3 --accept-tau 0.794 --sg-steps 10 --source pretrained --encoder-id quentinll/lewm-cube --h5 "$CUBE_H5" --device cuda --goal-offset 50 --eval-budget 100 --num-eval 128 --seed 46 --cem-seed 46 --episodes-file episodes/cube_c2222.episodes50.json
197	cube	gcidm_surv_nogate_tauown	50	47	logs/rbV_cube_gcidm_surv_nogate_tauown_t50_seed47.log	python -m surveyor.envs.cube.eval --subgoal gcidm+surveyor --gcidm-ckpt gcidm_cube_h100.pt --gdm-ckpt gdm_cube_s10_gc.pt --gdm-steps 3 --accept-tau 0.794 --sg-steps 10 --source pretrained --encoder-id quentinll/lewm-cube --h5 "$CUBE_H5" --device cuda --goal-offset 50 --eval-budget 100 --num-eval 128 --seed 47 --cem-seed 47 --episodes-file episodes/cube_c2222.episodes50.json
198	cube	gcidm_surv_nogate_tauown	50	48	logs/rbV_cube_gcidm_surv_nogate_tauown_t50_seed48.log	python -m surveyor.envs.cube.eval --subgoal gcidm+surveyor --gcidm-ckpt gcidm_cube_h100.pt --gdm-ckpt gdm_cube_s10_gc.pt --gdm-steps 3 --accept-tau 0.794 --sg-steps 10 --source pretrained --encoder-id quentinll/lewm-cube --h5 "$CUBE_H5" --device cuda --goal-offset 50 --eval-budget 100 --num-eval 128 --seed 48 --cem-seed 48 --episodes-file episodes/cube_c2222.episodes50.json
199	cube	gcidm_surv_nogate_tauown	50	49	logs/rbV_cube_gcidm_surv_nogate_tauown_t50_seed49.log	python -m surveyor.envs.cube.eval --subgoal gcidm+surveyor --gcidm-ckpt gcidm_cube_h100.pt --gdm-ckpt gdm_cube_s10_gc.pt --gdm-steps 3 --accept-tau 0.794 --sg-steps 10 --source pretrained --encoder-id quentinll/lewm-cube --h5 "$CUBE_H5" --device cuda --goal-offset 50 --eval-budget 100 --num-eval 128 --seed 49 --cem-seed 49 --episodes-file episodes/cube_c2222.episodes50.json
200	cube	gcidm_surv_nogate_tauown	75	42	logs/rbV_cube_gcidm_surv_nogate_tauown_t75_seed42.log	python -m surveyor.envs.cube.eval --subgoal gcidm+surveyor --gcidm-ckpt gcidm_cube_h150.pt --gdm-ckpt gdm_cube_s10_gc.pt --gdm-steps 3 --accept-tau 0.794 --sg-steps 10 --source pretrained --encoder-id quentinll/lewm-cube --h5 "$CUBE_H5" --device cuda --goal-offset 75 --eval-budget 150 --num-eval 128 --seed 42 --cem-seed 42 --episodes-file episodes/cube_c2222.episodes75.json
201	cube	gcidm_surv_nogate_tauown	75	43	logs/rbV_cube_gcidm_surv_nogate_tauown_t75_seed43.log	python -m surveyor.envs.cube.eval --subgoal gcidm+surveyor --gcidm-ckpt gcidm_cube_h150.pt --gdm-ckpt gdm_cube_s10_gc.pt --gdm-steps 3 --accept-tau 0.794 --sg-steps 10 --source pretrained --encoder-id quentinll/lewm-cube --h5 "$CUBE_H5" --device cuda --goal-offset 75 --eval-budget 150 --num-eval 128 --seed 43 --cem-seed 43 --episodes-file episodes/cube_c2222.episodes75.json
202	cube	gcidm_surv_nogate_tauown	75	44	logs/rbV_cube_gcidm_surv_nogate_tauown_t75_seed44.log	python -m surveyor.envs.cube.eval --subgoal gcidm+surveyor --gcidm-ckpt gcidm_cube_h150.pt --gdm-ckpt gdm_cube_s10_gc.pt --gdm-steps 3 --accept-tau 0.794 --sg-steps 10 --source pretrained --encoder-id quentinll/lewm-cube --h5 "$CUBE_H5" --device cuda --goal-offset 75 --eval-budget 150 --num-eval 128 --seed 44 --cem-seed 44 --episodes-file episodes/cube_c2222.episodes75.json
203	cube	gcidm_surv_nogate_tauown	75	45	logs/rbV_cube_gcidm_surv_nogate_tauown_t75_seed45.log	python -m surveyor.envs.cube.eval --subgoal gcidm+surveyor --gcidm-ckpt gcidm_cube_h150.pt --gdm-ckpt gdm_cube_s10_gc.pt --gdm-steps 3 --accept-tau 0.794 --sg-steps 10 --source pretrained --encoder-id quentinll/lewm-cube --h5 "$CUBE_H5" --device cuda --goal-offset 75 --eval-budget 150 --num-eval 128 --seed 45 --cem-seed 45 --episodes-file episodes/cube_c2222.episodes75.json
204	cube	gcidm_surv_nogate_tauown	75	46	logs/rbV_cube_gcidm_surv_nogate_tauown_t75_seed46.log	python -m surveyor.envs.cube.eval --subgoal gcidm+surveyor --gcidm-ckpt gcidm_cube_h150.pt --gdm-ckpt gdm_cube_s10_gc.pt --gdm-steps 3 --accept-tau 0.794 --sg-steps 10 --source pretrained --encoder-id quentinll/lewm-cube --h5 "$CUBE_H5" --device cuda --goal-offset 75 --eval-budget 150 --num-eval 128 --seed 46 --cem-seed 46 --episodes-file episodes/cube_c2222.episodes75.json
205	cube	gcidm_surv_nogate_tauown	75	47	logs/rbV_cube_gcidm_surv_nogate_tauown_t75_seed47.log	python -m surveyor.envs.cube.eval --subgoal gcidm+surveyor --gcidm-ckpt gcidm_cube_h150.pt --gdm-ckpt gdm_cube_s10_gc.pt --gdm-steps 3 --accept-tau 0.794 --sg-steps 10 --source pretrained --encoder-id quentinll/lewm-cube --h5 "$CUBE_H5" --device cuda --goal-offset 75 --eval-budget 150 --num-eval 128 --seed 47 --cem-seed 47 --episodes-file episodes/cube_c2222.episodes75.json
206	cube	gcidm_surv_nogate_tauown	75	48	logs/rbV_cube_gcidm_surv_nogate_tauown_t75_seed48.log	python -m surveyor.envs.cube.eval --subgoal gcidm+surveyor --gcidm-ckpt gcidm_cube_h150.pt --gdm-ckpt gdm_cube_s10_gc.pt --gdm-steps 3 --accept-tau 0.794 --sg-steps 10 --source pretrained --encoder-id quentinll/lewm-cube --h5 "$CUBE_H5" --device cuda --goal-offset 75 --eval-budget 150 --num-eval 128 --seed 48 --cem-seed 48 --episodes-file episodes/cube_c2222.episodes75.json
207	cube	gcidm_surv_nogate_tauown	75	49	logs/rbV_cube_gcidm_surv_nogate_tauown_t75_seed49.log	python -m surveyor.envs.cube.eval --subgoal gcidm+surveyor --gcidm-ckpt gcidm_cube_h150.pt --gdm-ckpt gdm_cube_s10_gc.pt --gdm-steps 3 --accept-tau 0.794 --sg-steps 10 --source pretrained --encoder-id quentinll/lewm-cube --h5 "$CUBE_H5" --device cuda --goal-offset 75 --eval-budget 150 --num-eval 128 --seed 49 --cem-seed 49 --episodes-file episodes/cube_c2222.episodes75.json
208	cube	gcidm_surv_nogate_tauown	100	42	logs/rbV_cube_gcidm_surv_nogate_tauown_t100_seed42.log	python -m surveyor.envs.cube.eval --subgoal gcidm+surveyor --gcidm-ckpt gcidm_cube_h200.pt --gdm-ckpt gdm_cube_s10_gc.pt --gdm-steps 3 --accept-tau 0.794 --sg-steps 10 --source pretrained --encoder-id quentinll/lewm-cube --h5 "$CUBE_H5" --device cuda --goal-offset 100 --eval-budget 200 --num-eval 128 --seed 42 --cem-seed 42 --episodes-file episodes/cube_c2222.episodes100.json
209	cube	gcidm_surv_nogate_tauown	100	43	logs/rbV_cube_gcidm_surv_nogate_tauown_t100_seed43.log	python -m surveyor.envs.cube.eval --subgoal gcidm+surveyor --gcidm-ckpt gcidm_cube_h200.pt --gdm-ckpt gdm_cube_s10_gc.pt --gdm-steps 3 --accept-tau 0.794 --sg-steps 10 --source pretrained --encoder-id quentinll/lewm-cube --h5 "$CUBE_H5" --device cuda --goal-offset 100 --eval-budget 200 --num-eval 128 --seed 43 --cem-seed 43 --episodes-file episodes/cube_c2222.episodes100.json
210	cube	gcidm_surv_nogate_tauown	100	44	logs/rbV_cube_gcidm_surv_nogate_tauown_t100_seed44.log	python -m surveyor.envs.cube.eval --subgoal gcidm+surveyor --gcidm-ckpt gcidm_cube_h200.pt --gdm-ckpt gdm_cube_s10_gc.pt --gdm-steps 3 --accept-tau 0.794 --sg-steps 10 --source pretrained --encoder-id quentinll/lewm-cube --h5 "$CUBE_H5" --device cuda --goal-offset 100 --eval-budget 200 --num-eval 128 --seed 44 --cem-seed 44 --episodes-file episodes/cube_c2222.episodes100.json
211	cube	gcidm_surv_nogate_tauown	100	45	logs/rbV_cube_gcidm_surv_nogate_tauown_t100_seed45.log	python -m surveyor.envs.cube.eval --subgoal gcidm+surveyor --gcidm-ckpt gcidm_cube_h200.pt --gdm-ckpt gdm_cube_s10_gc.pt --gdm-steps 3 --accept-tau 0.794 --sg-steps 10 --source pretrained --encoder-id quentinll/lewm-cube --h5 "$CUBE_H5" --device cuda --goal-offset 100 --eval-budget 200 --num-eval 128 --seed 45 --cem-seed 45 --episodes-file episodes/cube_c2222.episodes100.json
212	cube	gcidm_surv_nogate_tauown	100	46	logs/rbV_cube_gcidm_surv_nogate_tauown_t100_seed46.log	python -m surveyor.envs.cube.eval --subgoal gcidm+surveyor --gcidm-ckpt gcidm_cube_h200.pt --gdm-ckpt gdm_cube_s10_gc.pt --gdm-steps 3 --accept-tau 0.794 --sg-steps 10 --source pretrained --encoder-id quentinll/lewm-cube --h5 "$CUBE_H5" --device cuda --goal-offset 100 --eval-budget 200 --num-eval 128 --seed 46 --cem-seed 46 --episodes-file episodes/cube_c2222.episodes100.json
213	cube	gcidm_surv_nogate_tauown	100	47	logs/rbV_cube_gcidm_surv_nogate_tauown_t100_seed47.log	python -m surveyor.envs.cube.eval --subgoal gcidm+surveyor --gcidm-ckpt gcidm_cube_h200.pt --gdm-ckpt gdm_cube_s10_gc.pt --gdm-steps 3 --accept-tau 0.794 --sg-steps 10 --source pretrained --encoder-id quentinll/lewm-cube --h5 "$CUBE_H5" --device cuda --goal-offset 100 --eval-budget 200 --num-eval 128 --seed 47 --cem-seed 47 --episodes-file episodes/cube_c2222.episodes100.json
214	cube	gcidm_surv_nogate_tauown	100	48	logs/rbV_cube_gcidm_surv_nogate_tauown_t100_seed48.log	python -m surveyor.envs.cube.eval --subgoal gcidm+surveyor --gcidm-ckpt gcidm_cube_h200.pt --gdm-ckpt gdm_cube_s10_gc.pt --gdm-steps 3 --accept-tau 0.794 --sg-steps 10 --source pretrained --encoder-id quentinll/lewm-cube --h5 "$CUBE_H5" --device cuda --goal-offset 100 --eval-budget 200 --num-eval 128 --seed 48 --cem-seed 48 --episodes-file episodes/cube_c2222.episodes100.json
215	cube	gcidm_surv_nogate_tauown	100	49	logs/rbV_cube_gcidm_surv_nogate_tauown_t100_seed49.log	python -m surveyor.envs.cube.eval --subgoal gcidm+surveyor --gcidm-ckpt gcidm_cube_h200.pt --gdm-ckpt gdm_cube_s10_gc.pt --gdm-steps 3 --accept-tau 0.794 --sg-steps 10 --source pretrained --encoder-id quentinll/lewm-cube --h5 "$CUBE_H5" --device cuda --goal-offset 100 --eval-budget 200 --num-eval 128 --seed 49 --cem-seed 49 --episodes-file episodes/cube_c2222.episodes100.json
216	cube	gcidm_surv_nogate_tauown	150	42	logs/rbV_cube_gcidm_surv_nogate_tauown_t150_seed42.log	python -m surveyor.envs.cube.eval --subgoal gcidm+surveyor --gcidm-ckpt gcidm_cube_h300.pt --gdm-ckpt gdm_cube_s10_gc.pt --gdm-steps 3 --accept-tau 0.794 --sg-steps 10 --source pretrained --encoder-id quentinll/lewm-cube --h5 "$CUBE_H5" --device cuda --goal-offset 150 --eval-budget 300 --num-eval 128 --seed 42 --cem-seed 42 --episodes-file episodes/cube_c2222.episodes150.json
217	cube	gcidm_surv_nogate_tauown	150	43	logs/rbV_cube_gcidm_surv_nogate_tauown_t150_seed43.log	python -m surveyor.envs.cube.eval --subgoal gcidm+surveyor --gcidm-ckpt gcidm_cube_h300.pt --gdm-ckpt gdm_cube_s10_gc.pt --gdm-steps 3 --accept-tau 0.794 --sg-steps 10 --source pretrained --encoder-id quentinll/lewm-cube --h5 "$CUBE_H5" --device cuda --goal-offset 150 --eval-budget 300 --num-eval 128 --seed 43 --cem-seed 43 --episodes-file episodes/cube_c2222.episodes150.json
218	cube	gcidm_surv_nogate_tauown	150	44	logs/rbV_cube_gcidm_surv_nogate_tauown_t150_seed44.log	python -m surveyor.envs.cube.eval --subgoal gcidm+surveyor --gcidm-ckpt gcidm_cube_h300.pt --gdm-ckpt gdm_cube_s10_gc.pt --gdm-steps 3 --accept-tau 0.794 --sg-steps 10 --source pretrained --encoder-id quentinll/lewm-cube --h5 "$CUBE_H5" --device cuda --goal-offset 150 --eval-budget 300 --num-eval 128 --seed 44 --cem-seed 44 --episodes-file episodes/cube_c2222.episodes150.json
219	cube	gcidm_surv_nogate_tauown	150	45	logs/rbV_cube_gcidm_surv_nogate_tauown_t150_seed45.log	python -m surveyor.envs.cube.eval --subgoal gcidm+surveyor --gcidm-ckpt gcidm_cube_h300.pt --gdm-ckpt gdm_cube_s10_gc.pt --gdm-steps 3 --accept-tau 0.794 --sg-steps 10 --source pretrained --encoder-id quentinll/lewm-cube --h5 "$CUBE_H5" --device cuda --goal-offset 150 --eval-budget 300 --num-eval 128 --seed 45 --cem-seed 45 --episodes-file episodes/cube_c2222.episodes150.json
220	cube	gcidm_surv_nogate_tauown	150	46	logs/rbV_cube_gcidm_surv_nogate_tauown_t150_seed46.log	python -m surveyor.envs.cube.eval --subgoal gcidm+surveyor --gcidm-ckpt gcidm_cube_h300.pt --gdm-ckpt gdm_cube_s10_gc.pt --gdm-steps 3 --accept-tau 0.794 --sg-steps 10 --source pretrained --encoder-id quentinll/lewm-cube --h5 "$CUBE_H5" --device cuda --goal-offset 150 --eval-budget 300 --num-eval 128 --seed 46 --cem-seed 46 --episodes-file episodes/cube_c2222.episodes150.json
221	cube	gcidm_surv_nogate_tauown	150	47	logs/rbV_cube_gcidm_surv_nogate_tauown_t150_seed47.log	python -m surveyor.envs.cube.eval --subgoal gcidm+surveyor --gcidm-ckpt gcidm_cube_h300.pt --gdm-ckpt gdm_cube_s10_gc.pt --gdm-steps 3 --accept-tau 0.794 --sg-steps 10 --source pretrained --encoder-id quentinll/lewm-cube --h5 "$CUBE_H5" --device cuda --goal-offset 150 --eval-budget 300 --num-eval 128 --seed 47 --cem-seed 47 --episodes-file episodes/cube_c2222.episodes150.json
222	cube	gcidm_surv_nogate_tauown	150	48	logs/rbV_cube_gcidm_surv_nogate_tauown_t150_seed48.log	python -m surveyor.envs.cube.eval --subgoal gcidm+surveyor --gcidm-ckpt gcidm_cube_h300.pt --gdm-ckpt gdm_cube_s10_gc.pt --gdm-steps 3 --accept-tau 0.794 --sg-steps 10 --source pretrained --encoder-id quentinll/lewm-cube --h5 "$CUBE_H5" --device cuda --goal-offset 150 --eval-budget 300 --num-eval 128 --seed 48 --cem-seed 48 --episodes-file episodes/cube_c2222.episodes150.json
223	cube	gcidm_surv_nogate_tauown	150	49	logs/rbV_cube_gcidm_surv_nogate_tauown_t150_seed49.log	python -m surveyor.envs.cube.eval --subgoal gcidm+surveyor --gcidm-ckpt gcidm_cube_h300.pt --gdm-ckpt gdm_cube_s10_gc.pt --gdm-steps 3 --accept-tau 0.794 --sg-steps 10 --source pretrained --encoder-id quentinll/lewm-cube --h5 "$CUBE_H5" --device cuda --goal-offset 150 --eval-budget 300 --num-eval 128 --seed 49 --cem-seed 49 --episodes-file episodes/cube_c2222.episodes150.json
224	pusht	leflow_accept_tauown	25	42	logs/rbV_pusht_leflow_accept_tauown_t25_seed42.log	python -m surveyor.envs.pusht.eval --subgoal leflow+surveyor --leflow-ckpt leflow/pusht/latent_planner.pt --leflow-stats leflow/pusht/action_stats.json --gdm-ckpt gdm_stride10.pt --gdm-steps 3 --accept-tau 0.233 --sg-steps 10 --source pretrained --h5 pusht_c2222.h5 --device cuda --mode long --episodes-file episodes/pusht_c2222.episodes25.json --goal-offset 25 --eval-budget 50 --num-eval 256 --score block --angles 20 5 --seed 42 --cem-seed 42
225	pusht	leflow_accept_tauown	25	43	logs/rbV_pusht_leflow_accept_tauown_t25_seed43.log	python -m surveyor.envs.pusht.eval --subgoal leflow+surveyor --leflow-ckpt leflow/pusht/latent_planner.pt --leflow-stats leflow/pusht/action_stats.json --gdm-ckpt gdm_stride10.pt --gdm-steps 3 --accept-tau 0.233 --sg-steps 10 --source pretrained --h5 pusht_c2222.h5 --device cuda --mode long --episodes-file episodes/pusht_c2222.episodes25.json --goal-offset 25 --eval-budget 50 --num-eval 256 --score block --angles 20 5 --seed 43 --cem-seed 43
226	pusht	leflow_accept_tauown	25	44	logs/rbV_pusht_leflow_accept_tauown_t25_seed44.log	python -m surveyor.envs.pusht.eval --subgoal leflow+surveyor --leflow-ckpt leflow/pusht/latent_planner.pt --leflow-stats leflow/pusht/action_stats.json --gdm-ckpt gdm_stride10.pt --gdm-steps 3 --accept-tau 0.233 --sg-steps 10 --source pretrained --h5 pusht_c2222.h5 --device cuda --mode long --episodes-file episodes/pusht_c2222.episodes25.json --goal-offset 25 --eval-budget 50 --num-eval 256 --score block --angles 20 5 --seed 44 --cem-seed 44
227	pusht	leflow_accept_tauown	25	45	logs/rbV_pusht_leflow_accept_tauown_t25_seed45.log	python -m surveyor.envs.pusht.eval --subgoal leflow+surveyor --leflow-ckpt leflow/pusht/latent_planner.pt --leflow-stats leflow/pusht/action_stats.json --gdm-ckpt gdm_stride10.pt --gdm-steps 3 --accept-tau 0.233 --sg-steps 10 --source pretrained --h5 pusht_c2222.h5 --device cuda --mode long --episodes-file episodes/pusht_c2222.episodes25.json --goal-offset 25 --eval-budget 50 --num-eval 256 --score block --angles 20 5 --seed 45 --cem-seed 45
228	pusht	leflow_accept_tauown	25	46	logs/rbV_pusht_leflow_accept_tauown_t25_seed46.log	python -m surveyor.envs.pusht.eval --subgoal leflow+surveyor --leflow-ckpt leflow/pusht/latent_planner.pt --leflow-stats leflow/pusht/action_stats.json --gdm-ckpt gdm_stride10.pt --gdm-steps 3 --accept-tau 0.233 --sg-steps 10 --source pretrained --h5 pusht_c2222.h5 --device cuda --mode long --episodes-file episodes/pusht_c2222.episodes25.json --goal-offset 25 --eval-budget 50 --num-eval 256 --score block --angles 20 5 --seed 46 --cem-seed 46
229	pusht	leflow_accept_tauown	25	47	logs/rbV_pusht_leflow_accept_tauown_t25_seed47.log	python -m surveyor.envs.pusht.eval --subgoal leflow+surveyor --leflow-ckpt leflow/pusht/latent_planner.pt --leflow-stats leflow/pusht/action_stats.json --gdm-ckpt gdm_stride10.pt --gdm-steps 3 --accept-tau 0.233 --sg-steps 10 --source pretrained --h5 pusht_c2222.h5 --device cuda --mode long --episodes-file episodes/pusht_c2222.episodes25.json --goal-offset 25 --eval-budget 50 --num-eval 256 --score block --angles 20 5 --seed 47 --cem-seed 47
230	pusht	leflow_accept_tauown	25	48	logs/rbV_pusht_leflow_accept_tauown_t25_seed48.log	python -m surveyor.envs.pusht.eval --subgoal leflow+surveyor --leflow-ckpt leflow/pusht/latent_planner.pt --leflow-stats leflow/pusht/action_stats.json --gdm-ckpt gdm_stride10.pt --gdm-steps 3 --accept-tau 0.233 --sg-steps 10 --source pretrained --h5 pusht_c2222.h5 --device cuda --mode long --episodes-file episodes/pusht_c2222.episodes25.json --goal-offset 25 --eval-budget 50 --num-eval 256 --score block --angles 20 5 --seed 48 --cem-seed 48
231	pusht	leflow_accept_tauown	25	49	logs/rbV_pusht_leflow_accept_tauown_t25_seed49.log	python -m surveyor.envs.pusht.eval --subgoal leflow+surveyor --leflow-ckpt leflow/pusht/latent_planner.pt --leflow-stats leflow/pusht/action_stats.json --gdm-ckpt gdm_stride10.pt --gdm-steps 3 --accept-tau 0.233 --sg-steps 10 --source pretrained --h5 pusht_c2222.h5 --device cuda --mode long --episodes-file episodes/pusht_c2222.episodes25.json --goal-offset 25 --eval-budget 50 --num-eval 256 --score block --angles 20 5 --seed 49 --cem-seed 49
232	pusht	leflow_accept_tauown	50	42	logs/rbV_pusht_leflow_accept_tauown_t50_seed42.log	python -m surveyor.envs.pusht.eval --subgoal leflow+surveyor --leflow-ckpt leflow/pusht/latent_planner.pt --leflow-stats leflow/pusht/action_stats.json --gdm-ckpt gdm_stride10.pt --gdm-steps 3 --accept-tau 0.233 --sg-steps 10 --source pretrained --h5 pusht_c2222.h5 --device cuda --mode long --episodes-file episodes/pusht_c2222.episodes50.json --goal-offset 50 --eval-budget 100 --num-eval 256 --score block --angles 20 5 --seed 42 --cem-seed 42
233	pusht	leflow_accept_tauown	50	43	logs/rbV_pusht_leflow_accept_tauown_t50_seed43.log	python -m surveyor.envs.pusht.eval --subgoal leflow+surveyor --leflow-ckpt leflow/pusht/latent_planner.pt --leflow-stats leflow/pusht/action_stats.json --gdm-ckpt gdm_stride10.pt --gdm-steps 3 --accept-tau 0.233 --sg-steps 10 --source pretrained --h5 pusht_c2222.h5 --device cuda --mode long --episodes-file episodes/pusht_c2222.episodes50.json --goal-offset 50 --eval-budget 100 --num-eval 256 --score block --angles 20 5 --seed 43 --cem-seed 43
234	pusht	leflow_accept_tauown	50	44	logs/rbV_pusht_leflow_accept_tauown_t50_seed44.log	python -m surveyor.envs.pusht.eval --subgoal leflow+surveyor --leflow-ckpt leflow/pusht/latent_planner.pt --leflow-stats leflow/pusht/action_stats.json --gdm-ckpt gdm_stride10.pt --gdm-steps 3 --accept-tau 0.233 --sg-steps 10 --source pretrained --h5 pusht_c2222.h5 --device cuda --mode long --episodes-file episodes/pusht_c2222.episodes50.json --goal-offset 50 --eval-budget 100 --num-eval 256 --score block --angles 20 5 --seed 44 --cem-seed 44
235	pusht	leflow_accept_tauown	50	45	logs/rbV_pusht_leflow_accept_tauown_t50_seed45.log	python -m surveyor.envs.pusht.eval --subgoal leflow+surveyor --leflow-ckpt leflow/pusht/latent_planner.pt --leflow-stats leflow/pusht/action_stats.json --gdm-ckpt gdm_stride10.pt --gdm-steps 3 --accept-tau 0.233 --sg-steps 10 --source pretrained --h5 pusht_c2222.h5 --device cuda --mode long --episodes-file episodes/pusht_c2222.episodes50.json --goal-offset 50 --eval-budget 100 --num-eval 256 --score block --angles 20 5 --seed 45 --cem-seed 45
236	pusht	leflow_accept_tauown	50	46	logs/rbV_pusht_leflow_accept_tauown_t50_seed46.log	python -m surveyor.envs.pusht.eval --subgoal leflow+surveyor --leflow-ckpt leflow/pusht/latent_planner.pt --leflow-stats leflow/pusht/action_stats.json --gdm-ckpt gdm_stride10.pt --gdm-steps 3 --accept-tau 0.233 --sg-steps 10 --source pretrained --h5 pusht_c2222.h5 --device cuda --mode long --episodes-file episodes/pusht_c2222.episodes50.json --goal-offset 50 --eval-budget 100 --num-eval 256 --score block --angles 20 5 --seed 46 --cem-seed 46
237	pusht	leflow_accept_tauown	50	47	logs/rbV_pusht_leflow_accept_tauown_t50_seed47.log	python -m surveyor.envs.pusht.eval --subgoal leflow+surveyor --leflow-ckpt leflow/pusht/latent_planner.pt --leflow-stats leflow/pusht/action_stats.json --gdm-ckpt gdm_stride10.pt --gdm-steps 3 --accept-tau 0.233 --sg-steps 10 --source pretrained --h5 pusht_c2222.h5 --device cuda --mode long --episodes-file episodes/pusht_c2222.episodes50.json --goal-offset 50 --eval-budget 100 --num-eval 256 --score block --angles 20 5 --seed 47 --cem-seed 47
238	pusht	leflow_accept_tauown	50	48	logs/rbV_pusht_leflow_accept_tauown_t50_seed48.log	python -m surveyor.envs.pusht.eval --subgoal leflow+surveyor --leflow-ckpt leflow/pusht/latent_planner.pt --leflow-stats leflow/pusht/action_stats.json --gdm-ckpt gdm_stride10.pt --gdm-steps 3 --accept-tau 0.233 --sg-steps 10 --source pretrained --h5 pusht_c2222.h5 --device cuda --mode long --episodes-file episodes/pusht_c2222.episodes50.json --goal-offset 50 --eval-budget 100 --num-eval 256 --score block --angles 20 5 --seed 48 --cem-seed 48
239	pusht	leflow_accept_tauown	50	49	logs/rbV_pusht_leflow_accept_tauown_t50_seed49.log	python -m surveyor.envs.pusht.eval --subgoal leflow+surveyor --leflow-ckpt leflow/pusht/latent_planner.pt --leflow-stats leflow/pusht/action_stats.json --gdm-ckpt gdm_stride10.pt --gdm-steps 3 --accept-tau 0.233 --sg-steps 10 --source pretrained --h5 pusht_c2222.h5 --device cuda --mode long --episodes-file episodes/pusht_c2222.episodes50.json --goal-offset 50 --eval-budget 100 --num-eval 256 --score block --angles 20 5 --seed 49 --cem-seed 49
240	pusht	leflow_accept_tauown	75	42	logs/rbV_pusht_leflow_accept_tauown_t75_seed42.log	python -m surveyor.envs.pusht.eval --subgoal leflow+surveyor --leflow-ckpt leflow/pusht/latent_planner.pt --leflow-stats leflow/pusht/action_stats.json --gdm-ckpt gdm_stride10.pt --gdm-steps 3 --accept-tau 0.233 --sg-steps 10 --source pretrained --h5 pusht_c2222.h5 --device cuda --mode long --episodes-file episodes/pusht_c2222.episodes75.json --goal-offset 75 --eval-budget 150 --num-eval 256 --score block --angles 20 5 --seed 42 --cem-seed 42
241	pusht	leflow_accept_tauown	75	43	logs/rbV_pusht_leflow_accept_tauown_t75_seed43.log	python -m surveyor.envs.pusht.eval --subgoal leflow+surveyor --leflow-ckpt leflow/pusht/latent_planner.pt --leflow-stats leflow/pusht/action_stats.json --gdm-ckpt gdm_stride10.pt --gdm-steps 3 --accept-tau 0.233 --sg-steps 10 --source pretrained --h5 pusht_c2222.h5 --device cuda --mode long --episodes-file episodes/pusht_c2222.episodes75.json --goal-offset 75 --eval-budget 150 --num-eval 256 --score block --angles 20 5 --seed 43 --cem-seed 43
242	pusht	leflow_accept_tauown	75	44	logs/rbV_pusht_leflow_accept_tauown_t75_seed44.log	python -m surveyor.envs.pusht.eval --subgoal leflow+surveyor --leflow-ckpt leflow/pusht/latent_planner.pt --leflow-stats leflow/pusht/action_stats.json --gdm-ckpt gdm_stride10.pt --gdm-steps 3 --accept-tau 0.233 --sg-steps 10 --source pretrained --h5 pusht_c2222.h5 --device cuda --mode long --episodes-file episodes/pusht_c2222.episodes75.json --goal-offset 75 --eval-budget 150 --num-eval 256 --score block --angles 20 5 --seed 44 --cem-seed 44
243	pusht	leflow_accept_tauown	75	45	logs/rbV_pusht_leflow_accept_tauown_t75_seed45.log	python -m surveyor.envs.pusht.eval --subgoal leflow+surveyor --leflow-ckpt leflow/pusht/latent_planner.pt --leflow-stats leflow/pusht/action_stats.json --gdm-ckpt gdm_stride10.pt --gdm-steps 3 --accept-tau 0.233 --sg-steps 10 --source pretrained --h5 pusht_c2222.h5 --device cuda --mode long --episodes-file episodes/pusht_c2222.episodes75.json --goal-offset 75 --eval-budget 150 --num-eval 256 --score block --angles 20 5 --seed 45 --cem-seed 45
244	pusht	leflow_accept_tauown	75	46	logs/rbV_pusht_leflow_accept_tauown_t75_seed46.log	python -m surveyor.envs.pusht.eval --subgoal leflow+surveyor --leflow-ckpt leflow/pusht/latent_planner.pt --leflow-stats leflow/pusht/action_stats.json --gdm-ckpt gdm_stride10.pt --gdm-steps 3 --accept-tau 0.233 --sg-steps 10 --source pretrained --h5 pusht_c2222.h5 --device cuda --mode long --episodes-file episodes/pusht_c2222.episodes75.json --goal-offset 75 --eval-budget 150 --num-eval 256 --score block --angles 20 5 --seed 46 --cem-seed 46
245	pusht	leflow_accept_tauown	75	47	logs/rbV_pusht_leflow_accept_tauown_t75_seed47.log	python -m surveyor.envs.pusht.eval --subgoal leflow+surveyor --leflow-ckpt leflow/pusht/latent_planner.pt --leflow-stats leflow/pusht/action_stats.json --gdm-ckpt gdm_stride10.pt --gdm-steps 3 --accept-tau 0.233 --sg-steps 10 --source pretrained --h5 pusht_c2222.h5 --device cuda --mode long --episodes-file episodes/pusht_c2222.episodes75.json --goal-offset 75 --eval-budget 150 --num-eval 256 --score block --angles 20 5 --seed 47 --cem-seed 47
246	pusht	leflow_accept_tauown	75	48	logs/rbV_pusht_leflow_accept_tauown_t75_seed48.log	python -m surveyor.envs.pusht.eval --subgoal leflow+surveyor --leflow-ckpt leflow/pusht/latent_planner.pt --leflow-stats leflow/pusht/action_stats.json --gdm-ckpt gdm_stride10.pt --gdm-steps 3 --accept-tau 0.233 --sg-steps 10 --source pretrained --h5 pusht_c2222.h5 --device cuda --mode long --episodes-file episodes/pusht_c2222.episodes75.json --goal-offset 75 --eval-budget 150 --num-eval 256 --score block --angles 20 5 --seed 48 --cem-seed 48
247	pusht	leflow_accept_tauown	75	49	logs/rbV_pusht_leflow_accept_tauown_t75_seed49.log	python -m surveyor.envs.pusht.eval --subgoal leflow+surveyor --leflow-ckpt leflow/pusht/latent_planner.pt --leflow-stats leflow/pusht/action_stats.json --gdm-ckpt gdm_stride10.pt --gdm-steps 3 --accept-tau 0.233 --sg-steps 10 --source pretrained --h5 pusht_c2222.h5 --device cuda --mode long --episodes-file episodes/pusht_c2222.episodes75.json --goal-offset 75 --eval-budget 150 --num-eval 256 --score block --angles 20 5 --seed 49 --cem-seed 49
248	pusht	leflow_accept_tauown	100	42	logs/rbV_pusht_leflow_accept_tauown_t100_seed42.log	python -m surveyor.envs.pusht.eval --subgoal leflow+surveyor --leflow-ckpt leflow/pusht/latent_planner.pt --leflow-stats leflow/pusht/action_stats.json --gdm-ckpt gdm_stride10.pt --gdm-steps 3 --accept-tau 0.233 --sg-steps 10 --source pretrained --h5 pusht_c2222.h5 --device cuda --mode long --episodes-file episodes/pusht_c2222.episodes100.json --goal-offset 100 --eval-budget 200 --num-eval 256 --score block --angles 20 5 --seed 42 --cem-seed 42
249	pusht	leflow_accept_tauown	100	43	logs/rbV_pusht_leflow_accept_tauown_t100_seed43.log	python -m surveyor.envs.pusht.eval --subgoal leflow+surveyor --leflow-ckpt leflow/pusht/latent_planner.pt --leflow-stats leflow/pusht/action_stats.json --gdm-ckpt gdm_stride10.pt --gdm-steps 3 --accept-tau 0.233 --sg-steps 10 --source pretrained --h5 pusht_c2222.h5 --device cuda --mode long --episodes-file episodes/pusht_c2222.episodes100.json --goal-offset 100 --eval-budget 200 --num-eval 256 --score block --angles 20 5 --seed 43 --cem-seed 43
250	pusht	leflow_accept_tauown	100	44	logs/rbV_pusht_leflow_accept_tauown_t100_seed44.log	python -m surveyor.envs.pusht.eval --subgoal leflow+surveyor --leflow-ckpt leflow/pusht/latent_planner.pt --leflow-stats leflow/pusht/action_stats.json --gdm-ckpt gdm_stride10.pt --gdm-steps 3 --accept-tau 0.233 --sg-steps 10 --source pretrained --h5 pusht_c2222.h5 --device cuda --mode long --episodes-file episodes/pusht_c2222.episodes100.json --goal-offset 100 --eval-budget 200 --num-eval 256 --score block --angles 20 5 --seed 44 --cem-seed 44
251	pusht	leflow_accept_tauown	100	45	logs/rbV_pusht_leflow_accept_tauown_t100_seed45.log	python -m surveyor.envs.pusht.eval --subgoal leflow+surveyor --leflow-ckpt leflow/pusht/latent_planner.pt --leflow-stats leflow/pusht/action_stats.json --gdm-ckpt gdm_stride10.pt --gdm-steps 3 --accept-tau 0.233 --sg-steps 10 --source pretrained --h5 pusht_c2222.h5 --device cuda --mode long --episodes-file episodes/pusht_c2222.episodes100.json --goal-offset 100 --eval-budget 200 --num-eval 256 --score block --angles 20 5 --seed 45 --cem-seed 45
252	pusht	leflow_accept_tauown	100	46	logs/rbV_pusht_leflow_accept_tauown_t100_seed46.log	python -m surveyor.envs.pusht.eval --subgoal leflow+surveyor --leflow-ckpt leflow/pusht/latent_planner.pt --leflow-stats leflow/pusht/action_stats.json --gdm-ckpt gdm_stride10.pt --gdm-steps 3 --accept-tau 0.233 --sg-steps 10 --source pretrained --h5 pusht_c2222.h5 --device cuda --mode long --episodes-file episodes/pusht_c2222.episodes100.json --goal-offset 100 --eval-budget 200 --num-eval 256 --score block --angles 20 5 --seed 46 --cem-seed 46
253	pusht	leflow_accept_tauown	100	47	logs/rbV_pusht_leflow_accept_tauown_t100_seed47.log	python -m surveyor.envs.pusht.eval --subgoal leflow+surveyor --leflow-ckpt leflow/pusht/latent_planner.pt --leflow-stats leflow/pusht/action_stats.json --gdm-ckpt gdm_stride10.pt --gdm-steps 3 --accept-tau 0.233 --sg-steps 10 --source pretrained --h5 pusht_c2222.h5 --device cuda --mode long --episodes-file episodes/pusht_c2222.episodes100.json --goal-offset 100 --eval-budget 200 --num-eval 256 --score block --angles 20 5 --seed 47 --cem-seed 47
254	pusht	leflow_accept_tauown	100	48	logs/rbV_pusht_leflow_accept_tauown_t100_seed48.log	python -m surveyor.envs.pusht.eval --subgoal leflow+surveyor --leflow-ckpt leflow/pusht/latent_planner.pt --leflow-stats leflow/pusht/action_stats.json --gdm-ckpt gdm_stride10.pt --gdm-steps 3 --accept-tau 0.233 --sg-steps 10 --source pretrained --h5 pusht_c2222.h5 --device cuda --mode long --episodes-file episodes/pusht_c2222.episodes100.json --goal-offset 100 --eval-budget 200 --num-eval 256 --score block --angles 20 5 --seed 48 --cem-seed 48
255	pusht	leflow_accept_tauown	100	49	logs/rbV_pusht_leflow_accept_tauown_t100_seed49.log	python -m surveyor.envs.pusht.eval --subgoal leflow+surveyor --leflow-ckpt leflow/pusht/latent_planner.pt --leflow-stats leflow/pusht/action_stats.json --gdm-ckpt gdm_stride10.pt --gdm-steps 3 --accept-tau 0.233 --sg-steps 10 --source pretrained --h5 pusht_c2222.h5 --device cuda --mode long --episodes-file episodes/pusht_c2222.episodes100.json --goal-offset 100 --eval-budget 200 --num-eval 256 --score block --angles 20 5 --seed 49 --cem-seed 49
256	pusht	leflow_accept_tauown	150	42	logs/rbV_pusht_leflow_accept_tauown_t150_seed42.log	python -m surveyor.envs.pusht.eval --subgoal leflow+surveyor --leflow-ckpt leflow/pusht/latent_planner.pt --leflow-stats leflow/pusht/action_stats.json --gdm-ckpt gdm_stride10.pt --gdm-steps 3 --accept-tau 0.233 --sg-steps 10 --source pretrained --h5 pusht_c2222.h5 --device cuda --mode long --episodes-file episodes/pusht_c2222.episodes150.json --goal-offset 150 --eval-budget 300 --num-eval 256 --score block --angles 20 5 --seed 42 --cem-seed 42
257	pusht	leflow_accept_tauown	150	43	logs/rbV_pusht_leflow_accept_tauown_t150_seed43.log	python -m surveyor.envs.pusht.eval --subgoal leflow+surveyor --leflow-ckpt leflow/pusht/latent_planner.pt --leflow-stats leflow/pusht/action_stats.json --gdm-ckpt gdm_stride10.pt --gdm-steps 3 --accept-tau 0.233 --sg-steps 10 --source pretrained --h5 pusht_c2222.h5 --device cuda --mode long --episodes-file episodes/pusht_c2222.episodes150.json --goal-offset 150 --eval-budget 300 --num-eval 256 --score block --angles 20 5 --seed 43 --cem-seed 43
258	pusht	leflow_accept_tauown	150	44	logs/rbV_pusht_leflow_accept_tauown_t150_seed44.log	python -m surveyor.envs.pusht.eval --subgoal leflow+surveyor --leflow-ckpt leflow/pusht/latent_planner.pt --leflow-stats leflow/pusht/action_stats.json --gdm-ckpt gdm_stride10.pt --gdm-steps 3 --accept-tau 0.233 --sg-steps 10 --source pretrained --h5 pusht_c2222.h5 --device cuda --mode long --episodes-file episodes/pusht_c2222.episodes150.json --goal-offset 150 --eval-budget 300 --num-eval 256 --score block --angles 20 5 --seed 44 --cem-seed 44
259	pusht	leflow_accept_tauown	150	45	logs/rbV_pusht_leflow_accept_tauown_t150_seed45.log	python -m surveyor.envs.pusht.eval --subgoal leflow+surveyor --leflow-ckpt leflow/pusht/latent_planner.pt --leflow-stats leflow/pusht/action_stats.json --gdm-ckpt gdm_stride10.pt --gdm-steps 3 --accept-tau 0.233 --sg-steps 10 --source pretrained --h5 pusht_c2222.h5 --device cuda --mode long --episodes-file episodes/pusht_c2222.episodes150.json --goal-offset 150 --eval-budget 300 --num-eval 256 --score block --angles 20 5 --seed 45 --cem-seed 45
260	pusht	leflow_accept_tauown	150	46	logs/rbV_pusht_leflow_accept_tauown_t150_seed46.log	python -m surveyor.envs.pusht.eval --subgoal leflow+surveyor --leflow-ckpt leflow/pusht/latent_planner.pt --leflow-stats leflow/pusht/action_stats.json --gdm-ckpt gdm_stride10.pt --gdm-steps 3 --accept-tau 0.233 --sg-steps 10 --source pretrained --h5 pusht_c2222.h5 --device cuda --mode long --episodes-file episodes/pusht_c2222.episodes150.json --goal-offset 150 --eval-budget 300 --num-eval 256 --score block --angles 20 5 --seed 46 --cem-seed 46
261	pusht	leflow_accept_tauown	150	47	logs/rbV_pusht_leflow_accept_tauown_t150_seed47.log	python -m surveyor.envs.pusht.eval --subgoal leflow+surveyor --leflow-ckpt leflow/pusht/latent_planner.pt --leflow-stats leflow/pusht/action_stats.json --gdm-ckpt gdm_stride10.pt --gdm-steps 3 --accept-tau 0.233 --sg-steps 10 --source pretrained --h5 pusht_c2222.h5 --device cuda --mode long --episodes-file episodes/pusht_c2222.episodes150.json --goal-offset 150 --eval-budget 300 --num-eval 256 --score block --angles 20 5 --seed 47 --cem-seed 47
262	pusht	leflow_accept_tauown	150	48	logs/rbV_pusht_leflow_accept_tauown_t150_seed48.log	python -m surveyor.envs.pusht.eval --subgoal leflow+surveyor --leflow-ckpt leflow/pusht/latent_planner.pt --leflow-stats leflow/pusht/action_stats.json --gdm-ckpt gdm_stride10.pt --gdm-steps 3 --accept-tau 0.233 --sg-steps 10 --source pretrained --h5 pusht_c2222.h5 --device cuda --mode long --episodes-file episodes/pusht_c2222.episodes150.json --goal-offset 150 --eval-budget 300 --num-eval 256 --score block --angles 20 5 --seed 48 --cem-seed 48
263	pusht	leflow_accept_tauown	150	49	logs/rbV_pusht_leflow_accept_tauown_t150_seed49.log	python -m surveyor.envs.pusht.eval --subgoal leflow+surveyor --leflow-ckpt leflow/pusht/latent_planner.pt --leflow-stats leflow/pusht/action_stats.json --gdm-ckpt gdm_stride10.pt --gdm-steps 3 --accept-tau 0.233 --sg-steps 10 --source pretrained --h5 pusht_c2222.h5 --device cuda --mode long --episodes-file episodes/pusht_c2222.episodes150.json --goal-offset 150 --eval-budget 300 --num-eval 256 --score block --angles 20 5 --seed 49 --cem-seed 49
264	pusht	leflow_router_tauown	25	42	logs/rbV_pusht_leflow_router_tauown_t25_seed42.log	python -m surveyor.envs.pusht.eval --subgoal leflow+surveyor --leflow-ckpt leflow/pusht/latent_planner.pt --leflow-stats leflow/pusht/action_stats.json --gdm-ckpt gdm_stride10.pt --gdm-steps 3 --accept-tau 0.233 --sg-steps 10 --cstar-route --source pretrained --h5 pusht_c2222.h5 --device cuda --mode long --episodes-file episodes/pusht_c2222.episodes25.json --goal-offset 25 --eval-budget 50 --num-eval 256 --score block --angles 20 5 --seed 42 --cem-seed 42
265	pusht	leflow_router_tauown	25	43	logs/rbV_pusht_leflow_router_tauown_t25_seed43.log	python -m surveyor.envs.pusht.eval --subgoal leflow+surveyor --leflow-ckpt leflow/pusht/latent_planner.pt --leflow-stats leflow/pusht/action_stats.json --gdm-ckpt gdm_stride10.pt --gdm-steps 3 --accept-tau 0.233 --sg-steps 10 --cstar-route --source pretrained --h5 pusht_c2222.h5 --device cuda --mode long --episodes-file episodes/pusht_c2222.episodes25.json --goal-offset 25 --eval-budget 50 --num-eval 256 --score block --angles 20 5 --seed 43 --cem-seed 43
266	pusht	leflow_router_tauown	25	44	logs/rbV_pusht_leflow_router_tauown_t25_seed44.log	python -m surveyor.envs.pusht.eval --subgoal leflow+surveyor --leflow-ckpt leflow/pusht/latent_planner.pt --leflow-stats leflow/pusht/action_stats.json --gdm-ckpt gdm_stride10.pt --gdm-steps 3 --accept-tau 0.233 --sg-steps 10 --cstar-route --source pretrained --h5 pusht_c2222.h5 --device cuda --mode long --episodes-file episodes/pusht_c2222.episodes25.json --goal-offset 25 --eval-budget 50 --num-eval 256 --score block --angles 20 5 --seed 44 --cem-seed 44
267	pusht	leflow_router_tauown	25	45	logs/rbV_pusht_leflow_router_tauown_t25_seed45.log	python -m surveyor.envs.pusht.eval --subgoal leflow+surveyor --leflow-ckpt leflow/pusht/latent_planner.pt --leflow-stats leflow/pusht/action_stats.json --gdm-ckpt gdm_stride10.pt --gdm-steps 3 --accept-tau 0.233 --sg-steps 10 --cstar-route --source pretrained --h5 pusht_c2222.h5 --device cuda --mode long --episodes-file episodes/pusht_c2222.episodes25.json --goal-offset 25 --eval-budget 50 --num-eval 256 --score block --angles 20 5 --seed 45 --cem-seed 45
268	pusht	leflow_router_tauown	25	46	logs/rbV_pusht_leflow_router_tauown_t25_seed46.log	python -m surveyor.envs.pusht.eval --subgoal leflow+surveyor --leflow-ckpt leflow/pusht/latent_planner.pt --leflow-stats leflow/pusht/action_stats.json --gdm-ckpt gdm_stride10.pt --gdm-steps 3 --accept-tau 0.233 --sg-steps 10 --cstar-route --source pretrained --h5 pusht_c2222.h5 --device cuda --mode long --episodes-file episodes/pusht_c2222.episodes25.json --goal-offset 25 --eval-budget 50 --num-eval 256 --score block --angles 20 5 --seed 46 --cem-seed 46
269	pusht	leflow_router_tauown	25	47	logs/rbV_pusht_leflow_router_tauown_t25_seed47.log	python -m surveyor.envs.pusht.eval --subgoal leflow+surveyor --leflow-ckpt leflow/pusht/latent_planner.pt --leflow-stats leflow/pusht/action_stats.json --gdm-ckpt gdm_stride10.pt --gdm-steps 3 --accept-tau 0.233 --sg-steps 10 --cstar-route --source pretrained --h5 pusht_c2222.h5 --device cuda --mode long --episodes-file episodes/pusht_c2222.episodes25.json --goal-offset 25 --eval-budget 50 --num-eval 256 --score block --angles 20 5 --seed 47 --cem-seed 47
270	pusht	leflow_router_tauown	25	48	logs/rbV_pusht_leflow_router_tauown_t25_seed48.log	python -m surveyor.envs.pusht.eval --subgoal leflow+surveyor --leflow-ckpt leflow/pusht/latent_planner.pt --leflow-stats leflow/pusht/action_stats.json --gdm-ckpt gdm_stride10.pt --gdm-steps 3 --accept-tau 0.233 --sg-steps 10 --cstar-route --source pretrained --h5 pusht_c2222.h5 --device cuda --mode long --episodes-file episodes/pusht_c2222.episodes25.json --goal-offset 25 --eval-budget 50 --num-eval 256 --score block --angles 20 5 --seed 48 --cem-seed 48
271	pusht	leflow_router_tauown	25	49	logs/rbV_pusht_leflow_router_tauown_t25_seed49.log	python -m surveyor.envs.pusht.eval --subgoal leflow+surveyor --leflow-ckpt leflow/pusht/latent_planner.pt --leflow-stats leflow/pusht/action_stats.json --gdm-ckpt gdm_stride10.pt --gdm-steps 3 --accept-tau 0.233 --sg-steps 10 --cstar-route --source pretrained --h5 pusht_c2222.h5 --device cuda --mode long --episodes-file episodes/pusht_c2222.episodes25.json --goal-offset 25 --eval-budget 50 --num-eval 256 --score block --angles 20 5 --seed 49 --cem-seed 49
272	pusht	leflow_router_tauown	50	42	logs/rbV_pusht_leflow_router_tauown_t50_seed42.log	python -m surveyor.envs.pusht.eval --subgoal leflow+surveyor --leflow-ckpt leflow/pusht/latent_planner.pt --leflow-stats leflow/pusht/action_stats.json --gdm-ckpt gdm_stride10.pt --gdm-steps 3 --accept-tau 0.233 --sg-steps 10 --cstar-route --source pretrained --h5 pusht_c2222.h5 --device cuda --mode long --episodes-file episodes/pusht_c2222.episodes50.json --goal-offset 50 --eval-budget 100 --num-eval 256 --score block --angles 20 5 --seed 42 --cem-seed 42
273	pusht	leflow_router_tauown	50	43	logs/rbV_pusht_leflow_router_tauown_t50_seed43.log	python -m surveyor.envs.pusht.eval --subgoal leflow+surveyor --leflow-ckpt leflow/pusht/latent_planner.pt --leflow-stats leflow/pusht/action_stats.json --gdm-ckpt gdm_stride10.pt --gdm-steps 3 --accept-tau 0.233 --sg-steps 10 --cstar-route --source pretrained --h5 pusht_c2222.h5 --device cuda --mode long --episodes-file episodes/pusht_c2222.episodes50.json --goal-offset 50 --eval-budget 100 --num-eval 256 --score block --angles 20 5 --seed 43 --cem-seed 43
274	pusht	leflow_router_tauown	50	44	logs/rbV_pusht_leflow_router_tauown_t50_seed44.log	python -m surveyor.envs.pusht.eval --subgoal leflow+surveyor --leflow-ckpt leflow/pusht/latent_planner.pt --leflow-stats leflow/pusht/action_stats.json --gdm-ckpt gdm_stride10.pt --gdm-steps 3 --accept-tau 0.233 --sg-steps 10 --cstar-route --source pretrained --h5 pusht_c2222.h5 --device cuda --mode long --episodes-file episodes/pusht_c2222.episodes50.json --goal-offset 50 --eval-budget 100 --num-eval 256 --score block --angles 20 5 --seed 44 --cem-seed 44
275	pusht	leflow_router_tauown	50	45	logs/rbV_pusht_leflow_router_tauown_t50_seed45.log	python -m surveyor.envs.pusht.eval --subgoal leflow+surveyor --leflow-ckpt leflow/pusht/latent_planner.pt --leflow-stats leflow/pusht/action_stats.json --gdm-ckpt gdm_stride10.pt --gdm-steps 3 --accept-tau 0.233 --sg-steps 10 --cstar-route --source pretrained --h5 pusht_c2222.h5 --device cuda --mode long --episodes-file episodes/pusht_c2222.episodes50.json --goal-offset 50 --eval-budget 100 --num-eval 256 --score block --angles 20 5 --seed 45 --cem-seed 45
276	pusht	leflow_router_tauown	50	46	logs/rbV_pusht_leflow_router_tauown_t50_seed46.log	python -m surveyor.envs.pusht.eval --subgoal leflow+surveyor --leflow-ckpt leflow/pusht/latent_planner.pt --leflow-stats leflow/pusht/action_stats.json --gdm-ckpt gdm_stride10.pt --gdm-steps 3 --accept-tau 0.233 --sg-steps 10 --cstar-route --source pretrained --h5 pusht_c2222.h5 --device cuda --mode long --episodes-file episodes/pusht_c2222.episodes50.json --goal-offset 50 --eval-budget 100 --num-eval 256 --score block --angles 20 5 --seed 46 --cem-seed 46
277	pusht	leflow_router_tauown	50	47	logs/rbV_pusht_leflow_router_tauown_t50_seed47.log	python -m surveyor.envs.pusht.eval --subgoal leflow+surveyor --leflow-ckpt leflow/pusht/latent_planner.pt --leflow-stats leflow/pusht/action_stats.json --gdm-ckpt gdm_stride10.pt --gdm-steps 3 --accept-tau 0.233 --sg-steps 10 --cstar-route --source pretrained --h5 pusht_c2222.h5 --device cuda --mode long --episodes-file episodes/pusht_c2222.episodes50.json --goal-offset 50 --eval-budget 100 --num-eval 256 --score block --angles 20 5 --seed 47 --cem-seed 47
278	pusht	leflow_router_tauown	50	48	logs/rbV_pusht_leflow_router_tauown_t50_seed48.log	python -m surveyor.envs.pusht.eval --subgoal leflow+surveyor --leflow-ckpt leflow/pusht/latent_planner.pt --leflow-stats leflow/pusht/action_stats.json --gdm-ckpt gdm_stride10.pt --gdm-steps 3 --accept-tau 0.233 --sg-steps 10 --cstar-route --source pretrained --h5 pusht_c2222.h5 --device cuda --mode long --episodes-file episodes/pusht_c2222.episodes50.json --goal-offset 50 --eval-budget 100 --num-eval 256 --score block --angles 20 5 --seed 48 --cem-seed 48
279	pusht	leflow_router_tauown	50	49	logs/rbV_pusht_leflow_router_tauown_t50_seed49.log	python -m surveyor.envs.pusht.eval --subgoal leflow+surveyor --leflow-ckpt leflow/pusht/latent_planner.pt --leflow-stats leflow/pusht/action_stats.json --gdm-ckpt gdm_stride10.pt --gdm-steps 3 --accept-tau 0.233 --sg-steps 10 --cstar-route --source pretrained --h5 pusht_c2222.h5 --device cuda --mode long --episodes-file episodes/pusht_c2222.episodes50.json --goal-offset 50 --eval-budget 100 --num-eval 256 --score block --angles 20 5 --seed 49 --cem-seed 49
280	pusht	leflow_router_tauown	75	42	logs/rbV_pusht_leflow_router_tauown_t75_seed42.log	python -m surveyor.envs.pusht.eval --subgoal leflow+surveyor --leflow-ckpt leflow/pusht/latent_planner.pt --leflow-stats leflow/pusht/action_stats.json --gdm-ckpt gdm_stride10.pt --gdm-steps 3 --accept-tau 0.233 --sg-steps 10 --cstar-route --source pretrained --h5 pusht_c2222.h5 --device cuda --mode long --episodes-file episodes/pusht_c2222.episodes75.json --goal-offset 75 --eval-budget 150 --num-eval 256 --score block --angles 20 5 --seed 42 --cem-seed 42
281	pusht	leflow_router_tauown	75	43	logs/rbV_pusht_leflow_router_tauown_t75_seed43.log	python -m surveyor.envs.pusht.eval --subgoal leflow+surveyor --leflow-ckpt leflow/pusht/latent_planner.pt --leflow-stats leflow/pusht/action_stats.json --gdm-ckpt gdm_stride10.pt --gdm-steps 3 --accept-tau 0.233 --sg-steps 10 --cstar-route --source pretrained --h5 pusht_c2222.h5 --device cuda --mode long --episodes-file episodes/pusht_c2222.episodes75.json --goal-offset 75 --eval-budget 150 --num-eval 256 --score block --angles 20 5 --seed 43 --cem-seed 43
282	pusht	leflow_router_tauown	75	44	logs/rbV_pusht_leflow_router_tauown_t75_seed44.log	python -m surveyor.envs.pusht.eval --subgoal leflow+surveyor --leflow-ckpt leflow/pusht/latent_planner.pt --leflow-stats leflow/pusht/action_stats.json --gdm-ckpt gdm_stride10.pt --gdm-steps 3 --accept-tau 0.233 --sg-steps 10 --cstar-route --source pretrained --h5 pusht_c2222.h5 --device cuda --mode long --episodes-file episodes/pusht_c2222.episodes75.json --goal-offset 75 --eval-budget 150 --num-eval 256 --score block --angles 20 5 --seed 44 --cem-seed 44
283	pusht	leflow_router_tauown	75	45	logs/rbV_pusht_leflow_router_tauown_t75_seed45.log	python -m surveyor.envs.pusht.eval --subgoal leflow+surveyor --leflow-ckpt leflow/pusht/latent_planner.pt --leflow-stats leflow/pusht/action_stats.json --gdm-ckpt gdm_stride10.pt --gdm-steps 3 --accept-tau 0.233 --sg-steps 10 --cstar-route --source pretrained --h5 pusht_c2222.h5 --device cuda --mode long --episodes-file episodes/pusht_c2222.episodes75.json --goal-offset 75 --eval-budget 150 --num-eval 256 --score block --angles 20 5 --seed 45 --cem-seed 45
284	pusht	leflow_router_tauown	75	46	logs/rbV_pusht_leflow_router_tauown_t75_seed46.log	python -m surveyor.envs.pusht.eval --subgoal leflow+surveyor --leflow-ckpt leflow/pusht/latent_planner.pt --leflow-stats leflow/pusht/action_stats.json --gdm-ckpt gdm_stride10.pt --gdm-steps 3 --accept-tau 0.233 --sg-steps 10 --cstar-route --source pretrained --h5 pusht_c2222.h5 --device cuda --mode long --episodes-file episodes/pusht_c2222.episodes75.json --goal-offset 75 --eval-budget 150 --num-eval 256 --score block --angles 20 5 --seed 46 --cem-seed 46
285	pusht	leflow_router_tauown	75	47	logs/rbV_pusht_leflow_router_tauown_t75_seed47.log	python -m surveyor.envs.pusht.eval --subgoal leflow+surveyor --leflow-ckpt leflow/pusht/latent_planner.pt --leflow-stats leflow/pusht/action_stats.json --gdm-ckpt gdm_stride10.pt --gdm-steps 3 --accept-tau 0.233 --sg-steps 10 --cstar-route --source pretrained --h5 pusht_c2222.h5 --device cuda --mode long --episodes-file episodes/pusht_c2222.episodes75.json --goal-offset 75 --eval-budget 150 --num-eval 256 --score block --angles 20 5 --seed 47 --cem-seed 47
286	pusht	leflow_router_tauown	75	48	logs/rbV_pusht_leflow_router_tauown_t75_seed48.log	python -m surveyor.envs.pusht.eval --subgoal leflow+surveyor --leflow-ckpt leflow/pusht/latent_planner.pt --leflow-stats leflow/pusht/action_stats.json --gdm-ckpt gdm_stride10.pt --gdm-steps 3 --accept-tau 0.233 --sg-steps 10 --cstar-route --source pretrained --h5 pusht_c2222.h5 --device cuda --mode long --episodes-file episodes/pusht_c2222.episodes75.json --goal-offset 75 --eval-budget 150 --num-eval 256 --score block --angles 20 5 --seed 48 --cem-seed 48
287	pusht	leflow_router_tauown	75	49	logs/rbV_pusht_leflow_router_tauown_t75_seed49.log	python -m surveyor.envs.pusht.eval --subgoal leflow+surveyor --leflow-ckpt leflow/pusht/latent_planner.pt --leflow-stats leflow/pusht/action_stats.json --gdm-ckpt gdm_stride10.pt --gdm-steps 3 --accept-tau 0.233 --sg-steps 10 --cstar-route --source pretrained --h5 pusht_c2222.h5 --device cuda --mode long --episodes-file episodes/pusht_c2222.episodes75.json --goal-offset 75 --eval-budget 150 --num-eval 256 --score block --angles 20 5 --seed 49 --cem-seed 49
288	pusht	leflow_router_tauown	100	42	logs/rbV_pusht_leflow_router_tauown_t100_seed42.log	python -m surveyor.envs.pusht.eval --subgoal leflow+surveyor --leflow-ckpt leflow/pusht/latent_planner.pt --leflow-stats leflow/pusht/action_stats.json --gdm-ckpt gdm_stride10.pt --gdm-steps 3 --accept-tau 0.233 --sg-steps 10 --cstar-route --source pretrained --h5 pusht_c2222.h5 --device cuda --mode long --episodes-file episodes/pusht_c2222.episodes100.json --goal-offset 100 --eval-budget 200 --num-eval 256 --score block --angles 20 5 --seed 42 --cem-seed 42
289	pusht	leflow_router_tauown	100	43	logs/rbV_pusht_leflow_router_tauown_t100_seed43.log	python -m surveyor.envs.pusht.eval --subgoal leflow+surveyor --leflow-ckpt leflow/pusht/latent_planner.pt --leflow-stats leflow/pusht/action_stats.json --gdm-ckpt gdm_stride10.pt --gdm-steps 3 --accept-tau 0.233 --sg-steps 10 --cstar-route --source pretrained --h5 pusht_c2222.h5 --device cuda --mode long --episodes-file episodes/pusht_c2222.episodes100.json --goal-offset 100 --eval-budget 200 --num-eval 256 --score block --angles 20 5 --seed 43 --cem-seed 43
290	pusht	leflow_router_tauown	100	44	logs/rbV_pusht_leflow_router_tauown_t100_seed44.log	python -m surveyor.envs.pusht.eval --subgoal leflow+surveyor --leflow-ckpt leflow/pusht/latent_planner.pt --leflow-stats leflow/pusht/action_stats.json --gdm-ckpt gdm_stride10.pt --gdm-steps 3 --accept-tau 0.233 --sg-steps 10 --cstar-route --source pretrained --h5 pusht_c2222.h5 --device cuda --mode long --episodes-file episodes/pusht_c2222.episodes100.json --goal-offset 100 --eval-budget 200 --num-eval 256 --score block --angles 20 5 --seed 44 --cem-seed 44
291	pusht	leflow_router_tauown	100	45	logs/rbV_pusht_leflow_router_tauown_t100_seed45.log	python -m surveyor.envs.pusht.eval --subgoal leflow+surveyor --leflow-ckpt leflow/pusht/latent_planner.pt --leflow-stats leflow/pusht/action_stats.json --gdm-ckpt gdm_stride10.pt --gdm-steps 3 --accept-tau 0.233 --sg-steps 10 --cstar-route --source pretrained --h5 pusht_c2222.h5 --device cuda --mode long --episodes-file episodes/pusht_c2222.episodes100.json --goal-offset 100 --eval-budget 200 --num-eval 256 --score block --angles 20 5 --seed 45 --cem-seed 45
292	pusht	leflow_router_tauown	100	46	logs/rbV_pusht_leflow_router_tauown_t100_seed46.log	python -m surveyor.envs.pusht.eval --subgoal leflow+surveyor --leflow-ckpt leflow/pusht/latent_planner.pt --leflow-stats leflow/pusht/action_stats.json --gdm-ckpt gdm_stride10.pt --gdm-steps 3 --accept-tau 0.233 --sg-steps 10 --cstar-route --source pretrained --h5 pusht_c2222.h5 --device cuda --mode long --episodes-file episodes/pusht_c2222.episodes100.json --goal-offset 100 --eval-budget 200 --num-eval 256 --score block --angles 20 5 --seed 46 --cem-seed 46
293	pusht	leflow_router_tauown	100	47	logs/rbV_pusht_leflow_router_tauown_t100_seed47.log	python -m surveyor.envs.pusht.eval --subgoal leflow+surveyor --leflow-ckpt leflow/pusht/latent_planner.pt --leflow-stats leflow/pusht/action_stats.json --gdm-ckpt gdm_stride10.pt --gdm-steps 3 --accept-tau 0.233 --sg-steps 10 --cstar-route --source pretrained --h5 pusht_c2222.h5 --device cuda --mode long --episodes-file episodes/pusht_c2222.episodes100.json --goal-offset 100 --eval-budget 200 --num-eval 256 --score block --angles 20 5 --seed 47 --cem-seed 47
294	pusht	leflow_router_tauown	100	48	logs/rbV_pusht_leflow_router_tauown_t100_seed48.log	python -m surveyor.envs.pusht.eval --subgoal leflow+surveyor --leflow-ckpt leflow/pusht/latent_planner.pt --leflow-stats leflow/pusht/action_stats.json --gdm-ckpt gdm_stride10.pt --gdm-steps 3 --accept-tau 0.233 --sg-steps 10 --cstar-route --source pretrained --h5 pusht_c2222.h5 --device cuda --mode long --episodes-file episodes/pusht_c2222.episodes100.json --goal-offset 100 --eval-budget 200 --num-eval 256 --score block --angles 20 5 --seed 48 --cem-seed 48
295	pusht	leflow_router_tauown	100	49	logs/rbV_pusht_leflow_router_tauown_t100_seed49.log	python -m surveyor.envs.pusht.eval --subgoal leflow+surveyor --leflow-ckpt leflow/pusht/latent_planner.pt --leflow-stats leflow/pusht/action_stats.json --gdm-ckpt gdm_stride10.pt --gdm-steps 3 --accept-tau 0.233 --sg-steps 10 --cstar-route --source pretrained --h5 pusht_c2222.h5 --device cuda --mode long --episodes-file episodes/pusht_c2222.episodes100.json --goal-offset 100 --eval-budget 200 --num-eval 256 --score block --angles 20 5 --seed 49 --cem-seed 49
296	pusht	leflow_router_tauown	150	42	logs/rbV_pusht_leflow_router_tauown_t150_seed42.log	python -m surveyor.envs.pusht.eval --subgoal leflow+surveyor --leflow-ckpt leflow/pusht/latent_planner.pt --leflow-stats leflow/pusht/action_stats.json --gdm-ckpt gdm_stride10.pt --gdm-steps 3 --accept-tau 0.233 --sg-steps 10 --cstar-route --source pretrained --h5 pusht_c2222.h5 --device cuda --mode long --episodes-file episodes/pusht_c2222.episodes150.json --goal-offset 150 --eval-budget 300 --num-eval 256 --score block --angles 20 5 --seed 42 --cem-seed 42
297	pusht	leflow_router_tauown	150	43	logs/rbV_pusht_leflow_router_tauown_t150_seed43.log	python -m surveyor.envs.pusht.eval --subgoal leflow+surveyor --leflow-ckpt leflow/pusht/latent_planner.pt --leflow-stats leflow/pusht/action_stats.json --gdm-ckpt gdm_stride10.pt --gdm-steps 3 --accept-tau 0.233 --sg-steps 10 --cstar-route --source pretrained --h5 pusht_c2222.h5 --device cuda --mode long --episodes-file episodes/pusht_c2222.episodes150.json --goal-offset 150 --eval-budget 300 --num-eval 256 --score block --angles 20 5 --seed 43 --cem-seed 43
298	pusht	leflow_router_tauown	150	44	logs/rbV_pusht_leflow_router_tauown_t150_seed44.log	python -m surveyor.envs.pusht.eval --subgoal leflow+surveyor --leflow-ckpt leflow/pusht/latent_planner.pt --leflow-stats leflow/pusht/action_stats.json --gdm-ckpt gdm_stride10.pt --gdm-steps 3 --accept-tau 0.233 --sg-steps 10 --cstar-route --source pretrained --h5 pusht_c2222.h5 --device cuda --mode long --episodes-file episodes/pusht_c2222.episodes150.json --goal-offset 150 --eval-budget 300 --num-eval 256 --score block --angles 20 5 --seed 44 --cem-seed 44
299	pusht	leflow_router_tauown	150	45	logs/rbV_pusht_leflow_router_tauown_t150_seed45.log	python -m surveyor.envs.pusht.eval --subgoal leflow+surveyor --leflow-ckpt leflow/pusht/latent_planner.pt --leflow-stats leflow/pusht/action_stats.json --gdm-ckpt gdm_stride10.pt --gdm-steps 3 --accept-tau 0.233 --sg-steps 10 --cstar-route --source pretrained --h5 pusht_c2222.h5 --device cuda --mode long --episodes-file episodes/pusht_c2222.episodes150.json --goal-offset 150 --eval-budget 300 --num-eval 256 --score block --angles 20 5 --seed 45 --cem-seed 45
300	pusht	leflow_router_tauown	150	46	logs/rbV_pusht_leflow_router_tauown_t150_seed46.log	python -m surveyor.envs.pusht.eval --subgoal leflow+surveyor --leflow-ckpt leflow/pusht/latent_planner.pt --leflow-stats leflow/pusht/action_stats.json --gdm-ckpt gdm_stride10.pt --gdm-steps 3 --accept-tau 0.233 --sg-steps 10 --cstar-route --source pretrained --h5 pusht_c2222.h5 --device cuda --mode long --episodes-file episodes/pusht_c2222.episodes150.json --goal-offset 150 --eval-budget 300 --num-eval 256 --score block --angles 20 5 --seed 46 --cem-seed 46
301	pusht	leflow_router_tauown	150	47	logs/rbV_pusht_leflow_router_tauown_t150_seed47.log	python -m surveyor.envs.pusht.eval --subgoal leflow+surveyor --leflow-ckpt leflow/pusht/latent_planner.pt --leflow-stats leflow/pusht/action_stats.json --gdm-ckpt gdm_stride10.pt --gdm-steps 3 --accept-tau 0.233 --sg-steps 10 --cstar-route --source pretrained --h5 pusht_c2222.h5 --device cuda --mode long --episodes-file episodes/pusht_c2222.episodes150.json --goal-offset 150 --eval-budget 300 --num-eval 256 --score block --angles 20 5 --seed 47 --cem-seed 47
302	pusht	leflow_router_tauown	150	48	logs/rbV_pusht_leflow_router_tauown_t150_seed48.log	python -m surveyor.envs.pusht.eval --subgoal leflow+surveyor --leflow-ckpt leflow/pusht/latent_planner.pt --leflow-stats leflow/pusht/action_stats.json --gdm-ckpt gdm_stride10.pt --gdm-steps 3 --accept-tau 0.233 --sg-steps 10 --cstar-route --source pretrained --h5 pusht_c2222.h5 --device cuda --mode long --episodes-file episodes/pusht_c2222.episodes150.json --goal-offset 150 --eval-budget 300 --num-eval 256 --score block --angles 20 5 --seed 48 --cem-seed 48
303	pusht	leflow_router_tauown	150	49	logs/rbV_pusht_leflow_router_tauown_t150_seed49.log	python -m surveyor.envs.pusht.eval --subgoal leflow+surveyor --leflow-ckpt leflow/pusht/latent_planner.pt --leflow-stats leflow/pusht/action_stats.json --gdm-ckpt gdm_stride10.pt --gdm-steps 3 --accept-tau 0.233 --sg-steps 10 --cstar-route --source pretrained --h5 pusht_c2222.h5 --device cuda --mode long --episodes-file episodes/pusht_c2222.episodes150.json --goal-offset 150 --eval-budget 300 --num-eval 256 --score block --angles 20 5 --seed 49 --cem-seed 49
304	reacher	leflow_accept_tauown	25	42	logs/rbV_reacher_leflow_accept_tauown_t25_seed42.log	python -m surveyor.envs.reacher.eval --subgoal leflow+surveyor --leflow-ckpt leflow/reacher/latent_planner.pt --leflow-stats leflow/reacher/action_stats.json --gdm-ckpt gdm_reacher_s10.pt --gdm-steps 4 --accept-tau 0.106 --sg-steps 10 --source local --local-dir encoder_reacher --h5 "$REACHER_H5" --device cuda --num-eval 128 --seed 42 --cem-seed 42 --episodes-file episodes/reacher_c2222.ep100.s2222.json --goal-offset 25 --eval-budget 50
305	reacher	leflow_accept_tauown	25	43	logs/rbV_reacher_leflow_accept_tauown_t25_seed43.log	python -m surveyor.envs.reacher.eval --subgoal leflow+surveyor --leflow-ckpt leflow/reacher/latent_planner.pt --leflow-stats leflow/reacher/action_stats.json --gdm-ckpt gdm_reacher_s10.pt --gdm-steps 4 --accept-tau 0.106 --sg-steps 10 --source local --local-dir encoder_reacher --h5 "$REACHER_H5" --device cuda --num-eval 128 --seed 43 --cem-seed 43 --episodes-file episodes/reacher_c2222.ep100.s2222.json --goal-offset 25 --eval-budget 50
306	reacher	leflow_accept_tauown	25	44	logs/rbV_reacher_leflow_accept_tauown_t25_seed44.log	python -m surveyor.envs.reacher.eval --subgoal leflow+surveyor --leflow-ckpt leflow/reacher/latent_planner.pt --leflow-stats leflow/reacher/action_stats.json --gdm-ckpt gdm_reacher_s10.pt --gdm-steps 4 --accept-tau 0.106 --sg-steps 10 --source local --local-dir encoder_reacher --h5 "$REACHER_H5" --device cuda --num-eval 128 --seed 44 --cem-seed 44 --episodes-file episodes/reacher_c2222.ep100.s2222.json --goal-offset 25 --eval-budget 50
307	reacher	leflow_accept_tauown	25	45	logs/rbV_reacher_leflow_accept_tauown_t25_seed45.log	python -m surveyor.envs.reacher.eval --subgoal leflow+surveyor --leflow-ckpt leflow/reacher/latent_planner.pt --leflow-stats leflow/reacher/action_stats.json --gdm-ckpt gdm_reacher_s10.pt --gdm-steps 4 --accept-tau 0.106 --sg-steps 10 --source local --local-dir encoder_reacher --h5 "$REACHER_H5" --device cuda --num-eval 128 --seed 45 --cem-seed 45 --episodes-file episodes/reacher_c2222.ep100.s2222.json --goal-offset 25 --eval-budget 50
308	reacher	leflow_accept_tauown	25	46	logs/rbV_reacher_leflow_accept_tauown_t25_seed46.log	python -m surveyor.envs.reacher.eval --subgoal leflow+surveyor --leflow-ckpt leflow/reacher/latent_planner.pt --leflow-stats leflow/reacher/action_stats.json --gdm-ckpt gdm_reacher_s10.pt --gdm-steps 4 --accept-tau 0.106 --sg-steps 10 --source local --local-dir encoder_reacher --h5 "$REACHER_H5" --device cuda --num-eval 128 --seed 46 --cem-seed 46 --episodes-file episodes/reacher_c2222.ep100.s2222.json --goal-offset 25 --eval-budget 50
309	reacher	leflow_accept_tauown	25	47	logs/rbV_reacher_leflow_accept_tauown_t25_seed47.log	python -m surveyor.envs.reacher.eval --subgoal leflow+surveyor --leflow-ckpt leflow/reacher/latent_planner.pt --leflow-stats leflow/reacher/action_stats.json --gdm-ckpt gdm_reacher_s10.pt --gdm-steps 4 --accept-tau 0.106 --sg-steps 10 --source local --local-dir encoder_reacher --h5 "$REACHER_H5" --device cuda --num-eval 128 --seed 47 --cem-seed 47 --episodes-file episodes/reacher_c2222.ep100.s2222.json --goal-offset 25 --eval-budget 50
310	reacher	leflow_accept_tauown	25	48	logs/rbV_reacher_leflow_accept_tauown_t25_seed48.log	python -m surveyor.envs.reacher.eval --subgoal leflow+surveyor --leflow-ckpt leflow/reacher/latent_planner.pt --leflow-stats leflow/reacher/action_stats.json --gdm-ckpt gdm_reacher_s10.pt --gdm-steps 4 --accept-tau 0.106 --sg-steps 10 --source local --local-dir encoder_reacher --h5 "$REACHER_H5" --device cuda --num-eval 128 --seed 48 --cem-seed 48 --episodes-file episodes/reacher_c2222.ep100.s2222.json --goal-offset 25 --eval-budget 50
311	reacher	leflow_accept_tauown	25	49	logs/rbV_reacher_leflow_accept_tauown_t25_seed49.log	python -m surveyor.envs.reacher.eval --subgoal leflow+surveyor --leflow-ckpt leflow/reacher/latent_planner.pt --leflow-stats leflow/reacher/action_stats.json --gdm-ckpt gdm_reacher_s10.pt --gdm-steps 4 --accept-tau 0.106 --sg-steps 10 --source local --local-dir encoder_reacher --h5 "$REACHER_H5" --device cuda --num-eval 128 --seed 49 --cem-seed 49 --episodes-file episodes/reacher_c2222.ep100.s2222.json --goal-offset 25 --eval-budget 50
312	reacher	leflow_accept_tauown	50	42	logs/rbV_reacher_leflow_accept_tauown_t50_seed42.log	python -m surveyor.envs.reacher.eval --subgoal leflow+surveyor --leflow-ckpt leflow/reacher/latent_planner.pt --leflow-stats leflow/reacher/action_stats.json --gdm-ckpt gdm_reacher_s10.pt --gdm-steps 4 --accept-tau 0.106 --sg-steps 10 --source local --local-dir encoder_reacher --h5 "$REACHER_H5" --device cuda --num-eval 128 --seed 42 --cem-seed 42 --episodes-file episodes/reacher_c2222.ep100.s2222.json --goal-offset 50 --eval-budget 100
313	reacher	leflow_accept_tauown	50	43	logs/rbV_reacher_leflow_accept_tauown_t50_seed43.log	python -m surveyor.envs.reacher.eval --subgoal leflow+surveyor --leflow-ckpt leflow/reacher/latent_planner.pt --leflow-stats leflow/reacher/action_stats.json --gdm-ckpt gdm_reacher_s10.pt --gdm-steps 4 --accept-tau 0.106 --sg-steps 10 --source local --local-dir encoder_reacher --h5 "$REACHER_H5" --device cuda --num-eval 128 --seed 43 --cem-seed 43 --episodes-file episodes/reacher_c2222.ep100.s2222.json --goal-offset 50 --eval-budget 100
314	reacher	leflow_accept_tauown	50	44	logs/rbV_reacher_leflow_accept_tauown_t50_seed44.log	python -m surveyor.envs.reacher.eval --subgoal leflow+surveyor --leflow-ckpt leflow/reacher/latent_planner.pt --leflow-stats leflow/reacher/action_stats.json --gdm-ckpt gdm_reacher_s10.pt --gdm-steps 4 --accept-tau 0.106 --sg-steps 10 --source local --local-dir encoder_reacher --h5 "$REACHER_H5" --device cuda --num-eval 128 --seed 44 --cem-seed 44 --episodes-file episodes/reacher_c2222.ep100.s2222.json --goal-offset 50 --eval-budget 100
315	reacher	leflow_accept_tauown	50	45	logs/rbV_reacher_leflow_accept_tauown_t50_seed45.log	python -m surveyor.envs.reacher.eval --subgoal leflow+surveyor --leflow-ckpt leflow/reacher/latent_planner.pt --leflow-stats leflow/reacher/action_stats.json --gdm-ckpt gdm_reacher_s10.pt --gdm-steps 4 --accept-tau 0.106 --sg-steps 10 --source local --local-dir encoder_reacher --h5 "$REACHER_H5" --device cuda --num-eval 128 --seed 45 --cem-seed 45 --episodes-file episodes/reacher_c2222.ep100.s2222.json --goal-offset 50 --eval-budget 100
316	reacher	leflow_accept_tauown	50	46	logs/rbV_reacher_leflow_accept_tauown_t50_seed46.log	python -m surveyor.envs.reacher.eval --subgoal leflow+surveyor --leflow-ckpt leflow/reacher/latent_planner.pt --leflow-stats leflow/reacher/action_stats.json --gdm-ckpt gdm_reacher_s10.pt --gdm-steps 4 --accept-tau 0.106 --sg-steps 10 --source local --local-dir encoder_reacher --h5 "$REACHER_H5" --device cuda --num-eval 128 --seed 46 --cem-seed 46 --episodes-file episodes/reacher_c2222.ep100.s2222.json --goal-offset 50 --eval-budget 100
317	reacher	leflow_accept_tauown	50	47	logs/rbV_reacher_leflow_accept_tauown_t50_seed47.log	python -m surveyor.envs.reacher.eval --subgoal leflow+surveyor --leflow-ckpt leflow/reacher/latent_planner.pt --leflow-stats leflow/reacher/action_stats.json --gdm-ckpt gdm_reacher_s10.pt --gdm-steps 4 --accept-tau 0.106 --sg-steps 10 --source local --local-dir encoder_reacher --h5 "$REACHER_H5" --device cuda --num-eval 128 --seed 47 --cem-seed 47 --episodes-file episodes/reacher_c2222.ep100.s2222.json --goal-offset 50 --eval-budget 100
318	reacher	leflow_accept_tauown	50	48	logs/rbV_reacher_leflow_accept_tauown_t50_seed48.log	python -m surveyor.envs.reacher.eval --subgoal leflow+surveyor --leflow-ckpt leflow/reacher/latent_planner.pt --leflow-stats leflow/reacher/action_stats.json --gdm-ckpt gdm_reacher_s10.pt --gdm-steps 4 --accept-tau 0.106 --sg-steps 10 --source local --local-dir encoder_reacher --h5 "$REACHER_H5" --device cuda --num-eval 128 --seed 48 --cem-seed 48 --episodes-file episodes/reacher_c2222.ep100.s2222.json --goal-offset 50 --eval-budget 100
319	reacher	leflow_accept_tauown	50	49	logs/rbV_reacher_leflow_accept_tauown_t50_seed49.log	python -m surveyor.envs.reacher.eval --subgoal leflow+surveyor --leflow-ckpt leflow/reacher/latent_planner.pt --leflow-stats leflow/reacher/action_stats.json --gdm-ckpt gdm_reacher_s10.pt --gdm-steps 4 --accept-tau 0.106 --sg-steps 10 --source local --local-dir encoder_reacher --h5 "$REACHER_H5" --device cuda --num-eval 128 --seed 49 --cem-seed 49 --episodes-file episodes/reacher_c2222.ep100.s2222.json --goal-offset 50 --eval-budget 100
320	reacher	leflow_accept_tauown	100	42	logs/rbV_reacher_leflow_accept_tauown_t100_seed42.log	python -m surveyor.envs.reacher.eval --subgoal leflow+surveyor --leflow-ckpt leflow/reacher/latent_planner.pt --leflow-stats leflow/reacher/action_stats.json --gdm-ckpt gdm_reacher_s10.pt --gdm-steps 4 --accept-tau 0.106 --sg-steps 10 --source local --local-dir encoder_reacher --h5 "$REACHER_H5" --device cuda --num-eval 128 --seed 42 --cem-seed 42 --episodes-file episodes/reacher_c2222.ep100.s2222.json --goal-offset 100 --eval-budget 200
321	reacher	leflow_accept_tauown	100	43	logs/rbV_reacher_leflow_accept_tauown_t100_seed43.log	python -m surveyor.envs.reacher.eval --subgoal leflow+surveyor --leflow-ckpt leflow/reacher/latent_planner.pt --leflow-stats leflow/reacher/action_stats.json --gdm-ckpt gdm_reacher_s10.pt --gdm-steps 4 --accept-tau 0.106 --sg-steps 10 --source local --local-dir encoder_reacher --h5 "$REACHER_H5" --device cuda --num-eval 128 --seed 43 --cem-seed 43 --episodes-file episodes/reacher_c2222.ep100.s2222.json --goal-offset 100 --eval-budget 200
322	reacher	leflow_accept_tauown	100	44	logs/rbV_reacher_leflow_accept_tauown_t100_seed44.log	python -m surveyor.envs.reacher.eval --subgoal leflow+surveyor --leflow-ckpt leflow/reacher/latent_planner.pt --leflow-stats leflow/reacher/action_stats.json --gdm-ckpt gdm_reacher_s10.pt --gdm-steps 4 --accept-tau 0.106 --sg-steps 10 --source local --local-dir encoder_reacher --h5 "$REACHER_H5" --device cuda --num-eval 128 --seed 44 --cem-seed 44 --episodes-file episodes/reacher_c2222.ep100.s2222.json --goal-offset 100 --eval-budget 200
323	reacher	leflow_accept_tauown	100	45	logs/rbV_reacher_leflow_accept_tauown_t100_seed45.log	python -m surveyor.envs.reacher.eval --subgoal leflow+surveyor --leflow-ckpt leflow/reacher/latent_planner.pt --leflow-stats leflow/reacher/action_stats.json --gdm-ckpt gdm_reacher_s10.pt --gdm-steps 4 --accept-tau 0.106 --sg-steps 10 --source local --local-dir encoder_reacher --h5 "$REACHER_H5" --device cuda --num-eval 128 --seed 45 --cem-seed 45 --episodes-file episodes/reacher_c2222.ep100.s2222.json --goal-offset 100 --eval-budget 200
324	reacher	leflow_accept_tauown	100	46	logs/rbV_reacher_leflow_accept_tauown_t100_seed46.log	python -m surveyor.envs.reacher.eval --subgoal leflow+surveyor --leflow-ckpt leflow/reacher/latent_planner.pt --leflow-stats leflow/reacher/action_stats.json --gdm-ckpt gdm_reacher_s10.pt --gdm-steps 4 --accept-tau 0.106 --sg-steps 10 --source local --local-dir encoder_reacher --h5 "$REACHER_H5" --device cuda --num-eval 128 --seed 46 --cem-seed 46 --episodes-file episodes/reacher_c2222.ep100.s2222.json --goal-offset 100 --eval-budget 200
325	reacher	leflow_accept_tauown	100	47	logs/rbV_reacher_leflow_accept_tauown_t100_seed47.log	python -m surveyor.envs.reacher.eval --subgoal leflow+surveyor --leflow-ckpt leflow/reacher/latent_planner.pt --leflow-stats leflow/reacher/action_stats.json --gdm-ckpt gdm_reacher_s10.pt --gdm-steps 4 --accept-tau 0.106 --sg-steps 10 --source local --local-dir encoder_reacher --h5 "$REACHER_H5" --device cuda --num-eval 128 --seed 47 --cem-seed 47 --episodes-file episodes/reacher_c2222.ep100.s2222.json --goal-offset 100 --eval-budget 200
326	reacher	leflow_accept_tauown	100	48	logs/rbV_reacher_leflow_accept_tauown_t100_seed48.log	python -m surveyor.envs.reacher.eval --subgoal leflow+surveyor --leflow-ckpt leflow/reacher/latent_planner.pt --leflow-stats leflow/reacher/action_stats.json --gdm-ckpt gdm_reacher_s10.pt --gdm-steps 4 --accept-tau 0.106 --sg-steps 10 --source local --local-dir encoder_reacher --h5 "$REACHER_H5" --device cuda --num-eval 128 --seed 48 --cem-seed 48 --episodes-file episodes/reacher_c2222.ep100.s2222.json --goal-offset 100 --eval-budget 200
327	reacher	leflow_accept_tauown	100	49	logs/rbV_reacher_leflow_accept_tauown_t100_seed49.log	python -m surveyor.envs.reacher.eval --subgoal leflow+surveyor --leflow-ckpt leflow/reacher/latent_planner.pt --leflow-stats leflow/reacher/action_stats.json --gdm-ckpt gdm_reacher_s10.pt --gdm-steps 4 --accept-tau 0.106 --sg-steps 10 --source local --local-dir encoder_reacher --h5 "$REACHER_H5" --device cuda --num-eval 128 --seed 49 --cem-seed 49 --episodes-file episodes/reacher_c2222.ep100.s2222.json --goal-offset 100 --eval-budget 200
328	reacher	leflow_accept_tauown	150	42	logs/rbV_reacher_leflow_accept_tauown_t150_seed42.log	python -m surveyor.envs.reacher.eval --subgoal leflow+surveyor --leflow-ckpt leflow/reacher/latent_planner.pt --leflow-stats leflow/reacher/action_stats.json --gdm-ckpt gdm_reacher_s10.pt --gdm-steps 4 --accept-tau 0.106 --sg-steps 10 --source local --local-dir encoder_reacher --h5 "$REACHER_H5" --device cuda --num-eval 128 --seed 42 --cem-seed 42 --episodes-file episodes/reacher_c2222.ep150.s2222.json --goal-offset 150 --eval-budget 300
329	reacher	leflow_accept_tauown	150	43	logs/rbV_reacher_leflow_accept_tauown_t150_seed43.log	python -m surveyor.envs.reacher.eval --subgoal leflow+surveyor --leflow-ckpt leflow/reacher/latent_planner.pt --leflow-stats leflow/reacher/action_stats.json --gdm-ckpt gdm_reacher_s10.pt --gdm-steps 4 --accept-tau 0.106 --sg-steps 10 --source local --local-dir encoder_reacher --h5 "$REACHER_H5" --device cuda --num-eval 128 --seed 43 --cem-seed 43 --episodes-file episodes/reacher_c2222.ep150.s2222.json --goal-offset 150 --eval-budget 300
330	reacher	leflow_accept_tauown	150	44	logs/rbV_reacher_leflow_accept_tauown_t150_seed44.log	python -m surveyor.envs.reacher.eval --subgoal leflow+surveyor --leflow-ckpt leflow/reacher/latent_planner.pt --leflow-stats leflow/reacher/action_stats.json --gdm-ckpt gdm_reacher_s10.pt --gdm-steps 4 --accept-tau 0.106 --sg-steps 10 --source local --local-dir encoder_reacher --h5 "$REACHER_H5" --device cuda --num-eval 128 --seed 44 --cem-seed 44 --episodes-file episodes/reacher_c2222.ep150.s2222.json --goal-offset 150 --eval-budget 300
331	reacher	leflow_accept_tauown	150	45	logs/rbV_reacher_leflow_accept_tauown_t150_seed45.log	python -m surveyor.envs.reacher.eval --subgoal leflow+surveyor --leflow-ckpt leflow/reacher/latent_planner.pt --leflow-stats leflow/reacher/action_stats.json --gdm-ckpt gdm_reacher_s10.pt --gdm-steps 4 --accept-tau 0.106 --sg-steps 10 --source local --local-dir encoder_reacher --h5 "$REACHER_H5" --device cuda --num-eval 128 --seed 45 --cem-seed 45 --episodes-file episodes/reacher_c2222.ep150.s2222.json --goal-offset 150 --eval-budget 300
332	reacher	leflow_accept_tauown	150	46	logs/rbV_reacher_leflow_accept_tauown_t150_seed46.log	python -m surveyor.envs.reacher.eval --subgoal leflow+surveyor --leflow-ckpt leflow/reacher/latent_planner.pt --leflow-stats leflow/reacher/action_stats.json --gdm-ckpt gdm_reacher_s10.pt --gdm-steps 4 --accept-tau 0.106 --sg-steps 10 --source local --local-dir encoder_reacher --h5 "$REACHER_H5" --device cuda --num-eval 128 --seed 46 --cem-seed 46 --episodes-file episodes/reacher_c2222.ep150.s2222.json --goal-offset 150 --eval-budget 300
333	reacher	leflow_accept_tauown	150	47	logs/rbV_reacher_leflow_accept_tauown_t150_seed47.log	python -m surveyor.envs.reacher.eval --subgoal leflow+surveyor --leflow-ckpt leflow/reacher/latent_planner.pt --leflow-stats leflow/reacher/action_stats.json --gdm-ckpt gdm_reacher_s10.pt --gdm-steps 4 --accept-tau 0.106 --sg-steps 10 --source local --local-dir encoder_reacher --h5 "$REACHER_H5" --device cuda --num-eval 128 --seed 47 --cem-seed 47 --episodes-file episodes/reacher_c2222.ep150.s2222.json --goal-offset 150 --eval-budget 300
334	reacher	leflow_accept_tauown	150	48	logs/rbV_reacher_leflow_accept_tauown_t150_seed48.log	python -m surveyor.envs.reacher.eval --subgoal leflow+surveyor --leflow-ckpt leflow/reacher/latent_planner.pt --leflow-stats leflow/reacher/action_stats.json --gdm-ckpt gdm_reacher_s10.pt --gdm-steps 4 --accept-tau 0.106 --sg-steps 10 --source local --local-dir encoder_reacher --h5 "$REACHER_H5" --device cuda --num-eval 128 --seed 48 --cem-seed 48 --episodes-file episodes/reacher_c2222.ep150.s2222.json --goal-offset 150 --eval-budget 300
335	reacher	leflow_accept_tauown	150	49	logs/rbV_reacher_leflow_accept_tauown_t150_seed49.log	python -m surveyor.envs.reacher.eval --subgoal leflow+surveyor --leflow-ckpt leflow/reacher/latent_planner.pt --leflow-stats leflow/reacher/action_stats.json --gdm-ckpt gdm_reacher_s10.pt --gdm-steps 4 --accept-tau 0.106 --sg-steps 10 --source local --local-dir encoder_reacher --h5 "$REACHER_H5" --device cuda --num-eval 128 --seed 49 --cem-seed 49 --episodes-file episodes/reacher_c2222.ep150.s2222.json --goal-offset 150 --eval-budget 300
336	reacher	leflow_router_tauown	25	42	logs/rbV_reacher_leflow_router_tauown_t25_seed42.log	python -m surveyor.envs.reacher.eval --subgoal leflow+surveyor --leflow-ckpt leflow/reacher/latent_planner.pt --leflow-stats leflow/reacher/action_stats.json --gdm-ckpt gdm_reacher_s10.pt --gdm-steps 4 --accept-tau 0.106 --sg-steps 10 --cstar-route --source local --local-dir encoder_reacher --h5 "$REACHER_H5" --device cuda --num-eval 128 --seed 42 --cem-seed 42 --episodes-file episodes/reacher_c2222.ep100.s2222.json --goal-offset 25 --eval-budget 50
337	reacher	leflow_router_tauown	25	43	logs/rbV_reacher_leflow_router_tauown_t25_seed43.log	python -m surveyor.envs.reacher.eval --subgoal leflow+surveyor --leflow-ckpt leflow/reacher/latent_planner.pt --leflow-stats leflow/reacher/action_stats.json --gdm-ckpt gdm_reacher_s10.pt --gdm-steps 4 --accept-tau 0.106 --sg-steps 10 --cstar-route --source local --local-dir encoder_reacher --h5 "$REACHER_H5" --device cuda --num-eval 128 --seed 43 --cem-seed 43 --episodes-file episodes/reacher_c2222.ep100.s2222.json --goal-offset 25 --eval-budget 50
338	reacher	leflow_router_tauown	25	44	logs/rbV_reacher_leflow_router_tauown_t25_seed44.log	python -m surveyor.envs.reacher.eval --subgoal leflow+surveyor --leflow-ckpt leflow/reacher/latent_planner.pt --leflow-stats leflow/reacher/action_stats.json --gdm-ckpt gdm_reacher_s10.pt --gdm-steps 4 --accept-tau 0.106 --sg-steps 10 --cstar-route --source local --local-dir encoder_reacher --h5 "$REACHER_H5" --device cuda --num-eval 128 --seed 44 --cem-seed 44 --episodes-file episodes/reacher_c2222.ep100.s2222.json --goal-offset 25 --eval-budget 50
339	reacher	leflow_router_tauown	25	45	logs/rbV_reacher_leflow_router_tauown_t25_seed45.log	python -m surveyor.envs.reacher.eval --subgoal leflow+surveyor --leflow-ckpt leflow/reacher/latent_planner.pt --leflow-stats leflow/reacher/action_stats.json --gdm-ckpt gdm_reacher_s10.pt --gdm-steps 4 --accept-tau 0.106 --sg-steps 10 --cstar-route --source local --local-dir encoder_reacher --h5 "$REACHER_H5" --device cuda --num-eval 128 --seed 45 --cem-seed 45 --episodes-file episodes/reacher_c2222.ep100.s2222.json --goal-offset 25 --eval-budget 50
340	reacher	leflow_router_tauown	25	46	logs/rbV_reacher_leflow_router_tauown_t25_seed46.log	python -m surveyor.envs.reacher.eval --subgoal leflow+surveyor --leflow-ckpt leflow/reacher/latent_planner.pt --leflow-stats leflow/reacher/action_stats.json --gdm-ckpt gdm_reacher_s10.pt --gdm-steps 4 --accept-tau 0.106 --sg-steps 10 --cstar-route --source local --local-dir encoder_reacher --h5 "$REACHER_H5" --device cuda --num-eval 128 --seed 46 --cem-seed 46 --episodes-file episodes/reacher_c2222.ep100.s2222.json --goal-offset 25 --eval-budget 50
341	reacher	leflow_router_tauown	25	47	logs/rbV_reacher_leflow_router_tauown_t25_seed47.log	python -m surveyor.envs.reacher.eval --subgoal leflow+surveyor --leflow-ckpt leflow/reacher/latent_planner.pt --leflow-stats leflow/reacher/action_stats.json --gdm-ckpt gdm_reacher_s10.pt --gdm-steps 4 --accept-tau 0.106 --sg-steps 10 --cstar-route --source local --local-dir encoder_reacher --h5 "$REACHER_H5" --device cuda --num-eval 128 --seed 47 --cem-seed 47 --episodes-file episodes/reacher_c2222.ep100.s2222.json --goal-offset 25 --eval-budget 50
342	reacher	leflow_router_tauown	25	48	logs/rbV_reacher_leflow_router_tauown_t25_seed48.log	python -m surveyor.envs.reacher.eval --subgoal leflow+surveyor --leflow-ckpt leflow/reacher/latent_planner.pt --leflow-stats leflow/reacher/action_stats.json --gdm-ckpt gdm_reacher_s10.pt --gdm-steps 4 --accept-tau 0.106 --sg-steps 10 --cstar-route --source local --local-dir encoder_reacher --h5 "$REACHER_H5" --device cuda --num-eval 128 --seed 48 --cem-seed 48 --episodes-file episodes/reacher_c2222.ep100.s2222.json --goal-offset 25 --eval-budget 50
343	reacher	leflow_router_tauown	25	49	logs/rbV_reacher_leflow_router_tauown_t25_seed49.log	python -m surveyor.envs.reacher.eval --subgoal leflow+surveyor --leflow-ckpt leflow/reacher/latent_planner.pt --leflow-stats leflow/reacher/action_stats.json --gdm-ckpt gdm_reacher_s10.pt --gdm-steps 4 --accept-tau 0.106 --sg-steps 10 --cstar-route --source local --local-dir encoder_reacher --h5 "$REACHER_H5" --device cuda --num-eval 128 --seed 49 --cem-seed 49 --episodes-file episodes/reacher_c2222.ep100.s2222.json --goal-offset 25 --eval-budget 50
344	reacher	leflow_router_tauown	50	42	logs/rbV_reacher_leflow_router_tauown_t50_seed42.log	python -m surveyor.envs.reacher.eval --subgoal leflow+surveyor --leflow-ckpt leflow/reacher/latent_planner.pt --leflow-stats leflow/reacher/action_stats.json --gdm-ckpt gdm_reacher_s10.pt --gdm-steps 4 --accept-tau 0.106 --sg-steps 10 --cstar-route --source local --local-dir encoder_reacher --h5 "$REACHER_H5" --device cuda --num-eval 128 --seed 42 --cem-seed 42 --episodes-file episodes/reacher_c2222.ep100.s2222.json --goal-offset 50 --eval-budget 100
345	reacher	leflow_router_tauown	50	43	logs/rbV_reacher_leflow_router_tauown_t50_seed43.log	python -m surveyor.envs.reacher.eval --subgoal leflow+surveyor --leflow-ckpt leflow/reacher/latent_planner.pt --leflow-stats leflow/reacher/action_stats.json --gdm-ckpt gdm_reacher_s10.pt --gdm-steps 4 --accept-tau 0.106 --sg-steps 10 --cstar-route --source local --local-dir encoder_reacher --h5 "$REACHER_H5" --device cuda --num-eval 128 --seed 43 --cem-seed 43 --episodes-file episodes/reacher_c2222.ep100.s2222.json --goal-offset 50 --eval-budget 100
346	reacher	leflow_router_tauown	50	44	logs/rbV_reacher_leflow_router_tauown_t50_seed44.log	python -m surveyor.envs.reacher.eval --subgoal leflow+surveyor --leflow-ckpt leflow/reacher/latent_planner.pt --leflow-stats leflow/reacher/action_stats.json --gdm-ckpt gdm_reacher_s10.pt --gdm-steps 4 --accept-tau 0.106 --sg-steps 10 --cstar-route --source local --local-dir encoder_reacher --h5 "$REACHER_H5" --device cuda --num-eval 128 --seed 44 --cem-seed 44 --episodes-file episodes/reacher_c2222.ep100.s2222.json --goal-offset 50 --eval-budget 100
347	reacher	leflow_router_tauown	50	45	logs/rbV_reacher_leflow_router_tauown_t50_seed45.log	python -m surveyor.envs.reacher.eval --subgoal leflow+surveyor --leflow-ckpt leflow/reacher/latent_planner.pt --leflow-stats leflow/reacher/action_stats.json --gdm-ckpt gdm_reacher_s10.pt --gdm-steps 4 --accept-tau 0.106 --sg-steps 10 --cstar-route --source local --local-dir encoder_reacher --h5 "$REACHER_H5" --device cuda --num-eval 128 --seed 45 --cem-seed 45 --episodes-file episodes/reacher_c2222.ep100.s2222.json --goal-offset 50 --eval-budget 100
348	reacher	leflow_router_tauown	50	46	logs/rbV_reacher_leflow_router_tauown_t50_seed46.log	python -m surveyor.envs.reacher.eval --subgoal leflow+surveyor --leflow-ckpt leflow/reacher/latent_planner.pt --leflow-stats leflow/reacher/action_stats.json --gdm-ckpt gdm_reacher_s10.pt --gdm-steps 4 --accept-tau 0.106 --sg-steps 10 --cstar-route --source local --local-dir encoder_reacher --h5 "$REACHER_H5" --device cuda --num-eval 128 --seed 46 --cem-seed 46 --episodes-file episodes/reacher_c2222.ep100.s2222.json --goal-offset 50 --eval-budget 100
349	reacher	leflow_router_tauown	50	47	logs/rbV_reacher_leflow_router_tauown_t50_seed47.log	python -m surveyor.envs.reacher.eval --subgoal leflow+surveyor --leflow-ckpt leflow/reacher/latent_planner.pt --leflow-stats leflow/reacher/action_stats.json --gdm-ckpt gdm_reacher_s10.pt --gdm-steps 4 --accept-tau 0.106 --sg-steps 10 --cstar-route --source local --local-dir encoder_reacher --h5 "$REACHER_H5" --device cuda --num-eval 128 --seed 47 --cem-seed 47 --episodes-file episodes/reacher_c2222.ep100.s2222.json --goal-offset 50 --eval-budget 100
350	reacher	leflow_router_tauown	50	48	logs/rbV_reacher_leflow_router_tauown_t50_seed48.log	python -m surveyor.envs.reacher.eval --subgoal leflow+surveyor --leflow-ckpt leflow/reacher/latent_planner.pt --leflow-stats leflow/reacher/action_stats.json --gdm-ckpt gdm_reacher_s10.pt --gdm-steps 4 --accept-tau 0.106 --sg-steps 10 --cstar-route --source local --local-dir encoder_reacher --h5 "$REACHER_H5" --device cuda --num-eval 128 --seed 48 --cem-seed 48 --episodes-file episodes/reacher_c2222.ep100.s2222.json --goal-offset 50 --eval-budget 100
351	reacher	leflow_router_tauown	50	49	logs/rbV_reacher_leflow_router_tauown_t50_seed49.log	python -m surveyor.envs.reacher.eval --subgoal leflow+surveyor --leflow-ckpt leflow/reacher/latent_planner.pt --leflow-stats leflow/reacher/action_stats.json --gdm-ckpt gdm_reacher_s10.pt --gdm-steps 4 --accept-tau 0.106 --sg-steps 10 --cstar-route --source local --local-dir encoder_reacher --h5 "$REACHER_H5" --device cuda --num-eval 128 --seed 49 --cem-seed 49 --episodes-file episodes/reacher_c2222.ep100.s2222.json --goal-offset 50 --eval-budget 100
352	reacher	leflow_router_tauown	100	42	logs/rbV_reacher_leflow_router_tauown_t100_seed42.log	python -m surveyor.envs.reacher.eval --subgoal leflow+surveyor --leflow-ckpt leflow/reacher/latent_planner.pt --leflow-stats leflow/reacher/action_stats.json --gdm-ckpt gdm_reacher_s10.pt --gdm-steps 4 --accept-tau 0.106 --sg-steps 10 --cstar-route --source local --local-dir encoder_reacher --h5 "$REACHER_H5" --device cuda --num-eval 128 --seed 42 --cem-seed 42 --episodes-file episodes/reacher_c2222.ep100.s2222.json --goal-offset 100 --eval-budget 200
353	reacher	leflow_router_tauown	100	43	logs/rbV_reacher_leflow_router_tauown_t100_seed43.log	python -m surveyor.envs.reacher.eval --subgoal leflow+surveyor --leflow-ckpt leflow/reacher/latent_planner.pt --leflow-stats leflow/reacher/action_stats.json --gdm-ckpt gdm_reacher_s10.pt --gdm-steps 4 --accept-tau 0.106 --sg-steps 10 --cstar-route --source local --local-dir encoder_reacher --h5 "$REACHER_H5" --device cuda --num-eval 128 --seed 43 --cem-seed 43 --episodes-file episodes/reacher_c2222.ep100.s2222.json --goal-offset 100 --eval-budget 200
354	reacher	leflow_router_tauown	100	44	logs/rbV_reacher_leflow_router_tauown_t100_seed44.log	python -m surveyor.envs.reacher.eval --subgoal leflow+surveyor --leflow-ckpt leflow/reacher/latent_planner.pt --leflow-stats leflow/reacher/action_stats.json --gdm-ckpt gdm_reacher_s10.pt --gdm-steps 4 --accept-tau 0.106 --sg-steps 10 --cstar-route --source local --local-dir encoder_reacher --h5 "$REACHER_H5" --device cuda --num-eval 128 --seed 44 --cem-seed 44 --episodes-file episodes/reacher_c2222.ep100.s2222.json --goal-offset 100 --eval-budget 200
355	reacher	leflow_router_tauown	100	45	logs/rbV_reacher_leflow_router_tauown_t100_seed45.log	python -m surveyor.envs.reacher.eval --subgoal leflow+surveyor --leflow-ckpt leflow/reacher/latent_planner.pt --leflow-stats leflow/reacher/action_stats.json --gdm-ckpt gdm_reacher_s10.pt --gdm-steps 4 --accept-tau 0.106 --sg-steps 10 --cstar-route --source local --local-dir encoder_reacher --h5 "$REACHER_H5" --device cuda --num-eval 128 --seed 45 --cem-seed 45 --episodes-file episodes/reacher_c2222.ep100.s2222.json --goal-offset 100 --eval-budget 200
356	reacher	leflow_router_tauown	100	46	logs/rbV_reacher_leflow_router_tauown_t100_seed46.log	python -m surveyor.envs.reacher.eval --subgoal leflow+surveyor --leflow-ckpt leflow/reacher/latent_planner.pt --leflow-stats leflow/reacher/action_stats.json --gdm-ckpt gdm_reacher_s10.pt --gdm-steps 4 --accept-tau 0.106 --sg-steps 10 --cstar-route --source local --local-dir encoder_reacher --h5 "$REACHER_H5" --device cuda --num-eval 128 --seed 46 --cem-seed 46 --episodes-file episodes/reacher_c2222.ep100.s2222.json --goal-offset 100 --eval-budget 200
357	reacher	leflow_router_tauown	100	47	logs/rbV_reacher_leflow_router_tauown_t100_seed47.log	python -m surveyor.envs.reacher.eval --subgoal leflow+surveyor --leflow-ckpt leflow/reacher/latent_planner.pt --leflow-stats leflow/reacher/action_stats.json --gdm-ckpt gdm_reacher_s10.pt --gdm-steps 4 --accept-tau 0.106 --sg-steps 10 --cstar-route --source local --local-dir encoder_reacher --h5 "$REACHER_H5" --device cuda --num-eval 128 --seed 47 --cem-seed 47 --episodes-file episodes/reacher_c2222.ep100.s2222.json --goal-offset 100 --eval-budget 200
358	reacher	leflow_router_tauown	100	48	logs/rbV_reacher_leflow_router_tauown_t100_seed48.log	python -m surveyor.envs.reacher.eval --subgoal leflow+surveyor --leflow-ckpt leflow/reacher/latent_planner.pt --leflow-stats leflow/reacher/action_stats.json --gdm-ckpt gdm_reacher_s10.pt --gdm-steps 4 --accept-tau 0.106 --sg-steps 10 --cstar-route --source local --local-dir encoder_reacher --h5 "$REACHER_H5" --device cuda --num-eval 128 --seed 48 --cem-seed 48 --episodes-file episodes/reacher_c2222.ep100.s2222.json --goal-offset 100 --eval-budget 200
359	reacher	leflow_router_tauown	100	49	logs/rbV_reacher_leflow_router_tauown_t100_seed49.log	python -m surveyor.envs.reacher.eval --subgoal leflow+surveyor --leflow-ckpt leflow/reacher/latent_planner.pt --leflow-stats leflow/reacher/action_stats.json --gdm-ckpt gdm_reacher_s10.pt --gdm-steps 4 --accept-tau 0.106 --sg-steps 10 --cstar-route --source local --local-dir encoder_reacher --h5 "$REACHER_H5" --device cuda --num-eval 128 --seed 49 --cem-seed 49 --episodes-file episodes/reacher_c2222.ep100.s2222.json --goal-offset 100 --eval-budget 200
360	reacher	leflow_router_tauown	150	42	logs/rbV_reacher_leflow_router_tauown_t150_seed42.log	python -m surveyor.envs.reacher.eval --subgoal leflow+surveyor --leflow-ckpt leflow/reacher/latent_planner.pt --leflow-stats leflow/reacher/action_stats.json --gdm-ckpt gdm_reacher_s10.pt --gdm-steps 4 --accept-tau 0.106 --sg-steps 10 --cstar-route --source local --local-dir encoder_reacher --h5 "$REACHER_H5" --device cuda --num-eval 128 --seed 42 --cem-seed 42 --episodes-file episodes/reacher_c2222.ep150.s2222.json --goal-offset 150 --eval-budget 300
361	reacher	leflow_router_tauown	150	43	logs/rbV_reacher_leflow_router_tauown_t150_seed43.log	python -m surveyor.envs.reacher.eval --subgoal leflow+surveyor --leflow-ckpt leflow/reacher/latent_planner.pt --leflow-stats leflow/reacher/action_stats.json --gdm-ckpt gdm_reacher_s10.pt --gdm-steps 4 --accept-tau 0.106 --sg-steps 10 --cstar-route --source local --local-dir encoder_reacher --h5 "$REACHER_H5" --device cuda --num-eval 128 --seed 43 --cem-seed 43 --episodes-file episodes/reacher_c2222.ep150.s2222.json --goal-offset 150 --eval-budget 300
362	reacher	leflow_router_tauown	150	44	logs/rbV_reacher_leflow_router_tauown_t150_seed44.log	python -m surveyor.envs.reacher.eval --subgoal leflow+surveyor --leflow-ckpt leflow/reacher/latent_planner.pt --leflow-stats leflow/reacher/action_stats.json --gdm-ckpt gdm_reacher_s10.pt --gdm-steps 4 --accept-tau 0.106 --sg-steps 10 --cstar-route --source local --local-dir encoder_reacher --h5 "$REACHER_H5" --device cuda --num-eval 128 --seed 44 --cem-seed 44 --episodes-file episodes/reacher_c2222.ep150.s2222.json --goal-offset 150 --eval-budget 300
363	reacher	leflow_router_tauown	150	45	logs/rbV_reacher_leflow_router_tauown_t150_seed45.log	python -m surveyor.envs.reacher.eval --subgoal leflow+surveyor --leflow-ckpt leflow/reacher/latent_planner.pt --leflow-stats leflow/reacher/action_stats.json --gdm-ckpt gdm_reacher_s10.pt --gdm-steps 4 --accept-tau 0.106 --sg-steps 10 --cstar-route --source local --local-dir encoder_reacher --h5 "$REACHER_H5" --device cuda --num-eval 128 --seed 45 --cem-seed 45 --episodes-file episodes/reacher_c2222.ep150.s2222.json --goal-offset 150 --eval-budget 300
364	reacher	leflow_router_tauown	150	46	logs/rbV_reacher_leflow_router_tauown_t150_seed46.log	python -m surveyor.envs.reacher.eval --subgoal leflow+surveyor --leflow-ckpt leflow/reacher/latent_planner.pt --leflow-stats leflow/reacher/action_stats.json --gdm-ckpt gdm_reacher_s10.pt --gdm-steps 4 --accept-tau 0.106 --sg-steps 10 --cstar-route --source local --local-dir encoder_reacher --h5 "$REACHER_H5" --device cuda --num-eval 128 --seed 46 --cem-seed 46 --episodes-file episodes/reacher_c2222.ep150.s2222.json --goal-offset 150 --eval-budget 300
365	reacher	leflow_router_tauown	150	47	logs/rbV_reacher_leflow_router_tauown_t150_seed47.log	python -m surveyor.envs.reacher.eval --subgoal leflow+surveyor --leflow-ckpt leflow/reacher/latent_planner.pt --leflow-stats leflow/reacher/action_stats.json --gdm-ckpt gdm_reacher_s10.pt --gdm-steps 4 --accept-tau 0.106 --sg-steps 10 --cstar-route --source local --local-dir encoder_reacher --h5 "$REACHER_H5" --device cuda --num-eval 128 --seed 47 --cem-seed 47 --episodes-file episodes/reacher_c2222.ep150.s2222.json --goal-offset 150 --eval-budget 300
366	reacher	leflow_router_tauown	150	48	logs/rbV_reacher_leflow_router_tauown_t150_seed48.log	python -m surveyor.envs.reacher.eval --subgoal leflow+surveyor --leflow-ckpt leflow/reacher/latent_planner.pt --leflow-stats leflow/reacher/action_stats.json --gdm-ckpt gdm_reacher_s10.pt --gdm-steps 4 --accept-tau 0.106 --sg-steps 10 --cstar-route --source local --local-dir encoder_reacher --h5 "$REACHER_H5" --device cuda --num-eval 128 --seed 48 --cem-seed 48 --episodes-file episodes/reacher_c2222.ep150.s2222.json --goal-offset 150 --eval-budget 300
367	reacher	leflow_router_tauown	150	49	logs/rbV_reacher_leflow_router_tauown_t150_seed49.log	python -m surveyor.envs.reacher.eval --subgoal leflow+surveyor --leflow-ckpt leflow/reacher/latent_planner.pt --leflow-stats leflow/reacher/action_stats.json --gdm-ckpt gdm_reacher_s10.pt --gdm-steps 4 --accept-tau 0.106 --sg-steps 10 --cstar-route --source local --local-dir encoder_reacher --h5 "$REACHER_H5" --device cuda --num-eval 128 --seed 49 --cem-seed 49 --episodes-file episodes/reacher_c2222.ep150.s2222.json --goal-offset 150 --eval-budget 300
368	cube	leflow_accept_tauown	25	42	logs/rbV_cube_leflow_accept_tauown_t25_seed42.log	python -m surveyor.envs.cube.eval --subgoal leflow+surveyor --leflow-ckpt leflow/cube/latent_planner.pt --leflow-stats leflow/cube/action_stats.json --gdm-ckpt gdm_cube_s10_gc.pt --gdm-steps 3 --accept-tau 0.794 --sg-steps 10 --source pretrained --encoder-id quentinll/lewm-cube --h5 "$CUBE_H5" --device cuda --goal-offset 25 --eval-budget 50 --num-eval 128 --seed 42 --cem-seed 42 --episodes-file episodes/cube_c2222.episodes25.json
369	cube	leflow_accept_tauown	25	43	logs/rbV_cube_leflow_accept_tauown_t25_seed43.log	python -m surveyor.envs.cube.eval --subgoal leflow+surveyor --leflow-ckpt leflow/cube/latent_planner.pt --leflow-stats leflow/cube/action_stats.json --gdm-ckpt gdm_cube_s10_gc.pt --gdm-steps 3 --accept-tau 0.794 --sg-steps 10 --source pretrained --encoder-id quentinll/lewm-cube --h5 "$CUBE_H5" --device cuda --goal-offset 25 --eval-budget 50 --num-eval 128 --seed 43 --cem-seed 43 --episodes-file episodes/cube_c2222.episodes25.json
370	cube	leflow_accept_tauown	25	44	logs/rbV_cube_leflow_accept_tauown_t25_seed44.log	python -m surveyor.envs.cube.eval --subgoal leflow+surveyor --leflow-ckpt leflow/cube/latent_planner.pt --leflow-stats leflow/cube/action_stats.json --gdm-ckpt gdm_cube_s10_gc.pt --gdm-steps 3 --accept-tau 0.794 --sg-steps 10 --source pretrained --encoder-id quentinll/lewm-cube --h5 "$CUBE_H5" --device cuda --goal-offset 25 --eval-budget 50 --num-eval 128 --seed 44 --cem-seed 44 --episodes-file episodes/cube_c2222.episodes25.json
371	cube	leflow_accept_tauown	25	45	logs/rbV_cube_leflow_accept_tauown_t25_seed45.log	python -m surveyor.envs.cube.eval --subgoal leflow+surveyor --leflow-ckpt leflow/cube/latent_planner.pt --leflow-stats leflow/cube/action_stats.json --gdm-ckpt gdm_cube_s10_gc.pt --gdm-steps 3 --accept-tau 0.794 --sg-steps 10 --source pretrained --encoder-id quentinll/lewm-cube --h5 "$CUBE_H5" --device cuda --goal-offset 25 --eval-budget 50 --num-eval 128 --seed 45 --cem-seed 45 --episodes-file episodes/cube_c2222.episodes25.json
372	cube	leflow_accept_tauown	25	46	logs/rbV_cube_leflow_accept_tauown_t25_seed46.log	python -m surveyor.envs.cube.eval --subgoal leflow+surveyor --leflow-ckpt leflow/cube/latent_planner.pt --leflow-stats leflow/cube/action_stats.json --gdm-ckpt gdm_cube_s10_gc.pt --gdm-steps 3 --accept-tau 0.794 --sg-steps 10 --source pretrained --encoder-id quentinll/lewm-cube --h5 "$CUBE_H5" --device cuda --goal-offset 25 --eval-budget 50 --num-eval 128 --seed 46 --cem-seed 46 --episodes-file episodes/cube_c2222.episodes25.json
373	cube	leflow_accept_tauown	25	47	logs/rbV_cube_leflow_accept_tauown_t25_seed47.log	python -m surveyor.envs.cube.eval --subgoal leflow+surveyor --leflow-ckpt leflow/cube/latent_planner.pt --leflow-stats leflow/cube/action_stats.json --gdm-ckpt gdm_cube_s10_gc.pt --gdm-steps 3 --accept-tau 0.794 --sg-steps 10 --source pretrained --encoder-id quentinll/lewm-cube --h5 "$CUBE_H5" --device cuda --goal-offset 25 --eval-budget 50 --num-eval 128 --seed 47 --cem-seed 47 --episodes-file episodes/cube_c2222.episodes25.json
374	cube	leflow_accept_tauown	25	48	logs/rbV_cube_leflow_accept_tauown_t25_seed48.log	python -m surveyor.envs.cube.eval --subgoal leflow+surveyor --leflow-ckpt leflow/cube/latent_planner.pt --leflow-stats leflow/cube/action_stats.json --gdm-ckpt gdm_cube_s10_gc.pt --gdm-steps 3 --accept-tau 0.794 --sg-steps 10 --source pretrained --encoder-id quentinll/lewm-cube --h5 "$CUBE_H5" --device cuda --goal-offset 25 --eval-budget 50 --num-eval 128 --seed 48 --cem-seed 48 --episodes-file episodes/cube_c2222.episodes25.json
375	cube	leflow_accept_tauown	25	49	logs/rbV_cube_leflow_accept_tauown_t25_seed49.log	python -m surveyor.envs.cube.eval --subgoal leflow+surveyor --leflow-ckpt leflow/cube/latent_planner.pt --leflow-stats leflow/cube/action_stats.json --gdm-ckpt gdm_cube_s10_gc.pt --gdm-steps 3 --accept-tau 0.794 --sg-steps 10 --source pretrained --encoder-id quentinll/lewm-cube --h5 "$CUBE_H5" --device cuda --goal-offset 25 --eval-budget 50 --num-eval 128 --seed 49 --cem-seed 49 --episodes-file episodes/cube_c2222.episodes25.json
376	cube	leflow_accept_tauown	50	42	logs/rbV_cube_leflow_accept_tauown_t50_seed42.log	python -m surveyor.envs.cube.eval --subgoal leflow+surveyor --leflow-ckpt leflow/cube/latent_planner.pt --leflow-stats leflow/cube/action_stats.json --gdm-ckpt gdm_cube_s10_gc.pt --gdm-steps 3 --accept-tau 0.794 --sg-steps 10 --source pretrained --encoder-id quentinll/lewm-cube --h5 "$CUBE_H5" --device cuda --goal-offset 50 --eval-budget 100 --num-eval 128 --seed 42 --cem-seed 42 --episodes-file episodes/cube_c2222.episodes50.json
377	cube	leflow_accept_tauown	50	43	logs/rbV_cube_leflow_accept_tauown_t50_seed43.log	python -m surveyor.envs.cube.eval --subgoal leflow+surveyor --leflow-ckpt leflow/cube/latent_planner.pt --leflow-stats leflow/cube/action_stats.json --gdm-ckpt gdm_cube_s10_gc.pt --gdm-steps 3 --accept-tau 0.794 --sg-steps 10 --source pretrained --encoder-id quentinll/lewm-cube --h5 "$CUBE_H5" --device cuda --goal-offset 50 --eval-budget 100 --num-eval 128 --seed 43 --cem-seed 43 --episodes-file episodes/cube_c2222.episodes50.json
378	cube	leflow_accept_tauown	50	44	logs/rbV_cube_leflow_accept_tauown_t50_seed44.log	python -m surveyor.envs.cube.eval --subgoal leflow+surveyor --leflow-ckpt leflow/cube/latent_planner.pt --leflow-stats leflow/cube/action_stats.json --gdm-ckpt gdm_cube_s10_gc.pt --gdm-steps 3 --accept-tau 0.794 --sg-steps 10 --source pretrained --encoder-id quentinll/lewm-cube --h5 "$CUBE_H5" --device cuda --goal-offset 50 --eval-budget 100 --num-eval 128 --seed 44 --cem-seed 44 --episodes-file episodes/cube_c2222.episodes50.json
379	cube	leflow_accept_tauown	50	45	logs/rbV_cube_leflow_accept_tauown_t50_seed45.log	python -m surveyor.envs.cube.eval --subgoal leflow+surveyor --leflow-ckpt leflow/cube/latent_planner.pt --leflow-stats leflow/cube/action_stats.json --gdm-ckpt gdm_cube_s10_gc.pt --gdm-steps 3 --accept-tau 0.794 --sg-steps 10 --source pretrained --encoder-id quentinll/lewm-cube --h5 "$CUBE_H5" --device cuda --goal-offset 50 --eval-budget 100 --num-eval 128 --seed 45 --cem-seed 45 --episodes-file episodes/cube_c2222.episodes50.json
380	cube	leflow_accept_tauown	50	46	logs/rbV_cube_leflow_accept_tauown_t50_seed46.log	python -m surveyor.envs.cube.eval --subgoal leflow+surveyor --leflow-ckpt leflow/cube/latent_planner.pt --leflow-stats leflow/cube/action_stats.json --gdm-ckpt gdm_cube_s10_gc.pt --gdm-steps 3 --accept-tau 0.794 --sg-steps 10 --source pretrained --encoder-id quentinll/lewm-cube --h5 "$CUBE_H5" --device cuda --goal-offset 50 --eval-budget 100 --num-eval 128 --seed 46 --cem-seed 46 --episodes-file episodes/cube_c2222.episodes50.json
381	cube	leflow_accept_tauown	50	47	logs/rbV_cube_leflow_accept_tauown_t50_seed47.log	python -m surveyor.envs.cube.eval --subgoal leflow+surveyor --leflow-ckpt leflow/cube/latent_planner.pt --leflow-stats leflow/cube/action_stats.json --gdm-ckpt gdm_cube_s10_gc.pt --gdm-steps 3 --accept-tau 0.794 --sg-steps 10 --source pretrained --encoder-id quentinll/lewm-cube --h5 "$CUBE_H5" --device cuda --goal-offset 50 --eval-budget 100 --num-eval 128 --seed 47 --cem-seed 47 --episodes-file episodes/cube_c2222.episodes50.json
382	cube	leflow_accept_tauown	50	48	logs/rbV_cube_leflow_accept_tauown_t50_seed48.log	python -m surveyor.envs.cube.eval --subgoal leflow+surveyor --leflow-ckpt leflow/cube/latent_planner.pt --leflow-stats leflow/cube/action_stats.json --gdm-ckpt gdm_cube_s10_gc.pt --gdm-steps 3 --accept-tau 0.794 --sg-steps 10 --source pretrained --encoder-id quentinll/lewm-cube --h5 "$CUBE_H5" --device cuda --goal-offset 50 --eval-budget 100 --num-eval 128 --seed 48 --cem-seed 48 --episodes-file episodes/cube_c2222.episodes50.json
383	cube	leflow_accept_tauown	50	49	logs/rbV_cube_leflow_accept_tauown_t50_seed49.log	python -m surveyor.envs.cube.eval --subgoal leflow+surveyor --leflow-ckpt leflow/cube/latent_planner.pt --leflow-stats leflow/cube/action_stats.json --gdm-ckpt gdm_cube_s10_gc.pt --gdm-steps 3 --accept-tau 0.794 --sg-steps 10 --source pretrained --encoder-id quentinll/lewm-cube --h5 "$CUBE_H5" --device cuda --goal-offset 50 --eval-budget 100 --num-eval 128 --seed 49 --cem-seed 49 --episodes-file episodes/cube_c2222.episodes50.json
384	cube	leflow_accept_tauown	75	42	logs/rbV_cube_leflow_accept_tauown_t75_seed42.log	python -m surveyor.envs.cube.eval --subgoal leflow+surveyor --leflow-ckpt leflow/cube/latent_planner.pt --leflow-stats leflow/cube/action_stats.json --gdm-ckpt gdm_cube_s10_gc.pt --gdm-steps 3 --accept-tau 0.794 --sg-steps 10 --source pretrained --encoder-id quentinll/lewm-cube --h5 "$CUBE_H5" --device cuda --goal-offset 75 --eval-budget 150 --num-eval 128 --seed 42 --cem-seed 42 --episodes-file episodes/cube_c2222.episodes75.json
385	cube	leflow_accept_tauown	75	43	logs/rbV_cube_leflow_accept_tauown_t75_seed43.log	python -m surveyor.envs.cube.eval --subgoal leflow+surveyor --leflow-ckpt leflow/cube/latent_planner.pt --leflow-stats leflow/cube/action_stats.json --gdm-ckpt gdm_cube_s10_gc.pt --gdm-steps 3 --accept-tau 0.794 --sg-steps 10 --source pretrained --encoder-id quentinll/lewm-cube --h5 "$CUBE_H5" --device cuda --goal-offset 75 --eval-budget 150 --num-eval 128 --seed 43 --cem-seed 43 --episodes-file episodes/cube_c2222.episodes75.json
386	cube	leflow_accept_tauown	75	44	logs/rbV_cube_leflow_accept_tauown_t75_seed44.log	python -m surveyor.envs.cube.eval --subgoal leflow+surveyor --leflow-ckpt leflow/cube/latent_planner.pt --leflow-stats leflow/cube/action_stats.json --gdm-ckpt gdm_cube_s10_gc.pt --gdm-steps 3 --accept-tau 0.794 --sg-steps 10 --source pretrained --encoder-id quentinll/lewm-cube --h5 "$CUBE_H5" --device cuda --goal-offset 75 --eval-budget 150 --num-eval 128 --seed 44 --cem-seed 44 --episodes-file episodes/cube_c2222.episodes75.json
387	cube	leflow_accept_tauown	75	45	logs/rbV_cube_leflow_accept_tauown_t75_seed45.log	python -m surveyor.envs.cube.eval --subgoal leflow+surveyor --leflow-ckpt leflow/cube/latent_planner.pt --leflow-stats leflow/cube/action_stats.json --gdm-ckpt gdm_cube_s10_gc.pt --gdm-steps 3 --accept-tau 0.794 --sg-steps 10 --source pretrained --encoder-id quentinll/lewm-cube --h5 "$CUBE_H5" --device cuda --goal-offset 75 --eval-budget 150 --num-eval 128 --seed 45 --cem-seed 45 --episodes-file episodes/cube_c2222.episodes75.json
388	cube	leflow_accept_tauown	75	46	logs/rbV_cube_leflow_accept_tauown_t75_seed46.log	python -m surveyor.envs.cube.eval --subgoal leflow+surveyor --leflow-ckpt leflow/cube/latent_planner.pt --leflow-stats leflow/cube/action_stats.json --gdm-ckpt gdm_cube_s10_gc.pt --gdm-steps 3 --accept-tau 0.794 --sg-steps 10 --source pretrained --encoder-id quentinll/lewm-cube --h5 "$CUBE_H5" --device cuda --goal-offset 75 --eval-budget 150 --num-eval 128 --seed 46 --cem-seed 46 --episodes-file episodes/cube_c2222.episodes75.json
389	cube	leflow_accept_tauown	75	47	logs/rbV_cube_leflow_accept_tauown_t75_seed47.log	python -m surveyor.envs.cube.eval --subgoal leflow+surveyor --leflow-ckpt leflow/cube/latent_planner.pt --leflow-stats leflow/cube/action_stats.json --gdm-ckpt gdm_cube_s10_gc.pt --gdm-steps 3 --accept-tau 0.794 --sg-steps 10 --source pretrained --encoder-id quentinll/lewm-cube --h5 "$CUBE_H5" --device cuda --goal-offset 75 --eval-budget 150 --num-eval 128 --seed 47 --cem-seed 47 --episodes-file episodes/cube_c2222.episodes75.json
390	cube	leflow_accept_tauown	75	48	logs/rbV_cube_leflow_accept_tauown_t75_seed48.log	python -m surveyor.envs.cube.eval --subgoal leflow+surveyor --leflow-ckpt leflow/cube/latent_planner.pt --leflow-stats leflow/cube/action_stats.json --gdm-ckpt gdm_cube_s10_gc.pt --gdm-steps 3 --accept-tau 0.794 --sg-steps 10 --source pretrained --encoder-id quentinll/lewm-cube --h5 "$CUBE_H5" --device cuda --goal-offset 75 --eval-budget 150 --num-eval 128 --seed 48 --cem-seed 48 --episodes-file episodes/cube_c2222.episodes75.json
391	cube	leflow_accept_tauown	75	49	logs/rbV_cube_leflow_accept_tauown_t75_seed49.log	python -m surveyor.envs.cube.eval --subgoal leflow+surveyor --leflow-ckpt leflow/cube/latent_planner.pt --leflow-stats leflow/cube/action_stats.json --gdm-ckpt gdm_cube_s10_gc.pt --gdm-steps 3 --accept-tau 0.794 --sg-steps 10 --source pretrained --encoder-id quentinll/lewm-cube --h5 "$CUBE_H5" --device cuda --goal-offset 75 --eval-budget 150 --num-eval 128 --seed 49 --cem-seed 49 --episodes-file episodes/cube_c2222.episodes75.json
392	cube	leflow_accept_tauown	100	42	logs/rbV_cube_leflow_accept_tauown_t100_seed42.log	python -m surveyor.envs.cube.eval --subgoal leflow+surveyor --leflow-ckpt leflow/cube/latent_planner.pt --leflow-stats leflow/cube/action_stats.json --gdm-ckpt gdm_cube_s10_gc.pt --gdm-steps 3 --accept-tau 0.794 --sg-steps 10 --source pretrained --encoder-id quentinll/lewm-cube --h5 "$CUBE_H5" --device cuda --goal-offset 100 --eval-budget 200 --num-eval 128 --seed 42 --cem-seed 42 --episodes-file episodes/cube_c2222.episodes100.json
393	cube	leflow_accept_tauown	100	43	logs/rbV_cube_leflow_accept_tauown_t100_seed43.log	python -m surveyor.envs.cube.eval --subgoal leflow+surveyor --leflow-ckpt leflow/cube/latent_planner.pt --leflow-stats leflow/cube/action_stats.json --gdm-ckpt gdm_cube_s10_gc.pt --gdm-steps 3 --accept-tau 0.794 --sg-steps 10 --source pretrained --encoder-id quentinll/lewm-cube --h5 "$CUBE_H5" --device cuda --goal-offset 100 --eval-budget 200 --num-eval 128 --seed 43 --cem-seed 43 --episodes-file episodes/cube_c2222.episodes100.json
394	cube	leflow_accept_tauown	100	44	logs/rbV_cube_leflow_accept_tauown_t100_seed44.log	python -m surveyor.envs.cube.eval --subgoal leflow+surveyor --leflow-ckpt leflow/cube/latent_planner.pt --leflow-stats leflow/cube/action_stats.json --gdm-ckpt gdm_cube_s10_gc.pt --gdm-steps 3 --accept-tau 0.794 --sg-steps 10 --source pretrained --encoder-id quentinll/lewm-cube --h5 "$CUBE_H5" --device cuda --goal-offset 100 --eval-budget 200 --num-eval 128 --seed 44 --cem-seed 44 --episodes-file episodes/cube_c2222.episodes100.json
395	cube	leflow_accept_tauown	100	45	logs/rbV_cube_leflow_accept_tauown_t100_seed45.log	python -m surveyor.envs.cube.eval --subgoal leflow+surveyor --leflow-ckpt leflow/cube/latent_planner.pt --leflow-stats leflow/cube/action_stats.json --gdm-ckpt gdm_cube_s10_gc.pt --gdm-steps 3 --accept-tau 0.794 --sg-steps 10 --source pretrained --encoder-id quentinll/lewm-cube --h5 "$CUBE_H5" --device cuda --goal-offset 100 --eval-budget 200 --num-eval 128 --seed 45 --cem-seed 45 --episodes-file episodes/cube_c2222.episodes100.json
396	cube	leflow_accept_tauown	100	46	logs/rbV_cube_leflow_accept_tauown_t100_seed46.log	python -m surveyor.envs.cube.eval --subgoal leflow+surveyor --leflow-ckpt leflow/cube/latent_planner.pt --leflow-stats leflow/cube/action_stats.json --gdm-ckpt gdm_cube_s10_gc.pt --gdm-steps 3 --accept-tau 0.794 --sg-steps 10 --source pretrained --encoder-id quentinll/lewm-cube --h5 "$CUBE_H5" --device cuda --goal-offset 100 --eval-budget 200 --num-eval 128 --seed 46 --cem-seed 46 --episodes-file episodes/cube_c2222.episodes100.json
397	cube	leflow_accept_tauown	100	47	logs/rbV_cube_leflow_accept_tauown_t100_seed47.log	python -m surveyor.envs.cube.eval --subgoal leflow+surveyor --leflow-ckpt leflow/cube/latent_planner.pt --leflow-stats leflow/cube/action_stats.json --gdm-ckpt gdm_cube_s10_gc.pt --gdm-steps 3 --accept-tau 0.794 --sg-steps 10 --source pretrained --encoder-id quentinll/lewm-cube --h5 "$CUBE_H5" --device cuda --goal-offset 100 --eval-budget 200 --num-eval 128 --seed 47 --cem-seed 47 --episodes-file episodes/cube_c2222.episodes100.json
398	cube	leflow_accept_tauown	100	48	logs/rbV_cube_leflow_accept_tauown_t100_seed48.log	python -m surveyor.envs.cube.eval --subgoal leflow+surveyor --leflow-ckpt leflow/cube/latent_planner.pt --leflow-stats leflow/cube/action_stats.json --gdm-ckpt gdm_cube_s10_gc.pt --gdm-steps 3 --accept-tau 0.794 --sg-steps 10 --source pretrained --encoder-id quentinll/lewm-cube --h5 "$CUBE_H5" --device cuda --goal-offset 100 --eval-budget 200 --num-eval 128 --seed 48 --cem-seed 48 --episodes-file episodes/cube_c2222.episodes100.json
399	cube	leflow_accept_tauown	100	49	logs/rbV_cube_leflow_accept_tauown_t100_seed49.log	python -m surveyor.envs.cube.eval --subgoal leflow+surveyor --leflow-ckpt leflow/cube/latent_planner.pt --leflow-stats leflow/cube/action_stats.json --gdm-ckpt gdm_cube_s10_gc.pt --gdm-steps 3 --accept-tau 0.794 --sg-steps 10 --source pretrained --encoder-id quentinll/lewm-cube --h5 "$CUBE_H5" --device cuda --goal-offset 100 --eval-budget 200 --num-eval 128 --seed 49 --cem-seed 49 --episodes-file episodes/cube_c2222.episodes100.json
400	cube	leflow_accept_tauown	150	42	logs/rbV_cube_leflow_accept_tauown_t150_seed42.log	python -m surveyor.envs.cube.eval --subgoal leflow+surveyor --leflow-ckpt leflow/cube/latent_planner.pt --leflow-stats leflow/cube/action_stats.json --gdm-ckpt gdm_cube_s10_gc.pt --gdm-steps 3 --accept-tau 0.794 --sg-steps 10 --source pretrained --encoder-id quentinll/lewm-cube --h5 "$CUBE_H5" --device cuda --goal-offset 150 --eval-budget 300 --num-eval 128 --seed 42 --cem-seed 42 --episodes-file episodes/cube_c2222.episodes150.json
401	cube	leflow_accept_tauown	150	43	logs/rbV_cube_leflow_accept_tauown_t150_seed43.log	python -m surveyor.envs.cube.eval --subgoal leflow+surveyor --leflow-ckpt leflow/cube/latent_planner.pt --leflow-stats leflow/cube/action_stats.json --gdm-ckpt gdm_cube_s10_gc.pt --gdm-steps 3 --accept-tau 0.794 --sg-steps 10 --source pretrained --encoder-id quentinll/lewm-cube --h5 "$CUBE_H5" --device cuda --goal-offset 150 --eval-budget 300 --num-eval 128 --seed 43 --cem-seed 43 --episodes-file episodes/cube_c2222.episodes150.json
402	cube	leflow_accept_tauown	150	44	logs/rbV_cube_leflow_accept_tauown_t150_seed44.log	python -m surveyor.envs.cube.eval --subgoal leflow+surveyor --leflow-ckpt leflow/cube/latent_planner.pt --leflow-stats leflow/cube/action_stats.json --gdm-ckpt gdm_cube_s10_gc.pt --gdm-steps 3 --accept-tau 0.794 --sg-steps 10 --source pretrained --encoder-id quentinll/lewm-cube --h5 "$CUBE_H5" --device cuda --goal-offset 150 --eval-budget 300 --num-eval 128 --seed 44 --cem-seed 44 --episodes-file episodes/cube_c2222.episodes150.json
403	cube	leflow_accept_tauown	150	45	logs/rbV_cube_leflow_accept_tauown_t150_seed45.log	python -m surveyor.envs.cube.eval --subgoal leflow+surveyor --leflow-ckpt leflow/cube/latent_planner.pt --leflow-stats leflow/cube/action_stats.json --gdm-ckpt gdm_cube_s10_gc.pt --gdm-steps 3 --accept-tau 0.794 --sg-steps 10 --source pretrained --encoder-id quentinll/lewm-cube --h5 "$CUBE_H5" --device cuda --goal-offset 150 --eval-budget 300 --num-eval 128 --seed 45 --cem-seed 45 --episodes-file episodes/cube_c2222.episodes150.json
404	cube	leflow_accept_tauown	150	46	logs/rbV_cube_leflow_accept_tauown_t150_seed46.log	python -m surveyor.envs.cube.eval --subgoal leflow+surveyor --leflow-ckpt leflow/cube/latent_planner.pt --leflow-stats leflow/cube/action_stats.json --gdm-ckpt gdm_cube_s10_gc.pt --gdm-steps 3 --accept-tau 0.794 --sg-steps 10 --source pretrained --encoder-id quentinll/lewm-cube --h5 "$CUBE_H5" --device cuda --goal-offset 150 --eval-budget 300 --num-eval 128 --seed 46 --cem-seed 46 --episodes-file episodes/cube_c2222.episodes150.json
405	cube	leflow_accept_tauown	150	47	logs/rbV_cube_leflow_accept_tauown_t150_seed47.log	python -m surveyor.envs.cube.eval --subgoal leflow+surveyor --leflow-ckpt leflow/cube/latent_planner.pt --leflow-stats leflow/cube/action_stats.json --gdm-ckpt gdm_cube_s10_gc.pt --gdm-steps 3 --accept-tau 0.794 --sg-steps 10 --source pretrained --encoder-id quentinll/lewm-cube --h5 "$CUBE_H5" --device cuda --goal-offset 150 --eval-budget 300 --num-eval 128 --seed 47 --cem-seed 47 --episodes-file episodes/cube_c2222.episodes150.json
406	cube	leflow_accept_tauown	150	48	logs/rbV_cube_leflow_accept_tauown_t150_seed48.log	python -m surveyor.envs.cube.eval --subgoal leflow+surveyor --leflow-ckpt leflow/cube/latent_planner.pt --leflow-stats leflow/cube/action_stats.json --gdm-ckpt gdm_cube_s10_gc.pt --gdm-steps 3 --accept-tau 0.794 --sg-steps 10 --source pretrained --encoder-id quentinll/lewm-cube --h5 "$CUBE_H5" --device cuda --goal-offset 150 --eval-budget 300 --num-eval 128 --seed 48 --cem-seed 48 --episodes-file episodes/cube_c2222.episodes150.json
407	cube	leflow_accept_tauown	150	49	logs/rbV_cube_leflow_accept_tauown_t150_seed49.log	python -m surveyor.envs.cube.eval --subgoal leflow+surveyor --leflow-ckpt leflow/cube/latent_planner.pt --leflow-stats leflow/cube/action_stats.json --gdm-ckpt gdm_cube_s10_gc.pt --gdm-steps 3 --accept-tau 0.794 --sg-steps 10 --source pretrained --encoder-id quentinll/lewm-cube --h5 "$CUBE_H5" --device cuda --goal-offset 150 --eval-budget 300 --num-eval 128 --seed 49 --cem-seed 49 --episodes-file episodes/cube_c2222.episodes150.json
408	cube	leflow_router_tauown	25	42	logs/rbV_cube_leflow_router_tauown_t25_seed42.log	python -m surveyor.envs.cube.eval --subgoal leflow+surveyor --leflow-ckpt leflow/cube/latent_planner.pt --leflow-stats leflow/cube/action_stats.json --gdm-ckpt gdm_cube_s10_gc.pt --gdm-steps 3 --accept-tau 0.794 --sg-steps 10 --cstar-route --source pretrained --encoder-id quentinll/lewm-cube --h5 "$CUBE_H5" --device cuda --goal-offset 25 --eval-budget 50 --num-eval 128 --seed 42 --cem-seed 42 --episodes-file episodes/cube_c2222.episodes25.json
409	cube	leflow_router_tauown	25	43	logs/rbV_cube_leflow_router_tauown_t25_seed43.log	python -m surveyor.envs.cube.eval --subgoal leflow+surveyor --leflow-ckpt leflow/cube/latent_planner.pt --leflow-stats leflow/cube/action_stats.json --gdm-ckpt gdm_cube_s10_gc.pt --gdm-steps 3 --accept-tau 0.794 --sg-steps 10 --cstar-route --source pretrained --encoder-id quentinll/lewm-cube --h5 "$CUBE_H5" --device cuda --goal-offset 25 --eval-budget 50 --num-eval 128 --seed 43 --cem-seed 43 --episodes-file episodes/cube_c2222.episodes25.json
410	cube	leflow_router_tauown	25	44	logs/rbV_cube_leflow_router_tauown_t25_seed44.log	python -m surveyor.envs.cube.eval --subgoal leflow+surveyor --leflow-ckpt leflow/cube/latent_planner.pt --leflow-stats leflow/cube/action_stats.json --gdm-ckpt gdm_cube_s10_gc.pt --gdm-steps 3 --accept-tau 0.794 --sg-steps 10 --cstar-route --source pretrained --encoder-id quentinll/lewm-cube --h5 "$CUBE_H5" --device cuda --goal-offset 25 --eval-budget 50 --num-eval 128 --seed 44 --cem-seed 44 --episodes-file episodes/cube_c2222.episodes25.json
411	cube	leflow_router_tauown	25	45	logs/rbV_cube_leflow_router_tauown_t25_seed45.log	python -m surveyor.envs.cube.eval --subgoal leflow+surveyor --leflow-ckpt leflow/cube/latent_planner.pt --leflow-stats leflow/cube/action_stats.json --gdm-ckpt gdm_cube_s10_gc.pt --gdm-steps 3 --accept-tau 0.794 --sg-steps 10 --cstar-route --source pretrained --encoder-id quentinll/lewm-cube --h5 "$CUBE_H5" --device cuda --goal-offset 25 --eval-budget 50 --num-eval 128 --seed 45 --cem-seed 45 --episodes-file episodes/cube_c2222.episodes25.json
412	cube	leflow_router_tauown	25	46	logs/rbV_cube_leflow_router_tauown_t25_seed46.log	python -m surveyor.envs.cube.eval --subgoal leflow+surveyor --leflow-ckpt leflow/cube/latent_planner.pt --leflow-stats leflow/cube/action_stats.json --gdm-ckpt gdm_cube_s10_gc.pt --gdm-steps 3 --accept-tau 0.794 --sg-steps 10 --cstar-route --source pretrained --encoder-id quentinll/lewm-cube --h5 "$CUBE_H5" --device cuda --goal-offset 25 --eval-budget 50 --num-eval 128 --seed 46 --cem-seed 46 --episodes-file episodes/cube_c2222.episodes25.json
413	cube	leflow_router_tauown	25	47	logs/rbV_cube_leflow_router_tauown_t25_seed47.log	python -m surveyor.envs.cube.eval --subgoal leflow+surveyor --leflow-ckpt leflow/cube/latent_planner.pt --leflow-stats leflow/cube/action_stats.json --gdm-ckpt gdm_cube_s10_gc.pt --gdm-steps 3 --accept-tau 0.794 --sg-steps 10 --cstar-route --source pretrained --encoder-id quentinll/lewm-cube --h5 "$CUBE_H5" --device cuda --goal-offset 25 --eval-budget 50 --num-eval 128 --seed 47 --cem-seed 47 --episodes-file episodes/cube_c2222.episodes25.json
414	cube	leflow_router_tauown	25	48	logs/rbV_cube_leflow_router_tauown_t25_seed48.log	python -m surveyor.envs.cube.eval --subgoal leflow+surveyor --leflow-ckpt leflow/cube/latent_planner.pt --leflow-stats leflow/cube/action_stats.json --gdm-ckpt gdm_cube_s10_gc.pt --gdm-steps 3 --accept-tau 0.794 --sg-steps 10 --cstar-route --source pretrained --encoder-id quentinll/lewm-cube --h5 "$CUBE_H5" --device cuda --goal-offset 25 --eval-budget 50 --num-eval 128 --seed 48 --cem-seed 48 --episodes-file episodes/cube_c2222.episodes25.json
415	cube	leflow_router_tauown	25	49	logs/rbV_cube_leflow_router_tauown_t25_seed49.log	python -m surveyor.envs.cube.eval --subgoal leflow+surveyor --leflow-ckpt leflow/cube/latent_planner.pt --leflow-stats leflow/cube/action_stats.json --gdm-ckpt gdm_cube_s10_gc.pt --gdm-steps 3 --accept-tau 0.794 --sg-steps 10 --cstar-route --source pretrained --encoder-id quentinll/lewm-cube --h5 "$CUBE_H5" --device cuda --goal-offset 25 --eval-budget 50 --num-eval 128 --seed 49 --cem-seed 49 --episodes-file episodes/cube_c2222.episodes25.json
416	cube	leflow_router_tauown	50	42	logs/rbV_cube_leflow_router_tauown_t50_seed42.log	python -m surveyor.envs.cube.eval --subgoal leflow+surveyor --leflow-ckpt leflow/cube/latent_planner.pt --leflow-stats leflow/cube/action_stats.json --gdm-ckpt gdm_cube_s10_gc.pt --gdm-steps 3 --accept-tau 0.794 --sg-steps 10 --cstar-route --source pretrained --encoder-id quentinll/lewm-cube --h5 "$CUBE_H5" --device cuda --goal-offset 50 --eval-budget 100 --num-eval 128 --seed 42 --cem-seed 42 --episodes-file episodes/cube_c2222.episodes50.json
417	cube	leflow_router_tauown	50	43	logs/rbV_cube_leflow_router_tauown_t50_seed43.log	python -m surveyor.envs.cube.eval --subgoal leflow+surveyor --leflow-ckpt leflow/cube/latent_planner.pt --leflow-stats leflow/cube/action_stats.json --gdm-ckpt gdm_cube_s10_gc.pt --gdm-steps 3 --accept-tau 0.794 --sg-steps 10 --cstar-route --source pretrained --encoder-id quentinll/lewm-cube --h5 "$CUBE_H5" --device cuda --goal-offset 50 --eval-budget 100 --num-eval 128 --seed 43 --cem-seed 43 --episodes-file episodes/cube_c2222.episodes50.json
418	cube	leflow_router_tauown	50	44	logs/rbV_cube_leflow_router_tauown_t50_seed44.log	python -m surveyor.envs.cube.eval --subgoal leflow+surveyor --leflow-ckpt leflow/cube/latent_planner.pt --leflow-stats leflow/cube/action_stats.json --gdm-ckpt gdm_cube_s10_gc.pt --gdm-steps 3 --accept-tau 0.794 --sg-steps 10 --cstar-route --source pretrained --encoder-id quentinll/lewm-cube --h5 "$CUBE_H5" --device cuda --goal-offset 50 --eval-budget 100 --num-eval 128 --seed 44 --cem-seed 44 --episodes-file episodes/cube_c2222.episodes50.json
419	cube	leflow_router_tauown	50	45	logs/rbV_cube_leflow_router_tauown_t50_seed45.log	python -m surveyor.envs.cube.eval --subgoal leflow+surveyor --leflow-ckpt leflow/cube/latent_planner.pt --leflow-stats leflow/cube/action_stats.json --gdm-ckpt gdm_cube_s10_gc.pt --gdm-steps 3 --accept-tau 0.794 --sg-steps 10 --cstar-route --source pretrained --encoder-id quentinll/lewm-cube --h5 "$CUBE_H5" --device cuda --goal-offset 50 --eval-budget 100 --num-eval 128 --seed 45 --cem-seed 45 --episodes-file episodes/cube_c2222.episodes50.json
420	cube	leflow_router_tauown	50	46	logs/rbV_cube_leflow_router_tauown_t50_seed46.log	python -m surveyor.envs.cube.eval --subgoal leflow+surveyor --leflow-ckpt leflow/cube/latent_planner.pt --leflow-stats leflow/cube/action_stats.json --gdm-ckpt gdm_cube_s10_gc.pt --gdm-steps 3 --accept-tau 0.794 --sg-steps 10 --cstar-route --source pretrained --encoder-id quentinll/lewm-cube --h5 "$CUBE_H5" --device cuda --goal-offset 50 --eval-budget 100 --num-eval 128 --seed 46 --cem-seed 46 --episodes-file episodes/cube_c2222.episodes50.json
421	cube	leflow_router_tauown	50	47	logs/rbV_cube_leflow_router_tauown_t50_seed47.log	python -m surveyor.envs.cube.eval --subgoal leflow+surveyor --leflow-ckpt leflow/cube/latent_planner.pt --leflow-stats leflow/cube/action_stats.json --gdm-ckpt gdm_cube_s10_gc.pt --gdm-steps 3 --accept-tau 0.794 --sg-steps 10 --cstar-route --source pretrained --encoder-id quentinll/lewm-cube --h5 "$CUBE_H5" --device cuda --goal-offset 50 --eval-budget 100 --num-eval 128 --seed 47 --cem-seed 47 --episodes-file episodes/cube_c2222.episodes50.json
422	cube	leflow_router_tauown	50	48	logs/rbV_cube_leflow_router_tauown_t50_seed48.log	python -m surveyor.envs.cube.eval --subgoal leflow+surveyor --leflow-ckpt leflow/cube/latent_planner.pt --leflow-stats leflow/cube/action_stats.json --gdm-ckpt gdm_cube_s10_gc.pt --gdm-steps 3 --accept-tau 0.794 --sg-steps 10 --cstar-route --source pretrained --encoder-id quentinll/lewm-cube --h5 "$CUBE_H5" --device cuda --goal-offset 50 --eval-budget 100 --num-eval 128 --seed 48 --cem-seed 48 --episodes-file episodes/cube_c2222.episodes50.json
423	cube	leflow_router_tauown	50	49	logs/rbV_cube_leflow_router_tauown_t50_seed49.log	python -m surveyor.envs.cube.eval --subgoal leflow+surveyor --leflow-ckpt leflow/cube/latent_planner.pt --leflow-stats leflow/cube/action_stats.json --gdm-ckpt gdm_cube_s10_gc.pt --gdm-steps 3 --accept-tau 0.794 --sg-steps 10 --cstar-route --source pretrained --encoder-id quentinll/lewm-cube --h5 "$CUBE_H5" --device cuda --goal-offset 50 --eval-budget 100 --num-eval 128 --seed 49 --cem-seed 49 --episodes-file episodes/cube_c2222.episodes50.json
424	cube	leflow_router_tauown	75	42	logs/rbV_cube_leflow_router_tauown_t75_seed42.log	python -m surveyor.envs.cube.eval --subgoal leflow+surveyor --leflow-ckpt leflow/cube/latent_planner.pt --leflow-stats leflow/cube/action_stats.json --gdm-ckpt gdm_cube_s10_gc.pt --gdm-steps 3 --accept-tau 0.794 --sg-steps 10 --cstar-route --source pretrained --encoder-id quentinll/lewm-cube --h5 "$CUBE_H5" --device cuda --goal-offset 75 --eval-budget 150 --num-eval 128 --seed 42 --cem-seed 42 --episodes-file episodes/cube_c2222.episodes75.json
425	cube	leflow_router_tauown	75	43	logs/rbV_cube_leflow_router_tauown_t75_seed43.log	python -m surveyor.envs.cube.eval --subgoal leflow+surveyor --leflow-ckpt leflow/cube/latent_planner.pt --leflow-stats leflow/cube/action_stats.json --gdm-ckpt gdm_cube_s10_gc.pt --gdm-steps 3 --accept-tau 0.794 --sg-steps 10 --cstar-route --source pretrained --encoder-id quentinll/lewm-cube --h5 "$CUBE_H5" --device cuda --goal-offset 75 --eval-budget 150 --num-eval 128 --seed 43 --cem-seed 43 --episodes-file episodes/cube_c2222.episodes75.json
426	cube	leflow_router_tauown	75	44	logs/rbV_cube_leflow_router_tauown_t75_seed44.log	python -m surveyor.envs.cube.eval --subgoal leflow+surveyor --leflow-ckpt leflow/cube/latent_planner.pt --leflow-stats leflow/cube/action_stats.json --gdm-ckpt gdm_cube_s10_gc.pt --gdm-steps 3 --accept-tau 0.794 --sg-steps 10 --cstar-route --source pretrained --encoder-id quentinll/lewm-cube --h5 "$CUBE_H5" --device cuda --goal-offset 75 --eval-budget 150 --num-eval 128 --seed 44 --cem-seed 44 --episodes-file episodes/cube_c2222.episodes75.json
427	cube	leflow_router_tauown	75	45	logs/rbV_cube_leflow_router_tauown_t75_seed45.log	python -m surveyor.envs.cube.eval --subgoal leflow+surveyor --leflow-ckpt leflow/cube/latent_planner.pt --leflow-stats leflow/cube/action_stats.json --gdm-ckpt gdm_cube_s10_gc.pt --gdm-steps 3 --accept-tau 0.794 --sg-steps 10 --cstar-route --source pretrained --encoder-id quentinll/lewm-cube --h5 "$CUBE_H5" --device cuda --goal-offset 75 --eval-budget 150 --num-eval 128 --seed 45 --cem-seed 45 --episodes-file episodes/cube_c2222.episodes75.json
428	cube	leflow_router_tauown	75	46	logs/rbV_cube_leflow_router_tauown_t75_seed46.log	python -m surveyor.envs.cube.eval --subgoal leflow+surveyor --leflow-ckpt leflow/cube/latent_planner.pt --leflow-stats leflow/cube/action_stats.json --gdm-ckpt gdm_cube_s10_gc.pt --gdm-steps 3 --accept-tau 0.794 --sg-steps 10 --cstar-route --source pretrained --encoder-id quentinll/lewm-cube --h5 "$CUBE_H5" --device cuda --goal-offset 75 --eval-budget 150 --num-eval 128 --seed 46 --cem-seed 46 --episodes-file episodes/cube_c2222.episodes75.json
429	cube	leflow_router_tauown	75	47	logs/rbV_cube_leflow_router_tauown_t75_seed47.log	python -m surveyor.envs.cube.eval --subgoal leflow+surveyor --leflow-ckpt leflow/cube/latent_planner.pt --leflow-stats leflow/cube/action_stats.json --gdm-ckpt gdm_cube_s10_gc.pt --gdm-steps 3 --accept-tau 0.794 --sg-steps 10 --cstar-route --source pretrained --encoder-id quentinll/lewm-cube --h5 "$CUBE_H5" --device cuda --goal-offset 75 --eval-budget 150 --num-eval 128 --seed 47 --cem-seed 47 --episodes-file episodes/cube_c2222.episodes75.json
430	cube	leflow_router_tauown	75	48	logs/rbV_cube_leflow_router_tauown_t75_seed48.log	python -m surveyor.envs.cube.eval --subgoal leflow+surveyor --leflow-ckpt leflow/cube/latent_planner.pt --leflow-stats leflow/cube/action_stats.json --gdm-ckpt gdm_cube_s10_gc.pt --gdm-steps 3 --accept-tau 0.794 --sg-steps 10 --cstar-route --source pretrained --encoder-id quentinll/lewm-cube --h5 "$CUBE_H5" --device cuda --goal-offset 75 --eval-budget 150 --num-eval 128 --seed 48 --cem-seed 48 --episodes-file episodes/cube_c2222.episodes75.json
431	cube	leflow_router_tauown	75	49	logs/rbV_cube_leflow_router_tauown_t75_seed49.log	python -m surveyor.envs.cube.eval --subgoal leflow+surveyor --leflow-ckpt leflow/cube/latent_planner.pt --leflow-stats leflow/cube/action_stats.json --gdm-ckpt gdm_cube_s10_gc.pt --gdm-steps 3 --accept-tau 0.794 --sg-steps 10 --cstar-route --source pretrained --encoder-id quentinll/lewm-cube --h5 "$CUBE_H5" --device cuda --goal-offset 75 --eval-budget 150 --num-eval 128 --seed 49 --cem-seed 49 --episodes-file episodes/cube_c2222.episodes75.json
432	cube	leflow_router_tauown	100	42	logs/rbV_cube_leflow_router_tauown_t100_seed42.log	python -m surveyor.envs.cube.eval --subgoal leflow+surveyor --leflow-ckpt leflow/cube/latent_planner.pt --leflow-stats leflow/cube/action_stats.json --gdm-ckpt gdm_cube_s10_gc.pt --gdm-steps 3 --accept-tau 0.794 --sg-steps 10 --cstar-route --source pretrained --encoder-id quentinll/lewm-cube --h5 "$CUBE_H5" --device cuda --goal-offset 100 --eval-budget 200 --num-eval 128 --seed 42 --cem-seed 42 --episodes-file episodes/cube_c2222.episodes100.json
433	cube	leflow_router_tauown	100	43	logs/rbV_cube_leflow_router_tauown_t100_seed43.log	python -m surveyor.envs.cube.eval --subgoal leflow+surveyor --leflow-ckpt leflow/cube/latent_planner.pt --leflow-stats leflow/cube/action_stats.json --gdm-ckpt gdm_cube_s10_gc.pt --gdm-steps 3 --accept-tau 0.794 --sg-steps 10 --cstar-route --source pretrained --encoder-id quentinll/lewm-cube --h5 "$CUBE_H5" --device cuda --goal-offset 100 --eval-budget 200 --num-eval 128 --seed 43 --cem-seed 43 --episodes-file episodes/cube_c2222.episodes100.json
434	cube	leflow_router_tauown	100	44	logs/rbV_cube_leflow_router_tauown_t100_seed44.log	python -m surveyor.envs.cube.eval --subgoal leflow+surveyor --leflow-ckpt leflow/cube/latent_planner.pt --leflow-stats leflow/cube/action_stats.json --gdm-ckpt gdm_cube_s10_gc.pt --gdm-steps 3 --accept-tau 0.794 --sg-steps 10 --cstar-route --source pretrained --encoder-id quentinll/lewm-cube --h5 "$CUBE_H5" --device cuda --goal-offset 100 --eval-budget 200 --num-eval 128 --seed 44 --cem-seed 44 --episodes-file episodes/cube_c2222.episodes100.json
435	cube	leflow_router_tauown	100	45	logs/rbV_cube_leflow_router_tauown_t100_seed45.log	python -m surveyor.envs.cube.eval --subgoal leflow+surveyor --leflow-ckpt leflow/cube/latent_planner.pt --leflow-stats leflow/cube/action_stats.json --gdm-ckpt gdm_cube_s10_gc.pt --gdm-steps 3 --accept-tau 0.794 --sg-steps 10 --cstar-route --source pretrained --encoder-id quentinll/lewm-cube --h5 "$CUBE_H5" --device cuda --goal-offset 100 --eval-budget 200 --num-eval 128 --seed 45 --cem-seed 45 --episodes-file episodes/cube_c2222.episodes100.json
436	cube	leflow_router_tauown	100	46	logs/rbV_cube_leflow_router_tauown_t100_seed46.log	python -m surveyor.envs.cube.eval --subgoal leflow+surveyor --leflow-ckpt leflow/cube/latent_planner.pt --leflow-stats leflow/cube/action_stats.json --gdm-ckpt gdm_cube_s10_gc.pt --gdm-steps 3 --accept-tau 0.794 --sg-steps 10 --cstar-route --source pretrained --encoder-id quentinll/lewm-cube --h5 "$CUBE_H5" --device cuda --goal-offset 100 --eval-budget 200 --num-eval 128 --seed 46 --cem-seed 46 --episodes-file episodes/cube_c2222.episodes100.json
437	cube	leflow_router_tauown	100	47	logs/rbV_cube_leflow_router_tauown_t100_seed47.log	python -m surveyor.envs.cube.eval --subgoal leflow+surveyor --leflow-ckpt leflow/cube/latent_planner.pt --leflow-stats leflow/cube/action_stats.json --gdm-ckpt gdm_cube_s10_gc.pt --gdm-steps 3 --accept-tau 0.794 --sg-steps 10 --cstar-route --source pretrained --encoder-id quentinll/lewm-cube --h5 "$CUBE_H5" --device cuda --goal-offset 100 --eval-budget 200 --num-eval 128 --seed 47 --cem-seed 47 --episodes-file episodes/cube_c2222.episodes100.json
438	cube	leflow_router_tauown	100	48	logs/rbV_cube_leflow_router_tauown_t100_seed48.log	python -m surveyor.envs.cube.eval --subgoal leflow+surveyor --leflow-ckpt leflow/cube/latent_planner.pt --leflow-stats leflow/cube/action_stats.json --gdm-ckpt gdm_cube_s10_gc.pt --gdm-steps 3 --accept-tau 0.794 --sg-steps 10 --cstar-route --source pretrained --encoder-id quentinll/lewm-cube --h5 "$CUBE_H5" --device cuda --goal-offset 100 --eval-budget 200 --num-eval 128 --seed 48 --cem-seed 48 --episodes-file episodes/cube_c2222.episodes100.json
439	cube	leflow_router_tauown	100	49	logs/rbV_cube_leflow_router_tauown_t100_seed49.log	python -m surveyor.envs.cube.eval --subgoal leflow+surveyor --leflow-ckpt leflow/cube/latent_planner.pt --leflow-stats leflow/cube/action_stats.json --gdm-ckpt gdm_cube_s10_gc.pt --gdm-steps 3 --accept-tau 0.794 --sg-steps 10 --cstar-route --source pretrained --encoder-id quentinll/lewm-cube --h5 "$CUBE_H5" --device cuda --goal-offset 100 --eval-budget 200 --num-eval 128 --seed 49 --cem-seed 49 --episodes-file episodes/cube_c2222.episodes100.json
440	cube	leflow_router_tauown	150	42	logs/rbV_cube_leflow_router_tauown_t150_seed42.log	python -m surveyor.envs.cube.eval --subgoal leflow+surveyor --leflow-ckpt leflow/cube/latent_planner.pt --leflow-stats leflow/cube/action_stats.json --gdm-ckpt gdm_cube_s10_gc.pt --gdm-steps 3 --accept-tau 0.794 --sg-steps 10 --cstar-route --source pretrained --encoder-id quentinll/lewm-cube --h5 "$CUBE_H5" --device cuda --goal-offset 150 --eval-budget 300 --num-eval 128 --seed 42 --cem-seed 42 --episodes-file episodes/cube_c2222.episodes150.json
441	cube	leflow_router_tauown	150	43	logs/rbV_cube_leflow_router_tauown_t150_seed43.log	python -m surveyor.envs.cube.eval --subgoal leflow+surveyor --leflow-ckpt leflow/cube/latent_planner.pt --leflow-stats leflow/cube/action_stats.json --gdm-ckpt gdm_cube_s10_gc.pt --gdm-steps 3 --accept-tau 0.794 --sg-steps 10 --cstar-route --source pretrained --encoder-id quentinll/lewm-cube --h5 "$CUBE_H5" --device cuda --goal-offset 150 --eval-budget 300 --num-eval 128 --seed 43 --cem-seed 43 --episodes-file episodes/cube_c2222.episodes150.json
442	cube	leflow_router_tauown	150	44	logs/rbV_cube_leflow_router_tauown_t150_seed44.log	python -m surveyor.envs.cube.eval --subgoal leflow+surveyor --leflow-ckpt leflow/cube/latent_planner.pt --leflow-stats leflow/cube/action_stats.json --gdm-ckpt gdm_cube_s10_gc.pt --gdm-steps 3 --accept-tau 0.794 --sg-steps 10 --cstar-route --source pretrained --encoder-id quentinll/lewm-cube --h5 "$CUBE_H5" --device cuda --goal-offset 150 --eval-budget 300 --num-eval 128 --seed 44 --cem-seed 44 --episodes-file episodes/cube_c2222.episodes150.json
443	cube	leflow_router_tauown	150	45	logs/rbV_cube_leflow_router_tauown_t150_seed45.log	python -m surveyor.envs.cube.eval --subgoal leflow+surveyor --leflow-ckpt leflow/cube/latent_planner.pt --leflow-stats leflow/cube/action_stats.json --gdm-ckpt gdm_cube_s10_gc.pt --gdm-steps 3 --accept-tau 0.794 --sg-steps 10 --cstar-route --source pretrained --encoder-id quentinll/lewm-cube --h5 "$CUBE_H5" --device cuda --goal-offset 150 --eval-budget 300 --num-eval 128 --seed 45 --cem-seed 45 --episodes-file episodes/cube_c2222.episodes150.json
444	cube	leflow_router_tauown	150	46	logs/rbV_cube_leflow_router_tauown_t150_seed46.log	python -m surveyor.envs.cube.eval --subgoal leflow+surveyor --leflow-ckpt leflow/cube/latent_planner.pt --leflow-stats leflow/cube/action_stats.json --gdm-ckpt gdm_cube_s10_gc.pt --gdm-steps 3 --accept-tau 0.794 --sg-steps 10 --cstar-route --source pretrained --encoder-id quentinll/lewm-cube --h5 "$CUBE_H5" --device cuda --goal-offset 150 --eval-budget 300 --num-eval 128 --seed 46 --cem-seed 46 --episodes-file episodes/cube_c2222.episodes150.json
445	cube	leflow_router_tauown	150	47	logs/rbV_cube_leflow_router_tauown_t150_seed47.log	python -m surveyor.envs.cube.eval --subgoal leflow+surveyor --leflow-ckpt leflow/cube/latent_planner.pt --leflow-stats leflow/cube/action_stats.json --gdm-ckpt gdm_cube_s10_gc.pt --gdm-steps 3 --accept-tau 0.794 --sg-steps 10 --cstar-route --source pretrained --encoder-id quentinll/lewm-cube --h5 "$CUBE_H5" --device cuda --goal-offset 150 --eval-budget 300 --num-eval 128 --seed 47 --cem-seed 47 --episodes-file episodes/cube_c2222.episodes150.json
446	cube	leflow_router_tauown	150	48	logs/rbV_cube_leflow_router_tauown_t150_seed48.log	python -m surveyor.envs.cube.eval --subgoal leflow+surveyor --leflow-ckpt leflow/cube/latent_planner.pt --leflow-stats leflow/cube/action_stats.json --gdm-ckpt gdm_cube_s10_gc.pt --gdm-steps 3 --accept-tau 0.794 --sg-steps 10 --cstar-route --source pretrained --encoder-id quentinll/lewm-cube --h5 "$CUBE_H5" --device cuda --goal-offset 150 --eval-budget 300 --num-eval 128 --seed 48 --cem-seed 48 --episodes-file episodes/cube_c2222.episodes150.json
447	cube	leflow_router_tauown	150	49	logs/rbV_cube_leflow_router_tauown_t150_seed49.log	python -m surveyor.envs.cube.eval --subgoal leflow+surveyor --leflow-ckpt leflow/cube/latent_planner.pt --leflow-stats leflow/cube/action_stats.json --gdm-ckpt gdm_cube_s10_gc.pt --gdm-steps 3 --accept-tau 0.794 --sg-steps 10 --cstar-route --source pretrained --encoder-id quentinll/lewm-cube --h5 "$CUBE_H5" --device cuda --goal-offset 150 --eval-budget 300 --num-eval 128 --seed 49 --cem-seed 49 --episodes-file episodes/cube_c2222.episodes150.json
