idx	env	arm	t	seed	log	cmd
0	tworoom	gcrouter_off_s42_tauown	25	42	logs/rbT_tworoom_gcrouter_off_s42_tauown_t25_seed42.log	python -m surveyor.envs.tworoom.eval --subgoal gcidm+surveyor --gcidm-ckpt gcidm_official_tworoom_h50_s42.pt --gdm-ckpt gdm_tworoom_s10_gc_paired_e400v.pt --gdm-steps 50 --accept-tau 0.127 --sg-steps 10 --cstar-route --receding-horizon 2 --mode long --goal-offset 25 --eval-budget 50 --h5 "$DATA/tworoom.h5" --source pretrained --encoder-id quentinll/lewm-tworooms --device cuda --eval-filter none --episode-min 4000 --goal-from-proprio --num-eval 64 --seed 42 --cem-seed 42
1	tworoom	gcrouter_off_s42_tauown	25	43	logs/rbT_tworoom_gcrouter_off_s42_tauown_t25_seed43.log	python -m surveyor.envs.tworoom.eval --subgoal gcidm+surveyor --gcidm-ckpt gcidm_official_tworoom_h50_s42.pt --gdm-ckpt gdm_tworoom_s10_gc_paired_e400v.pt --gdm-steps 50 --accept-tau 0.127 --sg-steps 10 --cstar-route --receding-horizon 2 --mode long --goal-offset 25 --eval-budget 50 --h5 "$DATA/tworoom.h5" --source pretrained --encoder-id quentinll/lewm-tworooms --device cuda --eval-filter none --episode-min 4000 --goal-from-proprio --num-eval 64 --seed 43 --cem-seed 43
2	tworoom	gcrouter_off_s42_tauown	25	44	logs/rbT_tworoom_gcrouter_off_s42_tauown_t25_seed44.log	python -m surveyor.envs.tworoom.eval --subgoal gcidm+surveyor --gcidm-ckpt gcidm_official_tworoom_h50_s42.pt --gdm-ckpt gdm_tworoom_s10_gc_paired_e400v.pt --gdm-steps 50 --accept-tau 0.127 --sg-steps 10 --cstar-route --receding-horizon 2 --mode long --goal-offset 25 --eval-budget 50 --h5 "$DATA/tworoom.h5" --source pretrained --encoder-id quentinll/lewm-tworooms --device cuda --eval-filter none --episode-min 4000 --goal-from-proprio --num-eval 64 --seed 44 --cem-seed 44
3	tworoom	gcrouter_off_s42_tauown	25	45	logs/rbT_tworoom_gcrouter_off_s42_tauown_t25_seed45.log	python -m surveyor.envs.tworoom.eval --subgoal gcidm+surveyor --gcidm-ckpt gcidm_official_tworoom_h50_s42.pt --gdm-ckpt gdm_tworoom_s10_gc_paired_e400v.pt --gdm-steps 50 --accept-tau 0.127 --sg-steps 10 --cstar-route --receding-horizon 2 --mode long --goal-offset 25 --eval-budget 50 --h5 "$DATA/tworoom.h5" --source pretrained --encoder-id quentinll/lewm-tworooms --device cuda --eval-filter none --episode-min 4000 --goal-from-proprio --num-eval 64 --seed 45 --cem-seed 45
4	tworoom	gcrouter_off_s42_tauown	25	46	logs/rbT_tworoom_gcrouter_off_s42_tauown_t25_seed46.log	python -m surveyor.envs.tworoom.eval --subgoal gcidm+surveyor --gcidm-ckpt gcidm_official_tworoom_h50_s42.pt --gdm-ckpt gdm_tworoom_s10_gc_paired_e400v.pt --gdm-steps 50 --accept-tau 0.127 --sg-steps 10 --cstar-route --receding-horizon 2 --mode long --goal-offset 25 --eval-budget 50 --h5 "$DATA/tworoom.h5" --source pretrained --encoder-id quentinll/lewm-tworooms --device cuda --eval-filter none --episode-min 4000 --goal-from-proprio --num-eval 64 --seed 46 --cem-seed 46
5	tworoom	gcrouter_off_s42_tauown	25	47	logs/rbT_tworoom_gcrouter_off_s42_tauown_t25_seed47.log	python -m surveyor.envs.tworoom.eval --subgoal gcidm+surveyor --gcidm-ckpt gcidm_official_tworoom_h50_s42.pt --gdm-ckpt gdm_tworoom_s10_gc_paired_e400v.pt --gdm-steps 50 --accept-tau 0.127 --sg-steps 10 --cstar-route --receding-horizon 2 --mode long --goal-offset 25 --eval-budget 50 --h5 "$DATA/tworoom.h5" --source pretrained --encoder-id quentinll/lewm-tworooms --device cuda --eval-filter none --episode-min 4000 --goal-from-proprio --num-eval 64 --seed 47 --cem-seed 47
6	tworoom	gcrouter_off_s42_tauown	25	48	logs/rbT_tworoom_gcrouter_off_s42_tauown_t25_seed48.log	python -m surveyor.envs.tworoom.eval --subgoal gcidm+surveyor --gcidm-ckpt gcidm_official_tworoom_h50_s42.pt --gdm-ckpt gdm_tworoom_s10_gc_paired_e400v.pt --gdm-steps 50 --accept-tau 0.127 --sg-steps 10 --cstar-route --receding-horizon 2 --mode long --goal-offset 25 --eval-budget 50 --h5 "$DATA/tworoom.h5" --source pretrained --encoder-id quentinll/lewm-tworooms --device cuda --eval-filter none --episode-min 4000 --goal-from-proprio --num-eval 64 --seed 48 --cem-seed 48
7	tworoom	gcrouter_off_s42_tauown	25	49	logs/rbT_tworoom_gcrouter_off_s42_tauown_t25_seed49.log	python -m surveyor.envs.tworoom.eval --subgoal gcidm+surveyor --gcidm-ckpt gcidm_official_tworoom_h50_s42.pt --gdm-ckpt gdm_tworoom_s10_gc_paired_e400v.pt --gdm-steps 50 --accept-tau 0.127 --sg-steps 10 --cstar-route --receding-horizon 2 --mode long --goal-offset 25 --eval-budget 50 --h5 "$DATA/tworoom.h5" --source pretrained --encoder-id quentinll/lewm-tworooms --device cuda --eval-filter none --episode-min 4000 --goal-from-proprio --num-eval 64 --seed 49 --cem-seed 49
8	tworoom	gcrouter_off_s42_tauown	50	42	logs/rbT_tworoom_gcrouter_off_s42_tauown_t50_seed42.log	python -m surveyor.envs.tworoom.eval --subgoal gcidm+surveyor --gcidm-ckpt gcidm_official_tworoom_h100_s42.pt --gdm-ckpt gdm_tworoom_s10_gc_paired_e400v.pt --gdm-steps 50 --accept-tau 0.127 --sg-steps 10 --cstar-route --receding-horizon 2 --mode long --goal-offset 50 --eval-budget 100 --h5 "$DATA/tworoom.h5" --source pretrained --encoder-id quentinll/lewm-tworooms --device cuda --eval-filter none --episode-min 4000 --goal-from-proprio --num-eval 64 --seed 42 --cem-seed 42
9	tworoom	gcrouter_off_s42_tauown	50	43	logs/rbT_tworoom_gcrouter_off_s42_tauown_t50_seed43.log	python -m surveyor.envs.tworoom.eval --subgoal gcidm+surveyor --gcidm-ckpt gcidm_official_tworoom_h100_s42.pt --gdm-ckpt gdm_tworoom_s10_gc_paired_e400v.pt --gdm-steps 50 --accept-tau 0.127 --sg-steps 10 --cstar-route --receding-horizon 2 --mode long --goal-offset 50 --eval-budget 100 --h5 "$DATA/tworoom.h5" --source pretrained --encoder-id quentinll/lewm-tworooms --device cuda --eval-filter none --episode-min 4000 --goal-from-proprio --num-eval 64 --seed 43 --cem-seed 43
10	tworoom	gcrouter_off_s42_tauown	50	44	logs/rbT_tworoom_gcrouter_off_s42_tauown_t50_seed44.log	python -m surveyor.envs.tworoom.eval --subgoal gcidm+surveyor --gcidm-ckpt gcidm_official_tworoom_h100_s42.pt --gdm-ckpt gdm_tworoom_s10_gc_paired_e400v.pt --gdm-steps 50 --accept-tau 0.127 --sg-steps 10 --cstar-route --receding-horizon 2 --mode long --goal-offset 50 --eval-budget 100 --h5 "$DATA/tworoom.h5" --source pretrained --encoder-id quentinll/lewm-tworooms --device cuda --eval-filter none --episode-min 4000 --goal-from-proprio --num-eval 64 --seed 44 --cem-seed 44
11	tworoom	gcrouter_off_s42_tauown	50	45	logs/rbT_tworoom_gcrouter_off_s42_tauown_t50_seed45.log	python -m surveyor.envs.tworoom.eval --subgoal gcidm+surveyor --gcidm-ckpt gcidm_official_tworoom_h100_s42.pt --gdm-ckpt gdm_tworoom_s10_gc_paired_e400v.pt --gdm-steps 50 --accept-tau 0.127 --sg-steps 10 --cstar-route --receding-horizon 2 --mode long --goal-offset 50 --eval-budget 100 --h5 "$DATA/tworoom.h5" --source pretrained --encoder-id quentinll/lewm-tworooms --device cuda --eval-filter none --episode-min 4000 --goal-from-proprio --num-eval 64 --seed 45 --cem-seed 45
12	tworoom	gcrouter_off_s42_tauown	50	46	logs/rbT_tworoom_gcrouter_off_s42_tauown_t50_seed46.log	python -m surveyor.envs.tworoom.eval --subgoal gcidm+surveyor --gcidm-ckpt gcidm_official_tworoom_h100_s42.pt --gdm-ckpt gdm_tworoom_s10_gc_paired_e400v.pt --gdm-steps 50 --accept-tau 0.127 --sg-steps 10 --cstar-route --receding-horizon 2 --mode long --goal-offset 50 --eval-budget 100 --h5 "$DATA/tworoom.h5" --source pretrained --encoder-id quentinll/lewm-tworooms --device cuda --eval-filter none --episode-min 4000 --goal-from-proprio --num-eval 64 --seed 46 --cem-seed 46
13	tworoom	gcrouter_off_s42_tauown	50	47	logs/rbT_tworoom_gcrouter_off_s42_tauown_t50_seed47.log	python -m surveyor.envs.tworoom.eval --subgoal gcidm+surveyor --gcidm-ckpt gcidm_official_tworoom_h100_s42.pt --gdm-ckpt gdm_tworoom_s10_gc_paired_e400v.pt --gdm-steps 50 --accept-tau 0.127 --sg-steps 10 --cstar-route --receding-horizon 2 --mode long --goal-offset 50 --eval-budget 100 --h5 "$DATA/tworoom.h5" --source pretrained --encoder-id quentinll/lewm-tworooms --device cuda --eval-filter none --episode-min 4000 --goal-from-proprio --num-eval 64 --seed 47 --cem-seed 47
14	tworoom	gcrouter_off_s42_tauown	50	48	logs/rbT_tworoom_gcrouter_off_s42_tauown_t50_seed48.log	python -m surveyor.envs.tworoom.eval --subgoal gcidm+surveyor --gcidm-ckpt gcidm_official_tworoom_h100_s42.pt --gdm-ckpt gdm_tworoom_s10_gc_paired_e400v.pt --gdm-steps 50 --accept-tau 0.127 --sg-steps 10 --cstar-route --receding-horizon 2 --mode long --goal-offset 50 --eval-budget 100 --h5 "$DATA/tworoom.h5" --source pretrained --encoder-id quentinll/lewm-tworooms --device cuda --eval-filter none --episode-min 4000 --goal-from-proprio --num-eval 64 --seed 48 --cem-seed 48
15	tworoom	gcrouter_off_s42_tauown	50	49	logs/rbT_tworoom_gcrouter_off_s42_tauown_t50_seed49.log	python -m surveyor.envs.tworoom.eval --subgoal gcidm+surveyor --gcidm-ckpt gcidm_official_tworoom_h100_s42.pt --gdm-ckpt gdm_tworoom_s10_gc_paired_e400v.pt --gdm-steps 50 --accept-tau 0.127 --sg-steps 10 --cstar-route --receding-horizon 2 --mode long --goal-offset 50 --eval-budget 100 --h5 "$DATA/tworoom.h5" --source pretrained --encoder-id quentinll/lewm-tworooms --device cuda --eval-filter none --episode-min 4000 --goal-from-proprio --num-eval 64 --seed 49 --cem-seed 49
16	tworoom	gcrouter_off_s42_tauown	75	42	logs/rbT_tworoom_gcrouter_off_s42_tauown_t75_seed42.log	python -m surveyor.envs.tworoom.eval --subgoal gcidm+surveyor --gcidm-ckpt gcidm_official_tworoom_h150_s42.pt --gdm-ckpt gdm_tworoom_s10_gc_paired_e400v.pt --gdm-steps 50 --accept-tau 0.127 --sg-steps 10 --cstar-route --receding-horizon 2 --mode long --goal-offset 75 --eval-budget 150 --h5 "$DATA/tworoom.h5" --source pretrained --encoder-id quentinll/lewm-tworooms --device cuda --eval-filter none --episode-min 4000 --goal-from-proprio --num-eval 64 --seed 42 --cem-seed 42
17	tworoom	gcrouter_off_s42_tauown	75	43	logs/rbT_tworoom_gcrouter_off_s42_tauown_t75_seed43.log	python -m surveyor.envs.tworoom.eval --subgoal gcidm+surveyor --gcidm-ckpt gcidm_official_tworoom_h150_s42.pt --gdm-ckpt gdm_tworoom_s10_gc_paired_e400v.pt --gdm-steps 50 --accept-tau 0.127 --sg-steps 10 --cstar-route --receding-horizon 2 --mode long --goal-offset 75 --eval-budget 150 --h5 "$DATA/tworoom.h5" --source pretrained --encoder-id quentinll/lewm-tworooms --device cuda --eval-filter none --episode-min 4000 --goal-from-proprio --num-eval 64 --seed 43 --cem-seed 43
18	tworoom	gcrouter_off_s42_tauown	75	44	logs/rbT_tworoom_gcrouter_off_s42_tauown_t75_seed44.log	python -m surveyor.envs.tworoom.eval --subgoal gcidm+surveyor --gcidm-ckpt gcidm_official_tworoom_h150_s42.pt --gdm-ckpt gdm_tworoom_s10_gc_paired_e400v.pt --gdm-steps 50 --accept-tau 0.127 --sg-steps 10 --cstar-route --receding-horizon 2 --mode long --goal-offset 75 --eval-budget 150 --h5 "$DATA/tworoom.h5" --source pretrained --encoder-id quentinll/lewm-tworooms --device cuda --eval-filter none --episode-min 4000 --goal-from-proprio --num-eval 64 --seed 44 --cem-seed 44
19	tworoom	gcrouter_off_s42_tauown	75	45	logs/rbT_tworoom_gcrouter_off_s42_tauown_t75_seed45.log	python -m surveyor.envs.tworoom.eval --subgoal gcidm+surveyor --gcidm-ckpt gcidm_official_tworoom_h150_s42.pt --gdm-ckpt gdm_tworoom_s10_gc_paired_e400v.pt --gdm-steps 50 --accept-tau 0.127 --sg-steps 10 --cstar-route --receding-horizon 2 --mode long --goal-offset 75 --eval-budget 150 --h5 "$DATA/tworoom.h5" --source pretrained --encoder-id quentinll/lewm-tworooms --device cuda --eval-filter none --episode-min 4000 --goal-from-proprio --num-eval 64 --seed 45 --cem-seed 45
20	tworoom	gcrouter_off_s42_tauown	75	46	logs/rbT_tworoom_gcrouter_off_s42_tauown_t75_seed46.log	python -m surveyor.envs.tworoom.eval --subgoal gcidm+surveyor --gcidm-ckpt gcidm_official_tworoom_h150_s42.pt --gdm-ckpt gdm_tworoom_s10_gc_paired_e400v.pt --gdm-steps 50 --accept-tau 0.127 --sg-steps 10 --cstar-route --receding-horizon 2 --mode long --goal-offset 75 --eval-budget 150 --h5 "$DATA/tworoom.h5" --source pretrained --encoder-id quentinll/lewm-tworooms --device cuda --eval-filter none --episode-min 4000 --goal-from-proprio --num-eval 64 --seed 46 --cem-seed 46
21	tworoom	gcrouter_off_s42_tauown	75	47	logs/rbT_tworoom_gcrouter_off_s42_tauown_t75_seed47.log	python -m surveyor.envs.tworoom.eval --subgoal gcidm+surveyor --gcidm-ckpt gcidm_official_tworoom_h150_s42.pt --gdm-ckpt gdm_tworoom_s10_gc_paired_e400v.pt --gdm-steps 50 --accept-tau 0.127 --sg-steps 10 --cstar-route --receding-horizon 2 --mode long --goal-offset 75 --eval-budget 150 --h5 "$DATA/tworoom.h5" --source pretrained --encoder-id quentinll/lewm-tworooms --device cuda --eval-filter none --episode-min 4000 --goal-from-proprio --num-eval 64 --seed 47 --cem-seed 47
22	tworoom	gcrouter_off_s42_tauown	75	48	logs/rbT_tworoom_gcrouter_off_s42_tauown_t75_seed48.log	python -m surveyor.envs.tworoom.eval --subgoal gcidm+surveyor --gcidm-ckpt gcidm_official_tworoom_h150_s42.pt --gdm-ckpt gdm_tworoom_s10_gc_paired_e400v.pt --gdm-steps 50 --accept-tau 0.127 --sg-steps 10 --cstar-route --receding-horizon 2 --mode long --goal-offset 75 --eval-budget 150 --h5 "$DATA/tworoom.h5" --source pretrained --encoder-id quentinll/lewm-tworooms --device cuda --eval-filter none --episode-min 4000 --goal-from-proprio --num-eval 64 --seed 48 --cem-seed 48
23	tworoom	gcrouter_off_s42_tauown	75	49	logs/rbT_tworoom_gcrouter_off_s42_tauown_t75_seed49.log	python -m surveyor.envs.tworoom.eval --subgoal gcidm+surveyor --gcidm-ckpt gcidm_official_tworoom_h150_s42.pt --gdm-ckpt gdm_tworoom_s10_gc_paired_e400v.pt --gdm-steps 50 --accept-tau 0.127 --sg-steps 10 --cstar-route --receding-horizon 2 --mode long --goal-offset 75 --eval-budget 150 --h5 "$DATA/tworoom.h5" --source pretrained --encoder-id quentinll/lewm-tworooms --device cuda --eval-filter none --episode-min 4000 --goal-from-proprio --num-eval 64 --seed 49 --cem-seed 49
24	tworoom	gcsurv_off_s42_tauown	25	42	logs/rbT_tworoom_gcsurv_off_s42_tauown_t25_seed42.log	python -m surveyor.envs.tworoom.eval --subgoal gcidm+surveyor --gcidm-ckpt gcidm_official_tworoom_h50_s42.pt --gdm-ckpt gdm_tworoom_s10_gc_paired_e400v.pt --gdm-steps 50 --accept-tau 0.127 --sg-steps 10 --receding-horizon 2 --mode long --goal-offset 25 --eval-budget 50 --h5 "$DATA/tworoom.h5" --source pretrained --encoder-id quentinll/lewm-tworooms --device cuda --eval-filter none --episode-min 4000 --goal-from-proprio --num-eval 64 --seed 42 --cem-seed 42
25	tworoom	gcsurv_off_s42_tauown	25	43	logs/rbT_tworoom_gcsurv_off_s42_tauown_t25_seed43.log	python -m surveyor.envs.tworoom.eval --subgoal gcidm+surveyor --gcidm-ckpt gcidm_official_tworoom_h50_s42.pt --gdm-ckpt gdm_tworoom_s10_gc_paired_e400v.pt --gdm-steps 50 --accept-tau 0.127 --sg-steps 10 --receding-horizon 2 --mode long --goal-offset 25 --eval-budget 50 --h5 "$DATA/tworoom.h5" --source pretrained --encoder-id quentinll/lewm-tworooms --device cuda --eval-filter none --episode-min 4000 --goal-from-proprio --num-eval 64 --seed 43 --cem-seed 43
26	tworoom	gcsurv_off_s42_tauown	25	44	logs/rbT_tworoom_gcsurv_off_s42_tauown_t25_seed44.log	python -m surveyor.envs.tworoom.eval --subgoal gcidm+surveyor --gcidm-ckpt gcidm_official_tworoom_h50_s42.pt --gdm-ckpt gdm_tworoom_s10_gc_paired_e400v.pt --gdm-steps 50 --accept-tau 0.127 --sg-steps 10 --receding-horizon 2 --mode long --goal-offset 25 --eval-budget 50 --h5 "$DATA/tworoom.h5" --source pretrained --encoder-id quentinll/lewm-tworooms --device cuda --eval-filter none --episode-min 4000 --goal-from-proprio --num-eval 64 --seed 44 --cem-seed 44
27	tworoom	gcsurv_off_s42_tauown	25	45	logs/rbT_tworoom_gcsurv_off_s42_tauown_t25_seed45.log	python -m surveyor.envs.tworoom.eval --subgoal gcidm+surveyor --gcidm-ckpt gcidm_official_tworoom_h50_s42.pt --gdm-ckpt gdm_tworoom_s10_gc_paired_e400v.pt --gdm-steps 50 --accept-tau 0.127 --sg-steps 10 --receding-horizon 2 --mode long --goal-offset 25 --eval-budget 50 --h5 "$DATA/tworoom.h5" --source pretrained --encoder-id quentinll/lewm-tworooms --device cuda --eval-filter none --episode-min 4000 --goal-from-proprio --num-eval 64 --seed 45 --cem-seed 45
28	tworoom	gcsurv_off_s42_tauown	25	46	logs/rbT_tworoom_gcsurv_off_s42_tauown_t25_seed46.log	python -m surveyor.envs.tworoom.eval --subgoal gcidm+surveyor --gcidm-ckpt gcidm_official_tworoom_h50_s42.pt --gdm-ckpt gdm_tworoom_s10_gc_paired_e400v.pt --gdm-steps 50 --accept-tau 0.127 --sg-steps 10 --receding-horizon 2 --mode long --goal-offset 25 --eval-budget 50 --h5 "$DATA/tworoom.h5" --source pretrained --encoder-id quentinll/lewm-tworooms --device cuda --eval-filter none --episode-min 4000 --goal-from-proprio --num-eval 64 --seed 46 --cem-seed 46
29	tworoom	gcsurv_off_s42_tauown	25	47	logs/rbT_tworoom_gcsurv_off_s42_tauown_t25_seed47.log	python -m surveyor.envs.tworoom.eval --subgoal gcidm+surveyor --gcidm-ckpt gcidm_official_tworoom_h50_s42.pt --gdm-ckpt gdm_tworoom_s10_gc_paired_e400v.pt --gdm-steps 50 --accept-tau 0.127 --sg-steps 10 --receding-horizon 2 --mode long --goal-offset 25 --eval-budget 50 --h5 "$DATA/tworoom.h5" --source pretrained --encoder-id quentinll/lewm-tworooms --device cuda --eval-filter none --episode-min 4000 --goal-from-proprio --num-eval 64 --seed 47 --cem-seed 47
30	tworoom	gcsurv_off_s42_tauown	25	48	logs/rbT_tworoom_gcsurv_off_s42_tauown_t25_seed48.log	python -m surveyor.envs.tworoom.eval --subgoal gcidm+surveyor --gcidm-ckpt gcidm_official_tworoom_h50_s42.pt --gdm-ckpt gdm_tworoom_s10_gc_paired_e400v.pt --gdm-steps 50 --accept-tau 0.127 --sg-steps 10 --receding-horizon 2 --mode long --goal-offset 25 --eval-budget 50 --h5 "$DATA/tworoom.h5" --source pretrained --encoder-id quentinll/lewm-tworooms --device cuda --eval-filter none --episode-min 4000 --goal-from-proprio --num-eval 64 --seed 48 --cem-seed 48
31	tworoom	gcsurv_off_s42_tauown	25	49	logs/rbT_tworoom_gcsurv_off_s42_tauown_t25_seed49.log	python -m surveyor.envs.tworoom.eval --subgoal gcidm+surveyor --gcidm-ckpt gcidm_official_tworoom_h50_s42.pt --gdm-ckpt gdm_tworoom_s10_gc_paired_e400v.pt --gdm-steps 50 --accept-tau 0.127 --sg-steps 10 --receding-horizon 2 --mode long --goal-offset 25 --eval-budget 50 --h5 "$DATA/tworoom.h5" --source pretrained --encoder-id quentinll/lewm-tworooms --device cuda --eval-filter none --episode-min 4000 --goal-from-proprio --num-eval 64 --seed 49 --cem-seed 49
32	tworoom	gcsurv_off_s42_tauown	50	42	logs/rbT_tworoom_gcsurv_off_s42_tauown_t50_seed42.log	python -m surveyor.envs.tworoom.eval --subgoal gcidm+surveyor --gcidm-ckpt gcidm_official_tworoom_h100_s42.pt --gdm-ckpt gdm_tworoom_s10_gc_paired_e400v.pt --gdm-steps 50 --accept-tau 0.127 --sg-steps 10 --receding-horizon 2 --mode long --goal-offset 50 --eval-budget 100 --h5 "$DATA/tworoom.h5" --source pretrained --encoder-id quentinll/lewm-tworooms --device cuda --eval-filter none --episode-min 4000 --goal-from-proprio --num-eval 64 --seed 42 --cem-seed 42
33	tworoom	gcsurv_off_s42_tauown	50	43	logs/rbT_tworoom_gcsurv_off_s42_tauown_t50_seed43.log	python -m surveyor.envs.tworoom.eval --subgoal gcidm+surveyor --gcidm-ckpt gcidm_official_tworoom_h100_s42.pt --gdm-ckpt gdm_tworoom_s10_gc_paired_e400v.pt --gdm-steps 50 --accept-tau 0.127 --sg-steps 10 --receding-horizon 2 --mode long --goal-offset 50 --eval-budget 100 --h5 "$DATA/tworoom.h5" --source pretrained --encoder-id quentinll/lewm-tworooms --device cuda --eval-filter none --episode-min 4000 --goal-from-proprio --num-eval 64 --seed 43 --cem-seed 43
34	tworoom	gcsurv_off_s42_tauown	50	44	logs/rbT_tworoom_gcsurv_off_s42_tauown_t50_seed44.log	python -m surveyor.envs.tworoom.eval --subgoal gcidm+surveyor --gcidm-ckpt gcidm_official_tworoom_h100_s42.pt --gdm-ckpt gdm_tworoom_s10_gc_paired_e400v.pt --gdm-steps 50 --accept-tau 0.127 --sg-steps 10 --receding-horizon 2 --mode long --goal-offset 50 --eval-budget 100 --h5 "$DATA/tworoom.h5" --source pretrained --encoder-id quentinll/lewm-tworooms --device cuda --eval-filter none --episode-min 4000 --goal-from-proprio --num-eval 64 --seed 44 --cem-seed 44
35	tworoom	gcsurv_off_s42_tauown	50	45	logs/rbT_tworoom_gcsurv_off_s42_tauown_t50_seed45.log	python -m surveyor.envs.tworoom.eval --subgoal gcidm+surveyor --gcidm-ckpt gcidm_official_tworoom_h100_s42.pt --gdm-ckpt gdm_tworoom_s10_gc_paired_e400v.pt --gdm-steps 50 --accept-tau 0.127 --sg-steps 10 --receding-horizon 2 --mode long --goal-offset 50 --eval-budget 100 --h5 "$DATA/tworoom.h5" --source pretrained --encoder-id quentinll/lewm-tworooms --device cuda --eval-filter none --episode-min 4000 --goal-from-proprio --num-eval 64 --seed 45 --cem-seed 45
36	tworoom	gcsurv_off_s42_tauown	50	46	logs/rbT_tworoom_gcsurv_off_s42_tauown_t50_seed46.log	python -m surveyor.envs.tworoom.eval --subgoal gcidm+surveyor --gcidm-ckpt gcidm_official_tworoom_h100_s42.pt --gdm-ckpt gdm_tworoom_s10_gc_paired_e400v.pt --gdm-steps 50 --accept-tau 0.127 --sg-steps 10 --receding-horizon 2 --mode long --goal-offset 50 --eval-budget 100 --h5 "$DATA/tworoom.h5" --source pretrained --encoder-id quentinll/lewm-tworooms --device cuda --eval-filter none --episode-min 4000 --goal-from-proprio --num-eval 64 --seed 46 --cem-seed 46
37	tworoom	gcsurv_off_s42_tauown	50	47	logs/rbT_tworoom_gcsurv_off_s42_tauown_t50_seed47.log	python -m surveyor.envs.tworoom.eval --subgoal gcidm+surveyor --gcidm-ckpt gcidm_official_tworoom_h100_s42.pt --gdm-ckpt gdm_tworoom_s10_gc_paired_e400v.pt --gdm-steps 50 --accept-tau 0.127 --sg-steps 10 --receding-horizon 2 --mode long --goal-offset 50 --eval-budget 100 --h5 "$DATA/tworoom.h5" --source pretrained --encoder-id quentinll/lewm-tworooms --device cuda --eval-filter none --episode-min 4000 --goal-from-proprio --num-eval 64 --seed 47 --cem-seed 47
38	tworoom	gcsurv_off_s42_tauown	50	48	logs/rbT_tworoom_gcsurv_off_s42_tauown_t50_seed48.log	python -m surveyor.envs.tworoom.eval --subgoal gcidm+surveyor --gcidm-ckpt gcidm_official_tworoom_h100_s42.pt --gdm-ckpt gdm_tworoom_s10_gc_paired_e400v.pt --gdm-steps 50 --accept-tau 0.127 --sg-steps 10 --receding-horizon 2 --mode long --goal-offset 50 --eval-budget 100 --h5 "$DATA/tworoom.h5" --source pretrained --encoder-id quentinll/lewm-tworooms --device cuda --eval-filter none --episode-min 4000 --goal-from-proprio --num-eval 64 --seed 48 --cem-seed 48
39	tworoom	gcsurv_off_s42_tauown	50	49	logs/rbT_tworoom_gcsurv_off_s42_tauown_t50_seed49.log	python -m surveyor.envs.tworoom.eval --subgoal gcidm+surveyor --gcidm-ckpt gcidm_official_tworoom_h100_s42.pt --gdm-ckpt gdm_tworoom_s10_gc_paired_e400v.pt --gdm-steps 50 --accept-tau 0.127 --sg-steps 10 --receding-horizon 2 --mode long --goal-offset 50 --eval-budget 100 --h5 "$DATA/tworoom.h5" --source pretrained --encoder-id quentinll/lewm-tworooms --device cuda --eval-filter none --episode-min 4000 --goal-from-proprio --num-eval 64 --seed 49 --cem-seed 49
40	tworoom	gcsurv_off_s42_tauown	75	42	logs/rbT_tworoom_gcsurv_off_s42_tauown_t75_seed42.log	python -m surveyor.envs.tworoom.eval --subgoal gcidm+surveyor --gcidm-ckpt gcidm_official_tworoom_h150_s42.pt --gdm-ckpt gdm_tworoom_s10_gc_paired_e400v.pt --gdm-steps 50 --accept-tau 0.127 --sg-steps 10 --receding-horizon 2 --mode long --goal-offset 75 --eval-budget 150 --h5 "$DATA/tworoom.h5" --source pretrained --encoder-id quentinll/lewm-tworooms --device cuda --eval-filter none --episode-min 4000 --goal-from-proprio --num-eval 64 --seed 42 --cem-seed 42
41	tworoom	gcsurv_off_s42_tauown	75	43	logs/rbT_tworoom_gcsurv_off_s42_tauown_t75_seed43.log	python -m surveyor.envs.tworoom.eval --subgoal gcidm+surveyor --gcidm-ckpt gcidm_official_tworoom_h150_s42.pt --gdm-ckpt gdm_tworoom_s10_gc_paired_e400v.pt --gdm-steps 50 --accept-tau 0.127 --sg-steps 10 --receding-horizon 2 --mode long --goal-offset 75 --eval-budget 150 --h5 "$DATA/tworoom.h5" --source pretrained --encoder-id quentinll/lewm-tworooms --device cuda --eval-filter none --episode-min 4000 --goal-from-proprio --num-eval 64 --seed 43 --cem-seed 43
42	tworoom	gcsurv_off_s42_tauown	75	44	logs/rbT_tworoom_gcsurv_off_s42_tauown_t75_seed44.log	python -m surveyor.envs.tworoom.eval --subgoal gcidm+surveyor --gcidm-ckpt gcidm_official_tworoom_h150_s42.pt --gdm-ckpt gdm_tworoom_s10_gc_paired_e400v.pt --gdm-steps 50 --accept-tau 0.127 --sg-steps 10 --receding-horizon 2 --mode long --goal-offset 75 --eval-budget 150 --h5 "$DATA/tworoom.h5" --source pretrained --encoder-id quentinll/lewm-tworooms --device cuda --eval-filter none --episode-min 4000 --goal-from-proprio --num-eval 64 --seed 44 --cem-seed 44
43	tworoom	gcsurv_off_s42_tauown	75	45	logs/rbT_tworoom_gcsurv_off_s42_tauown_t75_seed45.log	python -m surveyor.envs.tworoom.eval --subgoal gcidm+surveyor --gcidm-ckpt gcidm_official_tworoom_h150_s42.pt --gdm-ckpt gdm_tworoom_s10_gc_paired_e400v.pt --gdm-steps 50 --accept-tau 0.127 --sg-steps 10 --receding-horizon 2 --mode long --goal-offset 75 --eval-budget 150 --h5 "$DATA/tworoom.h5" --source pretrained --encoder-id quentinll/lewm-tworooms --device cuda --eval-filter none --episode-min 4000 --goal-from-proprio --num-eval 64 --seed 45 --cem-seed 45
44	tworoom	gcsurv_off_s42_tauown	75	46	logs/rbT_tworoom_gcsurv_off_s42_tauown_t75_seed46.log	python -m surveyor.envs.tworoom.eval --subgoal gcidm+surveyor --gcidm-ckpt gcidm_official_tworoom_h150_s42.pt --gdm-ckpt gdm_tworoom_s10_gc_paired_e400v.pt --gdm-steps 50 --accept-tau 0.127 --sg-steps 10 --receding-horizon 2 --mode long --goal-offset 75 --eval-budget 150 --h5 "$DATA/tworoom.h5" --source pretrained --encoder-id quentinll/lewm-tworooms --device cuda --eval-filter none --episode-min 4000 --goal-from-proprio --num-eval 64 --seed 46 --cem-seed 46
45	tworoom	gcsurv_off_s42_tauown	75	47	logs/rbT_tworoom_gcsurv_off_s42_tauown_t75_seed47.log	python -m surveyor.envs.tworoom.eval --subgoal gcidm+surveyor --gcidm-ckpt gcidm_official_tworoom_h150_s42.pt --gdm-ckpt gdm_tworoom_s10_gc_paired_e400v.pt --gdm-steps 50 --accept-tau 0.127 --sg-steps 10 --receding-horizon 2 --mode long --goal-offset 75 --eval-budget 150 --h5 "$DATA/tworoom.h5" --source pretrained --encoder-id quentinll/lewm-tworooms --device cuda --eval-filter none --episode-min 4000 --goal-from-proprio --num-eval 64 --seed 47 --cem-seed 47
46	tworoom	gcsurv_off_s42_tauown	75	48	logs/rbT_tworoom_gcsurv_off_s42_tauown_t75_seed48.log	python -m surveyor.envs.tworoom.eval --subgoal gcidm+surveyor --gcidm-ckpt gcidm_official_tworoom_h150_s42.pt --gdm-ckpt gdm_tworoom_s10_gc_paired_e400v.pt --gdm-steps 50 --accept-tau 0.127 --sg-steps 10 --receding-horizon 2 --mode long --goal-offset 75 --eval-budget 150 --h5 "$DATA/tworoom.h5" --source pretrained --encoder-id quentinll/lewm-tworooms --device cuda --eval-filter none --episode-min 4000 --goal-from-proprio --num-eval 64 --seed 48 --cem-seed 48
47	tworoom	gcsurv_off_s42_tauown	75	49	logs/rbT_tworoom_gcsurv_off_s42_tauown_t75_seed49.log	python -m surveyor.envs.tworoom.eval --subgoal gcidm+surveyor --gcidm-ckpt gcidm_official_tworoom_h150_s42.pt --gdm-ckpt gdm_tworoom_s10_gc_paired_e400v.pt --gdm-steps 50 --accept-tau 0.127 --sg-steps 10 --receding-horizon 2 --mode long --goal-offset 75 --eval-budget 150 --h5 "$DATA/tworoom.h5" --source pretrained --encoder-id quentinll/lewm-tworooms --device cuda --eval-filter none --episode-min 4000 --goal-from-proprio --num-eval 64 --seed 49 --cem-seed 49
48	tworoom	gd_pair_accept_tauown	25	42	logs/rbT_tworoom_gd_pair_accept_tauown_t25_seed42.log	python -m surveyor.envs.tworoom.eval --solver gd --subgoal paired+surveyor --gdm-ckpt gdm_tworoom_s10_gc_paired_e400v.pt --gdm-steps 50 --accept-tau 0.127 --receding-horizon 2 --mode long --goal-offset 25 --eval-budget 50 --h5 "$DATA/tworoom.h5" --source pretrained --encoder-id quentinll/lewm-tworooms --device cuda --eval-filter none --episode-min 4000 --goal-from-proprio --num-eval 64 --seed 42 --cem-seed 42
49	tworoom	gd_pair_accept_tauown	25	43	logs/rbT_tworoom_gd_pair_accept_tauown_t25_seed43.log	python -m surveyor.envs.tworoom.eval --solver gd --subgoal paired+surveyor --gdm-ckpt gdm_tworoom_s10_gc_paired_e400v.pt --gdm-steps 50 --accept-tau 0.127 --receding-horizon 2 --mode long --goal-offset 25 --eval-budget 50 --h5 "$DATA/tworoom.h5" --source pretrained --encoder-id quentinll/lewm-tworooms --device cuda --eval-filter none --episode-min 4000 --goal-from-proprio --num-eval 64 --seed 43 --cem-seed 43
50	tworoom	gd_pair_accept_tauown	25	44	logs/rbT_tworoom_gd_pair_accept_tauown_t25_seed44.log	python -m surveyor.envs.tworoom.eval --solver gd --subgoal paired+surveyor --gdm-ckpt gdm_tworoom_s10_gc_paired_e400v.pt --gdm-steps 50 --accept-tau 0.127 --receding-horizon 2 --mode long --goal-offset 25 --eval-budget 50 --h5 "$DATA/tworoom.h5" --source pretrained --encoder-id quentinll/lewm-tworooms --device cuda --eval-filter none --episode-min 4000 --goal-from-proprio --num-eval 64 --seed 44 --cem-seed 44
51	tworoom	gd_pair_accept_tauown	25	45	logs/rbT_tworoom_gd_pair_accept_tauown_t25_seed45.log	python -m surveyor.envs.tworoom.eval --solver gd --subgoal paired+surveyor --gdm-ckpt gdm_tworoom_s10_gc_paired_e400v.pt --gdm-steps 50 --accept-tau 0.127 --receding-horizon 2 --mode long --goal-offset 25 --eval-budget 50 --h5 "$DATA/tworoom.h5" --source pretrained --encoder-id quentinll/lewm-tworooms --device cuda --eval-filter none --episode-min 4000 --goal-from-proprio --num-eval 64 --seed 45 --cem-seed 45
52	tworoom	gd_pair_accept_tauown	25	46	logs/rbT_tworoom_gd_pair_accept_tauown_t25_seed46.log	python -m surveyor.envs.tworoom.eval --solver gd --subgoal paired+surveyor --gdm-ckpt gdm_tworoom_s10_gc_paired_e400v.pt --gdm-steps 50 --accept-tau 0.127 --receding-horizon 2 --mode long --goal-offset 25 --eval-budget 50 --h5 "$DATA/tworoom.h5" --source pretrained --encoder-id quentinll/lewm-tworooms --device cuda --eval-filter none --episode-min 4000 --goal-from-proprio --num-eval 64 --seed 46 --cem-seed 46
53	tworoom	gd_pair_accept_tauown	25	47	logs/rbT_tworoom_gd_pair_accept_tauown_t25_seed47.log	python -m surveyor.envs.tworoom.eval --solver gd --subgoal paired+surveyor --gdm-ckpt gdm_tworoom_s10_gc_paired_e400v.pt --gdm-steps 50 --accept-tau 0.127 --receding-horizon 2 --mode long --goal-offset 25 --eval-budget 50 --h5 "$DATA/tworoom.h5" --source pretrained --encoder-id quentinll/lewm-tworooms --device cuda --eval-filter none --episode-min 4000 --goal-from-proprio --num-eval 64 --seed 47 --cem-seed 47
54	tworoom	gd_pair_accept_tauown	25	48	logs/rbT_tworoom_gd_pair_accept_tauown_t25_seed48.log	python -m surveyor.envs.tworoom.eval --solver gd --subgoal paired+surveyor --gdm-ckpt gdm_tworoom_s10_gc_paired_e400v.pt --gdm-steps 50 --accept-tau 0.127 --receding-horizon 2 --mode long --goal-offset 25 --eval-budget 50 --h5 "$DATA/tworoom.h5" --source pretrained --encoder-id quentinll/lewm-tworooms --device cuda --eval-filter none --episode-min 4000 --goal-from-proprio --num-eval 64 --seed 48 --cem-seed 48
55	tworoom	gd_pair_accept_tauown	25	49	logs/rbT_tworoom_gd_pair_accept_tauown_t25_seed49.log	python -m surveyor.envs.tworoom.eval --solver gd --subgoal paired+surveyor --gdm-ckpt gdm_tworoom_s10_gc_paired_e400v.pt --gdm-steps 50 --accept-tau 0.127 --receding-horizon 2 --mode long --goal-offset 25 --eval-budget 50 --h5 "$DATA/tworoom.h5" --source pretrained --encoder-id quentinll/lewm-tworooms --device cuda --eval-filter none --episode-min 4000 --goal-from-proprio --num-eval 64 --seed 49 --cem-seed 49
56	tworoom	gd_pair_accept_tauown	50	42	logs/rbT_tworoom_gd_pair_accept_tauown_t50_seed42.log	python -m surveyor.envs.tworoom.eval --solver gd --subgoal paired+surveyor --gdm-ckpt gdm_tworoom_s10_gc_paired_e400v.pt --gdm-steps 50 --accept-tau 0.127 --receding-horizon 2 --mode long --goal-offset 50 --eval-budget 100 --h5 "$DATA/tworoom.h5" --source pretrained --encoder-id quentinll/lewm-tworooms --device cuda --eval-filter none --episode-min 4000 --goal-from-proprio --num-eval 64 --seed 42 --cem-seed 42
57	tworoom	gd_pair_accept_tauown	50	43	logs/rbT_tworoom_gd_pair_accept_tauown_t50_seed43.log	python -m surveyor.envs.tworoom.eval --solver gd --subgoal paired+surveyor --gdm-ckpt gdm_tworoom_s10_gc_paired_e400v.pt --gdm-steps 50 --accept-tau 0.127 --receding-horizon 2 --mode long --goal-offset 50 --eval-budget 100 --h5 "$DATA/tworoom.h5" --source pretrained --encoder-id quentinll/lewm-tworooms --device cuda --eval-filter none --episode-min 4000 --goal-from-proprio --num-eval 64 --seed 43 --cem-seed 43
58	tworoom	gd_pair_accept_tauown	50	44	logs/rbT_tworoom_gd_pair_accept_tauown_t50_seed44.log	python -m surveyor.envs.tworoom.eval --solver gd --subgoal paired+surveyor --gdm-ckpt gdm_tworoom_s10_gc_paired_e400v.pt --gdm-steps 50 --accept-tau 0.127 --receding-horizon 2 --mode long --goal-offset 50 --eval-budget 100 --h5 "$DATA/tworoom.h5" --source pretrained --encoder-id quentinll/lewm-tworooms --device cuda --eval-filter none --episode-min 4000 --goal-from-proprio --num-eval 64 --seed 44 --cem-seed 44
59	tworoom	gd_pair_accept_tauown	50	45	logs/rbT_tworoom_gd_pair_accept_tauown_t50_seed45.log	python -m surveyor.envs.tworoom.eval --solver gd --subgoal paired+surveyor --gdm-ckpt gdm_tworoom_s10_gc_paired_e400v.pt --gdm-steps 50 --accept-tau 0.127 --receding-horizon 2 --mode long --goal-offset 50 --eval-budget 100 --h5 "$DATA/tworoom.h5" --source pretrained --encoder-id quentinll/lewm-tworooms --device cuda --eval-filter none --episode-min 4000 --goal-from-proprio --num-eval 64 --seed 45 --cem-seed 45
60	tworoom	gd_pair_accept_tauown	50	46	logs/rbT_tworoom_gd_pair_accept_tauown_t50_seed46.log	python -m surveyor.envs.tworoom.eval --solver gd --subgoal paired+surveyor --gdm-ckpt gdm_tworoom_s10_gc_paired_e400v.pt --gdm-steps 50 --accept-tau 0.127 --receding-horizon 2 --mode long --goal-offset 50 --eval-budget 100 --h5 "$DATA/tworoom.h5" --source pretrained --encoder-id quentinll/lewm-tworooms --device cuda --eval-filter none --episode-min 4000 --goal-from-proprio --num-eval 64 --seed 46 --cem-seed 46
61	tworoom	gd_pair_accept_tauown	50	47	logs/rbT_tworoom_gd_pair_accept_tauown_t50_seed47.log	python -m surveyor.envs.tworoom.eval --solver gd --subgoal paired+surveyor --gdm-ckpt gdm_tworoom_s10_gc_paired_e400v.pt --gdm-steps 50 --accept-tau 0.127 --receding-horizon 2 --mode long --goal-offset 50 --eval-budget 100 --h5 "$DATA/tworoom.h5" --source pretrained --encoder-id quentinll/lewm-tworooms --device cuda --eval-filter none --episode-min 4000 --goal-from-proprio --num-eval 64 --seed 47 --cem-seed 47
62	tworoom	gd_pair_accept_tauown	50	48	logs/rbT_tworoom_gd_pair_accept_tauown_t50_seed48.log	python -m surveyor.envs.tworoom.eval --solver gd --subgoal paired+surveyor --gdm-ckpt gdm_tworoom_s10_gc_paired_e400v.pt --gdm-steps 50 --accept-tau 0.127 --receding-horizon 2 --mode long --goal-offset 50 --eval-budget 100 --h5 "$DATA/tworoom.h5" --source pretrained --encoder-id quentinll/lewm-tworooms --device cuda --eval-filter none --episode-min 4000 --goal-from-proprio --num-eval 64 --seed 48 --cem-seed 48
63	tworoom	gd_pair_accept_tauown	50	49	logs/rbT_tworoom_gd_pair_accept_tauown_t50_seed49.log	python -m surveyor.envs.tworoom.eval --solver gd --subgoal paired+surveyor --gdm-ckpt gdm_tworoom_s10_gc_paired_e400v.pt --gdm-steps 50 --accept-tau 0.127 --receding-horizon 2 --mode long --goal-offset 50 --eval-budget 100 --h5 "$DATA/tworoom.h5" --source pretrained --encoder-id quentinll/lewm-tworooms --device cuda --eval-filter none --episode-min 4000 --goal-from-proprio --num-eval 64 --seed 49 --cem-seed 49
64	tworoom	gd_pair_accept_tauown	75	42	logs/rbT_tworoom_gd_pair_accept_tauown_t75_seed42.log	python -m surveyor.envs.tworoom.eval --solver gd --subgoal paired+surveyor --gdm-ckpt gdm_tworoom_s10_gc_paired_e400v.pt --gdm-steps 50 --accept-tau 0.127 --receding-horizon 2 --mode long --goal-offset 75 --eval-budget 150 --h5 "$DATA/tworoom.h5" --source pretrained --encoder-id quentinll/lewm-tworooms --device cuda --eval-filter none --episode-min 4000 --goal-from-proprio --num-eval 64 --seed 42 --cem-seed 42
65	tworoom	gd_pair_accept_tauown	75	43	logs/rbT_tworoom_gd_pair_accept_tauown_t75_seed43.log	python -m surveyor.envs.tworoom.eval --solver gd --subgoal paired+surveyor --gdm-ckpt gdm_tworoom_s10_gc_paired_e400v.pt --gdm-steps 50 --accept-tau 0.127 --receding-horizon 2 --mode long --goal-offset 75 --eval-budget 150 --h5 "$DATA/tworoom.h5" --source pretrained --encoder-id quentinll/lewm-tworooms --device cuda --eval-filter none --episode-min 4000 --goal-from-proprio --num-eval 64 --seed 43 --cem-seed 43
66	tworoom	gd_pair_accept_tauown	75	44	logs/rbT_tworoom_gd_pair_accept_tauown_t75_seed44.log	python -m surveyor.envs.tworoom.eval --solver gd --subgoal paired+surveyor --gdm-ckpt gdm_tworoom_s10_gc_paired_e400v.pt --gdm-steps 50 --accept-tau 0.127 --receding-horizon 2 --mode long --goal-offset 75 --eval-budget 150 --h5 "$DATA/tworoom.h5" --source pretrained --encoder-id quentinll/lewm-tworooms --device cuda --eval-filter none --episode-min 4000 --goal-from-proprio --num-eval 64 --seed 44 --cem-seed 44
67	tworoom	gd_pair_accept_tauown	75	45	logs/rbT_tworoom_gd_pair_accept_tauown_t75_seed45.log	python -m surveyor.envs.tworoom.eval --solver gd --subgoal paired+surveyor --gdm-ckpt gdm_tworoom_s10_gc_paired_e400v.pt --gdm-steps 50 --accept-tau 0.127 --receding-horizon 2 --mode long --goal-offset 75 --eval-budget 150 --h5 "$DATA/tworoom.h5" --source pretrained --encoder-id quentinll/lewm-tworooms --device cuda --eval-filter none --episode-min 4000 --goal-from-proprio --num-eval 64 --seed 45 --cem-seed 45
68	tworoom	gd_pair_accept_tauown	75	46	logs/rbT_tworoom_gd_pair_accept_tauown_t75_seed46.log	python -m surveyor.envs.tworoom.eval --solver gd --subgoal paired+surveyor --gdm-ckpt gdm_tworoom_s10_gc_paired_e400v.pt --gdm-steps 50 --accept-tau 0.127 --receding-horizon 2 --mode long --goal-offset 75 --eval-budget 150 --h5 "$DATA/tworoom.h5" --source pretrained --encoder-id quentinll/lewm-tworooms --device cuda --eval-filter none --episode-min 4000 --goal-from-proprio --num-eval 64 --seed 46 --cem-seed 46
69	tworoom	gd_pair_accept_tauown	75	47	logs/rbT_tworoom_gd_pair_accept_tauown_t75_seed47.log	python -m surveyor.envs.tworoom.eval --solver gd --subgoal paired+surveyor --gdm-ckpt gdm_tworoom_s10_gc_paired_e400v.pt --gdm-steps 50 --accept-tau 0.127 --receding-horizon 2 --mode long --goal-offset 75 --eval-budget 150 --h5 "$DATA/tworoom.h5" --source pretrained --encoder-id quentinll/lewm-tworooms --device cuda --eval-filter none --episode-min 4000 --goal-from-proprio --num-eval 64 --seed 47 --cem-seed 47
70	tworoom	gd_pair_accept_tauown	75	48	logs/rbT_tworoom_gd_pair_accept_tauown_t75_seed48.log	python -m surveyor.envs.tworoom.eval --solver gd --subgoal paired+surveyor --gdm-ckpt gdm_tworoom_s10_gc_paired_e400v.pt --gdm-steps 50 --accept-tau 0.127 --receding-horizon 2 --mode long --goal-offset 75 --eval-budget 150 --h5 "$DATA/tworoom.h5" --source pretrained --encoder-id quentinll/lewm-tworooms --device cuda --eval-filter none --episode-min 4000 --goal-from-proprio --num-eval 64 --seed 48 --cem-seed 48
71	tworoom	gd_pair_accept_tauown	75	49	logs/rbT_tworoom_gd_pair_accept_tauown_t75_seed49.log	python -m surveyor.envs.tworoom.eval --solver gd --subgoal paired+surveyor --gdm-ckpt gdm_tworoom_s10_gc_paired_e400v.pt --gdm-steps 50 --accept-tau 0.127 --receding-horizon 2 --mode long --goal-offset 75 --eval-budget 150 --h5 "$DATA/tworoom.h5" --source pretrained --encoder-id quentinll/lewm-tworooms --device cuda --eval-filter none --episode-min 4000 --goal-from-proprio --num-eval 64 --seed 49 --cem-seed 49
72	tworoom	gd_router_tauown	25	42	logs/rbT_tworoom_gd_router_tauown_t25_seed42.log	python -m surveyor.envs.tworoom.eval --solver gd --subgoal router+surveyor --gdm-ckpt gdm_tworoom_s10_gc_paired_e400v.pt --gdm-steps 50 --accept-tau 0.127 --receding-horizon 2 --mode long --goal-offset 25 --eval-budget 50 --h5 "$DATA/tworoom.h5" --source pretrained --encoder-id quentinll/lewm-tworooms --device cuda --eval-filter none --episode-min 4000 --goal-from-proprio --num-eval 64 --seed 42 --cem-seed 42
73	tworoom	gd_router_tauown	25	43	logs/rbT_tworoom_gd_router_tauown_t25_seed43.log	python -m surveyor.envs.tworoom.eval --solver gd --subgoal router+surveyor --gdm-ckpt gdm_tworoom_s10_gc_paired_e400v.pt --gdm-steps 50 --accept-tau 0.127 --receding-horizon 2 --mode long --goal-offset 25 --eval-budget 50 --h5 "$DATA/tworoom.h5" --source pretrained --encoder-id quentinll/lewm-tworooms --device cuda --eval-filter none --episode-min 4000 --goal-from-proprio --num-eval 64 --seed 43 --cem-seed 43
74	tworoom	gd_router_tauown	25	44	logs/rbT_tworoom_gd_router_tauown_t25_seed44.log	python -m surveyor.envs.tworoom.eval --solver gd --subgoal router+surveyor --gdm-ckpt gdm_tworoom_s10_gc_paired_e400v.pt --gdm-steps 50 --accept-tau 0.127 --receding-horizon 2 --mode long --goal-offset 25 --eval-budget 50 --h5 "$DATA/tworoom.h5" --source pretrained --encoder-id quentinll/lewm-tworooms --device cuda --eval-filter none --episode-min 4000 --goal-from-proprio --num-eval 64 --seed 44 --cem-seed 44
75	tworoom	gd_router_tauown	25	45	logs/rbT_tworoom_gd_router_tauown_t25_seed45.log	python -m surveyor.envs.tworoom.eval --solver gd --subgoal router+surveyor --gdm-ckpt gdm_tworoom_s10_gc_paired_e400v.pt --gdm-steps 50 --accept-tau 0.127 --receding-horizon 2 --mode long --goal-offset 25 --eval-budget 50 --h5 "$DATA/tworoom.h5" --source pretrained --encoder-id quentinll/lewm-tworooms --device cuda --eval-filter none --episode-min 4000 --goal-from-proprio --num-eval 64 --seed 45 --cem-seed 45
76	tworoom	gd_router_tauown	25	46	logs/rbT_tworoom_gd_router_tauown_t25_seed46.log	python -m surveyor.envs.tworoom.eval --solver gd --subgoal router+surveyor --gdm-ckpt gdm_tworoom_s10_gc_paired_e400v.pt --gdm-steps 50 --accept-tau 0.127 --receding-horizon 2 --mode long --goal-offset 25 --eval-budget 50 --h5 "$DATA/tworoom.h5" --source pretrained --encoder-id quentinll/lewm-tworooms --device cuda --eval-filter none --episode-min 4000 --goal-from-proprio --num-eval 64 --seed 46 --cem-seed 46
77	tworoom	gd_router_tauown	25	47	logs/rbT_tworoom_gd_router_tauown_t25_seed47.log	python -m surveyor.envs.tworoom.eval --solver gd --subgoal router+surveyor --gdm-ckpt gdm_tworoom_s10_gc_paired_e400v.pt --gdm-steps 50 --accept-tau 0.127 --receding-horizon 2 --mode long --goal-offset 25 --eval-budget 50 --h5 "$DATA/tworoom.h5" --source pretrained --encoder-id quentinll/lewm-tworooms --device cuda --eval-filter none --episode-min 4000 --goal-from-proprio --num-eval 64 --seed 47 --cem-seed 47
78	tworoom	gd_router_tauown	25	48	logs/rbT_tworoom_gd_router_tauown_t25_seed48.log	python -m surveyor.envs.tworoom.eval --solver gd --subgoal router+surveyor --gdm-ckpt gdm_tworoom_s10_gc_paired_e400v.pt --gdm-steps 50 --accept-tau 0.127 --receding-horizon 2 --mode long --goal-offset 25 --eval-budget 50 --h5 "$DATA/tworoom.h5" --source pretrained --encoder-id quentinll/lewm-tworooms --device cuda --eval-filter none --episode-min 4000 --goal-from-proprio --num-eval 64 --seed 48 --cem-seed 48
79	tworoom	gd_router_tauown	25	49	logs/rbT_tworoom_gd_router_tauown_t25_seed49.log	python -m surveyor.envs.tworoom.eval --solver gd --subgoal router+surveyor --gdm-ckpt gdm_tworoom_s10_gc_paired_e400v.pt --gdm-steps 50 --accept-tau 0.127 --receding-horizon 2 --mode long --goal-offset 25 --eval-budget 50 --h5 "$DATA/tworoom.h5" --source pretrained --encoder-id quentinll/lewm-tworooms --device cuda --eval-filter none --episode-min 4000 --goal-from-proprio --num-eval 64 --seed 49 --cem-seed 49
80	tworoom	gd_router_tauown	50	42	logs/rbT_tworoom_gd_router_tauown_t50_seed42.log	python -m surveyor.envs.tworoom.eval --solver gd --subgoal router+surveyor --gdm-ckpt gdm_tworoom_s10_gc_paired_e400v.pt --gdm-steps 50 --accept-tau 0.127 --receding-horizon 2 --mode long --goal-offset 50 --eval-budget 100 --h5 "$DATA/tworoom.h5" --source pretrained --encoder-id quentinll/lewm-tworooms --device cuda --eval-filter none --episode-min 4000 --goal-from-proprio --num-eval 64 --seed 42 --cem-seed 42
81	tworoom	gd_router_tauown	50	43	logs/rbT_tworoom_gd_router_tauown_t50_seed43.log	python -m surveyor.envs.tworoom.eval --solver gd --subgoal router+surveyor --gdm-ckpt gdm_tworoom_s10_gc_paired_e400v.pt --gdm-steps 50 --accept-tau 0.127 --receding-horizon 2 --mode long --goal-offset 50 --eval-budget 100 --h5 "$DATA/tworoom.h5" --source pretrained --encoder-id quentinll/lewm-tworooms --device cuda --eval-filter none --episode-min 4000 --goal-from-proprio --num-eval 64 --seed 43 --cem-seed 43
82	tworoom	gd_router_tauown	50	44	logs/rbT_tworoom_gd_router_tauown_t50_seed44.log	python -m surveyor.envs.tworoom.eval --solver gd --subgoal router+surveyor --gdm-ckpt gdm_tworoom_s10_gc_paired_e400v.pt --gdm-steps 50 --accept-tau 0.127 --receding-horizon 2 --mode long --goal-offset 50 --eval-budget 100 --h5 "$DATA/tworoom.h5" --source pretrained --encoder-id quentinll/lewm-tworooms --device cuda --eval-filter none --episode-min 4000 --goal-from-proprio --num-eval 64 --seed 44 --cem-seed 44
83	tworoom	gd_router_tauown	50	45	logs/rbT_tworoom_gd_router_tauown_t50_seed45.log	python -m surveyor.envs.tworoom.eval --solver gd --subgoal router+surveyor --gdm-ckpt gdm_tworoom_s10_gc_paired_e400v.pt --gdm-steps 50 --accept-tau 0.127 --receding-horizon 2 --mode long --goal-offset 50 --eval-budget 100 --h5 "$DATA/tworoom.h5" --source pretrained --encoder-id quentinll/lewm-tworooms --device cuda --eval-filter none --episode-min 4000 --goal-from-proprio --num-eval 64 --seed 45 --cem-seed 45
84	tworoom	gd_router_tauown	50	46	logs/rbT_tworoom_gd_router_tauown_t50_seed46.log	python -m surveyor.envs.tworoom.eval --solver gd --subgoal router+surveyor --gdm-ckpt gdm_tworoom_s10_gc_paired_e400v.pt --gdm-steps 50 --accept-tau 0.127 --receding-horizon 2 --mode long --goal-offset 50 --eval-budget 100 --h5 "$DATA/tworoom.h5" --source pretrained --encoder-id quentinll/lewm-tworooms --device cuda --eval-filter none --episode-min 4000 --goal-from-proprio --num-eval 64 --seed 46 --cem-seed 46
85	tworoom	gd_router_tauown	50	47	logs/rbT_tworoom_gd_router_tauown_t50_seed47.log	python -m surveyor.envs.tworoom.eval --solver gd --subgoal router+surveyor --gdm-ckpt gdm_tworoom_s10_gc_paired_e400v.pt --gdm-steps 50 --accept-tau 0.127 --receding-horizon 2 --mode long --goal-offset 50 --eval-budget 100 --h5 "$DATA/tworoom.h5" --source pretrained --encoder-id quentinll/lewm-tworooms --device cuda --eval-filter none --episode-min 4000 --goal-from-proprio --num-eval 64 --seed 47 --cem-seed 47
86	tworoom	gd_router_tauown	50	48	logs/rbT_tworoom_gd_router_tauown_t50_seed48.log	python -m surveyor.envs.tworoom.eval --solver gd --subgoal router+surveyor --gdm-ckpt gdm_tworoom_s10_gc_paired_e400v.pt --gdm-steps 50 --accept-tau 0.127 --receding-horizon 2 --mode long --goal-offset 50 --eval-budget 100 --h5 "$DATA/tworoom.h5" --source pretrained --encoder-id quentinll/lewm-tworooms --device cuda --eval-filter none --episode-min 4000 --goal-from-proprio --num-eval 64 --seed 48 --cem-seed 48
87	tworoom	gd_router_tauown	50	49	logs/rbT_tworoom_gd_router_tauown_t50_seed49.log	python -m surveyor.envs.tworoom.eval --solver gd --subgoal router+surveyor --gdm-ckpt gdm_tworoom_s10_gc_paired_e400v.pt --gdm-steps 50 --accept-tau 0.127 --receding-horizon 2 --mode long --goal-offset 50 --eval-budget 100 --h5 "$DATA/tworoom.h5" --source pretrained --encoder-id quentinll/lewm-tworooms --device cuda --eval-filter none --episode-min 4000 --goal-from-proprio --num-eval 64 --seed 49 --cem-seed 49
88	tworoom	gd_router_tauown	75	42	logs/rbT_tworoom_gd_router_tauown_t75_seed42.log	python -m surveyor.envs.tworoom.eval --solver gd --subgoal router+surveyor --gdm-ckpt gdm_tworoom_s10_gc_paired_e400v.pt --gdm-steps 50 --accept-tau 0.127 --receding-horizon 2 --mode long --goal-offset 75 --eval-budget 150 --h5 "$DATA/tworoom.h5" --source pretrained --encoder-id quentinll/lewm-tworooms --device cuda --eval-filter none --episode-min 4000 --goal-from-proprio --num-eval 64 --seed 42 --cem-seed 42
89	tworoom	gd_router_tauown	75	43	logs/rbT_tworoom_gd_router_tauown_t75_seed43.log	python -m surveyor.envs.tworoom.eval --solver gd --subgoal router+surveyor --gdm-ckpt gdm_tworoom_s10_gc_paired_e400v.pt --gdm-steps 50 --accept-tau 0.127 --receding-horizon 2 --mode long --goal-offset 75 --eval-budget 150 --h5 "$DATA/tworoom.h5" --source pretrained --encoder-id quentinll/lewm-tworooms --device cuda --eval-filter none --episode-min 4000 --goal-from-proprio --num-eval 64 --seed 43 --cem-seed 43
90	tworoom	gd_router_tauown	75	44	logs/rbT_tworoom_gd_router_tauown_t75_seed44.log	python -m surveyor.envs.tworoom.eval --solver gd --subgoal router+surveyor --gdm-ckpt gdm_tworoom_s10_gc_paired_e400v.pt --gdm-steps 50 --accept-tau 0.127 --receding-horizon 2 --mode long --goal-offset 75 --eval-budget 150 --h5 "$DATA/tworoom.h5" --source pretrained --encoder-id quentinll/lewm-tworooms --device cuda --eval-filter none --episode-min 4000 --goal-from-proprio --num-eval 64 --seed 44 --cem-seed 44
91	tworoom	gd_router_tauown	75	45	logs/rbT_tworoom_gd_router_tauown_t75_seed45.log	python -m surveyor.envs.tworoom.eval --solver gd --subgoal router+surveyor --gdm-ckpt gdm_tworoom_s10_gc_paired_e400v.pt --gdm-steps 50 --accept-tau 0.127 --receding-horizon 2 --mode long --goal-offset 75 --eval-budget 150 --h5 "$DATA/tworoom.h5" --source pretrained --encoder-id quentinll/lewm-tworooms --device cuda --eval-filter none --episode-min 4000 --goal-from-proprio --num-eval 64 --seed 45 --cem-seed 45
92	tworoom	gd_router_tauown	75	46	logs/rbT_tworoom_gd_router_tauown_t75_seed46.log	python -m surveyor.envs.tworoom.eval --solver gd --subgoal router+surveyor --gdm-ckpt gdm_tworoom_s10_gc_paired_e400v.pt --gdm-steps 50 --accept-tau 0.127 --receding-horizon 2 --mode long --goal-offset 75 --eval-budget 150 --h5 "$DATA/tworoom.h5" --source pretrained --encoder-id quentinll/lewm-tworooms --device cuda --eval-filter none --episode-min 4000 --goal-from-proprio --num-eval 64 --seed 46 --cem-seed 46
93	tworoom	gd_router_tauown	75	47	logs/rbT_tworoom_gd_router_tauown_t75_seed47.log	python -m surveyor.envs.tworoom.eval --solver gd --subgoal router+surveyor --gdm-ckpt gdm_tworoom_s10_gc_paired_e400v.pt --gdm-steps 50 --accept-tau 0.127 --receding-horizon 2 --mode long --goal-offset 75 --eval-budget 150 --h5 "$DATA/tworoom.h5" --source pretrained --encoder-id quentinll/lewm-tworooms --device cuda --eval-filter none --episode-min 4000 --goal-from-proprio --num-eval 64 --seed 47 --cem-seed 47
94	tworoom	gd_router_tauown	75	48	logs/rbT_tworoom_gd_router_tauown_t75_seed48.log	python -m surveyor.envs.tworoom.eval --solver gd --subgoal router+surveyor --gdm-ckpt gdm_tworoom_s10_gc_paired_e400v.pt --gdm-steps 50 --accept-tau 0.127 --receding-horizon 2 --mode long --goal-offset 75 --eval-budget 150 --h5 "$DATA/tworoom.h5" --source pretrained --encoder-id quentinll/lewm-tworooms --device cuda --eval-filter none --episode-min 4000 --goal-from-proprio --num-eval 64 --seed 48 --cem-seed 48
95	tworoom	gd_router_tauown	75	49	logs/rbT_tworoom_gd_router_tauown_t75_seed49.log	python -m surveyor.envs.tworoom.eval --solver gd --subgoal router+surveyor --gdm-ckpt gdm_tworoom_s10_gc_paired_e400v.pt --gdm-steps 50 --accept-tau 0.127 --receding-horizon 2 --mode long --goal-offset 75 --eval-budget 150 --h5 "$DATA/tworoom.h5" --source pretrained --encoder-id quentinll/lewm-tworooms --device cuda --eval-filter none --episode-min 4000 --goal-from-proprio --num-eval 64 --seed 49 --cem-seed 49
96	tworoom	icem_pair_accept_tauown	25	42	logs/rbT_tworoom_icem_pair_accept_tauown_t25_seed42.log	python -m surveyor.envs.tworoom.eval --solver icem --subgoal paired+surveyor --gdm-ckpt gdm_tworoom_s10_gc_paired_e400v.pt --gdm-steps 50 --accept-tau 0.127 --receding-horizon 2 --mode long --goal-offset 25 --eval-budget 50 --h5 "$DATA/tworoom.h5" --source pretrained --encoder-id quentinll/lewm-tworooms --device cuda --eval-filter none --episode-min 4000 --goal-from-proprio --num-eval 64 --seed 42 --cem-seed 42
97	tworoom	icem_pair_accept_tauown	25	43	logs/rbT_tworoom_icem_pair_accept_tauown_t25_seed43.log	python -m surveyor.envs.tworoom.eval --solver icem --subgoal paired+surveyor --gdm-ckpt gdm_tworoom_s10_gc_paired_e400v.pt --gdm-steps 50 --accept-tau 0.127 --receding-horizon 2 --mode long --goal-offset 25 --eval-budget 50 --h5 "$DATA/tworoom.h5" --source pretrained --encoder-id quentinll/lewm-tworooms --device cuda --eval-filter none --episode-min 4000 --goal-from-proprio --num-eval 64 --seed 43 --cem-seed 43
98	tworoom	icem_pair_accept_tauown	25	44	logs/rbT_tworoom_icem_pair_accept_tauown_t25_seed44.log	python -m surveyor.envs.tworoom.eval --solver icem --subgoal paired+surveyor --gdm-ckpt gdm_tworoom_s10_gc_paired_e400v.pt --gdm-steps 50 --accept-tau 0.127 --receding-horizon 2 --mode long --goal-offset 25 --eval-budget 50 --h5 "$DATA/tworoom.h5" --source pretrained --encoder-id quentinll/lewm-tworooms --device cuda --eval-filter none --episode-min 4000 --goal-from-proprio --num-eval 64 --seed 44 --cem-seed 44
99	tworoom	icem_pair_accept_tauown	25	45	logs/rbT_tworoom_icem_pair_accept_tauown_t25_seed45.log	python -m surveyor.envs.tworoom.eval --solver icem --subgoal paired+surveyor --gdm-ckpt gdm_tworoom_s10_gc_paired_e400v.pt --gdm-steps 50 --accept-tau 0.127 --receding-horizon 2 --mode long --goal-offset 25 --eval-budget 50 --h5 "$DATA/tworoom.h5" --source pretrained --encoder-id quentinll/lewm-tworooms --device cuda --eval-filter none --episode-min 4000 --goal-from-proprio --num-eval 64 --seed 45 --cem-seed 45
100	tworoom	icem_pair_accept_tauown	25	46	logs/rbT_tworoom_icem_pair_accept_tauown_t25_seed46.log	python -m surveyor.envs.tworoom.eval --solver icem --subgoal paired+surveyor --gdm-ckpt gdm_tworoom_s10_gc_paired_e400v.pt --gdm-steps 50 --accept-tau 0.127 --receding-horizon 2 --mode long --goal-offset 25 --eval-budget 50 --h5 "$DATA/tworoom.h5" --source pretrained --encoder-id quentinll/lewm-tworooms --device cuda --eval-filter none --episode-min 4000 --goal-from-proprio --num-eval 64 --seed 46 --cem-seed 46
101	tworoom	icem_pair_accept_tauown	25	47	logs/rbT_tworoom_icem_pair_accept_tauown_t25_seed47.log	python -m surveyor.envs.tworoom.eval --solver icem --subgoal paired+surveyor --gdm-ckpt gdm_tworoom_s10_gc_paired_e400v.pt --gdm-steps 50 --accept-tau 0.127 --receding-horizon 2 --mode long --goal-offset 25 --eval-budget 50 --h5 "$DATA/tworoom.h5" --source pretrained --encoder-id quentinll/lewm-tworooms --device cuda --eval-filter none --episode-min 4000 --goal-from-proprio --num-eval 64 --seed 47 --cem-seed 47
102	tworoom	icem_pair_accept_tauown	25	48	logs/rbT_tworoom_icem_pair_accept_tauown_t25_seed48.log	python -m surveyor.envs.tworoom.eval --solver icem --subgoal paired+surveyor --gdm-ckpt gdm_tworoom_s10_gc_paired_e400v.pt --gdm-steps 50 --accept-tau 0.127 --receding-horizon 2 --mode long --goal-offset 25 --eval-budget 50 --h5 "$DATA/tworoom.h5" --source pretrained --encoder-id quentinll/lewm-tworooms --device cuda --eval-filter none --episode-min 4000 --goal-from-proprio --num-eval 64 --seed 48 --cem-seed 48
103	tworoom	icem_pair_accept_tauown	25	49	logs/rbT_tworoom_icem_pair_accept_tauown_t25_seed49.log	python -m surveyor.envs.tworoom.eval --solver icem --subgoal paired+surveyor --gdm-ckpt gdm_tworoom_s10_gc_paired_e400v.pt --gdm-steps 50 --accept-tau 0.127 --receding-horizon 2 --mode long --goal-offset 25 --eval-budget 50 --h5 "$DATA/tworoom.h5" --source pretrained --encoder-id quentinll/lewm-tworooms --device cuda --eval-filter none --episode-min 4000 --goal-from-proprio --num-eval 64 --seed 49 --cem-seed 49
104	tworoom	icem_pair_accept_tauown	50	42	logs/rbT_tworoom_icem_pair_accept_tauown_t50_seed42.log	python -m surveyor.envs.tworoom.eval --solver icem --subgoal paired+surveyor --gdm-ckpt gdm_tworoom_s10_gc_paired_e400v.pt --gdm-steps 50 --accept-tau 0.127 --receding-horizon 2 --mode long --goal-offset 50 --eval-budget 100 --h5 "$DATA/tworoom.h5" --source pretrained --encoder-id quentinll/lewm-tworooms --device cuda --eval-filter none --episode-min 4000 --goal-from-proprio --num-eval 64 --seed 42 --cem-seed 42
105	tworoom	icem_pair_accept_tauown	50	43	logs/rbT_tworoom_icem_pair_accept_tauown_t50_seed43.log	python -m surveyor.envs.tworoom.eval --solver icem --subgoal paired+surveyor --gdm-ckpt gdm_tworoom_s10_gc_paired_e400v.pt --gdm-steps 50 --accept-tau 0.127 --receding-horizon 2 --mode long --goal-offset 50 --eval-budget 100 --h5 "$DATA/tworoom.h5" --source pretrained --encoder-id quentinll/lewm-tworooms --device cuda --eval-filter none --episode-min 4000 --goal-from-proprio --num-eval 64 --seed 43 --cem-seed 43
106	tworoom	icem_pair_accept_tauown	50	44	logs/rbT_tworoom_icem_pair_accept_tauown_t50_seed44.log	python -m surveyor.envs.tworoom.eval --solver icem --subgoal paired+surveyor --gdm-ckpt gdm_tworoom_s10_gc_paired_e400v.pt --gdm-steps 50 --accept-tau 0.127 --receding-horizon 2 --mode long --goal-offset 50 --eval-budget 100 --h5 "$DATA/tworoom.h5" --source pretrained --encoder-id quentinll/lewm-tworooms --device cuda --eval-filter none --episode-min 4000 --goal-from-proprio --num-eval 64 --seed 44 --cem-seed 44
107	tworoom	icem_pair_accept_tauown	50	45	logs/rbT_tworoom_icem_pair_accept_tauown_t50_seed45.log	python -m surveyor.envs.tworoom.eval --solver icem --subgoal paired+surveyor --gdm-ckpt gdm_tworoom_s10_gc_paired_e400v.pt --gdm-steps 50 --accept-tau 0.127 --receding-horizon 2 --mode long --goal-offset 50 --eval-budget 100 --h5 "$DATA/tworoom.h5" --source pretrained --encoder-id quentinll/lewm-tworooms --device cuda --eval-filter none --episode-min 4000 --goal-from-proprio --num-eval 64 --seed 45 --cem-seed 45
108	tworoom	icem_pair_accept_tauown	50	46	logs/rbT_tworoom_icem_pair_accept_tauown_t50_seed46.log	python -m surveyor.envs.tworoom.eval --solver icem --subgoal paired+surveyor --gdm-ckpt gdm_tworoom_s10_gc_paired_e400v.pt --gdm-steps 50 --accept-tau 0.127 --receding-horizon 2 --mode long --goal-offset 50 --eval-budget 100 --h5 "$DATA/tworoom.h5" --source pretrained --encoder-id quentinll/lewm-tworooms --device cuda --eval-filter none --episode-min 4000 --goal-from-proprio --num-eval 64 --seed 46 --cem-seed 46
109	tworoom	icem_pair_accept_tauown	50	47	logs/rbT_tworoom_icem_pair_accept_tauown_t50_seed47.log	python -m surveyor.envs.tworoom.eval --solver icem --subgoal paired+surveyor --gdm-ckpt gdm_tworoom_s10_gc_paired_e400v.pt --gdm-steps 50 --accept-tau 0.127 --receding-horizon 2 --mode long --goal-offset 50 --eval-budget 100 --h5 "$DATA/tworoom.h5" --source pretrained --encoder-id quentinll/lewm-tworooms --device cuda --eval-filter none --episode-min 4000 --goal-from-proprio --num-eval 64 --seed 47 --cem-seed 47
110	tworoom	icem_pair_accept_tauown	50	48	logs/rbT_tworoom_icem_pair_accept_tauown_t50_seed48.log	python -m surveyor.envs.tworoom.eval --solver icem --subgoal paired+surveyor --gdm-ckpt gdm_tworoom_s10_gc_paired_e400v.pt --gdm-steps 50 --accept-tau 0.127 --receding-horizon 2 --mode long --goal-offset 50 --eval-budget 100 --h5 "$DATA/tworoom.h5" --source pretrained --encoder-id quentinll/lewm-tworooms --device cuda --eval-filter none --episode-min 4000 --goal-from-proprio --num-eval 64 --seed 48 --cem-seed 48
111	tworoom	icem_pair_accept_tauown	50	49	logs/rbT_tworoom_icem_pair_accept_tauown_t50_seed49.log	python -m surveyor.envs.tworoom.eval --solver icem --subgoal paired+surveyor --gdm-ckpt gdm_tworoom_s10_gc_paired_e400v.pt --gdm-steps 50 --accept-tau 0.127 --receding-horizon 2 --mode long --goal-offset 50 --eval-budget 100 --h5 "$DATA/tworoom.h5" --source pretrained --encoder-id quentinll/lewm-tworooms --device cuda --eval-filter none --episode-min 4000 --goal-from-proprio --num-eval 64 --seed 49 --cem-seed 49
112	tworoom	icem_pair_accept_tauown	75	42	logs/rbT_tworoom_icem_pair_accept_tauown_t75_seed42.log	python -m surveyor.envs.tworoom.eval --solver icem --subgoal paired+surveyor --gdm-ckpt gdm_tworoom_s10_gc_paired_e400v.pt --gdm-steps 50 --accept-tau 0.127 --receding-horizon 2 --mode long --goal-offset 75 --eval-budget 150 --h5 "$DATA/tworoom.h5" --source pretrained --encoder-id quentinll/lewm-tworooms --device cuda --eval-filter none --episode-min 4000 --goal-from-proprio --num-eval 64 --seed 42 --cem-seed 42
113	tworoom	icem_pair_accept_tauown	75	43	logs/rbT_tworoom_icem_pair_accept_tauown_t75_seed43.log	python -m surveyor.envs.tworoom.eval --solver icem --subgoal paired+surveyor --gdm-ckpt gdm_tworoom_s10_gc_paired_e400v.pt --gdm-steps 50 --accept-tau 0.127 --receding-horizon 2 --mode long --goal-offset 75 --eval-budget 150 --h5 "$DATA/tworoom.h5" --source pretrained --encoder-id quentinll/lewm-tworooms --device cuda --eval-filter none --episode-min 4000 --goal-from-proprio --num-eval 64 --seed 43 --cem-seed 43
114	tworoom	icem_pair_accept_tauown	75	44	logs/rbT_tworoom_icem_pair_accept_tauown_t75_seed44.log	python -m surveyor.envs.tworoom.eval --solver icem --subgoal paired+surveyor --gdm-ckpt gdm_tworoom_s10_gc_paired_e400v.pt --gdm-steps 50 --accept-tau 0.127 --receding-horizon 2 --mode long --goal-offset 75 --eval-budget 150 --h5 "$DATA/tworoom.h5" --source pretrained --encoder-id quentinll/lewm-tworooms --device cuda --eval-filter none --episode-min 4000 --goal-from-proprio --num-eval 64 --seed 44 --cem-seed 44
115	tworoom	icem_pair_accept_tauown	75	45	logs/rbT_tworoom_icem_pair_accept_tauown_t75_seed45.log	python -m surveyor.envs.tworoom.eval --solver icem --subgoal paired+surveyor --gdm-ckpt gdm_tworoom_s10_gc_paired_e400v.pt --gdm-steps 50 --accept-tau 0.127 --receding-horizon 2 --mode long --goal-offset 75 --eval-budget 150 --h5 "$DATA/tworoom.h5" --source pretrained --encoder-id quentinll/lewm-tworooms --device cuda --eval-filter none --episode-min 4000 --goal-from-proprio --num-eval 64 --seed 45 --cem-seed 45
116	tworoom	icem_pair_accept_tauown	75	46	logs/rbT_tworoom_icem_pair_accept_tauown_t75_seed46.log	python -m surveyor.envs.tworoom.eval --solver icem --subgoal paired+surveyor --gdm-ckpt gdm_tworoom_s10_gc_paired_e400v.pt --gdm-steps 50 --accept-tau 0.127 --receding-horizon 2 --mode long --goal-offset 75 --eval-budget 150 --h5 "$DATA/tworoom.h5" --source pretrained --encoder-id quentinll/lewm-tworooms --device cuda --eval-filter none --episode-min 4000 --goal-from-proprio --num-eval 64 --seed 46 --cem-seed 46
117	tworoom	icem_pair_accept_tauown	75	47	logs/rbT_tworoom_icem_pair_accept_tauown_t75_seed47.log	python -m surveyor.envs.tworoom.eval --solver icem --subgoal paired+surveyor --gdm-ckpt gdm_tworoom_s10_gc_paired_e400v.pt --gdm-steps 50 --accept-tau 0.127 --receding-horizon 2 --mode long --goal-offset 75 --eval-budget 150 --h5 "$DATA/tworoom.h5" --source pretrained --encoder-id quentinll/lewm-tworooms --device cuda --eval-filter none --episode-min 4000 --goal-from-proprio --num-eval 64 --seed 47 --cem-seed 47
118	tworoom	icem_pair_accept_tauown	75	48	logs/rbT_tworoom_icem_pair_accept_tauown_t75_seed48.log	python -m surveyor.envs.tworoom.eval --solver icem --subgoal paired+surveyor --gdm-ckpt gdm_tworoom_s10_gc_paired_e400v.pt --gdm-steps 50 --accept-tau 0.127 --receding-horizon 2 --mode long --goal-offset 75 --eval-budget 150 --h5 "$DATA/tworoom.h5" --source pretrained --encoder-id quentinll/lewm-tworooms --device cuda --eval-filter none --episode-min 4000 --goal-from-proprio --num-eval 64 --seed 48 --cem-seed 48
119	tworoom	icem_pair_accept_tauown	75	49	logs/rbT_tworoom_icem_pair_accept_tauown_t75_seed49.log	python -m surveyor.envs.tworoom.eval --solver icem --subgoal paired+surveyor --gdm-ckpt gdm_tworoom_s10_gc_paired_e400v.pt --gdm-steps 50 --accept-tau 0.127 --receding-horizon 2 --mode long --goal-offset 75 --eval-budget 150 --h5 "$DATA/tworoom.h5" --source pretrained --encoder-id quentinll/lewm-tworooms --device cuda --eval-filter none --episode-min 4000 --goal-from-proprio --num-eval 64 --seed 49 --cem-seed 49
120	tworoom	icem_router_tauown	25	42	logs/rbT_tworoom_icem_router_tauown_t25_seed42.log	python -m surveyor.envs.tworoom.eval --solver icem --subgoal router+surveyor --gdm-ckpt gdm_tworoom_s10_gc_paired_e400v.pt --gdm-steps 50 --accept-tau 0.127 --receding-horizon 2 --mode long --goal-offset 25 --eval-budget 50 --h5 "$DATA/tworoom.h5" --source pretrained --encoder-id quentinll/lewm-tworooms --device cuda --eval-filter none --episode-min 4000 --goal-from-proprio --num-eval 64 --seed 42 --cem-seed 42
121	tworoom	icem_router_tauown	25	43	logs/rbT_tworoom_icem_router_tauown_t25_seed43.log	python -m surveyor.envs.tworoom.eval --solver icem --subgoal router+surveyor --gdm-ckpt gdm_tworoom_s10_gc_paired_e400v.pt --gdm-steps 50 --accept-tau 0.127 --receding-horizon 2 --mode long --goal-offset 25 --eval-budget 50 --h5 "$DATA/tworoom.h5" --source pretrained --encoder-id quentinll/lewm-tworooms --device cuda --eval-filter none --episode-min 4000 --goal-from-proprio --num-eval 64 --seed 43 --cem-seed 43
122	tworoom	icem_router_tauown	25	44	logs/rbT_tworoom_icem_router_tauown_t25_seed44.log	python -m surveyor.envs.tworoom.eval --solver icem --subgoal router+surveyor --gdm-ckpt gdm_tworoom_s10_gc_paired_e400v.pt --gdm-steps 50 --accept-tau 0.127 --receding-horizon 2 --mode long --goal-offset 25 --eval-budget 50 --h5 "$DATA/tworoom.h5" --source pretrained --encoder-id quentinll/lewm-tworooms --device cuda --eval-filter none --episode-min 4000 --goal-from-proprio --num-eval 64 --seed 44 --cem-seed 44
123	tworoom	icem_router_tauown	25	45	logs/rbT_tworoom_icem_router_tauown_t25_seed45.log	python -m surveyor.envs.tworoom.eval --solver icem --subgoal router+surveyor --gdm-ckpt gdm_tworoom_s10_gc_paired_e400v.pt --gdm-steps 50 --accept-tau 0.127 --receding-horizon 2 --mode long --goal-offset 25 --eval-budget 50 --h5 "$DATA/tworoom.h5" --source pretrained --encoder-id quentinll/lewm-tworooms --device cuda --eval-filter none --episode-min 4000 --goal-from-proprio --num-eval 64 --seed 45 --cem-seed 45
124	tworoom	icem_router_tauown	25	46	logs/rbT_tworoom_icem_router_tauown_t25_seed46.log	python -m surveyor.envs.tworoom.eval --solver icem --subgoal router+surveyor --gdm-ckpt gdm_tworoom_s10_gc_paired_e400v.pt --gdm-steps 50 --accept-tau 0.127 --receding-horizon 2 --mode long --goal-offset 25 --eval-budget 50 --h5 "$DATA/tworoom.h5" --source pretrained --encoder-id quentinll/lewm-tworooms --device cuda --eval-filter none --episode-min 4000 --goal-from-proprio --num-eval 64 --seed 46 --cem-seed 46
125	tworoom	icem_router_tauown	25	47	logs/rbT_tworoom_icem_router_tauown_t25_seed47.log	python -m surveyor.envs.tworoom.eval --solver icem --subgoal router+surveyor --gdm-ckpt gdm_tworoom_s10_gc_paired_e400v.pt --gdm-steps 50 --accept-tau 0.127 --receding-horizon 2 --mode long --goal-offset 25 --eval-budget 50 --h5 "$DATA/tworoom.h5" --source pretrained --encoder-id quentinll/lewm-tworooms --device cuda --eval-filter none --episode-min 4000 --goal-from-proprio --num-eval 64 --seed 47 --cem-seed 47
126	tworoom	icem_router_tauown	25	48	logs/rbT_tworoom_icem_router_tauown_t25_seed48.log	python -m surveyor.envs.tworoom.eval --solver icem --subgoal router+surveyor --gdm-ckpt gdm_tworoom_s10_gc_paired_e400v.pt --gdm-steps 50 --accept-tau 0.127 --receding-horizon 2 --mode long --goal-offset 25 --eval-budget 50 --h5 "$DATA/tworoom.h5" --source pretrained --encoder-id quentinll/lewm-tworooms --device cuda --eval-filter none --episode-min 4000 --goal-from-proprio --num-eval 64 --seed 48 --cem-seed 48
127	tworoom	icem_router_tauown	25	49	logs/rbT_tworoom_icem_router_tauown_t25_seed49.log	python -m surveyor.envs.tworoom.eval --solver icem --subgoal router+surveyor --gdm-ckpt gdm_tworoom_s10_gc_paired_e400v.pt --gdm-steps 50 --accept-tau 0.127 --receding-horizon 2 --mode long --goal-offset 25 --eval-budget 50 --h5 "$DATA/tworoom.h5" --source pretrained --encoder-id quentinll/lewm-tworooms --device cuda --eval-filter none --episode-min 4000 --goal-from-proprio --num-eval 64 --seed 49 --cem-seed 49
128	tworoom	icem_router_tauown	50	42	logs/rbT_tworoom_icem_router_tauown_t50_seed42.log	python -m surveyor.envs.tworoom.eval --solver icem --subgoal router+surveyor --gdm-ckpt gdm_tworoom_s10_gc_paired_e400v.pt --gdm-steps 50 --accept-tau 0.127 --receding-horizon 2 --mode long --goal-offset 50 --eval-budget 100 --h5 "$DATA/tworoom.h5" --source pretrained --encoder-id quentinll/lewm-tworooms --device cuda --eval-filter none --episode-min 4000 --goal-from-proprio --num-eval 64 --seed 42 --cem-seed 42
129	tworoom	icem_router_tauown	50	43	logs/rbT_tworoom_icem_router_tauown_t50_seed43.log	python -m surveyor.envs.tworoom.eval --solver icem --subgoal router+surveyor --gdm-ckpt gdm_tworoom_s10_gc_paired_e400v.pt --gdm-steps 50 --accept-tau 0.127 --receding-horizon 2 --mode long --goal-offset 50 --eval-budget 100 --h5 "$DATA/tworoom.h5" --source pretrained --encoder-id quentinll/lewm-tworooms --device cuda --eval-filter none --episode-min 4000 --goal-from-proprio --num-eval 64 --seed 43 --cem-seed 43
130	tworoom	icem_router_tauown	50	44	logs/rbT_tworoom_icem_router_tauown_t50_seed44.log	python -m surveyor.envs.tworoom.eval --solver icem --subgoal router+surveyor --gdm-ckpt gdm_tworoom_s10_gc_paired_e400v.pt --gdm-steps 50 --accept-tau 0.127 --receding-horizon 2 --mode long --goal-offset 50 --eval-budget 100 --h5 "$DATA/tworoom.h5" --source pretrained --encoder-id quentinll/lewm-tworooms --device cuda --eval-filter none --episode-min 4000 --goal-from-proprio --num-eval 64 --seed 44 --cem-seed 44
131	tworoom	icem_router_tauown	50	45	logs/rbT_tworoom_icem_router_tauown_t50_seed45.log	python -m surveyor.envs.tworoom.eval --solver icem --subgoal router+surveyor --gdm-ckpt gdm_tworoom_s10_gc_paired_e400v.pt --gdm-steps 50 --accept-tau 0.127 --receding-horizon 2 --mode long --goal-offset 50 --eval-budget 100 --h5 "$DATA/tworoom.h5" --source pretrained --encoder-id quentinll/lewm-tworooms --device cuda --eval-filter none --episode-min 4000 --goal-from-proprio --num-eval 64 --seed 45 --cem-seed 45
132	tworoom	icem_router_tauown	50	46	logs/rbT_tworoom_icem_router_tauown_t50_seed46.log	python -m surveyor.envs.tworoom.eval --solver icem --subgoal router+surveyor --gdm-ckpt gdm_tworoom_s10_gc_paired_e400v.pt --gdm-steps 50 --accept-tau 0.127 --receding-horizon 2 --mode long --goal-offset 50 --eval-budget 100 --h5 "$DATA/tworoom.h5" --source pretrained --encoder-id quentinll/lewm-tworooms --device cuda --eval-filter none --episode-min 4000 --goal-from-proprio --num-eval 64 --seed 46 --cem-seed 46
133	tworoom	icem_router_tauown	50	47	logs/rbT_tworoom_icem_router_tauown_t50_seed47.log	python -m surveyor.envs.tworoom.eval --solver icem --subgoal router+surveyor --gdm-ckpt gdm_tworoom_s10_gc_paired_e400v.pt --gdm-steps 50 --accept-tau 0.127 --receding-horizon 2 --mode long --goal-offset 50 --eval-budget 100 --h5 "$DATA/tworoom.h5" --source pretrained --encoder-id quentinll/lewm-tworooms --device cuda --eval-filter none --episode-min 4000 --goal-from-proprio --num-eval 64 --seed 47 --cem-seed 47
134	tworoom	icem_router_tauown	50	48	logs/rbT_tworoom_icem_router_tauown_t50_seed48.log	python -m surveyor.envs.tworoom.eval --solver icem --subgoal router+surveyor --gdm-ckpt gdm_tworoom_s10_gc_paired_e400v.pt --gdm-steps 50 --accept-tau 0.127 --receding-horizon 2 --mode long --goal-offset 50 --eval-budget 100 --h5 "$DATA/tworoom.h5" --source pretrained --encoder-id quentinll/lewm-tworooms --device cuda --eval-filter none --episode-min 4000 --goal-from-proprio --num-eval 64 --seed 48 --cem-seed 48
135	tworoom	icem_router_tauown	50	49	logs/rbT_tworoom_icem_router_tauown_t50_seed49.log	python -m surveyor.envs.tworoom.eval --solver icem --subgoal router+surveyor --gdm-ckpt gdm_tworoom_s10_gc_paired_e400v.pt --gdm-steps 50 --accept-tau 0.127 --receding-horizon 2 --mode long --goal-offset 50 --eval-budget 100 --h5 "$DATA/tworoom.h5" --source pretrained --encoder-id quentinll/lewm-tworooms --device cuda --eval-filter none --episode-min 4000 --goal-from-proprio --num-eval 64 --seed 49 --cem-seed 49
136	tworoom	icem_router_tauown	75	42	logs/rbT_tworoom_icem_router_tauown_t75_seed42.log	python -m surveyor.envs.tworoom.eval --solver icem --subgoal router+surveyor --gdm-ckpt gdm_tworoom_s10_gc_paired_e400v.pt --gdm-steps 50 --accept-tau 0.127 --receding-horizon 2 --mode long --goal-offset 75 --eval-budget 150 --h5 "$DATA/tworoom.h5" --source pretrained --encoder-id quentinll/lewm-tworooms --device cuda --eval-filter none --episode-min 4000 --goal-from-proprio --num-eval 64 --seed 42 --cem-seed 42
137	tworoom	icem_router_tauown	75	43	logs/rbT_tworoom_icem_router_tauown_t75_seed43.log	python -m surveyor.envs.tworoom.eval --solver icem --subgoal router+surveyor --gdm-ckpt gdm_tworoom_s10_gc_paired_e400v.pt --gdm-steps 50 --accept-tau 0.127 --receding-horizon 2 --mode long --goal-offset 75 --eval-budget 150 --h5 "$DATA/tworoom.h5" --source pretrained --encoder-id quentinll/lewm-tworooms --device cuda --eval-filter none --episode-min 4000 --goal-from-proprio --num-eval 64 --seed 43 --cem-seed 43
138	tworoom	icem_router_tauown	75	44	logs/rbT_tworoom_icem_router_tauown_t75_seed44.log	python -m surveyor.envs.tworoom.eval --solver icem --subgoal router+surveyor --gdm-ckpt gdm_tworoom_s10_gc_paired_e400v.pt --gdm-steps 50 --accept-tau 0.127 --receding-horizon 2 --mode long --goal-offset 75 --eval-budget 150 --h5 "$DATA/tworoom.h5" --source pretrained --encoder-id quentinll/lewm-tworooms --device cuda --eval-filter none --episode-min 4000 --goal-from-proprio --num-eval 64 --seed 44 --cem-seed 44
139	tworoom	icem_router_tauown	75	45	logs/rbT_tworoom_icem_router_tauown_t75_seed45.log	python -m surveyor.envs.tworoom.eval --solver icem --subgoal router+surveyor --gdm-ckpt gdm_tworoom_s10_gc_paired_e400v.pt --gdm-steps 50 --accept-tau 0.127 --receding-horizon 2 --mode long --goal-offset 75 --eval-budget 150 --h5 "$DATA/tworoom.h5" --source pretrained --encoder-id quentinll/lewm-tworooms --device cuda --eval-filter none --episode-min 4000 --goal-from-proprio --num-eval 64 --seed 45 --cem-seed 45
140	tworoom	icem_router_tauown	75	46	logs/rbT_tworoom_icem_router_tauown_t75_seed46.log	python -m surveyor.envs.tworoom.eval --solver icem --subgoal router+surveyor --gdm-ckpt gdm_tworoom_s10_gc_paired_e400v.pt --gdm-steps 50 --accept-tau 0.127 --receding-horizon 2 --mode long --goal-offset 75 --eval-budget 150 --h5 "$DATA/tworoom.h5" --source pretrained --encoder-id quentinll/lewm-tworooms --device cuda --eval-filter none --episode-min 4000 --goal-from-proprio --num-eval 64 --seed 46 --cem-seed 46
141	tworoom	icem_router_tauown	75	47	logs/rbT_tworoom_icem_router_tauown_t75_seed47.log	python -m surveyor.envs.tworoom.eval --solver icem --subgoal router+surveyor --gdm-ckpt gdm_tworoom_s10_gc_paired_e400v.pt --gdm-steps 50 --accept-tau 0.127 --receding-horizon 2 --mode long --goal-offset 75 --eval-budget 150 --h5 "$DATA/tworoom.h5" --source pretrained --encoder-id quentinll/lewm-tworooms --device cuda --eval-filter none --episode-min 4000 --goal-from-proprio --num-eval 64 --seed 47 --cem-seed 47
142	tworoom	icem_router_tauown	75	48	logs/rbT_tworoom_icem_router_tauown_t75_seed48.log	python -m surveyor.envs.tworoom.eval --solver icem --subgoal router+surveyor --gdm-ckpt gdm_tworoom_s10_gc_paired_e400v.pt --gdm-steps 50 --accept-tau 0.127 --receding-horizon 2 --mode long --goal-offset 75 --eval-budget 150 --h5 "$DATA/tworoom.h5" --source pretrained --encoder-id quentinll/lewm-tworooms --device cuda --eval-filter none --episode-min 4000 --goal-from-proprio --num-eval 64 --seed 48 --cem-seed 48
143	tworoom	icem_router_tauown	75	49	logs/rbT_tworoom_icem_router_tauown_t75_seed49.log	python -m surveyor.envs.tworoom.eval --solver icem --subgoal router+surveyor --gdm-ckpt gdm_tworoom_s10_gc_paired_e400v.pt --gdm-steps 50 --accept-tau 0.127 --receding-horizon 2 --mode long --goal-offset 75 --eval-budget 150 --h5 "$DATA/tworoom.h5" --source pretrained --encoder-id quentinll/lewm-tworooms --device cuda --eval-filter none --episode-min 4000 --goal-from-proprio --num-eval 64 --seed 49 --cem-seed 49
144	tworoom	mppi_pair_accept_tauown	25	42	logs/rbT_tworoom_mppi_pair_accept_tauown_t25_seed42.log	python -m surveyor.envs.tworoom.eval --solver mppi --subgoal paired+surveyor --gdm-ckpt gdm_tworoom_s10_gc_paired_e400v.pt --gdm-steps 50 --accept-tau 0.127 --receding-horizon 2 --mode long --goal-offset 25 --eval-budget 50 --h5 "$DATA/tworoom.h5" --source pretrained --encoder-id quentinll/lewm-tworooms --device cuda --eval-filter none --episode-min 4000 --goal-from-proprio --num-eval 64 --seed 42 --cem-seed 42
145	tworoom	mppi_pair_accept_tauown	25	43	logs/rbT_tworoom_mppi_pair_accept_tauown_t25_seed43.log	python -m surveyor.envs.tworoom.eval --solver mppi --subgoal paired+surveyor --gdm-ckpt gdm_tworoom_s10_gc_paired_e400v.pt --gdm-steps 50 --accept-tau 0.127 --receding-horizon 2 --mode long --goal-offset 25 --eval-budget 50 --h5 "$DATA/tworoom.h5" --source pretrained --encoder-id quentinll/lewm-tworooms --device cuda --eval-filter none --episode-min 4000 --goal-from-proprio --num-eval 64 --seed 43 --cem-seed 43
146	tworoom	mppi_pair_accept_tauown	25	44	logs/rbT_tworoom_mppi_pair_accept_tauown_t25_seed44.log	python -m surveyor.envs.tworoom.eval --solver mppi --subgoal paired+surveyor --gdm-ckpt gdm_tworoom_s10_gc_paired_e400v.pt --gdm-steps 50 --accept-tau 0.127 --receding-horizon 2 --mode long --goal-offset 25 --eval-budget 50 --h5 "$DATA/tworoom.h5" --source pretrained --encoder-id quentinll/lewm-tworooms --device cuda --eval-filter none --episode-min 4000 --goal-from-proprio --num-eval 64 --seed 44 --cem-seed 44
147	tworoom	mppi_pair_accept_tauown	25	45	logs/rbT_tworoom_mppi_pair_accept_tauown_t25_seed45.log	python -m surveyor.envs.tworoom.eval --solver mppi --subgoal paired+surveyor --gdm-ckpt gdm_tworoom_s10_gc_paired_e400v.pt --gdm-steps 50 --accept-tau 0.127 --receding-horizon 2 --mode long --goal-offset 25 --eval-budget 50 --h5 "$DATA/tworoom.h5" --source pretrained --encoder-id quentinll/lewm-tworooms --device cuda --eval-filter none --episode-min 4000 --goal-from-proprio --num-eval 64 --seed 45 --cem-seed 45
148	tworoom	mppi_pair_accept_tauown	25	46	logs/rbT_tworoom_mppi_pair_accept_tauown_t25_seed46.log	python -m surveyor.envs.tworoom.eval --solver mppi --subgoal paired+surveyor --gdm-ckpt gdm_tworoom_s10_gc_paired_e400v.pt --gdm-steps 50 --accept-tau 0.127 --receding-horizon 2 --mode long --goal-offset 25 --eval-budget 50 --h5 "$DATA/tworoom.h5" --source pretrained --encoder-id quentinll/lewm-tworooms --device cuda --eval-filter none --episode-min 4000 --goal-from-proprio --num-eval 64 --seed 46 --cem-seed 46
149	tworoom	mppi_pair_accept_tauown	25	47	logs/rbT_tworoom_mppi_pair_accept_tauown_t25_seed47.log	python -m surveyor.envs.tworoom.eval --solver mppi --subgoal paired+surveyor --gdm-ckpt gdm_tworoom_s10_gc_paired_e400v.pt --gdm-steps 50 --accept-tau 0.127 --receding-horizon 2 --mode long --goal-offset 25 --eval-budget 50 --h5 "$DATA/tworoom.h5" --source pretrained --encoder-id quentinll/lewm-tworooms --device cuda --eval-filter none --episode-min 4000 --goal-from-proprio --num-eval 64 --seed 47 --cem-seed 47
150	tworoom	mppi_pair_accept_tauown	25	48	logs/rbT_tworoom_mppi_pair_accept_tauown_t25_seed48.log	python -m surveyor.envs.tworoom.eval --solver mppi --subgoal paired+surveyor --gdm-ckpt gdm_tworoom_s10_gc_paired_e400v.pt --gdm-steps 50 --accept-tau 0.127 --receding-horizon 2 --mode long --goal-offset 25 --eval-budget 50 --h5 "$DATA/tworoom.h5" --source pretrained --encoder-id quentinll/lewm-tworooms --device cuda --eval-filter none --episode-min 4000 --goal-from-proprio --num-eval 64 --seed 48 --cem-seed 48
151	tworoom	mppi_pair_accept_tauown	25	49	logs/rbT_tworoom_mppi_pair_accept_tauown_t25_seed49.log	python -m surveyor.envs.tworoom.eval --solver mppi --subgoal paired+surveyor --gdm-ckpt gdm_tworoom_s10_gc_paired_e400v.pt --gdm-steps 50 --accept-tau 0.127 --receding-horizon 2 --mode long --goal-offset 25 --eval-budget 50 --h5 "$DATA/tworoom.h5" --source pretrained --encoder-id quentinll/lewm-tworooms --device cuda --eval-filter none --episode-min 4000 --goal-from-proprio --num-eval 64 --seed 49 --cem-seed 49
152	tworoom	mppi_pair_accept_tauown	50	42	logs/rbT_tworoom_mppi_pair_accept_tauown_t50_seed42.log	python -m surveyor.envs.tworoom.eval --solver mppi --subgoal paired+surveyor --gdm-ckpt gdm_tworoom_s10_gc_paired_e400v.pt --gdm-steps 50 --accept-tau 0.127 --receding-horizon 2 --mode long --goal-offset 50 --eval-budget 100 --h5 "$DATA/tworoom.h5" --source pretrained --encoder-id quentinll/lewm-tworooms --device cuda --eval-filter none --episode-min 4000 --goal-from-proprio --num-eval 64 --seed 42 --cem-seed 42
153	tworoom	mppi_pair_accept_tauown	50	43	logs/rbT_tworoom_mppi_pair_accept_tauown_t50_seed43.log	python -m surveyor.envs.tworoom.eval --solver mppi --subgoal paired+surveyor --gdm-ckpt gdm_tworoom_s10_gc_paired_e400v.pt --gdm-steps 50 --accept-tau 0.127 --receding-horizon 2 --mode long --goal-offset 50 --eval-budget 100 --h5 "$DATA/tworoom.h5" --source pretrained --encoder-id quentinll/lewm-tworooms --device cuda --eval-filter none --episode-min 4000 --goal-from-proprio --num-eval 64 --seed 43 --cem-seed 43
154	tworoom	mppi_pair_accept_tauown	50	44	logs/rbT_tworoom_mppi_pair_accept_tauown_t50_seed44.log	python -m surveyor.envs.tworoom.eval --solver mppi --subgoal paired+surveyor --gdm-ckpt gdm_tworoom_s10_gc_paired_e400v.pt --gdm-steps 50 --accept-tau 0.127 --receding-horizon 2 --mode long --goal-offset 50 --eval-budget 100 --h5 "$DATA/tworoom.h5" --source pretrained --encoder-id quentinll/lewm-tworooms --device cuda --eval-filter none --episode-min 4000 --goal-from-proprio --num-eval 64 --seed 44 --cem-seed 44
155	tworoom	mppi_pair_accept_tauown	50	45	logs/rbT_tworoom_mppi_pair_accept_tauown_t50_seed45.log	python -m surveyor.envs.tworoom.eval --solver mppi --subgoal paired+surveyor --gdm-ckpt gdm_tworoom_s10_gc_paired_e400v.pt --gdm-steps 50 --accept-tau 0.127 --receding-horizon 2 --mode long --goal-offset 50 --eval-budget 100 --h5 "$DATA/tworoom.h5" --source pretrained --encoder-id quentinll/lewm-tworooms --device cuda --eval-filter none --episode-min 4000 --goal-from-proprio --num-eval 64 --seed 45 --cem-seed 45
156	tworoom	mppi_pair_accept_tauown	50	46	logs/rbT_tworoom_mppi_pair_accept_tauown_t50_seed46.log	python -m surveyor.envs.tworoom.eval --solver mppi --subgoal paired+surveyor --gdm-ckpt gdm_tworoom_s10_gc_paired_e400v.pt --gdm-steps 50 --accept-tau 0.127 --receding-horizon 2 --mode long --goal-offset 50 --eval-budget 100 --h5 "$DATA/tworoom.h5" --source pretrained --encoder-id quentinll/lewm-tworooms --device cuda --eval-filter none --episode-min 4000 --goal-from-proprio --num-eval 64 --seed 46 --cem-seed 46
157	tworoom	mppi_pair_accept_tauown	50	47	logs/rbT_tworoom_mppi_pair_accept_tauown_t50_seed47.log	python -m surveyor.envs.tworoom.eval --solver mppi --subgoal paired+surveyor --gdm-ckpt gdm_tworoom_s10_gc_paired_e400v.pt --gdm-steps 50 --accept-tau 0.127 --receding-horizon 2 --mode long --goal-offset 50 --eval-budget 100 --h5 "$DATA/tworoom.h5" --source pretrained --encoder-id quentinll/lewm-tworooms --device cuda --eval-filter none --episode-min 4000 --goal-from-proprio --num-eval 64 --seed 47 --cem-seed 47
158	tworoom	mppi_pair_accept_tauown	50	48	logs/rbT_tworoom_mppi_pair_accept_tauown_t50_seed48.log	python -m surveyor.envs.tworoom.eval --solver mppi --subgoal paired+surveyor --gdm-ckpt gdm_tworoom_s10_gc_paired_e400v.pt --gdm-steps 50 --accept-tau 0.127 --receding-horizon 2 --mode long --goal-offset 50 --eval-budget 100 --h5 "$DATA/tworoom.h5" --source pretrained --encoder-id quentinll/lewm-tworooms --device cuda --eval-filter none --episode-min 4000 --goal-from-proprio --num-eval 64 --seed 48 --cem-seed 48
159	tworoom	mppi_pair_accept_tauown	50	49	logs/rbT_tworoom_mppi_pair_accept_tauown_t50_seed49.log	python -m surveyor.envs.tworoom.eval --solver mppi --subgoal paired+surveyor --gdm-ckpt gdm_tworoom_s10_gc_paired_e400v.pt --gdm-steps 50 --accept-tau 0.127 --receding-horizon 2 --mode long --goal-offset 50 --eval-budget 100 --h5 "$DATA/tworoom.h5" --source pretrained --encoder-id quentinll/lewm-tworooms --device cuda --eval-filter none --episode-min 4000 --goal-from-proprio --num-eval 64 --seed 49 --cem-seed 49
160	tworoom	mppi_pair_accept_tauown	75	42	logs/rbT_tworoom_mppi_pair_accept_tauown_t75_seed42.log	python -m surveyor.envs.tworoom.eval --solver mppi --subgoal paired+surveyor --gdm-ckpt gdm_tworoom_s10_gc_paired_e400v.pt --gdm-steps 50 --accept-tau 0.127 --receding-horizon 2 --mode long --goal-offset 75 --eval-budget 150 --h5 "$DATA/tworoom.h5" --source pretrained --encoder-id quentinll/lewm-tworooms --device cuda --eval-filter none --episode-min 4000 --goal-from-proprio --num-eval 64 --seed 42 --cem-seed 42
161	tworoom	mppi_pair_accept_tauown	75	43	logs/rbT_tworoom_mppi_pair_accept_tauown_t75_seed43.log	python -m surveyor.envs.tworoom.eval --solver mppi --subgoal paired+surveyor --gdm-ckpt gdm_tworoom_s10_gc_paired_e400v.pt --gdm-steps 50 --accept-tau 0.127 --receding-horizon 2 --mode long --goal-offset 75 --eval-budget 150 --h5 "$DATA/tworoom.h5" --source pretrained --encoder-id quentinll/lewm-tworooms --device cuda --eval-filter none --episode-min 4000 --goal-from-proprio --num-eval 64 --seed 43 --cem-seed 43
162	tworoom	mppi_pair_accept_tauown	75	44	logs/rbT_tworoom_mppi_pair_accept_tauown_t75_seed44.log	python -m surveyor.envs.tworoom.eval --solver mppi --subgoal paired+surveyor --gdm-ckpt gdm_tworoom_s10_gc_paired_e400v.pt --gdm-steps 50 --accept-tau 0.127 --receding-horizon 2 --mode long --goal-offset 75 --eval-budget 150 --h5 "$DATA/tworoom.h5" --source pretrained --encoder-id quentinll/lewm-tworooms --device cuda --eval-filter none --episode-min 4000 --goal-from-proprio --num-eval 64 --seed 44 --cem-seed 44
163	tworoom	mppi_pair_accept_tauown	75	45	logs/rbT_tworoom_mppi_pair_accept_tauown_t75_seed45.log	python -m surveyor.envs.tworoom.eval --solver mppi --subgoal paired+surveyor --gdm-ckpt gdm_tworoom_s10_gc_paired_e400v.pt --gdm-steps 50 --accept-tau 0.127 --receding-horizon 2 --mode long --goal-offset 75 --eval-budget 150 --h5 "$DATA/tworoom.h5" --source pretrained --encoder-id quentinll/lewm-tworooms --device cuda --eval-filter none --episode-min 4000 --goal-from-proprio --num-eval 64 --seed 45 --cem-seed 45
164	tworoom	mppi_pair_accept_tauown	75	46	logs/rbT_tworoom_mppi_pair_accept_tauown_t75_seed46.log	python -m surveyor.envs.tworoom.eval --solver mppi --subgoal paired+surveyor --gdm-ckpt gdm_tworoom_s10_gc_paired_e400v.pt --gdm-steps 50 --accept-tau 0.127 --receding-horizon 2 --mode long --goal-offset 75 --eval-budget 150 --h5 "$DATA/tworoom.h5" --source pretrained --encoder-id quentinll/lewm-tworooms --device cuda --eval-filter none --episode-min 4000 --goal-from-proprio --num-eval 64 --seed 46 --cem-seed 46
165	tworoom	mppi_pair_accept_tauown	75	47	logs/rbT_tworoom_mppi_pair_accept_tauown_t75_seed47.log	python -m surveyor.envs.tworoom.eval --solver mppi --subgoal paired+surveyor --gdm-ckpt gdm_tworoom_s10_gc_paired_e400v.pt --gdm-steps 50 --accept-tau 0.127 --receding-horizon 2 --mode long --goal-offset 75 --eval-budget 150 --h5 "$DATA/tworoom.h5" --source pretrained --encoder-id quentinll/lewm-tworooms --device cuda --eval-filter none --episode-min 4000 --goal-from-proprio --num-eval 64 --seed 47 --cem-seed 47
166	tworoom	mppi_pair_accept_tauown	75	48	logs/rbT_tworoom_mppi_pair_accept_tauown_t75_seed48.log	python -m surveyor.envs.tworoom.eval --solver mppi --subgoal paired+surveyor --gdm-ckpt gdm_tworoom_s10_gc_paired_e400v.pt --gdm-steps 50 --accept-tau 0.127 --receding-horizon 2 --mode long --goal-offset 75 --eval-budget 150 --h5 "$DATA/tworoom.h5" --source pretrained --encoder-id quentinll/lewm-tworooms --device cuda --eval-filter none --episode-min 4000 --goal-from-proprio --num-eval 64 --seed 48 --cem-seed 48
167	tworoom	mppi_pair_accept_tauown	75	49	logs/rbT_tworoom_mppi_pair_accept_tauown_t75_seed49.log	python -m surveyor.envs.tworoom.eval --solver mppi --subgoal paired+surveyor --gdm-ckpt gdm_tworoom_s10_gc_paired_e400v.pt --gdm-steps 50 --accept-tau 0.127 --receding-horizon 2 --mode long --goal-offset 75 --eval-budget 150 --h5 "$DATA/tworoom.h5" --source pretrained --encoder-id quentinll/lewm-tworooms --device cuda --eval-filter none --episode-min 4000 --goal-from-proprio --num-eval 64 --seed 49 --cem-seed 49
168	tworoom	mppi_router_tauown	25	42	logs/rbT_tworoom_mppi_router_tauown_t25_seed42.log	python -m surveyor.envs.tworoom.eval --solver mppi --subgoal router+surveyor --gdm-ckpt gdm_tworoom_s10_gc_paired_e400v.pt --gdm-steps 50 --accept-tau 0.127 --receding-horizon 2 --mode long --goal-offset 25 --eval-budget 50 --h5 "$DATA/tworoom.h5" --source pretrained --encoder-id quentinll/lewm-tworooms --device cuda --eval-filter none --episode-min 4000 --goal-from-proprio --num-eval 64 --seed 42 --cem-seed 42
169	tworoom	mppi_router_tauown	25	43	logs/rbT_tworoom_mppi_router_tauown_t25_seed43.log	python -m surveyor.envs.tworoom.eval --solver mppi --subgoal router+surveyor --gdm-ckpt gdm_tworoom_s10_gc_paired_e400v.pt --gdm-steps 50 --accept-tau 0.127 --receding-horizon 2 --mode long --goal-offset 25 --eval-budget 50 --h5 "$DATA/tworoom.h5" --source pretrained --encoder-id quentinll/lewm-tworooms --device cuda --eval-filter none --episode-min 4000 --goal-from-proprio --num-eval 64 --seed 43 --cem-seed 43
170	tworoom	mppi_router_tauown	25	44	logs/rbT_tworoom_mppi_router_tauown_t25_seed44.log	python -m surveyor.envs.tworoom.eval --solver mppi --subgoal router+surveyor --gdm-ckpt gdm_tworoom_s10_gc_paired_e400v.pt --gdm-steps 50 --accept-tau 0.127 --receding-horizon 2 --mode long --goal-offset 25 --eval-budget 50 --h5 "$DATA/tworoom.h5" --source pretrained --encoder-id quentinll/lewm-tworooms --device cuda --eval-filter none --episode-min 4000 --goal-from-proprio --num-eval 64 --seed 44 --cem-seed 44
171	tworoom	mppi_router_tauown	25	45	logs/rbT_tworoom_mppi_router_tauown_t25_seed45.log	python -m surveyor.envs.tworoom.eval --solver mppi --subgoal router+surveyor --gdm-ckpt gdm_tworoom_s10_gc_paired_e400v.pt --gdm-steps 50 --accept-tau 0.127 --receding-horizon 2 --mode long --goal-offset 25 --eval-budget 50 --h5 "$DATA/tworoom.h5" --source pretrained --encoder-id quentinll/lewm-tworooms --device cuda --eval-filter none --episode-min 4000 --goal-from-proprio --num-eval 64 --seed 45 --cem-seed 45
172	tworoom	mppi_router_tauown	25	46	logs/rbT_tworoom_mppi_router_tauown_t25_seed46.log	python -m surveyor.envs.tworoom.eval --solver mppi --subgoal router+surveyor --gdm-ckpt gdm_tworoom_s10_gc_paired_e400v.pt --gdm-steps 50 --accept-tau 0.127 --receding-horizon 2 --mode long --goal-offset 25 --eval-budget 50 --h5 "$DATA/tworoom.h5" --source pretrained --encoder-id quentinll/lewm-tworooms --device cuda --eval-filter none --episode-min 4000 --goal-from-proprio --num-eval 64 --seed 46 --cem-seed 46
173	tworoom	mppi_router_tauown	25	47	logs/rbT_tworoom_mppi_router_tauown_t25_seed47.log	python -m surveyor.envs.tworoom.eval --solver mppi --subgoal router+surveyor --gdm-ckpt gdm_tworoom_s10_gc_paired_e400v.pt --gdm-steps 50 --accept-tau 0.127 --receding-horizon 2 --mode long --goal-offset 25 --eval-budget 50 --h5 "$DATA/tworoom.h5" --source pretrained --encoder-id quentinll/lewm-tworooms --device cuda --eval-filter none --episode-min 4000 --goal-from-proprio --num-eval 64 --seed 47 --cem-seed 47
174	tworoom	mppi_router_tauown	25	48	logs/rbT_tworoom_mppi_router_tauown_t25_seed48.log	python -m surveyor.envs.tworoom.eval --solver mppi --subgoal router+surveyor --gdm-ckpt gdm_tworoom_s10_gc_paired_e400v.pt --gdm-steps 50 --accept-tau 0.127 --receding-horizon 2 --mode long --goal-offset 25 --eval-budget 50 --h5 "$DATA/tworoom.h5" --source pretrained --encoder-id quentinll/lewm-tworooms --device cuda --eval-filter none --episode-min 4000 --goal-from-proprio --num-eval 64 --seed 48 --cem-seed 48
175	tworoom	mppi_router_tauown	25	49	logs/rbT_tworoom_mppi_router_tauown_t25_seed49.log	python -m surveyor.envs.tworoom.eval --solver mppi --subgoal router+surveyor --gdm-ckpt gdm_tworoom_s10_gc_paired_e400v.pt --gdm-steps 50 --accept-tau 0.127 --receding-horizon 2 --mode long --goal-offset 25 --eval-budget 50 --h5 "$DATA/tworoom.h5" --source pretrained --encoder-id quentinll/lewm-tworooms --device cuda --eval-filter none --episode-min 4000 --goal-from-proprio --num-eval 64 --seed 49 --cem-seed 49
176	tworoom	mppi_router_tauown	50	42	logs/rbT_tworoom_mppi_router_tauown_t50_seed42.log	python -m surveyor.envs.tworoom.eval --solver mppi --subgoal router+surveyor --gdm-ckpt gdm_tworoom_s10_gc_paired_e400v.pt --gdm-steps 50 --accept-tau 0.127 --receding-horizon 2 --mode long --goal-offset 50 --eval-budget 100 --h5 "$DATA/tworoom.h5" --source pretrained --encoder-id quentinll/lewm-tworooms --device cuda --eval-filter none --episode-min 4000 --goal-from-proprio --num-eval 64 --seed 42 --cem-seed 42
177	tworoom	mppi_router_tauown	50	43	logs/rbT_tworoom_mppi_router_tauown_t50_seed43.log	python -m surveyor.envs.tworoom.eval --solver mppi --subgoal router+surveyor --gdm-ckpt gdm_tworoom_s10_gc_paired_e400v.pt --gdm-steps 50 --accept-tau 0.127 --receding-horizon 2 --mode long --goal-offset 50 --eval-budget 100 --h5 "$DATA/tworoom.h5" --source pretrained --encoder-id quentinll/lewm-tworooms --device cuda --eval-filter none --episode-min 4000 --goal-from-proprio --num-eval 64 --seed 43 --cem-seed 43
178	tworoom	mppi_router_tauown	50	44	logs/rbT_tworoom_mppi_router_tauown_t50_seed44.log	python -m surveyor.envs.tworoom.eval --solver mppi --subgoal router+surveyor --gdm-ckpt gdm_tworoom_s10_gc_paired_e400v.pt --gdm-steps 50 --accept-tau 0.127 --receding-horizon 2 --mode long --goal-offset 50 --eval-budget 100 --h5 "$DATA/tworoom.h5" --source pretrained --encoder-id quentinll/lewm-tworooms --device cuda --eval-filter none --episode-min 4000 --goal-from-proprio --num-eval 64 --seed 44 --cem-seed 44
179	tworoom	mppi_router_tauown	50	45	logs/rbT_tworoom_mppi_router_tauown_t50_seed45.log	python -m surveyor.envs.tworoom.eval --solver mppi --subgoal router+surveyor --gdm-ckpt gdm_tworoom_s10_gc_paired_e400v.pt --gdm-steps 50 --accept-tau 0.127 --receding-horizon 2 --mode long --goal-offset 50 --eval-budget 100 --h5 "$DATA/tworoom.h5" --source pretrained --encoder-id quentinll/lewm-tworooms --device cuda --eval-filter none --episode-min 4000 --goal-from-proprio --num-eval 64 --seed 45 --cem-seed 45
180	tworoom	mppi_router_tauown	50	46	logs/rbT_tworoom_mppi_router_tauown_t50_seed46.log	python -m surveyor.envs.tworoom.eval --solver mppi --subgoal router+surveyor --gdm-ckpt gdm_tworoom_s10_gc_paired_e400v.pt --gdm-steps 50 --accept-tau 0.127 --receding-horizon 2 --mode long --goal-offset 50 --eval-budget 100 --h5 "$DATA/tworoom.h5" --source pretrained --encoder-id quentinll/lewm-tworooms --device cuda --eval-filter none --episode-min 4000 --goal-from-proprio --num-eval 64 --seed 46 --cem-seed 46
181	tworoom	mppi_router_tauown	50	47	logs/rbT_tworoom_mppi_router_tauown_t50_seed47.log	python -m surveyor.envs.tworoom.eval --solver mppi --subgoal router+surveyor --gdm-ckpt gdm_tworoom_s10_gc_paired_e400v.pt --gdm-steps 50 --accept-tau 0.127 --receding-horizon 2 --mode long --goal-offset 50 --eval-budget 100 --h5 "$DATA/tworoom.h5" --source pretrained --encoder-id quentinll/lewm-tworooms --device cuda --eval-filter none --episode-min 4000 --goal-from-proprio --num-eval 64 --seed 47 --cem-seed 47
182	tworoom	mppi_router_tauown	50	48	logs/rbT_tworoom_mppi_router_tauown_t50_seed48.log	python -m surveyor.envs.tworoom.eval --solver mppi --subgoal router+surveyor --gdm-ckpt gdm_tworoom_s10_gc_paired_e400v.pt --gdm-steps 50 --accept-tau 0.127 --receding-horizon 2 --mode long --goal-offset 50 --eval-budget 100 --h5 "$DATA/tworoom.h5" --source pretrained --encoder-id quentinll/lewm-tworooms --device cuda --eval-filter none --episode-min 4000 --goal-from-proprio --num-eval 64 --seed 48 --cem-seed 48
183	tworoom	mppi_router_tauown	50	49	logs/rbT_tworoom_mppi_router_tauown_t50_seed49.log	python -m surveyor.envs.tworoom.eval --solver mppi --subgoal router+surveyor --gdm-ckpt gdm_tworoom_s10_gc_paired_e400v.pt --gdm-steps 50 --accept-tau 0.127 --receding-horizon 2 --mode long --goal-offset 50 --eval-budget 100 --h5 "$DATA/tworoom.h5" --source pretrained --encoder-id quentinll/lewm-tworooms --device cuda --eval-filter none --episode-min 4000 --goal-from-proprio --num-eval 64 --seed 49 --cem-seed 49
184	tworoom	mppi_router_tauown	75	42	logs/rbT_tworoom_mppi_router_tauown_t75_seed42.log	python -m surveyor.envs.tworoom.eval --solver mppi --subgoal router+surveyor --gdm-ckpt gdm_tworoom_s10_gc_paired_e400v.pt --gdm-steps 50 --accept-tau 0.127 --receding-horizon 2 --mode long --goal-offset 75 --eval-budget 150 --h5 "$DATA/tworoom.h5" --source pretrained --encoder-id quentinll/lewm-tworooms --device cuda --eval-filter none --episode-min 4000 --goal-from-proprio --num-eval 64 --seed 42 --cem-seed 42
185	tworoom	mppi_router_tauown	75	43	logs/rbT_tworoom_mppi_router_tauown_t75_seed43.log	python -m surveyor.envs.tworoom.eval --solver mppi --subgoal router+surveyor --gdm-ckpt gdm_tworoom_s10_gc_paired_e400v.pt --gdm-steps 50 --accept-tau 0.127 --receding-horizon 2 --mode long --goal-offset 75 --eval-budget 150 --h5 "$DATA/tworoom.h5" --source pretrained --encoder-id quentinll/lewm-tworooms --device cuda --eval-filter none --episode-min 4000 --goal-from-proprio --num-eval 64 --seed 43 --cem-seed 43
186	tworoom	mppi_router_tauown	75	44	logs/rbT_tworoom_mppi_router_tauown_t75_seed44.log	python -m surveyor.envs.tworoom.eval --solver mppi --subgoal router+surveyor --gdm-ckpt gdm_tworoom_s10_gc_paired_e400v.pt --gdm-steps 50 --accept-tau 0.127 --receding-horizon 2 --mode long --goal-offset 75 --eval-budget 150 --h5 "$DATA/tworoom.h5" --source pretrained --encoder-id quentinll/lewm-tworooms --device cuda --eval-filter none --episode-min 4000 --goal-from-proprio --num-eval 64 --seed 44 --cem-seed 44
187	tworoom	mppi_router_tauown	75	45	logs/rbT_tworoom_mppi_router_tauown_t75_seed45.log	python -m surveyor.envs.tworoom.eval --solver mppi --subgoal router+surveyor --gdm-ckpt gdm_tworoom_s10_gc_paired_e400v.pt --gdm-steps 50 --accept-tau 0.127 --receding-horizon 2 --mode long --goal-offset 75 --eval-budget 150 --h5 "$DATA/tworoom.h5" --source pretrained --encoder-id quentinll/lewm-tworooms --device cuda --eval-filter none --episode-min 4000 --goal-from-proprio --num-eval 64 --seed 45 --cem-seed 45
188	tworoom	mppi_router_tauown	75	46	logs/rbT_tworoom_mppi_router_tauown_t75_seed46.log	python -m surveyor.envs.tworoom.eval --solver mppi --subgoal router+surveyor --gdm-ckpt gdm_tworoom_s10_gc_paired_e400v.pt --gdm-steps 50 --accept-tau 0.127 --receding-horizon 2 --mode long --goal-offset 75 --eval-budget 150 --h5 "$DATA/tworoom.h5" --source pretrained --encoder-id quentinll/lewm-tworooms --device cuda --eval-filter none --episode-min 4000 --goal-from-proprio --num-eval 64 --seed 46 --cem-seed 46
189	tworoom	mppi_router_tauown	75	47	logs/rbT_tworoom_mppi_router_tauown_t75_seed47.log	python -m surveyor.envs.tworoom.eval --solver mppi --subgoal router+surveyor --gdm-ckpt gdm_tworoom_s10_gc_paired_e400v.pt --gdm-steps 50 --accept-tau 0.127 --receding-horizon 2 --mode long --goal-offset 75 --eval-budget 150 --h5 "$DATA/tworoom.h5" --source pretrained --encoder-id quentinll/lewm-tworooms --device cuda --eval-filter none --episode-min 4000 --goal-from-proprio --num-eval 64 --seed 47 --cem-seed 47
190	tworoom	mppi_router_tauown	75	48	logs/rbT_tworoom_mppi_router_tauown_t75_seed48.log	python -m surveyor.envs.tworoom.eval --solver mppi --subgoal router+surveyor --gdm-ckpt gdm_tworoom_s10_gc_paired_e400v.pt --gdm-steps 50 --accept-tau 0.127 --receding-horizon 2 --mode long --goal-offset 75 --eval-budget 150 --h5 "$DATA/tworoom.h5" --source pretrained --encoder-id quentinll/lewm-tworooms --device cuda --eval-filter none --episode-min 4000 --goal-from-proprio --num-eval 64 --seed 48 --cem-seed 48
191	tworoom	mppi_router_tauown	75	49	logs/rbT_tworoom_mppi_router_tauown_t75_seed49.log	python -m surveyor.envs.tworoom.eval --solver mppi --subgoal router+surveyor --gdm-ckpt gdm_tworoom_s10_gc_paired_e400v.pt --gdm-steps 50 --accept-tau 0.127 --receding-horizon 2 --mode long --goal-offset 75 --eval-budget 150 --h5 "$DATA/tworoom.h5" --source pretrained --encoder-id quentinll/lewm-tworooms --device cuda --eval-filter none --episode-min 4000 --goal-from-proprio --num-eval 64 --seed 49 --cem-seed 49
192	tworoom	pair_accept_tauown	25	42	logs/rbT_tworoom_pair_accept_tauown_t25_seed42.log	python -m surveyor.envs.tworoom.eval --subgoal paired+surveyor --gdm-ckpt gdm_tworoom_s10_gc_paired_e400v.pt --gdm-steps 50 --accept-tau 0.127 --receding-horizon 2 --mode long --goal-offset 25 --eval-budget 50 --h5 "$DATA/tworoom.h5" --source pretrained --encoder-id quentinll/lewm-tworooms --device cuda --eval-filter none --episode-min 4000 --goal-from-proprio --num-eval 64 --seed 42 --cem-seed 42
193	tworoom	pair_accept_tauown	25	43	logs/rbT_tworoom_pair_accept_tauown_t25_seed43.log	python -m surveyor.envs.tworoom.eval --subgoal paired+surveyor --gdm-ckpt gdm_tworoom_s10_gc_paired_e400v.pt --gdm-steps 50 --accept-tau 0.127 --receding-horizon 2 --mode long --goal-offset 25 --eval-budget 50 --h5 "$DATA/tworoom.h5" --source pretrained --encoder-id quentinll/lewm-tworooms --device cuda --eval-filter none --episode-min 4000 --goal-from-proprio --num-eval 64 --seed 43 --cem-seed 43
194	tworoom	pair_accept_tauown	25	44	logs/rbT_tworoom_pair_accept_tauown_t25_seed44.log	python -m surveyor.envs.tworoom.eval --subgoal paired+surveyor --gdm-ckpt gdm_tworoom_s10_gc_paired_e400v.pt --gdm-steps 50 --accept-tau 0.127 --receding-horizon 2 --mode long --goal-offset 25 --eval-budget 50 --h5 "$DATA/tworoom.h5" --source pretrained --encoder-id quentinll/lewm-tworooms --device cuda --eval-filter none --episode-min 4000 --goal-from-proprio --num-eval 64 --seed 44 --cem-seed 44
195	tworoom	pair_accept_tauown	25	45	logs/rbT_tworoom_pair_accept_tauown_t25_seed45.log	python -m surveyor.envs.tworoom.eval --subgoal paired+surveyor --gdm-ckpt gdm_tworoom_s10_gc_paired_e400v.pt --gdm-steps 50 --accept-tau 0.127 --receding-horizon 2 --mode long --goal-offset 25 --eval-budget 50 --h5 "$DATA/tworoom.h5" --source pretrained --encoder-id quentinll/lewm-tworooms --device cuda --eval-filter none --episode-min 4000 --goal-from-proprio --num-eval 64 --seed 45 --cem-seed 45
196	tworoom	pair_accept_tauown	25	46	logs/rbT_tworoom_pair_accept_tauown_t25_seed46.log	python -m surveyor.envs.tworoom.eval --subgoal paired+surveyor --gdm-ckpt gdm_tworoom_s10_gc_paired_e400v.pt --gdm-steps 50 --accept-tau 0.127 --receding-horizon 2 --mode long --goal-offset 25 --eval-budget 50 --h5 "$DATA/tworoom.h5" --source pretrained --encoder-id quentinll/lewm-tworooms --device cuda --eval-filter none --episode-min 4000 --goal-from-proprio --num-eval 64 --seed 46 --cem-seed 46
197	tworoom	pair_accept_tauown	25	47	logs/rbT_tworoom_pair_accept_tauown_t25_seed47.log	python -m surveyor.envs.tworoom.eval --subgoal paired+surveyor --gdm-ckpt gdm_tworoom_s10_gc_paired_e400v.pt --gdm-steps 50 --accept-tau 0.127 --receding-horizon 2 --mode long --goal-offset 25 --eval-budget 50 --h5 "$DATA/tworoom.h5" --source pretrained --encoder-id quentinll/lewm-tworooms --device cuda --eval-filter none --episode-min 4000 --goal-from-proprio --num-eval 64 --seed 47 --cem-seed 47
198	tworoom	pair_accept_tauown	25	48	logs/rbT_tworoom_pair_accept_tauown_t25_seed48.log	python -m surveyor.envs.tworoom.eval --subgoal paired+surveyor --gdm-ckpt gdm_tworoom_s10_gc_paired_e400v.pt --gdm-steps 50 --accept-tau 0.127 --receding-horizon 2 --mode long --goal-offset 25 --eval-budget 50 --h5 "$DATA/tworoom.h5" --source pretrained --encoder-id quentinll/lewm-tworooms --device cuda --eval-filter none --episode-min 4000 --goal-from-proprio --num-eval 64 --seed 48 --cem-seed 48
199	tworoom	pair_accept_tauown	25	49	logs/rbT_tworoom_pair_accept_tauown_t25_seed49.log	python -m surveyor.envs.tworoom.eval --subgoal paired+surveyor --gdm-ckpt gdm_tworoom_s10_gc_paired_e400v.pt --gdm-steps 50 --accept-tau 0.127 --receding-horizon 2 --mode long --goal-offset 25 --eval-budget 50 --h5 "$DATA/tworoom.h5" --source pretrained --encoder-id quentinll/lewm-tworooms --device cuda --eval-filter none --episode-min 4000 --goal-from-proprio --num-eval 64 --seed 49 --cem-seed 49
200	tworoom	pair_accept_tauown	50	42	logs/rbT_tworoom_pair_accept_tauown_t50_seed42.log	python -m surveyor.envs.tworoom.eval --subgoal paired+surveyor --gdm-ckpt gdm_tworoom_s10_gc_paired_e400v.pt --gdm-steps 50 --accept-tau 0.127 --receding-horizon 2 --mode long --goal-offset 50 --eval-budget 100 --h5 "$DATA/tworoom.h5" --source pretrained --encoder-id quentinll/lewm-tworooms --device cuda --eval-filter none --episode-min 4000 --goal-from-proprio --num-eval 64 --seed 42 --cem-seed 42
201	tworoom	pair_accept_tauown	50	43	logs/rbT_tworoom_pair_accept_tauown_t50_seed43.log	python -m surveyor.envs.tworoom.eval --subgoal paired+surveyor --gdm-ckpt gdm_tworoom_s10_gc_paired_e400v.pt --gdm-steps 50 --accept-tau 0.127 --receding-horizon 2 --mode long --goal-offset 50 --eval-budget 100 --h5 "$DATA/tworoom.h5" --source pretrained --encoder-id quentinll/lewm-tworooms --device cuda --eval-filter none --episode-min 4000 --goal-from-proprio --num-eval 64 --seed 43 --cem-seed 43
202	tworoom	pair_accept_tauown	50	44	logs/rbT_tworoom_pair_accept_tauown_t50_seed44.log	python -m surveyor.envs.tworoom.eval --subgoal paired+surveyor --gdm-ckpt gdm_tworoom_s10_gc_paired_e400v.pt --gdm-steps 50 --accept-tau 0.127 --receding-horizon 2 --mode long --goal-offset 50 --eval-budget 100 --h5 "$DATA/tworoom.h5" --source pretrained --encoder-id quentinll/lewm-tworooms --device cuda --eval-filter none --episode-min 4000 --goal-from-proprio --num-eval 64 --seed 44 --cem-seed 44
203	tworoom	pair_accept_tauown	50	45	logs/rbT_tworoom_pair_accept_tauown_t50_seed45.log	python -m surveyor.envs.tworoom.eval --subgoal paired+surveyor --gdm-ckpt gdm_tworoom_s10_gc_paired_e400v.pt --gdm-steps 50 --accept-tau 0.127 --receding-horizon 2 --mode long --goal-offset 50 --eval-budget 100 --h5 "$DATA/tworoom.h5" --source pretrained --encoder-id quentinll/lewm-tworooms --device cuda --eval-filter none --episode-min 4000 --goal-from-proprio --num-eval 64 --seed 45 --cem-seed 45
204	tworoom	pair_accept_tauown	50	46	logs/rbT_tworoom_pair_accept_tauown_t50_seed46.log	python -m surveyor.envs.tworoom.eval --subgoal paired+surveyor --gdm-ckpt gdm_tworoom_s10_gc_paired_e400v.pt --gdm-steps 50 --accept-tau 0.127 --receding-horizon 2 --mode long --goal-offset 50 --eval-budget 100 --h5 "$DATA/tworoom.h5" --source pretrained --encoder-id quentinll/lewm-tworooms --device cuda --eval-filter none --episode-min 4000 --goal-from-proprio --num-eval 64 --seed 46 --cem-seed 46
205	tworoom	pair_accept_tauown	50	47	logs/rbT_tworoom_pair_accept_tauown_t50_seed47.log	python -m surveyor.envs.tworoom.eval --subgoal paired+surveyor --gdm-ckpt gdm_tworoom_s10_gc_paired_e400v.pt --gdm-steps 50 --accept-tau 0.127 --receding-horizon 2 --mode long --goal-offset 50 --eval-budget 100 --h5 "$DATA/tworoom.h5" --source pretrained --encoder-id quentinll/lewm-tworooms --device cuda --eval-filter none --episode-min 4000 --goal-from-proprio --num-eval 64 --seed 47 --cem-seed 47
206	tworoom	pair_accept_tauown	50	48	logs/rbT_tworoom_pair_accept_tauown_t50_seed48.log	python -m surveyor.envs.tworoom.eval --subgoal paired+surveyor --gdm-ckpt gdm_tworoom_s10_gc_paired_e400v.pt --gdm-steps 50 --accept-tau 0.127 --receding-horizon 2 --mode long --goal-offset 50 --eval-budget 100 --h5 "$DATA/tworoom.h5" --source pretrained --encoder-id quentinll/lewm-tworooms --device cuda --eval-filter none --episode-min 4000 --goal-from-proprio --num-eval 64 --seed 48 --cem-seed 48
207	tworoom	pair_accept_tauown	50	49	logs/rbT_tworoom_pair_accept_tauown_t50_seed49.log	python -m surveyor.envs.tworoom.eval --subgoal paired+surveyor --gdm-ckpt gdm_tworoom_s10_gc_paired_e400v.pt --gdm-steps 50 --accept-tau 0.127 --receding-horizon 2 --mode long --goal-offset 50 --eval-budget 100 --h5 "$DATA/tworoom.h5" --source pretrained --encoder-id quentinll/lewm-tworooms --device cuda --eval-filter none --episode-min 4000 --goal-from-proprio --num-eval 64 --seed 49 --cem-seed 49
208	tworoom	pair_accept_tauown	75	42	logs/rbT_tworoom_pair_accept_tauown_t75_seed42.log	python -m surveyor.envs.tworoom.eval --subgoal paired+surveyor --gdm-ckpt gdm_tworoom_s10_gc_paired_e400v.pt --gdm-steps 50 --accept-tau 0.127 --receding-horizon 2 --mode long --goal-offset 75 --eval-budget 150 --h5 "$DATA/tworoom.h5" --source pretrained --encoder-id quentinll/lewm-tworooms --device cuda --eval-filter none --episode-min 4000 --goal-from-proprio --num-eval 64 --seed 42 --cem-seed 42
209	tworoom	pair_accept_tauown	75	43	logs/rbT_tworoom_pair_accept_tauown_t75_seed43.log	python -m surveyor.envs.tworoom.eval --subgoal paired+surveyor --gdm-ckpt gdm_tworoom_s10_gc_paired_e400v.pt --gdm-steps 50 --accept-tau 0.127 --receding-horizon 2 --mode long --goal-offset 75 --eval-budget 150 --h5 "$DATA/tworoom.h5" --source pretrained --encoder-id quentinll/lewm-tworooms --device cuda --eval-filter none --episode-min 4000 --goal-from-proprio --num-eval 64 --seed 43 --cem-seed 43
210	tworoom	pair_accept_tauown	75	44	logs/rbT_tworoom_pair_accept_tauown_t75_seed44.log	python -m surveyor.envs.tworoom.eval --subgoal paired+surveyor --gdm-ckpt gdm_tworoom_s10_gc_paired_e400v.pt --gdm-steps 50 --accept-tau 0.127 --receding-horizon 2 --mode long --goal-offset 75 --eval-budget 150 --h5 "$DATA/tworoom.h5" --source pretrained --encoder-id quentinll/lewm-tworooms --device cuda --eval-filter none --episode-min 4000 --goal-from-proprio --num-eval 64 --seed 44 --cem-seed 44
211	tworoom	pair_accept_tauown	75	45	logs/rbT_tworoom_pair_accept_tauown_t75_seed45.log	python -m surveyor.envs.tworoom.eval --subgoal paired+surveyor --gdm-ckpt gdm_tworoom_s10_gc_paired_e400v.pt --gdm-steps 50 --accept-tau 0.127 --receding-horizon 2 --mode long --goal-offset 75 --eval-budget 150 --h5 "$DATA/tworoom.h5" --source pretrained --encoder-id quentinll/lewm-tworooms --device cuda --eval-filter none --episode-min 4000 --goal-from-proprio --num-eval 64 --seed 45 --cem-seed 45
212	tworoom	pair_accept_tauown	75	46	logs/rbT_tworoom_pair_accept_tauown_t75_seed46.log	python -m surveyor.envs.tworoom.eval --subgoal paired+surveyor --gdm-ckpt gdm_tworoom_s10_gc_paired_e400v.pt --gdm-steps 50 --accept-tau 0.127 --receding-horizon 2 --mode long --goal-offset 75 --eval-budget 150 --h5 "$DATA/tworoom.h5" --source pretrained --encoder-id quentinll/lewm-tworooms --device cuda --eval-filter none --episode-min 4000 --goal-from-proprio --num-eval 64 --seed 46 --cem-seed 46
213	tworoom	pair_accept_tauown	75	47	logs/rbT_tworoom_pair_accept_tauown_t75_seed47.log	python -m surveyor.envs.tworoom.eval --subgoal paired+surveyor --gdm-ckpt gdm_tworoom_s10_gc_paired_e400v.pt --gdm-steps 50 --accept-tau 0.127 --receding-horizon 2 --mode long --goal-offset 75 --eval-budget 150 --h5 "$DATA/tworoom.h5" --source pretrained --encoder-id quentinll/lewm-tworooms --device cuda --eval-filter none --episode-min 4000 --goal-from-proprio --num-eval 64 --seed 47 --cem-seed 47
214	tworoom	pair_accept_tauown	75	48	logs/rbT_tworoom_pair_accept_tauown_t75_seed48.log	python -m surveyor.envs.tworoom.eval --subgoal paired+surveyor --gdm-ckpt gdm_tworoom_s10_gc_paired_e400v.pt --gdm-steps 50 --accept-tau 0.127 --receding-horizon 2 --mode long --goal-offset 75 --eval-budget 150 --h5 "$DATA/tworoom.h5" --source pretrained --encoder-id quentinll/lewm-tworooms --device cuda --eval-filter none --episode-min 4000 --goal-from-proprio --num-eval 64 --seed 48 --cem-seed 48
215	tworoom	pair_accept_tauown	75	49	logs/rbT_tworoom_pair_accept_tauown_t75_seed49.log	python -m surveyor.envs.tworoom.eval --subgoal paired+surveyor --gdm-ckpt gdm_tworoom_s10_gc_paired_e400v.pt --gdm-steps 50 --accept-tau 0.127 --receding-horizon 2 --mode long --goal-offset 75 --eval-budget 150 --h5 "$DATA/tworoom.h5" --source pretrained --encoder-id quentinll/lewm-tworooms --device cuda --eval-filter none --episode-min 4000 --goal-from-proprio --num-eval 64 --seed 49 --cem-seed 49
216	tworoom	router_tauown	25	42	logs/rbT_tworoom_router_tauown_t25_seed42.log	python -m surveyor.envs.tworoom.eval --subgoal router+surveyor --gdm-ckpt gdm_tworoom_s10_gc_paired_e400v.pt --gdm-steps 50 --accept-tau 0.127 --receding-horizon 2 --mode long --goal-offset 25 --eval-budget 50 --h5 "$DATA/tworoom.h5" --source pretrained --encoder-id quentinll/lewm-tworooms --device cuda --eval-filter none --episode-min 4000 --goal-from-proprio --num-eval 64 --seed 42 --cem-seed 42
217	tworoom	router_tauown	25	43	logs/rbT_tworoom_router_tauown_t25_seed43.log	python -m surveyor.envs.tworoom.eval --subgoal router+surveyor --gdm-ckpt gdm_tworoom_s10_gc_paired_e400v.pt --gdm-steps 50 --accept-tau 0.127 --receding-horizon 2 --mode long --goal-offset 25 --eval-budget 50 --h5 "$DATA/tworoom.h5" --source pretrained --encoder-id quentinll/lewm-tworooms --device cuda --eval-filter none --episode-min 4000 --goal-from-proprio --num-eval 64 --seed 43 --cem-seed 43
218	tworoom	router_tauown	25	44	logs/rbT_tworoom_router_tauown_t25_seed44.log	python -m surveyor.envs.tworoom.eval --subgoal router+surveyor --gdm-ckpt gdm_tworoom_s10_gc_paired_e400v.pt --gdm-steps 50 --accept-tau 0.127 --receding-horizon 2 --mode long --goal-offset 25 --eval-budget 50 --h5 "$DATA/tworoom.h5" --source pretrained --encoder-id quentinll/lewm-tworooms --device cuda --eval-filter none --episode-min 4000 --goal-from-proprio --num-eval 64 --seed 44 --cem-seed 44
219	tworoom	router_tauown	25	45	logs/rbT_tworoom_router_tauown_t25_seed45.log	python -m surveyor.envs.tworoom.eval --subgoal router+surveyor --gdm-ckpt gdm_tworoom_s10_gc_paired_e400v.pt --gdm-steps 50 --accept-tau 0.127 --receding-horizon 2 --mode long --goal-offset 25 --eval-budget 50 --h5 "$DATA/tworoom.h5" --source pretrained --encoder-id quentinll/lewm-tworooms --device cuda --eval-filter none --episode-min 4000 --goal-from-proprio --num-eval 64 --seed 45 --cem-seed 45
220	tworoom	router_tauown	25	46	logs/rbT_tworoom_router_tauown_t25_seed46.log	python -m surveyor.envs.tworoom.eval --subgoal router+surveyor --gdm-ckpt gdm_tworoom_s10_gc_paired_e400v.pt --gdm-steps 50 --accept-tau 0.127 --receding-horizon 2 --mode long --goal-offset 25 --eval-budget 50 --h5 "$DATA/tworoom.h5" --source pretrained --encoder-id quentinll/lewm-tworooms --device cuda --eval-filter none --episode-min 4000 --goal-from-proprio --num-eval 64 --seed 46 --cem-seed 46
221	tworoom	router_tauown	25	47	logs/rbT_tworoom_router_tauown_t25_seed47.log	python -m surveyor.envs.tworoom.eval --subgoal router+surveyor --gdm-ckpt gdm_tworoom_s10_gc_paired_e400v.pt --gdm-steps 50 --accept-tau 0.127 --receding-horizon 2 --mode long --goal-offset 25 --eval-budget 50 --h5 "$DATA/tworoom.h5" --source pretrained --encoder-id quentinll/lewm-tworooms --device cuda --eval-filter none --episode-min 4000 --goal-from-proprio --num-eval 64 --seed 47 --cem-seed 47
222	tworoom	router_tauown	25	48	logs/rbT_tworoom_router_tauown_t25_seed48.log	python -m surveyor.envs.tworoom.eval --subgoal router+surveyor --gdm-ckpt gdm_tworoom_s10_gc_paired_e400v.pt --gdm-steps 50 --accept-tau 0.127 --receding-horizon 2 --mode long --goal-offset 25 --eval-budget 50 --h5 "$DATA/tworoom.h5" --source pretrained --encoder-id quentinll/lewm-tworooms --device cuda --eval-filter none --episode-min 4000 --goal-from-proprio --num-eval 64 --seed 48 --cem-seed 48
223	tworoom	router_tauown	25	49	logs/rbT_tworoom_router_tauown_t25_seed49.log	python -m surveyor.envs.tworoom.eval --subgoal router+surveyor --gdm-ckpt gdm_tworoom_s10_gc_paired_e400v.pt --gdm-steps 50 --accept-tau 0.127 --receding-horizon 2 --mode long --goal-offset 25 --eval-budget 50 --h5 "$DATA/tworoom.h5" --source pretrained --encoder-id quentinll/lewm-tworooms --device cuda --eval-filter none --episode-min 4000 --goal-from-proprio --num-eval 64 --seed 49 --cem-seed 49
224	tworoom	router_tauown	50	42	logs/rbT_tworoom_router_tauown_t50_seed42.log	python -m surveyor.envs.tworoom.eval --subgoal router+surveyor --gdm-ckpt gdm_tworoom_s10_gc_paired_e400v.pt --gdm-steps 50 --accept-tau 0.127 --receding-horizon 2 --mode long --goal-offset 50 --eval-budget 100 --h5 "$DATA/tworoom.h5" --source pretrained --encoder-id quentinll/lewm-tworooms --device cuda --eval-filter none --episode-min 4000 --goal-from-proprio --num-eval 64 --seed 42 --cem-seed 42
225	tworoom	router_tauown	50	43	logs/rbT_tworoom_router_tauown_t50_seed43.log	python -m surveyor.envs.tworoom.eval --subgoal router+surveyor --gdm-ckpt gdm_tworoom_s10_gc_paired_e400v.pt --gdm-steps 50 --accept-tau 0.127 --receding-horizon 2 --mode long --goal-offset 50 --eval-budget 100 --h5 "$DATA/tworoom.h5" --source pretrained --encoder-id quentinll/lewm-tworooms --device cuda --eval-filter none --episode-min 4000 --goal-from-proprio --num-eval 64 --seed 43 --cem-seed 43
226	tworoom	router_tauown	50	44	logs/rbT_tworoom_router_tauown_t50_seed44.log	python -m surveyor.envs.tworoom.eval --subgoal router+surveyor --gdm-ckpt gdm_tworoom_s10_gc_paired_e400v.pt --gdm-steps 50 --accept-tau 0.127 --receding-horizon 2 --mode long --goal-offset 50 --eval-budget 100 --h5 "$DATA/tworoom.h5" --source pretrained --encoder-id quentinll/lewm-tworooms --device cuda --eval-filter none --episode-min 4000 --goal-from-proprio --num-eval 64 --seed 44 --cem-seed 44
227	tworoom	router_tauown	50	45	logs/rbT_tworoom_router_tauown_t50_seed45.log	python -m surveyor.envs.tworoom.eval --subgoal router+surveyor --gdm-ckpt gdm_tworoom_s10_gc_paired_e400v.pt --gdm-steps 50 --accept-tau 0.127 --receding-horizon 2 --mode long --goal-offset 50 --eval-budget 100 --h5 "$DATA/tworoom.h5" --source pretrained --encoder-id quentinll/lewm-tworooms --device cuda --eval-filter none --episode-min 4000 --goal-from-proprio --num-eval 64 --seed 45 --cem-seed 45
228	tworoom	router_tauown	50	46	logs/rbT_tworoom_router_tauown_t50_seed46.log	python -m surveyor.envs.tworoom.eval --subgoal router+surveyor --gdm-ckpt gdm_tworoom_s10_gc_paired_e400v.pt --gdm-steps 50 --accept-tau 0.127 --receding-horizon 2 --mode long --goal-offset 50 --eval-budget 100 --h5 "$DATA/tworoom.h5" --source pretrained --encoder-id quentinll/lewm-tworooms --device cuda --eval-filter none --episode-min 4000 --goal-from-proprio --num-eval 64 --seed 46 --cem-seed 46
229	tworoom	router_tauown	50	47	logs/rbT_tworoom_router_tauown_t50_seed47.log	python -m surveyor.envs.tworoom.eval --subgoal router+surveyor --gdm-ckpt gdm_tworoom_s10_gc_paired_e400v.pt --gdm-steps 50 --accept-tau 0.127 --receding-horizon 2 --mode long --goal-offset 50 --eval-budget 100 --h5 "$DATA/tworoom.h5" --source pretrained --encoder-id quentinll/lewm-tworooms --device cuda --eval-filter none --episode-min 4000 --goal-from-proprio --num-eval 64 --seed 47 --cem-seed 47
230	tworoom	router_tauown	50	48	logs/rbT_tworoom_router_tauown_t50_seed48.log	python -m surveyor.envs.tworoom.eval --subgoal router+surveyor --gdm-ckpt gdm_tworoom_s10_gc_paired_e400v.pt --gdm-steps 50 --accept-tau 0.127 --receding-horizon 2 --mode long --goal-offset 50 --eval-budget 100 --h5 "$DATA/tworoom.h5" --source pretrained --encoder-id quentinll/lewm-tworooms --device cuda --eval-filter none --episode-min 4000 --goal-from-proprio --num-eval 64 --seed 48 --cem-seed 48
231	tworoom	router_tauown	50	49	logs/rbT_tworoom_router_tauown_t50_seed49.log	python -m surveyor.envs.tworoom.eval --subgoal router+surveyor --gdm-ckpt gdm_tworoom_s10_gc_paired_e400v.pt --gdm-steps 50 --accept-tau 0.127 --receding-horizon 2 --mode long --goal-offset 50 --eval-budget 100 --h5 "$DATA/tworoom.h5" --source pretrained --encoder-id quentinll/lewm-tworooms --device cuda --eval-filter none --episode-min 4000 --goal-from-proprio --num-eval 64 --seed 49 --cem-seed 49
232	tworoom	router_tauown	75	42	logs/rbT_tworoom_router_tauown_t75_seed42.log	python -m surveyor.envs.tworoom.eval --subgoal router+surveyor --gdm-ckpt gdm_tworoom_s10_gc_paired_e400v.pt --gdm-steps 50 --accept-tau 0.127 --receding-horizon 2 --mode long --goal-offset 75 --eval-budget 150 --h5 "$DATA/tworoom.h5" --source pretrained --encoder-id quentinll/lewm-tworooms --device cuda --eval-filter none --episode-min 4000 --goal-from-proprio --num-eval 64 --seed 42 --cem-seed 42
233	tworoom	router_tauown	75	43	logs/rbT_tworoom_router_tauown_t75_seed43.log	python -m surveyor.envs.tworoom.eval --subgoal router+surveyor --gdm-ckpt gdm_tworoom_s10_gc_paired_e400v.pt --gdm-steps 50 --accept-tau 0.127 --receding-horizon 2 --mode long --goal-offset 75 --eval-budget 150 --h5 "$DATA/tworoom.h5" --source pretrained --encoder-id quentinll/lewm-tworooms --device cuda --eval-filter none --episode-min 4000 --goal-from-proprio --num-eval 64 --seed 43 --cem-seed 43
234	tworoom	router_tauown	75	44	logs/rbT_tworoom_router_tauown_t75_seed44.log	python -m surveyor.envs.tworoom.eval --subgoal router+surveyor --gdm-ckpt gdm_tworoom_s10_gc_paired_e400v.pt --gdm-steps 50 --accept-tau 0.127 --receding-horizon 2 --mode long --goal-offset 75 --eval-budget 150 --h5 "$DATA/tworoom.h5" --source pretrained --encoder-id quentinll/lewm-tworooms --device cuda --eval-filter none --episode-min 4000 --goal-from-proprio --num-eval 64 --seed 44 --cem-seed 44
235	tworoom	router_tauown	75	45	logs/rbT_tworoom_router_tauown_t75_seed45.log	python -m surveyor.envs.tworoom.eval --subgoal router+surveyor --gdm-ckpt gdm_tworoom_s10_gc_paired_e400v.pt --gdm-steps 50 --accept-tau 0.127 --receding-horizon 2 --mode long --goal-offset 75 --eval-budget 150 --h5 "$DATA/tworoom.h5" --source pretrained --encoder-id quentinll/lewm-tworooms --device cuda --eval-filter none --episode-min 4000 --goal-from-proprio --num-eval 64 --seed 45 --cem-seed 45
236	tworoom	router_tauown	75	46	logs/rbT_tworoom_router_tauown_t75_seed46.log	python -m surveyor.envs.tworoom.eval --subgoal router+surveyor --gdm-ckpt gdm_tworoom_s10_gc_paired_e400v.pt --gdm-steps 50 --accept-tau 0.127 --receding-horizon 2 --mode long --goal-offset 75 --eval-budget 150 --h5 "$DATA/tworoom.h5" --source pretrained --encoder-id quentinll/lewm-tworooms --device cuda --eval-filter none --episode-min 4000 --goal-from-proprio --num-eval 64 --seed 46 --cem-seed 46
237	tworoom	router_tauown	75	47	logs/rbT_tworoom_router_tauown_t75_seed47.log	python -m surveyor.envs.tworoom.eval --subgoal router+surveyor --gdm-ckpt gdm_tworoom_s10_gc_paired_e400v.pt --gdm-steps 50 --accept-tau 0.127 --receding-horizon 2 --mode long --goal-offset 75 --eval-budget 150 --h5 "$DATA/tworoom.h5" --source pretrained --encoder-id quentinll/lewm-tworooms --device cuda --eval-filter none --episode-min 4000 --goal-from-proprio --num-eval 64 --seed 47 --cem-seed 47
238	tworoom	router_tauown	75	48	logs/rbT_tworoom_router_tauown_t75_seed48.log	python -m surveyor.envs.tworoom.eval --subgoal router+surveyor --gdm-ckpt gdm_tworoom_s10_gc_paired_e400v.pt --gdm-steps 50 --accept-tau 0.127 --receding-horizon 2 --mode long --goal-offset 75 --eval-budget 150 --h5 "$DATA/tworoom.h5" --source pretrained --encoder-id quentinll/lewm-tworooms --device cuda --eval-filter none --episode-min 4000 --goal-from-proprio --num-eval 64 --seed 48 --cem-seed 48
239	tworoom	router_tauown	75	49	logs/rbT_tworoom_router_tauown_t75_seed49.log	python -m surveyor.envs.tworoom.eval --subgoal router+surveyor --gdm-ckpt gdm_tworoom_s10_gc_paired_e400v.pt --gdm-steps 50 --accept-tau 0.127 --receding-horizon 2 --mode long --goal-offset 75 --eval-budget 150 --h5 "$DATA/tworoom.h5" --source pretrained --encoder-id quentinll/lewm-tworooms --device cuda --eval-filter none --episode-min 4000 --goal-from-proprio --num-eval 64 --seed 49 --cem-seed 49
240	tworoom	gcrouter_off_s42_mp_rt0.10_tauown	25	42	logs/rbT_tworoom_gcrouter_off_s42_mp_rt0.10_tauown_t25_seed42.log	python -m surveyor.envs.tworoom.eval --subgoal gcidm+surveyor --gcidm-ckpt gcidm_official_tworoom_h50_s42.pt --gdm-ckpt gdm_tworoom_s10_gc_paired_e400v.pt --gdm-steps 50 --accept-tau 0.127 --sg-steps 10 --cstar-route --receding-horizon 2 --mode long --goal-offset 25 --eval-budget 50 --h5 "$DATA/tworoom.h5" --source pretrained --encoder-id quentinll/lewm-tworooms --device cuda --eval-filter none --episode-min 4000 --goal-from-proprio --num-eval 64 --seed 42 --cem-seed 42 --probe-solver match --retire-tau 0.10
241	tworoom	gcrouter_off_s42_mp_rt0.10_tauown	25	43	logs/rbT_tworoom_gcrouter_off_s42_mp_rt0.10_tauown_t25_seed43.log	python -m surveyor.envs.tworoom.eval --subgoal gcidm+surveyor --gcidm-ckpt gcidm_official_tworoom_h50_s42.pt --gdm-ckpt gdm_tworoom_s10_gc_paired_e400v.pt --gdm-steps 50 --accept-tau 0.127 --sg-steps 10 --cstar-route --receding-horizon 2 --mode long --goal-offset 25 --eval-budget 50 --h5 "$DATA/tworoom.h5" --source pretrained --encoder-id quentinll/lewm-tworooms --device cuda --eval-filter none --episode-min 4000 --goal-from-proprio --num-eval 64 --seed 43 --cem-seed 43 --probe-solver match --retire-tau 0.10
242	tworoom	gcrouter_off_s42_mp_rt0.10_tauown	25	44	logs/rbT_tworoom_gcrouter_off_s42_mp_rt0.10_tauown_t25_seed44.log	python -m surveyor.envs.tworoom.eval --subgoal gcidm+surveyor --gcidm-ckpt gcidm_official_tworoom_h50_s42.pt --gdm-ckpt gdm_tworoom_s10_gc_paired_e400v.pt --gdm-steps 50 --accept-tau 0.127 --sg-steps 10 --cstar-route --receding-horizon 2 --mode long --goal-offset 25 --eval-budget 50 --h5 "$DATA/tworoom.h5" --source pretrained --encoder-id quentinll/lewm-tworooms --device cuda --eval-filter none --episode-min 4000 --goal-from-proprio --num-eval 64 --seed 44 --cem-seed 44 --probe-solver match --retire-tau 0.10
243	tworoom	gcrouter_off_s42_mp_rt0.10_tauown	25	45	logs/rbT_tworoom_gcrouter_off_s42_mp_rt0.10_tauown_t25_seed45.log	python -m surveyor.envs.tworoom.eval --subgoal gcidm+surveyor --gcidm-ckpt gcidm_official_tworoom_h50_s42.pt --gdm-ckpt gdm_tworoom_s10_gc_paired_e400v.pt --gdm-steps 50 --accept-tau 0.127 --sg-steps 10 --cstar-route --receding-horizon 2 --mode long --goal-offset 25 --eval-budget 50 --h5 "$DATA/tworoom.h5" --source pretrained --encoder-id quentinll/lewm-tworooms --device cuda --eval-filter none --episode-min 4000 --goal-from-proprio --num-eval 64 --seed 45 --cem-seed 45 --probe-solver match --retire-tau 0.10
244	tworoom	gcrouter_off_s42_mp_rt0.10_tauown	25	46	logs/rbT_tworoom_gcrouter_off_s42_mp_rt0.10_tauown_t25_seed46.log	python -m surveyor.envs.tworoom.eval --subgoal gcidm+surveyor --gcidm-ckpt gcidm_official_tworoom_h50_s42.pt --gdm-ckpt gdm_tworoom_s10_gc_paired_e400v.pt --gdm-steps 50 --accept-tau 0.127 --sg-steps 10 --cstar-route --receding-horizon 2 --mode long --goal-offset 25 --eval-budget 50 --h5 "$DATA/tworoom.h5" --source pretrained --encoder-id quentinll/lewm-tworooms --device cuda --eval-filter none --episode-min 4000 --goal-from-proprio --num-eval 64 --seed 46 --cem-seed 46 --probe-solver match --retire-tau 0.10
245	tworoom	gcrouter_off_s42_mp_rt0.10_tauown	25	47	logs/rbT_tworoom_gcrouter_off_s42_mp_rt0.10_tauown_t25_seed47.log	python -m surveyor.envs.tworoom.eval --subgoal gcidm+surveyor --gcidm-ckpt gcidm_official_tworoom_h50_s42.pt --gdm-ckpt gdm_tworoom_s10_gc_paired_e400v.pt --gdm-steps 50 --accept-tau 0.127 --sg-steps 10 --cstar-route --receding-horizon 2 --mode long --goal-offset 25 --eval-budget 50 --h5 "$DATA/tworoom.h5" --source pretrained --encoder-id quentinll/lewm-tworooms --device cuda --eval-filter none --episode-min 4000 --goal-from-proprio --num-eval 64 --seed 47 --cem-seed 47 --probe-solver match --retire-tau 0.10
246	tworoom	gcrouter_off_s42_mp_rt0.10_tauown	25	48	logs/rbT_tworoom_gcrouter_off_s42_mp_rt0.10_tauown_t25_seed48.log	python -m surveyor.envs.tworoom.eval --subgoal gcidm+surveyor --gcidm-ckpt gcidm_official_tworoom_h50_s42.pt --gdm-ckpt gdm_tworoom_s10_gc_paired_e400v.pt --gdm-steps 50 --accept-tau 0.127 --sg-steps 10 --cstar-route --receding-horizon 2 --mode long --goal-offset 25 --eval-budget 50 --h5 "$DATA/tworoom.h5" --source pretrained --encoder-id quentinll/lewm-tworooms --device cuda --eval-filter none --episode-min 4000 --goal-from-proprio --num-eval 64 --seed 48 --cem-seed 48 --probe-solver match --retire-tau 0.10
247	tworoom	gcrouter_off_s42_mp_rt0.10_tauown	25	49	logs/rbT_tworoom_gcrouter_off_s42_mp_rt0.10_tauown_t25_seed49.log	python -m surveyor.envs.tworoom.eval --subgoal gcidm+surveyor --gcidm-ckpt gcidm_official_tworoom_h50_s42.pt --gdm-ckpt gdm_tworoom_s10_gc_paired_e400v.pt --gdm-steps 50 --accept-tau 0.127 --sg-steps 10 --cstar-route --receding-horizon 2 --mode long --goal-offset 25 --eval-budget 50 --h5 "$DATA/tworoom.h5" --source pretrained --encoder-id quentinll/lewm-tworooms --device cuda --eval-filter none --episode-min 4000 --goal-from-proprio --num-eval 64 --seed 49 --cem-seed 49 --probe-solver match --retire-tau 0.10
248	tworoom	gcrouter_off_s42_mp_rt0.10_tauown	50	42	logs/rbT_tworoom_gcrouter_off_s42_mp_rt0.10_tauown_t50_seed42.log	python -m surveyor.envs.tworoom.eval --subgoal gcidm+surveyor --gcidm-ckpt gcidm_official_tworoom_h100_s42.pt --gdm-ckpt gdm_tworoom_s10_gc_paired_e400v.pt --gdm-steps 50 --accept-tau 0.127 --sg-steps 10 --cstar-route --receding-horizon 2 --mode long --goal-offset 50 --eval-budget 100 --h5 "$DATA/tworoom.h5" --source pretrained --encoder-id quentinll/lewm-tworooms --device cuda --eval-filter none --episode-min 4000 --goal-from-proprio --num-eval 64 --seed 42 --cem-seed 42 --probe-solver match --retire-tau 0.10
249	tworoom	gcrouter_off_s42_mp_rt0.10_tauown	50	43	logs/rbT_tworoom_gcrouter_off_s42_mp_rt0.10_tauown_t50_seed43.log	python -m surveyor.envs.tworoom.eval --subgoal gcidm+surveyor --gcidm-ckpt gcidm_official_tworoom_h100_s42.pt --gdm-ckpt gdm_tworoom_s10_gc_paired_e400v.pt --gdm-steps 50 --accept-tau 0.127 --sg-steps 10 --cstar-route --receding-horizon 2 --mode long --goal-offset 50 --eval-budget 100 --h5 "$DATA/tworoom.h5" --source pretrained --encoder-id quentinll/lewm-tworooms --device cuda --eval-filter none --episode-min 4000 --goal-from-proprio --num-eval 64 --seed 43 --cem-seed 43 --probe-solver match --retire-tau 0.10
250	tworoom	gcrouter_off_s42_mp_rt0.10_tauown	50	44	logs/rbT_tworoom_gcrouter_off_s42_mp_rt0.10_tauown_t50_seed44.log	python -m surveyor.envs.tworoom.eval --subgoal gcidm+surveyor --gcidm-ckpt gcidm_official_tworoom_h100_s42.pt --gdm-ckpt gdm_tworoom_s10_gc_paired_e400v.pt --gdm-steps 50 --accept-tau 0.127 --sg-steps 10 --cstar-route --receding-horizon 2 --mode long --goal-offset 50 --eval-budget 100 --h5 "$DATA/tworoom.h5" --source pretrained --encoder-id quentinll/lewm-tworooms --device cuda --eval-filter none --episode-min 4000 --goal-from-proprio --num-eval 64 --seed 44 --cem-seed 44 --probe-solver match --retire-tau 0.10
251	tworoom	gcrouter_off_s42_mp_rt0.10_tauown	50	45	logs/rbT_tworoom_gcrouter_off_s42_mp_rt0.10_tauown_t50_seed45.log	python -m surveyor.envs.tworoom.eval --subgoal gcidm+surveyor --gcidm-ckpt gcidm_official_tworoom_h100_s42.pt --gdm-ckpt gdm_tworoom_s10_gc_paired_e400v.pt --gdm-steps 50 --accept-tau 0.127 --sg-steps 10 --cstar-route --receding-horizon 2 --mode long --goal-offset 50 --eval-budget 100 --h5 "$DATA/tworoom.h5" --source pretrained --encoder-id quentinll/lewm-tworooms --device cuda --eval-filter none --episode-min 4000 --goal-from-proprio --num-eval 64 --seed 45 --cem-seed 45 --probe-solver match --retire-tau 0.10
252	tworoom	gcrouter_off_s42_mp_rt0.10_tauown	50	46	logs/rbT_tworoom_gcrouter_off_s42_mp_rt0.10_tauown_t50_seed46.log	python -m surveyor.envs.tworoom.eval --subgoal gcidm+surveyor --gcidm-ckpt gcidm_official_tworoom_h100_s42.pt --gdm-ckpt gdm_tworoom_s10_gc_paired_e400v.pt --gdm-steps 50 --accept-tau 0.127 --sg-steps 10 --cstar-route --receding-horizon 2 --mode long --goal-offset 50 --eval-budget 100 --h5 "$DATA/tworoom.h5" --source pretrained --encoder-id quentinll/lewm-tworooms --device cuda --eval-filter none --episode-min 4000 --goal-from-proprio --num-eval 64 --seed 46 --cem-seed 46 --probe-solver match --retire-tau 0.10
253	tworoom	gcrouter_off_s42_mp_rt0.10_tauown	50	47	logs/rbT_tworoom_gcrouter_off_s42_mp_rt0.10_tauown_t50_seed47.log	python -m surveyor.envs.tworoom.eval --subgoal gcidm+surveyor --gcidm-ckpt gcidm_official_tworoom_h100_s42.pt --gdm-ckpt gdm_tworoom_s10_gc_paired_e400v.pt --gdm-steps 50 --accept-tau 0.127 --sg-steps 10 --cstar-route --receding-horizon 2 --mode long --goal-offset 50 --eval-budget 100 --h5 "$DATA/tworoom.h5" --source pretrained --encoder-id quentinll/lewm-tworooms --device cuda --eval-filter none --episode-min 4000 --goal-from-proprio --num-eval 64 --seed 47 --cem-seed 47 --probe-solver match --retire-tau 0.10
254	tworoom	gcrouter_off_s42_mp_rt0.10_tauown	50	48	logs/rbT_tworoom_gcrouter_off_s42_mp_rt0.10_tauown_t50_seed48.log	python -m surveyor.envs.tworoom.eval --subgoal gcidm+surveyor --gcidm-ckpt gcidm_official_tworoom_h100_s42.pt --gdm-ckpt gdm_tworoom_s10_gc_paired_e400v.pt --gdm-steps 50 --accept-tau 0.127 --sg-steps 10 --cstar-route --receding-horizon 2 --mode long --goal-offset 50 --eval-budget 100 --h5 "$DATA/tworoom.h5" --source pretrained --encoder-id quentinll/lewm-tworooms --device cuda --eval-filter none --episode-min 4000 --goal-from-proprio --num-eval 64 --seed 48 --cem-seed 48 --probe-solver match --retire-tau 0.10
255	tworoom	gcrouter_off_s42_mp_rt0.10_tauown	50	49	logs/rbT_tworoom_gcrouter_off_s42_mp_rt0.10_tauown_t50_seed49.log	python -m surveyor.envs.tworoom.eval --subgoal gcidm+surveyor --gcidm-ckpt gcidm_official_tworoom_h100_s42.pt --gdm-ckpt gdm_tworoom_s10_gc_paired_e400v.pt --gdm-steps 50 --accept-tau 0.127 --sg-steps 10 --cstar-route --receding-horizon 2 --mode long --goal-offset 50 --eval-budget 100 --h5 "$DATA/tworoom.h5" --source pretrained --encoder-id quentinll/lewm-tworooms --device cuda --eval-filter none --episode-min 4000 --goal-from-proprio --num-eval 64 --seed 49 --cem-seed 49 --probe-solver match --retire-tau 0.10
256	tworoom	gcrouter_off_s42_mp_rt0.10_tauown	75	42	logs/rbT_tworoom_gcrouter_off_s42_mp_rt0.10_tauown_t75_seed42.log	python -m surveyor.envs.tworoom.eval --subgoal gcidm+surveyor --gcidm-ckpt gcidm_official_tworoom_h150_s42.pt --gdm-ckpt gdm_tworoom_s10_gc_paired_e400v.pt --gdm-steps 50 --accept-tau 0.127 --sg-steps 10 --cstar-route --receding-horizon 2 --mode long --goal-offset 75 --eval-budget 150 --h5 "$DATA/tworoom.h5" --source pretrained --encoder-id quentinll/lewm-tworooms --device cuda --eval-filter none --episode-min 4000 --goal-from-proprio --num-eval 64 --seed 42 --cem-seed 42 --probe-solver match --retire-tau 0.10
257	tworoom	gcrouter_off_s42_mp_rt0.10_tauown	75	43	logs/rbT_tworoom_gcrouter_off_s42_mp_rt0.10_tauown_t75_seed43.log	python -m surveyor.envs.tworoom.eval --subgoal gcidm+surveyor --gcidm-ckpt gcidm_official_tworoom_h150_s42.pt --gdm-ckpt gdm_tworoom_s10_gc_paired_e400v.pt --gdm-steps 50 --accept-tau 0.127 --sg-steps 10 --cstar-route --receding-horizon 2 --mode long --goal-offset 75 --eval-budget 150 --h5 "$DATA/tworoom.h5" --source pretrained --encoder-id quentinll/lewm-tworooms --device cuda --eval-filter none --episode-min 4000 --goal-from-proprio --num-eval 64 --seed 43 --cem-seed 43 --probe-solver match --retire-tau 0.10
258	tworoom	gcrouter_off_s42_mp_rt0.10_tauown	75	44	logs/rbT_tworoom_gcrouter_off_s42_mp_rt0.10_tauown_t75_seed44.log	python -m surveyor.envs.tworoom.eval --subgoal gcidm+surveyor --gcidm-ckpt gcidm_official_tworoom_h150_s42.pt --gdm-ckpt gdm_tworoom_s10_gc_paired_e400v.pt --gdm-steps 50 --accept-tau 0.127 --sg-steps 10 --cstar-route --receding-horizon 2 --mode long --goal-offset 75 --eval-budget 150 --h5 "$DATA/tworoom.h5" --source pretrained --encoder-id quentinll/lewm-tworooms --device cuda --eval-filter none --episode-min 4000 --goal-from-proprio --num-eval 64 --seed 44 --cem-seed 44 --probe-solver match --retire-tau 0.10
259	tworoom	gcrouter_off_s42_mp_rt0.10_tauown	75	45	logs/rbT_tworoom_gcrouter_off_s42_mp_rt0.10_tauown_t75_seed45.log	python -m surveyor.envs.tworoom.eval --subgoal gcidm+surveyor --gcidm-ckpt gcidm_official_tworoom_h150_s42.pt --gdm-ckpt gdm_tworoom_s10_gc_paired_e400v.pt --gdm-steps 50 --accept-tau 0.127 --sg-steps 10 --cstar-route --receding-horizon 2 --mode long --goal-offset 75 --eval-budget 150 --h5 "$DATA/tworoom.h5" --source pretrained --encoder-id quentinll/lewm-tworooms --device cuda --eval-filter none --episode-min 4000 --goal-from-proprio --num-eval 64 --seed 45 --cem-seed 45 --probe-solver match --retire-tau 0.10
260	tworoom	gcrouter_off_s42_mp_rt0.10_tauown	75	46	logs/rbT_tworoom_gcrouter_off_s42_mp_rt0.10_tauown_t75_seed46.log	python -m surveyor.envs.tworoom.eval --subgoal gcidm+surveyor --gcidm-ckpt gcidm_official_tworoom_h150_s42.pt --gdm-ckpt gdm_tworoom_s10_gc_paired_e400v.pt --gdm-steps 50 --accept-tau 0.127 --sg-steps 10 --cstar-route --receding-horizon 2 --mode long --goal-offset 75 --eval-budget 150 --h5 "$DATA/tworoom.h5" --source pretrained --encoder-id quentinll/lewm-tworooms --device cuda --eval-filter none --episode-min 4000 --goal-from-proprio --num-eval 64 --seed 46 --cem-seed 46 --probe-solver match --retire-tau 0.10
261	tworoom	gcrouter_off_s42_mp_rt0.10_tauown	75	47	logs/rbT_tworoom_gcrouter_off_s42_mp_rt0.10_tauown_t75_seed47.log	python -m surveyor.envs.tworoom.eval --subgoal gcidm+surveyor --gcidm-ckpt gcidm_official_tworoom_h150_s42.pt --gdm-ckpt gdm_tworoom_s10_gc_paired_e400v.pt --gdm-steps 50 --accept-tau 0.127 --sg-steps 10 --cstar-route --receding-horizon 2 --mode long --goal-offset 75 --eval-budget 150 --h5 "$DATA/tworoom.h5" --source pretrained --encoder-id quentinll/lewm-tworooms --device cuda --eval-filter none --episode-min 4000 --goal-from-proprio --num-eval 64 --seed 47 --cem-seed 47 --probe-solver match --retire-tau 0.10
262	tworoom	gcrouter_off_s42_mp_rt0.10_tauown	75	48	logs/rbT_tworoom_gcrouter_off_s42_mp_rt0.10_tauown_t75_seed48.log	python -m surveyor.envs.tworoom.eval --subgoal gcidm+surveyor --gcidm-ckpt gcidm_official_tworoom_h150_s42.pt --gdm-ckpt gdm_tworoom_s10_gc_paired_e400v.pt --gdm-steps 50 --accept-tau 0.127 --sg-steps 10 --cstar-route --receding-horizon 2 --mode long --goal-offset 75 --eval-budget 150 --h5 "$DATA/tworoom.h5" --source pretrained --encoder-id quentinll/lewm-tworooms --device cuda --eval-filter none --episode-min 4000 --goal-from-proprio --num-eval 64 --seed 48 --cem-seed 48 --probe-solver match --retire-tau 0.10
263	tworoom	gcrouter_off_s42_mp_rt0.10_tauown	75	49	logs/rbT_tworoom_gcrouter_off_s42_mp_rt0.10_tauown_t75_seed49.log	python -m surveyor.envs.tworoom.eval --subgoal gcidm+surveyor --gcidm-ckpt gcidm_official_tworoom_h150_s42.pt --gdm-ckpt gdm_tworoom_s10_gc_paired_e400v.pt --gdm-steps 50 --accept-tau 0.127 --sg-steps 10 --cstar-route --receding-horizon 2 --mode long --goal-offset 75 --eval-budget 150 --h5 "$DATA/tworoom.h5" --source pretrained --encoder-id quentinll/lewm-tworooms --device cuda --eval-filter none --episode-min 4000 --goal-from-proprio --num-eval 64 --seed 49 --cem-seed 49 --probe-solver match --retire-tau 0.10
264	tworoom	gcrouter_off_s42_mp_tauown	25	42	logs/rbT_tworoom_gcrouter_off_s42_mp_tauown_t25_seed42.log	python -m surveyor.envs.tworoom.eval --subgoal gcidm+surveyor --gcidm-ckpt gcidm_official_tworoom_h50_s42.pt --gdm-ckpt gdm_tworoom_s10_gc_paired_e400v.pt --gdm-steps 50 --accept-tau 0.127 --sg-steps 10 --cstar-route --receding-horizon 2 --mode long --goal-offset 25 --eval-budget 50 --h5 "$DATA/tworoom.h5" --source pretrained --encoder-id quentinll/lewm-tworooms --device cuda --eval-filter none --episode-min 4000 --goal-from-proprio --num-eval 64 --seed 42 --cem-seed 42 --probe-solver match
265	tworoom	gcrouter_off_s42_mp_tauown	25	43	logs/rbT_tworoom_gcrouter_off_s42_mp_tauown_t25_seed43.log	python -m surveyor.envs.tworoom.eval --subgoal gcidm+surveyor --gcidm-ckpt gcidm_official_tworoom_h50_s42.pt --gdm-ckpt gdm_tworoom_s10_gc_paired_e400v.pt --gdm-steps 50 --accept-tau 0.127 --sg-steps 10 --cstar-route --receding-horizon 2 --mode long --goal-offset 25 --eval-budget 50 --h5 "$DATA/tworoom.h5" --source pretrained --encoder-id quentinll/lewm-tworooms --device cuda --eval-filter none --episode-min 4000 --goal-from-proprio --num-eval 64 --seed 43 --cem-seed 43 --probe-solver match
266	tworoom	gcrouter_off_s42_mp_tauown	25	44	logs/rbT_tworoom_gcrouter_off_s42_mp_tauown_t25_seed44.log	python -m surveyor.envs.tworoom.eval --subgoal gcidm+surveyor --gcidm-ckpt gcidm_official_tworoom_h50_s42.pt --gdm-ckpt gdm_tworoom_s10_gc_paired_e400v.pt --gdm-steps 50 --accept-tau 0.127 --sg-steps 10 --cstar-route --receding-horizon 2 --mode long --goal-offset 25 --eval-budget 50 --h5 "$DATA/tworoom.h5" --source pretrained --encoder-id quentinll/lewm-tworooms --device cuda --eval-filter none --episode-min 4000 --goal-from-proprio --num-eval 64 --seed 44 --cem-seed 44 --probe-solver match
267	tworoom	gcrouter_off_s42_mp_tauown	25	45	logs/rbT_tworoom_gcrouter_off_s42_mp_tauown_t25_seed45.log	python -m surveyor.envs.tworoom.eval --subgoal gcidm+surveyor --gcidm-ckpt gcidm_official_tworoom_h50_s42.pt --gdm-ckpt gdm_tworoom_s10_gc_paired_e400v.pt --gdm-steps 50 --accept-tau 0.127 --sg-steps 10 --cstar-route --receding-horizon 2 --mode long --goal-offset 25 --eval-budget 50 --h5 "$DATA/tworoom.h5" --source pretrained --encoder-id quentinll/lewm-tworooms --device cuda --eval-filter none --episode-min 4000 --goal-from-proprio --num-eval 64 --seed 45 --cem-seed 45 --probe-solver match
268	tworoom	gcrouter_off_s42_mp_tauown	25	46	logs/rbT_tworoom_gcrouter_off_s42_mp_tauown_t25_seed46.log	python -m surveyor.envs.tworoom.eval --subgoal gcidm+surveyor --gcidm-ckpt gcidm_official_tworoom_h50_s42.pt --gdm-ckpt gdm_tworoom_s10_gc_paired_e400v.pt --gdm-steps 50 --accept-tau 0.127 --sg-steps 10 --cstar-route --receding-horizon 2 --mode long --goal-offset 25 --eval-budget 50 --h5 "$DATA/tworoom.h5" --source pretrained --encoder-id quentinll/lewm-tworooms --device cuda --eval-filter none --episode-min 4000 --goal-from-proprio --num-eval 64 --seed 46 --cem-seed 46 --probe-solver match
269	tworoom	gcrouter_off_s42_mp_tauown	25	47	logs/rbT_tworoom_gcrouter_off_s42_mp_tauown_t25_seed47.log	python -m surveyor.envs.tworoom.eval --subgoal gcidm+surveyor --gcidm-ckpt gcidm_official_tworoom_h50_s42.pt --gdm-ckpt gdm_tworoom_s10_gc_paired_e400v.pt --gdm-steps 50 --accept-tau 0.127 --sg-steps 10 --cstar-route --receding-horizon 2 --mode long --goal-offset 25 --eval-budget 50 --h5 "$DATA/tworoom.h5" --source pretrained --encoder-id quentinll/lewm-tworooms --device cuda --eval-filter none --episode-min 4000 --goal-from-proprio --num-eval 64 --seed 47 --cem-seed 47 --probe-solver match
270	tworoom	gcrouter_off_s42_mp_tauown	25	48	logs/rbT_tworoom_gcrouter_off_s42_mp_tauown_t25_seed48.log	python -m surveyor.envs.tworoom.eval --subgoal gcidm+surveyor --gcidm-ckpt gcidm_official_tworoom_h50_s42.pt --gdm-ckpt gdm_tworoom_s10_gc_paired_e400v.pt --gdm-steps 50 --accept-tau 0.127 --sg-steps 10 --cstar-route --receding-horizon 2 --mode long --goal-offset 25 --eval-budget 50 --h5 "$DATA/tworoom.h5" --source pretrained --encoder-id quentinll/lewm-tworooms --device cuda --eval-filter none --episode-min 4000 --goal-from-proprio --num-eval 64 --seed 48 --cem-seed 48 --probe-solver match
271	tworoom	gcrouter_off_s42_mp_tauown	25	49	logs/rbT_tworoom_gcrouter_off_s42_mp_tauown_t25_seed49.log	python -m surveyor.envs.tworoom.eval --subgoal gcidm+surveyor --gcidm-ckpt gcidm_official_tworoom_h50_s42.pt --gdm-ckpt gdm_tworoom_s10_gc_paired_e400v.pt --gdm-steps 50 --accept-tau 0.127 --sg-steps 10 --cstar-route --receding-horizon 2 --mode long --goal-offset 25 --eval-budget 50 --h5 "$DATA/tworoom.h5" --source pretrained --encoder-id quentinll/lewm-tworooms --device cuda --eval-filter none --episode-min 4000 --goal-from-proprio --num-eval 64 --seed 49 --cem-seed 49 --probe-solver match
272	tworoom	gcrouter_off_s42_mp_tauown	50	42	logs/rbT_tworoom_gcrouter_off_s42_mp_tauown_t50_seed42.log	python -m surveyor.envs.tworoom.eval --subgoal gcidm+surveyor --gcidm-ckpt gcidm_official_tworoom_h100_s42.pt --gdm-ckpt gdm_tworoom_s10_gc_paired_e400v.pt --gdm-steps 50 --accept-tau 0.127 --sg-steps 10 --cstar-route --receding-horizon 2 --mode long --goal-offset 50 --eval-budget 100 --h5 "$DATA/tworoom.h5" --source pretrained --encoder-id quentinll/lewm-tworooms --device cuda --eval-filter none --episode-min 4000 --goal-from-proprio --num-eval 64 --seed 42 --cem-seed 42 --probe-solver match
273	tworoom	gcrouter_off_s42_mp_tauown	50	43	logs/rbT_tworoom_gcrouter_off_s42_mp_tauown_t50_seed43.log	python -m surveyor.envs.tworoom.eval --subgoal gcidm+surveyor --gcidm-ckpt gcidm_official_tworoom_h100_s42.pt --gdm-ckpt gdm_tworoom_s10_gc_paired_e400v.pt --gdm-steps 50 --accept-tau 0.127 --sg-steps 10 --cstar-route --receding-horizon 2 --mode long --goal-offset 50 --eval-budget 100 --h5 "$DATA/tworoom.h5" --source pretrained --encoder-id quentinll/lewm-tworooms --device cuda --eval-filter none --episode-min 4000 --goal-from-proprio --num-eval 64 --seed 43 --cem-seed 43 --probe-solver match
274	tworoom	gcrouter_off_s42_mp_tauown	50	44	logs/rbT_tworoom_gcrouter_off_s42_mp_tauown_t50_seed44.log	python -m surveyor.envs.tworoom.eval --subgoal gcidm+surveyor --gcidm-ckpt gcidm_official_tworoom_h100_s42.pt --gdm-ckpt gdm_tworoom_s10_gc_paired_e400v.pt --gdm-steps 50 --accept-tau 0.127 --sg-steps 10 --cstar-route --receding-horizon 2 --mode long --goal-offset 50 --eval-budget 100 --h5 "$DATA/tworoom.h5" --source pretrained --encoder-id quentinll/lewm-tworooms --device cuda --eval-filter none --episode-min 4000 --goal-from-proprio --num-eval 64 --seed 44 --cem-seed 44 --probe-solver match
275	tworoom	gcrouter_off_s42_mp_tauown	50	45	logs/rbT_tworoom_gcrouter_off_s42_mp_tauown_t50_seed45.log	python -m surveyor.envs.tworoom.eval --subgoal gcidm+surveyor --gcidm-ckpt gcidm_official_tworoom_h100_s42.pt --gdm-ckpt gdm_tworoom_s10_gc_paired_e400v.pt --gdm-steps 50 --accept-tau 0.127 --sg-steps 10 --cstar-route --receding-horizon 2 --mode long --goal-offset 50 --eval-budget 100 --h5 "$DATA/tworoom.h5" --source pretrained --encoder-id quentinll/lewm-tworooms --device cuda --eval-filter none --episode-min 4000 --goal-from-proprio --num-eval 64 --seed 45 --cem-seed 45 --probe-solver match
276	tworoom	gcrouter_off_s42_mp_tauown	50	46	logs/rbT_tworoom_gcrouter_off_s42_mp_tauown_t50_seed46.log	python -m surveyor.envs.tworoom.eval --subgoal gcidm+surveyor --gcidm-ckpt gcidm_official_tworoom_h100_s42.pt --gdm-ckpt gdm_tworoom_s10_gc_paired_e400v.pt --gdm-steps 50 --accept-tau 0.127 --sg-steps 10 --cstar-route --receding-horizon 2 --mode long --goal-offset 50 --eval-budget 100 --h5 "$DATA/tworoom.h5" --source pretrained --encoder-id quentinll/lewm-tworooms --device cuda --eval-filter none --episode-min 4000 --goal-from-proprio --num-eval 64 --seed 46 --cem-seed 46 --probe-solver match
277	tworoom	gcrouter_off_s42_mp_tauown	50	47	logs/rbT_tworoom_gcrouter_off_s42_mp_tauown_t50_seed47.log	python -m surveyor.envs.tworoom.eval --subgoal gcidm+surveyor --gcidm-ckpt gcidm_official_tworoom_h100_s42.pt --gdm-ckpt gdm_tworoom_s10_gc_paired_e400v.pt --gdm-steps 50 --accept-tau 0.127 --sg-steps 10 --cstar-route --receding-horizon 2 --mode long --goal-offset 50 --eval-budget 100 --h5 "$DATA/tworoom.h5" --source pretrained --encoder-id quentinll/lewm-tworooms --device cuda --eval-filter none --episode-min 4000 --goal-from-proprio --num-eval 64 --seed 47 --cem-seed 47 --probe-solver match
278	tworoom	gcrouter_off_s42_mp_tauown	50	48	logs/rbT_tworoom_gcrouter_off_s42_mp_tauown_t50_seed48.log	python -m surveyor.envs.tworoom.eval --subgoal gcidm+surveyor --gcidm-ckpt gcidm_official_tworoom_h100_s42.pt --gdm-ckpt gdm_tworoom_s10_gc_paired_e400v.pt --gdm-steps 50 --accept-tau 0.127 --sg-steps 10 --cstar-route --receding-horizon 2 --mode long --goal-offset 50 --eval-budget 100 --h5 "$DATA/tworoom.h5" --source pretrained --encoder-id quentinll/lewm-tworooms --device cuda --eval-filter none --episode-min 4000 --goal-from-proprio --num-eval 64 --seed 48 --cem-seed 48 --probe-solver match
279	tworoom	gcrouter_off_s42_mp_tauown	50	49	logs/rbT_tworoom_gcrouter_off_s42_mp_tauown_t50_seed49.log	python -m surveyor.envs.tworoom.eval --subgoal gcidm+surveyor --gcidm-ckpt gcidm_official_tworoom_h100_s42.pt --gdm-ckpt gdm_tworoom_s10_gc_paired_e400v.pt --gdm-steps 50 --accept-tau 0.127 --sg-steps 10 --cstar-route --receding-horizon 2 --mode long --goal-offset 50 --eval-budget 100 --h5 "$DATA/tworoom.h5" --source pretrained --encoder-id quentinll/lewm-tworooms --device cuda --eval-filter none --episode-min 4000 --goal-from-proprio --num-eval 64 --seed 49 --cem-seed 49 --probe-solver match
280	tworoom	gcrouter_off_s42_mp_tauown	75	42	logs/rbT_tworoom_gcrouter_off_s42_mp_tauown_t75_seed42.log	python -m surveyor.envs.tworoom.eval --subgoal gcidm+surveyor --gcidm-ckpt gcidm_official_tworoom_h150_s42.pt --gdm-ckpt gdm_tworoom_s10_gc_paired_e400v.pt --gdm-steps 50 --accept-tau 0.127 --sg-steps 10 --cstar-route --receding-horizon 2 --mode long --goal-offset 75 --eval-budget 150 --h5 "$DATA/tworoom.h5" --source pretrained --encoder-id quentinll/lewm-tworooms --device cuda --eval-filter none --episode-min 4000 --goal-from-proprio --num-eval 64 --seed 42 --cem-seed 42 --probe-solver match
281	tworoom	gcrouter_off_s42_mp_tauown	75	43	logs/rbT_tworoom_gcrouter_off_s42_mp_tauown_t75_seed43.log	python -m surveyor.envs.tworoom.eval --subgoal gcidm+surveyor --gcidm-ckpt gcidm_official_tworoom_h150_s42.pt --gdm-ckpt gdm_tworoom_s10_gc_paired_e400v.pt --gdm-steps 50 --accept-tau 0.127 --sg-steps 10 --cstar-route --receding-horizon 2 --mode long --goal-offset 75 --eval-budget 150 --h5 "$DATA/tworoom.h5" --source pretrained --encoder-id quentinll/lewm-tworooms --device cuda --eval-filter none --episode-min 4000 --goal-from-proprio --num-eval 64 --seed 43 --cem-seed 43 --probe-solver match
282	tworoom	gcrouter_off_s42_mp_tauown	75	44	logs/rbT_tworoom_gcrouter_off_s42_mp_tauown_t75_seed44.log	python -m surveyor.envs.tworoom.eval --subgoal gcidm+surveyor --gcidm-ckpt gcidm_official_tworoom_h150_s42.pt --gdm-ckpt gdm_tworoom_s10_gc_paired_e400v.pt --gdm-steps 50 --accept-tau 0.127 --sg-steps 10 --cstar-route --receding-horizon 2 --mode long --goal-offset 75 --eval-budget 150 --h5 "$DATA/tworoom.h5" --source pretrained --encoder-id quentinll/lewm-tworooms --device cuda --eval-filter none --episode-min 4000 --goal-from-proprio --num-eval 64 --seed 44 --cem-seed 44 --probe-solver match
283	tworoom	gcrouter_off_s42_mp_tauown	75	45	logs/rbT_tworoom_gcrouter_off_s42_mp_tauown_t75_seed45.log	python -m surveyor.envs.tworoom.eval --subgoal gcidm+surveyor --gcidm-ckpt gcidm_official_tworoom_h150_s42.pt --gdm-ckpt gdm_tworoom_s10_gc_paired_e400v.pt --gdm-steps 50 --accept-tau 0.127 --sg-steps 10 --cstar-route --receding-horizon 2 --mode long --goal-offset 75 --eval-budget 150 --h5 "$DATA/tworoom.h5" --source pretrained --encoder-id quentinll/lewm-tworooms --device cuda --eval-filter none --episode-min 4000 --goal-from-proprio --num-eval 64 --seed 45 --cem-seed 45 --probe-solver match
284	tworoom	gcrouter_off_s42_mp_tauown	75	46	logs/rbT_tworoom_gcrouter_off_s42_mp_tauown_t75_seed46.log	python -m surveyor.envs.tworoom.eval --subgoal gcidm+surveyor --gcidm-ckpt gcidm_official_tworoom_h150_s42.pt --gdm-ckpt gdm_tworoom_s10_gc_paired_e400v.pt --gdm-steps 50 --accept-tau 0.127 --sg-steps 10 --cstar-route --receding-horizon 2 --mode long --goal-offset 75 --eval-budget 150 --h5 "$DATA/tworoom.h5" --source pretrained --encoder-id quentinll/lewm-tworooms --device cuda --eval-filter none --episode-min 4000 --goal-from-proprio --num-eval 64 --seed 46 --cem-seed 46 --probe-solver match
285	tworoom	gcrouter_off_s42_mp_tauown	75	47	logs/rbT_tworoom_gcrouter_off_s42_mp_tauown_t75_seed47.log	python -m surveyor.envs.tworoom.eval --subgoal gcidm+surveyor --gcidm-ckpt gcidm_official_tworoom_h150_s42.pt --gdm-ckpt gdm_tworoom_s10_gc_paired_e400v.pt --gdm-steps 50 --accept-tau 0.127 --sg-steps 10 --cstar-route --receding-horizon 2 --mode long --goal-offset 75 --eval-budget 150 --h5 "$DATA/tworoom.h5" --source pretrained --encoder-id quentinll/lewm-tworooms --device cuda --eval-filter none --episode-min 4000 --goal-from-proprio --num-eval 64 --seed 47 --cem-seed 47 --probe-solver match
286	tworoom	gcrouter_off_s42_mp_tauown	75	48	logs/rbT_tworoom_gcrouter_off_s42_mp_tauown_t75_seed48.log	python -m surveyor.envs.tworoom.eval --subgoal gcidm+surveyor --gcidm-ckpt gcidm_official_tworoom_h150_s42.pt --gdm-ckpt gdm_tworoom_s10_gc_paired_e400v.pt --gdm-steps 50 --accept-tau 0.127 --sg-steps 10 --cstar-route --receding-horizon 2 --mode long --goal-offset 75 --eval-budget 150 --h5 "$DATA/tworoom.h5" --source pretrained --encoder-id quentinll/lewm-tworooms --device cuda --eval-filter none --episode-min 4000 --goal-from-proprio --num-eval 64 --seed 48 --cem-seed 48 --probe-solver match
287	tworoom	gcrouter_off_s42_mp_tauown	75	49	logs/rbT_tworoom_gcrouter_off_s42_mp_tauown_t75_seed49.log	python -m surveyor.envs.tworoom.eval --subgoal gcidm+surveyor --gcidm-ckpt gcidm_official_tworoom_h150_s42.pt --gdm-ckpt gdm_tworoom_s10_gc_paired_e400v.pt --gdm-steps 50 --accept-tau 0.127 --sg-steps 10 --cstar-route --receding-horizon 2 --mode long --goal-offset 75 --eval-budget 150 --h5 "$DATA/tworoom.h5" --source pretrained --encoder-id quentinll/lewm-tworooms --device cuda --eval-filter none --episode-min 4000 --goal-from-proprio --num-eval 64 --seed 49 --cem-seed 49 --probe-solver match
288	tworoom	gcrouter_off_s42_rt0.10_tauown	25	42	logs/rbT_tworoom_gcrouter_off_s42_rt0.10_tauown_t25_seed42.log	python -m surveyor.envs.tworoom.eval --subgoal gcidm+surveyor --gcidm-ckpt gcidm_official_tworoom_h50_s42.pt --gdm-ckpt gdm_tworoom_s10_gc_paired_e400v.pt --gdm-steps 50 --accept-tau 0.127 --sg-steps 10 --cstar-route --receding-horizon 2 --mode long --goal-offset 25 --eval-budget 50 --h5 "$DATA/tworoom.h5" --source pretrained --encoder-id quentinll/lewm-tworooms --device cuda --eval-filter none --episode-min 4000 --goal-from-proprio --num-eval 64 --seed 42 --cem-seed 42 --retire-tau 0.10
289	tworoom	gcrouter_off_s42_rt0.10_tauown	25	43	logs/rbT_tworoom_gcrouter_off_s42_rt0.10_tauown_t25_seed43.log	python -m surveyor.envs.tworoom.eval --subgoal gcidm+surveyor --gcidm-ckpt gcidm_official_tworoom_h50_s42.pt --gdm-ckpt gdm_tworoom_s10_gc_paired_e400v.pt --gdm-steps 50 --accept-tau 0.127 --sg-steps 10 --cstar-route --receding-horizon 2 --mode long --goal-offset 25 --eval-budget 50 --h5 "$DATA/tworoom.h5" --source pretrained --encoder-id quentinll/lewm-tworooms --device cuda --eval-filter none --episode-min 4000 --goal-from-proprio --num-eval 64 --seed 43 --cem-seed 43 --retire-tau 0.10
290	tworoom	gcrouter_off_s42_rt0.10_tauown	25	44	logs/rbT_tworoom_gcrouter_off_s42_rt0.10_tauown_t25_seed44.log	python -m surveyor.envs.tworoom.eval --subgoal gcidm+surveyor --gcidm-ckpt gcidm_official_tworoom_h50_s42.pt --gdm-ckpt gdm_tworoom_s10_gc_paired_e400v.pt --gdm-steps 50 --accept-tau 0.127 --sg-steps 10 --cstar-route --receding-horizon 2 --mode long --goal-offset 25 --eval-budget 50 --h5 "$DATA/tworoom.h5" --source pretrained --encoder-id quentinll/lewm-tworooms --device cuda --eval-filter none --episode-min 4000 --goal-from-proprio --num-eval 64 --seed 44 --cem-seed 44 --retire-tau 0.10
291	tworoom	gcrouter_off_s42_rt0.10_tauown	25	45	logs/rbT_tworoom_gcrouter_off_s42_rt0.10_tauown_t25_seed45.log	python -m surveyor.envs.tworoom.eval --subgoal gcidm+surveyor --gcidm-ckpt gcidm_official_tworoom_h50_s42.pt --gdm-ckpt gdm_tworoom_s10_gc_paired_e400v.pt --gdm-steps 50 --accept-tau 0.127 --sg-steps 10 --cstar-route --receding-horizon 2 --mode long --goal-offset 25 --eval-budget 50 --h5 "$DATA/tworoom.h5" --source pretrained --encoder-id quentinll/lewm-tworooms --device cuda --eval-filter none --episode-min 4000 --goal-from-proprio --num-eval 64 --seed 45 --cem-seed 45 --retire-tau 0.10
292	tworoom	gcrouter_off_s42_rt0.10_tauown	25	46	logs/rbT_tworoom_gcrouter_off_s42_rt0.10_tauown_t25_seed46.log	python -m surveyor.envs.tworoom.eval --subgoal gcidm+surveyor --gcidm-ckpt gcidm_official_tworoom_h50_s42.pt --gdm-ckpt gdm_tworoom_s10_gc_paired_e400v.pt --gdm-steps 50 --accept-tau 0.127 --sg-steps 10 --cstar-route --receding-horizon 2 --mode long --goal-offset 25 --eval-budget 50 --h5 "$DATA/tworoom.h5" --source pretrained --encoder-id quentinll/lewm-tworooms --device cuda --eval-filter none --episode-min 4000 --goal-from-proprio --num-eval 64 --seed 46 --cem-seed 46 --retire-tau 0.10
293	tworoom	gcrouter_off_s42_rt0.10_tauown	25	47	logs/rbT_tworoom_gcrouter_off_s42_rt0.10_tauown_t25_seed47.log	python -m surveyor.envs.tworoom.eval --subgoal gcidm+surveyor --gcidm-ckpt gcidm_official_tworoom_h50_s42.pt --gdm-ckpt gdm_tworoom_s10_gc_paired_e400v.pt --gdm-steps 50 --accept-tau 0.127 --sg-steps 10 --cstar-route --receding-horizon 2 --mode long --goal-offset 25 --eval-budget 50 --h5 "$DATA/tworoom.h5" --source pretrained --encoder-id quentinll/lewm-tworooms --device cuda --eval-filter none --episode-min 4000 --goal-from-proprio --num-eval 64 --seed 47 --cem-seed 47 --retire-tau 0.10
294	tworoom	gcrouter_off_s42_rt0.10_tauown	25	48	logs/rbT_tworoom_gcrouter_off_s42_rt0.10_tauown_t25_seed48.log	python -m surveyor.envs.tworoom.eval --subgoal gcidm+surveyor --gcidm-ckpt gcidm_official_tworoom_h50_s42.pt --gdm-ckpt gdm_tworoom_s10_gc_paired_e400v.pt --gdm-steps 50 --accept-tau 0.127 --sg-steps 10 --cstar-route --receding-horizon 2 --mode long --goal-offset 25 --eval-budget 50 --h5 "$DATA/tworoom.h5" --source pretrained --encoder-id quentinll/lewm-tworooms --device cuda --eval-filter none --episode-min 4000 --goal-from-proprio --num-eval 64 --seed 48 --cem-seed 48 --retire-tau 0.10
295	tworoom	gcrouter_off_s42_rt0.10_tauown	25	49	logs/rbT_tworoom_gcrouter_off_s42_rt0.10_tauown_t25_seed49.log	python -m surveyor.envs.tworoom.eval --subgoal gcidm+surveyor --gcidm-ckpt gcidm_official_tworoom_h50_s42.pt --gdm-ckpt gdm_tworoom_s10_gc_paired_e400v.pt --gdm-steps 50 --accept-tau 0.127 --sg-steps 10 --cstar-route --receding-horizon 2 --mode long --goal-offset 25 --eval-budget 50 --h5 "$DATA/tworoom.h5" --source pretrained --encoder-id quentinll/lewm-tworooms --device cuda --eval-filter none --episode-min 4000 --goal-from-proprio --num-eval 64 --seed 49 --cem-seed 49 --retire-tau 0.10
296	tworoom	gcrouter_off_s42_rt0.10_tauown	50	42	logs/rbT_tworoom_gcrouter_off_s42_rt0.10_tauown_t50_seed42.log	python -m surveyor.envs.tworoom.eval --subgoal gcidm+surveyor --gcidm-ckpt gcidm_official_tworoom_h100_s42.pt --gdm-ckpt gdm_tworoom_s10_gc_paired_e400v.pt --gdm-steps 50 --accept-tau 0.127 --sg-steps 10 --cstar-route --receding-horizon 2 --mode long --goal-offset 50 --eval-budget 100 --h5 "$DATA/tworoom.h5" --source pretrained --encoder-id quentinll/lewm-tworooms --device cuda --eval-filter none --episode-min 4000 --goal-from-proprio --num-eval 64 --seed 42 --cem-seed 42 --retire-tau 0.10
297	tworoom	gcrouter_off_s42_rt0.10_tauown	50	43	logs/rbT_tworoom_gcrouter_off_s42_rt0.10_tauown_t50_seed43.log	python -m surveyor.envs.tworoom.eval --subgoal gcidm+surveyor --gcidm-ckpt gcidm_official_tworoom_h100_s42.pt --gdm-ckpt gdm_tworoom_s10_gc_paired_e400v.pt --gdm-steps 50 --accept-tau 0.127 --sg-steps 10 --cstar-route --receding-horizon 2 --mode long --goal-offset 50 --eval-budget 100 --h5 "$DATA/tworoom.h5" --source pretrained --encoder-id quentinll/lewm-tworooms --device cuda --eval-filter none --episode-min 4000 --goal-from-proprio --num-eval 64 --seed 43 --cem-seed 43 --retire-tau 0.10
298	tworoom	gcrouter_off_s42_rt0.10_tauown	50	44	logs/rbT_tworoom_gcrouter_off_s42_rt0.10_tauown_t50_seed44.log	python -m surveyor.envs.tworoom.eval --subgoal gcidm+surveyor --gcidm-ckpt gcidm_official_tworoom_h100_s42.pt --gdm-ckpt gdm_tworoom_s10_gc_paired_e400v.pt --gdm-steps 50 --accept-tau 0.127 --sg-steps 10 --cstar-route --receding-horizon 2 --mode long --goal-offset 50 --eval-budget 100 --h5 "$DATA/tworoom.h5" --source pretrained --encoder-id quentinll/lewm-tworooms --device cuda --eval-filter none --episode-min 4000 --goal-from-proprio --num-eval 64 --seed 44 --cem-seed 44 --retire-tau 0.10
299	tworoom	gcrouter_off_s42_rt0.10_tauown	50	45	logs/rbT_tworoom_gcrouter_off_s42_rt0.10_tauown_t50_seed45.log	python -m surveyor.envs.tworoom.eval --subgoal gcidm+surveyor --gcidm-ckpt gcidm_official_tworoom_h100_s42.pt --gdm-ckpt gdm_tworoom_s10_gc_paired_e400v.pt --gdm-steps 50 --accept-tau 0.127 --sg-steps 10 --cstar-route --receding-horizon 2 --mode long --goal-offset 50 --eval-budget 100 --h5 "$DATA/tworoom.h5" --source pretrained --encoder-id quentinll/lewm-tworooms --device cuda --eval-filter none --episode-min 4000 --goal-from-proprio --num-eval 64 --seed 45 --cem-seed 45 --retire-tau 0.10
300	tworoom	gcrouter_off_s42_rt0.10_tauown	50	46	logs/rbT_tworoom_gcrouter_off_s42_rt0.10_tauown_t50_seed46.log	python -m surveyor.envs.tworoom.eval --subgoal gcidm+surveyor --gcidm-ckpt gcidm_official_tworoom_h100_s42.pt --gdm-ckpt gdm_tworoom_s10_gc_paired_e400v.pt --gdm-steps 50 --accept-tau 0.127 --sg-steps 10 --cstar-route --receding-horizon 2 --mode long --goal-offset 50 --eval-budget 100 --h5 "$DATA/tworoom.h5" --source pretrained --encoder-id quentinll/lewm-tworooms --device cuda --eval-filter none --episode-min 4000 --goal-from-proprio --num-eval 64 --seed 46 --cem-seed 46 --retire-tau 0.10
301	tworoom	gcrouter_off_s42_rt0.10_tauown	50	47	logs/rbT_tworoom_gcrouter_off_s42_rt0.10_tauown_t50_seed47.log	python -m surveyor.envs.tworoom.eval --subgoal gcidm+surveyor --gcidm-ckpt gcidm_official_tworoom_h100_s42.pt --gdm-ckpt gdm_tworoom_s10_gc_paired_e400v.pt --gdm-steps 50 --accept-tau 0.127 --sg-steps 10 --cstar-route --receding-horizon 2 --mode long --goal-offset 50 --eval-budget 100 --h5 "$DATA/tworoom.h5" --source pretrained --encoder-id quentinll/lewm-tworooms --device cuda --eval-filter none --episode-min 4000 --goal-from-proprio --num-eval 64 --seed 47 --cem-seed 47 --retire-tau 0.10
302	tworoom	gcrouter_off_s42_rt0.10_tauown	50	48	logs/rbT_tworoom_gcrouter_off_s42_rt0.10_tauown_t50_seed48.log	python -m surveyor.envs.tworoom.eval --subgoal gcidm+surveyor --gcidm-ckpt gcidm_official_tworoom_h100_s42.pt --gdm-ckpt gdm_tworoom_s10_gc_paired_e400v.pt --gdm-steps 50 --accept-tau 0.127 --sg-steps 10 --cstar-route --receding-horizon 2 --mode long --goal-offset 50 --eval-budget 100 --h5 "$DATA/tworoom.h5" --source pretrained --encoder-id quentinll/lewm-tworooms --device cuda --eval-filter none --episode-min 4000 --goal-from-proprio --num-eval 64 --seed 48 --cem-seed 48 --retire-tau 0.10
303	tworoom	gcrouter_off_s42_rt0.10_tauown	50	49	logs/rbT_tworoom_gcrouter_off_s42_rt0.10_tauown_t50_seed49.log	python -m surveyor.envs.tworoom.eval --subgoal gcidm+surveyor --gcidm-ckpt gcidm_official_tworoom_h100_s42.pt --gdm-ckpt gdm_tworoom_s10_gc_paired_e400v.pt --gdm-steps 50 --accept-tau 0.127 --sg-steps 10 --cstar-route --receding-horizon 2 --mode long --goal-offset 50 --eval-budget 100 --h5 "$DATA/tworoom.h5" --source pretrained --encoder-id quentinll/lewm-tworooms --device cuda --eval-filter none --episode-min 4000 --goal-from-proprio --num-eval 64 --seed 49 --cem-seed 49 --retire-tau 0.10
304	tworoom	gcrouter_off_s42_rt0.10_tauown	75	42	logs/rbT_tworoom_gcrouter_off_s42_rt0.10_tauown_t75_seed42.log	python -m surveyor.envs.tworoom.eval --subgoal gcidm+surveyor --gcidm-ckpt gcidm_official_tworoom_h150_s42.pt --gdm-ckpt gdm_tworoom_s10_gc_paired_e400v.pt --gdm-steps 50 --accept-tau 0.127 --sg-steps 10 --cstar-route --receding-horizon 2 --mode long --goal-offset 75 --eval-budget 150 --h5 "$DATA/tworoom.h5" --source pretrained --encoder-id quentinll/lewm-tworooms --device cuda --eval-filter none --episode-min 4000 --goal-from-proprio --num-eval 64 --seed 42 --cem-seed 42 --retire-tau 0.10
305	tworoom	gcrouter_off_s42_rt0.10_tauown	75	43	logs/rbT_tworoom_gcrouter_off_s42_rt0.10_tauown_t75_seed43.log	python -m surveyor.envs.tworoom.eval --subgoal gcidm+surveyor --gcidm-ckpt gcidm_official_tworoom_h150_s42.pt --gdm-ckpt gdm_tworoom_s10_gc_paired_e400v.pt --gdm-steps 50 --accept-tau 0.127 --sg-steps 10 --cstar-route --receding-horizon 2 --mode long --goal-offset 75 --eval-budget 150 --h5 "$DATA/tworoom.h5" --source pretrained --encoder-id quentinll/lewm-tworooms --device cuda --eval-filter none --episode-min 4000 --goal-from-proprio --num-eval 64 --seed 43 --cem-seed 43 --retire-tau 0.10
306	tworoom	gcrouter_off_s42_rt0.10_tauown	75	44	logs/rbT_tworoom_gcrouter_off_s42_rt0.10_tauown_t75_seed44.log	python -m surveyor.envs.tworoom.eval --subgoal gcidm+surveyor --gcidm-ckpt gcidm_official_tworoom_h150_s42.pt --gdm-ckpt gdm_tworoom_s10_gc_paired_e400v.pt --gdm-steps 50 --accept-tau 0.127 --sg-steps 10 --cstar-route --receding-horizon 2 --mode long --goal-offset 75 --eval-budget 150 --h5 "$DATA/tworoom.h5" --source pretrained --encoder-id quentinll/lewm-tworooms --device cuda --eval-filter none --episode-min 4000 --goal-from-proprio --num-eval 64 --seed 44 --cem-seed 44 --retire-tau 0.10
307	tworoom	gcrouter_off_s42_rt0.10_tauown	75	45	logs/rbT_tworoom_gcrouter_off_s42_rt0.10_tauown_t75_seed45.log	python -m surveyor.envs.tworoom.eval --subgoal gcidm+surveyor --gcidm-ckpt gcidm_official_tworoom_h150_s42.pt --gdm-ckpt gdm_tworoom_s10_gc_paired_e400v.pt --gdm-steps 50 --accept-tau 0.127 --sg-steps 10 --cstar-route --receding-horizon 2 --mode long --goal-offset 75 --eval-budget 150 --h5 "$DATA/tworoom.h5" --source pretrained --encoder-id quentinll/lewm-tworooms --device cuda --eval-filter none --episode-min 4000 --goal-from-proprio --num-eval 64 --seed 45 --cem-seed 45 --retire-tau 0.10
308	tworoom	gcrouter_off_s42_rt0.10_tauown	75	46	logs/rbT_tworoom_gcrouter_off_s42_rt0.10_tauown_t75_seed46.log	python -m surveyor.envs.tworoom.eval --subgoal gcidm+surveyor --gcidm-ckpt gcidm_official_tworoom_h150_s42.pt --gdm-ckpt gdm_tworoom_s10_gc_paired_e400v.pt --gdm-steps 50 --accept-tau 0.127 --sg-steps 10 --cstar-route --receding-horizon 2 --mode long --goal-offset 75 --eval-budget 150 --h5 "$DATA/tworoom.h5" --source pretrained --encoder-id quentinll/lewm-tworooms --device cuda --eval-filter none --episode-min 4000 --goal-from-proprio --num-eval 64 --seed 46 --cem-seed 46 --retire-tau 0.10
309	tworoom	gcrouter_off_s42_rt0.10_tauown	75	47	logs/rbT_tworoom_gcrouter_off_s42_rt0.10_tauown_t75_seed47.log	python -m surveyor.envs.tworoom.eval --subgoal gcidm+surveyor --gcidm-ckpt gcidm_official_tworoom_h150_s42.pt --gdm-ckpt gdm_tworoom_s10_gc_paired_e400v.pt --gdm-steps 50 --accept-tau 0.127 --sg-steps 10 --cstar-route --receding-horizon 2 --mode long --goal-offset 75 --eval-budget 150 --h5 "$DATA/tworoom.h5" --source pretrained --encoder-id quentinll/lewm-tworooms --device cuda --eval-filter none --episode-min 4000 --goal-from-proprio --num-eval 64 --seed 47 --cem-seed 47 --retire-tau 0.10
310	tworoom	gcrouter_off_s42_rt0.10_tauown	75	48	logs/rbT_tworoom_gcrouter_off_s42_rt0.10_tauown_t75_seed48.log	python -m surveyor.envs.tworoom.eval --subgoal gcidm+surveyor --gcidm-ckpt gcidm_official_tworoom_h150_s42.pt --gdm-ckpt gdm_tworoom_s10_gc_paired_e400v.pt --gdm-steps 50 --accept-tau 0.127 --sg-steps 10 --cstar-route --receding-horizon 2 --mode long --goal-offset 75 --eval-budget 150 --h5 "$DATA/tworoom.h5" --source pretrained --encoder-id quentinll/lewm-tworooms --device cuda --eval-filter none --episode-min 4000 --goal-from-proprio --num-eval 64 --seed 48 --cem-seed 48 --retire-tau 0.10
311	tworoom	gcrouter_off_s42_rt0.10_tauown	75	49	logs/rbT_tworoom_gcrouter_off_s42_rt0.10_tauown_t75_seed49.log	python -m surveyor.envs.tworoom.eval --subgoal gcidm+surveyor --gcidm-ckpt gcidm_official_tworoom_h150_s42.pt --gdm-ckpt gdm_tworoom_s10_gc_paired_e400v.pt --gdm-steps 50 --accept-tau 0.127 --sg-steps 10 --cstar-route --receding-horizon 2 --mode long --goal-offset 75 --eval-budget 150 --h5 "$DATA/tworoom.h5" --source pretrained --encoder-id quentinll/lewm-tworooms --device cuda --eval-filter none --episode-min 4000 --goal-from-proprio --num-eval 64 --seed 49 --cem-seed 49 --retire-tau 0.10
312	tworoom	gd_router_mp_rt0.10_tauown	25	42	logs/rbT_tworoom_gd_router_mp_rt0.10_tauown_t25_seed42.log	python -m surveyor.envs.tworoom.eval --solver gd --subgoal router+surveyor --gdm-ckpt gdm_tworoom_s10_gc_paired_e400v.pt --gdm-steps 50 --accept-tau 0.127 --receding-horizon 2 --mode long --goal-offset 25 --eval-budget 50 --h5 "$DATA/tworoom.h5" --source pretrained --encoder-id quentinll/lewm-tworooms --device cuda --eval-filter none --episode-min 4000 --goal-from-proprio --num-eval 64 --seed 42 --cem-seed 42 --probe-solver match --retire-tau 0.10
313	tworoom	gd_router_mp_rt0.10_tauown	25	43	logs/rbT_tworoom_gd_router_mp_rt0.10_tauown_t25_seed43.log	python -m surveyor.envs.tworoom.eval --solver gd --subgoal router+surveyor --gdm-ckpt gdm_tworoom_s10_gc_paired_e400v.pt --gdm-steps 50 --accept-tau 0.127 --receding-horizon 2 --mode long --goal-offset 25 --eval-budget 50 --h5 "$DATA/tworoom.h5" --source pretrained --encoder-id quentinll/lewm-tworooms --device cuda --eval-filter none --episode-min 4000 --goal-from-proprio --num-eval 64 --seed 43 --cem-seed 43 --probe-solver match --retire-tau 0.10
314	tworoom	gd_router_mp_rt0.10_tauown	25	44	logs/rbT_tworoom_gd_router_mp_rt0.10_tauown_t25_seed44.log	python -m surveyor.envs.tworoom.eval --solver gd --subgoal router+surveyor --gdm-ckpt gdm_tworoom_s10_gc_paired_e400v.pt --gdm-steps 50 --accept-tau 0.127 --receding-horizon 2 --mode long --goal-offset 25 --eval-budget 50 --h5 "$DATA/tworoom.h5" --source pretrained --encoder-id quentinll/lewm-tworooms --device cuda --eval-filter none --episode-min 4000 --goal-from-proprio --num-eval 64 --seed 44 --cem-seed 44 --probe-solver match --retire-tau 0.10
315	tworoom	gd_router_mp_rt0.10_tauown	25	45	logs/rbT_tworoom_gd_router_mp_rt0.10_tauown_t25_seed45.log	python -m surveyor.envs.tworoom.eval --solver gd --subgoal router+surveyor --gdm-ckpt gdm_tworoom_s10_gc_paired_e400v.pt --gdm-steps 50 --accept-tau 0.127 --receding-horizon 2 --mode long --goal-offset 25 --eval-budget 50 --h5 "$DATA/tworoom.h5" --source pretrained --encoder-id quentinll/lewm-tworooms --device cuda --eval-filter none --episode-min 4000 --goal-from-proprio --num-eval 64 --seed 45 --cem-seed 45 --probe-solver match --retire-tau 0.10
316	tworoom	gd_router_mp_rt0.10_tauown	25	46	logs/rbT_tworoom_gd_router_mp_rt0.10_tauown_t25_seed46.log	python -m surveyor.envs.tworoom.eval --solver gd --subgoal router+surveyor --gdm-ckpt gdm_tworoom_s10_gc_paired_e400v.pt --gdm-steps 50 --accept-tau 0.127 --receding-horizon 2 --mode long --goal-offset 25 --eval-budget 50 --h5 "$DATA/tworoom.h5" --source pretrained --encoder-id quentinll/lewm-tworooms --device cuda --eval-filter none --episode-min 4000 --goal-from-proprio --num-eval 64 --seed 46 --cem-seed 46 --probe-solver match --retire-tau 0.10
317	tworoom	gd_router_mp_rt0.10_tauown	25	47	logs/rbT_tworoom_gd_router_mp_rt0.10_tauown_t25_seed47.log	python -m surveyor.envs.tworoom.eval --solver gd --subgoal router+surveyor --gdm-ckpt gdm_tworoom_s10_gc_paired_e400v.pt --gdm-steps 50 --accept-tau 0.127 --receding-horizon 2 --mode long --goal-offset 25 --eval-budget 50 --h5 "$DATA/tworoom.h5" --source pretrained --encoder-id quentinll/lewm-tworooms --device cuda --eval-filter none --episode-min 4000 --goal-from-proprio --num-eval 64 --seed 47 --cem-seed 47 --probe-solver match --retire-tau 0.10
318	tworoom	gd_router_mp_rt0.10_tauown	25	48	logs/rbT_tworoom_gd_router_mp_rt0.10_tauown_t25_seed48.log	python -m surveyor.envs.tworoom.eval --solver gd --subgoal router+surveyor --gdm-ckpt gdm_tworoom_s10_gc_paired_e400v.pt --gdm-steps 50 --accept-tau 0.127 --receding-horizon 2 --mode long --goal-offset 25 --eval-budget 50 --h5 "$DATA/tworoom.h5" --source pretrained --encoder-id quentinll/lewm-tworooms --device cuda --eval-filter none --episode-min 4000 --goal-from-proprio --num-eval 64 --seed 48 --cem-seed 48 --probe-solver match --retire-tau 0.10
319	tworoom	gd_router_mp_rt0.10_tauown	25	49	logs/rbT_tworoom_gd_router_mp_rt0.10_tauown_t25_seed49.log	python -m surveyor.envs.tworoom.eval --solver gd --subgoal router+surveyor --gdm-ckpt gdm_tworoom_s10_gc_paired_e400v.pt --gdm-steps 50 --accept-tau 0.127 --receding-horizon 2 --mode long --goal-offset 25 --eval-budget 50 --h5 "$DATA/tworoom.h5" --source pretrained --encoder-id quentinll/lewm-tworooms --device cuda --eval-filter none --episode-min 4000 --goal-from-proprio --num-eval 64 --seed 49 --cem-seed 49 --probe-solver match --retire-tau 0.10
320	tworoom	gd_router_mp_rt0.10_tauown	50	42	logs/rbT_tworoom_gd_router_mp_rt0.10_tauown_t50_seed42.log	python -m surveyor.envs.tworoom.eval --solver gd --subgoal router+surveyor --gdm-ckpt gdm_tworoom_s10_gc_paired_e400v.pt --gdm-steps 50 --accept-tau 0.127 --receding-horizon 2 --mode long --goal-offset 50 --eval-budget 100 --h5 "$DATA/tworoom.h5" --source pretrained --encoder-id quentinll/lewm-tworooms --device cuda --eval-filter none --episode-min 4000 --goal-from-proprio --num-eval 64 --seed 42 --cem-seed 42 --probe-solver match --retire-tau 0.10
321	tworoom	gd_router_mp_rt0.10_tauown	50	43	logs/rbT_tworoom_gd_router_mp_rt0.10_tauown_t50_seed43.log	python -m surveyor.envs.tworoom.eval --solver gd --subgoal router+surveyor --gdm-ckpt gdm_tworoom_s10_gc_paired_e400v.pt --gdm-steps 50 --accept-tau 0.127 --receding-horizon 2 --mode long --goal-offset 50 --eval-budget 100 --h5 "$DATA/tworoom.h5" --source pretrained --encoder-id quentinll/lewm-tworooms --device cuda --eval-filter none --episode-min 4000 --goal-from-proprio --num-eval 64 --seed 43 --cem-seed 43 --probe-solver match --retire-tau 0.10
322	tworoom	gd_router_mp_rt0.10_tauown	50	44	logs/rbT_tworoom_gd_router_mp_rt0.10_tauown_t50_seed44.log	python -m surveyor.envs.tworoom.eval --solver gd --subgoal router+surveyor --gdm-ckpt gdm_tworoom_s10_gc_paired_e400v.pt --gdm-steps 50 --accept-tau 0.127 --receding-horizon 2 --mode long --goal-offset 50 --eval-budget 100 --h5 "$DATA/tworoom.h5" --source pretrained --encoder-id quentinll/lewm-tworooms --device cuda --eval-filter none --episode-min 4000 --goal-from-proprio --num-eval 64 --seed 44 --cem-seed 44 --probe-solver match --retire-tau 0.10
323	tworoom	gd_router_mp_rt0.10_tauown	50	45	logs/rbT_tworoom_gd_router_mp_rt0.10_tauown_t50_seed45.log	python -m surveyor.envs.tworoom.eval --solver gd --subgoal router+surveyor --gdm-ckpt gdm_tworoom_s10_gc_paired_e400v.pt --gdm-steps 50 --accept-tau 0.127 --receding-horizon 2 --mode long --goal-offset 50 --eval-budget 100 --h5 "$DATA/tworoom.h5" --source pretrained --encoder-id quentinll/lewm-tworooms --device cuda --eval-filter none --episode-min 4000 --goal-from-proprio --num-eval 64 --seed 45 --cem-seed 45 --probe-solver match --retire-tau 0.10
324	tworoom	gd_router_mp_rt0.10_tauown	50	46	logs/rbT_tworoom_gd_router_mp_rt0.10_tauown_t50_seed46.log	python -m surveyor.envs.tworoom.eval --solver gd --subgoal router+surveyor --gdm-ckpt gdm_tworoom_s10_gc_paired_e400v.pt --gdm-steps 50 --accept-tau 0.127 --receding-horizon 2 --mode long --goal-offset 50 --eval-budget 100 --h5 "$DATA/tworoom.h5" --source pretrained --encoder-id quentinll/lewm-tworooms --device cuda --eval-filter none --episode-min 4000 --goal-from-proprio --num-eval 64 --seed 46 --cem-seed 46 --probe-solver match --retire-tau 0.10
325	tworoom	gd_router_mp_rt0.10_tauown	50	47	logs/rbT_tworoom_gd_router_mp_rt0.10_tauown_t50_seed47.log	python -m surveyor.envs.tworoom.eval --solver gd --subgoal router+surveyor --gdm-ckpt gdm_tworoom_s10_gc_paired_e400v.pt --gdm-steps 50 --accept-tau 0.127 --receding-horizon 2 --mode long --goal-offset 50 --eval-budget 100 --h5 "$DATA/tworoom.h5" --source pretrained --encoder-id quentinll/lewm-tworooms --device cuda --eval-filter none --episode-min 4000 --goal-from-proprio --num-eval 64 --seed 47 --cem-seed 47 --probe-solver match --retire-tau 0.10
326	tworoom	gd_router_mp_rt0.10_tauown	50	48	logs/rbT_tworoom_gd_router_mp_rt0.10_tauown_t50_seed48.log	python -m surveyor.envs.tworoom.eval --solver gd --subgoal router+surveyor --gdm-ckpt gdm_tworoom_s10_gc_paired_e400v.pt --gdm-steps 50 --accept-tau 0.127 --receding-horizon 2 --mode long --goal-offset 50 --eval-budget 100 --h5 "$DATA/tworoom.h5" --source pretrained --encoder-id quentinll/lewm-tworooms --device cuda --eval-filter none --episode-min 4000 --goal-from-proprio --num-eval 64 --seed 48 --cem-seed 48 --probe-solver match --retire-tau 0.10
327	tworoom	gd_router_mp_rt0.10_tauown	50	49	logs/rbT_tworoom_gd_router_mp_rt0.10_tauown_t50_seed49.log	python -m surveyor.envs.tworoom.eval --solver gd --subgoal router+surveyor --gdm-ckpt gdm_tworoom_s10_gc_paired_e400v.pt --gdm-steps 50 --accept-tau 0.127 --receding-horizon 2 --mode long --goal-offset 50 --eval-budget 100 --h5 "$DATA/tworoom.h5" --source pretrained --encoder-id quentinll/lewm-tworooms --device cuda --eval-filter none --episode-min 4000 --goal-from-proprio --num-eval 64 --seed 49 --cem-seed 49 --probe-solver match --retire-tau 0.10
328	tworoom	gd_router_mp_rt0.10_tauown	75	42	logs/rbT_tworoom_gd_router_mp_rt0.10_tauown_t75_seed42.log	python -m surveyor.envs.tworoom.eval --solver gd --subgoal router+surveyor --gdm-ckpt gdm_tworoom_s10_gc_paired_e400v.pt --gdm-steps 50 --accept-tau 0.127 --receding-horizon 2 --mode long --goal-offset 75 --eval-budget 150 --h5 "$DATA/tworoom.h5" --source pretrained --encoder-id quentinll/lewm-tworooms --device cuda --eval-filter none --episode-min 4000 --goal-from-proprio --num-eval 64 --seed 42 --cem-seed 42 --probe-solver match --retire-tau 0.10
329	tworoom	gd_router_mp_rt0.10_tauown	75	43	logs/rbT_tworoom_gd_router_mp_rt0.10_tauown_t75_seed43.log	python -m surveyor.envs.tworoom.eval --solver gd --subgoal router+surveyor --gdm-ckpt gdm_tworoom_s10_gc_paired_e400v.pt --gdm-steps 50 --accept-tau 0.127 --receding-horizon 2 --mode long --goal-offset 75 --eval-budget 150 --h5 "$DATA/tworoom.h5" --source pretrained --encoder-id quentinll/lewm-tworooms --device cuda --eval-filter none --episode-min 4000 --goal-from-proprio --num-eval 64 --seed 43 --cem-seed 43 --probe-solver match --retire-tau 0.10
330	tworoom	gd_router_mp_rt0.10_tauown	75	44	logs/rbT_tworoom_gd_router_mp_rt0.10_tauown_t75_seed44.log	python -m surveyor.envs.tworoom.eval --solver gd --subgoal router+surveyor --gdm-ckpt gdm_tworoom_s10_gc_paired_e400v.pt --gdm-steps 50 --accept-tau 0.127 --receding-horizon 2 --mode long --goal-offset 75 --eval-budget 150 --h5 "$DATA/tworoom.h5" --source pretrained --encoder-id quentinll/lewm-tworooms --device cuda --eval-filter none --episode-min 4000 --goal-from-proprio --num-eval 64 --seed 44 --cem-seed 44 --probe-solver match --retire-tau 0.10
331	tworoom	gd_router_mp_rt0.10_tauown	75	45	logs/rbT_tworoom_gd_router_mp_rt0.10_tauown_t75_seed45.log	python -m surveyor.envs.tworoom.eval --solver gd --subgoal router+surveyor --gdm-ckpt gdm_tworoom_s10_gc_paired_e400v.pt --gdm-steps 50 --accept-tau 0.127 --receding-horizon 2 --mode long --goal-offset 75 --eval-budget 150 --h5 "$DATA/tworoom.h5" --source pretrained --encoder-id quentinll/lewm-tworooms --device cuda --eval-filter none --episode-min 4000 --goal-from-proprio --num-eval 64 --seed 45 --cem-seed 45 --probe-solver match --retire-tau 0.10
332	tworoom	gd_router_mp_rt0.10_tauown	75	46	logs/rbT_tworoom_gd_router_mp_rt0.10_tauown_t75_seed46.log	python -m surveyor.envs.tworoom.eval --solver gd --subgoal router+surveyor --gdm-ckpt gdm_tworoom_s10_gc_paired_e400v.pt --gdm-steps 50 --accept-tau 0.127 --receding-horizon 2 --mode long --goal-offset 75 --eval-budget 150 --h5 "$DATA/tworoom.h5" --source pretrained --encoder-id quentinll/lewm-tworooms --device cuda --eval-filter none --episode-min 4000 --goal-from-proprio --num-eval 64 --seed 46 --cem-seed 46 --probe-solver match --retire-tau 0.10
333	tworoom	gd_router_mp_rt0.10_tauown	75	47	logs/rbT_tworoom_gd_router_mp_rt0.10_tauown_t75_seed47.log	python -m surveyor.envs.tworoom.eval --solver gd --subgoal router+surveyor --gdm-ckpt gdm_tworoom_s10_gc_paired_e400v.pt --gdm-steps 50 --accept-tau 0.127 --receding-horizon 2 --mode long --goal-offset 75 --eval-budget 150 --h5 "$DATA/tworoom.h5" --source pretrained --encoder-id quentinll/lewm-tworooms --device cuda --eval-filter none --episode-min 4000 --goal-from-proprio --num-eval 64 --seed 47 --cem-seed 47 --probe-solver match --retire-tau 0.10
334	tworoom	gd_router_mp_rt0.10_tauown	75	48	logs/rbT_tworoom_gd_router_mp_rt0.10_tauown_t75_seed48.log	python -m surveyor.envs.tworoom.eval --solver gd --subgoal router+surveyor --gdm-ckpt gdm_tworoom_s10_gc_paired_e400v.pt --gdm-steps 50 --accept-tau 0.127 --receding-horizon 2 --mode long --goal-offset 75 --eval-budget 150 --h5 "$DATA/tworoom.h5" --source pretrained --encoder-id quentinll/lewm-tworooms --device cuda --eval-filter none --episode-min 4000 --goal-from-proprio --num-eval 64 --seed 48 --cem-seed 48 --probe-solver match --retire-tau 0.10
335	tworoom	gd_router_mp_rt0.10_tauown	75	49	logs/rbT_tworoom_gd_router_mp_rt0.10_tauown_t75_seed49.log	python -m surveyor.envs.tworoom.eval --solver gd --subgoal router+surveyor --gdm-ckpt gdm_tworoom_s10_gc_paired_e400v.pt --gdm-steps 50 --accept-tau 0.127 --receding-horizon 2 --mode long --goal-offset 75 --eval-budget 150 --h5 "$DATA/tworoom.h5" --source pretrained --encoder-id quentinll/lewm-tworooms --device cuda --eval-filter none --episode-min 4000 --goal-from-proprio --num-eval 64 --seed 49 --cem-seed 49 --probe-solver match --retire-tau 0.10
336	tworoom	gd_router_mp_tauown	25	42	logs/rbT_tworoom_gd_router_mp_tauown_t25_seed42.log	python -m surveyor.envs.tworoom.eval --solver gd --subgoal router+surveyor --gdm-ckpt gdm_tworoom_s10_gc_paired_e400v.pt --gdm-steps 50 --accept-tau 0.127 --receding-horizon 2 --mode long --goal-offset 25 --eval-budget 50 --h5 "$DATA/tworoom.h5" --source pretrained --encoder-id quentinll/lewm-tworooms --device cuda --eval-filter none --episode-min 4000 --goal-from-proprio --num-eval 64 --seed 42 --cem-seed 42 --probe-solver match
337	tworoom	gd_router_mp_tauown	25	43	logs/rbT_tworoom_gd_router_mp_tauown_t25_seed43.log	python -m surveyor.envs.tworoom.eval --solver gd --subgoal router+surveyor --gdm-ckpt gdm_tworoom_s10_gc_paired_e400v.pt --gdm-steps 50 --accept-tau 0.127 --receding-horizon 2 --mode long --goal-offset 25 --eval-budget 50 --h5 "$DATA/tworoom.h5" --source pretrained --encoder-id quentinll/lewm-tworooms --device cuda --eval-filter none --episode-min 4000 --goal-from-proprio --num-eval 64 --seed 43 --cem-seed 43 --probe-solver match
338	tworoom	gd_router_mp_tauown	25	44	logs/rbT_tworoom_gd_router_mp_tauown_t25_seed44.log	python -m surveyor.envs.tworoom.eval --solver gd --subgoal router+surveyor --gdm-ckpt gdm_tworoom_s10_gc_paired_e400v.pt --gdm-steps 50 --accept-tau 0.127 --receding-horizon 2 --mode long --goal-offset 25 --eval-budget 50 --h5 "$DATA/tworoom.h5" --source pretrained --encoder-id quentinll/lewm-tworooms --device cuda --eval-filter none --episode-min 4000 --goal-from-proprio --num-eval 64 --seed 44 --cem-seed 44 --probe-solver match
339	tworoom	gd_router_mp_tauown	25	45	logs/rbT_tworoom_gd_router_mp_tauown_t25_seed45.log	python -m surveyor.envs.tworoom.eval --solver gd --subgoal router+surveyor --gdm-ckpt gdm_tworoom_s10_gc_paired_e400v.pt --gdm-steps 50 --accept-tau 0.127 --receding-horizon 2 --mode long --goal-offset 25 --eval-budget 50 --h5 "$DATA/tworoom.h5" --source pretrained --encoder-id quentinll/lewm-tworooms --device cuda --eval-filter none --episode-min 4000 --goal-from-proprio --num-eval 64 --seed 45 --cem-seed 45 --probe-solver match
340	tworoom	gd_router_mp_tauown	25	46	logs/rbT_tworoom_gd_router_mp_tauown_t25_seed46.log	python -m surveyor.envs.tworoom.eval --solver gd --subgoal router+surveyor --gdm-ckpt gdm_tworoom_s10_gc_paired_e400v.pt --gdm-steps 50 --accept-tau 0.127 --receding-horizon 2 --mode long --goal-offset 25 --eval-budget 50 --h5 "$DATA/tworoom.h5" --source pretrained --encoder-id quentinll/lewm-tworooms --device cuda --eval-filter none --episode-min 4000 --goal-from-proprio --num-eval 64 --seed 46 --cem-seed 46 --probe-solver match
341	tworoom	gd_router_mp_tauown	25	47	logs/rbT_tworoom_gd_router_mp_tauown_t25_seed47.log	python -m surveyor.envs.tworoom.eval --solver gd --subgoal router+surveyor --gdm-ckpt gdm_tworoom_s10_gc_paired_e400v.pt --gdm-steps 50 --accept-tau 0.127 --receding-horizon 2 --mode long --goal-offset 25 --eval-budget 50 --h5 "$DATA/tworoom.h5" --source pretrained --encoder-id quentinll/lewm-tworooms --device cuda --eval-filter none --episode-min 4000 --goal-from-proprio --num-eval 64 --seed 47 --cem-seed 47 --probe-solver match
342	tworoom	gd_router_mp_tauown	25	48	logs/rbT_tworoom_gd_router_mp_tauown_t25_seed48.log	python -m surveyor.envs.tworoom.eval --solver gd --subgoal router+surveyor --gdm-ckpt gdm_tworoom_s10_gc_paired_e400v.pt --gdm-steps 50 --accept-tau 0.127 --receding-horizon 2 --mode long --goal-offset 25 --eval-budget 50 --h5 "$DATA/tworoom.h5" --source pretrained --encoder-id quentinll/lewm-tworooms --device cuda --eval-filter none --episode-min 4000 --goal-from-proprio --num-eval 64 --seed 48 --cem-seed 48 --probe-solver match
343	tworoom	gd_router_mp_tauown	25	49	logs/rbT_tworoom_gd_router_mp_tauown_t25_seed49.log	python -m surveyor.envs.tworoom.eval --solver gd --subgoal router+surveyor --gdm-ckpt gdm_tworoom_s10_gc_paired_e400v.pt --gdm-steps 50 --accept-tau 0.127 --receding-horizon 2 --mode long --goal-offset 25 --eval-budget 50 --h5 "$DATA/tworoom.h5" --source pretrained --encoder-id quentinll/lewm-tworooms --device cuda --eval-filter none --episode-min 4000 --goal-from-proprio --num-eval 64 --seed 49 --cem-seed 49 --probe-solver match
344	tworoom	gd_router_mp_tauown	50	42	logs/rbT_tworoom_gd_router_mp_tauown_t50_seed42.log	python -m surveyor.envs.tworoom.eval --solver gd --subgoal router+surveyor --gdm-ckpt gdm_tworoom_s10_gc_paired_e400v.pt --gdm-steps 50 --accept-tau 0.127 --receding-horizon 2 --mode long --goal-offset 50 --eval-budget 100 --h5 "$DATA/tworoom.h5" --source pretrained --encoder-id quentinll/lewm-tworooms --device cuda --eval-filter none --episode-min 4000 --goal-from-proprio --num-eval 64 --seed 42 --cem-seed 42 --probe-solver match
345	tworoom	gd_router_mp_tauown	50	43	logs/rbT_tworoom_gd_router_mp_tauown_t50_seed43.log	python -m surveyor.envs.tworoom.eval --solver gd --subgoal router+surveyor --gdm-ckpt gdm_tworoom_s10_gc_paired_e400v.pt --gdm-steps 50 --accept-tau 0.127 --receding-horizon 2 --mode long --goal-offset 50 --eval-budget 100 --h5 "$DATA/tworoom.h5" --source pretrained --encoder-id quentinll/lewm-tworooms --device cuda --eval-filter none --episode-min 4000 --goal-from-proprio --num-eval 64 --seed 43 --cem-seed 43 --probe-solver match
346	tworoom	gd_router_mp_tauown	50	44	logs/rbT_tworoom_gd_router_mp_tauown_t50_seed44.log	python -m surveyor.envs.tworoom.eval --solver gd --subgoal router+surveyor --gdm-ckpt gdm_tworoom_s10_gc_paired_e400v.pt --gdm-steps 50 --accept-tau 0.127 --receding-horizon 2 --mode long --goal-offset 50 --eval-budget 100 --h5 "$DATA/tworoom.h5" --source pretrained --encoder-id quentinll/lewm-tworooms --device cuda --eval-filter none --episode-min 4000 --goal-from-proprio --num-eval 64 --seed 44 --cem-seed 44 --probe-solver match
347	tworoom	gd_router_mp_tauown	50	45	logs/rbT_tworoom_gd_router_mp_tauown_t50_seed45.log	python -m surveyor.envs.tworoom.eval --solver gd --subgoal router+surveyor --gdm-ckpt gdm_tworoom_s10_gc_paired_e400v.pt --gdm-steps 50 --accept-tau 0.127 --receding-horizon 2 --mode long --goal-offset 50 --eval-budget 100 --h5 "$DATA/tworoom.h5" --source pretrained --encoder-id quentinll/lewm-tworooms --device cuda --eval-filter none --episode-min 4000 --goal-from-proprio --num-eval 64 --seed 45 --cem-seed 45 --probe-solver match
348	tworoom	gd_router_mp_tauown	50	46	logs/rbT_tworoom_gd_router_mp_tauown_t50_seed46.log	python -m surveyor.envs.tworoom.eval --solver gd --subgoal router+surveyor --gdm-ckpt gdm_tworoom_s10_gc_paired_e400v.pt --gdm-steps 50 --accept-tau 0.127 --receding-horizon 2 --mode long --goal-offset 50 --eval-budget 100 --h5 "$DATA/tworoom.h5" --source pretrained --encoder-id quentinll/lewm-tworooms --device cuda --eval-filter none --episode-min 4000 --goal-from-proprio --num-eval 64 --seed 46 --cem-seed 46 --probe-solver match
349	tworoom	gd_router_mp_tauown	50	47	logs/rbT_tworoom_gd_router_mp_tauown_t50_seed47.log	python -m surveyor.envs.tworoom.eval --solver gd --subgoal router+surveyor --gdm-ckpt gdm_tworoom_s10_gc_paired_e400v.pt --gdm-steps 50 --accept-tau 0.127 --receding-horizon 2 --mode long --goal-offset 50 --eval-budget 100 --h5 "$DATA/tworoom.h5" --source pretrained --encoder-id quentinll/lewm-tworooms --device cuda --eval-filter none --episode-min 4000 --goal-from-proprio --num-eval 64 --seed 47 --cem-seed 47 --probe-solver match
350	tworoom	gd_router_mp_tauown	50	48	logs/rbT_tworoom_gd_router_mp_tauown_t50_seed48.log	python -m surveyor.envs.tworoom.eval --solver gd --subgoal router+surveyor --gdm-ckpt gdm_tworoom_s10_gc_paired_e400v.pt --gdm-steps 50 --accept-tau 0.127 --receding-horizon 2 --mode long --goal-offset 50 --eval-budget 100 --h5 "$DATA/tworoom.h5" --source pretrained --encoder-id quentinll/lewm-tworooms --device cuda --eval-filter none --episode-min 4000 --goal-from-proprio --num-eval 64 --seed 48 --cem-seed 48 --probe-solver match
351	tworoom	gd_router_mp_tauown	50	49	logs/rbT_tworoom_gd_router_mp_tauown_t50_seed49.log	python -m surveyor.envs.tworoom.eval --solver gd --subgoal router+surveyor --gdm-ckpt gdm_tworoom_s10_gc_paired_e400v.pt --gdm-steps 50 --accept-tau 0.127 --receding-horizon 2 --mode long --goal-offset 50 --eval-budget 100 --h5 "$DATA/tworoom.h5" --source pretrained --encoder-id quentinll/lewm-tworooms --device cuda --eval-filter none --episode-min 4000 --goal-from-proprio --num-eval 64 --seed 49 --cem-seed 49 --probe-solver match
352	tworoom	gd_router_mp_tauown	75	42	logs/rbT_tworoom_gd_router_mp_tauown_t75_seed42.log	python -m surveyor.envs.tworoom.eval --solver gd --subgoal router+surveyor --gdm-ckpt gdm_tworoom_s10_gc_paired_e400v.pt --gdm-steps 50 --accept-tau 0.127 --receding-horizon 2 --mode long --goal-offset 75 --eval-budget 150 --h5 "$DATA/tworoom.h5" --source pretrained --encoder-id quentinll/lewm-tworooms --device cuda --eval-filter none --episode-min 4000 --goal-from-proprio --num-eval 64 --seed 42 --cem-seed 42 --probe-solver match
353	tworoom	gd_router_mp_tauown	75	43	logs/rbT_tworoom_gd_router_mp_tauown_t75_seed43.log	python -m surveyor.envs.tworoom.eval --solver gd --subgoal router+surveyor --gdm-ckpt gdm_tworoom_s10_gc_paired_e400v.pt --gdm-steps 50 --accept-tau 0.127 --receding-horizon 2 --mode long --goal-offset 75 --eval-budget 150 --h5 "$DATA/tworoom.h5" --source pretrained --encoder-id quentinll/lewm-tworooms --device cuda --eval-filter none --episode-min 4000 --goal-from-proprio --num-eval 64 --seed 43 --cem-seed 43 --probe-solver match
354	tworoom	gd_router_mp_tauown	75	44	logs/rbT_tworoom_gd_router_mp_tauown_t75_seed44.log	python -m surveyor.envs.tworoom.eval --solver gd --subgoal router+surveyor --gdm-ckpt gdm_tworoom_s10_gc_paired_e400v.pt --gdm-steps 50 --accept-tau 0.127 --receding-horizon 2 --mode long --goal-offset 75 --eval-budget 150 --h5 "$DATA/tworoom.h5" --source pretrained --encoder-id quentinll/lewm-tworooms --device cuda --eval-filter none --episode-min 4000 --goal-from-proprio --num-eval 64 --seed 44 --cem-seed 44 --probe-solver match
355	tworoom	gd_router_mp_tauown	75	45	logs/rbT_tworoom_gd_router_mp_tauown_t75_seed45.log	python -m surveyor.envs.tworoom.eval --solver gd --subgoal router+surveyor --gdm-ckpt gdm_tworoom_s10_gc_paired_e400v.pt --gdm-steps 50 --accept-tau 0.127 --receding-horizon 2 --mode long --goal-offset 75 --eval-budget 150 --h5 "$DATA/tworoom.h5" --source pretrained --encoder-id quentinll/lewm-tworooms --device cuda --eval-filter none --episode-min 4000 --goal-from-proprio --num-eval 64 --seed 45 --cem-seed 45 --probe-solver match
356	tworoom	gd_router_mp_tauown	75	46	logs/rbT_tworoom_gd_router_mp_tauown_t75_seed46.log	python -m surveyor.envs.tworoom.eval --solver gd --subgoal router+surveyor --gdm-ckpt gdm_tworoom_s10_gc_paired_e400v.pt --gdm-steps 50 --accept-tau 0.127 --receding-horizon 2 --mode long --goal-offset 75 --eval-budget 150 --h5 "$DATA/tworoom.h5" --source pretrained --encoder-id quentinll/lewm-tworooms --device cuda --eval-filter none --episode-min 4000 --goal-from-proprio --num-eval 64 --seed 46 --cem-seed 46 --probe-solver match
357	tworoom	gd_router_mp_tauown	75	47	logs/rbT_tworoom_gd_router_mp_tauown_t75_seed47.log	python -m surveyor.envs.tworoom.eval --solver gd --subgoal router+surveyor --gdm-ckpt gdm_tworoom_s10_gc_paired_e400v.pt --gdm-steps 50 --accept-tau 0.127 --receding-horizon 2 --mode long --goal-offset 75 --eval-budget 150 --h5 "$DATA/tworoom.h5" --source pretrained --encoder-id quentinll/lewm-tworooms --device cuda --eval-filter none --episode-min 4000 --goal-from-proprio --num-eval 64 --seed 47 --cem-seed 47 --probe-solver match
358	tworoom	gd_router_mp_tauown	75	48	logs/rbT_tworoom_gd_router_mp_tauown_t75_seed48.log	python -m surveyor.envs.tworoom.eval --solver gd --subgoal router+surveyor --gdm-ckpt gdm_tworoom_s10_gc_paired_e400v.pt --gdm-steps 50 --accept-tau 0.127 --receding-horizon 2 --mode long --goal-offset 75 --eval-budget 150 --h5 "$DATA/tworoom.h5" --source pretrained --encoder-id quentinll/lewm-tworooms --device cuda --eval-filter none --episode-min 4000 --goal-from-proprio --num-eval 64 --seed 48 --cem-seed 48 --probe-solver match
359	tworoom	gd_router_mp_tauown	75	49	logs/rbT_tworoom_gd_router_mp_tauown_t75_seed49.log	python -m surveyor.envs.tworoom.eval --solver gd --subgoal router+surveyor --gdm-ckpt gdm_tworoom_s10_gc_paired_e400v.pt --gdm-steps 50 --accept-tau 0.127 --receding-horizon 2 --mode long --goal-offset 75 --eval-budget 150 --h5 "$DATA/tworoom.h5" --source pretrained --encoder-id quentinll/lewm-tworooms --device cuda --eval-filter none --episode-min 4000 --goal-from-proprio --num-eval 64 --seed 49 --cem-seed 49 --probe-solver match
360	tworoom	gd_router_rt0.10_tauown	25	42	logs/rbT_tworoom_gd_router_rt0.10_tauown_t25_seed42.log	python -m surveyor.envs.tworoom.eval --solver gd --subgoal router+surveyor --gdm-ckpt gdm_tworoom_s10_gc_paired_e400v.pt --gdm-steps 50 --accept-tau 0.127 --receding-horizon 2 --mode long --goal-offset 25 --eval-budget 50 --h5 "$DATA/tworoom.h5" --source pretrained --encoder-id quentinll/lewm-tworooms --device cuda --eval-filter none --episode-min 4000 --goal-from-proprio --num-eval 64 --seed 42 --cem-seed 42 --retire-tau 0.10
361	tworoom	gd_router_rt0.10_tauown	25	43	logs/rbT_tworoom_gd_router_rt0.10_tauown_t25_seed43.log	python -m surveyor.envs.tworoom.eval --solver gd --subgoal router+surveyor --gdm-ckpt gdm_tworoom_s10_gc_paired_e400v.pt --gdm-steps 50 --accept-tau 0.127 --receding-horizon 2 --mode long --goal-offset 25 --eval-budget 50 --h5 "$DATA/tworoom.h5" --source pretrained --encoder-id quentinll/lewm-tworooms --device cuda --eval-filter none --episode-min 4000 --goal-from-proprio --num-eval 64 --seed 43 --cem-seed 43 --retire-tau 0.10
362	tworoom	gd_router_rt0.10_tauown	25	44	logs/rbT_tworoom_gd_router_rt0.10_tauown_t25_seed44.log	python -m surveyor.envs.tworoom.eval --solver gd --subgoal router+surveyor --gdm-ckpt gdm_tworoom_s10_gc_paired_e400v.pt --gdm-steps 50 --accept-tau 0.127 --receding-horizon 2 --mode long --goal-offset 25 --eval-budget 50 --h5 "$DATA/tworoom.h5" --source pretrained --encoder-id quentinll/lewm-tworooms --device cuda --eval-filter none --episode-min 4000 --goal-from-proprio --num-eval 64 --seed 44 --cem-seed 44 --retire-tau 0.10
363	tworoom	gd_router_rt0.10_tauown	25	45	logs/rbT_tworoom_gd_router_rt0.10_tauown_t25_seed45.log	python -m surveyor.envs.tworoom.eval --solver gd --subgoal router+surveyor --gdm-ckpt gdm_tworoom_s10_gc_paired_e400v.pt --gdm-steps 50 --accept-tau 0.127 --receding-horizon 2 --mode long --goal-offset 25 --eval-budget 50 --h5 "$DATA/tworoom.h5" --source pretrained --encoder-id quentinll/lewm-tworooms --device cuda --eval-filter none --episode-min 4000 --goal-from-proprio --num-eval 64 --seed 45 --cem-seed 45 --retire-tau 0.10
364	tworoom	gd_router_rt0.10_tauown	25	46	logs/rbT_tworoom_gd_router_rt0.10_tauown_t25_seed46.log	python -m surveyor.envs.tworoom.eval --solver gd --subgoal router+surveyor --gdm-ckpt gdm_tworoom_s10_gc_paired_e400v.pt --gdm-steps 50 --accept-tau 0.127 --receding-horizon 2 --mode long --goal-offset 25 --eval-budget 50 --h5 "$DATA/tworoom.h5" --source pretrained --encoder-id quentinll/lewm-tworooms --device cuda --eval-filter none --episode-min 4000 --goal-from-proprio --num-eval 64 --seed 46 --cem-seed 46 --retire-tau 0.10
365	tworoom	gd_router_rt0.10_tauown	25	47	logs/rbT_tworoom_gd_router_rt0.10_tauown_t25_seed47.log	python -m surveyor.envs.tworoom.eval --solver gd --subgoal router+surveyor --gdm-ckpt gdm_tworoom_s10_gc_paired_e400v.pt --gdm-steps 50 --accept-tau 0.127 --receding-horizon 2 --mode long --goal-offset 25 --eval-budget 50 --h5 "$DATA/tworoom.h5" --source pretrained --encoder-id quentinll/lewm-tworooms --device cuda --eval-filter none --episode-min 4000 --goal-from-proprio --num-eval 64 --seed 47 --cem-seed 47 --retire-tau 0.10
366	tworoom	gd_router_rt0.10_tauown	25	48	logs/rbT_tworoom_gd_router_rt0.10_tauown_t25_seed48.log	python -m surveyor.envs.tworoom.eval --solver gd --subgoal router+surveyor --gdm-ckpt gdm_tworoom_s10_gc_paired_e400v.pt --gdm-steps 50 --accept-tau 0.127 --receding-horizon 2 --mode long --goal-offset 25 --eval-budget 50 --h5 "$DATA/tworoom.h5" --source pretrained --encoder-id quentinll/lewm-tworooms --device cuda --eval-filter none --episode-min 4000 --goal-from-proprio --num-eval 64 --seed 48 --cem-seed 48 --retire-tau 0.10
367	tworoom	gd_router_rt0.10_tauown	25	49	logs/rbT_tworoom_gd_router_rt0.10_tauown_t25_seed49.log	python -m surveyor.envs.tworoom.eval --solver gd --subgoal router+surveyor --gdm-ckpt gdm_tworoom_s10_gc_paired_e400v.pt --gdm-steps 50 --accept-tau 0.127 --receding-horizon 2 --mode long --goal-offset 25 --eval-budget 50 --h5 "$DATA/tworoom.h5" --source pretrained --encoder-id quentinll/lewm-tworooms --device cuda --eval-filter none --episode-min 4000 --goal-from-proprio --num-eval 64 --seed 49 --cem-seed 49 --retire-tau 0.10
368	tworoom	gd_router_rt0.10_tauown	50	42	logs/rbT_tworoom_gd_router_rt0.10_tauown_t50_seed42.log	python -m surveyor.envs.tworoom.eval --solver gd --subgoal router+surveyor --gdm-ckpt gdm_tworoom_s10_gc_paired_e400v.pt --gdm-steps 50 --accept-tau 0.127 --receding-horizon 2 --mode long --goal-offset 50 --eval-budget 100 --h5 "$DATA/tworoom.h5" --source pretrained --encoder-id quentinll/lewm-tworooms --device cuda --eval-filter none --episode-min 4000 --goal-from-proprio --num-eval 64 --seed 42 --cem-seed 42 --retire-tau 0.10
369	tworoom	gd_router_rt0.10_tauown	50	43	logs/rbT_tworoom_gd_router_rt0.10_tauown_t50_seed43.log	python -m surveyor.envs.tworoom.eval --solver gd --subgoal router+surveyor --gdm-ckpt gdm_tworoom_s10_gc_paired_e400v.pt --gdm-steps 50 --accept-tau 0.127 --receding-horizon 2 --mode long --goal-offset 50 --eval-budget 100 --h5 "$DATA/tworoom.h5" --source pretrained --encoder-id quentinll/lewm-tworooms --device cuda --eval-filter none --episode-min 4000 --goal-from-proprio --num-eval 64 --seed 43 --cem-seed 43 --retire-tau 0.10
370	tworoom	gd_router_rt0.10_tauown	50	44	logs/rbT_tworoom_gd_router_rt0.10_tauown_t50_seed44.log	python -m surveyor.envs.tworoom.eval --solver gd --subgoal router+surveyor --gdm-ckpt gdm_tworoom_s10_gc_paired_e400v.pt --gdm-steps 50 --accept-tau 0.127 --receding-horizon 2 --mode long --goal-offset 50 --eval-budget 100 --h5 "$DATA/tworoom.h5" --source pretrained --encoder-id quentinll/lewm-tworooms --device cuda --eval-filter none --episode-min 4000 --goal-from-proprio --num-eval 64 --seed 44 --cem-seed 44 --retire-tau 0.10
371	tworoom	gd_router_rt0.10_tauown	50	45	logs/rbT_tworoom_gd_router_rt0.10_tauown_t50_seed45.log	python -m surveyor.envs.tworoom.eval --solver gd --subgoal router+surveyor --gdm-ckpt gdm_tworoom_s10_gc_paired_e400v.pt --gdm-steps 50 --accept-tau 0.127 --receding-horizon 2 --mode long --goal-offset 50 --eval-budget 100 --h5 "$DATA/tworoom.h5" --source pretrained --encoder-id quentinll/lewm-tworooms --device cuda --eval-filter none --episode-min 4000 --goal-from-proprio --num-eval 64 --seed 45 --cem-seed 45 --retire-tau 0.10
372	tworoom	gd_router_rt0.10_tauown	50	46	logs/rbT_tworoom_gd_router_rt0.10_tauown_t50_seed46.log	python -m surveyor.envs.tworoom.eval --solver gd --subgoal router+surveyor --gdm-ckpt gdm_tworoom_s10_gc_paired_e400v.pt --gdm-steps 50 --accept-tau 0.127 --receding-horizon 2 --mode long --goal-offset 50 --eval-budget 100 --h5 "$DATA/tworoom.h5" --source pretrained --encoder-id quentinll/lewm-tworooms --device cuda --eval-filter none --episode-min 4000 --goal-from-proprio --num-eval 64 --seed 46 --cem-seed 46 --retire-tau 0.10
373	tworoom	gd_router_rt0.10_tauown	50	47	logs/rbT_tworoom_gd_router_rt0.10_tauown_t50_seed47.log	python -m surveyor.envs.tworoom.eval --solver gd --subgoal router+surveyor --gdm-ckpt gdm_tworoom_s10_gc_paired_e400v.pt --gdm-steps 50 --accept-tau 0.127 --receding-horizon 2 --mode long --goal-offset 50 --eval-budget 100 --h5 "$DATA/tworoom.h5" --source pretrained --encoder-id quentinll/lewm-tworooms --device cuda --eval-filter none --episode-min 4000 --goal-from-proprio --num-eval 64 --seed 47 --cem-seed 47 --retire-tau 0.10
374	tworoom	gd_router_rt0.10_tauown	50	48	logs/rbT_tworoom_gd_router_rt0.10_tauown_t50_seed48.log	python -m surveyor.envs.tworoom.eval --solver gd --subgoal router+surveyor --gdm-ckpt gdm_tworoom_s10_gc_paired_e400v.pt --gdm-steps 50 --accept-tau 0.127 --receding-horizon 2 --mode long --goal-offset 50 --eval-budget 100 --h5 "$DATA/tworoom.h5" --source pretrained --encoder-id quentinll/lewm-tworooms --device cuda --eval-filter none --episode-min 4000 --goal-from-proprio --num-eval 64 --seed 48 --cem-seed 48 --retire-tau 0.10
375	tworoom	gd_router_rt0.10_tauown	50	49	logs/rbT_tworoom_gd_router_rt0.10_tauown_t50_seed49.log	python -m surveyor.envs.tworoom.eval --solver gd --subgoal router+surveyor --gdm-ckpt gdm_tworoom_s10_gc_paired_e400v.pt --gdm-steps 50 --accept-tau 0.127 --receding-horizon 2 --mode long --goal-offset 50 --eval-budget 100 --h5 "$DATA/tworoom.h5" --source pretrained --encoder-id quentinll/lewm-tworooms --device cuda --eval-filter none --episode-min 4000 --goal-from-proprio --num-eval 64 --seed 49 --cem-seed 49 --retire-tau 0.10
376	tworoom	gd_router_rt0.10_tauown	75	42	logs/rbT_tworoom_gd_router_rt0.10_tauown_t75_seed42.log	python -m surveyor.envs.tworoom.eval --solver gd --subgoal router+surveyor --gdm-ckpt gdm_tworoom_s10_gc_paired_e400v.pt --gdm-steps 50 --accept-tau 0.127 --receding-horizon 2 --mode long --goal-offset 75 --eval-budget 150 --h5 "$DATA/tworoom.h5" --source pretrained --encoder-id quentinll/lewm-tworooms --device cuda --eval-filter none --episode-min 4000 --goal-from-proprio --num-eval 64 --seed 42 --cem-seed 42 --retire-tau 0.10
377	tworoom	gd_router_rt0.10_tauown	75	43	logs/rbT_tworoom_gd_router_rt0.10_tauown_t75_seed43.log	python -m surveyor.envs.tworoom.eval --solver gd --subgoal router+surveyor --gdm-ckpt gdm_tworoom_s10_gc_paired_e400v.pt --gdm-steps 50 --accept-tau 0.127 --receding-horizon 2 --mode long --goal-offset 75 --eval-budget 150 --h5 "$DATA/tworoom.h5" --source pretrained --encoder-id quentinll/lewm-tworooms --device cuda --eval-filter none --episode-min 4000 --goal-from-proprio --num-eval 64 --seed 43 --cem-seed 43 --retire-tau 0.10
378	tworoom	gd_router_rt0.10_tauown	75	44	logs/rbT_tworoom_gd_router_rt0.10_tauown_t75_seed44.log	python -m surveyor.envs.tworoom.eval --solver gd --subgoal router+surveyor --gdm-ckpt gdm_tworoom_s10_gc_paired_e400v.pt --gdm-steps 50 --accept-tau 0.127 --receding-horizon 2 --mode long --goal-offset 75 --eval-budget 150 --h5 "$DATA/tworoom.h5" --source pretrained --encoder-id quentinll/lewm-tworooms --device cuda --eval-filter none --episode-min 4000 --goal-from-proprio --num-eval 64 --seed 44 --cem-seed 44 --retire-tau 0.10
379	tworoom	gd_router_rt0.10_tauown	75	45	logs/rbT_tworoom_gd_router_rt0.10_tauown_t75_seed45.log	python -m surveyor.envs.tworoom.eval --solver gd --subgoal router+surveyor --gdm-ckpt gdm_tworoom_s10_gc_paired_e400v.pt --gdm-steps 50 --accept-tau 0.127 --receding-horizon 2 --mode long --goal-offset 75 --eval-budget 150 --h5 "$DATA/tworoom.h5" --source pretrained --encoder-id quentinll/lewm-tworooms --device cuda --eval-filter none --episode-min 4000 --goal-from-proprio --num-eval 64 --seed 45 --cem-seed 45 --retire-tau 0.10
380	tworoom	gd_router_rt0.10_tauown	75	46	logs/rbT_tworoom_gd_router_rt0.10_tauown_t75_seed46.log	python -m surveyor.envs.tworoom.eval --solver gd --subgoal router+surveyor --gdm-ckpt gdm_tworoom_s10_gc_paired_e400v.pt --gdm-steps 50 --accept-tau 0.127 --receding-horizon 2 --mode long --goal-offset 75 --eval-budget 150 --h5 "$DATA/tworoom.h5" --source pretrained --encoder-id quentinll/lewm-tworooms --device cuda --eval-filter none --episode-min 4000 --goal-from-proprio --num-eval 64 --seed 46 --cem-seed 46 --retire-tau 0.10
381	tworoom	gd_router_rt0.10_tauown	75	47	logs/rbT_tworoom_gd_router_rt0.10_tauown_t75_seed47.log	python -m surveyor.envs.tworoom.eval --solver gd --subgoal router+surveyor --gdm-ckpt gdm_tworoom_s10_gc_paired_e400v.pt --gdm-steps 50 --accept-tau 0.127 --receding-horizon 2 --mode long --goal-offset 75 --eval-budget 150 --h5 "$DATA/tworoom.h5" --source pretrained --encoder-id quentinll/lewm-tworooms --device cuda --eval-filter none --episode-min 4000 --goal-from-proprio --num-eval 64 --seed 47 --cem-seed 47 --retire-tau 0.10
382	tworoom	gd_router_rt0.10_tauown	75	48	logs/rbT_tworoom_gd_router_rt0.10_tauown_t75_seed48.log	python -m surveyor.envs.tworoom.eval --solver gd --subgoal router+surveyor --gdm-ckpt gdm_tworoom_s10_gc_paired_e400v.pt --gdm-steps 50 --accept-tau 0.127 --receding-horizon 2 --mode long --goal-offset 75 --eval-budget 150 --h5 "$DATA/tworoom.h5" --source pretrained --encoder-id quentinll/lewm-tworooms --device cuda --eval-filter none --episode-min 4000 --goal-from-proprio --num-eval 64 --seed 48 --cem-seed 48 --retire-tau 0.10
383	tworoom	gd_router_rt0.10_tauown	75	49	logs/rbT_tworoom_gd_router_rt0.10_tauown_t75_seed49.log	python -m surveyor.envs.tworoom.eval --solver gd --subgoal router+surveyor --gdm-ckpt gdm_tworoom_s10_gc_paired_e400v.pt --gdm-steps 50 --accept-tau 0.127 --receding-horizon 2 --mode long --goal-offset 75 --eval-budget 150 --h5 "$DATA/tworoom.h5" --source pretrained --encoder-id quentinll/lewm-tworooms --device cuda --eval-filter none --episode-min 4000 --goal-from-proprio --num-eval 64 --seed 49 --cem-seed 49 --retire-tau 0.10
384	tworoom	icem_router_mp_rt0.10_tauown	25	42	logs/rbT_tworoom_icem_router_mp_rt0.10_tauown_t25_seed42.log	python -m surveyor.envs.tworoom.eval --solver icem --subgoal router+surveyor --gdm-ckpt gdm_tworoom_s10_gc_paired_e400v.pt --gdm-steps 50 --accept-tau 0.127 --receding-horizon 2 --mode long --goal-offset 25 --eval-budget 50 --h5 "$DATA/tworoom.h5" --source pretrained --encoder-id quentinll/lewm-tworooms --device cuda --eval-filter none --episode-min 4000 --goal-from-proprio --num-eval 64 --seed 42 --cem-seed 42 --probe-solver match --retire-tau 0.10
385	tworoom	icem_router_mp_rt0.10_tauown	25	43	logs/rbT_tworoom_icem_router_mp_rt0.10_tauown_t25_seed43.log	python -m surveyor.envs.tworoom.eval --solver icem --subgoal router+surveyor --gdm-ckpt gdm_tworoom_s10_gc_paired_e400v.pt --gdm-steps 50 --accept-tau 0.127 --receding-horizon 2 --mode long --goal-offset 25 --eval-budget 50 --h5 "$DATA/tworoom.h5" --source pretrained --encoder-id quentinll/lewm-tworooms --device cuda --eval-filter none --episode-min 4000 --goal-from-proprio --num-eval 64 --seed 43 --cem-seed 43 --probe-solver match --retire-tau 0.10
386	tworoom	icem_router_mp_rt0.10_tauown	25	44	logs/rbT_tworoom_icem_router_mp_rt0.10_tauown_t25_seed44.log	python -m surveyor.envs.tworoom.eval --solver icem --subgoal router+surveyor --gdm-ckpt gdm_tworoom_s10_gc_paired_e400v.pt --gdm-steps 50 --accept-tau 0.127 --receding-horizon 2 --mode long --goal-offset 25 --eval-budget 50 --h5 "$DATA/tworoom.h5" --source pretrained --encoder-id quentinll/lewm-tworooms --device cuda --eval-filter none --episode-min 4000 --goal-from-proprio --num-eval 64 --seed 44 --cem-seed 44 --probe-solver match --retire-tau 0.10
387	tworoom	icem_router_mp_rt0.10_tauown	25	45	logs/rbT_tworoom_icem_router_mp_rt0.10_tauown_t25_seed45.log	python -m surveyor.envs.tworoom.eval --solver icem --subgoal router+surveyor --gdm-ckpt gdm_tworoom_s10_gc_paired_e400v.pt --gdm-steps 50 --accept-tau 0.127 --receding-horizon 2 --mode long --goal-offset 25 --eval-budget 50 --h5 "$DATA/tworoom.h5" --source pretrained --encoder-id quentinll/lewm-tworooms --device cuda --eval-filter none --episode-min 4000 --goal-from-proprio --num-eval 64 --seed 45 --cem-seed 45 --probe-solver match --retire-tau 0.10
388	tworoom	icem_router_mp_rt0.10_tauown	25	46	logs/rbT_tworoom_icem_router_mp_rt0.10_tauown_t25_seed46.log	python -m surveyor.envs.tworoom.eval --solver icem --subgoal router+surveyor --gdm-ckpt gdm_tworoom_s10_gc_paired_e400v.pt --gdm-steps 50 --accept-tau 0.127 --receding-horizon 2 --mode long --goal-offset 25 --eval-budget 50 --h5 "$DATA/tworoom.h5" --source pretrained --encoder-id quentinll/lewm-tworooms --device cuda --eval-filter none --episode-min 4000 --goal-from-proprio --num-eval 64 --seed 46 --cem-seed 46 --probe-solver match --retire-tau 0.10
389	tworoom	icem_router_mp_rt0.10_tauown	25	47	logs/rbT_tworoom_icem_router_mp_rt0.10_tauown_t25_seed47.log	python -m surveyor.envs.tworoom.eval --solver icem --subgoal router+surveyor --gdm-ckpt gdm_tworoom_s10_gc_paired_e400v.pt --gdm-steps 50 --accept-tau 0.127 --receding-horizon 2 --mode long --goal-offset 25 --eval-budget 50 --h5 "$DATA/tworoom.h5" --source pretrained --encoder-id quentinll/lewm-tworooms --device cuda --eval-filter none --episode-min 4000 --goal-from-proprio --num-eval 64 --seed 47 --cem-seed 47 --probe-solver match --retire-tau 0.10
390	tworoom	icem_router_mp_rt0.10_tauown	25	48	logs/rbT_tworoom_icem_router_mp_rt0.10_tauown_t25_seed48.log	python -m surveyor.envs.tworoom.eval --solver icem --subgoal router+surveyor --gdm-ckpt gdm_tworoom_s10_gc_paired_e400v.pt --gdm-steps 50 --accept-tau 0.127 --receding-horizon 2 --mode long --goal-offset 25 --eval-budget 50 --h5 "$DATA/tworoom.h5" --source pretrained --encoder-id quentinll/lewm-tworooms --device cuda --eval-filter none --episode-min 4000 --goal-from-proprio --num-eval 64 --seed 48 --cem-seed 48 --probe-solver match --retire-tau 0.10
391	tworoom	icem_router_mp_rt0.10_tauown	25	49	logs/rbT_tworoom_icem_router_mp_rt0.10_tauown_t25_seed49.log	python -m surveyor.envs.tworoom.eval --solver icem --subgoal router+surveyor --gdm-ckpt gdm_tworoom_s10_gc_paired_e400v.pt --gdm-steps 50 --accept-tau 0.127 --receding-horizon 2 --mode long --goal-offset 25 --eval-budget 50 --h5 "$DATA/tworoom.h5" --source pretrained --encoder-id quentinll/lewm-tworooms --device cuda --eval-filter none --episode-min 4000 --goal-from-proprio --num-eval 64 --seed 49 --cem-seed 49 --probe-solver match --retire-tau 0.10
392	tworoom	icem_router_mp_rt0.10_tauown	50	42	logs/rbT_tworoom_icem_router_mp_rt0.10_tauown_t50_seed42.log	python -m surveyor.envs.tworoom.eval --solver icem --subgoal router+surveyor --gdm-ckpt gdm_tworoom_s10_gc_paired_e400v.pt --gdm-steps 50 --accept-tau 0.127 --receding-horizon 2 --mode long --goal-offset 50 --eval-budget 100 --h5 "$DATA/tworoom.h5" --source pretrained --encoder-id quentinll/lewm-tworooms --device cuda --eval-filter none --episode-min 4000 --goal-from-proprio --num-eval 64 --seed 42 --cem-seed 42 --probe-solver match --retire-tau 0.10
393	tworoom	icem_router_mp_rt0.10_tauown	50	43	logs/rbT_tworoom_icem_router_mp_rt0.10_tauown_t50_seed43.log	python -m surveyor.envs.tworoom.eval --solver icem --subgoal router+surveyor --gdm-ckpt gdm_tworoom_s10_gc_paired_e400v.pt --gdm-steps 50 --accept-tau 0.127 --receding-horizon 2 --mode long --goal-offset 50 --eval-budget 100 --h5 "$DATA/tworoom.h5" --source pretrained --encoder-id quentinll/lewm-tworooms --device cuda --eval-filter none --episode-min 4000 --goal-from-proprio --num-eval 64 --seed 43 --cem-seed 43 --probe-solver match --retire-tau 0.10
394	tworoom	icem_router_mp_rt0.10_tauown	50	44	logs/rbT_tworoom_icem_router_mp_rt0.10_tauown_t50_seed44.log	python -m surveyor.envs.tworoom.eval --solver icem --subgoal router+surveyor --gdm-ckpt gdm_tworoom_s10_gc_paired_e400v.pt --gdm-steps 50 --accept-tau 0.127 --receding-horizon 2 --mode long --goal-offset 50 --eval-budget 100 --h5 "$DATA/tworoom.h5" --source pretrained --encoder-id quentinll/lewm-tworooms --device cuda --eval-filter none --episode-min 4000 --goal-from-proprio --num-eval 64 --seed 44 --cem-seed 44 --probe-solver match --retire-tau 0.10
395	tworoom	icem_router_mp_rt0.10_tauown	50	45	logs/rbT_tworoom_icem_router_mp_rt0.10_tauown_t50_seed45.log	python -m surveyor.envs.tworoom.eval --solver icem --subgoal router+surveyor --gdm-ckpt gdm_tworoom_s10_gc_paired_e400v.pt --gdm-steps 50 --accept-tau 0.127 --receding-horizon 2 --mode long --goal-offset 50 --eval-budget 100 --h5 "$DATA/tworoom.h5" --source pretrained --encoder-id quentinll/lewm-tworooms --device cuda --eval-filter none --episode-min 4000 --goal-from-proprio --num-eval 64 --seed 45 --cem-seed 45 --probe-solver match --retire-tau 0.10
396	tworoom	icem_router_mp_rt0.10_tauown	50	46	logs/rbT_tworoom_icem_router_mp_rt0.10_tauown_t50_seed46.log	python -m surveyor.envs.tworoom.eval --solver icem --subgoal router+surveyor --gdm-ckpt gdm_tworoom_s10_gc_paired_e400v.pt --gdm-steps 50 --accept-tau 0.127 --receding-horizon 2 --mode long --goal-offset 50 --eval-budget 100 --h5 "$DATA/tworoom.h5" --source pretrained --encoder-id quentinll/lewm-tworooms --device cuda --eval-filter none --episode-min 4000 --goal-from-proprio --num-eval 64 --seed 46 --cem-seed 46 --probe-solver match --retire-tau 0.10
397	tworoom	icem_router_mp_rt0.10_tauown	50	47	logs/rbT_tworoom_icem_router_mp_rt0.10_tauown_t50_seed47.log	python -m surveyor.envs.tworoom.eval --solver icem --subgoal router+surveyor --gdm-ckpt gdm_tworoom_s10_gc_paired_e400v.pt --gdm-steps 50 --accept-tau 0.127 --receding-horizon 2 --mode long --goal-offset 50 --eval-budget 100 --h5 "$DATA/tworoom.h5" --source pretrained --encoder-id quentinll/lewm-tworooms --device cuda --eval-filter none --episode-min 4000 --goal-from-proprio --num-eval 64 --seed 47 --cem-seed 47 --probe-solver match --retire-tau 0.10
398	tworoom	icem_router_mp_rt0.10_tauown	50	48	logs/rbT_tworoom_icem_router_mp_rt0.10_tauown_t50_seed48.log	python -m surveyor.envs.tworoom.eval --solver icem --subgoal router+surveyor --gdm-ckpt gdm_tworoom_s10_gc_paired_e400v.pt --gdm-steps 50 --accept-tau 0.127 --receding-horizon 2 --mode long --goal-offset 50 --eval-budget 100 --h5 "$DATA/tworoom.h5" --source pretrained --encoder-id quentinll/lewm-tworooms --device cuda --eval-filter none --episode-min 4000 --goal-from-proprio --num-eval 64 --seed 48 --cem-seed 48 --probe-solver match --retire-tau 0.10
399	tworoom	icem_router_mp_rt0.10_tauown	50	49	logs/rbT_tworoom_icem_router_mp_rt0.10_tauown_t50_seed49.log	python -m surveyor.envs.tworoom.eval --solver icem --subgoal router+surveyor --gdm-ckpt gdm_tworoom_s10_gc_paired_e400v.pt --gdm-steps 50 --accept-tau 0.127 --receding-horizon 2 --mode long --goal-offset 50 --eval-budget 100 --h5 "$DATA/tworoom.h5" --source pretrained --encoder-id quentinll/lewm-tworooms --device cuda --eval-filter none --episode-min 4000 --goal-from-proprio --num-eval 64 --seed 49 --cem-seed 49 --probe-solver match --retire-tau 0.10
400	tworoom	icem_router_mp_rt0.10_tauown	75	42	logs/rbT_tworoom_icem_router_mp_rt0.10_tauown_t75_seed42.log	python -m surveyor.envs.tworoom.eval --solver icem --subgoal router+surveyor --gdm-ckpt gdm_tworoom_s10_gc_paired_e400v.pt --gdm-steps 50 --accept-tau 0.127 --receding-horizon 2 --mode long --goal-offset 75 --eval-budget 150 --h5 "$DATA/tworoom.h5" --source pretrained --encoder-id quentinll/lewm-tworooms --device cuda --eval-filter none --episode-min 4000 --goal-from-proprio --num-eval 64 --seed 42 --cem-seed 42 --probe-solver match --retire-tau 0.10
401	tworoom	icem_router_mp_rt0.10_tauown	75	43	logs/rbT_tworoom_icem_router_mp_rt0.10_tauown_t75_seed43.log	python -m surveyor.envs.tworoom.eval --solver icem --subgoal router+surveyor --gdm-ckpt gdm_tworoom_s10_gc_paired_e400v.pt --gdm-steps 50 --accept-tau 0.127 --receding-horizon 2 --mode long --goal-offset 75 --eval-budget 150 --h5 "$DATA/tworoom.h5" --source pretrained --encoder-id quentinll/lewm-tworooms --device cuda --eval-filter none --episode-min 4000 --goal-from-proprio --num-eval 64 --seed 43 --cem-seed 43 --probe-solver match --retire-tau 0.10
402	tworoom	icem_router_mp_rt0.10_tauown	75	44	logs/rbT_tworoom_icem_router_mp_rt0.10_tauown_t75_seed44.log	python -m surveyor.envs.tworoom.eval --solver icem --subgoal router+surveyor --gdm-ckpt gdm_tworoom_s10_gc_paired_e400v.pt --gdm-steps 50 --accept-tau 0.127 --receding-horizon 2 --mode long --goal-offset 75 --eval-budget 150 --h5 "$DATA/tworoom.h5" --source pretrained --encoder-id quentinll/lewm-tworooms --device cuda --eval-filter none --episode-min 4000 --goal-from-proprio --num-eval 64 --seed 44 --cem-seed 44 --probe-solver match --retire-tau 0.10
403	tworoom	icem_router_mp_rt0.10_tauown	75	45	logs/rbT_tworoom_icem_router_mp_rt0.10_tauown_t75_seed45.log	python -m surveyor.envs.tworoom.eval --solver icem --subgoal router+surveyor --gdm-ckpt gdm_tworoom_s10_gc_paired_e400v.pt --gdm-steps 50 --accept-tau 0.127 --receding-horizon 2 --mode long --goal-offset 75 --eval-budget 150 --h5 "$DATA/tworoom.h5" --source pretrained --encoder-id quentinll/lewm-tworooms --device cuda --eval-filter none --episode-min 4000 --goal-from-proprio --num-eval 64 --seed 45 --cem-seed 45 --probe-solver match --retire-tau 0.10
404	tworoom	icem_router_mp_rt0.10_tauown	75	46	logs/rbT_tworoom_icem_router_mp_rt0.10_tauown_t75_seed46.log	python -m surveyor.envs.tworoom.eval --solver icem --subgoal router+surveyor --gdm-ckpt gdm_tworoom_s10_gc_paired_e400v.pt --gdm-steps 50 --accept-tau 0.127 --receding-horizon 2 --mode long --goal-offset 75 --eval-budget 150 --h5 "$DATA/tworoom.h5" --source pretrained --encoder-id quentinll/lewm-tworooms --device cuda --eval-filter none --episode-min 4000 --goal-from-proprio --num-eval 64 --seed 46 --cem-seed 46 --probe-solver match --retire-tau 0.10
405	tworoom	icem_router_mp_rt0.10_tauown	75	47	logs/rbT_tworoom_icem_router_mp_rt0.10_tauown_t75_seed47.log	python -m surveyor.envs.tworoom.eval --solver icem --subgoal router+surveyor --gdm-ckpt gdm_tworoom_s10_gc_paired_e400v.pt --gdm-steps 50 --accept-tau 0.127 --receding-horizon 2 --mode long --goal-offset 75 --eval-budget 150 --h5 "$DATA/tworoom.h5" --source pretrained --encoder-id quentinll/lewm-tworooms --device cuda --eval-filter none --episode-min 4000 --goal-from-proprio --num-eval 64 --seed 47 --cem-seed 47 --probe-solver match --retire-tau 0.10
406	tworoom	icem_router_mp_rt0.10_tauown	75	48	logs/rbT_tworoom_icem_router_mp_rt0.10_tauown_t75_seed48.log	python -m surveyor.envs.tworoom.eval --solver icem --subgoal router+surveyor --gdm-ckpt gdm_tworoom_s10_gc_paired_e400v.pt --gdm-steps 50 --accept-tau 0.127 --receding-horizon 2 --mode long --goal-offset 75 --eval-budget 150 --h5 "$DATA/tworoom.h5" --source pretrained --encoder-id quentinll/lewm-tworooms --device cuda --eval-filter none --episode-min 4000 --goal-from-proprio --num-eval 64 --seed 48 --cem-seed 48 --probe-solver match --retire-tau 0.10
407	tworoom	icem_router_mp_rt0.10_tauown	75	49	logs/rbT_tworoom_icem_router_mp_rt0.10_tauown_t75_seed49.log	python -m surveyor.envs.tworoom.eval --solver icem --subgoal router+surveyor --gdm-ckpt gdm_tworoom_s10_gc_paired_e400v.pt --gdm-steps 50 --accept-tau 0.127 --receding-horizon 2 --mode long --goal-offset 75 --eval-budget 150 --h5 "$DATA/tworoom.h5" --source pretrained --encoder-id quentinll/lewm-tworooms --device cuda --eval-filter none --episode-min 4000 --goal-from-proprio --num-eval 64 --seed 49 --cem-seed 49 --probe-solver match --retire-tau 0.10
408	tworoom	icem_router_mp_tauown	25	42	logs/rbT_tworoom_icem_router_mp_tauown_t25_seed42.log	python -m surveyor.envs.tworoom.eval --solver icem --subgoal router+surveyor --gdm-ckpt gdm_tworoom_s10_gc_paired_e400v.pt --gdm-steps 50 --accept-tau 0.127 --receding-horizon 2 --mode long --goal-offset 25 --eval-budget 50 --h5 "$DATA/tworoom.h5" --source pretrained --encoder-id quentinll/lewm-tworooms --device cuda --eval-filter none --episode-min 4000 --goal-from-proprio --num-eval 64 --seed 42 --cem-seed 42 --probe-solver match
409	tworoom	icem_router_mp_tauown	25	43	logs/rbT_tworoom_icem_router_mp_tauown_t25_seed43.log	python -m surveyor.envs.tworoom.eval --solver icem --subgoal router+surveyor --gdm-ckpt gdm_tworoom_s10_gc_paired_e400v.pt --gdm-steps 50 --accept-tau 0.127 --receding-horizon 2 --mode long --goal-offset 25 --eval-budget 50 --h5 "$DATA/tworoom.h5" --source pretrained --encoder-id quentinll/lewm-tworooms --device cuda --eval-filter none --episode-min 4000 --goal-from-proprio --num-eval 64 --seed 43 --cem-seed 43 --probe-solver match
410	tworoom	icem_router_mp_tauown	25	44	logs/rbT_tworoom_icem_router_mp_tauown_t25_seed44.log	python -m surveyor.envs.tworoom.eval --solver icem --subgoal router+surveyor --gdm-ckpt gdm_tworoom_s10_gc_paired_e400v.pt --gdm-steps 50 --accept-tau 0.127 --receding-horizon 2 --mode long --goal-offset 25 --eval-budget 50 --h5 "$DATA/tworoom.h5" --source pretrained --encoder-id quentinll/lewm-tworooms --device cuda --eval-filter none --episode-min 4000 --goal-from-proprio --num-eval 64 --seed 44 --cem-seed 44 --probe-solver match
411	tworoom	icem_router_mp_tauown	25	45	logs/rbT_tworoom_icem_router_mp_tauown_t25_seed45.log	python -m surveyor.envs.tworoom.eval --solver icem --subgoal router+surveyor --gdm-ckpt gdm_tworoom_s10_gc_paired_e400v.pt --gdm-steps 50 --accept-tau 0.127 --receding-horizon 2 --mode long --goal-offset 25 --eval-budget 50 --h5 "$DATA/tworoom.h5" --source pretrained --encoder-id quentinll/lewm-tworooms --device cuda --eval-filter none --episode-min 4000 --goal-from-proprio --num-eval 64 --seed 45 --cem-seed 45 --probe-solver match
412	tworoom	icem_router_mp_tauown	25	46	logs/rbT_tworoom_icem_router_mp_tauown_t25_seed46.log	python -m surveyor.envs.tworoom.eval --solver icem --subgoal router+surveyor --gdm-ckpt gdm_tworoom_s10_gc_paired_e400v.pt --gdm-steps 50 --accept-tau 0.127 --receding-horizon 2 --mode long --goal-offset 25 --eval-budget 50 --h5 "$DATA/tworoom.h5" --source pretrained --encoder-id quentinll/lewm-tworooms --device cuda --eval-filter none --episode-min 4000 --goal-from-proprio --num-eval 64 --seed 46 --cem-seed 46 --probe-solver match
413	tworoom	icem_router_mp_tauown	25	47	logs/rbT_tworoom_icem_router_mp_tauown_t25_seed47.log	python -m surveyor.envs.tworoom.eval --solver icem --subgoal router+surveyor --gdm-ckpt gdm_tworoom_s10_gc_paired_e400v.pt --gdm-steps 50 --accept-tau 0.127 --receding-horizon 2 --mode long --goal-offset 25 --eval-budget 50 --h5 "$DATA/tworoom.h5" --source pretrained --encoder-id quentinll/lewm-tworooms --device cuda --eval-filter none --episode-min 4000 --goal-from-proprio --num-eval 64 --seed 47 --cem-seed 47 --probe-solver match
414	tworoom	icem_router_mp_tauown	25	48	logs/rbT_tworoom_icem_router_mp_tauown_t25_seed48.log	python -m surveyor.envs.tworoom.eval --solver icem --subgoal router+surveyor --gdm-ckpt gdm_tworoom_s10_gc_paired_e400v.pt --gdm-steps 50 --accept-tau 0.127 --receding-horizon 2 --mode long --goal-offset 25 --eval-budget 50 --h5 "$DATA/tworoom.h5" --source pretrained --encoder-id quentinll/lewm-tworooms --device cuda --eval-filter none --episode-min 4000 --goal-from-proprio --num-eval 64 --seed 48 --cem-seed 48 --probe-solver match
415	tworoom	icem_router_mp_tauown	25	49	logs/rbT_tworoom_icem_router_mp_tauown_t25_seed49.log	python -m surveyor.envs.tworoom.eval --solver icem --subgoal router+surveyor --gdm-ckpt gdm_tworoom_s10_gc_paired_e400v.pt --gdm-steps 50 --accept-tau 0.127 --receding-horizon 2 --mode long --goal-offset 25 --eval-budget 50 --h5 "$DATA/tworoom.h5" --source pretrained --encoder-id quentinll/lewm-tworooms --device cuda --eval-filter none --episode-min 4000 --goal-from-proprio --num-eval 64 --seed 49 --cem-seed 49 --probe-solver match
416	tworoom	icem_router_mp_tauown	50	42	logs/rbT_tworoom_icem_router_mp_tauown_t50_seed42.log	python -m surveyor.envs.tworoom.eval --solver icem --subgoal router+surveyor --gdm-ckpt gdm_tworoom_s10_gc_paired_e400v.pt --gdm-steps 50 --accept-tau 0.127 --receding-horizon 2 --mode long --goal-offset 50 --eval-budget 100 --h5 "$DATA/tworoom.h5" --source pretrained --encoder-id quentinll/lewm-tworooms --device cuda --eval-filter none --episode-min 4000 --goal-from-proprio --num-eval 64 --seed 42 --cem-seed 42 --probe-solver match
417	tworoom	icem_router_mp_tauown	50	43	logs/rbT_tworoom_icem_router_mp_tauown_t50_seed43.log	python -m surveyor.envs.tworoom.eval --solver icem --subgoal router+surveyor --gdm-ckpt gdm_tworoom_s10_gc_paired_e400v.pt --gdm-steps 50 --accept-tau 0.127 --receding-horizon 2 --mode long --goal-offset 50 --eval-budget 100 --h5 "$DATA/tworoom.h5" --source pretrained --encoder-id quentinll/lewm-tworooms --device cuda --eval-filter none --episode-min 4000 --goal-from-proprio --num-eval 64 --seed 43 --cem-seed 43 --probe-solver match
418	tworoom	icem_router_mp_tauown	50	44	logs/rbT_tworoom_icem_router_mp_tauown_t50_seed44.log	python -m surveyor.envs.tworoom.eval --solver icem --subgoal router+surveyor --gdm-ckpt gdm_tworoom_s10_gc_paired_e400v.pt --gdm-steps 50 --accept-tau 0.127 --receding-horizon 2 --mode long --goal-offset 50 --eval-budget 100 --h5 "$DATA/tworoom.h5" --source pretrained --encoder-id quentinll/lewm-tworooms --device cuda --eval-filter none --episode-min 4000 --goal-from-proprio --num-eval 64 --seed 44 --cem-seed 44 --probe-solver match
419	tworoom	icem_router_mp_tauown	50	45	logs/rbT_tworoom_icem_router_mp_tauown_t50_seed45.log	python -m surveyor.envs.tworoom.eval --solver icem --subgoal router+surveyor --gdm-ckpt gdm_tworoom_s10_gc_paired_e400v.pt --gdm-steps 50 --accept-tau 0.127 --receding-horizon 2 --mode long --goal-offset 50 --eval-budget 100 --h5 "$DATA/tworoom.h5" --source pretrained --encoder-id quentinll/lewm-tworooms --device cuda --eval-filter none --episode-min 4000 --goal-from-proprio --num-eval 64 --seed 45 --cem-seed 45 --probe-solver match
420	tworoom	icem_router_mp_tauown	50	46	logs/rbT_tworoom_icem_router_mp_tauown_t50_seed46.log	python -m surveyor.envs.tworoom.eval --solver icem --subgoal router+surveyor --gdm-ckpt gdm_tworoom_s10_gc_paired_e400v.pt --gdm-steps 50 --accept-tau 0.127 --receding-horizon 2 --mode long --goal-offset 50 --eval-budget 100 --h5 "$DATA/tworoom.h5" --source pretrained --encoder-id quentinll/lewm-tworooms --device cuda --eval-filter none --episode-min 4000 --goal-from-proprio --num-eval 64 --seed 46 --cem-seed 46 --probe-solver match
421	tworoom	icem_router_mp_tauown	50	47	logs/rbT_tworoom_icem_router_mp_tauown_t50_seed47.log	python -m surveyor.envs.tworoom.eval --solver icem --subgoal router+surveyor --gdm-ckpt gdm_tworoom_s10_gc_paired_e400v.pt --gdm-steps 50 --accept-tau 0.127 --receding-horizon 2 --mode long --goal-offset 50 --eval-budget 100 --h5 "$DATA/tworoom.h5" --source pretrained --encoder-id quentinll/lewm-tworooms --device cuda --eval-filter none --episode-min 4000 --goal-from-proprio --num-eval 64 --seed 47 --cem-seed 47 --probe-solver match
422	tworoom	icem_router_mp_tauown	50	48	logs/rbT_tworoom_icem_router_mp_tauown_t50_seed48.log	python -m surveyor.envs.tworoom.eval --solver icem --subgoal router+surveyor --gdm-ckpt gdm_tworoom_s10_gc_paired_e400v.pt --gdm-steps 50 --accept-tau 0.127 --receding-horizon 2 --mode long --goal-offset 50 --eval-budget 100 --h5 "$DATA/tworoom.h5" --source pretrained --encoder-id quentinll/lewm-tworooms --device cuda --eval-filter none --episode-min 4000 --goal-from-proprio --num-eval 64 --seed 48 --cem-seed 48 --probe-solver match
423	tworoom	icem_router_mp_tauown	50	49	logs/rbT_tworoom_icem_router_mp_tauown_t50_seed49.log	python -m surveyor.envs.tworoom.eval --solver icem --subgoal router+surveyor --gdm-ckpt gdm_tworoom_s10_gc_paired_e400v.pt --gdm-steps 50 --accept-tau 0.127 --receding-horizon 2 --mode long --goal-offset 50 --eval-budget 100 --h5 "$DATA/tworoom.h5" --source pretrained --encoder-id quentinll/lewm-tworooms --device cuda --eval-filter none --episode-min 4000 --goal-from-proprio --num-eval 64 --seed 49 --cem-seed 49 --probe-solver match
424	tworoom	icem_router_mp_tauown	75	42	logs/rbT_tworoom_icem_router_mp_tauown_t75_seed42.log	python -m surveyor.envs.tworoom.eval --solver icem --subgoal router+surveyor --gdm-ckpt gdm_tworoom_s10_gc_paired_e400v.pt --gdm-steps 50 --accept-tau 0.127 --receding-horizon 2 --mode long --goal-offset 75 --eval-budget 150 --h5 "$DATA/tworoom.h5" --source pretrained --encoder-id quentinll/lewm-tworooms --device cuda --eval-filter none --episode-min 4000 --goal-from-proprio --num-eval 64 --seed 42 --cem-seed 42 --probe-solver match
425	tworoom	icem_router_mp_tauown	75	43	logs/rbT_tworoom_icem_router_mp_tauown_t75_seed43.log	python -m surveyor.envs.tworoom.eval --solver icem --subgoal router+surveyor --gdm-ckpt gdm_tworoom_s10_gc_paired_e400v.pt --gdm-steps 50 --accept-tau 0.127 --receding-horizon 2 --mode long --goal-offset 75 --eval-budget 150 --h5 "$DATA/tworoom.h5" --source pretrained --encoder-id quentinll/lewm-tworooms --device cuda --eval-filter none --episode-min 4000 --goal-from-proprio --num-eval 64 --seed 43 --cem-seed 43 --probe-solver match
426	tworoom	icem_router_mp_tauown	75	44	logs/rbT_tworoom_icem_router_mp_tauown_t75_seed44.log	python -m surveyor.envs.tworoom.eval --solver icem --subgoal router+surveyor --gdm-ckpt gdm_tworoom_s10_gc_paired_e400v.pt --gdm-steps 50 --accept-tau 0.127 --receding-horizon 2 --mode long --goal-offset 75 --eval-budget 150 --h5 "$DATA/tworoom.h5" --source pretrained --encoder-id quentinll/lewm-tworooms --device cuda --eval-filter none --episode-min 4000 --goal-from-proprio --num-eval 64 --seed 44 --cem-seed 44 --probe-solver match
427	tworoom	icem_router_mp_tauown	75	45	logs/rbT_tworoom_icem_router_mp_tauown_t75_seed45.log	python -m surveyor.envs.tworoom.eval --solver icem --subgoal router+surveyor --gdm-ckpt gdm_tworoom_s10_gc_paired_e400v.pt --gdm-steps 50 --accept-tau 0.127 --receding-horizon 2 --mode long --goal-offset 75 --eval-budget 150 --h5 "$DATA/tworoom.h5" --source pretrained --encoder-id quentinll/lewm-tworooms --device cuda --eval-filter none --episode-min 4000 --goal-from-proprio --num-eval 64 --seed 45 --cem-seed 45 --probe-solver match
428	tworoom	icem_router_mp_tauown	75	46	logs/rbT_tworoom_icem_router_mp_tauown_t75_seed46.log	python -m surveyor.envs.tworoom.eval --solver icem --subgoal router+surveyor --gdm-ckpt gdm_tworoom_s10_gc_paired_e400v.pt --gdm-steps 50 --accept-tau 0.127 --receding-horizon 2 --mode long --goal-offset 75 --eval-budget 150 --h5 "$DATA/tworoom.h5" --source pretrained --encoder-id quentinll/lewm-tworooms --device cuda --eval-filter none --episode-min 4000 --goal-from-proprio --num-eval 64 --seed 46 --cem-seed 46 --probe-solver match
429	tworoom	icem_router_mp_tauown	75	47	logs/rbT_tworoom_icem_router_mp_tauown_t75_seed47.log	python -m surveyor.envs.tworoom.eval --solver icem --subgoal router+surveyor --gdm-ckpt gdm_tworoom_s10_gc_paired_e400v.pt --gdm-steps 50 --accept-tau 0.127 --receding-horizon 2 --mode long --goal-offset 75 --eval-budget 150 --h5 "$DATA/tworoom.h5" --source pretrained --encoder-id quentinll/lewm-tworooms --device cuda --eval-filter none --episode-min 4000 --goal-from-proprio --num-eval 64 --seed 47 --cem-seed 47 --probe-solver match
430	tworoom	icem_router_mp_tauown	75	48	logs/rbT_tworoom_icem_router_mp_tauown_t75_seed48.log	python -m surveyor.envs.tworoom.eval --solver icem --subgoal router+surveyor --gdm-ckpt gdm_tworoom_s10_gc_paired_e400v.pt --gdm-steps 50 --accept-tau 0.127 --receding-horizon 2 --mode long --goal-offset 75 --eval-budget 150 --h5 "$DATA/tworoom.h5" --source pretrained --encoder-id quentinll/lewm-tworooms --device cuda --eval-filter none --episode-min 4000 --goal-from-proprio --num-eval 64 --seed 48 --cem-seed 48 --probe-solver match
431	tworoom	icem_router_mp_tauown	75	49	logs/rbT_tworoom_icem_router_mp_tauown_t75_seed49.log	python -m surveyor.envs.tworoom.eval --solver icem --subgoal router+surveyor --gdm-ckpt gdm_tworoom_s10_gc_paired_e400v.pt --gdm-steps 50 --accept-tau 0.127 --receding-horizon 2 --mode long --goal-offset 75 --eval-budget 150 --h5 "$DATA/tworoom.h5" --source pretrained --encoder-id quentinll/lewm-tworooms --device cuda --eval-filter none --episode-min 4000 --goal-from-proprio --num-eval 64 --seed 49 --cem-seed 49 --probe-solver match
432	tworoom	icem_router_rt0.10_tauown	25	42	logs/rbT_tworoom_icem_router_rt0.10_tauown_t25_seed42.log	python -m surveyor.envs.tworoom.eval --solver icem --subgoal router+surveyor --gdm-ckpt gdm_tworoom_s10_gc_paired_e400v.pt --gdm-steps 50 --accept-tau 0.127 --receding-horizon 2 --mode long --goal-offset 25 --eval-budget 50 --h5 "$DATA/tworoom.h5" --source pretrained --encoder-id quentinll/lewm-tworooms --device cuda --eval-filter none --episode-min 4000 --goal-from-proprio --num-eval 64 --seed 42 --cem-seed 42 --retire-tau 0.10
433	tworoom	icem_router_rt0.10_tauown	25	43	logs/rbT_tworoom_icem_router_rt0.10_tauown_t25_seed43.log	python -m surveyor.envs.tworoom.eval --solver icem --subgoal router+surveyor --gdm-ckpt gdm_tworoom_s10_gc_paired_e400v.pt --gdm-steps 50 --accept-tau 0.127 --receding-horizon 2 --mode long --goal-offset 25 --eval-budget 50 --h5 "$DATA/tworoom.h5" --source pretrained --encoder-id quentinll/lewm-tworooms --device cuda --eval-filter none --episode-min 4000 --goal-from-proprio --num-eval 64 --seed 43 --cem-seed 43 --retire-tau 0.10
434	tworoom	icem_router_rt0.10_tauown	25	44	logs/rbT_tworoom_icem_router_rt0.10_tauown_t25_seed44.log	python -m surveyor.envs.tworoom.eval --solver icem --subgoal router+surveyor --gdm-ckpt gdm_tworoom_s10_gc_paired_e400v.pt --gdm-steps 50 --accept-tau 0.127 --receding-horizon 2 --mode long --goal-offset 25 --eval-budget 50 --h5 "$DATA/tworoom.h5" --source pretrained --encoder-id quentinll/lewm-tworooms --device cuda --eval-filter none --episode-min 4000 --goal-from-proprio --num-eval 64 --seed 44 --cem-seed 44 --retire-tau 0.10
435	tworoom	icem_router_rt0.10_tauown	25	45	logs/rbT_tworoom_icem_router_rt0.10_tauown_t25_seed45.log	python -m surveyor.envs.tworoom.eval --solver icem --subgoal router+surveyor --gdm-ckpt gdm_tworoom_s10_gc_paired_e400v.pt --gdm-steps 50 --accept-tau 0.127 --receding-horizon 2 --mode long --goal-offset 25 --eval-budget 50 --h5 "$DATA/tworoom.h5" --source pretrained --encoder-id quentinll/lewm-tworooms --device cuda --eval-filter none --episode-min 4000 --goal-from-proprio --num-eval 64 --seed 45 --cem-seed 45 --retire-tau 0.10
436	tworoom	icem_router_rt0.10_tauown	25	46	logs/rbT_tworoom_icem_router_rt0.10_tauown_t25_seed46.log	python -m surveyor.envs.tworoom.eval --solver icem --subgoal router+surveyor --gdm-ckpt gdm_tworoom_s10_gc_paired_e400v.pt --gdm-steps 50 --accept-tau 0.127 --receding-horizon 2 --mode long --goal-offset 25 --eval-budget 50 --h5 "$DATA/tworoom.h5" --source pretrained --encoder-id quentinll/lewm-tworooms --device cuda --eval-filter none --episode-min 4000 --goal-from-proprio --num-eval 64 --seed 46 --cem-seed 46 --retire-tau 0.10
437	tworoom	icem_router_rt0.10_tauown	25	47	logs/rbT_tworoom_icem_router_rt0.10_tauown_t25_seed47.log	python -m surveyor.envs.tworoom.eval --solver icem --subgoal router+surveyor --gdm-ckpt gdm_tworoom_s10_gc_paired_e400v.pt --gdm-steps 50 --accept-tau 0.127 --receding-horizon 2 --mode long --goal-offset 25 --eval-budget 50 --h5 "$DATA/tworoom.h5" --source pretrained --encoder-id quentinll/lewm-tworooms --device cuda --eval-filter none --episode-min 4000 --goal-from-proprio --num-eval 64 --seed 47 --cem-seed 47 --retire-tau 0.10
438	tworoom	icem_router_rt0.10_tauown	25	48	logs/rbT_tworoom_icem_router_rt0.10_tauown_t25_seed48.log	python -m surveyor.envs.tworoom.eval --solver icem --subgoal router+surveyor --gdm-ckpt gdm_tworoom_s10_gc_paired_e400v.pt --gdm-steps 50 --accept-tau 0.127 --receding-horizon 2 --mode long --goal-offset 25 --eval-budget 50 --h5 "$DATA/tworoom.h5" --source pretrained --encoder-id quentinll/lewm-tworooms --device cuda --eval-filter none --episode-min 4000 --goal-from-proprio --num-eval 64 --seed 48 --cem-seed 48 --retire-tau 0.10
439	tworoom	icem_router_rt0.10_tauown	25	49	logs/rbT_tworoom_icem_router_rt0.10_tauown_t25_seed49.log	python -m surveyor.envs.tworoom.eval --solver icem --subgoal router+surveyor --gdm-ckpt gdm_tworoom_s10_gc_paired_e400v.pt --gdm-steps 50 --accept-tau 0.127 --receding-horizon 2 --mode long --goal-offset 25 --eval-budget 50 --h5 "$DATA/tworoom.h5" --source pretrained --encoder-id quentinll/lewm-tworooms --device cuda --eval-filter none --episode-min 4000 --goal-from-proprio --num-eval 64 --seed 49 --cem-seed 49 --retire-tau 0.10
440	tworoom	icem_router_rt0.10_tauown	50	42	logs/rbT_tworoom_icem_router_rt0.10_tauown_t50_seed42.log	python -m surveyor.envs.tworoom.eval --solver icem --subgoal router+surveyor --gdm-ckpt gdm_tworoom_s10_gc_paired_e400v.pt --gdm-steps 50 --accept-tau 0.127 --receding-horizon 2 --mode long --goal-offset 50 --eval-budget 100 --h5 "$DATA/tworoom.h5" --source pretrained --encoder-id quentinll/lewm-tworooms --device cuda --eval-filter none --episode-min 4000 --goal-from-proprio --num-eval 64 --seed 42 --cem-seed 42 --retire-tau 0.10
441	tworoom	icem_router_rt0.10_tauown	50	43	logs/rbT_tworoom_icem_router_rt0.10_tauown_t50_seed43.log	python -m surveyor.envs.tworoom.eval --solver icem --subgoal router+surveyor --gdm-ckpt gdm_tworoom_s10_gc_paired_e400v.pt --gdm-steps 50 --accept-tau 0.127 --receding-horizon 2 --mode long --goal-offset 50 --eval-budget 100 --h5 "$DATA/tworoom.h5" --source pretrained --encoder-id quentinll/lewm-tworooms --device cuda --eval-filter none --episode-min 4000 --goal-from-proprio --num-eval 64 --seed 43 --cem-seed 43 --retire-tau 0.10
442	tworoom	icem_router_rt0.10_tauown	50	44	logs/rbT_tworoom_icem_router_rt0.10_tauown_t50_seed44.log	python -m surveyor.envs.tworoom.eval --solver icem --subgoal router+surveyor --gdm-ckpt gdm_tworoom_s10_gc_paired_e400v.pt --gdm-steps 50 --accept-tau 0.127 --receding-horizon 2 --mode long --goal-offset 50 --eval-budget 100 --h5 "$DATA/tworoom.h5" --source pretrained --encoder-id quentinll/lewm-tworooms --device cuda --eval-filter none --episode-min 4000 --goal-from-proprio --num-eval 64 --seed 44 --cem-seed 44 --retire-tau 0.10
443	tworoom	icem_router_rt0.10_tauown	50	45	logs/rbT_tworoom_icem_router_rt0.10_tauown_t50_seed45.log	python -m surveyor.envs.tworoom.eval --solver icem --subgoal router+surveyor --gdm-ckpt gdm_tworoom_s10_gc_paired_e400v.pt --gdm-steps 50 --accept-tau 0.127 --receding-horizon 2 --mode long --goal-offset 50 --eval-budget 100 --h5 "$DATA/tworoom.h5" --source pretrained --encoder-id quentinll/lewm-tworooms --device cuda --eval-filter none --episode-min 4000 --goal-from-proprio --num-eval 64 --seed 45 --cem-seed 45 --retire-tau 0.10
444	tworoom	icem_router_rt0.10_tauown	50	46	logs/rbT_tworoom_icem_router_rt0.10_tauown_t50_seed46.log	python -m surveyor.envs.tworoom.eval --solver icem --subgoal router+surveyor --gdm-ckpt gdm_tworoom_s10_gc_paired_e400v.pt --gdm-steps 50 --accept-tau 0.127 --receding-horizon 2 --mode long --goal-offset 50 --eval-budget 100 --h5 "$DATA/tworoom.h5" --source pretrained --encoder-id quentinll/lewm-tworooms --device cuda --eval-filter none --episode-min 4000 --goal-from-proprio --num-eval 64 --seed 46 --cem-seed 46 --retire-tau 0.10
445	tworoom	icem_router_rt0.10_tauown	50	47	logs/rbT_tworoom_icem_router_rt0.10_tauown_t50_seed47.log	python -m surveyor.envs.tworoom.eval --solver icem --subgoal router+surveyor --gdm-ckpt gdm_tworoom_s10_gc_paired_e400v.pt --gdm-steps 50 --accept-tau 0.127 --receding-horizon 2 --mode long --goal-offset 50 --eval-budget 100 --h5 "$DATA/tworoom.h5" --source pretrained --encoder-id quentinll/lewm-tworooms --device cuda --eval-filter none --episode-min 4000 --goal-from-proprio --num-eval 64 --seed 47 --cem-seed 47 --retire-tau 0.10
446	tworoom	icem_router_rt0.10_tauown	50	48	logs/rbT_tworoom_icem_router_rt0.10_tauown_t50_seed48.log	python -m surveyor.envs.tworoom.eval --solver icem --subgoal router+surveyor --gdm-ckpt gdm_tworoom_s10_gc_paired_e400v.pt --gdm-steps 50 --accept-tau 0.127 --receding-horizon 2 --mode long --goal-offset 50 --eval-budget 100 --h5 "$DATA/tworoom.h5" --source pretrained --encoder-id quentinll/lewm-tworooms --device cuda --eval-filter none --episode-min 4000 --goal-from-proprio --num-eval 64 --seed 48 --cem-seed 48 --retire-tau 0.10
447	tworoom	icem_router_rt0.10_tauown	50	49	logs/rbT_tworoom_icem_router_rt0.10_tauown_t50_seed49.log	python -m surveyor.envs.tworoom.eval --solver icem --subgoal router+surveyor --gdm-ckpt gdm_tworoom_s10_gc_paired_e400v.pt --gdm-steps 50 --accept-tau 0.127 --receding-horizon 2 --mode long --goal-offset 50 --eval-budget 100 --h5 "$DATA/tworoom.h5" --source pretrained --encoder-id quentinll/lewm-tworooms --device cuda --eval-filter none --episode-min 4000 --goal-from-proprio --num-eval 64 --seed 49 --cem-seed 49 --retire-tau 0.10
448	tworoom	icem_router_rt0.10_tauown	75	42	logs/rbT_tworoom_icem_router_rt0.10_tauown_t75_seed42.log	python -m surveyor.envs.tworoom.eval --solver icem --subgoal router+surveyor --gdm-ckpt gdm_tworoom_s10_gc_paired_e400v.pt --gdm-steps 50 --accept-tau 0.127 --receding-horizon 2 --mode long --goal-offset 75 --eval-budget 150 --h5 "$DATA/tworoom.h5" --source pretrained --encoder-id quentinll/lewm-tworooms --device cuda --eval-filter none --episode-min 4000 --goal-from-proprio --num-eval 64 --seed 42 --cem-seed 42 --retire-tau 0.10
449	tworoom	icem_router_rt0.10_tauown	75	43	logs/rbT_tworoom_icem_router_rt0.10_tauown_t75_seed43.log	python -m surveyor.envs.tworoom.eval --solver icem --subgoal router+surveyor --gdm-ckpt gdm_tworoom_s10_gc_paired_e400v.pt --gdm-steps 50 --accept-tau 0.127 --receding-horizon 2 --mode long --goal-offset 75 --eval-budget 150 --h5 "$DATA/tworoom.h5" --source pretrained --encoder-id quentinll/lewm-tworooms --device cuda --eval-filter none --episode-min 4000 --goal-from-proprio --num-eval 64 --seed 43 --cem-seed 43 --retire-tau 0.10
450	tworoom	icem_router_rt0.10_tauown	75	44	logs/rbT_tworoom_icem_router_rt0.10_tauown_t75_seed44.log	python -m surveyor.envs.tworoom.eval --solver icem --subgoal router+surveyor --gdm-ckpt gdm_tworoom_s10_gc_paired_e400v.pt --gdm-steps 50 --accept-tau 0.127 --receding-horizon 2 --mode long --goal-offset 75 --eval-budget 150 --h5 "$DATA/tworoom.h5" --source pretrained --encoder-id quentinll/lewm-tworooms --device cuda --eval-filter none --episode-min 4000 --goal-from-proprio --num-eval 64 --seed 44 --cem-seed 44 --retire-tau 0.10
451	tworoom	icem_router_rt0.10_tauown	75	45	logs/rbT_tworoom_icem_router_rt0.10_tauown_t75_seed45.log	python -m surveyor.envs.tworoom.eval --solver icem --subgoal router+surveyor --gdm-ckpt gdm_tworoom_s10_gc_paired_e400v.pt --gdm-steps 50 --accept-tau 0.127 --receding-horizon 2 --mode long --goal-offset 75 --eval-budget 150 --h5 "$DATA/tworoom.h5" --source pretrained --encoder-id quentinll/lewm-tworooms --device cuda --eval-filter none --episode-min 4000 --goal-from-proprio --num-eval 64 --seed 45 --cem-seed 45 --retire-tau 0.10
452	tworoom	icem_router_rt0.10_tauown	75	46	logs/rbT_tworoom_icem_router_rt0.10_tauown_t75_seed46.log	python -m surveyor.envs.tworoom.eval --solver icem --subgoal router+surveyor --gdm-ckpt gdm_tworoom_s10_gc_paired_e400v.pt --gdm-steps 50 --accept-tau 0.127 --receding-horizon 2 --mode long --goal-offset 75 --eval-budget 150 --h5 "$DATA/tworoom.h5" --source pretrained --encoder-id quentinll/lewm-tworooms --device cuda --eval-filter none --episode-min 4000 --goal-from-proprio --num-eval 64 --seed 46 --cem-seed 46 --retire-tau 0.10
453	tworoom	icem_router_rt0.10_tauown	75	47	logs/rbT_tworoom_icem_router_rt0.10_tauown_t75_seed47.log	python -m surveyor.envs.tworoom.eval --solver icem --subgoal router+surveyor --gdm-ckpt gdm_tworoom_s10_gc_paired_e400v.pt --gdm-steps 50 --accept-tau 0.127 --receding-horizon 2 --mode long --goal-offset 75 --eval-budget 150 --h5 "$DATA/tworoom.h5" --source pretrained --encoder-id quentinll/lewm-tworooms --device cuda --eval-filter none --episode-min 4000 --goal-from-proprio --num-eval 64 --seed 47 --cem-seed 47 --retire-tau 0.10
454	tworoom	icem_router_rt0.10_tauown	75	48	logs/rbT_tworoom_icem_router_rt0.10_tauown_t75_seed48.log	python -m surveyor.envs.tworoom.eval --solver icem --subgoal router+surveyor --gdm-ckpt gdm_tworoom_s10_gc_paired_e400v.pt --gdm-steps 50 --accept-tau 0.127 --receding-horizon 2 --mode long --goal-offset 75 --eval-budget 150 --h5 "$DATA/tworoom.h5" --source pretrained --encoder-id quentinll/lewm-tworooms --device cuda --eval-filter none --episode-min 4000 --goal-from-proprio --num-eval 64 --seed 48 --cem-seed 48 --retire-tau 0.10
455	tworoom	icem_router_rt0.10_tauown	75	49	logs/rbT_tworoom_icem_router_rt0.10_tauown_t75_seed49.log	python -m surveyor.envs.tworoom.eval --solver icem --subgoal router+surveyor --gdm-ckpt gdm_tworoom_s10_gc_paired_e400v.pt --gdm-steps 50 --accept-tau 0.127 --receding-horizon 2 --mode long --goal-offset 75 --eval-budget 150 --h5 "$DATA/tworoom.h5" --source pretrained --encoder-id quentinll/lewm-tworooms --device cuda --eval-filter none --episode-min 4000 --goal-from-proprio --num-eval 64 --seed 49 --cem-seed 49 --retire-tau 0.10
456	tworoom	mppi_router_mp_rt0.10_tauown	25	42	logs/rbT_tworoom_mppi_router_mp_rt0.10_tauown_t25_seed42.log	python -m surveyor.envs.tworoom.eval --solver mppi --subgoal router+surveyor --gdm-ckpt gdm_tworoom_s10_gc_paired_e400v.pt --gdm-steps 50 --accept-tau 0.127 --receding-horizon 2 --mode long --goal-offset 25 --eval-budget 50 --h5 "$DATA/tworoom.h5" --source pretrained --encoder-id quentinll/lewm-tworooms --device cuda --eval-filter none --episode-min 4000 --goal-from-proprio --num-eval 64 --seed 42 --cem-seed 42 --probe-solver match --retire-tau 0.10
457	tworoom	mppi_router_mp_rt0.10_tauown	25	43	logs/rbT_tworoom_mppi_router_mp_rt0.10_tauown_t25_seed43.log	python -m surveyor.envs.tworoom.eval --solver mppi --subgoal router+surveyor --gdm-ckpt gdm_tworoom_s10_gc_paired_e400v.pt --gdm-steps 50 --accept-tau 0.127 --receding-horizon 2 --mode long --goal-offset 25 --eval-budget 50 --h5 "$DATA/tworoom.h5" --source pretrained --encoder-id quentinll/lewm-tworooms --device cuda --eval-filter none --episode-min 4000 --goal-from-proprio --num-eval 64 --seed 43 --cem-seed 43 --probe-solver match --retire-tau 0.10
458	tworoom	mppi_router_mp_rt0.10_tauown	25	44	logs/rbT_tworoom_mppi_router_mp_rt0.10_tauown_t25_seed44.log	python -m surveyor.envs.tworoom.eval --solver mppi --subgoal router+surveyor --gdm-ckpt gdm_tworoom_s10_gc_paired_e400v.pt --gdm-steps 50 --accept-tau 0.127 --receding-horizon 2 --mode long --goal-offset 25 --eval-budget 50 --h5 "$DATA/tworoom.h5" --source pretrained --encoder-id quentinll/lewm-tworooms --device cuda --eval-filter none --episode-min 4000 --goal-from-proprio --num-eval 64 --seed 44 --cem-seed 44 --probe-solver match --retire-tau 0.10
459	tworoom	mppi_router_mp_rt0.10_tauown	25	45	logs/rbT_tworoom_mppi_router_mp_rt0.10_tauown_t25_seed45.log	python -m surveyor.envs.tworoom.eval --solver mppi --subgoal router+surveyor --gdm-ckpt gdm_tworoom_s10_gc_paired_e400v.pt --gdm-steps 50 --accept-tau 0.127 --receding-horizon 2 --mode long --goal-offset 25 --eval-budget 50 --h5 "$DATA/tworoom.h5" --source pretrained --encoder-id quentinll/lewm-tworooms --device cuda --eval-filter none --episode-min 4000 --goal-from-proprio --num-eval 64 --seed 45 --cem-seed 45 --probe-solver match --retire-tau 0.10
460	tworoom	mppi_router_mp_rt0.10_tauown	25	46	logs/rbT_tworoom_mppi_router_mp_rt0.10_tauown_t25_seed46.log	python -m surveyor.envs.tworoom.eval --solver mppi --subgoal router+surveyor --gdm-ckpt gdm_tworoom_s10_gc_paired_e400v.pt --gdm-steps 50 --accept-tau 0.127 --receding-horizon 2 --mode long --goal-offset 25 --eval-budget 50 --h5 "$DATA/tworoom.h5" --source pretrained --encoder-id quentinll/lewm-tworooms --device cuda --eval-filter none --episode-min 4000 --goal-from-proprio --num-eval 64 --seed 46 --cem-seed 46 --probe-solver match --retire-tau 0.10
461	tworoom	mppi_router_mp_rt0.10_tauown	25	47	logs/rbT_tworoom_mppi_router_mp_rt0.10_tauown_t25_seed47.log	python -m surveyor.envs.tworoom.eval --solver mppi --subgoal router+surveyor --gdm-ckpt gdm_tworoom_s10_gc_paired_e400v.pt --gdm-steps 50 --accept-tau 0.127 --receding-horizon 2 --mode long --goal-offset 25 --eval-budget 50 --h5 "$DATA/tworoom.h5" --source pretrained --encoder-id quentinll/lewm-tworooms --device cuda --eval-filter none --episode-min 4000 --goal-from-proprio --num-eval 64 --seed 47 --cem-seed 47 --probe-solver match --retire-tau 0.10
462	tworoom	mppi_router_mp_rt0.10_tauown	25	48	logs/rbT_tworoom_mppi_router_mp_rt0.10_tauown_t25_seed48.log	python -m surveyor.envs.tworoom.eval --solver mppi --subgoal router+surveyor --gdm-ckpt gdm_tworoom_s10_gc_paired_e400v.pt --gdm-steps 50 --accept-tau 0.127 --receding-horizon 2 --mode long --goal-offset 25 --eval-budget 50 --h5 "$DATA/tworoom.h5" --source pretrained --encoder-id quentinll/lewm-tworooms --device cuda --eval-filter none --episode-min 4000 --goal-from-proprio --num-eval 64 --seed 48 --cem-seed 48 --probe-solver match --retire-tau 0.10
463	tworoom	mppi_router_mp_rt0.10_tauown	25	49	logs/rbT_tworoom_mppi_router_mp_rt0.10_tauown_t25_seed49.log	python -m surveyor.envs.tworoom.eval --solver mppi --subgoal router+surveyor --gdm-ckpt gdm_tworoom_s10_gc_paired_e400v.pt --gdm-steps 50 --accept-tau 0.127 --receding-horizon 2 --mode long --goal-offset 25 --eval-budget 50 --h5 "$DATA/tworoom.h5" --source pretrained --encoder-id quentinll/lewm-tworooms --device cuda --eval-filter none --episode-min 4000 --goal-from-proprio --num-eval 64 --seed 49 --cem-seed 49 --probe-solver match --retire-tau 0.10
464	tworoom	mppi_router_mp_rt0.10_tauown	50	42	logs/rbT_tworoom_mppi_router_mp_rt0.10_tauown_t50_seed42.log	python -m surveyor.envs.tworoom.eval --solver mppi --subgoal router+surveyor --gdm-ckpt gdm_tworoom_s10_gc_paired_e400v.pt --gdm-steps 50 --accept-tau 0.127 --receding-horizon 2 --mode long --goal-offset 50 --eval-budget 100 --h5 "$DATA/tworoom.h5" --source pretrained --encoder-id quentinll/lewm-tworooms --device cuda --eval-filter none --episode-min 4000 --goal-from-proprio --num-eval 64 --seed 42 --cem-seed 42 --probe-solver match --retire-tau 0.10
465	tworoom	mppi_router_mp_rt0.10_tauown	50	43	logs/rbT_tworoom_mppi_router_mp_rt0.10_tauown_t50_seed43.log	python -m surveyor.envs.tworoom.eval --solver mppi --subgoal router+surveyor --gdm-ckpt gdm_tworoom_s10_gc_paired_e400v.pt --gdm-steps 50 --accept-tau 0.127 --receding-horizon 2 --mode long --goal-offset 50 --eval-budget 100 --h5 "$DATA/tworoom.h5" --source pretrained --encoder-id quentinll/lewm-tworooms --device cuda --eval-filter none --episode-min 4000 --goal-from-proprio --num-eval 64 --seed 43 --cem-seed 43 --probe-solver match --retire-tau 0.10
466	tworoom	mppi_router_mp_rt0.10_tauown	50	44	logs/rbT_tworoom_mppi_router_mp_rt0.10_tauown_t50_seed44.log	python -m surveyor.envs.tworoom.eval --solver mppi --subgoal router+surveyor --gdm-ckpt gdm_tworoom_s10_gc_paired_e400v.pt --gdm-steps 50 --accept-tau 0.127 --receding-horizon 2 --mode long --goal-offset 50 --eval-budget 100 --h5 "$DATA/tworoom.h5" --source pretrained --encoder-id quentinll/lewm-tworooms --device cuda --eval-filter none --episode-min 4000 --goal-from-proprio --num-eval 64 --seed 44 --cem-seed 44 --probe-solver match --retire-tau 0.10
467	tworoom	mppi_router_mp_rt0.10_tauown	50	45	logs/rbT_tworoom_mppi_router_mp_rt0.10_tauown_t50_seed45.log	python -m surveyor.envs.tworoom.eval --solver mppi --subgoal router+surveyor --gdm-ckpt gdm_tworoom_s10_gc_paired_e400v.pt --gdm-steps 50 --accept-tau 0.127 --receding-horizon 2 --mode long --goal-offset 50 --eval-budget 100 --h5 "$DATA/tworoom.h5" --source pretrained --encoder-id quentinll/lewm-tworooms --device cuda --eval-filter none --episode-min 4000 --goal-from-proprio --num-eval 64 --seed 45 --cem-seed 45 --probe-solver match --retire-tau 0.10
468	tworoom	mppi_router_mp_rt0.10_tauown	50	46	logs/rbT_tworoom_mppi_router_mp_rt0.10_tauown_t50_seed46.log	python -m surveyor.envs.tworoom.eval --solver mppi --subgoal router+surveyor --gdm-ckpt gdm_tworoom_s10_gc_paired_e400v.pt --gdm-steps 50 --accept-tau 0.127 --receding-horizon 2 --mode long --goal-offset 50 --eval-budget 100 --h5 "$DATA/tworoom.h5" --source pretrained --encoder-id quentinll/lewm-tworooms --device cuda --eval-filter none --episode-min 4000 --goal-from-proprio --num-eval 64 --seed 46 --cem-seed 46 --probe-solver match --retire-tau 0.10
469	tworoom	mppi_router_mp_rt0.10_tauown	50	47	logs/rbT_tworoom_mppi_router_mp_rt0.10_tauown_t50_seed47.log	python -m surveyor.envs.tworoom.eval --solver mppi --subgoal router+surveyor --gdm-ckpt gdm_tworoom_s10_gc_paired_e400v.pt --gdm-steps 50 --accept-tau 0.127 --receding-horizon 2 --mode long --goal-offset 50 --eval-budget 100 --h5 "$DATA/tworoom.h5" --source pretrained --encoder-id quentinll/lewm-tworooms --device cuda --eval-filter none --episode-min 4000 --goal-from-proprio --num-eval 64 --seed 47 --cem-seed 47 --probe-solver match --retire-tau 0.10
470	tworoom	mppi_router_mp_rt0.10_tauown	50	48	logs/rbT_tworoom_mppi_router_mp_rt0.10_tauown_t50_seed48.log	python -m surveyor.envs.tworoom.eval --solver mppi --subgoal router+surveyor --gdm-ckpt gdm_tworoom_s10_gc_paired_e400v.pt --gdm-steps 50 --accept-tau 0.127 --receding-horizon 2 --mode long --goal-offset 50 --eval-budget 100 --h5 "$DATA/tworoom.h5" --source pretrained --encoder-id quentinll/lewm-tworooms --device cuda --eval-filter none --episode-min 4000 --goal-from-proprio --num-eval 64 --seed 48 --cem-seed 48 --probe-solver match --retire-tau 0.10
471	tworoom	mppi_router_mp_rt0.10_tauown	50	49	logs/rbT_tworoom_mppi_router_mp_rt0.10_tauown_t50_seed49.log	python -m surveyor.envs.tworoom.eval --solver mppi --subgoal router+surveyor --gdm-ckpt gdm_tworoom_s10_gc_paired_e400v.pt --gdm-steps 50 --accept-tau 0.127 --receding-horizon 2 --mode long --goal-offset 50 --eval-budget 100 --h5 "$DATA/tworoom.h5" --source pretrained --encoder-id quentinll/lewm-tworooms --device cuda --eval-filter none --episode-min 4000 --goal-from-proprio --num-eval 64 --seed 49 --cem-seed 49 --probe-solver match --retire-tau 0.10
472	tworoom	mppi_router_mp_rt0.10_tauown	75	42	logs/rbT_tworoom_mppi_router_mp_rt0.10_tauown_t75_seed42.log	python -m surveyor.envs.tworoom.eval --solver mppi --subgoal router+surveyor --gdm-ckpt gdm_tworoom_s10_gc_paired_e400v.pt --gdm-steps 50 --accept-tau 0.127 --receding-horizon 2 --mode long --goal-offset 75 --eval-budget 150 --h5 "$DATA/tworoom.h5" --source pretrained --encoder-id quentinll/lewm-tworooms --device cuda --eval-filter none --episode-min 4000 --goal-from-proprio --num-eval 64 --seed 42 --cem-seed 42 --probe-solver match --retire-tau 0.10
473	tworoom	mppi_router_mp_rt0.10_tauown	75	43	logs/rbT_tworoom_mppi_router_mp_rt0.10_tauown_t75_seed43.log	python -m surveyor.envs.tworoom.eval --solver mppi --subgoal router+surveyor --gdm-ckpt gdm_tworoom_s10_gc_paired_e400v.pt --gdm-steps 50 --accept-tau 0.127 --receding-horizon 2 --mode long --goal-offset 75 --eval-budget 150 --h5 "$DATA/tworoom.h5" --source pretrained --encoder-id quentinll/lewm-tworooms --device cuda --eval-filter none --episode-min 4000 --goal-from-proprio --num-eval 64 --seed 43 --cem-seed 43 --probe-solver match --retire-tau 0.10
474	tworoom	mppi_router_mp_rt0.10_tauown	75	44	logs/rbT_tworoom_mppi_router_mp_rt0.10_tauown_t75_seed44.log	python -m surveyor.envs.tworoom.eval --solver mppi --subgoal router+surveyor --gdm-ckpt gdm_tworoom_s10_gc_paired_e400v.pt --gdm-steps 50 --accept-tau 0.127 --receding-horizon 2 --mode long --goal-offset 75 --eval-budget 150 --h5 "$DATA/tworoom.h5" --source pretrained --encoder-id quentinll/lewm-tworooms --device cuda --eval-filter none --episode-min 4000 --goal-from-proprio --num-eval 64 --seed 44 --cem-seed 44 --probe-solver match --retire-tau 0.10
475	tworoom	mppi_router_mp_rt0.10_tauown	75	45	logs/rbT_tworoom_mppi_router_mp_rt0.10_tauown_t75_seed45.log	python -m surveyor.envs.tworoom.eval --solver mppi --subgoal router+surveyor --gdm-ckpt gdm_tworoom_s10_gc_paired_e400v.pt --gdm-steps 50 --accept-tau 0.127 --receding-horizon 2 --mode long --goal-offset 75 --eval-budget 150 --h5 "$DATA/tworoom.h5" --source pretrained --encoder-id quentinll/lewm-tworooms --device cuda --eval-filter none --episode-min 4000 --goal-from-proprio --num-eval 64 --seed 45 --cem-seed 45 --probe-solver match --retire-tau 0.10
476	tworoom	mppi_router_mp_rt0.10_tauown	75	46	logs/rbT_tworoom_mppi_router_mp_rt0.10_tauown_t75_seed46.log	python -m surveyor.envs.tworoom.eval --solver mppi --subgoal router+surveyor --gdm-ckpt gdm_tworoom_s10_gc_paired_e400v.pt --gdm-steps 50 --accept-tau 0.127 --receding-horizon 2 --mode long --goal-offset 75 --eval-budget 150 --h5 "$DATA/tworoom.h5" --source pretrained --encoder-id quentinll/lewm-tworooms --device cuda --eval-filter none --episode-min 4000 --goal-from-proprio --num-eval 64 --seed 46 --cem-seed 46 --probe-solver match --retire-tau 0.10
477	tworoom	mppi_router_mp_rt0.10_tauown	75	47	logs/rbT_tworoom_mppi_router_mp_rt0.10_tauown_t75_seed47.log	python -m surveyor.envs.tworoom.eval --solver mppi --subgoal router+surveyor --gdm-ckpt gdm_tworoom_s10_gc_paired_e400v.pt --gdm-steps 50 --accept-tau 0.127 --receding-horizon 2 --mode long --goal-offset 75 --eval-budget 150 --h5 "$DATA/tworoom.h5" --source pretrained --encoder-id quentinll/lewm-tworooms --device cuda --eval-filter none --episode-min 4000 --goal-from-proprio --num-eval 64 --seed 47 --cem-seed 47 --probe-solver match --retire-tau 0.10
478	tworoom	mppi_router_mp_rt0.10_tauown	75	48	logs/rbT_tworoom_mppi_router_mp_rt0.10_tauown_t75_seed48.log	python -m surveyor.envs.tworoom.eval --solver mppi --subgoal router+surveyor --gdm-ckpt gdm_tworoom_s10_gc_paired_e400v.pt --gdm-steps 50 --accept-tau 0.127 --receding-horizon 2 --mode long --goal-offset 75 --eval-budget 150 --h5 "$DATA/tworoom.h5" --source pretrained --encoder-id quentinll/lewm-tworooms --device cuda --eval-filter none --episode-min 4000 --goal-from-proprio --num-eval 64 --seed 48 --cem-seed 48 --probe-solver match --retire-tau 0.10
479	tworoom	mppi_router_mp_rt0.10_tauown	75	49	logs/rbT_tworoom_mppi_router_mp_rt0.10_tauown_t75_seed49.log	python -m surveyor.envs.tworoom.eval --solver mppi --subgoal router+surveyor --gdm-ckpt gdm_tworoom_s10_gc_paired_e400v.pt --gdm-steps 50 --accept-tau 0.127 --receding-horizon 2 --mode long --goal-offset 75 --eval-budget 150 --h5 "$DATA/tworoom.h5" --source pretrained --encoder-id quentinll/lewm-tworooms --device cuda --eval-filter none --episode-min 4000 --goal-from-proprio --num-eval 64 --seed 49 --cem-seed 49 --probe-solver match --retire-tau 0.10
480	tworoom	mppi_router_mp_tauown	25	42	logs/rbT_tworoom_mppi_router_mp_tauown_t25_seed42.log	python -m surveyor.envs.tworoom.eval --solver mppi --subgoal router+surveyor --gdm-ckpt gdm_tworoom_s10_gc_paired_e400v.pt --gdm-steps 50 --accept-tau 0.127 --receding-horizon 2 --mode long --goal-offset 25 --eval-budget 50 --h5 "$DATA/tworoom.h5" --source pretrained --encoder-id quentinll/lewm-tworooms --device cuda --eval-filter none --episode-min 4000 --goal-from-proprio --num-eval 64 --seed 42 --cem-seed 42 --probe-solver match
481	tworoom	mppi_router_mp_tauown	25	43	logs/rbT_tworoom_mppi_router_mp_tauown_t25_seed43.log	python -m surveyor.envs.tworoom.eval --solver mppi --subgoal router+surveyor --gdm-ckpt gdm_tworoom_s10_gc_paired_e400v.pt --gdm-steps 50 --accept-tau 0.127 --receding-horizon 2 --mode long --goal-offset 25 --eval-budget 50 --h5 "$DATA/tworoom.h5" --source pretrained --encoder-id quentinll/lewm-tworooms --device cuda --eval-filter none --episode-min 4000 --goal-from-proprio --num-eval 64 --seed 43 --cem-seed 43 --probe-solver match
482	tworoom	mppi_router_mp_tauown	25	44	logs/rbT_tworoom_mppi_router_mp_tauown_t25_seed44.log	python -m surveyor.envs.tworoom.eval --solver mppi --subgoal router+surveyor --gdm-ckpt gdm_tworoom_s10_gc_paired_e400v.pt --gdm-steps 50 --accept-tau 0.127 --receding-horizon 2 --mode long --goal-offset 25 --eval-budget 50 --h5 "$DATA/tworoom.h5" --source pretrained --encoder-id quentinll/lewm-tworooms --device cuda --eval-filter none --episode-min 4000 --goal-from-proprio --num-eval 64 --seed 44 --cem-seed 44 --probe-solver match
483	tworoom	mppi_router_mp_tauown	25	45	logs/rbT_tworoom_mppi_router_mp_tauown_t25_seed45.log	python -m surveyor.envs.tworoom.eval --solver mppi --subgoal router+surveyor --gdm-ckpt gdm_tworoom_s10_gc_paired_e400v.pt --gdm-steps 50 --accept-tau 0.127 --receding-horizon 2 --mode long --goal-offset 25 --eval-budget 50 --h5 "$DATA/tworoom.h5" --source pretrained --encoder-id quentinll/lewm-tworooms --device cuda --eval-filter none --episode-min 4000 --goal-from-proprio --num-eval 64 --seed 45 --cem-seed 45 --probe-solver match
484	tworoom	mppi_router_mp_tauown	25	46	logs/rbT_tworoom_mppi_router_mp_tauown_t25_seed46.log	python -m surveyor.envs.tworoom.eval --solver mppi --subgoal router+surveyor --gdm-ckpt gdm_tworoom_s10_gc_paired_e400v.pt --gdm-steps 50 --accept-tau 0.127 --receding-horizon 2 --mode long --goal-offset 25 --eval-budget 50 --h5 "$DATA/tworoom.h5" --source pretrained --encoder-id quentinll/lewm-tworooms --device cuda --eval-filter none --episode-min 4000 --goal-from-proprio --num-eval 64 --seed 46 --cem-seed 46 --probe-solver match
485	tworoom	mppi_router_mp_tauown	25	47	logs/rbT_tworoom_mppi_router_mp_tauown_t25_seed47.log	python -m surveyor.envs.tworoom.eval --solver mppi --subgoal router+surveyor --gdm-ckpt gdm_tworoom_s10_gc_paired_e400v.pt --gdm-steps 50 --accept-tau 0.127 --receding-horizon 2 --mode long --goal-offset 25 --eval-budget 50 --h5 "$DATA/tworoom.h5" --source pretrained --encoder-id quentinll/lewm-tworooms --device cuda --eval-filter none --episode-min 4000 --goal-from-proprio --num-eval 64 --seed 47 --cem-seed 47 --probe-solver match
486	tworoom	mppi_router_mp_tauown	25	48	logs/rbT_tworoom_mppi_router_mp_tauown_t25_seed48.log	python -m surveyor.envs.tworoom.eval --solver mppi --subgoal router+surveyor --gdm-ckpt gdm_tworoom_s10_gc_paired_e400v.pt --gdm-steps 50 --accept-tau 0.127 --receding-horizon 2 --mode long --goal-offset 25 --eval-budget 50 --h5 "$DATA/tworoom.h5" --source pretrained --encoder-id quentinll/lewm-tworooms --device cuda --eval-filter none --episode-min 4000 --goal-from-proprio --num-eval 64 --seed 48 --cem-seed 48 --probe-solver match
487	tworoom	mppi_router_mp_tauown	25	49	logs/rbT_tworoom_mppi_router_mp_tauown_t25_seed49.log	python -m surveyor.envs.tworoom.eval --solver mppi --subgoal router+surveyor --gdm-ckpt gdm_tworoom_s10_gc_paired_e400v.pt --gdm-steps 50 --accept-tau 0.127 --receding-horizon 2 --mode long --goal-offset 25 --eval-budget 50 --h5 "$DATA/tworoom.h5" --source pretrained --encoder-id quentinll/lewm-tworooms --device cuda --eval-filter none --episode-min 4000 --goal-from-proprio --num-eval 64 --seed 49 --cem-seed 49 --probe-solver match
488	tworoom	mppi_router_mp_tauown	50	42	logs/rbT_tworoom_mppi_router_mp_tauown_t50_seed42.log	python -m surveyor.envs.tworoom.eval --solver mppi --subgoal router+surveyor --gdm-ckpt gdm_tworoom_s10_gc_paired_e400v.pt --gdm-steps 50 --accept-tau 0.127 --receding-horizon 2 --mode long --goal-offset 50 --eval-budget 100 --h5 "$DATA/tworoom.h5" --source pretrained --encoder-id quentinll/lewm-tworooms --device cuda --eval-filter none --episode-min 4000 --goal-from-proprio --num-eval 64 --seed 42 --cem-seed 42 --probe-solver match
489	tworoom	mppi_router_mp_tauown	50	43	logs/rbT_tworoom_mppi_router_mp_tauown_t50_seed43.log	python -m surveyor.envs.tworoom.eval --solver mppi --subgoal router+surveyor --gdm-ckpt gdm_tworoom_s10_gc_paired_e400v.pt --gdm-steps 50 --accept-tau 0.127 --receding-horizon 2 --mode long --goal-offset 50 --eval-budget 100 --h5 "$DATA/tworoom.h5" --source pretrained --encoder-id quentinll/lewm-tworooms --device cuda --eval-filter none --episode-min 4000 --goal-from-proprio --num-eval 64 --seed 43 --cem-seed 43 --probe-solver match
490	tworoom	mppi_router_mp_tauown	50	44	logs/rbT_tworoom_mppi_router_mp_tauown_t50_seed44.log	python -m surveyor.envs.tworoom.eval --solver mppi --subgoal router+surveyor --gdm-ckpt gdm_tworoom_s10_gc_paired_e400v.pt --gdm-steps 50 --accept-tau 0.127 --receding-horizon 2 --mode long --goal-offset 50 --eval-budget 100 --h5 "$DATA/tworoom.h5" --source pretrained --encoder-id quentinll/lewm-tworooms --device cuda --eval-filter none --episode-min 4000 --goal-from-proprio --num-eval 64 --seed 44 --cem-seed 44 --probe-solver match
491	tworoom	mppi_router_mp_tauown	50	45	logs/rbT_tworoom_mppi_router_mp_tauown_t50_seed45.log	python -m surveyor.envs.tworoom.eval --solver mppi --subgoal router+surveyor --gdm-ckpt gdm_tworoom_s10_gc_paired_e400v.pt --gdm-steps 50 --accept-tau 0.127 --receding-horizon 2 --mode long --goal-offset 50 --eval-budget 100 --h5 "$DATA/tworoom.h5" --source pretrained --encoder-id quentinll/lewm-tworooms --device cuda --eval-filter none --episode-min 4000 --goal-from-proprio --num-eval 64 --seed 45 --cem-seed 45 --probe-solver match
492	tworoom	mppi_router_mp_tauown	50	46	logs/rbT_tworoom_mppi_router_mp_tauown_t50_seed46.log	python -m surveyor.envs.tworoom.eval --solver mppi --subgoal router+surveyor --gdm-ckpt gdm_tworoom_s10_gc_paired_e400v.pt --gdm-steps 50 --accept-tau 0.127 --receding-horizon 2 --mode long --goal-offset 50 --eval-budget 100 --h5 "$DATA/tworoom.h5" --source pretrained --encoder-id quentinll/lewm-tworooms --device cuda --eval-filter none --episode-min 4000 --goal-from-proprio --num-eval 64 --seed 46 --cem-seed 46 --probe-solver match
493	tworoom	mppi_router_mp_tauown	50	47	logs/rbT_tworoom_mppi_router_mp_tauown_t50_seed47.log	python -m surveyor.envs.tworoom.eval --solver mppi --subgoal router+surveyor --gdm-ckpt gdm_tworoom_s10_gc_paired_e400v.pt --gdm-steps 50 --accept-tau 0.127 --receding-horizon 2 --mode long --goal-offset 50 --eval-budget 100 --h5 "$DATA/tworoom.h5" --source pretrained --encoder-id quentinll/lewm-tworooms --device cuda --eval-filter none --episode-min 4000 --goal-from-proprio --num-eval 64 --seed 47 --cem-seed 47 --probe-solver match
494	tworoom	mppi_router_mp_tauown	50	48	logs/rbT_tworoom_mppi_router_mp_tauown_t50_seed48.log	python -m surveyor.envs.tworoom.eval --solver mppi --subgoal router+surveyor --gdm-ckpt gdm_tworoom_s10_gc_paired_e400v.pt --gdm-steps 50 --accept-tau 0.127 --receding-horizon 2 --mode long --goal-offset 50 --eval-budget 100 --h5 "$DATA/tworoom.h5" --source pretrained --encoder-id quentinll/lewm-tworooms --device cuda --eval-filter none --episode-min 4000 --goal-from-proprio --num-eval 64 --seed 48 --cem-seed 48 --probe-solver match
495	tworoom	mppi_router_mp_tauown	50	49	logs/rbT_tworoom_mppi_router_mp_tauown_t50_seed49.log	python -m surveyor.envs.tworoom.eval --solver mppi --subgoal router+surveyor --gdm-ckpt gdm_tworoom_s10_gc_paired_e400v.pt --gdm-steps 50 --accept-tau 0.127 --receding-horizon 2 --mode long --goal-offset 50 --eval-budget 100 --h5 "$DATA/tworoom.h5" --source pretrained --encoder-id quentinll/lewm-tworooms --device cuda --eval-filter none --episode-min 4000 --goal-from-proprio --num-eval 64 --seed 49 --cem-seed 49 --probe-solver match
496	tworoom	mppi_router_mp_tauown	75	42	logs/rbT_tworoom_mppi_router_mp_tauown_t75_seed42.log	python -m surveyor.envs.tworoom.eval --solver mppi --subgoal router+surveyor --gdm-ckpt gdm_tworoom_s10_gc_paired_e400v.pt --gdm-steps 50 --accept-tau 0.127 --receding-horizon 2 --mode long --goal-offset 75 --eval-budget 150 --h5 "$DATA/tworoom.h5" --source pretrained --encoder-id quentinll/lewm-tworooms --device cuda --eval-filter none --episode-min 4000 --goal-from-proprio --num-eval 64 --seed 42 --cem-seed 42 --probe-solver match
497	tworoom	mppi_router_mp_tauown	75	43	logs/rbT_tworoom_mppi_router_mp_tauown_t75_seed43.log	python -m surveyor.envs.tworoom.eval --solver mppi --subgoal router+surveyor --gdm-ckpt gdm_tworoom_s10_gc_paired_e400v.pt --gdm-steps 50 --accept-tau 0.127 --receding-horizon 2 --mode long --goal-offset 75 --eval-budget 150 --h5 "$DATA/tworoom.h5" --source pretrained --encoder-id quentinll/lewm-tworooms --device cuda --eval-filter none --episode-min 4000 --goal-from-proprio --num-eval 64 --seed 43 --cem-seed 43 --probe-solver match
498	tworoom	mppi_router_mp_tauown	75	44	logs/rbT_tworoom_mppi_router_mp_tauown_t75_seed44.log	python -m surveyor.envs.tworoom.eval --solver mppi --subgoal router+surveyor --gdm-ckpt gdm_tworoom_s10_gc_paired_e400v.pt --gdm-steps 50 --accept-tau 0.127 --receding-horizon 2 --mode long --goal-offset 75 --eval-budget 150 --h5 "$DATA/tworoom.h5" --source pretrained --encoder-id quentinll/lewm-tworooms --device cuda --eval-filter none --episode-min 4000 --goal-from-proprio --num-eval 64 --seed 44 --cem-seed 44 --probe-solver match
499	tworoom	mppi_router_mp_tauown	75	45	logs/rbT_tworoom_mppi_router_mp_tauown_t75_seed45.log	python -m surveyor.envs.tworoom.eval --solver mppi --subgoal router+surveyor --gdm-ckpt gdm_tworoom_s10_gc_paired_e400v.pt --gdm-steps 50 --accept-tau 0.127 --receding-horizon 2 --mode long --goal-offset 75 --eval-budget 150 --h5 "$DATA/tworoom.h5" --source pretrained --encoder-id quentinll/lewm-tworooms --device cuda --eval-filter none --episode-min 4000 --goal-from-proprio --num-eval 64 --seed 45 --cem-seed 45 --probe-solver match
500	tworoom	mppi_router_mp_tauown	75	46	logs/rbT_tworoom_mppi_router_mp_tauown_t75_seed46.log	python -m surveyor.envs.tworoom.eval --solver mppi --subgoal router+surveyor --gdm-ckpt gdm_tworoom_s10_gc_paired_e400v.pt --gdm-steps 50 --accept-tau 0.127 --receding-horizon 2 --mode long --goal-offset 75 --eval-budget 150 --h5 "$DATA/tworoom.h5" --source pretrained --encoder-id quentinll/lewm-tworooms --device cuda --eval-filter none --episode-min 4000 --goal-from-proprio --num-eval 64 --seed 46 --cem-seed 46 --probe-solver match
501	tworoom	mppi_router_mp_tauown	75	47	logs/rbT_tworoom_mppi_router_mp_tauown_t75_seed47.log	python -m surveyor.envs.tworoom.eval --solver mppi --subgoal router+surveyor --gdm-ckpt gdm_tworoom_s10_gc_paired_e400v.pt --gdm-steps 50 --accept-tau 0.127 --receding-horizon 2 --mode long --goal-offset 75 --eval-budget 150 --h5 "$DATA/tworoom.h5" --source pretrained --encoder-id quentinll/lewm-tworooms --device cuda --eval-filter none --episode-min 4000 --goal-from-proprio --num-eval 64 --seed 47 --cem-seed 47 --probe-solver match
502	tworoom	mppi_router_mp_tauown	75	48	logs/rbT_tworoom_mppi_router_mp_tauown_t75_seed48.log	python -m surveyor.envs.tworoom.eval --solver mppi --subgoal router+surveyor --gdm-ckpt gdm_tworoom_s10_gc_paired_e400v.pt --gdm-steps 50 --accept-tau 0.127 --receding-horizon 2 --mode long --goal-offset 75 --eval-budget 150 --h5 "$DATA/tworoom.h5" --source pretrained --encoder-id quentinll/lewm-tworooms --device cuda --eval-filter none --episode-min 4000 --goal-from-proprio --num-eval 64 --seed 48 --cem-seed 48 --probe-solver match
503	tworoom	mppi_router_mp_tauown	75	49	logs/rbT_tworoom_mppi_router_mp_tauown_t75_seed49.log	python -m surveyor.envs.tworoom.eval --solver mppi --subgoal router+surveyor --gdm-ckpt gdm_tworoom_s10_gc_paired_e400v.pt --gdm-steps 50 --accept-tau 0.127 --receding-horizon 2 --mode long --goal-offset 75 --eval-budget 150 --h5 "$DATA/tworoom.h5" --source pretrained --encoder-id quentinll/lewm-tworooms --device cuda --eval-filter none --episode-min 4000 --goal-from-proprio --num-eval 64 --seed 49 --cem-seed 49 --probe-solver match
504	tworoom	mppi_router_rt0.10_tauown	25	42	logs/rbT_tworoom_mppi_router_rt0.10_tauown_t25_seed42.log	python -m surveyor.envs.tworoom.eval --solver mppi --subgoal router+surveyor --gdm-ckpt gdm_tworoom_s10_gc_paired_e400v.pt --gdm-steps 50 --accept-tau 0.127 --receding-horizon 2 --mode long --goal-offset 25 --eval-budget 50 --h5 "$DATA/tworoom.h5" --source pretrained --encoder-id quentinll/lewm-tworooms --device cuda --eval-filter none --episode-min 4000 --goal-from-proprio --num-eval 64 --seed 42 --cem-seed 42 --retire-tau 0.10
505	tworoom	mppi_router_rt0.10_tauown	25	43	logs/rbT_tworoom_mppi_router_rt0.10_tauown_t25_seed43.log	python -m surveyor.envs.tworoom.eval --solver mppi --subgoal router+surveyor --gdm-ckpt gdm_tworoom_s10_gc_paired_e400v.pt --gdm-steps 50 --accept-tau 0.127 --receding-horizon 2 --mode long --goal-offset 25 --eval-budget 50 --h5 "$DATA/tworoom.h5" --source pretrained --encoder-id quentinll/lewm-tworooms --device cuda --eval-filter none --episode-min 4000 --goal-from-proprio --num-eval 64 --seed 43 --cem-seed 43 --retire-tau 0.10
506	tworoom	mppi_router_rt0.10_tauown	25	44	logs/rbT_tworoom_mppi_router_rt0.10_tauown_t25_seed44.log	python -m surveyor.envs.tworoom.eval --solver mppi --subgoal router+surveyor --gdm-ckpt gdm_tworoom_s10_gc_paired_e400v.pt --gdm-steps 50 --accept-tau 0.127 --receding-horizon 2 --mode long --goal-offset 25 --eval-budget 50 --h5 "$DATA/tworoom.h5" --source pretrained --encoder-id quentinll/lewm-tworooms --device cuda --eval-filter none --episode-min 4000 --goal-from-proprio --num-eval 64 --seed 44 --cem-seed 44 --retire-tau 0.10
507	tworoom	mppi_router_rt0.10_tauown	25	45	logs/rbT_tworoom_mppi_router_rt0.10_tauown_t25_seed45.log	python -m surveyor.envs.tworoom.eval --solver mppi --subgoal router+surveyor --gdm-ckpt gdm_tworoom_s10_gc_paired_e400v.pt --gdm-steps 50 --accept-tau 0.127 --receding-horizon 2 --mode long --goal-offset 25 --eval-budget 50 --h5 "$DATA/tworoom.h5" --source pretrained --encoder-id quentinll/lewm-tworooms --device cuda --eval-filter none --episode-min 4000 --goal-from-proprio --num-eval 64 --seed 45 --cem-seed 45 --retire-tau 0.10
508	tworoom	mppi_router_rt0.10_tauown	25	46	logs/rbT_tworoom_mppi_router_rt0.10_tauown_t25_seed46.log	python -m surveyor.envs.tworoom.eval --solver mppi --subgoal router+surveyor --gdm-ckpt gdm_tworoom_s10_gc_paired_e400v.pt --gdm-steps 50 --accept-tau 0.127 --receding-horizon 2 --mode long --goal-offset 25 --eval-budget 50 --h5 "$DATA/tworoom.h5" --source pretrained --encoder-id quentinll/lewm-tworooms --device cuda --eval-filter none --episode-min 4000 --goal-from-proprio --num-eval 64 --seed 46 --cem-seed 46 --retire-tau 0.10
509	tworoom	mppi_router_rt0.10_tauown	25	47	logs/rbT_tworoom_mppi_router_rt0.10_tauown_t25_seed47.log	python -m surveyor.envs.tworoom.eval --solver mppi --subgoal router+surveyor --gdm-ckpt gdm_tworoom_s10_gc_paired_e400v.pt --gdm-steps 50 --accept-tau 0.127 --receding-horizon 2 --mode long --goal-offset 25 --eval-budget 50 --h5 "$DATA/tworoom.h5" --source pretrained --encoder-id quentinll/lewm-tworooms --device cuda --eval-filter none --episode-min 4000 --goal-from-proprio --num-eval 64 --seed 47 --cem-seed 47 --retire-tau 0.10
510	tworoom	mppi_router_rt0.10_tauown	25	48	logs/rbT_tworoom_mppi_router_rt0.10_tauown_t25_seed48.log	python -m surveyor.envs.tworoom.eval --solver mppi --subgoal router+surveyor --gdm-ckpt gdm_tworoom_s10_gc_paired_e400v.pt --gdm-steps 50 --accept-tau 0.127 --receding-horizon 2 --mode long --goal-offset 25 --eval-budget 50 --h5 "$DATA/tworoom.h5" --source pretrained --encoder-id quentinll/lewm-tworooms --device cuda --eval-filter none --episode-min 4000 --goal-from-proprio --num-eval 64 --seed 48 --cem-seed 48 --retire-tau 0.10
511	tworoom	mppi_router_rt0.10_tauown	25	49	logs/rbT_tworoom_mppi_router_rt0.10_tauown_t25_seed49.log	python -m surveyor.envs.tworoom.eval --solver mppi --subgoal router+surveyor --gdm-ckpt gdm_tworoom_s10_gc_paired_e400v.pt --gdm-steps 50 --accept-tau 0.127 --receding-horizon 2 --mode long --goal-offset 25 --eval-budget 50 --h5 "$DATA/tworoom.h5" --source pretrained --encoder-id quentinll/lewm-tworooms --device cuda --eval-filter none --episode-min 4000 --goal-from-proprio --num-eval 64 --seed 49 --cem-seed 49 --retire-tau 0.10
512	tworoom	mppi_router_rt0.10_tauown	50	42	logs/rbT_tworoom_mppi_router_rt0.10_tauown_t50_seed42.log	python -m surveyor.envs.tworoom.eval --solver mppi --subgoal router+surveyor --gdm-ckpt gdm_tworoom_s10_gc_paired_e400v.pt --gdm-steps 50 --accept-tau 0.127 --receding-horizon 2 --mode long --goal-offset 50 --eval-budget 100 --h5 "$DATA/tworoom.h5" --source pretrained --encoder-id quentinll/lewm-tworooms --device cuda --eval-filter none --episode-min 4000 --goal-from-proprio --num-eval 64 --seed 42 --cem-seed 42 --retire-tau 0.10
513	tworoom	mppi_router_rt0.10_tauown	50	43	logs/rbT_tworoom_mppi_router_rt0.10_tauown_t50_seed43.log	python -m surveyor.envs.tworoom.eval --solver mppi --subgoal router+surveyor --gdm-ckpt gdm_tworoom_s10_gc_paired_e400v.pt --gdm-steps 50 --accept-tau 0.127 --receding-horizon 2 --mode long --goal-offset 50 --eval-budget 100 --h5 "$DATA/tworoom.h5" --source pretrained --encoder-id quentinll/lewm-tworooms --device cuda --eval-filter none --episode-min 4000 --goal-from-proprio --num-eval 64 --seed 43 --cem-seed 43 --retire-tau 0.10
514	tworoom	mppi_router_rt0.10_tauown	50	44	logs/rbT_tworoom_mppi_router_rt0.10_tauown_t50_seed44.log	python -m surveyor.envs.tworoom.eval --solver mppi --subgoal router+surveyor --gdm-ckpt gdm_tworoom_s10_gc_paired_e400v.pt --gdm-steps 50 --accept-tau 0.127 --receding-horizon 2 --mode long --goal-offset 50 --eval-budget 100 --h5 "$DATA/tworoom.h5" --source pretrained --encoder-id quentinll/lewm-tworooms --device cuda --eval-filter none --episode-min 4000 --goal-from-proprio --num-eval 64 --seed 44 --cem-seed 44 --retire-tau 0.10
515	tworoom	mppi_router_rt0.10_tauown	50	45	logs/rbT_tworoom_mppi_router_rt0.10_tauown_t50_seed45.log	python -m surveyor.envs.tworoom.eval --solver mppi --subgoal router+surveyor --gdm-ckpt gdm_tworoom_s10_gc_paired_e400v.pt --gdm-steps 50 --accept-tau 0.127 --receding-horizon 2 --mode long --goal-offset 50 --eval-budget 100 --h5 "$DATA/tworoom.h5" --source pretrained --encoder-id quentinll/lewm-tworooms --device cuda --eval-filter none --episode-min 4000 --goal-from-proprio --num-eval 64 --seed 45 --cem-seed 45 --retire-tau 0.10
516	tworoom	mppi_router_rt0.10_tauown	50	46	logs/rbT_tworoom_mppi_router_rt0.10_tauown_t50_seed46.log	python -m surveyor.envs.tworoom.eval --solver mppi --subgoal router+surveyor --gdm-ckpt gdm_tworoom_s10_gc_paired_e400v.pt --gdm-steps 50 --accept-tau 0.127 --receding-horizon 2 --mode long --goal-offset 50 --eval-budget 100 --h5 "$DATA/tworoom.h5" --source pretrained --encoder-id quentinll/lewm-tworooms --device cuda --eval-filter none --episode-min 4000 --goal-from-proprio --num-eval 64 --seed 46 --cem-seed 46 --retire-tau 0.10
517	tworoom	mppi_router_rt0.10_tauown	50	47	logs/rbT_tworoom_mppi_router_rt0.10_tauown_t50_seed47.log	python -m surveyor.envs.tworoom.eval --solver mppi --subgoal router+surveyor --gdm-ckpt gdm_tworoom_s10_gc_paired_e400v.pt --gdm-steps 50 --accept-tau 0.127 --receding-horizon 2 --mode long --goal-offset 50 --eval-budget 100 --h5 "$DATA/tworoom.h5" --source pretrained --encoder-id quentinll/lewm-tworooms --device cuda --eval-filter none --episode-min 4000 --goal-from-proprio --num-eval 64 --seed 47 --cem-seed 47 --retire-tau 0.10
518	tworoom	mppi_router_rt0.10_tauown	50	48	logs/rbT_tworoom_mppi_router_rt0.10_tauown_t50_seed48.log	python -m surveyor.envs.tworoom.eval --solver mppi --subgoal router+surveyor --gdm-ckpt gdm_tworoom_s10_gc_paired_e400v.pt --gdm-steps 50 --accept-tau 0.127 --receding-horizon 2 --mode long --goal-offset 50 --eval-budget 100 --h5 "$DATA/tworoom.h5" --source pretrained --encoder-id quentinll/lewm-tworooms --device cuda --eval-filter none --episode-min 4000 --goal-from-proprio --num-eval 64 --seed 48 --cem-seed 48 --retire-tau 0.10
519	tworoom	mppi_router_rt0.10_tauown	50	49	logs/rbT_tworoom_mppi_router_rt0.10_tauown_t50_seed49.log	python -m surveyor.envs.tworoom.eval --solver mppi --subgoal router+surveyor --gdm-ckpt gdm_tworoom_s10_gc_paired_e400v.pt --gdm-steps 50 --accept-tau 0.127 --receding-horizon 2 --mode long --goal-offset 50 --eval-budget 100 --h5 "$DATA/tworoom.h5" --source pretrained --encoder-id quentinll/lewm-tworooms --device cuda --eval-filter none --episode-min 4000 --goal-from-proprio --num-eval 64 --seed 49 --cem-seed 49 --retire-tau 0.10
520	tworoom	mppi_router_rt0.10_tauown	75	42	logs/rbT_tworoom_mppi_router_rt0.10_tauown_t75_seed42.log	python -m surveyor.envs.tworoom.eval --solver mppi --subgoal router+surveyor --gdm-ckpt gdm_tworoom_s10_gc_paired_e400v.pt --gdm-steps 50 --accept-tau 0.127 --receding-horizon 2 --mode long --goal-offset 75 --eval-budget 150 --h5 "$DATA/tworoom.h5" --source pretrained --encoder-id quentinll/lewm-tworooms --device cuda --eval-filter none --episode-min 4000 --goal-from-proprio --num-eval 64 --seed 42 --cem-seed 42 --retire-tau 0.10
521	tworoom	mppi_router_rt0.10_tauown	75	43	logs/rbT_tworoom_mppi_router_rt0.10_tauown_t75_seed43.log	python -m surveyor.envs.tworoom.eval --solver mppi --subgoal router+surveyor --gdm-ckpt gdm_tworoom_s10_gc_paired_e400v.pt --gdm-steps 50 --accept-tau 0.127 --receding-horizon 2 --mode long --goal-offset 75 --eval-budget 150 --h5 "$DATA/tworoom.h5" --source pretrained --encoder-id quentinll/lewm-tworooms --device cuda --eval-filter none --episode-min 4000 --goal-from-proprio --num-eval 64 --seed 43 --cem-seed 43 --retire-tau 0.10
522	tworoom	mppi_router_rt0.10_tauown	75	44	logs/rbT_tworoom_mppi_router_rt0.10_tauown_t75_seed44.log	python -m surveyor.envs.tworoom.eval --solver mppi --subgoal router+surveyor --gdm-ckpt gdm_tworoom_s10_gc_paired_e400v.pt --gdm-steps 50 --accept-tau 0.127 --receding-horizon 2 --mode long --goal-offset 75 --eval-budget 150 --h5 "$DATA/tworoom.h5" --source pretrained --encoder-id quentinll/lewm-tworooms --device cuda --eval-filter none --episode-min 4000 --goal-from-proprio --num-eval 64 --seed 44 --cem-seed 44 --retire-tau 0.10
523	tworoom	mppi_router_rt0.10_tauown	75	45	logs/rbT_tworoom_mppi_router_rt0.10_tauown_t75_seed45.log	python -m surveyor.envs.tworoom.eval --solver mppi --subgoal router+surveyor --gdm-ckpt gdm_tworoom_s10_gc_paired_e400v.pt --gdm-steps 50 --accept-tau 0.127 --receding-horizon 2 --mode long --goal-offset 75 --eval-budget 150 --h5 "$DATA/tworoom.h5" --source pretrained --encoder-id quentinll/lewm-tworooms --device cuda --eval-filter none --episode-min 4000 --goal-from-proprio --num-eval 64 --seed 45 --cem-seed 45 --retire-tau 0.10
524	tworoom	mppi_router_rt0.10_tauown	75	46	logs/rbT_tworoom_mppi_router_rt0.10_tauown_t75_seed46.log	python -m surveyor.envs.tworoom.eval --solver mppi --subgoal router+surveyor --gdm-ckpt gdm_tworoom_s10_gc_paired_e400v.pt --gdm-steps 50 --accept-tau 0.127 --receding-horizon 2 --mode long --goal-offset 75 --eval-budget 150 --h5 "$DATA/tworoom.h5" --source pretrained --encoder-id quentinll/lewm-tworooms --device cuda --eval-filter none --episode-min 4000 --goal-from-proprio --num-eval 64 --seed 46 --cem-seed 46 --retire-tau 0.10
525	tworoom	mppi_router_rt0.10_tauown	75	47	logs/rbT_tworoom_mppi_router_rt0.10_tauown_t75_seed47.log	python -m surveyor.envs.tworoom.eval --solver mppi --subgoal router+surveyor --gdm-ckpt gdm_tworoom_s10_gc_paired_e400v.pt --gdm-steps 50 --accept-tau 0.127 --receding-horizon 2 --mode long --goal-offset 75 --eval-budget 150 --h5 "$DATA/tworoom.h5" --source pretrained --encoder-id quentinll/lewm-tworooms --device cuda --eval-filter none --episode-min 4000 --goal-from-proprio --num-eval 64 --seed 47 --cem-seed 47 --retire-tau 0.10
526	tworoom	mppi_router_rt0.10_tauown	75	48	logs/rbT_tworoom_mppi_router_rt0.10_tauown_t75_seed48.log	python -m surveyor.envs.tworoom.eval --solver mppi --subgoal router+surveyor --gdm-ckpt gdm_tworoom_s10_gc_paired_e400v.pt --gdm-steps 50 --accept-tau 0.127 --receding-horizon 2 --mode long --goal-offset 75 --eval-budget 150 --h5 "$DATA/tworoom.h5" --source pretrained --encoder-id quentinll/lewm-tworooms --device cuda --eval-filter none --episode-min 4000 --goal-from-proprio --num-eval 64 --seed 48 --cem-seed 48 --retire-tau 0.10
527	tworoom	mppi_router_rt0.10_tauown	75	49	logs/rbT_tworoom_mppi_router_rt0.10_tauown_t75_seed49.log	python -m surveyor.envs.tworoom.eval --solver mppi --subgoal router+surveyor --gdm-ckpt gdm_tworoom_s10_gc_paired_e400v.pt --gdm-steps 50 --accept-tau 0.127 --receding-horizon 2 --mode long --goal-offset 75 --eval-budget 150 --h5 "$DATA/tworoom.h5" --source pretrained --encoder-id quentinll/lewm-tworooms --device cuda --eval-filter none --episode-min 4000 --goal-from-proprio --num-eval 64 --seed 49 --cem-seed 49 --retire-tau 0.10
528	tworoom	router_rt0.10_tauown	25	42	logs/rbT_tworoom_router_rt0.10_tauown_t25_seed42.log	python -m surveyor.envs.tworoom.eval --subgoal router+surveyor --gdm-ckpt gdm_tworoom_s10_gc_paired_e400v.pt --gdm-steps 50 --accept-tau 0.127 --receding-horizon 2 --mode long --goal-offset 25 --eval-budget 50 --h5 "$DATA/tworoom.h5" --source pretrained --encoder-id quentinll/lewm-tworooms --device cuda --eval-filter none --episode-min 4000 --goal-from-proprio --num-eval 64 --seed 42 --cem-seed 42 --retire-tau 0.10
529	tworoom	router_rt0.10_tauown	25	43	logs/rbT_tworoom_router_rt0.10_tauown_t25_seed43.log	python -m surveyor.envs.tworoom.eval --subgoal router+surveyor --gdm-ckpt gdm_tworoom_s10_gc_paired_e400v.pt --gdm-steps 50 --accept-tau 0.127 --receding-horizon 2 --mode long --goal-offset 25 --eval-budget 50 --h5 "$DATA/tworoom.h5" --source pretrained --encoder-id quentinll/lewm-tworooms --device cuda --eval-filter none --episode-min 4000 --goal-from-proprio --num-eval 64 --seed 43 --cem-seed 43 --retire-tau 0.10
530	tworoom	router_rt0.10_tauown	25	44	logs/rbT_tworoom_router_rt0.10_tauown_t25_seed44.log	python -m surveyor.envs.tworoom.eval --subgoal router+surveyor --gdm-ckpt gdm_tworoom_s10_gc_paired_e400v.pt --gdm-steps 50 --accept-tau 0.127 --receding-horizon 2 --mode long --goal-offset 25 --eval-budget 50 --h5 "$DATA/tworoom.h5" --source pretrained --encoder-id quentinll/lewm-tworooms --device cuda --eval-filter none --episode-min 4000 --goal-from-proprio --num-eval 64 --seed 44 --cem-seed 44 --retire-tau 0.10
531	tworoom	router_rt0.10_tauown	25	45	logs/rbT_tworoom_router_rt0.10_tauown_t25_seed45.log	python -m surveyor.envs.tworoom.eval --subgoal router+surveyor --gdm-ckpt gdm_tworoom_s10_gc_paired_e400v.pt --gdm-steps 50 --accept-tau 0.127 --receding-horizon 2 --mode long --goal-offset 25 --eval-budget 50 --h5 "$DATA/tworoom.h5" --source pretrained --encoder-id quentinll/lewm-tworooms --device cuda --eval-filter none --episode-min 4000 --goal-from-proprio --num-eval 64 --seed 45 --cem-seed 45 --retire-tau 0.10
532	tworoom	router_rt0.10_tauown	25	46	logs/rbT_tworoom_router_rt0.10_tauown_t25_seed46.log	python -m surveyor.envs.tworoom.eval --subgoal router+surveyor --gdm-ckpt gdm_tworoom_s10_gc_paired_e400v.pt --gdm-steps 50 --accept-tau 0.127 --receding-horizon 2 --mode long --goal-offset 25 --eval-budget 50 --h5 "$DATA/tworoom.h5" --source pretrained --encoder-id quentinll/lewm-tworooms --device cuda --eval-filter none --episode-min 4000 --goal-from-proprio --num-eval 64 --seed 46 --cem-seed 46 --retire-tau 0.10
533	tworoom	router_rt0.10_tauown	25	47	logs/rbT_tworoom_router_rt0.10_tauown_t25_seed47.log	python -m surveyor.envs.tworoom.eval --subgoal router+surveyor --gdm-ckpt gdm_tworoom_s10_gc_paired_e400v.pt --gdm-steps 50 --accept-tau 0.127 --receding-horizon 2 --mode long --goal-offset 25 --eval-budget 50 --h5 "$DATA/tworoom.h5" --source pretrained --encoder-id quentinll/lewm-tworooms --device cuda --eval-filter none --episode-min 4000 --goal-from-proprio --num-eval 64 --seed 47 --cem-seed 47 --retire-tau 0.10
534	tworoom	router_rt0.10_tauown	25	48	logs/rbT_tworoom_router_rt0.10_tauown_t25_seed48.log	python -m surveyor.envs.tworoom.eval --subgoal router+surveyor --gdm-ckpt gdm_tworoom_s10_gc_paired_e400v.pt --gdm-steps 50 --accept-tau 0.127 --receding-horizon 2 --mode long --goal-offset 25 --eval-budget 50 --h5 "$DATA/tworoom.h5" --source pretrained --encoder-id quentinll/lewm-tworooms --device cuda --eval-filter none --episode-min 4000 --goal-from-proprio --num-eval 64 --seed 48 --cem-seed 48 --retire-tau 0.10
535	tworoom	router_rt0.10_tauown	25	49	logs/rbT_tworoom_router_rt0.10_tauown_t25_seed49.log	python -m surveyor.envs.tworoom.eval --subgoal router+surveyor --gdm-ckpt gdm_tworoom_s10_gc_paired_e400v.pt --gdm-steps 50 --accept-tau 0.127 --receding-horizon 2 --mode long --goal-offset 25 --eval-budget 50 --h5 "$DATA/tworoom.h5" --source pretrained --encoder-id quentinll/lewm-tworooms --device cuda --eval-filter none --episode-min 4000 --goal-from-proprio --num-eval 64 --seed 49 --cem-seed 49 --retire-tau 0.10
536	tworoom	router_rt0.10_tauown	50	42	logs/rbT_tworoom_router_rt0.10_tauown_t50_seed42.log	python -m surveyor.envs.tworoom.eval --subgoal router+surveyor --gdm-ckpt gdm_tworoom_s10_gc_paired_e400v.pt --gdm-steps 50 --accept-tau 0.127 --receding-horizon 2 --mode long --goal-offset 50 --eval-budget 100 --h5 "$DATA/tworoom.h5" --source pretrained --encoder-id quentinll/lewm-tworooms --device cuda --eval-filter none --episode-min 4000 --goal-from-proprio --num-eval 64 --seed 42 --cem-seed 42 --retire-tau 0.10
537	tworoom	router_rt0.10_tauown	50	43	logs/rbT_tworoom_router_rt0.10_tauown_t50_seed43.log	python -m surveyor.envs.tworoom.eval --subgoal router+surveyor --gdm-ckpt gdm_tworoom_s10_gc_paired_e400v.pt --gdm-steps 50 --accept-tau 0.127 --receding-horizon 2 --mode long --goal-offset 50 --eval-budget 100 --h5 "$DATA/tworoom.h5" --source pretrained --encoder-id quentinll/lewm-tworooms --device cuda --eval-filter none --episode-min 4000 --goal-from-proprio --num-eval 64 --seed 43 --cem-seed 43 --retire-tau 0.10
538	tworoom	router_rt0.10_tauown	50	44	logs/rbT_tworoom_router_rt0.10_tauown_t50_seed44.log	python -m surveyor.envs.tworoom.eval --subgoal router+surveyor --gdm-ckpt gdm_tworoom_s10_gc_paired_e400v.pt --gdm-steps 50 --accept-tau 0.127 --receding-horizon 2 --mode long --goal-offset 50 --eval-budget 100 --h5 "$DATA/tworoom.h5" --source pretrained --encoder-id quentinll/lewm-tworooms --device cuda --eval-filter none --episode-min 4000 --goal-from-proprio --num-eval 64 --seed 44 --cem-seed 44 --retire-tau 0.10
539	tworoom	router_rt0.10_tauown	50	45	logs/rbT_tworoom_router_rt0.10_tauown_t50_seed45.log	python -m surveyor.envs.tworoom.eval --subgoal router+surveyor --gdm-ckpt gdm_tworoom_s10_gc_paired_e400v.pt --gdm-steps 50 --accept-tau 0.127 --receding-horizon 2 --mode long --goal-offset 50 --eval-budget 100 --h5 "$DATA/tworoom.h5" --source pretrained --encoder-id quentinll/lewm-tworooms --device cuda --eval-filter none --episode-min 4000 --goal-from-proprio --num-eval 64 --seed 45 --cem-seed 45 --retire-tau 0.10
540	tworoom	router_rt0.10_tauown	50	46	logs/rbT_tworoom_router_rt0.10_tauown_t50_seed46.log	python -m surveyor.envs.tworoom.eval --subgoal router+surveyor --gdm-ckpt gdm_tworoom_s10_gc_paired_e400v.pt --gdm-steps 50 --accept-tau 0.127 --receding-horizon 2 --mode long --goal-offset 50 --eval-budget 100 --h5 "$DATA/tworoom.h5" --source pretrained --encoder-id quentinll/lewm-tworooms --device cuda --eval-filter none --episode-min 4000 --goal-from-proprio --num-eval 64 --seed 46 --cem-seed 46 --retire-tau 0.10
541	tworoom	router_rt0.10_tauown	50	47	logs/rbT_tworoom_router_rt0.10_tauown_t50_seed47.log	python -m surveyor.envs.tworoom.eval --subgoal router+surveyor --gdm-ckpt gdm_tworoom_s10_gc_paired_e400v.pt --gdm-steps 50 --accept-tau 0.127 --receding-horizon 2 --mode long --goal-offset 50 --eval-budget 100 --h5 "$DATA/tworoom.h5" --source pretrained --encoder-id quentinll/lewm-tworooms --device cuda --eval-filter none --episode-min 4000 --goal-from-proprio --num-eval 64 --seed 47 --cem-seed 47 --retire-tau 0.10
542	tworoom	router_rt0.10_tauown	50	48	logs/rbT_tworoom_router_rt0.10_tauown_t50_seed48.log	python -m surveyor.envs.tworoom.eval --subgoal router+surveyor --gdm-ckpt gdm_tworoom_s10_gc_paired_e400v.pt --gdm-steps 50 --accept-tau 0.127 --receding-horizon 2 --mode long --goal-offset 50 --eval-budget 100 --h5 "$DATA/tworoom.h5" --source pretrained --encoder-id quentinll/lewm-tworooms --device cuda --eval-filter none --episode-min 4000 --goal-from-proprio --num-eval 64 --seed 48 --cem-seed 48 --retire-tau 0.10
543	tworoom	router_rt0.10_tauown	50	49	logs/rbT_tworoom_router_rt0.10_tauown_t50_seed49.log	python -m surveyor.envs.tworoom.eval --subgoal router+surveyor --gdm-ckpt gdm_tworoom_s10_gc_paired_e400v.pt --gdm-steps 50 --accept-tau 0.127 --receding-horizon 2 --mode long --goal-offset 50 --eval-budget 100 --h5 "$DATA/tworoom.h5" --source pretrained --encoder-id quentinll/lewm-tworooms --device cuda --eval-filter none --episode-min 4000 --goal-from-proprio --num-eval 64 --seed 49 --cem-seed 49 --retire-tau 0.10
544	tworoom	router_rt0.10_tauown	75	42	logs/rbT_tworoom_router_rt0.10_tauown_t75_seed42.log	python -m surveyor.envs.tworoom.eval --subgoal router+surveyor --gdm-ckpt gdm_tworoom_s10_gc_paired_e400v.pt --gdm-steps 50 --accept-tau 0.127 --receding-horizon 2 --mode long --goal-offset 75 --eval-budget 150 --h5 "$DATA/tworoom.h5" --source pretrained --encoder-id quentinll/lewm-tworooms --device cuda --eval-filter none --episode-min 4000 --goal-from-proprio --num-eval 64 --seed 42 --cem-seed 42 --retire-tau 0.10
545	tworoom	router_rt0.10_tauown	75	43	logs/rbT_tworoom_router_rt0.10_tauown_t75_seed43.log	python -m surveyor.envs.tworoom.eval --subgoal router+surveyor --gdm-ckpt gdm_tworoom_s10_gc_paired_e400v.pt --gdm-steps 50 --accept-tau 0.127 --receding-horizon 2 --mode long --goal-offset 75 --eval-budget 150 --h5 "$DATA/tworoom.h5" --source pretrained --encoder-id quentinll/lewm-tworooms --device cuda --eval-filter none --episode-min 4000 --goal-from-proprio --num-eval 64 --seed 43 --cem-seed 43 --retire-tau 0.10
546	tworoom	router_rt0.10_tauown	75	44	logs/rbT_tworoom_router_rt0.10_tauown_t75_seed44.log	python -m surveyor.envs.tworoom.eval --subgoal router+surveyor --gdm-ckpt gdm_tworoom_s10_gc_paired_e400v.pt --gdm-steps 50 --accept-tau 0.127 --receding-horizon 2 --mode long --goal-offset 75 --eval-budget 150 --h5 "$DATA/tworoom.h5" --source pretrained --encoder-id quentinll/lewm-tworooms --device cuda --eval-filter none --episode-min 4000 --goal-from-proprio --num-eval 64 --seed 44 --cem-seed 44 --retire-tau 0.10
547	tworoom	router_rt0.10_tauown	75	45	logs/rbT_tworoom_router_rt0.10_tauown_t75_seed45.log	python -m surveyor.envs.tworoom.eval --subgoal router+surveyor --gdm-ckpt gdm_tworoom_s10_gc_paired_e400v.pt --gdm-steps 50 --accept-tau 0.127 --receding-horizon 2 --mode long --goal-offset 75 --eval-budget 150 --h5 "$DATA/tworoom.h5" --source pretrained --encoder-id quentinll/lewm-tworooms --device cuda --eval-filter none --episode-min 4000 --goal-from-proprio --num-eval 64 --seed 45 --cem-seed 45 --retire-tau 0.10
548	tworoom	router_rt0.10_tauown	75	46	logs/rbT_tworoom_router_rt0.10_tauown_t75_seed46.log	python -m surveyor.envs.tworoom.eval --subgoal router+surveyor --gdm-ckpt gdm_tworoom_s10_gc_paired_e400v.pt --gdm-steps 50 --accept-tau 0.127 --receding-horizon 2 --mode long --goal-offset 75 --eval-budget 150 --h5 "$DATA/tworoom.h5" --source pretrained --encoder-id quentinll/lewm-tworooms --device cuda --eval-filter none --episode-min 4000 --goal-from-proprio --num-eval 64 --seed 46 --cem-seed 46 --retire-tau 0.10
549	tworoom	router_rt0.10_tauown	75	47	logs/rbT_tworoom_router_rt0.10_tauown_t75_seed47.log	python -m surveyor.envs.tworoom.eval --subgoal router+surveyor --gdm-ckpt gdm_tworoom_s10_gc_paired_e400v.pt --gdm-steps 50 --accept-tau 0.127 --receding-horizon 2 --mode long --goal-offset 75 --eval-budget 150 --h5 "$DATA/tworoom.h5" --source pretrained --encoder-id quentinll/lewm-tworooms --device cuda --eval-filter none --episode-min 4000 --goal-from-proprio --num-eval 64 --seed 47 --cem-seed 47 --retire-tau 0.10
550	tworoom	router_rt0.10_tauown	75	48	logs/rbT_tworoom_router_rt0.10_tauown_t75_seed48.log	python -m surveyor.envs.tworoom.eval --subgoal router+surveyor --gdm-ckpt gdm_tworoom_s10_gc_paired_e400v.pt --gdm-steps 50 --accept-tau 0.127 --receding-horizon 2 --mode long --goal-offset 75 --eval-budget 150 --h5 "$DATA/tworoom.h5" --source pretrained --encoder-id quentinll/lewm-tworooms --device cuda --eval-filter none --episode-min 4000 --goal-from-proprio --num-eval 64 --seed 48 --cem-seed 48 --retire-tau 0.10
551	tworoom	router_rt0.10_tauown	75	49	logs/rbT_tworoom_router_rt0.10_tauown_t75_seed49.log	python -m surveyor.envs.tworoom.eval --subgoal router+surveyor --gdm-ckpt gdm_tworoom_s10_gc_paired_e400v.pt --gdm-steps 50 --accept-tau 0.127 --receding-horizon 2 --mode long --goal-offset 75 --eval-budget 150 --h5 "$DATA/tworoom.h5" --source pretrained --encoder-id quentinll/lewm-tworooms --device cuda --eval-filter none --episode-min 4000 --goal-from-proprio --num-eval 64 --seed 49 --cem-seed 49 --retire-tau 0.10
552	tworoom	gcidm_router_tauown	25	42	logs/rbT_tworoom_gcidm_router_tauown_t25_seed42.log	python -m surveyor.envs.tworoom.eval --subgoal gcidm+surveyor --gcidm-ckpt gcidm_tworoom_h50.pt --gdm-ckpt gdm_tworoom_s10_gc_paired_e400v.pt --gdm-steps 50 --accept-tau 0.127 --sg-steps 10 --cstar-route --receding-horizon 2 --mode long --goal-offset 25 --eval-budget 50 --h5 "$DATA/tworoom.h5" --source pretrained --encoder-id quentinll/lewm-tworooms --device cuda --eval-filter none --episode-min 4000 --goal-from-proprio --num-eval 64 --seed 42 --cem-seed 42
553	tworoom	gcidm_router_tauown	25	43	logs/rbT_tworoom_gcidm_router_tauown_t25_seed43.log	python -m surveyor.envs.tworoom.eval --subgoal gcidm+surveyor --gcidm-ckpt gcidm_tworoom_h50.pt --gdm-ckpt gdm_tworoom_s10_gc_paired_e400v.pt --gdm-steps 50 --accept-tau 0.127 --sg-steps 10 --cstar-route --receding-horizon 2 --mode long --goal-offset 25 --eval-budget 50 --h5 "$DATA/tworoom.h5" --source pretrained --encoder-id quentinll/lewm-tworooms --device cuda --eval-filter none --episode-min 4000 --goal-from-proprio --num-eval 64 --seed 43 --cem-seed 43
554	tworoom	gcidm_router_tauown	25	44	logs/rbT_tworoom_gcidm_router_tauown_t25_seed44.log	python -m surveyor.envs.tworoom.eval --subgoal gcidm+surveyor --gcidm-ckpt gcidm_tworoom_h50.pt --gdm-ckpt gdm_tworoom_s10_gc_paired_e400v.pt --gdm-steps 50 --accept-tau 0.127 --sg-steps 10 --cstar-route --receding-horizon 2 --mode long --goal-offset 25 --eval-budget 50 --h5 "$DATA/tworoom.h5" --source pretrained --encoder-id quentinll/lewm-tworooms --device cuda --eval-filter none --episode-min 4000 --goal-from-proprio --num-eval 64 --seed 44 --cem-seed 44
555	tworoom	gcidm_router_tauown	25	45	logs/rbT_tworoom_gcidm_router_tauown_t25_seed45.log	python -m surveyor.envs.tworoom.eval --subgoal gcidm+surveyor --gcidm-ckpt gcidm_tworoom_h50.pt --gdm-ckpt gdm_tworoom_s10_gc_paired_e400v.pt --gdm-steps 50 --accept-tau 0.127 --sg-steps 10 --cstar-route --receding-horizon 2 --mode long --goal-offset 25 --eval-budget 50 --h5 "$DATA/tworoom.h5" --source pretrained --encoder-id quentinll/lewm-tworooms --device cuda --eval-filter none --episode-min 4000 --goal-from-proprio --num-eval 64 --seed 45 --cem-seed 45
556	tworoom	gcidm_router_tauown	25	46	logs/rbT_tworoom_gcidm_router_tauown_t25_seed46.log	python -m surveyor.envs.tworoom.eval --subgoal gcidm+surveyor --gcidm-ckpt gcidm_tworoom_h50.pt --gdm-ckpt gdm_tworoom_s10_gc_paired_e400v.pt --gdm-steps 50 --accept-tau 0.127 --sg-steps 10 --cstar-route --receding-horizon 2 --mode long --goal-offset 25 --eval-budget 50 --h5 "$DATA/tworoom.h5" --source pretrained --encoder-id quentinll/lewm-tworooms --device cuda --eval-filter none --episode-min 4000 --goal-from-proprio --num-eval 64 --seed 46 --cem-seed 46
557	tworoom	gcidm_router_tauown	25	47	logs/rbT_tworoom_gcidm_router_tauown_t25_seed47.log	python -m surveyor.envs.tworoom.eval --subgoal gcidm+surveyor --gcidm-ckpt gcidm_tworoom_h50.pt --gdm-ckpt gdm_tworoom_s10_gc_paired_e400v.pt --gdm-steps 50 --accept-tau 0.127 --sg-steps 10 --cstar-route --receding-horizon 2 --mode long --goal-offset 25 --eval-budget 50 --h5 "$DATA/tworoom.h5" --source pretrained --encoder-id quentinll/lewm-tworooms --device cuda --eval-filter none --episode-min 4000 --goal-from-proprio --num-eval 64 --seed 47 --cem-seed 47
558	tworoom	gcidm_router_tauown	25	48	logs/rbT_tworoom_gcidm_router_tauown_t25_seed48.log	python -m surveyor.envs.tworoom.eval --subgoal gcidm+surveyor --gcidm-ckpt gcidm_tworoom_h50.pt --gdm-ckpt gdm_tworoom_s10_gc_paired_e400v.pt --gdm-steps 50 --accept-tau 0.127 --sg-steps 10 --cstar-route --receding-horizon 2 --mode long --goal-offset 25 --eval-budget 50 --h5 "$DATA/tworoom.h5" --source pretrained --encoder-id quentinll/lewm-tworooms --device cuda --eval-filter none --episode-min 4000 --goal-from-proprio --num-eval 64 --seed 48 --cem-seed 48
559	tworoom	gcidm_router_tauown	25	49	logs/rbT_tworoom_gcidm_router_tauown_t25_seed49.log	python -m surveyor.envs.tworoom.eval --subgoal gcidm+surveyor --gcidm-ckpt gcidm_tworoom_h50.pt --gdm-ckpt gdm_tworoom_s10_gc_paired_e400v.pt --gdm-steps 50 --accept-tau 0.127 --sg-steps 10 --cstar-route --receding-horizon 2 --mode long --goal-offset 25 --eval-budget 50 --h5 "$DATA/tworoom.h5" --source pretrained --encoder-id quentinll/lewm-tworooms --device cuda --eval-filter none --episode-min 4000 --goal-from-proprio --num-eval 64 --seed 49 --cem-seed 49
560	tworoom	gcidm_router_tauown	50	42	logs/rbT_tworoom_gcidm_router_tauown_t50_seed42.log	python -m surveyor.envs.tworoom.eval --subgoal gcidm+surveyor --gcidm-ckpt gcidm_tworoom_h100.pt --gdm-ckpt gdm_tworoom_s10_gc_paired_e400v.pt --gdm-steps 50 --accept-tau 0.127 --sg-steps 10 --cstar-route --receding-horizon 2 --mode long --goal-offset 50 --eval-budget 100 --h5 "$DATA/tworoom.h5" --source pretrained --encoder-id quentinll/lewm-tworooms --device cuda --eval-filter none --episode-min 4000 --goal-from-proprio --num-eval 64 --seed 42 --cem-seed 42
561	tworoom	gcidm_router_tauown	50	43	logs/rbT_tworoom_gcidm_router_tauown_t50_seed43.log	python -m surveyor.envs.tworoom.eval --subgoal gcidm+surveyor --gcidm-ckpt gcidm_tworoom_h100.pt --gdm-ckpt gdm_tworoom_s10_gc_paired_e400v.pt --gdm-steps 50 --accept-tau 0.127 --sg-steps 10 --cstar-route --receding-horizon 2 --mode long --goal-offset 50 --eval-budget 100 --h5 "$DATA/tworoom.h5" --source pretrained --encoder-id quentinll/lewm-tworooms --device cuda --eval-filter none --episode-min 4000 --goal-from-proprio --num-eval 64 --seed 43 --cem-seed 43
562	tworoom	gcidm_router_tauown	50	44	logs/rbT_tworoom_gcidm_router_tauown_t50_seed44.log	python -m surveyor.envs.tworoom.eval --subgoal gcidm+surveyor --gcidm-ckpt gcidm_tworoom_h100.pt --gdm-ckpt gdm_tworoom_s10_gc_paired_e400v.pt --gdm-steps 50 --accept-tau 0.127 --sg-steps 10 --cstar-route --receding-horizon 2 --mode long --goal-offset 50 --eval-budget 100 --h5 "$DATA/tworoom.h5" --source pretrained --encoder-id quentinll/lewm-tworooms --device cuda --eval-filter none --episode-min 4000 --goal-from-proprio --num-eval 64 --seed 44 --cem-seed 44
563	tworoom	gcidm_router_tauown	50	45	logs/rbT_tworoom_gcidm_router_tauown_t50_seed45.log	python -m surveyor.envs.tworoom.eval --subgoal gcidm+surveyor --gcidm-ckpt gcidm_tworoom_h100.pt --gdm-ckpt gdm_tworoom_s10_gc_paired_e400v.pt --gdm-steps 50 --accept-tau 0.127 --sg-steps 10 --cstar-route --receding-horizon 2 --mode long --goal-offset 50 --eval-budget 100 --h5 "$DATA/tworoom.h5" --source pretrained --encoder-id quentinll/lewm-tworooms --device cuda --eval-filter none --episode-min 4000 --goal-from-proprio --num-eval 64 --seed 45 --cem-seed 45
564	tworoom	gcidm_router_tauown	50	46	logs/rbT_tworoom_gcidm_router_tauown_t50_seed46.log	python -m surveyor.envs.tworoom.eval --subgoal gcidm+surveyor --gcidm-ckpt gcidm_tworoom_h100.pt --gdm-ckpt gdm_tworoom_s10_gc_paired_e400v.pt --gdm-steps 50 --accept-tau 0.127 --sg-steps 10 --cstar-route --receding-horizon 2 --mode long --goal-offset 50 --eval-budget 100 --h5 "$DATA/tworoom.h5" --source pretrained --encoder-id quentinll/lewm-tworooms --device cuda --eval-filter none --episode-min 4000 --goal-from-proprio --num-eval 64 --seed 46 --cem-seed 46
565	tworoom	gcidm_router_tauown	50	47	logs/rbT_tworoom_gcidm_router_tauown_t50_seed47.log	python -m surveyor.envs.tworoom.eval --subgoal gcidm+surveyor --gcidm-ckpt gcidm_tworoom_h100.pt --gdm-ckpt gdm_tworoom_s10_gc_paired_e400v.pt --gdm-steps 50 --accept-tau 0.127 --sg-steps 10 --cstar-route --receding-horizon 2 --mode long --goal-offset 50 --eval-budget 100 --h5 "$DATA/tworoom.h5" --source pretrained --encoder-id quentinll/lewm-tworooms --device cuda --eval-filter none --episode-min 4000 --goal-from-proprio --num-eval 64 --seed 47 --cem-seed 47
566	tworoom	gcidm_router_tauown	50	48	logs/rbT_tworoom_gcidm_router_tauown_t50_seed48.log	python -m surveyor.envs.tworoom.eval --subgoal gcidm+surveyor --gcidm-ckpt gcidm_tworoom_h100.pt --gdm-ckpt gdm_tworoom_s10_gc_paired_e400v.pt --gdm-steps 50 --accept-tau 0.127 --sg-steps 10 --cstar-route --receding-horizon 2 --mode long --goal-offset 50 --eval-budget 100 --h5 "$DATA/tworoom.h5" --source pretrained --encoder-id quentinll/lewm-tworooms --device cuda --eval-filter none --episode-min 4000 --goal-from-proprio --num-eval 64 --seed 48 --cem-seed 48
567	tworoom	gcidm_router_tauown	50	49	logs/rbT_tworoom_gcidm_router_tauown_t50_seed49.log	python -m surveyor.envs.tworoom.eval --subgoal gcidm+surveyor --gcidm-ckpt gcidm_tworoom_h100.pt --gdm-ckpt gdm_tworoom_s10_gc_paired_e400v.pt --gdm-steps 50 --accept-tau 0.127 --sg-steps 10 --cstar-route --receding-horizon 2 --mode long --goal-offset 50 --eval-budget 100 --h5 "$DATA/tworoom.h5" --source pretrained --encoder-id quentinll/lewm-tworooms --device cuda --eval-filter none --episode-min 4000 --goal-from-proprio --num-eval 64 --seed 49 --cem-seed 49
568	tworoom	gcidm_router_tauown	75	42	logs/rbT_tworoom_gcidm_router_tauown_t75_seed42.log	python -m surveyor.envs.tworoom.eval --subgoal gcidm+surveyor --gcidm-ckpt gcidm_tworoom_h150.pt --gdm-ckpt gdm_tworoom_s10_gc_paired_e400v.pt --gdm-steps 50 --accept-tau 0.127 --sg-steps 10 --cstar-route --receding-horizon 2 --mode long --goal-offset 75 --eval-budget 150 --h5 "$DATA/tworoom.h5" --source pretrained --encoder-id quentinll/lewm-tworooms --device cuda --eval-filter none --episode-min 4000 --goal-from-proprio --num-eval 64 --seed 42 --cem-seed 42
569	tworoom	gcidm_router_tauown	75	43	logs/rbT_tworoom_gcidm_router_tauown_t75_seed43.log	python -m surveyor.envs.tworoom.eval --subgoal gcidm+surveyor --gcidm-ckpt gcidm_tworoom_h150.pt --gdm-ckpt gdm_tworoom_s10_gc_paired_e400v.pt --gdm-steps 50 --accept-tau 0.127 --sg-steps 10 --cstar-route --receding-horizon 2 --mode long --goal-offset 75 --eval-budget 150 --h5 "$DATA/tworoom.h5" --source pretrained --encoder-id quentinll/lewm-tworooms --device cuda --eval-filter none --episode-min 4000 --goal-from-proprio --num-eval 64 --seed 43 --cem-seed 43
570	tworoom	gcidm_router_tauown	75	44	logs/rbT_tworoom_gcidm_router_tauown_t75_seed44.log	python -m surveyor.envs.tworoom.eval --subgoal gcidm+surveyor --gcidm-ckpt gcidm_tworoom_h150.pt --gdm-ckpt gdm_tworoom_s10_gc_paired_e400v.pt --gdm-steps 50 --accept-tau 0.127 --sg-steps 10 --cstar-route --receding-horizon 2 --mode long --goal-offset 75 --eval-budget 150 --h5 "$DATA/tworoom.h5" --source pretrained --encoder-id quentinll/lewm-tworooms --device cuda --eval-filter none --episode-min 4000 --goal-from-proprio --num-eval 64 --seed 44 --cem-seed 44
571	tworoom	gcidm_router_tauown	75	45	logs/rbT_tworoom_gcidm_router_tauown_t75_seed45.log	python -m surveyor.envs.tworoom.eval --subgoal gcidm+surveyor --gcidm-ckpt gcidm_tworoom_h150.pt --gdm-ckpt gdm_tworoom_s10_gc_paired_e400v.pt --gdm-steps 50 --accept-tau 0.127 --sg-steps 10 --cstar-route --receding-horizon 2 --mode long --goal-offset 75 --eval-budget 150 --h5 "$DATA/tworoom.h5" --source pretrained --encoder-id quentinll/lewm-tworooms --device cuda --eval-filter none --episode-min 4000 --goal-from-proprio --num-eval 64 --seed 45 --cem-seed 45
572	tworoom	gcidm_router_tauown	75	46	logs/rbT_tworoom_gcidm_router_tauown_t75_seed46.log	python -m surveyor.envs.tworoom.eval --subgoal gcidm+surveyor --gcidm-ckpt gcidm_tworoom_h150.pt --gdm-ckpt gdm_tworoom_s10_gc_paired_e400v.pt --gdm-steps 50 --accept-tau 0.127 --sg-steps 10 --cstar-route --receding-horizon 2 --mode long --goal-offset 75 --eval-budget 150 --h5 "$DATA/tworoom.h5" --source pretrained --encoder-id quentinll/lewm-tworooms --device cuda --eval-filter none --episode-min 4000 --goal-from-proprio --num-eval 64 --seed 46 --cem-seed 46
573	tworoom	gcidm_router_tauown	75	47	logs/rbT_tworoom_gcidm_router_tauown_t75_seed47.log	python -m surveyor.envs.tworoom.eval --subgoal gcidm+surveyor --gcidm-ckpt gcidm_tworoom_h150.pt --gdm-ckpt gdm_tworoom_s10_gc_paired_e400v.pt --gdm-steps 50 --accept-tau 0.127 --sg-steps 10 --cstar-route --receding-horizon 2 --mode long --goal-offset 75 --eval-budget 150 --h5 "$DATA/tworoom.h5" --source pretrained --encoder-id quentinll/lewm-tworooms --device cuda --eval-filter none --episode-min 4000 --goal-from-proprio --num-eval 64 --seed 47 --cem-seed 47
574	tworoom	gcidm_router_tauown	75	48	logs/rbT_tworoom_gcidm_router_tauown_t75_seed48.log	python -m surveyor.envs.tworoom.eval --subgoal gcidm+surveyor --gcidm-ckpt gcidm_tworoom_h150.pt --gdm-ckpt gdm_tworoom_s10_gc_paired_e400v.pt --gdm-steps 50 --accept-tau 0.127 --sg-steps 10 --cstar-route --receding-horizon 2 --mode long --goal-offset 75 --eval-budget 150 --h5 "$DATA/tworoom.h5" --source pretrained --encoder-id quentinll/lewm-tworooms --device cuda --eval-filter none --episode-min 4000 --goal-from-proprio --num-eval 64 --seed 48 --cem-seed 48
575	tworoom	gcidm_router_tauown	75	49	logs/rbT_tworoom_gcidm_router_tauown_t75_seed49.log	python -m surveyor.envs.tworoom.eval --subgoal gcidm+surveyor --gcidm-ckpt gcidm_tworoom_h150.pt --gdm-ckpt gdm_tworoom_s10_gc_paired_e400v.pt --gdm-steps 50 --accept-tau 0.127 --sg-steps 10 --cstar-route --receding-horizon 2 --mode long --goal-offset 75 --eval-budget 150 --h5 "$DATA/tworoom.h5" --source pretrained --encoder-id quentinll/lewm-tworooms --device cuda --eval-filter none --episode-min 4000 --goal-from-proprio --num-eval 64 --seed 49 --cem-seed 49
576	tworoom	gcidm_surv_tauown	25	42	logs/rbT_tworoom_gcidm_surv_tauown_t25_seed42.log	python -m surveyor.envs.tworoom.eval --subgoal gcidm+surveyor --gcidm-ckpt gcidm_tworoom_h50.pt --gdm-ckpt gdm_tworoom_s10_gc_paired_e400v.pt --gdm-steps 50 --accept-tau 0.127 --sg-steps 10 --receding-horizon 2 --mode long --goal-offset 25 --eval-budget 50 --h5 "$DATA/tworoom.h5" --source pretrained --encoder-id quentinll/lewm-tworooms --device cuda --eval-filter none --episode-min 4000 --goal-from-proprio --num-eval 64 --seed 42 --cem-seed 42
577	tworoom	gcidm_surv_tauown	25	43	logs/rbT_tworoom_gcidm_surv_tauown_t25_seed43.log	python -m surveyor.envs.tworoom.eval --subgoal gcidm+surveyor --gcidm-ckpt gcidm_tworoom_h50.pt --gdm-ckpt gdm_tworoom_s10_gc_paired_e400v.pt --gdm-steps 50 --accept-tau 0.127 --sg-steps 10 --receding-horizon 2 --mode long --goal-offset 25 --eval-budget 50 --h5 "$DATA/tworoom.h5" --source pretrained --encoder-id quentinll/lewm-tworooms --device cuda --eval-filter none --episode-min 4000 --goal-from-proprio --num-eval 64 --seed 43 --cem-seed 43
578	tworoom	gcidm_surv_tauown	25	44	logs/rbT_tworoom_gcidm_surv_tauown_t25_seed44.log	python -m surveyor.envs.tworoom.eval --subgoal gcidm+surveyor --gcidm-ckpt gcidm_tworoom_h50.pt --gdm-ckpt gdm_tworoom_s10_gc_paired_e400v.pt --gdm-steps 50 --accept-tau 0.127 --sg-steps 10 --receding-horizon 2 --mode long --goal-offset 25 --eval-budget 50 --h5 "$DATA/tworoom.h5" --source pretrained --encoder-id quentinll/lewm-tworooms --device cuda --eval-filter none --episode-min 4000 --goal-from-proprio --num-eval 64 --seed 44 --cem-seed 44
579	tworoom	gcidm_surv_tauown	25	45	logs/rbT_tworoom_gcidm_surv_tauown_t25_seed45.log	python -m surveyor.envs.tworoom.eval --subgoal gcidm+surveyor --gcidm-ckpt gcidm_tworoom_h50.pt --gdm-ckpt gdm_tworoom_s10_gc_paired_e400v.pt --gdm-steps 50 --accept-tau 0.127 --sg-steps 10 --receding-horizon 2 --mode long --goal-offset 25 --eval-budget 50 --h5 "$DATA/tworoom.h5" --source pretrained --encoder-id quentinll/lewm-tworooms --device cuda --eval-filter none --episode-min 4000 --goal-from-proprio --num-eval 64 --seed 45 --cem-seed 45
580	tworoom	gcidm_surv_tauown	25	46	logs/rbT_tworoom_gcidm_surv_tauown_t25_seed46.log	python -m surveyor.envs.tworoom.eval --subgoal gcidm+surveyor --gcidm-ckpt gcidm_tworoom_h50.pt --gdm-ckpt gdm_tworoom_s10_gc_paired_e400v.pt --gdm-steps 50 --accept-tau 0.127 --sg-steps 10 --receding-horizon 2 --mode long --goal-offset 25 --eval-budget 50 --h5 "$DATA/tworoom.h5" --source pretrained --encoder-id quentinll/lewm-tworooms --device cuda --eval-filter none --episode-min 4000 --goal-from-proprio --num-eval 64 --seed 46 --cem-seed 46
581	tworoom	gcidm_surv_tauown	25	47	logs/rbT_tworoom_gcidm_surv_tauown_t25_seed47.log	python -m surveyor.envs.tworoom.eval --subgoal gcidm+surveyor --gcidm-ckpt gcidm_tworoom_h50.pt --gdm-ckpt gdm_tworoom_s10_gc_paired_e400v.pt --gdm-steps 50 --accept-tau 0.127 --sg-steps 10 --receding-horizon 2 --mode long --goal-offset 25 --eval-budget 50 --h5 "$DATA/tworoom.h5" --source pretrained --encoder-id quentinll/lewm-tworooms --device cuda --eval-filter none --episode-min 4000 --goal-from-proprio --num-eval 64 --seed 47 --cem-seed 47
582	tworoom	gcidm_surv_tauown	25	48	logs/rbT_tworoom_gcidm_surv_tauown_t25_seed48.log	python -m surveyor.envs.tworoom.eval --subgoal gcidm+surveyor --gcidm-ckpt gcidm_tworoom_h50.pt --gdm-ckpt gdm_tworoom_s10_gc_paired_e400v.pt --gdm-steps 50 --accept-tau 0.127 --sg-steps 10 --receding-horizon 2 --mode long --goal-offset 25 --eval-budget 50 --h5 "$DATA/tworoom.h5" --source pretrained --encoder-id quentinll/lewm-tworooms --device cuda --eval-filter none --episode-min 4000 --goal-from-proprio --num-eval 64 --seed 48 --cem-seed 48
583	tworoom	gcidm_surv_tauown	25	49	logs/rbT_tworoom_gcidm_surv_tauown_t25_seed49.log	python -m surveyor.envs.tworoom.eval --subgoal gcidm+surveyor --gcidm-ckpt gcidm_tworoom_h50.pt --gdm-ckpt gdm_tworoom_s10_gc_paired_e400v.pt --gdm-steps 50 --accept-tau 0.127 --sg-steps 10 --receding-horizon 2 --mode long --goal-offset 25 --eval-budget 50 --h5 "$DATA/tworoom.h5" --source pretrained --encoder-id quentinll/lewm-tworooms --device cuda --eval-filter none --episode-min 4000 --goal-from-proprio --num-eval 64 --seed 49 --cem-seed 49
584	tworoom	gcidm_surv_tauown	50	42	logs/rbT_tworoom_gcidm_surv_tauown_t50_seed42.log	python -m surveyor.envs.tworoom.eval --subgoal gcidm+surveyor --gcidm-ckpt gcidm_tworoom_h100.pt --gdm-ckpt gdm_tworoom_s10_gc_paired_e400v.pt --gdm-steps 50 --accept-tau 0.127 --sg-steps 10 --receding-horizon 2 --mode long --goal-offset 50 --eval-budget 100 --h5 "$DATA/tworoom.h5" --source pretrained --encoder-id quentinll/lewm-tworooms --device cuda --eval-filter none --episode-min 4000 --goal-from-proprio --num-eval 64 --seed 42 --cem-seed 42
585	tworoom	gcidm_surv_tauown	50	43	logs/rbT_tworoom_gcidm_surv_tauown_t50_seed43.log	python -m surveyor.envs.tworoom.eval --subgoal gcidm+surveyor --gcidm-ckpt gcidm_tworoom_h100.pt --gdm-ckpt gdm_tworoom_s10_gc_paired_e400v.pt --gdm-steps 50 --accept-tau 0.127 --sg-steps 10 --receding-horizon 2 --mode long --goal-offset 50 --eval-budget 100 --h5 "$DATA/tworoom.h5" --source pretrained --encoder-id quentinll/lewm-tworooms --device cuda --eval-filter none --episode-min 4000 --goal-from-proprio --num-eval 64 --seed 43 --cem-seed 43
586	tworoom	gcidm_surv_tauown	50	44	logs/rbT_tworoom_gcidm_surv_tauown_t50_seed44.log	python -m surveyor.envs.tworoom.eval --subgoal gcidm+surveyor --gcidm-ckpt gcidm_tworoom_h100.pt --gdm-ckpt gdm_tworoom_s10_gc_paired_e400v.pt --gdm-steps 50 --accept-tau 0.127 --sg-steps 10 --receding-horizon 2 --mode long --goal-offset 50 --eval-budget 100 --h5 "$DATA/tworoom.h5" --source pretrained --encoder-id quentinll/lewm-tworooms --device cuda --eval-filter none --episode-min 4000 --goal-from-proprio --num-eval 64 --seed 44 --cem-seed 44
587	tworoom	gcidm_surv_tauown	50	45	logs/rbT_tworoom_gcidm_surv_tauown_t50_seed45.log	python -m surveyor.envs.tworoom.eval --subgoal gcidm+surveyor --gcidm-ckpt gcidm_tworoom_h100.pt --gdm-ckpt gdm_tworoom_s10_gc_paired_e400v.pt --gdm-steps 50 --accept-tau 0.127 --sg-steps 10 --receding-horizon 2 --mode long --goal-offset 50 --eval-budget 100 --h5 "$DATA/tworoom.h5" --source pretrained --encoder-id quentinll/lewm-tworooms --device cuda --eval-filter none --episode-min 4000 --goal-from-proprio --num-eval 64 --seed 45 --cem-seed 45
588	tworoom	gcidm_surv_tauown	50	46	logs/rbT_tworoom_gcidm_surv_tauown_t50_seed46.log	python -m surveyor.envs.tworoom.eval --subgoal gcidm+surveyor --gcidm-ckpt gcidm_tworoom_h100.pt --gdm-ckpt gdm_tworoom_s10_gc_paired_e400v.pt --gdm-steps 50 --accept-tau 0.127 --sg-steps 10 --receding-horizon 2 --mode long --goal-offset 50 --eval-budget 100 --h5 "$DATA/tworoom.h5" --source pretrained --encoder-id quentinll/lewm-tworooms --device cuda --eval-filter none --episode-min 4000 --goal-from-proprio --num-eval 64 --seed 46 --cem-seed 46
589	tworoom	gcidm_surv_tauown	50	47	logs/rbT_tworoom_gcidm_surv_tauown_t50_seed47.log	python -m surveyor.envs.tworoom.eval --subgoal gcidm+surveyor --gcidm-ckpt gcidm_tworoom_h100.pt --gdm-ckpt gdm_tworoom_s10_gc_paired_e400v.pt --gdm-steps 50 --accept-tau 0.127 --sg-steps 10 --receding-horizon 2 --mode long --goal-offset 50 --eval-budget 100 --h5 "$DATA/tworoom.h5" --source pretrained --encoder-id quentinll/lewm-tworooms --device cuda --eval-filter none --episode-min 4000 --goal-from-proprio --num-eval 64 --seed 47 --cem-seed 47
590	tworoom	gcidm_surv_tauown	50	48	logs/rbT_tworoom_gcidm_surv_tauown_t50_seed48.log	python -m surveyor.envs.tworoom.eval --subgoal gcidm+surveyor --gcidm-ckpt gcidm_tworoom_h100.pt --gdm-ckpt gdm_tworoom_s10_gc_paired_e400v.pt --gdm-steps 50 --accept-tau 0.127 --sg-steps 10 --receding-horizon 2 --mode long --goal-offset 50 --eval-budget 100 --h5 "$DATA/tworoom.h5" --source pretrained --encoder-id quentinll/lewm-tworooms --device cuda --eval-filter none --episode-min 4000 --goal-from-proprio --num-eval 64 --seed 48 --cem-seed 48
591	tworoom	gcidm_surv_tauown	50	49	logs/rbT_tworoom_gcidm_surv_tauown_t50_seed49.log	python -m surveyor.envs.tworoom.eval --subgoal gcidm+surveyor --gcidm-ckpt gcidm_tworoom_h100.pt --gdm-ckpt gdm_tworoom_s10_gc_paired_e400v.pt --gdm-steps 50 --accept-tau 0.127 --sg-steps 10 --receding-horizon 2 --mode long --goal-offset 50 --eval-budget 100 --h5 "$DATA/tworoom.h5" --source pretrained --encoder-id quentinll/lewm-tworooms --device cuda --eval-filter none --episode-min 4000 --goal-from-proprio --num-eval 64 --seed 49 --cem-seed 49
592	tworoom	gcidm_surv_tauown	75	42	logs/rbT_tworoom_gcidm_surv_tauown_t75_seed42.log	python -m surveyor.envs.tworoom.eval --subgoal gcidm+surveyor --gcidm-ckpt gcidm_tworoom_h150.pt --gdm-ckpt gdm_tworoom_s10_gc_paired_e400v.pt --gdm-steps 50 --accept-tau 0.127 --sg-steps 10 --receding-horizon 2 --mode long --goal-offset 75 --eval-budget 150 --h5 "$DATA/tworoom.h5" --source pretrained --encoder-id quentinll/lewm-tworooms --device cuda --eval-filter none --episode-min 4000 --goal-from-proprio --num-eval 64 --seed 42 --cem-seed 42
593	tworoom	gcidm_surv_tauown	75	43	logs/rbT_tworoom_gcidm_surv_tauown_t75_seed43.log	python -m surveyor.envs.tworoom.eval --subgoal gcidm+surveyor --gcidm-ckpt gcidm_tworoom_h150.pt --gdm-ckpt gdm_tworoom_s10_gc_paired_e400v.pt --gdm-steps 50 --accept-tau 0.127 --sg-steps 10 --receding-horizon 2 --mode long --goal-offset 75 --eval-budget 150 --h5 "$DATA/tworoom.h5" --source pretrained --encoder-id quentinll/lewm-tworooms --device cuda --eval-filter none --episode-min 4000 --goal-from-proprio --num-eval 64 --seed 43 --cem-seed 43
594	tworoom	gcidm_surv_tauown	75	44	logs/rbT_tworoom_gcidm_surv_tauown_t75_seed44.log	python -m surveyor.envs.tworoom.eval --subgoal gcidm+surveyor --gcidm-ckpt gcidm_tworoom_h150.pt --gdm-ckpt gdm_tworoom_s10_gc_paired_e400v.pt --gdm-steps 50 --accept-tau 0.127 --sg-steps 10 --receding-horizon 2 --mode long --goal-offset 75 --eval-budget 150 --h5 "$DATA/tworoom.h5" --source pretrained --encoder-id quentinll/lewm-tworooms --device cuda --eval-filter none --episode-min 4000 --goal-from-proprio --num-eval 64 --seed 44 --cem-seed 44
595	tworoom	gcidm_surv_tauown	75	45	logs/rbT_tworoom_gcidm_surv_tauown_t75_seed45.log	python -m surveyor.envs.tworoom.eval --subgoal gcidm+surveyor --gcidm-ckpt gcidm_tworoom_h150.pt --gdm-ckpt gdm_tworoom_s10_gc_paired_e400v.pt --gdm-steps 50 --accept-tau 0.127 --sg-steps 10 --receding-horizon 2 --mode long --goal-offset 75 --eval-budget 150 --h5 "$DATA/tworoom.h5" --source pretrained --encoder-id quentinll/lewm-tworooms --device cuda --eval-filter none --episode-min 4000 --goal-from-proprio --num-eval 64 --seed 45 --cem-seed 45
596	tworoom	gcidm_surv_tauown	75	46	logs/rbT_tworoom_gcidm_surv_tauown_t75_seed46.log	python -m surveyor.envs.tworoom.eval --subgoal gcidm+surveyor --gcidm-ckpt gcidm_tworoom_h150.pt --gdm-ckpt gdm_tworoom_s10_gc_paired_e400v.pt --gdm-steps 50 --accept-tau 0.127 --sg-steps 10 --receding-horizon 2 --mode long --goal-offset 75 --eval-budget 150 --h5 "$DATA/tworoom.h5" --source pretrained --encoder-id quentinll/lewm-tworooms --device cuda --eval-filter none --episode-min 4000 --goal-from-proprio --num-eval 64 --seed 46 --cem-seed 46
597	tworoom	gcidm_surv_tauown	75	47	logs/rbT_tworoom_gcidm_surv_tauown_t75_seed47.log	python -m surveyor.envs.tworoom.eval --subgoal gcidm+surveyor --gcidm-ckpt gcidm_tworoom_h150.pt --gdm-ckpt gdm_tworoom_s10_gc_paired_e400v.pt --gdm-steps 50 --accept-tau 0.127 --sg-steps 10 --receding-horizon 2 --mode long --goal-offset 75 --eval-budget 150 --h5 "$DATA/tworoom.h5" --source pretrained --encoder-id quentinll/lewm-tworooms --device cuda --eval-filter none --episode-min 4000 --goal-from-proprio --num-eval 64 --seed 47 --cem-seed 47
598	tworoom	gcidm_surv_tauown	75	48	logs/rbT_tworoom_gcidm_surv_tauown_t75_seed48.log	python -m surveyor.envs.tworoom.eval --subgoal gcidm+surveyor --gcidm-ckpt gcidm_tworoom_h150.pt --gdm-ckpt gdm_tworoom_s10_gc_paired_e400v.pt --gdm-steps 50 --accept-tau 0.127 --sg-steps 10 --receding-horizon 2 --mode long --goal-offset 75 --eval-budget 150 --h5 "$DATA/tworoom.h5" --source pretrained --encoder-id quentinll/lewm-tworooms --device cuda --eval-filter none --episode-min 4000 --goal-from-proprio --num-eval 64 --seed 48 --cem-seed 48
599	tworoom	gcidm_surv_tauown	75	49	logs/rbT_tworoom_gcidm_surv_tauown_t75_seed49.log	python -m surveyor.envs.tworoom.eval --subgoal gcidm+surveyor --gcidm-ckpt gcidm_tworoom_h150.pt --gdm-ckpt gdm_tworoom_s10_gc_paired_e400v.pt --gdm-steps 50 --accept-tau 0.127 --sg-steps 10 --receding-horizon 2 --mode long --goal-offset 75 --eval-budget 150 --h5 "$DATA/tworoom.h5" --source pretrained --encoder-id quentinll/lewm-tworooms --device cuda --eval-filter none --episode-min 4000 --goal-from-proprio --num-eval 64 --seed 49 --cem-seed 49
600	tworoom	leflow_accept_tauown	25	42	logs/rbT_tworoom_leflow_accept_tauown_t25_seed42.log	python -m surveyor.envs.tworoom.eval --subgoal leflow+surveyor --leflow-ckpt leflow/tworoom/latent_planner.pt --leflow-stats leflow/tworoom/action_stats.json --gdm-ckpt gdm_tworoom_s10_gc_paired_e400v.pt --gdm-steps 50 --accept-tau 0.127 --sg-steps 10 --receding-horizon 2 --mode long --goal-offset 25 --eval-budget 50 --h5 "$DATA/tworoom.h5" --source pretrained --encoder-id quentinll/lewm-tworooms --device cuda --eval-filter none --episode-min 4000 --goal-from-proprio --num-eval 64 --seed 42 --cem-seed 42
601	tworoom	leflow_accept_tauown	25	43	logs/rbT_tworoom_leflow_accept_tauown_t25_seed43.log	python -m surveyor.envs.tworoom.eval --subgoal leflow+surveyor --leflow-ckpt leflow/tworoom/latent_planner.pt --leflow-stats leflow/tworoom/action_stats.json --gdm-ckpt gdm_tworoom_s10_gc_paired_e400v.pt --gdm-steps 50 --accept-tau 0.127 --sg-steps 10 --receding-horizon 2 --mode long --goal-offset 25 --eval-budget 50 --h5 "$DATA/tworoom.h5" --source pretrained --encoder-id quentinll/lewm-tworooms --device cuda --eval-filter none --episode-min 4000 --goal-from-proprio --num-eval 64 --seed 43 --cem-seed 43
602	tworoom	leflow_accept_tauown	25	44	logs/rbT_tworoom_leflow_accept_tauown_t25_seed44.log	python -m surveyor.envs.tworoom.eval --subgoal leflow+surveyor --leflow-ckpt leflow/tworoom/latent_planner.pt --leflow-stats leflow/tworoom/action_stats.json --gdm-ckpt gdm_tworoom_s10_gc_paired_e400v.pt --gdm-steps 50 --accept-tau 0.127 --sg-steps 10 --receding-horizon 2 --mode long --goal-offset 25 --eval-budget 50 --h5 "$DATA/tworoom.h5" --source pretrained --encoder-id quentinll/lewm-tworooms --device cuda --eval-filter none --episode-min 4000 --goal-from-proprio --num-eval 64 --seed 44 --cem-seed 44
603	tworoom	leflow_accept_tauown	25	45	logs/rbT_tworoom_leflow_accept_tauown_t25_seed45.log	python -m surveyor.envs.tworoom.eval --subgoal leflow+surveyor --leflow-ckpt leflow/tworoom/latent_planner.pt --leflow-stats leflow/tworoom/action_stats.json --gdm-ckpt gdm_tworoom_s10_gc_paired_e400v.pt --gdm-steps 50 --accept-tau 0.127 --sg-steps 10 --receding-horizon 2 --mode long --goal-offset 25 --eval-budget 50 --h5 "$DATA/tworoom.h5" --source pretrained --encoder-id quentinll/lewm-tworooms --device cuda --eval-filter none --episode-min 4000 --goal-from-proprio --num-eval 64 --seed 45 --cem-seed 45
604	tworoom	leflow_accept_tauown	25	46	logs/rbT_tworoom_leflow_accept_tauown_t25_seed46.log	python -m surveyor.envs.tworoom.eval --subgoal leflow+surveyor --leflow-ckpt leflow/tworoom/latent_planner.pt --leflow-stats leflow/tworoom/action_stats.json --gdm-ckpt gdm_tworoom_s10_gc_paired_e400v.pt --gdm-steps 50 --accept-tau 0.127 --sg-steps 10 --receding-horizon 2 --mode long --goal-offset 25 --eval-budget 50 --h5 "$DATA/tworoom.h5" --source pretrained --encoder-id quentinll/lewm-tworooms --device cuda --eval-filter none --episode-min 4000 --goal-from-proprio --num-eval 64 --seed 46 --cem-seed 46
605	tworoom	leflow_accept_tauown	25	47	logs/rbT_tworoom_leflow_accept_tauown_t25_seed47.log	python -m surveyor.envs.tworoom.eval --subgoal leflow+surveyor --leflow-ckpt leflow/tworoom/latent_planner.pt --leflow-stats leflow/tworoom/action_stats.json --gdm-ckpt gdm_tworoom_s10_gc_paired_e400v.pt --gdm-steps 50 --accept-tau 0.127 --sg-steps 10 --receding-horizon 2 --mode long --goal-offset 25 --eval-budget 50 --h5 "$DATA/tworoom.h5" --source pretrained --encoder-id quentinll/lewm-tworooms --device cuda --eval-filter none --episode-min 4000 --goal-from-proprio --num-eval 64 --seed 47 --cem-seed 47
606	tworoom	leflow_accept_tauown	25	48	logs/rbT_tworoom_leflow_accept_tauown_t25_seed48.log	python -m surveyor.envs.tworoom.eval --subgoal leflow+surveyor --leflow-ckpt leflow/tworoom/latent_planner.pt --leflow-stats leflow/tworoom/action_stats.json --gdm-ckpt gdm_tworoom_s10_gc_paired_e400v.pt --gdm-steps 50 --accept-tau 0.127 --sg-steps 10 --receding-horizon 2 --mode long --goal-offset 25 --eval-budget 50 --h5 "$DATA/tworoom.h5" --source pretrained --encoder-id quentinll/lewm-tworooms --device cuda --eval-filter none --episode-min 4000 --goal-from-proprio --num-eval 64 --seed 48 --cem-seed 48
607	tworoom	leflow_accept_tauown	25	49	logs/rbT_tworoom_leflow_accept_tauown_t25_seed49.log	python -m surveyor.envs.tworoom.eval --subgoal leflow+surveyor --leflow-ckpt leflow/tworoom/latent_planner.pt --leflow-stats leflow/tworoom/action_stats.json --gdm-ckpt gdm_tworoom_s10_gc_paired_e400v.pt --gdm-steps 50 --accept-tau 0.127 --sg-steps 10 --receding-horizon 2 --mode long --goal-offset 25 --eval-budget 50 --h5 "$DATA/tworoom.h5" --source pretrained --encoder-id quentinll/lewm-tworooms --device cuda --eval-filter none --episode-min 4000 --goal-from-proprio --num-eval 64 --seed 49 --cem-seed 49
608	tworoom	leflow_accept_tauown	50	42	logs/rbT_tworoom_leflow_accept_tauown_t50_seed42.log	python -m surveyor.envs.tworoom.eval --subgoal leflow+surveyor --leflow-ckpt leflow/tworoom/latent_planner.pt --leflow-stats leflow/tworoom/action_stats.json --gdm-ckpt gdm_tworoom_s10_gc_paired_e400v.pt --gdm-steps 50 --accept-tau 0.127 --sg-steps 10 --receding-horizon 2 --mode long --goal-offset 50 --eval-budget 100 --h5 "$DATA/tworoom.h5" --source pretrained --encoder-id quentinll/lewm-tworooms --device cuda --eval-filter none --episode-min 4000 --goal-from-proprio --num-eval 64 --seed 42 --cem-seed 42
609	tworoom	leflow_accept_tauown	50	43	logs/rbT_tworoom_leflow_accept_tauown_t50_seed43.log	python -m surveyor.envs.tworoom.eval --subgoal leflow+surveyor --leflow-ckpt leflow/tworoom/latent_planner.pt --leflow-stats leflow/tworoom/action_stats.json --gdm-ckpt gdm_tworoom_s10_gc_paired_e400v.pt --gdm-steps 50 --accept-tau 0.127 --sg-steps 10 --receding-horizon 2 --mode long --goal-offset 50 --eval-budget 100 --h5 "$DATA/tworoom.h5" --source pretrained --encoder-id quentinll/lewm-tworooms --device cuda --eval-filter none --episode-min 4000 --goal-from-proprio --num-eval 64 --seed 43 --cem-seed 43
610	tworoom	leflow_accept_tauown	50	44	logs/rbT_tworoom_leflow_accept_tauown_t50_seed44.log	python -m surveyor.envs.tworoom.eval --subgoal leflow+surveyor --leflow-ckpt leflow/tworoom/latent_planner.pt --leflow-stats leflow/tworoom/action_stats.json --gdm-ckpt gdm_tworoom_s10_gc_paired_e400v.pt --gdm-steps 50 --accept-tau 0.127 --sg-steps 10 --receding-horizon 2 --mode long --goal-offset 50 --eval-budget 100 --h5 "$DATA/tworoom.h5" --source pretrained --encoder-id quentinll/lewm-tworooms --device cuda --eval-filter none --episode-min 4000 --goal-from-proprio --num-eval 64 --seed 44 --cem-seed 44
611	tworoom	leflow_accept_tauown	50	45	logs/rbT_tworoom_leflow_accept_tauown_t50_seed45.log	python -m surveyor.envs.tworoom.eval --subgoal leflow+surveyor --leflow-ckpt leflow/tworoom/latent_planner.pt --leflow-stats leflow/tworoom/action_stats.json --gdm-ckpt gdm_tworoom_s10_gc_paired_e400v.pt --gdm-steps 50 --accept-tau 0.127 --sg-steps 10 --receding-horizon 2 --mode long --goal-offset 50 --eval-budget 100 --h5 "$DATA/tworoom.h5" --source pretrained --encoder-id quentinll/lewm-tworooms --device cuda --eval-filter none --episode-min 4000 --goal-from-proprio --num-eval 64 --seed 45 --cem-seed 45
612	tworoom	leflow_accept_tauown	50	46	logs/rbT_tworoom_leflow_accept_tauown_t50_seed46.log	python -m surveyor.envs.tworoom.eval --subgoal leflow+surveyor --leflow-ckpt leflow/tworoom/latent_planner.pt --leflow-stats leflow/tworoom/action_stats.json --gdm-ckpt gdm_tworoom_s10_gc_paired_e400v.pt --gdm-steps 50 --accept-tau 0.127 --sg-steps 10 --receding-horizon 2 --mode long --goal-offset 50 --eval-budget 100 --h5 "$DATA/tworoom.h5" --source pretrained --encoder-id quentinll/lewm-tworooms --device cuda --eval-filter none --episode-min 4000 --goal-from-proprio --num-eval 64 --seed 46 --cem-seed 46
613	tworoom	leflow_accept_tauown	50	47	logs/rbT_tworoom_leflow_accept_tauown_t50_seed47.log	python -m surveyor.envs.tworoom.eval --subgoal leflow+surveyor --leflow-ckpt leflow/tworoom/latent_planner.pt --leflow-stats leflow/tworoom/action_stats.json --gdm-ckpt gdm_tworoom_s10_gc_paired_e400v.pt --gdm-steps 50 --accept-tau 0.127 --sg-steps 10 --receding-horizon 2 --mode long --goal-offset 50 --eval-budget 100 --h5 "$DATA/tworoom.h5" --source pretrained --encoder-id quentinll/lewm-tworooms --device cuda --eval-filter none --episode-min 4000 --goal-from-proprio --num-eval 64 --seed 47 --cem-seed 47
614	tworoom	leflow_accept_tauown	50	48	logs/rbT_tworoom_leflow_accept_tauown_t50_seed48.log	python -m surveyor.envs.tworoom.eval --subgoal leflow+surveyor --leflow-ckpt leflow/tworoom/latent_planner.pt --leflow-stats leflow/tworoom/action_stats.json --gdm-ckpt gdm_tworoom_s10_gc_paired_e400v.pt --gdm-steps 50 --accept-tau 0.127 --sg-steps 10 --receding-horizon 2 --mode long --goal-offset 50 --eval-budget 100 --h5 "$DATA/tworoom.h5" --source pretrained --encoder-id quentinll/lewm-tworooms --device cuda --eval-filter none --episode-min 4000 --goal-from-proprio --num-eval 64 --seed 48 --cem-seed 48
615	tworoom	leflow_accept_tauown	50	49	logs/rbT_tworoom_leflow_accept_tauown_t50_seed49.log	python -m surveyor.envs.tworoom.eval --subgoal leflow+surveyor --leflow-ckpt leflow/tworoom/latent_planner.pt --leflow-stats leflow/tworoom/action_stats.json --gdm-ckpt gdm_tworoom_s10_gc_paired_e400v.pt --gdm-steps 50 --accept-tau 0.127 --sg-steps 10 --receding-horizon 2 --mode long --goal-offset 50 --eval-budget 100 --h5 "$DATA/tworoom.h5" --source pretrained --encoder-id quentinll/lewm-tworooms --device cuda --eval-filter none --episode-min 4000 --goal-from-proprio --num-eval 64 --seed 49 --cem-seed 49
616	tworoom	leflow_accept_tauown	75	42	logs/rbT_tworoom_leflow_accept_tauown_t75_seed42.log	python -m surveyor.envs.tworoom.eval --subgoal leflow+surveyor --leflow-ckpt leflow/tworoom/latent_planner.pt --leflow-stats leflow/tworoom/action_stats.json --gdm-ckpt gdm_tworoom_s10_gc_paired_e400v.pt --gdm-steps 50 --accept-tau 0.127 --sg-steps 10 --receding-horizon 2 --mode long --goal-offset 75 --eval-budget 150 --h5 "$DATA/tworoom.h5" --source pretrained --encoder-id quentinll/lewm-tworooms --device cuda --eval-filter none --episode-min 4000 --goal-from-proprio --num-eval 64 --seed 42 --cem-seed 42
617	tworoom	leflow_accept_tauown	75	43	logs/rbT_tworoom_leflow_accept_tauown_t75_seed43.log	python -m surveyor.envs.tworoom.eval --subgoal leflow+surveyor --leflow-ckpt leflow/tworoom/latent_planner.pt --leflow-stats leflow/tworoom/action_stats.json --gdm-ckpt gdm_tworoom_s10_gc_paired_e400v.pt --gdm-steps 50 --accept-tau 0.127 --sg-steps 10 --receding-horizon 2 --mode long --goal-offset 75 --eval-budget 150 --h5 "$DATA/tworoom.h5" --source pretrained --encoder-id quentinll/lewm-tworooms --device cuda --eval-filter none --episode-min 4000 --goal-from-proprio --num-eval 64 --seed 43 --cem-seed 43
618	tworoom	leflow_accept_tauown	75	44	logs/rbT_tworoom_leflow_accept_tauown_t75_seed44.log	python -m surveyor.envs.tworoom.eval --subgoal leflow+surveyor --leflow-ckpt leflow/tworoom/latent_planner.pt --leflow-stats leflow/tworoom/action_stats.json --gdm-ckpt gdm_tworoom_s10_gc_paired_e400v.pt --gdm-steps 50 --accept-tau 0.127 --sg-steps 10 --receding-horizon 2 --mode long --goal-offset 75 --eval-budget 150 --h5 "$DATA/tworoom.h5" --source pretrained --encoder-id quentinll/lewm-tworooms --device cuda --eval-filter none --episode-min 4000 --goal-from-proprio --num-eval 64 --seed 44 --cem-seed 44
619	tworoom	leflow_accept_tauown	75	45	logs/rbT_tworoom_leflow_accept_tauown_t75_seed45.log	python -m surveyor.envs.tworoom.eval --subgoal leflow+surveyor --leflow-ckpt leflow/tworoom/latent_planner.pt --leflow-stats leflow/tworoom/action_stats.json --gdm-ckpt gdm_tworoom_s10_gc_paired_e400v.pt --gdm-steps 50 --accept-tau 0.127 --sg-steps 10 --receding-horizon 2 --mode long --goal-offset 75 --eval-budget 150 --h5 "$DATA/tworoom.h5" --source pretrained --encoder-id quentinll/lewm-tworooms --device cuda --eval-filter none --episode-min 4000 --goal-from-proprio --num-eval 64 --seed 45 --cem-seed 45
620	tworoom	leflow_accept_tauown	75	46	logs/rbT_tworoom_leflow_accept_tauown_t75_seed46.log	python -m surveyor.envs.tworoom.eval --subgoal leflow+surveyor --leflow-ckpt leflow/tworoom/latent_planner.pt --leflow-stats leflow/tworoom/action_stats.json --gdm-ckpt gdm_tworoom_s10_gc_paired_e400v.pt --gdm-steps 50 --accept-tau 0.127 --sg-steps 10 --receding-horizon 2 --mode long --goal-offset 75 --eval-budget 150 --h5 "$DATA/tworoom.h5" --source pretrained --encoder-id quentinll/lewm-tworooms --device cuda --eval-filter none --episode-min 4000 --goal-from-proprio --num-eval 64 --seed 46 --cem-seed 46
621	tworoom	leflow_accept_tauown	75	47	logs/rbT_tworoom_leflow_accept_tauown_t75_seed47.log	python -m surveyor.envs.tworoom.eval --subgoal leflow+surveyor --leflow-ckpt leflow/tworoom/latent_planner.pt --leflow-stats leflow/tworoom/action_stats.json --gdm-ckpt gdm_tworoom_s10_gc_paired_e400v.pt --gdm-steps 50 --accept-tau 0.127 --sg-steps 10 --receding-horizon 2 --mode long --goal-offset 75 --eval-budget 150 --h5 "$DATA/tworoom.h5" --source pretrained --encoder-id quentinll/lewm-tworooms --device cuda --eval-filter none --episode-min 4000 --goal-from-proprio --num-eval 64 --seed 47 --cem-seed 47
622	tworoom	leflow_accept_tauown	75	48	logs/rbT_tworoom_leflow_accept_tauown_t75_seed48.log	python -m surveyor.envs.tworoom.eval --subgoal leflow+surveyor --leflow-ckpt leflow/tworoom/latent_planner.pt --leflow-stats leflow/tworoom/action_stats.json --gdm-ckpt gdm_tworoom_s10_gc_paired_e400v.pt --gdm-steps 50 --accept-tau 0.127 --sg-steps 10 --receding-horizon 2 --mode long --goal-offset 75 --eval-budget 150 --h5 "$DATA/tworoom.h5" --source pretrained --encoder-id quentinll/lewm-tworooms --device cuda --eval-filter none --episode-min 4000 --goal-from-proprio --num-eval 64 --seed 48 --cem-seed 48
623	tworoom	leflow_accept_tauown	75	49	logs/rbT_tworoom_leflow_accept_tauown_t75_seed49.log	python -m surveyor.envs.tworoom.eval --subgoal leflow+surveyor --leflow-ckpt leflow/tworoom/latent_planner.pt --leflow-stats leflow/tworoom/action_stats.json --gdm-ckpt gdm_tworoom_s10_gc_paired_e400v.pt --gdm-steps 50 --accept-tau 0.127 --sg-steps 10 --receding-horizon 2 --mode long --goal-offset 75 --eval-budget 150 --h5 "$DATA/tworoom.h5" --source pretrained --encoder-id quentinll/lewm-tworooms --device cuda --eval-filter none --episode-min 4000 --goal-from-proprio --num-eval 64 --seed 49 --cem-seed 49
624	tworoom	leflow_router_tauown	25	42	logs/rbT_tworoom_leflow_router_tauown_t25_seed42.log	python -m surveyor.envs.tworoom.eval --subgoal leflow+surveyor --leflow-ckpt leflow/tworoom/latent_planner.pt --leflow-stats leflow/tworoom/action_stats.json --gdm-ckpt gdm_tworoom_s10_gc_paired_e400v.pt --gdm-steps 50 --accept-tau 0.127 --sg-steps 10 --cstar-route --receding-horizon 2 --mode long --goal-offset 25 --eval-budget 50 --h5 "$DATA/tworoom.h5" --source pretrained --encoder-id quentinll/lewm-tworooms --device cuda --eval-filter none --episode-min 4000 --goal-from-proprio --num-eval 64 --seed 42 --cem-seed 42
625	tworoom	leflow_router_tauown	25	43	logs/rbT_tworoom_leflow_router_tauown_t25_seed43.log	python -m surveyor.envs.tworoom.eval --subgoal leflow+surveyor --leflow-ckpt leflow/tworoom/latent_planner.pt --leflow-stats leflow/tworoom/action_stats.json --gdm-ckpt gdm_tworoom_s10_gc_paired_e400v.pt --gdm-steps 50 --accept-tau 0.127 --sg-steps 10 --cstar-route --receding-horizon 2 --mode long --goal-offset 25 --eval-budget 50 --h5 "$DATA/tworoom.h5" --source pretrained --encoder-id quentinll/lewm-tworooms --device cuda --eval-filter none --episode-min 4000 --goal-from-proprio --num-eval 64 --seed 43 --cem-seed 43
626	tworoom	leflow_router_tauown	25	44	logs/rbT_tworoom_leflow_router_tauown_t25_seed44.log	python -m surveyor.envs.tworoom.eval --subgoal leflow+surveyor --leflow-ckpt leflow/tworoom/latent_planner.pt --leflow-stats leflow/tworoom/action_stats.json --gdm-ckpt gdm_tworoom_s10_gc_paired_e400v.pt --gdm-steps 50 --accept-tau 0.127 --sg-steps 10 --cstar-route --receding-horizon 2 --mode long --goal-offset 25 --eval-budget 50 --h5 "$DATA/tworoom.h5" --source pretrained --encoder-id quentinll/lewm-tworooms --device cuda --eval-filter none --episode-min 4000 --goal-from-proprio --num-eval 64 --seed 44 --cem-seed 44
627	tworoom	leflow_router_tauown	25	45	logs/rbT_tworoom_leflow_router_tauown_t25_seed45.log	python -m surveyor.envs.tworoom.eval --subgoal leflow+surveyor --leflow-ckpt leflow/tworoom/latent_planner.pt --leflow-stats leflow/tworoom/action_stats.json --gdm-ckpt gdm_tworoom_s10_gc_paired_e400v.pt --gdm-steps 50 --accept-tau 0.127 --sg-steps 10 --cstar-route --receding-horizon 2 --mode long --goal-offset 25 --eval-budget 50 --h5 "$DATA/tworoom.h5" --source pretrained --encoder-id quentinll/lewm-tworooms --device cuda --eval-filter none --episode-min 4000 --goal-from-proprio --num-eval 64 --seed 45 --cem-seed 45
628	tworoom	leflow_router_tauown	25	46	logs/rbT_tworoom_leflow_router_tauown_t25_seed46.log	python -m surveyor.envs.tworoom.eval --subgoal leflow+surveyor --leflow-ckpt leflow/tworoom/latent_planner.pt --leflow-stats leflow/tworoom/action_stats.json --gdm-ckpt gdm_tworoom_s10_gc_paired_e400v.pt --gdm-steps 50 --accept-tau 0.127 --sg-steps 10 --cstar-route --receding-horizon 2 --mode long --goal-offset 25 --eval-budget 50 --h5 "$DATA/tworoom.h5" --source pretrained --encoder-id quentinll/lewm-tworooms --device cuda --eval-filter none --episode-min 4000 --goal-from-proprio --num-eval 64 --seed 46 --cem-seed 46
629	tworoom	leflow_router_tauown	25	47	logs/rbT_tworoom_leflow_router_tauown_t25_seed47.log	python -m surveyor.envs.tworoom.eval --subgoal leflow+surveyor --leflow-ckpt leflow/tworoom/latent_planner.pt --leflow-stats leflow/tworoom/action_stats.json --gdm-ckpt gdm_tworoom_s10_gc_paired_e400v.pt --gdm-steps 50 --accept-tau 0.127 --sg-steps 10 --cstar-route --receding-horizon 2 --mode long --goal-offset 25 --eval-budget 50 --h5 "$DATA/tworoom.h5" --source pretrained --encoder-id quentinll/lewm-tworooms --device cuda --eval-filter none --episode-min 4000 --goal-from-proprio --num-eval 64 --seed 47 --cem-seed 47
630	tworoom	leflow_router_tauown	25	48	logs/rbT_tworoom_leflow_router_tauown_t25_seed48.log	python -m surveyor.envs.tworoom.eval --subgoal leflow+surveyor --leflow-ckpt leflow/tworoom/latent_planner.pt --leflow-stats leflow/tworoom/action_stats.json --gdm-ckpt gdm_tworoom_s10_gc_paired_e400v.pt --gdm-steps 50 --accept-tau 0.127 --sg-steps 10 --cstar-route --receding-horizon 2 --mode long --goal-offset 25 --eval-budget 50 --h5 "$DATA/tworoom.h5" --source pretrained --encoder-id quentinll/lewm-tworooms --device cuda --eval-filter none --episode-min 4000 --goal-from-proprio --num-eval 64 --seed 48 --cem-seed 48
631	tworoom	leflow_router_tauown	25	49	logs/rbT_tworoom_leflow_router_tauown_t25_seed49.log	python -m surveyor.envs.tworoom.eval --subgoal leflow+surveyor --leflow-ckpt leflow/tworoom/latent_planner.pt --leflow-stats leflow/tworoom/action_stats.json --gdm-ckpt gdm_tworoom_s10_gc_paired_e400v.pt --gdm-steps 50 --accept-tau 0.127 --sg-steps 10 --cstar-route --receding-horizon 2 --mode long --goal-offset 25 --eval-budget 50 --h5 "$DATA/tworoom.h5" --source pretrained --encoder-id quentinll/lewm-tworooms --device cuda --eval-filter none --episode-min 4000 --goal-from-proprio --num-eval 64 --seed 49 --cem-seed 49
632	tworoom	leflow_router_tauown	50	42	logs/rbT_tworoom_leflow_router_tauown_t50_seed42.log	python -m surveyor.envs.tworoom.eval --subgoal leflow+surveyor --leflow-ckpt leflow/tworoom/latent_planner.pt --leflow-stats leflow/tworoom/action_stats.json --gdm-ckpt gdm_tworoom_s10_gc_paired_e400v.pt --gdm-steps 50 --accept-tau 0.127 --sg-steps 10 --cstar-route --receding-horizon 2 --mode long --goal-offset 50 --eval-budget 100 --h5 "$DATA/tworoom.h5" --source pretrained --encoder-id quentinll/lewm-tworooms --device cuda --eval-filter none --episode-min 4000 --goal-from-proprio --num-eval 64 --seed 42 --cem-seed 42
633	tworoom	leflow_router_tauown	50	43	logs/rbT_tworoom_leflow_router_tauown_t50_seed43.log	python -m surveyor.envs.tworoom.eval --subgoal leflow+surveyor --leflow-ckpt leflow/tworoom/latent_planner.pt --leflow-stats leflow/tworoom/action_stats.json --gdm-ckpt gdm_tworoom_s10_gc_paired_e400v.pt --gdm-steps 50 --accept-tau 0.127 --sg-steps 10 --cstar-route --receding-horizon 2 --mode long --goal-offset 50 --eval-budget 100 --h5 "$DATA/tworoom.h5" --source pretrained --encoder-id quentinll/lewm-tworooms --device cuda --eval-filter none --episode-min 4000 --goal-from-proprio --num-eval 64 --seed 43 --cem-seed 43
634	tworoom	leflow_router_tauown	50	44	logs/rbT_tworoom_leflow_router_tauown_t50_seed44.log	python -m surveyor.envs.tworoom.eval --subgoal leflow+surveyor --leflow-ckpt leflow/tworoom/latent_planner.pt --leflow-stats leflow/tworoom/action_stats.json --gdm-ckpt gdm_tworoom_s10_gc_paired_e400v.pt --gdm-steps 50 --accept-tau 0.127 --sg-steps 10 --cstar-route --receding-horizon 2 --mode long --goal-offset 50 --eval-budget 100 --h5 "$DATA/tworoom.h5" --source pretrained --encoder-id quentinll/lewm-tworooms --device cuda --eval-filter none --episode-min 4000 --goal-from-proprio --num-eval 64 --seed 44 --cem-seed 44
635	tworoom	leflow_router_tauown	50	45	logs/rbT_tworoom_leflow_router_tauown_t50_seed45.log	python -m surveyor.envs.tworoom.eval --subgoal leflow+surveyor --leflow-ckpt leflow/tworoom/latent_planner.pt --leflow-stats leflow/tworoom/action_stats.json --gdm-ckpt gdm_tworoom_s10_gc_paired_e400v.pt --gdm-steps 50 --accept-tau 0.127 --sg-steps 10 --cstar-route --receding-horizon 2 --mode long --goal-offset 50 --eval-budget 100 --h5 "$DATA/tworoom.h5" --source pretrained --encoder-id quentinll/lewm-tworooms --device cuda --eval-filter none --episode-min 4000 --goal-from-proprio --num-eval 64 --seed 45 --cem-seed 45
636	tworoom	leflow_router_tauown	50	46	logs/rbT_tworoom_leflow_router_tauown_t50_seed46.log	python -m surveyor.envs.tworoom.eval --subgoal leflow+surveyor --leflow-ckpt leflow/tworoom/latent_planner.pt --leflow-stats leflow/tworoom/action_stats.json --gdm-ckpt gdm_tworoom_s10_gc_paired_e400v.pt --gdm-steps 50 --accept-tau 0.127 --sg-steps 10 --cstar-route --receding-horizon 2 --mode long --goal-offset 50 --eval-budget 100 --h5 "$DATA/tworoom.h5" --source pretrained --encoder-id quentinll/lewm-tworooms --device cuda --eval-filter none --episode-min 4000 --goal-from-proprio --num-eval 64 --seed 46 --cem-seed 46
637	tworoom	leflow_router_tauown	50	47	logs/rbT_tworoom_leflow_router_tauown_t50_seed47.log	python -m surveyor.envs.tworoom.eval --subgoal leflow+surveyor --leflow-ckpt leflow/tworoom/latent_planner.pt --leflow-stats leflow/tworoom/action_stats.json --gdm-ckpt gdm_tworoom_s10_gc_paired_e400v.pt --gdm-steps 50 --accept-tau 0.127 --sg-steps 10 --cstar-route --receding-horizon 2 --mode long --goal-offset 50 --eval-budget 100 --h5 "$DATA/tworoom.h5" --source pretrained --encoder-id quentinll/lewm-tworooms --device cuda --eval-filter none --episode-min 4000 --goal-from-proprio --num-eval 64 --seed 47 --cem-seed 47
638	tworoom	leflow_router_tauown	50	48	logs/rbT_tworoom_leflow_router_tauown_t50_seed48.log	python -m surveyor.envs.tworoom.eval --subgoal leflow+surveyor --leflow-ckpt leflow/tworoom/latent_planner.pt --leflow-stats leflow/tworoom/action_stats.json --gdm-ckpt gdm_tworoom_s10_gc_paired_e400v.pt --gdm-steps 50 --accept-tau 0.127 --sg-steps 10 --cstar-route --receding-horizon 2 --mode long --goal-offset 50 --eval-budget 100 --h5 "$DATA/tworoom.h5" --source pretrained --encoder-id quentinll/lewm-tworooms --device cuda --eval-filter none --episode-min 4000 --goal-from-proprio --num-eval 64 --seed 48 --cem-seed 48
639	tworoom	leflow_router_tauown	50	49	logs/rbT_tworoom_leflow_router_tauown_t50_seed49.log	python -m surveyor.envs.tworoom.eval --subgoal leflow+surveyor --leflow-ckpt leflow/tworoom/latent_planner.pt --leflow-stats leflow/tworoom/action_stats.json --gdm-ckpt gdm_tworoom_s10_gc_paired_e400v.pt --gdm-steps 50 --accept-tau 0.127 --sg-steps 10 --cstar-route --receding-horizon 2 --mode long --goal-offset 50 --eval-budget 100 --h5 "$DATA/tworoom.h5" --source pretrained --encoder-id quentinll/lewm-tworooms --device cuda --eval-filter none --episode-min 4000 --goal-from-proprio --num-eval 64 --seed 49 --cem-seed 49
640	tworoom	leflow_router_tauown	75	42	logs/rbT_tworoom_leflow_router_tauown_t75_seed42.log	python -m surveyor.envs.tworoom.eval --subgoal leflow+surveyor --leflow-ckpt leflow/tworoom/latent_planner.pt --leflow-stats leflow/tworoom/action_stats.json --gdm-ckpt gdm_tworoom_s10_gc_paired_e400v.pt --gdm-steps 50 --accept-tau 0.127 --sg-steps 10 --cstar-route --receding-horizon 2 --mode long --goal-offset 75 --eval-budget 150 --h5 "$DATA/tworoom.h5" --source pretrained --encoder-id quentinll/lewm-tworooms --device cuda --eval-filter none --episode-min 4000 --goal-from-proprio --num-eval 64 --seed 42 --cem-seed 42
641	tworoom	leflow_router_tauown	75	43	logs/rbT_tworoom_leflow_router_tauown_t75_seed43.log	python -m surveyor.envs.tworoom.eval --subgoal leflow+surveyor --leflow-ckpt leflow/tworoom/latent_planner.pt --leflow-stats leflow/tworoom/action_stats.json --gdm-ckpt gdm_tworoom_s10_gc_paired_e400v.pt --gdm-steps 50 --accept-tau 0.127 --sg-steps 10 --cstar-route --receding-horizon 2 --mode long --goal-offset 75 --eval-budget 150 --h5 "$DATA/tworoom.h5" --source pretrained --encoder-id quentinll/lewm-tworooms --device cuda --eval-filter none --episode-min 4000 --goal-from-proprio --num-eval 64 --seed 43 --cem-seed 43
642	tworoom	leflow_router_tauown	75	44	logs/rbT_tworoom_leflow_router_tauown_t75_seed44.log	python -m surveyor.envs.tworoom.eval --subgoal leflow+surveyor --leflow-ckpt leflow/tworoom/latent_planner.pt --leflow-stats leflow/tworoom/action_stats.json --gdm-ckpt gdm_tworoom_s10_gc_paired_e400v.pt --gdm-steps 50 --accept-tau 0.127 --sg-steps 10 --cstar-route --receding-horizon 2 --mode long --goal-offset 75 --eval-budget 150 --h5 "$DATA/tworoom.h5" --source pretrained --encoder-id quentinll/lewm-tworooms --device cuda --eval-filter none --episode-min 4000 --goal-from-proprio --num-eval 64 --seed 44 --cem-seed 44
643	tworoom	leflow_router_tauown	75	45	logs/rbT_tworoom_leflow_router_tauown_t75_seed45.log	python -m surveyor.envs.tworoom.eval --subgoal leflow+surveyor --leflow-ckpt leflow/tworoom/latent_planner.pt --leflow-stats leflow/tworoom/action_stats.json --gdm-ckpt gdm_tworoom_s10_gc_paired_e400v.pt --gdm-steps 50 --accept-tau 0.127 --sg-steps 10 --cstar-route --receding-horizon 2 --mode long --goal-offset 75 --eval-budget 150 --h5 "$DATA/tworoom.h5" --source pretrained --encoder-id quentinll/lewm-tworooms --device cuda --eval-filter none --episode-min 4000 --goal-from-proprio --num-eval 64 --seed 45 --cem-seed 45
644	tworoom	leflow_router_tauown	75	46	logs/rbT_tworoom_leflow_router_tauown_t75_seed46.log	python -m surveyor.envs.tworoom.eval --subgoal leflow+surveyor --leflow-ckpt leflow/tworoom/latent_planner.pt --leflow-stats leflow/tworoom/action_stats.json --gdm-ckpt gdm_tworoom_s10_gc_paired_e400v.pt --gdm-steps 50 --accept-tau 0.127 --sg-steps 10 --cstar-route --receding-horizon 2 --mode long --goal-offset 75 --eval-budget 150 --h5 "$DATA/tworoom.h5" --source pretrained --encoder-id quentinll/lewm-tworooms --device cuda --eval-filter none --episode-min 4000 --goal-from-proprio --num-eval 64 --seed 46 --cem-seed 46
645	tworoom	leflow_router_tauown	75	47	logs/rbT_tworoom_leflow_router_tauown_t75_seed47.log	python -m surveyor.envs.tworoom.eval --subgoal leflow+surveyor --leflow-ckpt leflow/tworoom/latent_planner.pt --leflow-stats leflow/tworoom/action_stats.json --gdm-ckpt gdm_tworoom_s10_gc_paired_e400v.pt --gdm-steps 50 --accept-tau 0.127 --sg-steps 10 --cstar-route --receding-horizon 2 --mode long --goal-offset 75 --eval-budget 150 --h5 "$DATA/tworoom.h5" --source pretrained --encoder-id quentinll/lewm-tworooms --device cuda --eval-filter none --episode-min 4000 --goal-from-proprio --num-eval 64 --seed 47 --cem-seed 47
646	tworoom	leflow_router_tauown	75	48	logs/rbT_tworoom_leflow_router_tauown_t75_seed48.log	python -m surveyor.envs.tworoom.eval --subgoal leflow+surveyor --leflow-ckpt leflow/tworoom/latent_planner.pt --leflow-stats leflow/tworoom/action_stats.json --gdm-ckpt gdm_tworoom_s10_gc_paired_e400v.pt --gdm-steps 50 --accept-tau 0.127 --sg-steps 10 --cstar-route --receding-horizon 2 --mode long --goal-offset 75 --eval-budget 150 --h5 "$DATA/tworoom.h5" --source pretrained --encoder-id quentinll/lewm-tworooms --device cuda --eval-filter none --episode-min 4000 --goal-from-proprio --num-eval 64 --seed 48 --cem-seed 48
647	tworoom	leflow_router_tauown	75	49	logs/rbT_tworoom_leflow_router_tauown_t75_seed49.log	python -m surveyor.envs.tworoom.eval --subgoal leflow+surveyor --leflow-ckpt leflow/tworoom/latent_planner.pt --leflow-stats leflow/tworoom/action_stats.json --gdm-ckpt gdm_tworoom_s10_gc_paired_e400v.pt --gdm-steps 50 --accept-tau 0.127 --sg-steps 10 --cstar-route --receding-horizon 2 --mode long --goal-offset 75 --eval-budget 150 --h5 "$DATA/tworoom.h5" --source pretrained --encoder-id quentinll/lewm-tworooms --device cuda --eval-filter none --episode-min 4000 --goal-from-proprio --num-eval 64 --seed 49 --cem-seed 49
