idx	env	arm	t	seed	log	cmd
0	cube	gcrouter_off_s42_tau0.967	25	42	logs/rbZ_cube_gcrouter_off_s42_tau0.967_t25_seed42.log	python -m surveyor.envs.cube.eval --subgoal gcidm+surveyor --gcidm-ckpt gcidm_official_cube_h50_s42.pt --gdm-ckpt gdm_cube_s10_gc.pt --gdm-steps 3 --accept-tau 0.967 --sg-steps 10 --cstar-route --source pretrained --encoder-id quentinll/lewm-cube --h5 "$CUBE_H5" --device cuda --goal-offset 25 --eval-budget 50 --num-eval 128 --seed 42 --cem-seed 42 --episodes-file episodes/cube_c2222.episodes25.json
1	cube	gcrouter_off_s42_tau0.967	25	43	logs/rbZ_cube_gcrouter_off_s42_tau0.967_t25_seed43.log	python -m surveyor.envs.cube.eval --subgoal gcidm+surveyor --gcidm-ckpt gcidm_official_cube_h50_s42.pt --gdm-ckpt gdm_cube_s10_gc.pt --gdm-steps 3 --accept-tau 0.967 --sg-steps 10 --cstar-route --source pretrained --encoder-id quentinll/lewm-cube --h5 "$CUBE_H5" --device cuda --goal-offset 25 --eval-budget 50 --num-eval 128 --seed 43 --cem-seed 43 --episodes-file episodes/cube_c2222.episodes25.json
2	cube	gcrouter_off_s42_tau0.967	25	44	logs/rbZ_cube_gcrouter_off_s42_tau0.967_t25_seed44.log	python -m surveyor.envs.cube.eval --subgoal gcidm+surveyor --gcidm-ckpt gcidm_official_cube_h50_s42.pt --gdm-ckpt gdm_cube_s10_gc.pt --gdm-steps 3 --accept-tau 0.967 --sg-steps 10 --cstar-route --source pretrained --encoder-id quentinll/lewm-cube --h5 "$CUBE_H5" --device cuda --goal-offset 25 --eval-budget 50 --num-eval 128 --seed 44 --cem-seed 44 --episodes-file episodes/cube_c2222.episodes25.json
3	cube	gcrouter_off_s42_tau0.967	25	45	logs/rbZ_cube_gcrouter_off_s42_tau0.967_t25_seed45.log	python -m surveyor.envs.cube.eval --subgoal gcidm+surveyor --gcidm-ckpt gcidm_official_cube_h50_s42.pt --gdm-ckpt gdm_cube_s10_gc.pt --gdm-steps 3 --accept-tau 0.967 --sg-steps 10 --cstar-route --source pretrained --encoder-id quentinll/lewm-cube --h5 "$CUBE_H5" --device cuda --goal-offset 25 --eval-budget 50 --num-eval 128 --seed 45 --cem-seed 45 --episodes-file episodes/cube_c2222.episodes25.json
4	cube	gcrouter_off_s42_tau0.967	25	46	logs/rbZ_cube_gcrouter_off_s42_tau0.967_t25_seed46.log	python -m surveyor.envs.cube.eval --subgoal gcidm+surveyor --gcidm-ckpt gcidm_official_cube_h50_s42.pt --gdm-ckpt gdm_cube_s10_gc.pt --gdm-steps 3 --accept-tau 0.967 --sg-steps 10 --cstar-route --source pretrained --encoder-id quentinll/lewm-cube --h5 "$CUBE_H5" --device cuda --goal-offset 25 --eval-budget 50 --num-eval 128 --seed 46 --cem-seed 46 --episodes-file episodes/cube_c2222.episodes25.json
5	cube	gcrouter_off_s42_tau0.967	25	47	logs/rbZ_cube_gcrouter_off_s42_tau0.967_t25_seed47.log	python -m surveyor.envs.cube.eval --subgoal gcidm+surveyor --gcidm-ckpt gcidm_official_cube_h50_s42.pt --gdm-ckpt gdm_cube_s10_gc.pt --gdm-steps 3 --accept-tau 0.967 --sg-steps 10 --cstar-route --source pretrained --encoder-id quentinll/lewm-cube --h5 "$CUBE_H5" --device cuda --goal-offset 25 --eval-budget 50 --num-eval 128 --seed 47 --cem-seed 47 --episodes-file episodes/cube_c2222.episodes25.json
6	cube	gcrouter_off_s42_tau0.967	25	48	logs/rbZ_cube_gcrouter_off_s42_tau0.967_t25_seed48.log	python -m surveyor.envs.cube.eval --subgoal gcidm+surveyor --gcidm-ckpt gcidm_official_cube_h50_s42.pt --gdm-ckpt gdm_cube_s10_gc.pt --gdm-steps 3 --accept-tau 0.967 --sg-steps 10 --cstar-route --source pretrained --encoder-id quentinll/lewm-cube --h5 "$CUBE_H5" --device cuda --goal-offset 25 --eval-budget 50 --num-eval 128 --seed 48 --cem-seed 48 --episodes-file episodes/cube_c2222.episodes25.json
7	cube	gcrouter_off_s42_tau0.967	25	49	logs/rbZ_cube_gcrouter_off_s42_tau0.967_t25_seed49.log	python -m surveyor.envs.cube.eval --subgoal gcidm+surveyor --gcidm-ckpt gcidm_official_cube_h50_s42.pt --gdm-ckpt gdm_cube_s10_gc.pt --gdm-steps 3 --accept-tau 0.967 --sg-steps 10 --cstar-route --source pretrained --encoder-id quentinll/lewm-cube --h5 "$CUBE_H5" --device cuda --goal-offset 25 --eval-budget 50 --num-eval 128 --seed 49 --cem-seed 49 --episodes-file episodes/cube_c2222.episodes25.json
8	cube	gcrouter_off_s42_tau0.967	150	42	logs/rbZ_cube_gcrouter_off_s42_tau0.967_t150_seed42.log	python -m surveyor.envs.cube.eval --subgoal gcidm+surveyor --gcidm-ckpt gcidm_official_cube_h300_s42.pt --gdm-ckpt gdm_cube_s10_gc.pt --gdm-steps 3 --accept-tau 0.967 --sg-steps 10 --cstar-route --source pretrained --encoder-id quentinll/lewm-cube --h5 "$CUBE_H5" --device cuda --goal-offset 150 --eval-budget 300 --num-eval 128 --seed 42 --cem-seed 42 --episodes-file episodes/cube_c2222.episodes150.json
9	cube	gcrouter_off_s42_tau0.967	150	43	logs/rbZ_cube_gcrouter_off_s42_tau0.967_t150_seed43.log	python -m surveyor.envs.cube.eval --subgoal gcidm+surveyor --gcidm-ckpt gcidm_official_cube_h300_s42.pt --gdm-ckpt gdm_cube_s10_gc.pt --gdm-steps 3 --accept-tau 0.967 --sg-steps 10 --cstar-route --source pretrained --encoder-id quentinll/lewm-cube --h5 "$CUBE_H5" --device cuda --goal-offset 150 --eval-budget 300 --num-eval 128 --seed 43 --cem-seed 43 --episodes-file episodes/cube_c2222.episodes150.json
10	cube	gcrouter_off_s42_tau0.967	150	44	logs/rbZ_cube_gcrouter_off_s42_tau0.967_t150_seed44.log	python -m surveyor.envs.cube.eval --subgoal gcidm+surveyor --gcidm-ckpt gcidm_official_cube_h300_s42.pt --gdm-ckpt gdm_cube_s10_gc.pt --gdm-steps 3 --accept-tau 0.967 --sg-steps 10 --cstar-route --source pretrained --encoder-id quentinll/lewm-cube --h5 "$CUBE_H5" --device cuda --goal-offset 150 --eval-budget 300 --num-eval 128 --seed 44 --cem-seed 44 --episodes-file episodes/cube_c2222.episodes150.json
11	cube	gcrouter_off_s42_tau0.967	150	45	logs/rbZ_cube_gcrouter_off_s42_tau0.967_t150_seed45.log	python -m surveyor.envs.cube.eval --subgoal gcidm+surveyor --gcidm-ckpt gcidm_official_cube_h300_s42.pt --gdm-ckpt gdm_cube_s10_gc.pt --gdm-steps 3 --accept-tau 0.967 --sg-steps 10 --cstar-route --source pretrained --encoder-id quentinll/lewm-cube --h5 "$CUBE_H5" --device cuda --goal-offset 150 --eval-budget 300 --num-eval 128 --seed 45 --cem-seed 45 --episodes-file episodes/cube_c2222.episodes150.json
12	cube	gcrouter_off_s42_tau0.967	150	46	logs/rbZ_cube_gcrouter_off_s42_tau0.967_t150_seed46.log	python -m surveyor.envs.cube.eval --subgoal gcidm+surveyor --gcidm-ckpt gcidm_official_cube_h300_s42.pt --gdm-ckpt gdm_cube_s10_gc.pt --gdm-steps 3 --accept-tau 0.967 --sg-steps 10 --cstar-route --source pretrained --encoder-id quentinll/lewm-cube --h5 "$CUBE_H5" --device cuda --goal-offset 150 --eval-budget 300 --num-eval 128 --seed 46 --cem-seed 46 --episodes-file episodes/cube_c2222.episodes150.json
13	cube	gcrouter_off_s42_tau0.967	150	47	logs/rbZ_cube_gcrouter_off_s42_tau0.967_t150_seed47.log	python -m surveyor.envs.cube.eval --subgoal gcidm+surveyor --gcidm-ckpt gcidm_official_cube_h300_s42.pt --gdm-ckpt gdm_cube_s10_gc.pt --gdm-steps 3 --accept-tau 0.967 --sg-steps 10 --cstar-route --source pretrained --encoder-id quentinll/lewm-cube --h5 "$CUBE_H5" --device cuda --goal-offset 150 --eval-budget 300 --num-eval 128 --seed 47 --cem-seed 47 --episodes-file episodes/cube_c2222.episodes150.json
14	cube	gcrouter_off_s42_tau0.967	150	48	logs/rbZ_cube_gcrouter_off_s42_tau0.967_t150_seed48.log	python -m surveyor.envs.cube.eval --subgoal gcidm+surveyor --gcidm-ckpt gcidm_official_cube_h300_s42.pt --gdm-ckpt gdm_cube_s10_gc.pt --gdm-steps 3 --accept-tau 0.967 --sg-steps 10 --cstar-route --source pretrained --encoder-id quentinll/lewm-cube --h5 "$CUBE_H5" --device cuda --goal-offset 150 --eval-budget 300 --num-eval 128 --seed 48 --cem-seed 48 --episodes-file episodes/cube_c2222.episodes150.json
15	cube	gcrouter_off_s42_tau0.967	150	49	logs/rbZ_cube_gcrouter_off_s42_tau0.967_t150_seed49.log	python -m surveyor.envs.cube.eval --subgoal gcidm+surveyor --gcidm-ckpt gcidm_official_cube_h300_s42.pt --gdm-ckpt gdm_cube_s10_gc.pt --gdm-steps 3 --accept-tau 0.967 --sg-steps 10 --cstar-route --source pretrained --encoder-id quentinll/lewm-cube --h5 "$CUBE_H5" --device cuda --goal-offset 150 --eval-budget 300 --num-eval 128 --seed 49 --cem-seed 49 --episodes-file episodes/cube_c2222.episodes150.json
16	cube	gcsurv_off_s42_nogate_tau0.967	25	42	logs/rbZ_cube_gcsurv_off_s42_nogate_tau0.967_t25_seed42.log	python -m surveyor.envs.cube.eval --subgoal gcidm+surveyor --gcidm-ckpt gcidm_official_cube_h50_s42.pt --gdm-ckpt gdm_cube_s10_gc.pt --gdm-steps 3 --accept-tau 0.967 --sg-steps 10 --source pretrained --encoder-id quentinll/lewm-cube --h5 "$CUBE_H5" --device cuda --goal-offset 25 --eval-budget 50 --num-eval 128 --seed 42 --cem-seed 42 --episodes-file episodes/cube_c2222.episodes25.json
17	cube	gcsurv_off_s42_nogate_tau0.967	25	43	logs/rbZ_cube_gcsurv_off_s42_nogate_tau0.967_t25_seed43.log	python -m surveyor.envs.cube.eval --subgoal gcidm+surveyor --gcidm-ckpt gcidm_official_cube_h50_s42.pt --gdm-ckpt gdm_cube_s10_gc.pt --gdm-steps 3 --accept-tau 0.967 --sg-steps 10 --source pretrained --encoder-id quentinll/lewm-cube --h5 "$CUBE_H5" --device cuda --goal-offset 25 --eval-budget 50 --num-eval 128 --seed 43 --cem-seed 43 --episodes-file episodes/cube_c2222.episodes25.json
18	cube	gcsurv_off_s42_nogate_tau0.967	25	44	logs/rbZ_cube_gcsurv_off_s42_nogate_tau0.967_t25_seed44.log	python -m surveyor.envs.cube.eval --subgoal gcidm+surveyor --gcidm-ckpt gcidm_official_cube_h50_s42.pt --gdm-ckpt gdm_cube_s10_gc.pt --gdm-steps 3 --accept-tau 0.967 --sg-steps 10 --source pretrained --encoder-id quentinll/lewm-cube --h5 "$CUBE_H5" --device cuda --goal-offset 25 --eval-budget 50 --num-eval 128 --seed 44 --cem-seed 44 --episodes-file episodes/cube_c2222.episodes25.json
19	cube	gcsurv_off_s42_nogate_tau0.967	25	45	logs/rbZ_cube_gcsurv_off_s42_nogate_tau0.967_t25_seed45.log	python -m surveyor.envs.cube.eval --subgoal gcidm+surveyor --gcidm-ckpt gcidm_official_cube_h50_s42.pt --gdm-ckpt gdm_cube_s10_gc.pt --gdm-steps 3 --accept-tau 0.967 --sg-steps 10 --source pretrained --encoder-id quentinll/lewm-cube --h5 "$CUBE_H5" --device cuda --goal-offset 25 --eval-budget 50 --num-eval 128 --seed 45 --cem-seed 45 --episodes-file episodes/cube_c2222.episodes25.json
20	cube	gcsurv_off_s42_nogate_tau0.967	25	46	logs/rbZ_cube_gcsurv_off_s42_nogate_tau0.967_t25_seed46.log	python -m surveyor.envs.cube.eval --subgoal gcidm+surveyor --gcidm-ckpt gcidm_official_cube_h50_s42.pt --gdm-ckpt gdm_cube_s10_gc.pt --gdm-steps 3 --accept-tau 0.967 --sg-steps 10 --source pretrained --encoder-id quentinll/lewm-cube --h5 "$CUBE_H5" --device cuda --goal-offset 25 --eval-budget 50 --num-eval 128 --seed 46 --cem-seed 46 --episodes-file episodes/cube_c2222.episodes25.json
21	cube	gcsurv_off_s42_nogate_tau0.967	25	47	logs/rbZ_cube_gcsurv_off_s42_nogate_tau0.967_t25_seed47.log	python -m surveyor.envs.cube.eval --subgoal gcidm+surveyor --gcidm-ckpt gcidm_official_cube_h50_s42.pt --gdm-ckpt gdm_cube_s10_gc.pt --gdm-steps 3 --accept-tau 0.967 --sg-steps 10 --source pretrained --encoder-id quentinll/lewm-cube --h5 "$CUBE_H5" --device cuda --goal-offset 25 --eval-budget 50 --num-eval 128 --seed 47 --cem-seed 47 --episodes-file episodes/cube_c2222.episodes25.json
22	cube	gcsurv_off_s42_nogate_tau0.967	25	48	logs/rbZ_cube_gcsurv_off_s42_nogate_tau0.967_t25_seed48.log	python -m surveyor.envs.cube.eval --subgoal gcidm+surveyor --gcidm-ckpt gcidm_official_cube_h50_s42.pt --gdm-ckpt gdm_cube_s10_gc.pt --gdm-steps 3 --accept-tau 0.967 --sg-steps 10 --source pretrained --encoder-id quentinll/lewm-cube --h5 "$CUBE_H5" --device cuda --goal-offset 25 --eval-budget 50 --num-eval 128 --seed 48 --cem-seed 48 --episodes-file episodes/cube_c2222.episodes25.json
23	cube	gcsurv_off_s42_nogate_tau0.967	25	49	logs/rbZ_cube_gcsurv_off_s42_nogate_tau0.967_t25_seed49.log	python -m surveyor.envs.cube.eval --subgoal gcidm+surveyor --gcidm-ckpt gcidm_official_cube_h50_s42.pt --gdm-ckpt gdm_cube_s10_gc.pt --gdm-steps 3 --accept-tau 0.967 --sg-steps 10 --source pretrained --encoder-id quentinll/lewm-cube --h5 "$CUBE_H5" --device cuda --goal-offset 25 --eval-budget 50 --num-eval 128 --seed 49 --cem-seed 49 --episodes-file episodes/cube_c2222.episodes25.json
24	cube	gcsurv_off_s42_nogate_tau0.967	150	42	logs/rbZ_cube_gcsurv_off_s42_nogate_tau0.967_t150_seed42.log	python -m surveyor.envs.cube.eval --subgoal gcidm+surveyor --gcidm-ckpt gcidm_official_cube_h300_s42.pt --gdm-ckpt gdm_cube_s10_gc.pt --gdm-steps 3 --accept-tau 0.967 --sg-steps 10 --source pretrained --encoder-id quentinll/lewm-cube --h5 "$CUBE_H5" --device cuda --goal-offset 150 --eval-budget 300 --num-eval 128 --seed 42 --cem-seed 42 --episodes-file episodes/cube_c2222.episodes150.json
25	cube	gcsurv_off_s42_nogate_tau0.967	150	43	logs/rbZ_cube_gcsurv_off_s42_nogate_tau0.967_t150_seed43.log	python -m surveyor.envs.cube.eval --subgoal gcidm+surveyor --gcidm-ckpt gcidm_official_cube_h300_s42.pt --gdm-ckpt gdm_cube_s10_gc.pt --gdm-steps 3 --accept-tau 0.967 --sg-steps 10 --source pretrained --encoder-id quentinll/lewm-cube --h5 "$CUBE_H5" --device cuda --goal-offset 150 --eval-budget 300 --num-eval 128 --seed 43 --cem-seed 43 --episodes-file episodes/cube_c2222.episodes150.json
26	cube	gcsurv_off_s42_nogate_tau0.967	150	44	logs/rbZ_cube_gcsurv_off_s42_nogate_tau0.967_t150_seed44.log	python -m surveyor.envs.cube.eval --subgoal gcidm+surveyor --gcidm-ckpt gcidm_official_cube_h300_s42.pt --gdm-ckpt gdm_cube_s10_gc.pt --gdm-steps 3 --accept-tau 0.967 --sg-steps 10 --source pretrained --encoder-id quentinll/lewm-cube --h5 "$CUBE_H5" --device cuda --goal-offset 150 --eval-budget 300 --num-eval 128 --seed 44 --cem-seed 44 --episodes-file episodes/cube_c2222.episodes150.json
27	cube	gcsurv_off_s42_nogate_tau0.967	150	45	logs/rbZ_cube_gcsurv_off_s42_nogate_tau0.967_t150_seed45.log	python -m surveyor.envs.cube.eval --subgoal gcidm+surveyor --gcidm-ckpt gcidm_official_cube_h300_s42.pt --gdm-ckpt gdm_cube_s10_gc.pt --gdm-steps 3 --accept-tau 0.967 --sg-steps 10 --source pretrained --encoder-id quentinll/lewm-cube --h5 "$CUBE_H5" --device cuda --goal-offset 150 --eval-budget 300 --num-eval 128 --seed 45 --cem-seed 45 --episodes-file episodes/cube_c2222.episodes150.json
28	cube	gcsurv_off_s42_nogate_tau0.967	150	46	logs/rbZ_cube_gcsurv_off_s42_nogate_tau0.967_t150_seed46.log	python -m surveyor.envs.cube.eval --subgoal gcidm+surveyor --gcidm-ckpt gcidm_official_cube_h300_s42.pt --gdm-ckpt gdm_cube_s10_gc.pt --gdm-steps 3 --accept-tau 0.967 --sg-steps 10 --source pretrained --encoder-id quentinll/lewm-cube --h5 "$CUBE_H5" --device cuda --goal-offset 150 --eval-budget 300 --num-eval 128 --seed 46 --cem-seed 46 --episodes-file episodes/cube_c2222.episodes150.json
29	cube	gcsurv_off_s42_nogate_tau0.967	150	47	logs/rbZ_cube_gcsurv_off_s42_nogate_tau0.967_t150_seed47.log	python -m surveyor.envs.cube.eval --subgoal gcidm+surveyor --gcidm-ckpt gcidm_official_cube_h300_s42.pt --gdm-ckpt gdm_cube_s10_gc.pt --gdm-steps 3 --accept-tau 0.967 --sg-steps 10 --source pretrained --encoder-id quentinll/lewm-cube --h5 "$CUBE_H5" --device cuda --goal-offset 150 --eval-budget 300 --num-eval 128 --seed 47 --cem-seed 47 --episodes-file episodes/cube_c2222.episodes150.json
30	cube	gcsurv_off_s42_nogate_tau0.967	150	48	logs/rbZ_cube_gcsurv_off_s42_nogate_tau0.967_t150_seed48.log	python -m surveyor.envs.cube.eval --subgoal gcidm+surveyor --gcidm-ckpt gcidm_official_cube_h300_s42.pt --gdm-ckpt gdm_cube_s10_gc.pt --gdm-steps 3 --accept-tau 0.967 --sg-steps 10 --source pretrained --encoder-id quentinll/lewm-cube --h5 "$CUBE_H5" --device cuda --goal-offset 150 --eval-budget 300 --num-eval 128 --seed 48 --cem-seed 48 --episodes-file episodes/cube_c2222.episodes150.json
31	cube	gcsurv_off_s42_nogate_tau0.967	150	49	logs/rbZ_cube_gcsurv_off_s42_nogate_tau0.967_t150_seed49.log	python -m surveyor.envs.cube.eval --subgoal gcidm+surveyor --gcidm-ckpt gcidm_official_cube_h300_s42.pt --gdm-ckpt gdm_cube_s10_gc.pt --gdm-steps 3 --accept-tau 0.967 --sg-steps 10 --source pretrained --encoder-id quentinll/lewm-cube --h5 "$CUBE_H5" --device cuda --goal-offset 150 --eval-budget 300 --num-eval 128 --seed 49 --cem-seed 49 --episodes-file episodes/cube_c2222.episodes150.json
32	cube	gd_router_tau0.967	25	42	logs/rbZ_cube_gd_router_tau0.967_t25_seed42.log	python -m surveyor.envs.cube.eval --solver gd --subgoal router+surveyor --gdm-ckpt gdm_cube_s10_gc.pt --gdm-steps 3 --accept-tau 0.967 --horizon 2 --receding-horizon 2 --num-samples 600 --n-steps 30 --source pretrained --encoder-id quentinll/lewm-cube --h5 "$CUBE_H5" --device cuda --goal-offset 25 --eval-budget 50 --num-eval 128 --seed 42 --cem-seed 42 --episodes-file episodes/cube_c2222.episodes25.json
33	cube	gd_router_tau0.967	25	43	logs/rbZ_cube_gd_router_tau0.967_t25_seed43.log	python -m surveyor.envs.cube.eval --solver gd --subgoal router+surveyor --gdm-ckpt gdm_cube_s10_gc.pt --gdm-steps 3 --accept-tau 0.967 --horizon 2 --receding-horizon 2 --num-samples 600 --n-steps 30 --source pretrained --encoder-id quentinll/lewm-cube --h5 "$CUBE_H5" --device cuda --goal-offset 25 --eval-budget 50 --num-eval 128 --seed 43 --cem-seed 43 --episodes-file episodes/cube_c2222.episodes25.json
34	cube	gd_router_tau0.967	25	44	logs/rbZ_cube_gd_router_tau0.967_t25_seed44.log	python -m surveyor.envs.cube.eval --solver gd --subgoal router+surveyor --gdm-ckpt gdm_cube_s10_gc.pt --gdm-steps 3 --accept-tau 0.967 --horizon 2 --receding-horizon 2 --num-samples 600 --n-steps 30 --source pretrained --encoder-id quentinll/lewm-cube --h5 "$CUBE_H5" --device cuda --goal-offset 25 --eval-budget 50 --num-eval 128 --seed 44 --cem-seed 44 --episodes-file episodes/cube_c2222.episodes25.json
35	cube	gd_router_tau0.967	25	45	logs/rbZ_cube_gd_router_tau0.967_t25_seed45.log	python -m surveyor.envs.cube.eval --solver gd --subgoal router+surveyor --gdm-ckpt gdm_cube_s10_gc.pt --gdm-steps 3 --accept-tau 0.967 --horizon 2 --receding-horizon 2 --num-samples 600 --n-steps 30 --source pretrained --encoder-id quentinll/lewm-cube --h5 "$CUBE_H5" --device cuda --goal-offset 25 --eval-budget 50 --num-eval 128 --seed 45 --cem-seed 45 --episodes-file episodes/cube_c2222.episodes25.json
36	cube	gd_router_tau0.967	25	46	logs/rbZ_cube_gd_router_tau0.967_t25_seed46.log	python -m surveyor.envs.cube.eval --solver gd --subgoal router+surveyor --gdm-ckpt gdm_cube_s10_gc.pt --gdm-steps 3 --accept-tau 0.967 --horizon 2 --receding-horizon 2 --num-samples 600 --n-steps 30 --source pretrained --encoder-id quentinll/lewm-cube --h5 "$CUBE_H5" --device cuda --goal-offset 25 --eval-budget 50 --num-eval 128 --seed 46 --cem-seed 46 --episodes-file episodes/cube_c2222.episodes25.json
37	cube	gd_router_tau0.967	25	47	logs/rbZ_cube_gd_router_tau0.967_t25_seed47.log	python -m surveyor.envs.cube.eval --solver gd --subgoal router+surveyor --gdm-ckpt gdm_cube_s10_gc.pt --gdm-steps 3 --accept-tau 0.967 --horizon 2 --receding-horizon 2 --num-samples 600 --n-steps 30 --source pretrained --encoder-id quentinll/lewm-cube --h5 "$CUBE_H5" --device cuda --goal-offset 25 --eval-budget 50 --num-eval 128 --seed 47 --cem-seed 47 --episodes-file episodes/cube_c2222.episodes25.json
38	cube	gd_router_tau0.967	25	48	logs/rbZ_cube_gd_router_tau0.967_t25_seed48.log	python -m surveyor.envs.cube.eval --solver gd --subgoal router+surveyor --gdm-ckpt gdm_cube_s10_gc.pt --gdm-steps 3 --accept-tau 0.967 --horizon 2 --receding-horizon 2 --num-samples 600 --n-steps 30 --source pretrained --encoder-id quentinll/lewm-cube --h5 "$CUBE_H5" --device cuda --goal-offset 25 --eval-budget 50 --num-eval 128 --seed 48 --cem-seed 48 --episodes-file episodes/cube_c2222.episodes25.json
39	cube	gd_router_tau0.967	25	49	logs/rbZ_cube_gd_router_tau0.967_t25_seed49.log	python -m surveyor.envs.cube.eval --solver gd --subgoal router+surveyor --gdm-ckpt gdm_cube_s10_gc.pt --gdm-steps 3 --accept-tau 0.967 --horizon 2 --receding-horizon 2 --num-samples 600 --n-steps 30 --source pretrained --encoder-id quentinll/lewm-cube --h5 "$CUBE_H5" --device cuda --goal-offset 25 --eval-budget 50 --num-eval 128 --seed 49 --cem-seed 49 --episodes-file episodes/cube_c2222.episodes25.json
40	cube	gd_router_tau0.967	150	42	logs/rbZ_cube_gd_router_tau0.967_t150_seed42.log	python -m surveyor.envs.cube.eval --solver gd --subgoal router+surveyor --gdm-ckpt gdm_cube_s10_gc.pt --gdm-steps 3 --accept-tau 0.967 --horizon 2 --receding-horizon 2 --num-samples 600 --n-steps 30 --source pretrained --encoder-id quentinll/lewm-cube --h5 "$CUBE_H5" --device cuda --goal-offset 150 --eval-budget 300 --num-eval 128 --seed 42 --cem-seed 42 --episodes-file episodes/cube_c2222.episodes150.json
41	cube	gd_router_tau0.967	150	43	logs/rbZ_cube_gd_router_tau0.967_t150_seed43.log	python -m surveyor.envs.cube.eval --solver gd --subgoal router+surveyor --gdm-ckpt gdm_cube_s10_gc.pt --gdm-steps 3 --accept-tau 0.967 --horizon 2 --receding-horizon 2 --num-samples 600 --n-steps 30 --source pretrained --encoder-id quentinll/lewm-cube --h5 "$CUBE_H5" --device cuda --goal-offset 150 --eval-budget 300 --num-eval 128 --seed 43 --cem-seed 43 --episodes-file episodes/cube_c2222.episodes150.json
42	cube	gd_router_tau0.967	150	44	logs/rbZ_cube_gd_router_tau0.967_t150_seed44.log	python -m surveyor.envs.cube.eval --solver gd --subgoal router+surveyor --gdm-ckpt gdm_cube_s10_gc.pt --gdm-steps 3 --accept-tau 0.967 --horizon 2 --receding-horizon 2 --num-samples 600 --n-steps 30 --source pretrained --encoder-id quentinll/lewm-cube --h5 "$CUBE_H5" --device cuda --goal-offset 150 --eval-budget 300 --num-eval 128 --seed 44 --cem-seed 44 --episodes-file episodes/cube_c2222.episodes150.json
43	cube	gd_router_tau0.967	150	45	logs/rbZ_cube_gd_router_tau0.967_t150_seed45.log	python -m surveyor.envs.cube.eval --solver gd --subgoal router+surveyor --gdm-ckpt gdm_cube_s10_gc.pt --gdm-steps 3 --accept-tau 0.967 --horizon 2 --receding-horizon 2 --num-samples 600 --n-steps 30 --source pretrained --encoder-id quentinll/lewm-cube --h5 "$CUBE_H5" --device cuda --goal-offset 150 --eval-budget 300 --num-eval 128 --seed 45 --cem-seed 45 --episodes-file episodes/cube_c2222.episodes150.json
44	cube	gd_router_tau0.967	150	46	logs/rbZ_cube_gd_router_tau0.967_t150_seed46.log	python -m surveyor.envs.cube.eval --solver gd --subgoal router+surveyor --gdm-ckpt gdm_cube_s10_gc.pt --gdm-steps 3 --accept-tau 0.967 --horizon 2 --receding-horizon 2 --num-samples 600 --n-steps 30 --source pretrained --encoder-id quentinll/lewm-cube --h5 "$CUBE_H5" --device cuda --goal-offset 150 --eval-budget 300 --num-eval 128 --seed 46 --cem-seed 46 --episodes-file episodes/cube_c2222.episodes150.json
45	cube	gd_router_tau0.967	150	47	logs/rbZ_cube_gd_router_tau0.967_t150_seed47.log	python -m surveyor.envs.cube.eval --solver gd --subgoal router+surveyor --gdm-ckpt gdm_cube_s10_gc.pt --gdm-steps 3 --accept-tau 0.967 --horizon 2 --receding-horizon 2 --num-samples 600 --n-steps 30 --source pretrained --encoder-id quentinll/lewm-cube --h5 "$CUBE_H5" --device cuda --goal-offset 150 --eval-budget 300 --num-eval 128 --seed 47 --cem-seed 47 --episodes-file episodes/cube_c2222.episodes150.json
46	cube	gd_router_tau0.967	150	48	logs/rbZ_cube_gd_router_tau0.967_t150_seed48.log	python -m surveyor.envs.cube.eval --solver gd --subgoal router+surveyor --gdm-ckpt gdm_cube_s10_gc.pt --gdm-steps 3 --accept-tau 0.967 --horizon 2 --receding-horizon 2 --num-samples 600 --n-steps 30 --source pretrained --encoder-id quentinll/lewm-cube --h5 "$CUBE_H5" --device cuda --goal-offset 150 --eval-budget 300 --num-eval 128 --seed 48 --cem-seed 48 --episodes-file episodes/cube_c2222.episodes150.json
47	cube	gd_router_tau0.967	150	49	logs/rbZ_cube_gd_router_tau0.967_t150_seed49.log	python -m surveyor.envs.cube.eval --solver gd --subgoal router+surveyor --gdm-ckpt gdm_cube_s10_gc.pt --gdm-steps 3 --accept-tau 0.967 --horizon 2 --receding-horizon 2 --num-samples 600 --n-steps 30 --source pretrained --encoder-id quentinll/lewm-cube --h5 "$CUBE_H5" --device cuda --goal-offset 150 --eval-budget 300 --num-eval 128 --seed 49 --cem-seed 49 --episodes-file episodes/cube_c2222.episodes150.json
48	cube	gd_surveyor_tau0.967	25	42	logs/rbZ_cube_gd_surveyor_tau0.967_t25_seed42.log	python -m surveyor.envs.cube.eval --solver gd --subgoal surveyor --gdm-ckpt gdm_cube_s10_gc.pt --gdm-steps 3 --accept-tau 0.967 --horizon 2 --receding-horizon 2 --num-samples 600 --n-steps 30 --source pretrained --encoder-id quentinll/lewm-cube --h5 "$CUBE_H5" --device cuda --goal-offset 25 --eval-budget 50 --num-eval 128 --seed 42 --cem-seed 42 --episodes-file episodes/cube_c2222.episodes25.json
49	cube	gd_surveyor_tau0.967	25	43	logs/rbZ_cube_gd_surveyor_tau0.967_t25_seed43.log	python -m surveyor.envs.cube.eval --solver gd --subgoal surveyor --gdm-ckpt gdm_cube_s10_gc.pt --gdm-steps 3 --accept-tau 0.967 --horizon 2 --receding-horizon 2 --num-samples 600 --n-steps 30 --source pretrained --encoder-id quentinll/lewm-cube --h5 "$CUBE_H5" --device cuda --goal-offset 25 --eval-budget 50 --num-eval 128 --seed 43 --cem-seed 43 --episodes-file episodes/cube_c2222.episodes25.json
50	cube	gd_surveyor_tau0.967	25	44	logs/rbZ_cube_gd_surveyor_tau0.967_t25_seed44.log	python -m surveyor.envs.cube.eval --solver gd --subgoal surveyor --gdm-ckpt gdm_cube_s10_gc.pt --gdm-steps 3 --accept-tau 0.967 --horizon 2 --receding-horizon 2 --num-samples 600 --n-steps 30 --source pretrained --encoder-id quentinll/lewm-cube --h5 "$CUBE_H5" --device cuda --goal-offset 25 --eval-budget 50 --num-eval 128 --seed 44 --cem-seed 44 --episodes-file episodes/cube_c2222.episodes25.json
51	cube	gd_surveyor_tau0.967	25	45	logs/rbZ_cube_gd_surveyor_tau0.967_t25_seed45.log	python -m surveyor.envs.cube.eval --solver gd --subgoal surveyor --gdm-ckpt gdm_cube_s10_gc.pt --gdm-steps 3 --accept-tau 0.967 --horizon 2 --receding-horizon 2 --num-samples 600 --n-steps 30 --source pretrained --encoder-id quentinll/lewm-cube --h5 "$CUBE_H5" --device cuda --goal-offset 25 --eval-budget 50 --num-eval 128 --seed 45 --cem-seed 45 --episodes-file episodes/cube_c2222.episodes25.json
52	cube	gd_surveyor_tau0.967	25	46	logs/rbZ_cube_gd_surveyor_tau0.967_t25_seed46.log	python -m surveyor.envs.cube.eval --solver gd --subgoal surveyor --gdm-ckpt gdm_cube_s10_gc.pt --gdm-steps 3 --accept-tau 0.967 --horizon 2 --receding-horizon 2 --num-samples 600 --n-steps 30 --source pretrained --encoder-id quentinll/lewm-cube --h5 "$CUBE_H5" --device cuda --goal-offset 25 --eval-budget 50 --num-eval 128 --seed 46 --cem-seed 46 --episodes-file episodes/cube_c2222.episodes25.json
53	cube	gd_surveyor_tau0.967	25	47	logs/rbZ_cube_gd_surveyor_tau0.967_t25_seed47.log	python -m surveyor.envs.cube.eval --solver gd --subgoal surveyor --gdm-ckpt gdm_cube_s10_gc.pt --gdm-steps 3 --accept-tau 0.967 --horizon 2 --receding-horizon 2 --num-samples 600 --n-steps 30 --source pretrained --encoder-id quentinll/lewm-cube --h5 "$CUBE_H5" --device cuda --goal-offset 25 --eval-budget 50 --num-eval 128 --seed 47 --cem-seed 47 --episodes-file episodes/cube_c2222.episodes25.json
54	cube	gd_surveyor_tau0.967	25	48	logs/rbZ_cube_gd_surveyor_tau0.967_t25_seed48.log	python -m surveyor.envs.cube.eval --solver gd --subgoal surveyor --gdm-ckpt gdm_cube_s10_gc.pt --gdm-steps 3 --accept-tau 0.967 --horizon 2 --receding-horizon 2 --num-samples 600 --n-steps 30 --source pretrained --encoder-id quentinll/lewm-cube --h5 "$CUBE_H5" --device cuda --goal-offset 25 --eval-budget 50 --num-eval 128 --seed 48 --cem-seed 48 --episodes-file episodes/cube_c2222.episodes25.json
55	cube	gd_surveyor_tau0.967	25	49	logs/rbZ_cube_gd_surveyor_tau0.967_t25_seed49.log	python -m surveyor.envs.cube.eval --solver gd --subgoal surveyor --gdm-ckpt gdm_cube_s10_gc.pt --gdm-steps 3 --accept-tau 0.967 --horizon 2 --receding-horizon 2 --num-samples 600 --n-steps 30 --source pretrained --encoder-id quentinll/lewm-cube --h5 "$CUBE_H5" --device cuda --goal-offset 25 --eval-budget 50 --num-eval 128 --seed 49 --cem-seed 49 --episodes-file episodes/cube_c2222.episodes25.json
56	cube	gd_surveyor_tau0.967	150	42	logs/rbZ_cube_gd_surveyor_tau0.967_t150_seed42.log	python -m surveyor.envs.cube.eval --solver gd --subgoal surveyor --gdm-ckpt gdm_cube_s10_gc.pt --gdm-steps 3 --accept-tau 0.967 --horizon 2 --receding-horizon 2 --num-samples 600 --n-steps 30 --source pretrained --encoder-id quentinll/lewm-cube --h5 "$CUBE_H5" --device cuda --goal-offset 150 --eval-budget 300 --num-eval 128 --seed 42 --cem-seed 42 --episodes-file episodes/cube_c2222.episodes150.json
57	cube	gd_surveyor_tau0.967	150	43	logs/rbZ_cube_gd_surveyor_tau0.967_t150_seed43.log	python -m surveyor.envs.cube.eval --solver gd --subgoal surveyor --gdm-ckpt gdm_cube_s10_gc.pt --gdm-steps 3 --accept-tau 0.967 --horizon 2 --receding-horizon 2 --num-samples 600 --n-steps 30 --source pretrained --encoder-id quentinll/lewm-cube --h5 "$CUBE_H5" --device cuda --goal-offset 150 --eval-budget 300 --num-eval 128 --seed 43 --cem-seed 43 --episodes-file episodes/cube_c2222.episodes150.json
58	cube	gd_surveyor_tau0.967	150	44	logs/rbZ_cube_gd_surveyor_tau0.967_t150_seed44.log	python -m surveyor.envs.cube.eval --solver gd --subgoal surveyor --gdm-ckpt gdm_cube_s10_gc.pt --gdm-steps 3 --accept-tau 0.967 --horizon 2 --receding-horizon 2 --num-samples 600 --n-steps 30 --source pretrained --encoder-id quentinll/lewm-cube --h5 "$CUBE_H5" --device cuda --goal-offset 150 --eval-budget 300 --num-eval 128 --seed 44 --cem-seed 44 --episodes-file episodes/cube_c2222.episodes150.json
59	cube	gd_surveyor_tau0.967	150	45	logs/rbZ_cube_gd_surveyor_tau0.967_t150_seed45.log	python -m surveyor.envs.cube.eval --solver gd --subgoal surveyor --gdm-ckpt gdm_cube_s10_gc.pt --gdm-steps 3 --accept-tau 0.967 --horizon 2 --receding-horizon 2 --num-samples 600 --n-steps 30 --source pretrained --encoder-id quentinll/lewm-cube --h5 "$CUBE_H5" --device cuda --goal-offset 150 --eval-budget 300 --num-eval 128 --seed 45 --cem-seed 45 --episodes-file episodes/cube_c2222.episodes150.json
60	cube	gd_surveyor_tau0.967	150	46	logs/rbZ_cube_gd_surveyor_tau0.967_t150_seed46.log	python -m surveyor.envs.cube.eval --solver gd --subgoal surveyor --gdm-ckpt gdm_cube_s10_gc.pt --gdm-steps 3 --accept-tau 0.967 --horizon 2 --receding-horizon 2 --num-samples 600 --n-steps 30 --source pretrained --encoder-id quentinll/lewm-cube --h5 "$CUBE_H5" --device cuda --goal-offset 150 --eval-budget 300 --num-eval 128 --seed 46 --cem-seed 46 --episodes-file episodes/cube_c2222.episodes150.json
61	cube	gd_surveyor_tau0.967	150	47	logs/rbZ_cube_gd_surveyor_tau0.967_t150_seed47.log	python -m surveyor.envs.cube.eval --solver gd --subgoal surveyor --gdm-ckpt gdm_cube_s10_gc.pt --gdm-steps 3 --accept-tau 0.967 --horizon 2 --receding-horizon 2 --num-samples 600 --n-steps 30 --source pretrained --encoder-id quentinll/lewm-cube --h5 "$CUBE_H5" --device cuda --goal-offset 150 --eval-budget 300 --num-eval 128 --seed 47 --cem-seed 47 --episodes-file episodes/cube_c2222.episodes150.json
62	cube	gd_surveyor_tau0.967	150	48	logs/rbZ_cube_gd_surveyor_tau0.967_t150_seed48.log	python -m surveyor.envs.cube.eval --solver gd --subgoal surveyor --gdm-ckpt gdm_cube_s10_gc.pt --gdm-steps 3 --accept-tau 0.967 --horizon 2 --receding-horizon 2 --num-samples 600 --n-steps 30 --source pretrained --encoder-id quentinll/lewm-cube --h5 "$CUBE_H5" --device cuda --goal-offset 150 --eval-budget 300 --num-eval 128 --seed 48 --cem-seed 48 --episodes-file episodes/cube_c2222.episodes150.json
63	cube	gd_surveyor_tau0.967	150	49	logs/rbZ_cube_gd_surveyor_tau0.967_t150_seed49.log	python -m surveyor.envs.cube.eval --solver gd --subgoal surveyor --gdm-ckpt gdm_cube_s10_gc.pt --gdm-steps 3 --accept-tau 0.967 --horizon 2 --receding-horizon 2 --num-samples 600 --n-steps 30 --source pretrained --encoder-id quentinll/lewm-cube --h5 "$CUBE_H5" --device cuda --goal-offset 150 --eval-budget 300 --num-eval 128 --seed 49 --cem-seed 49 --episodes-file episodes/cube_c2222.episodes150.json
64	cube	icem_router_tau0.967	25	42	logs/rbZ_cube_icem_router_tau0.967_t25_seed42.log	python -m surveyor.envs.cube.eval --solver icem --subgoal router+surveyor --gdm-ckpt gdm_cube_s10_gc.pt --gdm-steps 3 --accept-tau 0.967 --horizon 2 --receding-horizon 2 --num-samples 600 --n-steps 30 --source pretrained --encoder-id quentinll/lewm-cube --h5 "$CUBE_H5" --device cuda --goal-offset 25 --eval-budget 50 --num-eval 128 --seed 42 --cem-seed 42 --episodes-file episodes/cube_c2222.episodes25.json
65	cube	icem_router_tau0.967	25	43	logs/rbZ_cube_icem_router_tau0.967_t25_seed43.log	python -m surveyor.envs.cube.eval --solver icem --subgoal router+surveyor --gdm-ckpt gdm_cube_s10_gc.pt --gdm-steps 3 --accept-tau 0.967 --horizon 2 --receding-horizon 2 --num-samples 600 --n-steps 30 --source pretrained --encoder-id quentinll/lewm-cube --h5 "$CUBE_H5" --device cuda --goal-offset 25 --eval-budget 50 --num-eval 128 --seed 43 --cem-seed 43 --episodes-file episodes/cube_c2222.episodes25.json
66	cube	icem_router_tau0.967	25	44	logs/rbZ_cube_icem_router_tau0.967_t25_seed44.log	python -m surveyor.envs.cube.eval --solver icem --subgoal router+surveyor --gdm-ckpt gdm_cube_s10_gc.pt --gdm-steps 3 --accept-tau 0.967 --horizon 2 --receding-horizon 2 --num-samples 600 --n-steps 30 --source pretrained --encoder-id quentinll/lewm-cube --h5 "$CUBE_H5" --device cuda --goal-offset 25 --eval-budget 50 --num-eval 128 --seed 44 --cem-seed 44 --episodes-file episodes/cube_c2222.episodes25.json
67	cube	icem_router_tau0.967	25	45	logs/rbZ_cube_icem_router_tau0.967_t25_seed45.log	python -m surveyor.envs.cube.eval --solver icem --subgoal router+surveyor --gdm-ckpt gdm_cube_s10_gc.pt --gdm-steps 3 --accept-tau 0.967 --horizon 2 --receding-horizon 2 --num-samples 600 --n-steps 30 --source pretrained --encoder-id quentinll/lewm-cube --h5 "$CUBE_H5" --device cuda --goal-offset 25 --eval-budget 50 --num-eval 128 --seed 45 --cem-seed 45 --episodes-file episodes/cube_c2222.episodes25.json
68	cube	icem_router_tau0.967	25	46	logs/rbZ_cube_icem_router_tau0.967_t25_seed46.log	python -m surveyor.envs.cube.eval --solver icem --subgoal router+surveyor --gdm-ckpt gdm_cube_s10_gc.pt --gdm-steps 3 --accept-tau 0.967 --horizon 2 --receding-horizon 2 --num-samples 600 --n-steps 30 --source pretrained --encoder-id quentinll/lewm-cube --h5 "$CUBE_H5" --device cuda --goal-offset 25 --eval-budget 50 --num-eval 128 --seed 46 --cem-seed 46 --episodes-file episodes/cube_c2222.episodes25.json
69	cube	icem_router_tau0.967	25	47	logs/rbZ_cube_icem_router_tau0.967_t25_seed47.log	python -m surveyor.envs.cube.eval --solver icem --subgoal router+surveyor --gdm-ckpt gdm_cube_s10_gc.pt --gdm-steps 3 --accept-tau 0.967 --horizon 2 --receding-horizon 2 --num-samples 600 --n-steps 30 --source pretrained --encoder-id quentinll/lewm-cube --h5 "$CUBE_H5" --device cuda --goal-offset 25 --eval-budget 50 --num-eval 128 --seed 47 --cem-seed 47 --episodes-file episodes/cube_c2222.episodes25.json
70	cube	icem_router_tau0.967	25	48	logs/rbZ_cube_icem_router_tau0.967_t25_seed48.log	python -m surveyor.envs.cube.eval --solver icem --subgoal router+surveyor --gdm-ckpt gdm_cube_s10_gc.pt --gdm-steps 3 --accept-tau 0.967 --horizon 2 --receding-horizon 2 --num-samples 600 --n-steps 30 --source pretrained --encoder-id quentinll/lewm-cube --h5 "$CUBE_H5" --device cuda --goal-offset 25 --eval-budget 50 --num-eval 128 --seed 48 --cem-seed 48 --episodes-file episodes/cube_c2222.episodes25.json
71	cube	icem_router_tau0.967	25	49	logs/rbZ_cube_icem_router_tau0.967_t25_seed49.log	python -m surveyor.envs.cube.eval --solver icem --subgoal router+surveyor --gdm-ckpt gdm_cube_s10_gc.pt --gdm-steps 3 --accept-tau 0.967 --horizon 2 --receding-horizon 2 --num-samples 600 --n-steps 30 --source pretrained --encoder-id quentinll/lewm-cube --h5 "$CUBE_H5" --device cuda --goal-offset 25 --eval-budget 50 --num-eval 128 --seed 49 --cem-seed 49 --episodes-file episodes/cube_c2222.episodes25.json
72	cube	icem_router_tau0.967	150	42	logs/rbZ_cube_icem_router_tau0.967_t150_seed42.log	python -m surveyor.envs.cube.eval --solver icem --subgoal router+surveyor --gdm-ckpt gdm_cube_s10_gc.pt --gdm-steps 3 --accept-tau 0.967 --horizon 2 --receding-horizon 2 --num-samples 600 --n-steps 30 --source pretrained --encoder-id quentinll/lewm-cube --h5 "$CUBE_H5" --device cuda --goal-offset 150 --eval-budget 300 --num-eval 128 --seed 42 --cem-seed 42 --episodes-file episodes/cube_c2222.episodes150.json
73	cube	icem_router_tau0.967	150	43	logs/rbZ_cube_icem_router_tau0.967_t150_seed43.log	python -m surveyor.envs.cube.eval --solver icem --subgoal router+surveyor --gdm-ckpt gdm_cube_s10_gc.pt --gdm-steps 3 --accept-tau 0.967 --horizon 2 --receding-horizon 2 --num-samples 600 --n-steps 30 --source pretrained --encoder-id quentinll/lewm-cube --h5 "$CUBE_H5" --device cuda --goal-offset 150 --eval-budget 300 --num-eval 128 --seed 43 --cem-seed 43 --episodes-file episodes/cube_c2222.episodes150.json
74	cube	icem_router_tau0.967	150	44	logs/rbZ_cube_icem_router_tau0.967_t150_seed44.log	python -m surveyor.envs.cube.eval --solver icem --subgoal router+surveyor --gdm-ckpt gdm_cube_s10_gc.pt --gdm-steps 3 --accept-tau 0.967 --horizon 2 --receding-horizon 2 --num-samples 600 --n-steps 30 --source pretrained --encoder-id quentinll/lewm-cube --h5 "$CUBE_H5" --device cuda --goal-offset 150 --eval-budget 300 --num-eval 128 --seed 44 --cem-seed 44 --episodes-file episodes/cube_c2222.episodes150.json
75	cube	icem_router_tau0.967	150	45	logs/rbZ_cube_icem_router_tau0.967_t150_seed45.log	python -m surveyor.envs.cube.eval --solver icem --subgoal router+surveyor --gdm-ckpt gdm_cube_s10_gc.pt --gdm-steps 3 --accept-tau 0.967 --horizon 2 --receding-horizon 2 --num-samples 600 --n-steps 30 --source pretrained --encoder-id quentinll/lewm-cube --h5 "$CUBE_H5" --device cuda --goal-offset 150 --eval-budget 300 --num-eval 128 --seed 45 --cem-seed 45 --episodes-file episodes/cube_c2222.episodes150.json
76	cube	icem_router_tau0.967	150	46	logs/rbZ_cube_icem_router_tau0.967_t150_seed46.log	python -m surveyor.envs.cube.eval --solver icem --subgoal router+surveyor --gdm-ckpt gdm_cube_s10_gc.pt --gdm-steps 3 --accept-tau 0.967 --horizon 2 --receding-horizon 2 --num-samples 600 --n-steps 30 --source pretrained --encoder-id quentinll/lewm-cube --h5 "$CUBE_H5" --device cuda --goal-offset 150 --eval-budget 300 --num-eval 128 --seed 46 --cem-seed 46 --episodes-file episodes/cube_c2222.episodes150.json
77	cube	icem_router_tau0.967	150	47	logs/rbZ_cube_icem_router_tau0.967_t150_seed47.log	python -m surveyor.envs.cube.eval --solver icem --subgoal router+surveyor --gdm-ckpt gdm_cube_s10_gc.pt --gdm-steps 3 --accept-tau 0.967 --horizon 2 --receding-horizon 2 --num-samples 600 --n-steps 30 --source pretrained --encoder-id quentinll/lewm-cube --h5 "$CUBE_H5" --device cuda --goal-offset 150 --eval-budget 300 --num-eval 128 --seed 47 --cem-seed 47 --episodes-file episodes/cube_c2222.episodes150.json
78	cube	icem_router_tau0.967	150	48	logs/rbZ_cube_icem_router_tau0.967_t150_seed48.log	python -m surveyor.envs.cube.eval --solver icem --subgoal router+surveyor --gdm-ckpt gdm_cube_s10_gc.pt --gdm-steps 3 --accept-tau 0.967 --horizon 2 --receding-horizon 2 --num-samples 600 --n-steps 30 --source pretrained --encoder-id quentinll/lewm-cube --h5 "$CUBE_H5" --device cuda --goal-offset 150 --eval-budget 300 --num-eval 128 --seed 48 --cem-seed 48 --episodes-file episodes/cube_c2222.episodes150.json
79	cube	icem_router_tau0.967	150	49	logs/rbZ_cube_icem_router_tau0.967_t150_seed49.log	python -m surveyor.envs.cube.eval --solver icem --subgoal router+surveyor --gdm-ckpt gdm_cube_s10_gc.pt --gdm-steps 3 --accept-tau 0.967 --horizon 2 --receding-horizon 2 --num-samples 600 --n-steps 30 --source pretrained --encoder-id quentinll/lewm-cube --h5 "$CUBE_H5" --device cuda --goal-offset 150 --eval-budget 300 --num-eval 128 --seed 49 --cem-seed 49 --episodes-file episodes/cube_c2222.episodes150.json
80	cube	icem_surveyor_tau0.967	25	42	logs/rbZ_cube_icem_surveyor_tau0.967_t25_seed42.log	python -m surveyor.envs.cube.eval --solver icem --subgoal surveyor --gdm-ckpt gdm_cube_s10_gc.pt --gdm-steps 3 --accept-tau 0.967 --horizon 2 --receding-horizon 2 --num-samples 600 --n-steps 30 --source pretrained --encoder-id quentinll/lewm-cube --h5 "$CUBE_H5" --device cuda --goal-offset 25 --eval-budget 50 --num-eval 128 --seed 42 --cem-seed 42 --episodes-file episodes/cube_c2222.episodes25.json
81	cube	icem_surveyor_tau0.967	25	43	logs/rbZ_cube_icem_surveyor_tau0.967_t25_seed43.log	python -m surveyor.envs.cube.eval --solver icem --subgoal surveyor --gdm-ckpt gdm_cube_s10_gc.pt --gdm-steps 3 --accept-tau 0.967 --horizon 2 --receding-horizon 2 --num-samples 600 --n-steps 30 --source pretrained --encoder-id quentinll/lewm-cube --h5 "$CUBE_H5" --device cuda --goal-offset 25 --eval-budget 50 --num-eval 128 --seed 43 --cem-seed 43 --episodes-file episodes/cube_c2222.episodes25.json
82	cube	icem_surveyor_tau0.967	25	44	logs/rbZ_cube_icem_surveyor_tau0.967_t25_seed44.log	python -m surveyor.envs.cube.eval --solver icem --subgoal surveyor --gdm-ckpt gdm_cube_s10_gc.pt --gdm-steps 3 --accept-tau 0.967 --horizon 2 --receding-horizon 2 --num-samples 600 --n-steps 30 --source pretrained --encoder-id quentinll/lewm-cube --h5 "$CUBE_H5" --device cuda --goal-offset 25 --eval-budget 50 --num-eval 128 --seed 44 --cem-seed 44 --episodes-file episodes/cube_c2222.episodes25.json
83	cube	icem_surveyor_tau0.967	25	45	logs/rbZ_cube_icem_surveyor_tau0.967_t25_seed45.log	python -m surveyor.envs.cube.eval --solver icem --subgoal surveyor --gdm-ckpt gdm_cube_s10_gc.pt --gdm-steps 3 --accept-tau 0.967 --horizon 2 --receding-horizon 2 --num-samples 600 --n-steps 30 --source pretrained --encoder-id quentinll/lewm-cube --h5 "$CUBE_H5" --device cuda --goal-offset 25 --eval-budget 50 --num-eval 128 --seed 45 --cem-seed 45 --episodes-file episodes/cube_c2222.episodes25.json
84	cube	icem_surveyor_tau0.967	25	46	logs/rbZ_cube_icem_surveyor_tau0.967_t25_seed46.log	python -m surveyor.envs.cube.eval --solver icem --subgoal surveyor --gdm-ckpt gdm_cube_s10_gc.pt --gdm-steps 3 --accept-tau 0.967 --horizon 2 --receding-horizon 2 --num-samples 600 --n-steps 30 --source pretrained --encoder-id quentinll/lewm-cube --h5 "$CUBE_H5" --device cuda --goal-offset 25 --eval-budget 50 --num-eval 128 --seed 46 --cem-seed 46 --episodes-file episodes/cube_c2222.episodes25.json
85	cube	icem_surveyor_tau0.967	25	47	logs/rbZ_cube_icem_surveyor_tau0.967_t25_seed47.log	python -m surveyor.envs.cube.eval --solver icem --subgoal surveyor --gdm-ckpt gdm_cube_s10_gc.pt --gdm-steps 3 --accept-tau 0.967 --horizon 2 --receding-horizon 2 --num-samples 600 --n-steps 30 --source pretrained --encoder-id quentinll/lewm-cube --h5 "$CUBE_H5" --device cuda --goal-offset 25 --eval-budget 50 --num-eval 128 --seed 47 --cem-seed 47 --episodes-file episodes/cube_c2222.episodes25.json
86	cube	icem_surveyor_tau0.967	25	48	logs/rbZ_cube_icem_surveyor_tau0.967_t25_seed48.log	python -m surveyor.envs.cube.eval --solver icem --subgoal surveyor --gdm-ckpt gdm_cube_s10_gc.pt --gdm-steps 3 --accept-tau 0.967 --horizon 2 --receding-horizon 2 --num-samples 600 --n-steps 30 --source pretrained --encoder-id quentinll/lewm-cube --h5 "$CUBE_H5" --device cuda --goal-offset 25 --eval-budget 50 --num-eval 128 --seed 48 --cem-seed 48 --episodes-file episodes/cube_c2222.episodes25.json
87	cube	icem_surveyor_tau0.967	25	49	logs/rbZ_cube_icem_surveyor_tau0.967_t25_seed49.log	python -m surveyor.envs.cube.eval --solver icem --subgoal surveyor --gdm-ckpt gdm_cube_s10_gc.pt --gdm-steps 3 --accept-tau 0.967 --horizon 2 --receding-horizon 2 --num-samples 600 --n-steps 30 --source pretrained --encoder-id quentinll/lewm-cube --h5 "$CUBE_H5" --device cuda --goal-offset 25 --eval-budget 50 --num-eval 128 --seed 49 --cem-seed 49 --episodes-file episodes/cube_c2222.episodes25.json
88	cube	icem_surveyor_tau0.967	150	42	logs/rbZ_cube_icem_surveyor_tau0.967_t150_seed42.log	python -m surveyor.envs.cube.eval --solver icem --subgoal surveyor --gdm-ckpt gdm_cube_s10_gc.pt --gdm-steps 3 --accept-tau 0.967 --horizon 2 --receding-horizon 2 --num-samples 600 --n-steps 30 --source pretrained --encoder-id quentinll/lewm-cube --h5 "$CUBE_H5" --device cuda --goal-offset 150 --eval-budget 300 --num-eval 128 --seed 42 --cem-seed 42 --episodes-file episodes/cube_c2222.episodes150.json
89	cube	icem_surveyor_tau0.967	150	43	logs/rbZ_cube_icem_surveyor_tau0.967_t150_seed43.log	python -m surveyor.envs.cube.eval --solver icem --subgoal surveyor --gdm-ckpt gdm_cube_s10_gc.pt --gdm-steps 3 --accept-tau 0.967 --horizon 2 --receding-horizon 2 --num-samples 600 --n-steps 30 --source pretrained --encoder-id quentinll/lewm-cube --h5 "$CUBE_H5" --device cuda --goal-offset 150 --eval-budget 300 --num-eval 128 --seed 43 --cem-seed 43 --episodes-file episodes/cube_c2222.episodes150.json
90	cube	icem_surveyor_tau0.967	150	44	logs/rbZ_cube_icem_surveyor_tau0.967_t150_seed44.log	python -m surveyor.envs.cube.eval --solver icem --subgoal surveyor --gdm-ckpt gdm_cube_s10_gc.pt --gdm-steps 3 --accept-tau 0.967 --horizon 2 --receding-horizon 2 --num-samples 600 --n-steps 30 --source pretrained --encoder-id quentinll/lewm-cube --h5 "$CUBE_H5" --device cuda --goal-offset 150 --eval-budget 300 --num-eval 128 --seed 44 --cem-seed 44 --episodes-file episodes/cube_c2222.episodes150.json
91	cube	icem_surveyor_tau0.967	150	45	logs/rbZ_cube_icem_surveyor_tau0.967_t150_seed45.log	python -m surveyor.envs.cube.eval --solver icem --subgoal surveyor --gdm-ckpt gdm_cube_s10_gc.pt --gdm-steps 3 --accept-tau 0.967 --horizon 2 --receding-horizon 2 --num-samples 600 --n-steps 30 --source pretrained --encoder-id quentinll/lewm-cube --h5 "$CUBE_H5" --device cuda --goal-offset 150 --eval-budget 300 --num-eval 128 --seed 45 --cem-seed 45 --episodes-file episodes/cube_c2222.episodes150.json
92	cube	icem_surveyor_tau0.967	150	46	logs/rbZ_cube_icem_surveyor_tau0.967_t150_seed46.log	python -m surveyor.envs.cube.eval --solver icem --subgoal surveyor --gdm-ckpt gdm_cube_s10_gc.pt --gdm-steps 3 --accept-tau 0.967 --horizon 2 --receding-horizon 2 --num-samples 600 --n-steps 30 --source pretrained --encoder-id quentinll/lewm-cube --h5 "$CUBE_H5" --device cuda --goal-offset 150 --eval-budget 300 --num-eval 128 --seed 46 --cem-seed 46 --episodes-file episodes/cube_c2222.episodes150.json
93	cube	icem_surveyor_tau0.967	150	47	logs/rbZ_cube_icem_surveyor_tau0.967_t150_seed47.log	python -m surveyor.envs.cube.eval --solver icem --subgoal surveyor --gdm-ckpt gdm_cube_s10_gc.pt --gdm-steps 3 --accept-tau 0.967 --horizon 2 --receding-horizon 2 --num-samples 600 --n-steps 30 --source pretrained --encoder-id quentinll/lewm-cube --h5 "$CUBE_H5" --device cuda --goal-offset 150 --eval-budget 300 --num-eval 128 --seed 47 --cem-seed 47 --episodes-file episodes/cube_c2222.episodes150.json
94	cube	icem_surveyor_tau0.967	150	48	logs/rbZ_cube_icem_surveyor_tau0.967_t150_seed48.log	python -m surveyor.envs.cube.eval --solver icem --subgoal surveyor --gdm-ckpt gdm_cube_s10_gc.pt --gdm-steps 3 --accept-tau 0.967 --horizon 2 --receding-horizon 2 --num-samples 600 --n-steps 30 --source pretrained --encoder-id quentinll/lewm-cube --h5 "$CUBE_H5" --device cuda --goal-offset 150 --eval-budget 300 --num-eval 128 --seed 48 --cem-seed 48 --episodes-file episodes/cube_c2222.episodes150.json
95	cube	icem_surveyor_tau0.967	150	49	logs/rbZ_cube_icem_surveyor_tau0.967_t150_seed49.log	python -m surveyor.envs.cube.eval --solver icem --subgoal surveyor --gdm-ckpt gdm_cube_s10_gc.pt --gdm-steps 3 --accept-tau 0.967 --horizon 2 --receding-horizon 2 --num-samples 600 --n-steps 30 --source pretrained --encoder-id quentinll/lewm-cube --h5 "$CUBE_H5" --device cuda --goal-offset 150 --eval-budget 300 --num-eval 128 --seed 49 --cem-seed 49 --episodes-file episodes/cube_c2222.episodes150.json
96	cube	mppi_router_tau0.967	25	42	logs/rbZ_cube_mppi_router_tau0.967_t25_seed42.log	python -m surveyor.envs.cube.eval --solver mppi --subgoal router+surveyor --gdm-ckpt gdm_cube_s10_gc.pt --gdm-steps 3 --accept-tau 0.967 --horizon 2 --receding-horizon 2 --num-samples 600 --n-steps 30 --source pretrained --encoder-id quentinll/lewm-cube --h5 "$CUBE_H5" --device cuda --goal-offset 25 --eval-budget 50 --num-eval 128 --seed 42 --cem-seed 42 --episodes-file episodes/cube_c2222.episodes25.json
97	cube	mppi_router_tau0.967	25	43	logs/rbZ_cube_mppi_router_tau0.967_t25_seed43.log	python -m surveyor.envs.cube.eval --solver mppi --subgoal router+surveyor --gdm-ckpt gdm_cube_s10_gc.pt --gdm-steps 3 --accept-tau 0.967 --horizon 2 --receding-horizon 2 --num-samples 600 --n-steps 30 --source pretrained --encoder-id quentinll/lewm-cube --h5 "$CUBE_H5" --device cuda --goal-offset 25 --eval-budget 50 --num-eval 128 --seed 43 --cem-seed 43 --episodes-file episodes/cube_c2222.episodes25.json
98	cube	mppi_router_tau0.967	25	44	logs/rbZ_cube_mppi_router_tau0.967_t25_seed44.log	python -m surveyor.envs.cube.eval --solver mppi --subgoal router+surveyor --gdm-ckpt gdm_cube_s10_gc.pt --gdm-steps 3 --accept-tau 0.967 --horizon 2 --receding-horizon 2 --num-samples 600 --n-steps 30 --source pretrained --encoder-id quentinll/lewm-cube --h5 "$CUBE_H5" --device cuda --goal-offset 25 --eval-budget 50 --num-eval 128 --seed 44 --cem-seed 44 --episodes-file episodes/cube_c2222.episodes25.json
99	cube	mppi_router_tau0.967	25	45	logs/rbZ_cube_mppi_router_tau0.967_t25_seed45.log	python -m surveyor.envs.cube.eval --solver mppi --subgoal router+surveyor --gdm-ckpt gdm_cube_s10_gc.pt --gdm-steps 3 --accept-tau 0.967 --horizon 2 --receding-horizon 2 --num-samples 600 --n-steps 30 --source pretrained --encoder-id quentinll/lewm-cube --h5 "$CUBE_H5" --device cuda --goal-offset 25 --eval-budget 50 --num-eval 128 --seed 45 --cem-seed 45 --episodes-file episodes/cube_c2222.episodes25.json
100	cube	mppi_router_tau0.967	25	46	logs/rbZ_cube_mppi_router_tau0.967_t25_seed46.log	python -m surveyor.envs.cube.eval --solver mppi --subgoal router+surveyor --gdm-ckpt gdm_cube_s10_gc.pt --gdm-steps 3 --accept-tau 0.967 --horizon 2 --receding-horizon 2 --num-samples 600 --n-steps 30 --source pretrained --encoder-id quentinll/lewm-cube --h5 "$CUBE_H5" --device cuda --goal-offset 25 --eval-budget 50 --num-eval 128 --seed 46 --cem-seed 46 --episodes-file episodes/cube_c2222.episodes25.json
101	cube	mppi_router_tau0.967	25	47	logs/rbZ_cube_mppi_router_tau0.967_t25_seed47.log	python -m surveyor.envs.cube.eval --solver mppi --subgoal router+surveyor --gdm-ckpt gdm_cube_s10_gc.pt --gdm-steps 3 --accept-tau 0.967 --horizon 2 --receding-horizon 2 --num-samples 600 --n-steps 30 --source pretrained --encoder-id quentinll/lewm-cube --h5 "$CUBE_H5" --device cuda --goal-offset 25 --eval-budget 50 --num-eval 128 --seed 47 --cem-seed 47 --episodes-file episodes/cube_c2222.episodes25.json
102	cube	mppi_router_tau0.967	25	48	logs/rbZ_cube_mppi_router_tau0.967_t25_seed48.log	python -m surveyor.envs.cube.eval --solver mppi --subgoal router+surveyor --gdm-ckpt gdm_cube_s10_gc.pt --gdm-steps 3 --accept-tau 0.967 --horizon 2 --receding-horizon 2 --num-samples 600 --n-steps 30 --source pretrained --encoder-id quentinll/lewm-cube --h5 "$CUBE_H5" --device cuda --goal-offset 25 --eval-budget 50 --num-eval 128 --seed 48 --cem-seed 48 --episodes-file episodes/cube_c2222.episodes25.json
103	cube	mppi_router_tau0.967	25	49	logs/rbZ_cube_mppi_router_tau0.967_t25_seed49.log	python -m surveyor.envs.cube.eval --solver mppi --subgoal router+surveyor --gdm-ckpt gdm_cube_s10_gc.pt --gdm-steps 3 --accept-tau 0.967 --horizon 2 --receding-horizon 2 --num-samples 600 --n-steps 30 --source pretrained --encoder-id quentinll/lewm-cube --h5 "$CUBE_H5" --device cuda --goal-offset 25 --eval-budget 50 --num-eval 128 --seed 49 --cem-seed 49 --episodes-file episodes/cube_c2222.episodes25.json
104	cube	mppi_router_tau0.967	150	42	logs/rbZ_cube_mppi_router_tau0.967_t150_seed42.log	python -m surveyor.envs.cube.eval --solver mppi --subgoal router+surveyor --gdm-ckpt gdm_cube_s10_gc.pt --gdm-steps 3 --accept-tau 0.967 --horizon 2 --receding-horizon 2 --num-samples 600 --n-steps 30 --source pretrained --encoder-id quentinll/lewm-cube --h5 "$CUBE_H5" --device cuda --goal-offset 150 --eval-budget 300 --num-eval 128 --seed 42 --cem-seed 42 --episodes-file episodes/cube_c2222.episodes150.json
105	cube	mppi_router_tau0.967	150	43	logs/rbZ_cube_mppi_router_tau0.967_t150_seed43.log	python -m surveyor.envs.cube.eval --solver mppi --subgoal router+surveyor --gdm-ckpt gdm_cube_s10_gc.pt --gdm-steps 3 --accept-tau 0.967 --horizon 2 --receding-horizon 2 --num-samples 600 --n-steps 30 --source pretrained --encoder-id quentinll/lewm-cube --h5 "$CUBE_H5" --device cuda --goal-offset 150 --eval-budget 300 --num-eval 128 --seed 43 --cem-seed 43 --episodes-file episodes/cube_c2222.episodes150.json
106	cube	mppi_router_tau0.967	150	44	logs/rbZ_cube_mppi_router_tau0.967_t150_seed44.log	python -m surveyor.envs.cube.eval --solver mppi --subgoal router+surveyor --gdm-ckpt gdm_cube_s10_gc.pt --gdm-steps 3 --accept-tau 0.967 --horizon 2 --receding-horizon 2 --num-samples 600 --n-steps 30 --source pretrained --encoder-id quentinll/lewm-cube --h5 "$CUBE_H5" --device cuda --goal-offset 150 --eval-budget 300 --num-eval 128 --seed 44 --cem-seed 44 --episodes-file episodes/cube_c2222.episodes150.json
107	cube	mppi_router_tau0.967	150	45	logs/rbZ_cube_mppi_router_tau0.967_t150_seed45.log	python -m surveyor.envs.cube.eval --solver mppi --subgoal router+surveyor --gdm-ckpt gdm_cube_s10_gc.pt --gdm-steps 3 --accept-tau 0.967 --horizon 2 --receding-horizon 2 --num-samples 600 --n-steps 30 --source pretrained --encoder-id quentinll/lewm-cube --h5 "$CUBE_H5" --device cuda --goal-offset 150 --eval-budget 300 --num-eval 128 --seed 45 --cem-seed 45 --episodes-file episodes/cube_c2222.episodes150.json
108	cube	mppi_router_tau0.967	150	46	logs/rbZ_cube_mppi_router_tau0.967_t150_seed46.log	python -m surveyor.envs.cube.eval --solver mppi --subgoal router+surveyor --gdm-ckpt gdm_cube_s10_gc.pt --gdm-steps 3 --accept-tau 0.967 --horizon 2 --receding-horizon 2 --num-samples 600 --n-steps 30 --source pretrained --encoder-id quentinll/lewm-cube --h5 "$CUBE_H5" --device cuda --goal-offset 150 --eval-budget 300 --num-eval 128 --seed 46 --cem-seed 46 --episodes-file episodes/cube_c2222.episodes150.json
109	cube	mppi_router_tau0.967	150	47	logs/rbZ_cube_mppi_router_tau0.967_t150_seed47.log	python -m surveyor.envs.cube.eval --solver mppi --subgoal router+surveyor --gdm-ckpt gdm_cube_s10_gc.pt --gdm-steps 3 --accept-tau 0.967 --horizon 2 --receding-horizon 2 --num-samples 600 --n-steps 30 --source pretrained --encoder-id quentinll/lewm-cube --h5 "$CUBE_H5" --device cuda --goal-offset 150 --eval-budget 300 --num-eval 128 --seed 47 --cem-seed 47 --episodes-file episodes/cube_c2222.episodes150.json
110	cube	mppi_router_tau0.967	150	48	logs/rbZ_cube_mppi_router_tau0.967_t150_seed48.log	python -m surveyor.envs.cube.eval --solver mppi --subgoal router+surveyor --gdm-ckpt gdm_cube_s10_gc.pt --gdm-steps 3 --accept-tau 0.967 --horizon 2 --receding-horizon 2 --num-samples 600 --n-steps 30 --source pretrained --encoder-id quentinll/lewm-cube --h5 "$CUBE_H5" --device cuda --goal-offset 150 --eval-budget 300 --num-eval 128 --seed 48 --cem-seed 48 --episodes-file episodes/cube_c2222.episodes150.json
111	cube	mppi_router_tau0.967	150	49	logs/rbZ_cube_mppi_router_tau0.967_t150_seed49.log	python -m surveyor.envs.cube.eval --solver mppi --subgoal router+surveyor --gdm-ckpt gdm_cube_s10_gc.pt --gdm-steps 3 --accept-tau 0.967 --horizon 2 --receding-horizon 2 --num-samples 600 --n-steps 30 --source pretrained --encoder-id quentinll/lewm-cube --h5 "$CUBE_H5" --device cuda --goal-offset 150 --eval-budget 300 --num-eval 128 --seed 49 --cem-seed 49 --episodes-file episodes/cube_c2222.episodes150.json
112	cube	mppi_surveyor_tau0.967	25	42	logs/rbZ_cube_mppi_surveyor_tau0.967_t25_seed42.log	python -m surveyor.envs.cube.eval --solver mppi --subgoal surveyor --gdm-ckpt gdm_cube_s10_gc.pt --gdm-steps 3 --accept-tau 0.967 --horizon 2 --receding-horizon 2 --num-samples 600 --n-steps 30 --source pretrained --encoder-id quentinll/lewm-cube --h5 "$CUBE_H5" --device cuda --goal-offset 25 --eval-budget 50 --num-eval 128 --seed 42 --cem-seed 42 --episodes-file episodes/cube_c2222.episodes25.json
113	cube	mppi_surveyor_tau0.967	25	43	logs/rbZ_cube_mppi_surveyor_tau0.967_t25_seed43.log	python -m surveyor.envs.cube.eval --solver mppi --subgoal surveyor --gdm-ckpt gdm_cube_s10_gc.pt --gdm-steps 3 --accept-tau 0.967 --horizon 2 --receding-horizon 2 --num-samples 600 --n-steps 30 --source pretrained --encoder-id quentinll/lewm-cube --h5 "$CUBE_H5" --device cuda --goal-offset 25 --eval-budget 50 --num-eval 128 --seed 43 --cem-seed 43 --episodes-file episodes/cube_c2222.episodes25.json
114	cube	mppi_surveyor_tau0.967	25	44	logs/rbZ_cube_mppi_surveyor_tau0.967_t25_seed44.log	python -m surveyor.envs.cube.eval --solver mppi --subgoal surveyor --gdm-ckpt gdm_cube_s10_gc.pt --gdm-steps 3 --accept-tau 0.967 --horizon 2 --receding-horizon 2 --num-samples 600 --n-steps 30 --source pretrained --encoder-id quentinll/lewm-cube --h5 "$CUBE_H5" --device cuda --goal-offset 25 --eval-budget 50 --num-eval 128 --seed 44 --cem-seed 44 --episodes-file episodes/cube_c2222.episodes25.json
115	cube	mppi_surveyor_tau0.967	25	45	logs/rbZ_cube_mppi_surveyor_tau0.967_t25_seed45.log	python -m surveyor.envs.cube.eval --solver mppi --subgoal surveyor --gdm-ckpt gdm_cube_s10_gc.pt --gdm-steps 3 --accept-tau 0.967 --horizon 2 --receding-horizon 2 --num-samples 600 --n-steps 30 --source pretrained --encoder-id quentinll/lewm-cube --h5 "$CUBE_H5" --device cuda --goal-offset 25 --eval-budget 50 --num-eval 128 --seed 45 --cem-seed 45 --episodes-file episodes/cube_c2222.episodes25.json
116	cube	mppi_surveyor_tau0.967	25	46	logs/rbZ_cube_mppi_surveyor_tau0.967_t25_seed46.log	python -m surveyor.envs.cube.eval --solver mppi --subgoal surveyor --gdm-ckpt gdm_cube_s10_gc.pt --gdm-steps 3 --accept-tau 0.967 --horizon 2 --receding-horizon 2 --num-samples 600 --n-steps 30 --source pretrained --encoder-id quentinll/lewm-cube --h5 "$CUBE_H5" --device cuda --goal-offset 25 --eval-budget 50 --num-eval 128 --seed 46 --cem-seed 46 --episodes-file episodes/cube_c2222.episodes25.json
117	cube	mppi_surveyor_tau0.967	25	47	logs/rbZ_cube_mppi_surveyor_tau0.967_t25_seed47.log	python -m surveyor.envs.cube.eval --solver mppi --subgoal surveyor --gdm-ckpt gdm_cube_s10_gc.pt --gdm-steps 3 --accept-tau 0.967 --horizon 2 --receding-horizon 2 --num-samples 600 --n-steps 30 --source pretrained --encoder-id quentinll/lewm-cube --h5 "$CUBE_H5" --device cuda --goal-offset 25 --eval-budget 50 --num-eval 128 --seed 47 --cem-seed 47 --episodes-file episodes/cube_c2222.episodes25.json
118	cube	mppi_surveyor_tau0.967	25	48	logs/rbZ_cube_mppi_surveyor_tau0.967_t25_seed48.log	python -m surveyor.envs.cube.eval --solver mppi --subgoal surveyor --gdm-ckpt gdm_cube_s10_gc.pt --gdm-steps 3 --accept-tau 0.967 --horizon 2 --receding-horizon 2 --num-samples 600 --n-steps 30 --source pretrained --encoder-id quentinll/lewm-cube --h5 "$CUBE_H5" --device cuda --goal-offset 25 --eval-budget 50 --num-eval 128 --seed 48 --cem-seed 48 --episodes-file episodes/cube_c2222.episodes25.json
119	cube	mppi_surveyor_tau0.967	25	49	logs/rbZ_cube_mppi_surveyor_tau0.967_t25_seed49.log	python -m surveyor.envs.cube.eval --solver mppi --subgoal surveyor --gdm-ckpt gdm_cube_s10_gc.pt --gdm-steps 3 --accept-tau 0.967 --horizon 2 --receding-horizon 2 --num-samples 600 --n-steps 30 --source pretrained --encoder-id quentinll/lewm-cube --h5 "$CUBE_H5" --device cuda --goal-offset 25 --eval-budget 50 --num-eval 128 --seed 49 --cem-seed 49 --episodes-file episodes/cube_c2222.episodes25.json
120	cube	mppi_surveyor_tau0.967	150	42	logs/rbZ_cube_mppi_surveyor_tau0.967_t150_seed42.log	python -m surveyor.envs.cube.eval --solver mppi --subgoal surveyor --gdm-ckpt gdm_cube_s10_gc.pt --gdm-steps 3 --accept-tau 0.967 --horizon 2 --receding-horizon 2 --num-samples 600 --n-steps 30 --source pretrained --encoder-id quentinll/lewm-cube --h5 "$CUBE_H5" --device cuda --goal-offset 150 --eval-budget 300 --num-eval 128 --seed 42 --cem-seed 42 --episodes-file episodes/cube_c2222.episodes150.json
121	cube	mppi_surveyor_tau0.967	150	43	logs/rbZ_cube_mppi_surveyor_tau0.967_t150_seed43.log	python -m surveyor.envs.cube.eval --solver mppi --subgoal surveyor --gdm-ckpt gdm_cube_s10_gc.pt --gdm-steps 3 --accept-tau 0.967 --horizon 2 --receding-horizon 2 --num-samples 600 --n-steps 30 --source pretrained --encoder-id quentinll/lewm-cube --h5 "$CUBE_H5" --device cuda --goal-offset 150 --eval-budget 300 --num-eval 128 --seed 43 --cem-seed 43 --episodes-file episodes/cube_c2222.episodes150.json
122	cube	mppi_surveyor_tau0.967	150	44	logs/rbZ_cube_mppi_surveyor_tau0.967_t150_seed44.log	python -m surveyor.envs.cube.eval --solver mppi --subgoal surveyor --gdm-ckpt gdm_cube_s10_gc.pt --gdm-steps 3 --accept-tau 0.967 --horizon 2 --receding-horizon 2 --num-samples 600 --n-steps 30 --source pretrained --encoder-id quentinll/lewm-cube --h5 "$CUBE_H5" --device cuda --goal-offset 150 --eval-budget 300 --num-eval 128 --seed 44 --cem-seed 44 --episodes-file episodes/cube_c2222.episodes150.json
123	cube	mppi_surveyor_tau0.967	150	45	logs/rbZ_cube_mppi_surveyor_tau0.967_t150_seed45.log	python -m surveyor.envs.cube.eval --solver mppi --subgoal surveyor --gdm-ckpt gdm_cube_s10_gc.pt --gdm-steps 3 --accept-tau 0.967 --horizon 2 --receding-horizon 2 --num-samples 600 --n-steps 30 --source pretrained --encoder-id quentinll/lewm-cube --h5 "$CUBE_H5" --device cuda --goal-offset 150 --eval-budget 300 --num-eval 128 --seed 45 --cem-seed 45 --episodes-file episodes/cube_c2222.episodes150.json
124	cube	mppi_surveyor_tau0.967	150	46	logs/rbZ_cube_mppi_surveyor_tau0.967_t150_seed46.log	python -m surveyor.envs.cube.eval --solver mppi --subgoal surveyor --gdm-ckpt gdm_cube_s10_gc.pt --gdm-steps 3 --accept-tau 0.967 --horizon 2 --receding-horizon 2 --num-samples 600 --n-steps 30 --source pretrained --encoder-id quentinll/lewm-cube --h5 "$CUBE_H5" --device cuda --goal-offset 150 --eval-budget 300 --num-eval 128 --seed 46 --cem-seed 46 --episodes-file episodes/cube_c2222.episodes150.json
125	cube	mppi_surveyor_tau0.967	150	47	logs/rbZ_cube_mppi_surveyor_tau0.967_t150_seed47.log	python -m surveyor.envs.cube.eval --solver mppi --subgoal surveyor --gdm-ckpt gdm_cube_s10_gc.pt --gdm-steps 3 --accept-tau 0.967 --horizon 2 --receding-horizon 2 --num-samples 600 --n-steps 30 --source pretrained --encoder-id quentinll/lewm-cube --h5 "$CUBE_H5" --device cuda --goal-offset 150 --eval-budget 300 --num-eval 128 --seed 47 --cem-seed 47 --episodes-file episodes/cube_c2222.episodes150.json
126	cube	mppi_surveyor_tau0.967	150	48	logs/rbZ_cube_mppi_surveyor_tau0.967_t150_seed48.log	python -m surveyor.envs.cube.eval --solver mppi --subgoal surveyor --gdm-ckpt gdm_cube_s10_gc.pt --gdm-steps 3 --accept-tau 0.967 --horizon 2 --receding-horizon 2 --num-samples 600 --n-steps 30 --source pretrained --encoder-id quentinll/lewm-cube --h5 "$CUBE_H5" --device cuda --goal-offset 150 --eval-budget 300 --num-eval 128 --seed 48 --cem-seed 48 --episodes-file episodes/cube_c2222.episodes150.json
127	cube	mppi_surveyor_tau0.967	150	49	logs/rbZ_cube_mppi_surveyor_tau0.967_t150_seed49.log	python -m surveyor.envs.cube.eval --solver mppi --subgoal surveyor --gdm-ckpt gdm_cube_s10_gc.pt --gdm-steps 3 --accept-tau 0.967 --horizon 2 --receding-horizon 2 --num-samples 600 --n-steps 30 --source pretrained --encoder-id quentinll/lewm-cube --h5 "$CUBE_H5" --device cuda --goal-offset 150 --eval-budget 300 --num-eval 128 --seed 49 --cem-seed 49 --episodes-file episodes/cube_c2222.episodes150.json
128	cube	router_tau0.967	25	42	logs/rbZ_cube_router_tau0.967_t25_seed42.log	python -m surveyor.envs.cube.eval --subgoal router+surveyor --gdm-ckpt gdm_cube_s10_gc.pt --gdm-steps 3 --accept-tau 0.967 --horizon 2 --receding-horizon 2 --num-samples 600 --n-steps 30 --source pretrained --encoder-id quentinll/lewm-cube --h5 "$CUBE_H5" --device cuda --goal-offset 25 --eval-budget 50 --num-eval 128 --seed 42 --cem-seed 42 --episodes-file episodes/cube_c2222.episodes25.json
129	cube	router_tau0.967	25	43	logs/rbZ_cube_router_tau0.967_t25_seed43.log	python -m surveyor.envs.cube.eval --subgoal router+surveyor --gdm-ckpt gdm_cube_s10_gc.pt --gdm-steps 3 --accept-tau 0.967 --horizon 2 --receding-horizon 2 --num-samples 600 --n-steps 30 --source pretrained --encoder-id quentinll/lewm-cube --h5 "$CUBE_H5" --device cuda --goal-offset 25 --eval-budget 50 --num-eval 128 --seed 43 --cem-seed 43 --episodes-file episodes/cube_c2222.episodes25.json
130	cube	router_tau0.967	25	44	logs/rbZ_cube_router_tau0.967_t25_seed44.log	python -m surveyor.envs.cube.eval --subgoal router+surveyor --gdm-ckpt gdm_cube_s10_gc.pt --gdm-steps 3 --accept-tau 0.967 --horizon 2 --receding-horizon 2 --num-samples 600 --n-steps 30 --source pretrained --encoder-id quentinll/lewm-cube --h5 "$CUBE_H5" --device cuda --goal-offset 25 --eval-budget 50 --num-eval 128 --seed 44 --cem-seed 44 --episodes-file episodes/cube_c2222.episodes25.json
131	cube	router_tau0.967	25	45	logs/rbZ_cube_router_tau0.967_t25_seed45.log	python -m surveyor.envs.cube.eval --subgoal router+surveyor --gdm-ckpt gdm_cube_s10_gc.pt --gdm-steps 3 --accept-tau 0.967 --horizon 2 --receding-horizon 2 --num-samples 600 --n-steps 30 --source pretrained --encoder-id quentinll/lewm-cube --h5 "$CUBE_H5" --device cuda --goal-offset 25 --eval-budget 50 --num-eval 128 --seed 45 --cem-seed 45 --episodes-file episodes/cube_c2222.episodes25.json
132	cube	router_tau0.967	25	46	logs/rbZ_cube_router_tau0.967_t25_seed46.log	python -m surveyor.envs.cube.eval --subgoal router+surveyor --gdm-ckpt gdm_cube_s10_gc.pt --gdm-steps 3 --accept-tau 0.967 --horizon 2 --receding-horizon 2 --num-samples 600 --n-steps 30 --source pretrained --encoder-id quentinll/lewm-cube --h5 "$CUBE_H5" --device cuda --goal-offset 25 --eval-budget 50 --num-eval 128 --seed 46 --cem-seed 46 --episodes-file episodes/cube_c2222.episodes25.json
133	cube	router_tau0.967	25	47	logs/rbZ_cube_router_tau0.967_t25_seed47.log	python -m surveyor.envs.cube.eval --subgoal router+surveyor --gdm-ckpt gdm_cube_s10_gc.pt --gdm-steps 3 --accept-tau 0.967 --horizon 2 --receding-horizon 2 --num-samples 600 --n-steps 30 --source pretrained --encoder-id quentinll/lewm-cube --h5 "$CUBE_H5" --device cuda --goal-offset 25 --eval-budget 50 --num-eval 128 --seed 47 --cem-seed 47 --episodes-file episodes/cube_c2222.episodes25.json
134	cube	router_tau0.967	25	48	logs/rbZ_cube_router_tau0.967_t25_seed48.log	python -m surveyor.envs.cube.eval --subgoal router+surveyor --gdm-ckpt gdm_cube_s10_gc.pt --gdm-steps 3 --accept-tau 0.967 --horizon 2 --receding-horizon 2 --num-samples 600 --n-steps 30 --source pretrained --encoder-id quentinll/lewm-cube --h5 "$CUBE_H5" --device cuda --goal-offset 25 --eval-budget 50 --num-eval 128 --seed 48 --cem-seed 48 --episodes-file episodes/cube_c2222.episodes25.json
135	cube	router_tau0.967	25	49	logs/rbZ_cube_router_tau0.967_t25_seed49.log	python -m surveyor.envs.cube.eval --subgoal router+surveyor --gdm-ckpt gdm_cube_s10_gc.pt --gdm-steps 3 --accept-tau 0.967 --horizon 2 --receding-horizon 2 --num-samples 600 --n-steps 30 --source pretrained --encoder-id quentinll/lewm-cube --h5 "$CUBE_H5" --device cuda --goal-offset 25 --eval-budget 50 --num-eval 128 --seed 49 --cem-seed 49 --episodes-file episodes/cube_c2222.episodes25.json
136	cube	router_tau0.967	150	42	logs/rbZ_cube_router_tau0.967_t150_seed42.log	python -m surveyor.envs.cube.eval --subgoal router+surveyor --gdm-ckpt gdm_cube_s10_gc.pt --gdm-steps 3 --accept-tau 0.967 --horizon 2 --receding-horizon 2 --num-samples 600 --n-steps 30 --source pretrained --encoder-id quentinll/lewm-cube --h5 "$CUBE_H5" --device cuda --goal-offset 150 --eval-budget 300 --num-eval 128 --seed 42 --cem-seed 42 --episodes-file episodes/cube_c2222.episodes150.json
137	cube	router_tau0.967	150	43	logs/rbZ_cube_router_tau0.967_t150_seed43.log	python -m surveyor.envs.cube.eval --subgoal router+surveyor --gdm-ckpt gdm_cube_s10_gc.pt --gdm-steps 3 --accept-tau 0.967 --horizon 2 --receding-horizon 2 --num-samples 600 --n-steps 30 --source pretrained --encoder-id quentinll/lewm-cube --h5 "$CUBE_H5" --device cuda --goal-offset 150 --eval-budget 300 --num-eval 128 --seed 43 --cem-seed 43 --episodes-file episodes/cube_c2222.episodes150.json
138	cube	router_tau0.967	150	44	logs/rbZ_cube_router_tau0.967_t150_seed44.log	python -m surveyor.envs.cube.eval --subgoal router+surveyor --gdm-ckpt gdm_cube_s10_gc.pt --gdm-steps 3 --accept-tau 0.967 --horizon 2 --receding-horizon 2 --num-samples 600 --n-steps 30 --source pretrained --encoder-id quentinll/lewm-cube --h5 "$CUBE_H5" --device cuda --goal-offset 150 --eval-budget 300 --num-eval 128 --seed 44 --cem-seed 44 --episodes-file episodes/cube_c2222.episodes150.json
139	cube	router_tau0.967	150	45	logs/rbZ_cube_router_tau0.967_t150_seed45.log	python -m surveyor.envs.cube.eval --subgoal router+surveyor --gdm-ckpt gdm_cube_s10_gc.pt --gdm-steps 3 --accept-tau 0.967 --horizon 2 --receding-horizon 2 --num-samples 600 --n-steps 30 --source pretrained --encoder-id quentinll/lewm-cube --h5 "$CUBE_H5" --device cuda --goal-offset 150 --eval-budget 300 --num-eval 128 --seed 45 --cem-seed 45 --episodes-file episodes/cube_c2222.episodes150.json
140	cube	router_tau0.967	150	46	logs/rbZ_cube_router_tau0.967_t150_seed46.log	python -m surveyor.envs.cube.eval --subgoal router+surveyor --gdm-ckpt gdm_cube_s10_gc.pt --gdm-steps 3 --accept-tau 0.967 --horizon 2 --receding-horizon 2 --num-samples 600 --n-steps 30 --source pretrained --encoder-id quentinll/lewm-cube --h5 "$CUBE_H5" --device cuda --goal-offset 150 --eval-budget 300 --num-eval 128 --seed 46 --cem-seed 46 --episodes-file episodes/cube_c2222.episodes150.json
141	cube	router_tau0.967	150	47	logs/rbZ_cube_router_tau0.967_t150_seed47.log	python -m surveyor.envs.cube.eval --subgoal router+surveyor --gdm-ckpt gdm_cube_s10_gc.pt --gdm-steps 3 --accept-tau 0.967 --horizon 2 --receding-horizon 2 --num-samples 600 --n-steps 30 --source pretrained --encoder-id quentinll/lewm-cube --h5 "$CUBE_H5" --device cuda --goal-offset 150 --eval-budget 300 --num-eval 128 --seed 47 --cem-seed 47 --episodes-file episodes/cube_c2222.episodes150.json
142	cube	router_tau0.967	150	48	logs/rbZ_cube_router_tau0.967_t150_seed48.log	python -m surveyor.envs.cube.eval --subgoal router+surveyor --gdm-ckpt gdm_cube_s10_gc.pt --gdm-steps 3 --accept-tau 0.967 --horizon 2 --receding-horizon 2 --num-samples 600 --n-steps 30 --source pretrained --encoder-id quentinll/lewm-cube --h5 "$CUBE_H5" --device cuda --goal-offset 150 --eval-budget 300 --num-eval 128 --seed 48 --cem-seed 48 --episodes-file episodes/cube_c2222.episodes150.json
143	cube	router_tau0.967	150	49	logs/rbZ_cube_router_tau0.967_t150_seed49.log	python -m surveyor.envs.cube.eval --subgoal router+surveyor --gdm-ckpt gdm_cube_s10_gc.pt --gdm-steps 3 --accept-tau 0.967 --horizon 2 --receding-horizon 2 --num-samples 600 --n-steps 30 --source pretrained --encoder-id quentinll/lewm-cube --h5 "$CUBE_H5" --device cuda --goal-offset 150 --eval-budget 300 --num-eval 128 --seed 49 --cem-seed 49 --episodes-file episodes/cube_c2222.episodes150.json
144	cube	surveyor_tau0.967	25	42	logs/rbZ_cube_surveyor_tau0.967_t25_seed42.log	python -m surveyor.envs.cube.eval --subgoal surveyor --gdm-ckpt gdm_cube_s10_gc.pt --gdm-steps 3 --accept-tau 0.967 --horizon 2 --receding-horizon 2 --num-samples 600 --n-steps 30 --source pretrained --encoder-id quentinll/lewm-cube --h5 "$CUBE_H5" --device cuda --goal-offset 25 --eval-budget 50 --num-eval 128 --seed 42 --cem-seed 42 --episodes-file episodes/cube_c2222.episodes25.json
145	cube	surveyor_tau0.967	25	43	logs/rbZ_cube_surveyor_tau0.967_t25_seed43.log	python -m surveyor.envs.cube.eval --subgoal surveyor --gdm-ckpt gdm_cube_s10_gc.pt --gdm-steps 3 --accept-tau 0.967 --horizon 2 --receding-horizon 2 --num-samples 600 --n-steps 30 --source pretrained --encoder-id quentinll/lewm-cube --h5 "$CUBE_H5" --device cuda --goal-offset 25 --eval-budget 50 --num-eval 128 --seed 43 --cem-seed 43 --episodes-file episodes/cube_c2222.episodes25.json
146	cube	surveyor_tau0.967	25	44	logs/rbZ_cube_surveyor_tau0.967_t25_seed44.log	python -m surveyor.envs.cube.eval --subgoal surveyor --gdm-ckpt gdm_cube_s10_gc.pt --gdm-steps 3 --accept-tau 0.967 --horizon 2 --receding-horizon 2 --num-samples 600 --n-steps 30 --source pretrained --encoder-id quentinll/lewm-cube --h5 "$CUBE_H5" --device cuda --goal-offset 25 --eval-budget 50 --num-eval 128 --seed 44 --cem-seed 44 --episodes-file episodes/cube_c2222.episodes25.json
147	cube	surveyor_tau0.967	25	45	logs/rbZ_cube_surveyor_tau0.967_t25_seed45.log	python -m surveyor.envs.cube.eval --subgoal surveyor --gdm-ckpt gdm_cube_s10_gc.pt --gdm-steps 3 --accept-tau 0.967 --horizon 2 --receding-horizon 2 --num-samples 600 --n-steps 30 --source pretrained --encoder-id quentinll/lewm-cube --h5 "$CUBE_H5" --device cuda --goal-offset 25 --eval-budget 50 --num-eval 128 --seed 45 --cem-seed 45 --episodes-file episodes/cube_c2222.episodes25.json
148	cube	surveyor_tau0.967	25	46	logs/rbZ_cube_surveyor_tau0.967_t25_seed46.log	python -m surveyor.envs.cube.eval --subgoal surveyor --gdm-ckpt gdm_cube_s10_gc.pt --gdm-steps 3 --accept-tau 0.967 --horizon 2 --receding-horizon 2 --num-samples 600 --n-steps 30 --source pretrained --encoder-id quentinll/lewm-cube --h5 "$CUBE_H5" --device cuda --goal-offset 25 --eval-budget 50 --num-eval 128 --seed 46 --cem-seed 46 --episodes-file episodes/cube_c2222.episodes25.json
149	cube	surveyor_tau0.967	25	47	logs/rbZ_cube_surveyor_tau0.967_t25_seed47.log	python -m surveyor.envs.cube.eval --subgoal surveyor --gdm-ckpt gdm_cube_s10_gc.pt --gdm-steps 3 --accept-tau 0.967 --horizon 2 --receding-horizon 2 --num-samples 600 --n-steps 30 --source pretrained --encoder-id quentinll/lewm-cube --h5 "$CUBE_H5" --device cuda --goal-offset 25 --eval-budget 50 --num-eval 128 --seed 47 --cem-seed 47 --episodes-file episodes/cube_c2222.episodes25.json
150	cube	surveyor_tau0.967	25	48	logs/rbZ_cube_surveyor_tau0.967_t25_seed48.log	python -m surveyor.envs.cube.eval --subgoal surveyor --gdm-ckpt gdm_cube_s10_gc.pt --gdm-steps 3 --accept-tau 0.967 --horizon 2 --receding-horizon 2 --num-samples 600 --n-steps 30 --source pretrained --encoder-id quentinll/lewm-cube --h5 "$CUBE_H5" --device cuda --goal-offset 25 --eval-budget 50 --num-eval 128 --seed 48 --cem-seed 48 --episodes-file episodes/cube_c2222.episodes25.json
151	cube	surveyor_tau0.967	25	49	logs/rbZ_cube_surveyor_tau0.967_t25_seed49.log	python -m surveyor.envs.cube.eval --subgoal surveyor --gdm-ckpt gdm_cube_s10_gc.pt --gdm-steps 3 --accept-tau 0.967 --horizon 2 --receding-horizon 2 --num-samples 600 --n-steps 30 --source pretrained --encoder-id quentinll/lewm-cube --h5 "$CUBE_H5" --device cuda --goal-offset 25 --eval-budget 50 --num-eval 128 --seed 49 --cem-seed 49 --episodes-file episodes/cube_c2222.episodes25.json
152	cube	surveyor_tau0.967	150	42	logs/rbZ_cube_surveyor_tau0.967_t150_seed42.log	python -m surveyor.envs.cube.eval --subgoal surveyor --gdm-ckpt gdm_cube_s10_gc.pt --gdm-steps 3 --accept-tau 0.967 --horizon 2 --receding-horizon 2 --num-samples 600 --n-steps 30 --source pretrained --encoder-id quentinll/lewm-cube --h5 "$CUBE_H5" --device cuda --goal-offset 150 --eval-budget 300 --num-eval 128 --seed 42 --cem-seed 42 --episodes-file episodes/cube_c2222.episodes150.json
153	cube	surveyor_tau0.967	150	43	logs/rbZ_cube_surveyor_tau0.967_t150_seed43.log	python -m surveyor.envs.cube.eval --subgoal surveyor --gdm-ckpt gdm_cube_s10_gc.pt --gdm-steps 3 --accept-tau 0.967 --horizon 2 --receding-horizon 2 --num-samples 600 --n-steps 30 --source pretrained --encoder-id quentinll/lewm-cube --h5 "$CUBE_H5" --device cuda --goal-offset 150 --eval-budget 300 --num-eval 128 --seed 43 --cem-seed 43 --episodes-file episodes/cube_c2222.episodes150.json
154	cube	surveyor_tau0.967	150	44	logs/rbZ_cube_surveyor_tau0.967_t150_seed44.log	python -m surveyor.envs.cube.eval --subgoal surveyor --gdm-ckpt gdm_cube_s10_gc.pt --gdm-steps 3 --accept-tau 0.967 --horizon 2 --receding-horizon 2 --num-samples 600 --n-steps 30 --source pretrained --encoder-id quentinll/lewm-cube --h5 "$CUBE_H5" --device cuda --goal-offset 150 --eval-budget 300 --num-eval 128 --seed 44 --cem-seed 44 --episodes-file episodes/cube_c2222.episodes150.json
155	cube	surveyor_tau0.967	150	45	logs/rbZ_cube_surveyor_tau0.967_t150_seed45.log	python -m surveyor.envs.cube.eval --subgoal surveyor --gdm-ckpt gdm_cube_s10_gc.pt --gdm-steps 3 --accept-tau 0.967 --horizon 2 --receding-horizon 2 --num-samples 600 --n-steps 30 --source pretrained --encoder-id quentinll/lewm-cube --h5 "$CUBE_H5" --device cuda --goal-offset 150 --eval-budget 300 --num-eval 128 --seed 45 --cem-seed 45 --episodes-file episodes/cube_c2222.episodes150.json
156	cube	surveyor_tau0.967	150	46	logs/rbZ_cube_surveyor_tau0.967_t150_seed46.log	python -m surveyor.envs.cube.eval --subgoal surveyor --gdm-ckpt gdm_cube_s10_gc.pt --gdm-steps 3 --accept-tau 0.967 --horizon 2 --receding-horizon 2 --num-samples 600 --n-steps 30 --source pretrained --encoder-id quentinll/lewm-cube --h5 "$CUBE_H5" --device cuda --goal-offset 150 --eval-budget 300 --num-eval 128 --seed 46 --cem-seed 46 --episodes-file episodes/cube_c2222.episodes150.json
157	cube	surveyor_tau0.967	150	47	logs/rbZ_cube_surveyor_tau0.967_t150_seed47.log	python -m surveyor.envs.cube.eval --subgoal surveyor --gdm-ckpt gdm_cube_s10_gc.pt --gdm-steps 3 --accept-tau 0.967 --horizon 2 --receding-horizon 2 --num-samples 600 --n-steps 30 --source pretrained --encoder-id quentinll/lewm-cube --h5 "$CUBE_H5" --device cuda --goal-offset 150 --eval-budget 300 --num-eval 128 --seed 47 --cem-seed 47 --episodes-file episodes/cube_c2222.episodes150.json
158	cube	surveyor_tau0.967	150	48	logs/rbZ_cube_surveyor_tau0.967_t150_seed48.log	python -m surveyor.envs.cube.eval --subgoal surveyor --gdm-ckpt gdm_cube_s10_gc.pt --gdm-steps 3 --accept-tau 0.967 --horizon 2 --receding-horizon 2 --num-samples 600 --n-steps 30 --source pretrained --encoder-id quentinll/lewm-cube --h5 "$CUBE_H5" --device cuda --goal-offset 150 --eval-budget 300 --num-eval 128 --seed 48 --cem-seed 48 --episodes-file episodes/cube_c2222.episodes150.json
159	cube	surveyor_tau0.967	150	49	logs/rbZ_cube_surveyor_tau0.967_t150_seed49.log	python -m surveyor.envs.cube.eval --subgoal surveyor --gdm-ckpt gdm_cube_s10_gc.pt --gdm-steps 3 --accept-tau 0.967 --horizon 2 --receding-horizon 2 --num-samples 600 --n-steps 30 --source pretrained --encoder-id quentinll/lewm-cube --h5 "$CUBE_H5" --device cuda --goal-offset 150 --eval-budget 300 --num-eval 128 --seed 49 --cem-seed 49 --episodes-file episodes/cube_c2222.episodes150.json
160	pusht	gcrouter_off_s42_tau0.173	25	42	logs/rbZ_pusht_gcrouter_off_s42_tau0.173_t25_seed42.log	python -m surveyor.envs.pusht.eval --subgoal gcidm+surveyor --gcidm-ckpt gcidm_official_pusht_h50_s42.pt --gdm-ckpt gdm_stride10.pt --gdm-steps 3 --accept-tau 0.173 --sg-steps 10 --cstar-route --source pretrained --h5 pusht_c2222.h5 --device cuda --mode long --episodes-file episodes/pusht_c2222.episodes25.json --goal-offset 25 --eval-budget 50 --num-eval 256 --score block --angles 20 5 --seed 42 --cem-seed 42
161	pusht	gcrouter_off_s42_tau0.173	25	43	logs/rbZ_pusht_gcrouter_off_s42_tau0.173_t25_seed43.log	python -m surveyor.envs.pusht.eval --subgoal gcidm+surveyor --gcidm-ckpt gcidm_official_pusht_h50_s42.pt --gdm-ckpt gdm_stride10.pt --gdm-steps 3 --accept-tau 0.173 --sg-steps 10 --cstar-route --source pretrained --h5 pusht_c2222.h5 --device cuda --mode long --episodes-file episodes/pusht_c2222.episodes25.json --goal-offset 25 --eval-budget 50 --num-eval 256 --score block --angles 20 5 --seed 43 --cem-seed 43
162	pusht	gcrouter_off_s42_tau0.173	25	44	logs/rbZ_pusht_gcrouter_off_s42_tau0.173_t25_seed44.log	python -m surveyor.envs.pusht.eval --subgoal gcidm+surveyor --gcidm-ckpt gcidm_official_pusht_h50_s42.pt --gdm-ckpt gdm_stride10.pt --gdm-steps 3 --accept-tau 0.173 --sg-steps 10 --cstar-route --source pretrained --h5 pusht_c2222.h5 --device cuda --mode long --episodes-file episodes/pusht_c2222.episodes25.json --goal-offset 25 --eval-budget 50 --num-eval 256 --score block --angles 20 5 --seed 44 --cem-seed 44
163	pusht	gcrouter_off_s42_tau0.173	25	45	logs/rbZ_pusht_gcrouter_off_s42_tau0.173_t25_seed45.log	python -m surveyor.envs.pusht.eval --subgoal gcidm+surveyor --gcidm-ckpt gcidm_official_pusht_h50_s42.pt --gdm-ckpt gdm_stride10.pt --gdm-steps 3 --accept-tau 0.173 --sg-steps 10 --cstar-route --source pretrained --h5 pusht_c2222.h5 --device cuda --mode long --episodes-file episodes/pusht_c2222.episodes25.json --goal-offset 25 --eval-budget 50 --num-eval 256 --score block --angles 20 5 --seed 45 --cem-seed 45
164	pusht	gcrouter_off_s42_tau0.173	25	46	logs/rbZ_pusht_gcrouter_off_s42_tau0.173_t25_seed46.log	python -m surveyor.envs.pusht.eval --subgoal gcidm+surveyor --gcidm-ckpt gcidm_official_pusht_h50_s42.pt --gdm-ckpt gdm_stride10.pt --gdm-steps 3 --accept-tau 0.173 --sg-steps 10 --cstar-route --source pretrained --h5 pusht_c2222.h5 --device cuda --mode long --episodes-file episodes/pusht_c2222.episodes25.json --goal-offset 25 --eval-budget 50 --num-eval 256 --score block --angles 20 5 --seed 46 --cem-seed 46
165	pusht	gcrouter_off_s42_tau0.173	25	47	logs/rbZ_pusht_gcrouter_off_s42_tau0.173_t25_seed47.log	python -m surveyor.envs.pusht.eval --subgoal gcidm+surveyor --gcidm-ckpt gcidm_official_pusht_h50_s42.pt --gdm-ckpt gdm_stride10.pt --gdm-steps 3 --accept-tau 0.173 --sg-steps 10 --cstar-route --source pretrained --h5 pusht_c2222.h5 --device cuda --mode long --episodes-file episodes/pusht_c2222.episodes25.json --goal-offset 25 --eval-budget 50 --num-eval 256 --score block --angles 20 5 --seed 47 --cem-seed 47
166	pusht	gcrouter_off_s42_tau0.173	25	48	logs/rbZ_pusht_gcrouter_off_s42_tau0.173_t25_seed48.log	python -m surveyor.envs.pusht.eval --subgoal gcidm+surveyor --gcidm-ckpt gcidm_official_pusht_h50_s42.pt --gdm-ckpt gdm_stride10.pt --gdm-steps 3 --accept-tau 0.173 --sg-steps 10 --cstar-route --source pretrained --h5 pusht_c2222.h5 --device cuda --mode long --episodes-file episodes/pusht_c2222.episodes25.json --goal-offset 25 --eval-budget 50 --num-eval 256 --score block --angles 20 5 --seed 48 --cem-seed 48
167	pusht	gcrouter_off_s42_tau0.173	25	49	logs/rbZ_pusht_gcrouter_off_s42_tau0.173_t25_seed49.log	python -m surveyor.envs.pusht.eval --subgoal gcidm+surveyor --gcidm-ckpt gcidm_official_pusht_h50_s42.pt --gdm-ckpt gdm_stride10.pt --gdm-steps 3 --accept-tau 0.173 --sg-steps 10 --cstar-route --source pretrained --h5 pusht_c2222.h5 --device cuda --mode long --episodes-file episodes/pusht_c2222.episodes25.json --goal-offset 25 --eval-budget 50 --num-eval 256 --score block --angles 20 5 --seed 49 --cem-seed 49
168	pusht	gcrouter_off_s42_tau0.173	150	42	logs/rbZ_pusht_gcrouter_off_s42_tau0.173_t150_seed42.log	python -m surveyor.envs.pusht.eval --subgoal gcidm+surveyor --gcidm-ckpt gcidm_official_pusht_h300_s42.pt --gdm-ckpt gdm_stride10.pt --gdm-steps 3 --accept-tau 0.173 --sg-steps 10 --cstar-route --source pretrained --h5 pusht_c2222.h5 --device cuda --mode long --episodes-file episodes/pusht_c2222.episodes150.json --goal-offset 150 --eval-budget 300 --num-eval 256 --score block --angles 20 5 --seed 42 --cem-seed 42
169	pusht	gcrouter_off_s42_tau0.173	150	43	logs/rbZ_pusht_gcrouter_off_s42_tau0.173_t150_seed43.log	python -m surveyor.envs.pusht.eval --subgoal gcidm+surveyor --gcidm-ckpt gcidm_official_pusht_h300_s42.pt --gdm-ckpt gdm_stride10.pt --gdm-steps 3 --accept-tau 0.173 --sg-steps 10 --cstar-route --source pretrained --h5 pusht_c2222.h5 --device cuda --mode long --episodes-file episodes/pusht_c2222.episodes150.json --goal-offset 150 --eval-budget 300 --num-eval 256 --score block --angles 20 5 --seed 43 --cem-seed 43
170	pusht	gcrouter_off_s42_tau0.173	150	44	logs/rbZ_pusht_gcrouter_off_s42_tau0.173_t150_seed44.log	python -m surveyor.envs.pusht.eval --subgoal gcidm+surveyor --gcidm-ckpt gcidm_official_pusht_h300_s42.pt --gdm-ckpt gdm_stride10.pt --gdm-steps 3 --accept-tau 0.173 --sg-steps 10 --cstar-route --source pretrained --h5 pusht_c2222.h5 --device cuda --mode long --episodes-file episodes/pusht_c2222.episodes150.json --goal-offset 150 --eval-budget 300 --num-eval 256 --score block --angles 20 5 --seed 44 --cem-seed 44
171	pusht	gcrouter_off_s42_tau0.173	150	45	logs/rbZ_pusht_gcrouter_off_s42_tau0.173_t150_seed45.log	python -m surveyor.envs.pusht.eval --subgoal gcidm+surveyor --gcidm-ckpt gcidm_official_pusht_h300_s42.pt --gdm-ckpt gdm_stride10.pt --gdm-steps 3 --accept-tau 0.173 --sg-steps 10 --cstar-route --source pretrained --h5 pusht_c2222.h5 --device cuda --mode long --episodes-file episodes/pusht_c2222.episodes150.json --goal-offset 150 --eval-budget 300 --num-eval 256 --score block --angles 20 5 --seed 45 --cem-seed 45
172	pusht	gcrouter_off_s42_tau0.173	150	46	logs/rbZ_pusht_gcrouter_off_s42_tau0.173_t150_seed46.log	python -m surveyor.envs.pusht.eval --subgoal gcidm+surveyor --gcidm-ckpt gcidm_official_pusht_h300_s42.pt --gdm-ckpt gdm_stride10.pt --gdm-steps 3 --accept-tau 0.173 --sg-steps 10 --cstar-route --source pretrained --h5 pusht_c2222.h5 --device cuda --mode long --episodes-file episodes/pusht_c2222.episodes150.json --goal-offset 150 --eval-budget 300 --num-eval 256 --score block --angles 20 5 --seed 46 --cem-seed 46
173	pusht	gcrouter_off_s42_tau0.173	150	47	logs/rbZ_pusht_gcrouter_off_s42_tau0.173_t150_seed47.log	python -m surveyor.envs.pusht.eval --subgoal gcidm+surveyor --gcidm-ckpt gcidm_official_pusht_h300_s42.pt --gdm-ckpt gdm_stride10.pt --gdm-steps 3 --accept-tau 0.173 --sg-steps 10 --cstar-route --source pretrained --h5 pusht_c2222.h5 --device cuda --mode long --episodes-file episodes/pusht_c2222.episodes150.json --goal-offset 150 --eval-budget 300 --num-eval 256 --score block --angles 20 5 --seed 47 --cem-seed 47
174	pusht	gcrouter_off_s42_tau0.173	150	48	logs/rbZ_pusht_gcrouter_off_s42_tau0.173_t150_seed48.log	python -m surveyor.envs.pusht.eval --subgoal gcidm+surveyor --gcidm-ckpt gcidm_official_pusht_h300_s42.pt --gdm-ckpt gdm_stride10.pt --gdm-steps 3 --accept-tau 0.173 --sg-steps 10 --cstar-route --source pretrained --h5 pusht_c2222.h5 --device cuda --mode long --episodes-file episodes/pusht_c2222.episodes150.json --goal-offset 150 --eval-budget 300 --num-eval 256 --score block --angles 20 5 --seed 48 --cem-seed 48
175	pusht	gcrouter_off_s42_tau0.173	150	49	logs/rbZ_pusht_gcrouter_off_s42_tau0.173_t150_seed49.log	python -m surveyor.envs.pusht.eval --subgoal gcidm+surveyor --gcidm-ckpt gcidm_official_pusht_h300_s42.pt --gdm-ckpt gdm_stride10.pt --gdm-steps 3 --accept-tau 0.173 --sg-steps 10 --cstar-route --source pretrained --h5 pusht_c2222.h5 --device cuda --mode long --episodes-file episodes/pusht_c2222.episodes150.json --goal-offset 150 --eval-budget 300 --num-eval 256 --score block --angles 20 5 --seed 49 --cem-seed 49
176	pusht	gcsurv_off_s42_tau0.173	25	42	logs/rbZ_pusht_gcsurv_off_s42_tau0.173_t25_seed42.log	python -m surveyor.envs.pusht.eval --subgoal gcidm+surveyor --gcidm-ckpt gcidm_official_pusht_h50_s42.pt --gdm-ckpt gdm_stride10.pt --gdm-steps 3 --accept-tau 0.173 --sg-steps 10 --source pretrained --h5 pusht_c2222.h5 --device cuda --mode long --episodes-file episodes/pusht_c2222.episodes25.json --goal-offset 25 --eval-budget 50 --num-eval 256 --score block --angles 20 5 --seed 42 --cem-seed 42
177	pusht	gcsurv_off_s42_tau0.173	25	43	logs/rbZ_pusht_gcsurv_off_s42_tau0.173_t25_seed43.log	python -m surveyor.envs.pusht.eval --subgoal gcidm+surveyor --gcidm-ckpt gcidm_official_pusht_h50_s42.pt --gdm-ckpt gdm_stride10.pt --gdm-steps 3 --accept-tau 0.173 --sg-steps 10 --source pretrained --h5 pusht_c2222.h5 --device cuda --mode long --episodes-file episodes/pusht_c2222.episodes25.json --goal-offset 25 --eval-budget 50 --num-eval 256 --score block --angles 20 5 --seed 43 --cem-seed 43
178	pusht	gcsurv_off_s42_tau0.173	25	44	logs/rbZ_pusht_gcsurv_off_s42_tau0.173_t25_seed44.log	python -m surveyor.envs.pusht.eval --subgoal gcidm+surveyor --gcidm-ckpt gcidm_official_pusht_h50_s42.pt --gdm-ckpt gdm_stride10.pt --gdm-steps 3 --accept-tau 0.173 --sg-steps 10 --source pretrained --h5 pusht_c2222.h5 --device cuda --mode long --episodes-file episodes/pusht_c2222.episodes25.json --goal-offset 25 --eval-budget 50 --num-eval 256 --score block --angles 20 5 --seed 44 --cem-seed 44
179	pusht	gcsurv_off_s42_tau0.173	25	45	logs/rbZ_pusht_gcsurv_off_s42_tau0.173_t25_seed45.log	python -m surveyor.envs.pusht.eval --subgoal gcidm+surveyor --gcidm-ckpt gcidm_official_pusht_h50_s42.pt --gdm-ckpt gdm_stride10.pt --gdm-steps 3 --accept-tau 0.173 --sg-steps 10 --source pretrained --h5 pusht_c2222.h5 --device cuda --mode long --episodes-file episodes/pusht_c2222.episodes25.json --goal-offset 25 --eval-budget 50 --num-eval 256 --score block --angles 20 5 --seed 45 --cem-seed 45
180	pusht	gcsurv_off_s42_tau0.173	25	46	logs/rbZ_pusht_gcsurv_off_s42_tau0.173_t25_seed46.log	python -m surveyor.envs.pusht.eval --subgoal gcidm+surveyor --gcidm-ckpt gcidm_official_pusht_h50_s42.pt --gdm-ckpt gdm_stride10.pt --gdm-steps 3 --accept-tau 0.173 --sg-steps 10 --source pretrained --h5 pusht_c2222.h5 --device cuda --mode long --episodes-file episodes/pusht_c2222.episodes25.json --goal-offset 25 --eval-budget 50 --num-eval 256 --score block --angles 20 5 --seed 46 --cem-seed 46
181	pusht	gcsurv_off_s42_tau0.173	25	47	logs/rbZ_pusht_gcsurv_off_s42_tau0.173_t25_seed47.log	python -m surveyor.envs.pusht.eval --subgoal gcidm+surveyor --gcidm-ckpt gcidm_official_pusht_h50_s42.pt --gdm-ckpt gdm_stride10.pt --gdm-steps 3 --accept-tau 0.173 --sg-steps 10 --source pretrained --h5 pusht_c2222.h5 --device cuda --mode long --episodes-file episodes/pusht_c2222.episodes25.json --goal-offset 25 --eval-budget 50 --num-eval 256 --score block --angles 20 5 --seed 47 --cem-seed 47
182	pusht	gcsurv_off_s42_tau0.173	25	48	logs/rbZ_pusht_gcsurv_off_s42_tau0.173_t25_seed48.log	python -m surveyor.envs.pusht.eval --subgoal gcidm+surveyor --gcidm-ckpt gcidm_official_pusht_h50_s42.pt --gdm-ckpt gdm_stride10.pt --gdm-steps 3 --accept-tau 0.173 --sg-steps 10 --source pretrained --h5 pusht_c2222.h5 --device cuda --mode long --episodes-file episodes/pusht_c2222.episodes25.json --goal-offset 25 --eval-budget 50 --num-eval 256 --score block --angles 20 5 --seed 48 --cem-seed 48
183	pusht	gcsurv_off_s42_tau0.173	25	49	logs/rbZ_pusht_gcsurv_off_s42_tau0.173_t25_seed49.log	python -m surveyor.envs.pusht.eval --subgoal gcidm+surveyor --gcidm-ckpt gcidm_official_pusht_h50_s42.pt --gdm-ckpt gdm_stride10.pt --gdm-steps 3 --accept-tau 0.173 --sg-steps 10 --source pretrained --h5 pusht_c2222.h5 --device cuda --mode long --episodes-file episodes/pusht_c2222.episodes25.json --goal-offset 25 --eval-budget 50 --num-eval 256 --score block --angles 20 5 --seed 49 --cem-seed 49
184	pusht	gcsurv_off_s42_tau0.173	150	42	logs/rbZ_pusht_gcsurv_off_s42_tau0.173_t150_seed42.log	python -m surveyor.envs.pusht.eval --subgoal gcidm+surveyor --gcidm-ckpt gcidm_official_pusht_h300_s42.pt --gdm-ckpt gdm_stride10.pt --gdm-steps 3 --accept-tau 0.173 --sg-steps 10 --source pretrained --h5 pusht_c2222.h5 --device cuda --mode long --episodes-file episodes/pusht_c2222.episodes150.json --goal-offset 150 --eval-budget 300 --num-eval 256 --score block --angles 20 5 --seed 42 --cem-seed 42
185	pusht	gcsurv_off_s42_tau0.173	150	43	logs/rbZ_pusht_gcsurv_off_s42_tau0.173_t150_seed43.log	python -m surveyor.envs.pusht.eval --subgoal gcidm+surveyor --gcidm-ckpt gcidm_official_pusht_h300_s42.pt --gdm-ckpt gdm_stride10.pt --gdm-steps 3 --accept-tau 0.173 --sg-steps 10 --source pretrained --h5 pusht_c2222.h5 --device cuda --mode long --episodes-file episodes/pusht_c2222.episodes150.json --goal-offset 150 --eval-budget 300 --num-eval 256 --score block --angles 20 5 --seed 43 --cem-seed 43
186	pusht	gcsurv_off_s42_tau0.173	150	44	logs/rbZ_pusht_gcsurv_off_s42_tau0.173_t150_seed44.log	python -m surveyor.envs.pusht.eval --subgoal gcidm+surveyor --gcidm-ckpt gcidm_official_pusht_h300_s42.pt --gdm-ckpt gdm_stride10.pt --gdm-steps 3 --accept-tau 0.173 --sg-steps 10 --source pretrained --h5 pusht_c2222.h5 --device cuda --mode long --episodes-file episodes/pusht_c2222.episodes150.json --goal-offset 150 --eval-budget 300 --num-eval 256 --score block --angles 20 5 --seed 44 --cem-seed 44
187	pusht	gcsurv_off_s42_tau0.173	150	45	logs/rbZ_pusht_gcsurv_off_s42_tau0.173_t150_seed45.log	python -m surveyor.envs.pusht.eval --subgoal gcidm+surveyor --gcidm-ckpt gcidm_official_pusht_h300_s42.pt --gdm-ckpt gdm_stride10.pt --gdm-steps 3 --accept-tau 0.173 --sg-steps 10 --source pretrained --h5 pusht_c2222.h5 --device cuda --mode long --episodes-file episodes/pusht_c2222.episodes150.json --goal-offset 150 --eval-budget 300 --num-eval 256 --score block --angles 20 5 --seed 45 --cem-seed 45
188	pusht	gcsurv_off_s42_tau0.173	150	46	logs/rbZ_pusht_gcsurv_off_s42_tau0.173_t150_seed46.log	python -m surveyor.envs.pusht.eval --subgoal gcidm+surveyor --gcidm-ckpt gcidm_official_pusht_h300_s42.pt --gdm-ckpt gdm_stride10.pt --gdm-steps 3 --accept-tau 0.173 --sg-steps 10 --source pretrained --h5 pusht_c2222.h5 --device cuda --mode long --episodes-file episodes/pusht_c2222.episodes150.json --goal-offset 150 --eval-budget 300 --num-eval 256 --score block --angles 20 5 --seed 46 --cem-seed 46
189	pusht	gcsurv_off_s42_tau0.173	150	47	logs/rbZ_pusht_gcsurv_off_s42_tau0.173_t150_seed47.log	python -m surveyor.envs.pusht.eval --subgoal gcidm+surveyor --gcidm-ckpt gcidm_official_pusht_h300_s42.pt --gdm-ckpt gdm_stride10.pt --gdm-steps 3 --accept-tau 0.173 --sg-steps 10 --source pretrained --h5 pusht_c2222.h5 --device cuda --mode long --episodes-file episodes/pusht_c2222.episodes150.json --goal-offset 150 --eval-budget 300 --num-eval 256 --score block --angles 20 5 --seed 47 --cem-seed 47
190	pusht	gcsurv_off_s42_tau0.173	150	48	logs/rbZ_pusht_gcsurv_off_s42_tau0.173_t150_seed48.log	python -m surveyor.envs.pusht.eval --subgoal gcidm+surveyor --gcidm-ckpt gcidm_official_pusht_h300_s42.pt --gdm-ckpt gdm_stride10.pt --gdm-steps 3 --accept-tau 0.173 --sg-steps 10 --source pretrained --h5 pusht_c2222.h5 --device cuda --mode long --episodes-file episodes/pusht_c2222.episodes150.json --goal-offset 150 --eval-budget 300 --num-eval 256 --score block --angles 20 5 --seed 48 --cem-seed 48
191	pusht	gcsurv_off_s42_tau0.173	150	49	logs/rbZ_pusht_gcsurv_off_s42_tau0.173_t150_seed49.log	python -m surveyor.envs.pusht.eval --subgoal gcidm+surveyor --gcidm-ckpt gcidm_official_pusht_h300_s42.pt --gdm-ckpt gdm_stride10.pt --gdm-steps 3 --accept-tau 0.173 --sg-steps 10 --source pretrained --h5 pusht_c2222.h5 --device cuda --mode long --episodes-file episodes/pusht_c2222.episodes150.json --goal-offset 150 --eval-budget 300 --num-eval 256 --score block --angles 20 5 --seed 49 --cem-seed 49
192	pusht	gd_router_tau0.173	25	42	logs/rbZ_pusht_gd_router_tau0.173_t25_seed42.log	python -m surveyor.envs.pusht.eval --solver gd --subgoal router+surveyor --gdm-ckpt gdm_stride10.pt --gdm-steps 3 --accept-tau 0.173 --horizon 2 --receding-horizon 2 --source pretrained --h5 pusht_c2222.h5 --device cuda --mode long --episodes-file episodes/pusht_c2222.episodes25.json --goal-offset 25 --eval-budget 50 --num-eval 256 --score block --angles 20 5 --seed 42 --cem-seed 42
193	pusht	gd_router_tau0.173	25	43	logs/rbZ_pusht_gd_router_tau0.173_t25_seed43.log	python -m surveyor.envs.pusht.eval --solver gd --subgoal router+surveyor --gdm-ckpt gdm_stride10.pt --gdm-steps 3 --accept-tau 0.173 --horizon 2 --receding-horizon 2 --source pretrained --h5 pusht_c2222.h5 --device cuda --mode long --episodes-file episodes/pusht_c2222.episodes25.json --goal-offset 25 --eval-budget 50 --num-eval 256 --score block --angles 20 5 --seed 43 --cem-seed 43
194	pusht	gd_router_tau0.173	25	44	logs/rbZ_pusht_gd_router_tau0.173_t25_seed44.log	python -m surveyor.envs.pusht.eval --solver gd --subgoal router+surveyor --gdm-ckpt gdm_stride10.pt --gdm-steps 3 --accept-tau 0.173 --horizon 2 --receding-horizon 2 --source pretrained --h5 pusht_c2222.h5 --device cuda --mode long --episodes-file episodes/pusht_c2222.episodes25.json --goal-offset 25 --eval-budget 50 --num-eval 256 --score block --angles 20 5 --seed 44 --cem-seed 44
195	pusht	gd_router_tau0.173	25	45	logs/rbZ_pusht_gd_router_tau0.173_t25_seed45.log	python -m surveyor.envs.pusht.eval --solver gd --subgoal router+surveyor --gdm-ckpt gdm_stride10.pt --gdm-steps 3 --accept-tau 0.173 --horizon 2 --receding-horizon 2 --source pretrained --h5 pusht_c2222.h5 --device cuda --mode long --episodes-file episodes/pusht_c2222.episodes25.json --goal-offset 25 --eval-budget 50 --num-eval 256 --score block --angles 20 5 --seed 45 --cem-seed 45
196	pusht	gd_router_tau0.173	25	46	logs/rbZ_pusht_gd_router_tau0.173_t25_seed46.log	python -m surveyor.envs.pusht.eval --solver gd --subgoal router+surveyor --gdm-ckpt gdm_stride10.pt --gdm-steps 3 --accept-tau 0.173 --horizon 2 --receding-horizon 2 --source pretrained --h5 pusht_c2222.h5 --device cuda --mode long --episodes-file episodes/pusht_c2222.episodes25.json --goal-offset 25 --eval-budget 50 --num-eval 256 --score block --angles 20 5 --seed 46 --cem-seed 46
197	pusht	gd_router_tau0.173	25	47	logs/rbZ_pusht_gd_router_tau0.173_t25_seed47.log	python -m surveyor.envs.pusht.eval --solver gd --subgoal router+surveyor --gdm-ckpt gdm_stride10.pt --gdm-steps 3 --accept-tau 0.173 --horizon 2 --receding-horizon 2 --source pretrained --h5 pusht_c2222.h5 --device cuda --mode long --episodes-file episodes/pusht_c2222.episodes25.json --goal-offset 25 --eval-budget 50 --num-eval 256 --score block --angles 20 5 --seed 47 --cem-seed 47
198	pusht	gd_router_tau0.173	25	48	logs/rbZ_pusht_gd_router_tau0.173_t25_seed48.log	python -m surveyor.envs.pusht.eval --solver gd --subgoal router+surveyor --gdm-ckpt gdm_stride10.pt --gdm-steps 3 --accept-tau 0.173 --horizon 2 --receding-horizon 2 --source pretrained --h5 pusht_c2222.h5 --device cuda --mode long --episodes-file episodes/pusht_c2222.episodes25.json --goal-offset 25 --eval-budget 50 --num-eval 256 --score block --angles 20 5 --seed 48 --cem-seed 48
199	pusht	gd_router_tau0.173	25	49	logs/rbZ_pusht_gd_router_tau0.173_t25_seed49.log	python -m surveyor.envs.pusht.eval --solver gd --subgoal router+surveyor --gdm-ckpt gdm_stride10.pt --gdm-steps 3 --accept-tau 0.173 --horizon 2 --receding-horizon 2 --source pretrained --h5 pusht_c2222.h5 --device cuda --mode long --episodes-file episodes/pusht_c2222.episodes25.json --goal-offset 25 --eval-budget 50 --num-eval 256 --score block --angles 20 5 --seed 49 --cem-seed 49
200	pusht	gd_router_tau0.173	150	42	logs/rbZ_pusht_gd_router_tau0.173_t150_seed42.log	python -m surveyor.envs.pusht.eval --solver gd --subgoal router+surveyor --gdm-ckpt gdm_stride10.pt --gdm-steps 3 --accept-tau 0.173 --horizon 2 --receding-horizon 2 --source pretrained --h5 pusht_c2222.h5 --device cuda --mode long --episodes-file episodes/pusht_c2222.episodes150.json --goal-offset 150 --eval-budget 300 --num-eval 256 --score block --angles 20 5 --seed 42 --cem-seed 42
201	pusht	gd_router_tau0.173	150	43	logs/rbZ_pusht_gd_router_tau0.173_t150_seed43.log	python -m surveyor.envs.pusht.eval --solver gd --subgoal router+surveyor --gdm-ckpt gdm_stride10.pt --gdm-steps 3 --accept-tau 0.173 --horizon 2 --receding-horizon 2 --source pretrained --h5 pusht_c2222.h5 --device cuda --mode long --episodes-file episodes/pusht_c2222.episodes150.json --goal-offset 150 --eval-budget 300 --num-eval 256 --score block --angles 20 5 --seed 43 --cem-seed 43
202	pusht	gd_router_tau0.173	150	44	logs/rbZ_pusht_gd_router_tau0.173_t150_seed44.log	python -m surveyor.envs.pusht.eval --solver gd --subgoal router+surveyor --gdm-ckpt gdm_stride10.pt --gdm-steps 3 --accept-tau 0.173 --horizon 2 --receding-horizon 2 --source pretrained --h5 pusht_c2222.h5 --device cuda --mode long --episodes-file episodes/pusht_c2222.episodes150.json --goal-offset 150 --eval-budget 300 --num-eval 256 --score block --angles 20 5 --seed 44 --cem-seed 44
203	pusht	gd_router_tau0.173	150	45	logs/rbZ_pusht_gd_router_tau0.173_t150_seed45.log	python -m surveyor.envs.pusht.eval --solver gd --subgoal router+surveyor --gdm-ckpt gdm_stride10.pt --gdm-steps 3 --accept-tau 0.173 --horizon 2 --receding-horizon 2 --source pretrained --h5 pusht_c2222.h5 --device cuda --mode long --episodes-file episodes/pusht_c2222.episodes150.json --goal-offset 150 --eval-budget 300 --num-eval 256 --score block --angles 20 5 --seed 45 --cem-seed 45
204	pusht	gd_router_tau0.173	150	46	logs/rbZ_pusht_gd_router_tau0.173_t150_seed46.log	python -m surveyor.envs.pusht.eval --solver gd --subgoal router+surveyor --gdm-ckpt gdm_stride10.pt --gdm-steps 3 --accept-tau 0.173 --horizon 2 --receding-horizon 2 --source pretrained --h5 pusht_c2222.h5 --device cuda --mode long --episodes-file episodes/pusht_c2222.episodes150.json --goal-offset 150 --eval-budget 300 --num-eval 256 --score block --angles 20 5 --seed 46 --cem-seed 46
205	pusht	gd_router_tau0.173	150	47	logs/rbZ_pusht_gd_router_tau0.173_t150_seed47.log	python -m surveyor.envs.pusht.eval --solver gd --subgoal router+surveyor --gdm-ckpt gdm_stride10.pt --gdm-steps 3 --accept-tau 0.173 --horizon 2 --receding-horizon 2 --source pretrained --h5 pusht_c2222.h5 --device cuda --mode long --episodes-file episodes/pusht_c2222.episodes150.json --goal-offset 150 --eval-budget 300 --num-eval 256 --score block --angles 20 5 --seed 47 --cem-seed 47
206	pusht	gd_router_tau0.173	150	48	logs/rbZ_pusht_gd_router_tau0.173_t150_seed48.log	python -m surveyor.envs.pusht.eval --solver gd --subgoal router+surveyor --gdm-ckpt gdm_stride10.pt --gdm-steps 3 --accept-tau 0.173 --horizon 2 --receding-horizon 2 --source pretrained --h5 pusht_c2222.h5 --device cuda --mode long --episodes-file episodes/pusht_c2222.episodes150.json --goal-offset 150 --eval-budget 300 --num-eval 256 --score block --angles 20 5 --seed 48 --cem-seed 48
207	pusht	gd_router_tau0.173	150	49	logs/rbZ_pusht_gd_router_tau0.173_t150_seed49.log	python -m surveyor.envs.pusht.eval --solver gd --subgoal router+surveyor --gdm-ckpt gdm_stride10.pt --gdm-steps 3 --accept-tau 0.173 --horizon 2 --receding-horizon 2 --source pretrained --h5 pusht_c2222.h5 --device cuda --mode long --episodes-file episodes/pusht_c2222.episodes150.json --goal-offset 150 --eval-budget 300 --num-eval 256 --score block --angles 20 5 --seed 49 --cem-seed 49
208	pusht	gd_surveyor_tau0.173	25	42	logs/rbZ_pusht_gd_surveyor_tau0.173_t25_seed42.log	python -m surveyor.envs.pusht.eval --solver gd --subgoal surveyor --gdm-ckpt gdm_stride10.pt --gdm-steps 3 --accept-tau 0.173 --horizon 2 --receding-horizon 2 --source pretrained --h5 pusht_c2222.h5 --device cuda --mode long --episodes-file episodes/pusht_c2222.episodes25.json --goal-offset 25 --eval-budget 50 --num-eval 256 --score block --angles 20 5 --seed 42 --cem-seed 42
209	pusht	gd_surveyor_tau0.173	25	43	logs/rbZ_pusht_gd_surveyor_tau0.173_t25_seed43.log	python -m surveyor.envs.pusht.eval --solver gd --subgoal surveyor --gdm-ckpt gdm_stride10.pt --gdm-steps 3 --accept-tau 0.173 --horizon 2 --receding-horizon 2 --source pretrained --h5 pusht_c2222.h5 --device cuda --mode long --episodes-file episodes/pusht_c2222.episodes25.json --goal-offset 25 --eval-budget 50 --num-eval 256 --score block --angles 20 5 --seed 43 --cem-seed 43
210	pusht	gd_surveyor_tau0.173	25	44	logs/rbZ_pusht_gd_surveyor_tau0.173_t25_seed44.log	python -m surveyor.envs.pusht.eval --solver gd --subgoal surveyor --gdm-ckpt gdm_stride10.pt --gdm-steps 3 --accept-tau 0.173 --horizon 2 --receding-horizon 2 --source pretrained --h5 pusht_c2222.h5 --device cuda --mode long --episodes-file episodes/pusht_c2222.episodes25.json --goal-offset 25 --eval-budget 50 --num-eval 256 --score block --angles 20 5 --seed 44 --cem-seed 44
211	pusht	gd_surveyor_tau0.173	25	45	logs/rbZ_pusht_gd_surveyor_tau0.173_t25_seed45.log	python -m surveyor.envs.pusht.eval --solver gd --subgoal surveyor --gdm-ckpt gdm_stride10.pt --gdm-steps 3 --accept-tau 0.173 --horizon 2 --receding-horizon 2 --source pretrained --h5 pusht_c2222.h5 --device cuda --mode long --episodes-file episodes/pusht_c2222.episodes25.json --goal-offset 25 --eval-budget 50 --num-eval 256 --score block --angles 20 5 --seed 45 --cem-seed 45
212	pusht	gd_surveyor_tau0.173	25	46	logs/rbZ_pusht_gd_surveyor_tau0.173_t25_seed46.log	python -m surveyor.envs.pusht.eval --solver gd --subgoal surveyor --gdm-ckpt gdm_stride10.pt --gdm-steps 3 --accept-tau 0.173 --horizon 2 --receding-horizon 2 --source pretrained --h5 pusht_c2222.h5 --device cuda --mode long --episodes-file episodes/pusht_c2222.episodes25.json --goal-offset 25 --eval-budget 50 --num-eval 256 --score block --angles 20 5 --seed 46 --cem-seed 46
213	pusht	gd_surveyor_tau0.173	25	47	logs/rbZ_pusht_gd_surveyor_tau0.173_t25_seed47.log	python -m surveyor.envs.pusht.eval --solver gd --subgoal surveyor --gdm-ckpt gdm_stride10.pt --gdm-steps 3 --accept-tau 0.173 --horizon 2 --receding-horizon 2 --source pretrained --h5 pusht_c2222.h5 --device cuda --mode long --episodes-file episodes/pusht_c2222.episodes25.json --goal-offset 25 --eval-budget 50 --num-eval 256 --score block --angles 20 5 --seed 47 --cem-seed 47
214	pusht	gd_surveyor_tau0.173	25	48	logs/rbZ_pusht_gd_surveyor_tau0.173_t25_seed48.log	python -m surveyor.envs.pusht.eval --solver gd --subgoal surveyor --gdm-ckpt gdm_stride10.pt --gdm-steps 3 --accept-tau 0.173 --horizon 2 --receding-horizon 2 --source pretrained --h5 pusht_c2222.h5 --device cuda --mode long --episodes-file episodes/pusht_c2222.episodes25.json --goal-offset 25 --eval-budget 50 --num-eval 256 --score block --angles 20 5 --seed 48 --cem-seed 48
215	pusht	gd_surveyor_tau0.173	25	49	logs/rbZ_pusht_gd_surveyor_tau0.173_t25_seed49.log	python -m surveyor.envs.pusht.eval --solver gd --subgoal surveyor --gdm-ckpt gdm_stride10.pt --gdm-steps 3 --accept-tau 0.173 --horizon 2 --receding-horizon 2 --source pretrained --h5 pusht_c2222.h5 --device cuda --mode long --episodes-file episodes/pusht_c2222.episodes25.json --goal-offset 25 --eval-budget 50 --num-eval 256 --score block --angles 20 5 --seed 49 --cem-seed 49
216	pusht	gd_surveyor_tau0.173	150	42	logs/rbZ_pusht_gd_surveyor_tau0.173_t150_seed42.log	python -m surveyor.envs.pusht.eval --solver gd --subgoal surveyor --gdm-ckpt gdm_stride10.pt --gdm-steps 3 --accept-tau 0.173 --horizon 2 --receding-horizon 2 --source pretrained --h5 pusht_c2222.h5 --device cuda --mode long --episodes-file episodes/pusht_c2222.episodes150.json --goal-offset 150 --eval-budget 300 --num-eval 256 --score block --angles 20 5 --seed 42 --cem-seed 42
217	pusht	gd_surveyor_tau0.173	150	43	logs/rbZ_pusht_gd_surveyor_tau0.173_t150_seed43.log	python -m surveyor.envs.pusht.eval --solver gd --subgoal surveyor --gdm-ckpt gdm_stride10.pt --gdm-steps 3 --accept-tau 0.173 --horizon 2 --receding-horizon 2 --source pretrained --h5 pusht_c2222.h5 --device cuda --mode long --episodes-file episodes/pusht_c2222.episodes150.json --goal-offset 150 --eval-budget 300 --num-eval 256 --score block --angles 20 5 --seed 43 --cem-seed 43
218	pusht	gd_surveyor_tau0.173	150	44	logs/rbZ_pusht_gd_surveyor_tau0.173_t150_seed44.log	python -m surveyor.envs.pusht.eval --solver gd --subgoal surveyor --gdm-ckpt gdm_stride10.pt --gdm-steps 3 --accept-tau 0.173 --horizon 2 --receding-horizon 2 --source pretrained --h5 pusht_c2222.h5 --device cuda --mode long --episodes-file episodes/pusht_c2222.episodes150.json --goal-offset 150 --eval-budget 300 --num-eval 256 --score block --angles 20 5 --seed 44 --cem-seed 44
219	pusht	gd_surveyor_tau0.173	150	45	logs/rbZ_pusht_gd_surveyor_tau0.173_t150_seed45.log	python -m surveyor.envs.pusht.eval --solver gd --subgoal surveyor --gdm-ckpt gdm_stride10.pt --gdm-steps 3 --accept-tau 0.173 --horizon 2 --receding-horizon 2 --source pretrained --h5 pusht_c2222.h5 --device cuda --mode long --episodes-file episodes/pusht_c2222.episodes150.json --goal-offset 150 --eval-budget 300 --num-eval 256 --score block --angles 20 5 --seed 45 --cem-seed 45
220	pusht	gd_surveyor_tau0.173	150	46	logs/rbZ_pusht_gd_surveyor_tau0.173_t150_seed46.log	python -m surveyor.envs.pusht.eval --solver gd --subgoal surveyor --gdm-ckpt gdm_stride10.pt --gdm-steps 3 --accept-tau 0.173 --horizon 2 --receding-horizon 2 --source pretrained --h5 pusht_c2222.h5 --device cuda --mode long --episodes-file episodes/pusht_c2222.episodes150.json --goal-offset 150 --eval-budget 300 --num-eval 256 --score block --angles 20 5 --seed 46 --cem-seed 46
221	pusht	gd_surveyor_tau0.173	150	47	logs/rbZ_pusht_gd_surveyor_tau0.173_t150_seed47.log	python -m surveyor.envs.pusht.eval --solver gd --subgoal surveyor --gdm-ckpt gdm_stride10.pt --gdm-steps 3 --accept-tau 0.173 --horizon 2 --receding-horizon 2 --source pretrained --h5 pusht_c2222.h5 --device cuda --mode long --episodes-file episodes/pusht_c2222.episodes150.json --goal-offset 150 --eval-budget 300 --num-eval 256 --score block --angles 20 5 --seed 47 --cem-seed 47
222	pusht	gd_surveyor_tau0.173	150	48	logs/rbZ_pusht_gd_surveyor_tau0.173_t150_seed48.log	python -m surveyor.envs.pusht.eval --solver gd --subgoal surveyor --gdm-ckpt gdm_stride10.pt --gdm-steps 3 --accept-tau 0.173 --horizon 2 --receding-horizon 2 --source pretrained --h5 pusht_c2222.h5 --device cuda --mode long --episodes-file episodes/pusht_c2222.episodes150.json --goal-offset 150 --eval-budget 300 --num-eval 256 --score block --angles 20 5 --seed 48 --cem-seed 48
223	pusht	gd_surveyor_tau0.173	150	49	logs/rbZ_pusht_gd_surveyor_tau0.173_t150_seed49.log	python -m surveyor.envs.pusht.eval --solver gd --subgoal surveyor --gdm-ckpt gdm_stride10.pt --gdm-steps 3 --accept-tau 0.173 --horizon 2 --receding-horizon 2 --source pretrained --h5 pusht_c2222.h5 --device cuda --mode long --episodes-file episodes/pusht_c2222.episodes150.json --goal-offset 150 --eval-budget 300 --num-eval 256 --score block --angles 20 5 --seed 49 --cem-seed 49
224	pusht	icem_router_tau0.173	25	42	logs/rbZ_pusht_icem_router_tau0.173_t25_seed42.log	python -m surveyor.envs.pusht.eval --solver icem --subgoal router+surveyor --gdm-ckpt gdm_stride10.pt --gdm-steps 3 --accept-tau 0.173 --horizon 2 --receding-horizon 2 --source pretrained --h5 pusht_c2222.h5 --device cuda --mode long --episodes-file episodes/pusht_c2222.episodes25.json --goal-offset 25 --eval-budget 50 --num-eval 256 --score block --angles 20 5 --seed 42 --cem-seed 42
225	pusht	icem_router_tau0.173	25	43	logs/rbZ_pusht_icem_router_tau0.173_t25_seed43.log	python -m surveyor.envs.pusht.eval --solver icem --subgoal router+surveyor --gdm-ckpt gdm_stride10.pt --gdm-steps 3 --accept-tau 0.173 --horizon 2 --receding-horizon 2 --source pretrained --h5 pusht_c2222.h5 --device cuda --mode long --episodes-file episodes/pusht_c2222.episodes25.json --goal-offset 25 --eval-budget 50 --num-eval 256 --score block --angles 20 5 --seed 43 --cem-seed 43
226	pusht	icem_router_tau0.173	25	44	logs/rbZ_pusht_icem_router_tau0.173_t25_seed44.log	python -m surveyor.envs.pusht.eval --solver icem --subgoal router+surveyor --gdm-ckpt gdm_stride10.pt --gdm-steps 3 --accept-tau 0.173 --horizon 2 --receding-horizon 2 --source pretrained --h5 pusht_c2222.h5 --device cuda --mode long --episodes-file episodes/pusht_c2222.episodes25.json --goal-offset 25 --eval-budget 50 --num-eval 256 --score block --angles 20 5 --seed 44 --cem-seed 44
227	pusht	icem_router_tau0.173	25	45	logs/rbZ_pusht_icem_router_tau0.173_t25_seed45.log	python -m surveyor.envs.pusht.eval --solver icem --subgoal router+surveyor --gdm-ckpt gdm_stride10.pt --gdm-steps 3 --accept-tau 0.173 --horizon 2 --receding-horizon 2 --source pretrained --h5 pusht_c2222.h5 --device cuda --mode long --episodes-file episodes/pusht_c2222.episodes25.json --goal-offset 25 --eval-budget 50 --num-eval 256 --score block --angles 20 5 --seed 45 --cem-seed 45
228	pusht	icem_router_tau0.173	25	46	logs/rbZ_pusht_icem_router_tau0.173_t25_seed46.log	python -m surveyor.envs.pusht.eval --solver icem --subgoal router+surveyor --gdm-ckpt gdm_stride10.pt --gdm-steps 3 --accept-tau 0.173 --horizon 2 --receding-horizon 2 --source pretrained --h5 pusht_c2222.h5 --device cuda --mode long --episodes-file episodes/pusht_c2222.episodes25.json --goal-offset 25 --eval-budget 50 --num-eval 256 --score block --angles 20 5 --seed 46 --cem-seed 46
229	pusht	icem_router_tau0.173	25	47	logs/rbZ_pusht_icem_router_tau0.173_t25_seed47.log	python -m surveyor.envs.pusht.eval --solver icem --subgoal router+surveyor --gdm-ckpt gdm_stride10.pt --gdm-steps 3 --accept-tau 0.173 --horizon 2 --receding-horizon 2 --source pretrained --h5 pusht_c2222.h5 --device cuda --mode long --episodes-file episodes/pusht_c2222.episodes25.json --goal-offset 25 --eval-budget 50 --num-eval 256 --score block --angles 20 5 --seed 47 --cem-seed 47
230	pusht	icem_router_tau0.173	25	48	logs/rbZ_pusht_icem_router_tau0.173_t25_seed48.log	python -m surveyor.envs.pusht.eval --solver icem --subgoal router+surveyor --gdm-ckpt gdm_stride10.pt --gdm-steps 3 --accept-tau 0.173 --horizon 2 --receding-horizon 2 --source pretrained --h5 pusht_c2222.h5 --device cuda --mode long --episodes-file episodes/pusht_c2222.episodes25.json --goal-offset 25 --eval-budget 50 --num-eval 256 --score block --angles 20 5 --seed 48 --cem-seed 48
231	pusht	icem_router_tau0.173	25	49	logs/rbZ_pusht_icem_router_tau0.173_t25_seed49.log	python -m surveyor.envs.pusht.eval --solver icem --subgoal router+surveyor --gdm-ckpt gdm_stride10.pt --gdm-steps 3 --accept-tau 0.173 --horizon 2 --receding-horizon 2 --source pretrained --h5 pusht_c2222.h5 --device cuda --mode long --episodes-file episodes/pusht_c2222.episodes25.json --goal-offset 25 --eval-budget 50 --num-eval 256 --score block --angles 20 5 --seed 49 --cem-seed 49
232	pusht	icem_router_tau0.173	150	42	logs/rbZ_pusht_icem_router_tau0.173_t150_seed42.log	python -m surveyor.envs.pusht.eval --solver icem --subgoal router+surveyor --gdm-ckpt gdm_stride10.pt --gdm-steps 3 --accept-tau 0.173 --horizon 2 --receding-horizon 2 --source pretrained --h5 pusht_c2222.h5 --device cuda --mode long --episodes-file episodes/pusht_c2222.episodes150.json --goal-offset 150 --eval-budget 300 --num-eval 256 --score block --angles 20 5 --seed 42 --cem-seed 42
233	pusht	icem_router_tau0.173	150	43	logs/rbZ_pusht_icem_router_tau0.173_t150_seed43.log	python -m surveyor.envs.pusht.eval --solver icem --subgoal router+surveyor --gdm-ckpt gdm_stride10.pt --gdm-steps 3 --accept-tau 0.173 --horizon 2 --receding-horizon 2 --source pretrained --h5 pusht_c2222.h5 --device cuda --mode long --episodes-file episodes/pusht_c2222.episodes150.json --goal-offset 150 --eval-budget 300 --num-eval 256 --score block --angles 20 5 --seed 43 --cem-seed 43
234	pusht	icem_router_tau0.173	150	44	logs/rbZ_pusht_icem_router_tau0.173_t150_seed44.log	python -m surveyor.envs.pusht.eval --solver icem --subgoal router+surveyor --gdm-ckpt gdm_stride10.pt --gdm-steps 3 --accept-tau 0.173 --horizon 2 --receding-horizon 2 --source pretrained --h5 pusht_c2222.h5 --device cuda --mode long --episodes-file episodes/pusht_c2222.episodes150.json --goal-offset 150 --eval-budget 300 --num-eval 256 --score block --angles 20 5 --seed 44 --cem-seed 44
235	pusht	icem_router_tau0.173	150	45	logs/rbZ_pusht_icem_router_tau0.173_t150_seed45.log	python -m surveyor.envs.pusht.eval --solver icem --subgoal router+surveyor --gdm-ckpt gdm_stride10.pt --gdm-steps 3 --accept-tau 0.173 --horizon 2 --receding-horizon 2 --source pretrained --h5 pusht_c2222.h5 --device cuda --mode long --episodes-file episodes/pusht_c2222.episodes150.json --goal-offset 150 --eval-budget 300 --num-eval 256 --score block --angles 20 5 --seed 45 --cem-seed 45
236	pusht	icem_router_tau0.173	150	46	logs/rbZ_pusht_icem_router_tau0.173_t150_seed46.log	python -m surveyor.envs.pusht.eval --solver icem --subgoal router+surveyor --gdm-ckpt gdm_stride10.pt --gdm-steps 3 --accept-tau 0.173 --horizon 2 --receding-horizon 2 --source pretrained --h5 pusht_c2222.h5 --device cuda --mode long --episodes-file episodes/pusht_c2222.episodes150.json --goal-offset 150 --eval-budget 300 --num-eval 256 --score block --angles 20 5 --seed 46 --cem-seed 46
237	pusht	icem_router_tau0.173	150	47	logs/rbZ_pusht_icem_router_tau0.173_t150_seed47.log	python -m surveyor.envs.pusht.eval --solver icem --subgoal router+surveyor --gdm-ckpt gdm_stride10.pt --gdm-steps 3 --accept-tau 0.173 --horizon 2 --receding-horizon 2 --source pretrained --h5 pusht_c2222.h5 --device cuda --mode long --episodes-file episodes/pusht_c2222.episodes150.json --goal-offset 150 --eval-budget 300 --num-eval 256 --score block --angles 20 5 --seed 47 --cem-seed 47
238	pusht	icem_router_tau0.173	150	48	logs/rbZ_pusht_icem_router_tau0.173_t150_seed48.log	python -m surveyor.envs.pusht.eval --solver icem --subgoal router+surveyor --gdm-ckpt gdm_stride10.pt --gdm-steps 3 --accept-tau 0.173 --horizon 2 --receding-horizon 2 --source pretrained --h5 pusht_c2222.h5 --device cuda --mode long --episodes-file episodes/pusht_c2222.episodes150.json --goal-offset 150 --eval-budget 300 --num-eval 256 --score block --angles 20 5 --seed 48 --cem-seed 48
239	pusht	icem_router_tau0.173	150	49	logs/rbZ_pusht_icem_router_tau0.173_t150_seed49.log	python -m surveyor.envs.pusht.eval --solver icem --subgoal router+surveyor --gdm-ckpt gdm_stride10.pt --gdm-steps 3 --accept-tau 0.173 --horizon 2 --receding-horizon 2 --source pretrained --h5 pusht_c2222.h5 --device cuda --mode long --episodes-file episodes/pusht_c2222.episodes150.json --goal-offset 150 --eval-budget 300 --num-eval 256 --score block --angles 20 5 --seed 49 --cem-seed 49
240	pusht	icem_surveyor_tau0.173	25	42	logs/rbZ_pusht_icem_surveyor_tau0.173_t25_seed42.log	python -m surveyor.envs.pusht.eval --solver icem --subgoal surveyor --gdm-ckpt gdm_stride10.pt --gdm-steps 3 --accept-tau 0.173 --horizon 2 --receding-horizon 2 --source pretrained --h5 pusht_c2222.h5 --device cuda --mode long --episodes-file episodes/pusht_c2222.episodes25.json --goal-offset 25 --eval-budget 50 --num-eval 256 --score block --angles 20 5 --seed 42 --cem-seed 42
241	pusht	icem_surveyor_tau0.173	25	43	logs/rbZ_pusht_icem_surveyor_tau0.173_t25_seed43.log	python -m surveyor.envs.pusht.eval --solver icem --subgoal surveyor --gdm-ckpt gdm_stride10.pt --gdm-steps 3 --accept-tau 0.173 --horizon 2 --receding-horizon 2 --source pretrained --h5 pusht_c2222.h5 --device cuda --mode long --episodes-file episodes/pusht_c2222.episodes25.json --goal-offset 25 --eval-budget 50 --num-eval 256 --score block --angles 20 5 --seed 43 --cem-seed 43
242	pusht	icem_surveyor_tau0.173	25	44	logs/rbZ_pusht_icem_surveyor_tau0.173_t25_seed44.log	python -m surveyor.envs.pusht.eval --solver icem --subgoal surveyor --gdm-ckpt gdm_stride10.pt --gdm-steps 3 --accept-tau 0.173 --horizon 2 --receding-horizon 2 --source pretrained --h5 pusht_c2222.h5 --device cuda --mode long --episodes-file episodes/pusht_c2222.episodes25.json --goal-offset 25 --eval-budget 50 --num-eval 256 --score block --angles 20 5 --seed 44 --cem-seed 44
243	pusht	icem_surveyor_tau0.173	25	45	logs/rbZ_pusht_icem_surveyor_tau0.173_t25_seed45.log	python -m surveyor.envs.pusht.eval --solver icem --subgoal surveyor --gdm-ckpt gdm_stride10.pt --gdm-steps 3 --accept-tau 0.173 --horizon 2 --receding-horizon 2 --source pretrained --h5 pusht_c2222.h5 --device cuda --mode long --episodes-file episodes/pusht_c2222.episodes25.json --goal-offset 25 --eval-budget 50 --num-eval 256 --score block --angles 20 5 --seed 45 --cem-seed 45
244	pusht	icem_surveyor_tau0.173	25	46	logs/rbZ_pusht_icem_surveyor_tau0.173_t25_seed46.log	python -m surveyor.envs.pusht.eval --solver icem --subgoal surveyor --gdm-ckpt gdm_stride10.pt --gdm-steps 3 --accept-tau 0.173 --horizon 2 --receding-horizon 2 --source pretrained --h5 pusht_c2222.h5 --device cuda --mode long --episodes-file episodes/pusht_c2222.episodes25.json --goal-offset 25 --eval-budget 50 --num-eval 256 --score block --angles 20 5 --seed 46 --cem-seed 46
245	pusht	icem_surveyor_tau0.173	25	47	logs/rbZ_pusht_icem_surveyor_tau0.173_t25_seed47.log	python -m surveyor.envs.pusht.eval --solver icem --subgoal surveyor --gdm-ckpt gdm_stride10.pt --gdm-steps 3 --accept-tau 0.173 --horizon 2 --receding-horizon 2 --source pretrained --h5 pusht_c2222.h5 --device cuda --mode long --episodes-file episodes/pusht_c2222.episodes25.json --goal-offset 25 --eval-budget 50 --num-eval 256 --score block --angles 20 5 --seed 47 --cem-seed 47
246	pusht	icem_surveyor_tau0.173	25	48	logs/rbZ_pusht_icem_surveyor_tau0.173_t25_seed48.log	python -m surveyor.envs.pusht.eval --solver icem --subgoal surveyor --gdm-ckpt gdm_stride10.pt --gdm-steps 3 --accept-tau 0.173 --horizon 2 --receding-horizon 2 --source pretrained --h5 pusht_c2222.h5 --device cuda --mode long --episodes-file episodes/pusht_c2222.episodes25.json --goal-offset 25 --eval-budget 50 --num-eval 256 --score block --angles 20 5 --seed 48 --cem-seed 48
247	pusht	icem_surveyor_tau0.173	25	49	logs/rbZ_pusht_icem_surveyor_tau0.173_t25_seed49.log	python -m surveyor.envs.pusht.eval --solver icem --subgoal surveyor --gdm-ckpt gdm_stride10.pt --gdm-steps 3 --accept-tau 0.173 --horizon 2 --receding-horizon 2 --source pretrained --h5 pusht_c2222.h5 --device cuda --mode long --episodes-file episodes/pusht_c2222.episodes25.json --goal-offset 25 --eval-budget 50 --num-eval 256 --score block --angles 20 5 --seed 49 --cem-seed 49
248	pusht	icem_surveyor_tau0.173	150	42	logs/rbZ_pusht_icem_surveyor_tau0.173_t150_seed42.log	python -m surveyor.envs.pusht.eval --solver icem --subgoal surveyor --gdm-ckpt gdm_stride10.pt --gdm-steps 3 --accept-tau 0.173 --horizon 2 --receding-horizon 2 --source pretrained --h5 pusht_c2222.h5 --device cuda --mode long --episodes-file episodes/pusht_c2222.episodes150.json --goal-offset 150 --eval-budget 300 --num-eval 256 --score block --angles 20 5 --seed 42 --cem-seed 42
249	pusht	icem_surveyor_tau0.173	150	43	logs/rbZ_pusht_icem_surveyor_tau0.173_t150_seed43.log	python -m surveyor.envs.pusht.eval --solver icem --subgoal surveyor --gdm-ckpt gdm_stride10.pt --gdm-steps 3 --accept-tau 0.173 --horizon 2 --receding-horizon 2 --source pretrained --h5 pusht_c2222.h5 --device cuda --mode long --episodes-file episodes/pusht_c2222.episodes150.json --goal-offset 150 --eval-budget 300 --num-eval 256 --score block --angles 20 5 --seed 43 --cem-seed 43
250	pusht	icem_surveyor_tau0.173	150	44	logs/rbZ_pusht_icem_surveyor_tau0.173_t150_seed44.log	python -m surveyor.envs.pusht.eval --solver icem --subgoal surveyor --gdm-ckpt gdm_stride10.pt --gdm-steps 3 --accept-tau 0.173 --horizon 2 --receding-horizon 2 --source pretrained --h5 pusht_c2222.h5 --device cuda --mode long --episodes-file episodes/pusht_c2222.episodes150.json --goal-offset 150 --eval-budget 300 --num-eval 256 --score block --angles 20 5 --seed 44 --cem-seed 44
251	pusht	icem_surveyor_tau0.173	150	45	logs/rbZ_pusht_icem_surveyor_tau0.173_t150_seed45.log	python -m surveyor.envs.pusht.eval --solver icem --subgoal surveyor --gdm-ckpt gdm_stride10.pt --gdm-steps 3 --accept-tau 0.173 --horizon 2 --receding-horizon 2 --source pretrained --h5 pusht_c2222.h5 --device cuda --mode long --episodes-file episodes/pusht_c2222.episodes150.json --goal-offset 150 --eval-budget 300 --num-eval 256 --score block --angles 20 5 --seed 45 --cem-seed 45
252	pusht	icem_surveyor_tau0.173	150	46	logs/rbZ_pusht_icem_surveyor_tau0.173_t150_seed46.log	python -m surveyor.envs.pusht.eval --solver icem --subgoal surveyor --gdm-ckpt gdm_stride10.pt --gdm-steps 3 --accept-tau 0.173 --horizon 2 --receding-horizon 2 --source pretrained --h5 pusht_c2222.h5 --device cuda --mode long --episodes-file episodes/pusht_c2222.episodes150.json --goal-offset 150 --eval-budget 300 --num-eval 256 --score block --angles 20 5 --seed 46 --cem-seed 46
253	pusht	icem_surveyor_tau0.173	150	47	logs/rbZ_pusht_icem_surveyor_tau0.173_t150_seed47.log	python -m surveyor.envs.pusht.eval --solver icem --subgoal surveyor --gdm-ckpt gdm_stride10.pt --gdm-steps 3 --accept-tau 0.173 --horizon 2 --receding-horizon 2 --source pretrained --h5 pusht_c2222.h5 --device cuda --mode long --episodes-file episodes/pusht_c2222.episodes150.json --goal-offset 150 --eval-budget 300 --num-eval 256 --score block --angles 20 5 --seed 47 --cem-seed 47
254	pusht	icem_surveyor_tau0.173	150	48	logs/rbZ_pusht_icem_surveyor_tau0.173_t150_seed48.log	python -m surveyor.envs.pusht.eval --solver icem --subgoal surveyor --gdm-ckpt gdm_stride10.pt --gdm-steps 3 --accept-tau 0.173 --horizon 2 --receding-horizon 2 --source pretrained --h5 pusht_c2222.h5 --device cuda --mode long --episodes-file episodes/pusht_c2222.episodes150.json --goal-offset 150 --eval-budget 300 --num-eval 256 --score block --angles 20 5 --seed 48 --cem-seed 48
255	pusht	icem_surveyor_tau0.173	150	49	logs/rbZ_pusht_icem_surveyor_tau0.173_t150_seed49.log	python -m surveyor.envs.pusht.eval --solver icem --subgoal surveyor --gdm-ckpt gdm_stride10.pt --gdm-steps 3 --accept-tau 0.173 --horizon 2 --receding-horizon 2 --source pretrained --h5 pusht_c2222.h5 --device cuda --mode long --episodes-file episodes/pusht_c2222.episodes150.json --goal-offset 150 --eval-budget 300 --num-eval 256 --score block --angles 20 5 --seed 49 --cem-seed 49
256	pusht	mppi_router_tau0.173	25	42	logs/rbZ_pusht_mppi_router_tau0.173_t25_seed42.log	python -m surveyor.envs.pusht.eval --solver mppi --subgoal router+surveyor --gdm-ckpt gdm_stride10.pt --gdm-steps 3 --accept-tau 0.173 --horizon 2 --receding-horizon 2 --source pretrained --h5 pusht_c2222.h5 --device cuda --mode long --episodes-file episodes/pusht_c2222.episodes25.json --goal-offset 25 --eval-budget 50 --num-eval 256 --score block --angles 20 5 --seed 42 --cem-seed 42
257	pusht	mppi_router_tau0.173	25	43	logs/rbZ_pusht_mppi_router_tau0.173_t25_seed43.log	python -m surveyor.envs.pusht.eval --solver mppi --subgoal router+surveyor --gdm-ckpt gdm_stride10.pt --gdm-steps 3 --accept-tau 0.173 --horizon 2 --receding-horizon 2 --source pretrained --h5 pusht_c2222.h5 --device cuda --mode long --episodes-file episodes/pusht_c2222.episodes25.json --goal-offset 25 --eval-budget 50 --num-eval 256 --score block --angles 20 5 --seed 43 --cem-seed 43
258	pusht	mppi_router_tau0.173	25	44	logs/rbZ_pusht_mppi_router_tau0.173_t25_seed44.log	python -m surveyor.envs.pusht.eval --solver mppi --subgoal router+surveyor --gdm-ckpt gdm_stride10.pt --gdm-steps 3 --accept-tau 0.173 --horizon 2 --receding-horizon 2 --source pretrained --h5 pusht_c2222.h5 --device cuda --mode long --episodes-file episodes/pusht_c2222.episodes25.json --goal-offset 25 --eval-budget 50 --num-eval 256 --score block --angles 20 5 --seed 44 --cem-seed 44
259	pusht	mppi_router_tau0.173	25	45	logs/rbZ_pusht_mppi_router_tau0.173_t25_seed45.log	python -m surveyor.envs.pusht.eval --solver mppi --subgoal router+surveyor --gdm-ckpt gdm_stride10.pt --gdm-steps 3 --accept-tau 0.173 --horizon 2 --receding-horizon 2 --source pretrained --h5 pusht_c2222.h5 --device cuda --mode long --episodes-file episodes/pusht_c2222.episodes25.json --goal-offset 25 --eval-budget 50 --num-eval 256 --score block --angles 20 5 --seed 45 --cem-seed 45
260	pusht	mppi_router_tau0.173	25	46	logs/rbZ_pusht_mppi_router_tau0.173_t25_seed46.log	python -m surveyor.envs.pusht.eval --solver mppi --subgoal router+surveyor --gdm-ckpt gdm_stride10.pt --gdm-steps 3 --accept-tau 0.173 --horizon 2 --receding-horizon 2 --source pretrained --h5 pusht_c2222.h5 --device cuda --mode long --episodes-file episodes/pusht_c2222.episodes25.json --goal-offset 25 --eval-budget 50 --num-eval 256 --score block --angles 20 5 --seed 46 --cem-seed 46
261	pusht	mppi_router_tau0.173	25	47	logs/rbZ_pusht_mppi_router_tau0.173_t25_seed47.log	python -m surveyor.envs.pusht.eval --solver mppi --subgoal router+surveyor --gdm-ckpt gdm_stride10.pt --gdm-steps 3 --accept-tau 0.173 --horizon 2 --receding-horizon 2 --source pretrained --h5 pusht_c2222.h5 --device cuda --mode long --episodes-file episodes/pusht_c2222.episodes25.json --goal-offset 25 --eval-budget 50 --num-eval 256 --score block --angles 20 5 --seed 47 --cem-seed 47
262	pusht	mppi_router_tau0.173	25	48	logs/rbZ_pusht_mppi_router_tau0.173_t25_seed48.log	python -m surveyor.envs.pusht.eval --solver mppi --subgoal router+surveyor --gdm-ckpt gdm_stride10.pt --gdm-steps 3 --accept-tau 0.173 --horizon 2 --receding-horizon 2 --source pretrained --h5 pusht_c2222.h5 --device cuda --mode long --episodes-file episodes/pusht_c2222.episodes25.json --goal-offset 25 --eval-budget 50 --num-eval 256 --score block --angles 20 5 --seed 48 --cem-seed 48
263	pusht	mppi_router_tau0.173	25	49	logs/rbZ_pusht_mppi_router_tau0.173_t25_seed49.log	python -m surveyor.envs.pusht.eval --solver mppi --subgoal router+surveyor --gdm-ckpt gdm_stride10.pt --gdm-steps 3 --accept-tau 0.173 --horizon 2 --receding-horizon 2 --source pretrained --h5 pusht_c2222.h5 --device cuda --mode long --episodes-file episodes/pusht_c2222.episodes25.json --goal-offset 25 --eval-budget 50 --num-eval 256 --score block --angles 20 5 --seed 49 --cem-seed 49
264	pusht	mppi_router_tau0.173	150	42	logs/rbZ_pusht_mppi_router_tau0.173_t150_seed42.log	python -m surveyor.envs.pusht.eval --solver mppi --subgoal router+surveyor --gdm-ckpt gdm_stride10.pt --gdm-steps 3 --accept-tau 0.173 --horizon 2 --receding-horizon 2 --source pretrained --h5 pusht_c2222.h5 --device cuda --mode long --episodes-file episodes/pusht_c2222.episodes150.json --goal-offset 150 --eval-budget 300 --num-eval 256 --score block --angles 20 5 --seed 42 --cem-seed 42
265	pusht	mppi_router_tau0.173	150	43	logs/rbZ_pusht_mppi_router_tau0.173_t150_seed43.log	python -m surveyor.envs.pusht.eval --solver mppi --subgoal router+surveyor --gdm-ckpt gdm_stride10.pt --gdm-steps 3 --accept-tau 0.173 --horizon 2 --receding-horizon 2 --source pretrained --h5 pusht_c2222.h5 --device cuda --mode long --episodes-file episodes/pusht_c2222.episodes150.json --goal-offset 150 --eval-budget 300 --num-eval 256 --score block --angles 20 5 --seed 43 --cem-seed 43
266	pusht	mppi_router_tau0.173	150	44	logs/rbZ_pusht_mppi_router_tau0.173_t150_seed44.log	python -m surveyor.envs.pusht.eval --solver mppi --subgoal router+surveyor --gdm-ckpt gdm_stride10.pt --gdm-steps 3 --accept-tau 0.173 --horizon 2 --receding-horizon 2 --source pretrained --h5 pusht_c2222.h5 --device cuda --mode long --episodes-file episodes/pusht_c2222.episodes150.json --goal-offset 150 --eval-budget 300 --num-eval 256 --score block --angles 20 5 --seed 44 --cem-seed 44
267	pusht	mppi_router_tau0.173	150	45	logs/rbZ_pusht_mppi_router_tau0.173_t150_seed45.log	python -m surveyor.envs.pusht.eval --solver mppi --subgoal router+surveyor --gdm-ckpt gdm_stride10.pt --gdm-steps 3 --accept-tau 0.173 --horizon 2 --receding-horizon 2 --source pretrained --h5 pusht_c2222.h5 --device cuda --mode long --episodes-file episodes/pusht_c2222.episodes150.json --goal-offset 150 --eval-budget 300 --num-eval 256 --score block --angles 20 5 --seed 45 --cem-seed 45
268	pusht	mppi_router_tau0.173	150	46	logs/rbZ_pusht_mppi_router_tau0.173_t150_seed46.log	python -m surveyor.envs.pusht.eval --solver mppi --subgoal router+surveyor --gdm-ckpt gdm_stride10.pt --gdm-steps 3 --accept-tau 0.173 --horizon 2 --receding-horizon 2 --source pretrained --h5 pusht_c2222.h5 --device cuda --mode long --episodes-file episodes/pusht_c2222.episodes150.json --goal-offset 150 --eval-budget 300 --num-eval 256 --score block --angles 20 5 --seed 46 --cem-seed 46
269	pusht	mppi_router_tau0.173	150	47	logs/rbZ_pusht_mppi_router_tau0.173_t150_seed47.log	python -m surveyor.envs.pusht.eval --solver mppi --subgoal router+surveyor --gdm-ckpt gdm_stride10.pt --gdm-steps 3 --accept-tau 0.173 --horizon 2 --receding-horizon 2 --source pretrained --h5 pusht_c2222.h5 --device cuda --mode long --episodes-file episodes/pusht_c2222.episodes150.json --goal-offset 150 --eval-budget 300 --num-eval 256 --score block --angles 20 5 --seed 47 --cem-seed 47
270	pusht	mppi_router_tau0.173	150	48	logs/rbZ_pusht_mppi_router_tau0.173_t150_seed48.log	python -m surveyor.envs.pusht.eval --solver mppi --subgoal router+surveyor --gdm-ckpt gdm_stride10.pt --gdm-steps 3 --accept-tau 0.173 --horizon 2 --receding-horizon 2 --source pretrained --h5 pusht_c2222.h5 --device cuda --mode long --episodes-file episodes/pusht_c2222.episodes150.json --goal-offset 150 --eval-budget 300 --num-eval 256 --score block --angles 20 5 --seed 48 --cem-seed 48
271	pusht	mppi_router_tau0.173	150	49	logs/rbZ_pusht_mppi_router_tau0.173_t150_seed49.log	python -m surveyor.envs.pusht.eval --solver mppi --subgoal router+surveyor --gdm-ckpt gdm_stride10.pt --gdm-steps 3 --accept-tau 0.173 --horizon 2 --receding-horizon 2 --source pretrained --h5 pusht_c2222.h5 --device cuda --mode long --episodes-file episodes/pusht_c2222.episodes150.json --goal-offset 150 --eval-budget 300 --num-eval 256 --score block --angles 20 5 --seed 49 --cem-seed 49
272	pusht	mppi_surveyor_tau0.173	25	42	logs/rbZ_pusht_mppi_surveyor_tau0.173_t25_seed42.log	python -m surveyor.envs.pusht.eval --solver mppi --subgoal surveyor --gdm-ckpt gdm_stride10.pt --gdm-steps 3 --accept-tau 0.173 --horizon 2 --receding-horizon 2 --source pretrained --h5 pusht_c2222.h5 --device cuda --mode long --episodes-file episodes/pusht_c2222.episodes25.json --goal-offset 25 --eval-budget 50 --num-eval 256 --score block --angles 20 5 --seed 42 --cem-seed 42
273	pusht	mppi_surveyor_tau0.173	25	43	logs/rbZ_pusht_mppi_surveyor_tau0.173_t25_seed43.log	python -m surveyor.envs.pusht.eval --solver mppi --subgoal surveyor --gdm-ckpt gdm_stride10.pt --gdm-steps 3 --accept-tau 0.173 --horizon 2 --receding-horizon 2 --source pretrained --h5 pusht_c2222.h5 --device cuda --mode long --episodes-file episodes/pusht_c2222.episodes25.json --goal-offset 25 --eval-budget 50 --num-eval 256 --score block --angles 20 5 --seed 43 --cem-seed 43
274	pusht	mppi_surveyor_tau0.173	25	44	logs/rbZ_pusht_mppi_surveyor_tau0.173_t25_seed44.log	python -m surveyor.envs.pusht.eval --solver mppi --subgoal surveyor --gdm-ckpt gdm_stride10.pt --gdm-steps 3 --accept-tau 0.173 --horizon 2 --receding-horizon 2 --source pretrained --h5 pusht_c2222.h5 --device cuda --mode long --episodes-file episodes/pusht_c2222.episodes25.json --goal-offset 25 --eval-budget 50 --num-eval 256 --score block --angles 20 5 --seed 44 --cem-seed 44
275	pusht	mppi_surveyor_tau0.173	25	45	logs/rbZ_pusht_mppi_surveyor_tau0.173_t25_seed45.log	python -m surveyor.envs.pusht.eval --solver mppi --subgoal surveyor --gdm-ckpt gdm_stride10.pt --gdm-steps 3 --accept-tau 0.173 --horizon 2 --receding-horizon 2 --source pretrained --h5 pusht_c2222.h5 --device cuda --mode long --episodes-file episodes/pusht_c2222.episodes25.json --goal-offset 25 --eval-budget 50 --num-eval 256 --score block --angles 20 5 --seed 45 --cem-seed 45
276	pusht	mppi_surveyor_tau0.173	25	46	logs/rbZ_pusht_mppi_surveyor_tau0.173_t25_seed46.log	python -m surveyor.envs.pusht.eval --solver mppi --subgoal surveyor --gdm-ckpt gdm_stride10.pt --gdm-steps 3 --accept-tau 0.173 --horizon 2 --receding-horizon 2 --source pretrained --h5 pusht_c2222.h5 --device cuda --mode long --episodes-file episodes/pusht_c2222.episodes25.json --goal-offset 25 --eval-budget 50 --num-eval 256 --score block --angles 20 5 --seed 46 --cem-seed 46
277	pusht	mppi_surveyor_tau0.173	25	47	logs/rbZ_pusht_mppi_surveyor_tau0.173_t25_seed47.log	python -m surveyor.envs.pusht.eval --solver mppi --subgoal surveyor --gdm-ckpt gdm_stride10.pt --gdm-steps 3 --accept-tau 0.173 --horizon 2 --receding-horizon 2 --source pretrained --h5 pusht_c2222.h5 --device cuda --mode long --episodes-file episodes/pusht_c2222.episodes25.json --goal-offset 25 --eval-budget 50 --num-eval 256 --score block --angles 20 5 --seed 47 --cem-seed 47
278	pusht	mppi_surveyor_tau0.173	25	48	logs/rbZ_pusht_mppi_surveyor_tau0.173_t25_seed48.log	python -m surveyor.envs.pusht.eval --solver mppi --subgoal surveyor --gdm-ckpt gdm_stride10.pt --gdm-steps 3 --accept-tau 0.173 --horizon 2 --receding-horizon 2 --source pretrained --h5 pusht_c2222.h5 --device cuda --mode long --episodes-file episodes/pusht_c2222.episodes25.json --goal-offset 25 --eval-budget 50 --num-eval 256 --score block --angles 20 5 --seed 48 --cem-seed 48
279	pusht	mppi_surveyor_tau0.173	25	49	logs/rbZ_pusht_mppi_surveyor_tau0.173_t25_seed49.log	python -m surveyor.envs.pusht.eval --solver mppi --subgoal surveyor --gdm-ckpt gdm_stride10.pt --gdm-steps 3 --accept-tau 0.173 --horizon 2 --receding-horizon 2 --source pretrained --h5 pusht_c2222.h5 --device cuda --mode long --episodes-file episodes/pusht_c2222.episodes25.json --goal-offset 25 --eval-budget 50 --num-eval 256 --score block --angles 20 5 --seed 49 --cem-seed 49
280	pusht	mppi_surveyor_tau0.173	150	42	logs/rbZ_pusht_mppi_surveyor_tau0.173_t150_seed42.log	python -m surveyor.envs.pusht.eval --solver mppi --subgoal surveyor --gdm-ckpt gdm_stride10.pt --gdm-steps 3 --accept-tau 0.173 --horizon 2 --receding-horizon 2 --source pretrained --h5 pusht_c2222.h5 --device cuda --mode long --episodes-file episodes/pusht_c2222.episodes150.json --goal-offset 150 --eval-budget 300 --num-eval 256 --score block --angles 20 5 --seed 42 --cem-seed 42
281	pusht	mppi_surveyor_tau0.173	150	43	logs/rbZ_pusht_mppi_surveyor_tau0.173_t150_seed43.log	python -m surveyor.envs.pusht.eval --solver mppi --subgoal surveyor --gdm-ckpt gdm_stride10.pt --gdm-steps 3 --accept-tau 0.173 --horizon 2 --receding-horizon 2 --source pretrained --h5 pusht_c2222.h5 --device cuda --mode long --episodes-file episodes/pusht_c2222.episodes150.json --goal-offset 150 --eval-budget 300 --num-eval 256 --score block --angles 20 5 --seed 43 --cem-seed 43
282	pusht	mppi_surveyor_tau0.173	150	44	logs/rbZ_pusht_mppi_surveyor_tau0.173_t150_seed44.log	python -m surveyor.envs.pusht.eval --solver mppi --subgoal surveyor --gdm-ckpt gdm_stride10.pt --gdm-steps 3 --accept-tau 0.173 --horizon 2 --receding-horizon 2 --source pretrained --h5 pusht_c2222.h5 --device cuda --mode long --episodes-file episodes/pusht_c2222.episodes150.json --goal-offset 150 --eval-budget 300 --num-eval 256 --score block --angles 20 5 --seed 44 --cem-seed 44
283	pusht	mppi_surveyor_tau0.173	150	45	logs/rbZ_pusht_mppi_surveyor_tau0.173_t150_seed45.log	python -m surveyor.envs.pusht.eval --solver mppi --subgoal surveyor --gdm-ckpt gdm_stride10.pt --gdm-steps 3 --accept-tau 0.173 --horizon 2 --receding-horizon 2 --source pretrained --h5 pusht_c2222.h5 --device cuda --mode long --episodes-file episodes/pusht_c2222.episodes150.json --goal-offset 150 --eval-budget 300 --num-eval 256 --score block --angles 20 5 --seed 45 --cem-seed 45
284	pusht	mppi_surveyor_tau0.173	150	46	logs/rbZ_pusht_mppi_surveyor_tau0.173_t150_seed46.log	python -m surveyor.envs.pusht.eval --solver mppi --subgoal surveyor --gdm-ckpt gdm_stride10.pt --gdm-steps 3 --accept-tau 0.173 --horizon 2 --receding-horizon 2 --source pretrained --h5 pusht_c2222.h5 --device cuda --mode long --episodes-file episodes/pusht_c2222.episodes150.json --goal-offset 150 --eval-budget 300 --num-eval 256 --score block --angles 20 5 --seed 46 --cem-seed 46
285	pusht	mppi_surveyor_tau0.173	150	47	logs/rbZ_pusht_mppi_surveyor_tau0.173_t150_seed47.log	python -m surveyor.envs.pusht.eval --solver mppi --subgoal surveyor --gdm-ckpt gdm_stride10.pt --gdm-steps 3 --accept-tau 0.173 --horizon 2 --receding-horizon 2 --source pretrained --h5 pusht_c2222.h5 --device cuda --mode long --episodes-file episodes/pusht_c2222.episodes150.json --goal-offset 150 --eval-budget 300 --num-eval 256 --score block --angles 20 5 --seed 47 --cem-seed 47
286	pusht	mppi_surveyor_tau0.173	150	48	logs/rbZ_pusht_mppi_surveyor_tau0.173_t150_seed48.log	python -m surveyor.envs.pusht.eval --solver mppi --subgoal surveyor --gdm-ckpt gdm_stride10.pt --gdm-steps 3 --accept-tau 0.173 --horizon 2 --receding-horizon 2 --source pretrained --h5 pusht_c2222.h5 --device cuda --mode long --episodes-file episodes/pusht_c2222.episodes150.json --goal-offset 150 --eval-budget 300 --num-eval 256 --score block --angles 20 5 --seed 48 --cem-seed 48
287	pusht	mppi_surveyor_tau0.173	150	49	logs/rbZ_pusht_mppi_surveyor_tau0.173_t150_seed49.log	python -m surveyor.envs.pusht.eval --solver mppi --subgoal surveyor --gdm-ckpt gdm_stride10.pt --gdm-steps 3 --accept-tau 0.173 --horizon 2 --receding-horizon 2 --source pretrained --h5 pusht_c2222.h5 --device cuda --mode long --episodes-file episodes/pusht_c2222.episodes150.json --goal-offset 150 --eval-budget 300 --num-eval 256 --score block --angles 20 5 --seed 49 --cem-seed 49
288	pusht	router_tau0.173	25	42	logs/rbZ_pusht_router_tau0.173_t25_seed42.log	python -m surveyor.envs.pusht.eval --subgoal router+surveyor --gdm-ckpt gdm_stride10.pt --gdm-steps 3 --accept-tau 0.173 --horizon 2 --receding-horizon 2 --source pretrained --h5 pusht_c2222.h5 --device cuda --mode long --episodes-file episodes/pusht_c2222.episodes25.json --goal-offset 25 --eval-budget 50 --num-eval 256 --score block --angles 20 5 --seed 42 --cem-seed 42
289	pusht	router_tau0.173	25	43	logs/rbZ_pusht_router_tau0.173_t25_seed43.log	python -m surveyor.envs.pusht.eval --subgoal router+surveyor --gdm-ckpt gdm_stride10.pt --gdm-steps 3 --accept-tau 0.173 --horizon 2 --receding-horizon 2 --source pretrained --h5 pusht_c2222.h5 --device cuda --mode long --episodes-file episodes/pusht_c2222.episodes25.json --goal-offset 25 --eval-budget 50 --num-eval 256 --score block --angles 20 5 --seed 43 --cem-seed 43
290	pusht	router_tau0.173	25	44	logs/rbZ_pusht_router_tau0.173_t25_seed44.log	python -m surveyor.envs.pusht.eval --subgoal router+surveyor --gdm-ckpt gdm_stride10.pt --gdm-steps 3 --accept-tau 0.173 --horizon 2 --receding-horizon 2 --source pretrained --h5 pusht_c2222.h5 --device cuda --mode long --episodes-file episodes/pusht_c2222.episodes25.json --goal-offset 25 --eval-budget 50 --num-eval 256 --score block --angles 20 5 --seed 44 --cem-seed 44
291	pusht	router_tau0.173	25	45	logs/rbZ_pusht_router_tau0.173_t25_seed45.log	python -m surveyor.envs.pusht.eval --subgoal router+surveyor --gdm-ckpt gdm_stride10.pt --gdm-steps 3 --accept-tau 0.173 --horizon 2 --receding-horizon 2 --source pretrained --h5 pusht_c2222.h5 --device cuda --mode long --episodes-file episodes/pusht_c2222.episodes25.json --goal-offset 25 --eval-budget 50 --num-eval 256 --score block --angles 20 5 --seed 45 --cem-seed 45
292	pusht	router_tau0.173	25	46	logs/rbZ_pusht_router_tau0.173_t25_seed46.log	python -m surveyor.envs.pusht.eval --subgoal router+surveyor --gdm-ckpt gdm_stride10.pt --gdm-steps 3 --accept-tau 0.173 --horizon 2 --receding-horizon 2 --source pretrained --h5 pusht_c2222.h5 --device cuda --mode long --episodes-file episodes/pusht_c2222.episodes25.json --goal-offset 25 --eval-budget 50 --num-eval 256 --score block --angles 20 5 --seed 46 --cem-seed 46
293	pusht	router_tau0.173	25	47	logs/rbZ_pusht_router_tau0.173_t25_seed47.log	python -m surveyor.envs.pusht.eval --subgoal router+surveyor --gdm-ckpt gdm_stride10.pt --gdm-steps 3 --accept-tau 0.173 --horizon 2 --receding-horizon 2 --source pretrained --h5 pusht_c2222.h5 --device cuda --mode long --episodes-file episodes/pusht_c2222.episodes25.json --goal-offset 25 --eval-budget 50 --num-eval 256 --score block --angles 20 5 --seed 47 --cem-seed 47
294	pusht	router_tau0.173	25	48	logs/rbZ_pusht_router_tau0.173_t25_seed48.log	python -m surveyor.envs.pusht.eval --subgoal router+surveyor --gdm-ckpt gdm_stride10.pt --gdm-steps 3 --accept-tau 0.173 --horizon 2 --receding-horizon 2 --source pretrained --h5 pusht_c2222.h5 --device cuda --mode long --episodes-file episodes/pusht_c2222.episodes25.json --goal-offset 25 --eval-budget 50 --num-eval 256 --score block --angles 20 5 --seed 48 --cem-seed 48
295	pusht	router_tau0.173	25	49	logs/rbZ_pusht_router_tau0.173_t25_seed49.log	python -m surveyor.envs.pusht.eval --subgoal router+surveyor --gdm-ckpt gdm_stride10.pt --gdm-steps 3 --accept-tau 0.173 --horizon 2 --receding-horizon 2 --source pretrained --h5 pusht_c2222.h5 --device cuda --mode long --episodes-file episodes/pusht_c2222.episodes25.json --goal-offset 25 --eval-budget 50 --num-eval 256 --score block --angles 20 5 --seed 49 --cem-seed 49
296	pusht	router_tau0.173	150	42	logs/rbZ_pusht_router_tau0.173_t150_seed42.log	python -m surveyor.envs.pusht.eval --subgoal router+surveyor --gdm-ckpt gdm_stride10.pt --gdm-steps 3 --accept-tau 0.173 --horizon 2 --receding-horizon 2 --source pretrained --h5 pusht_c2222.h5 --device cuda --mode long --episodes-file episodes/pusht_c2222.episodes150.json --goal-offset 150 --eval-budget 300 --num-eval 256 --score block --angles 20 5 --seed 42 --cem-seed 42
297	pusht	router_tau0.173	150	43	logs/rbZ_pusht_router_tau0.173_t150_seed43.log	python -m surveyor.envs.pusht.eval --subgoal router+surveyor --gdm-ckpt gdm_stride10.pt --gdm-steps 3 --accept-tau 0.173 --horizon 2 --receding-horizon 2 --source pretrained --h5 pusht_c2222.h5 --device cuda --mode long --episodes-file episodes/pusht_c2222.episodes150.json --goal-offset 150 --eval-budget 300 --num-eval 256 --score block --angles 20 5 --seed 43 --cem-seed 43
298	pusht	router_tau0.173	150	44	logs/rbZ_pusht_router_tau0.173_t150_seed44.log	python -m surveyor.envs.pusht.eval --subgoal router+surveyor --gdm-ckpt gdm_stride10.pt --gdm-steps 3 --accept-tau 0.173 --horizon 2 --receding-horizon 2 --source pretrained --h5 pusht_c2222.h5 --device cuda --mode long --episodes-file episodes/pusht_c2222.episodes150.json --goal-offset 150 --eval-budget 300 --num-eval 256 --score block --angles 20 5 --seed 44 --cem-seed 44
299	pusht	router_tau0.173	150	45	logs/rbZ_pusht_router_tau0.173_t150_seed45.log	python -m surveyor.envs.pusht.eval --subgoal router+surveyor --gdm-ckpt gdm_stride10.pt --gdm-steps 3 --accept-tau 0.173 --horizon 2 --receding-horizon 2 --source pretrained --h5 pusht_c2222.h5 --device cuda --mode long --episodes-file episodes/pusht_c2222.episodes150.json --goal-offset 150 --eval-budget 300 --num-eval 256 --score block --angles 20 5 --seed 45 --cem-seed 45
300	pusht	router_tau0.173	150	46	logs/rbZ_pusht_router_tau0.173_t150_seed46.log	python -m surveyor.envs.pusht.eval --subgoal router+surveyor --gdm-ckpt gdm_stride10.pt --gdm-steps 3 --accept-tau 0.173 --horizon 2 --receding-horizon 2 --source pretrained --h5 pusht_c2222.h5 --device cuda --mode long --episodes-file episodes/pusht_c2222.episodes150.json --goal-offset 150 --eval-budget 300 --num-eval 256 --score block --angles 20 5 --seed 46 --cem-seed 46
301	pusht	router_tau0.173	150	47	logs/rbZ_pusht_router_tau0.173_t150_seed47.log	python -m surveyor.envs.pusht.eval --subgoal router+surveyor --gdm-ckpt gdm_stride10.pt --gdm-steps 3 --accept-tau 0.173 --horizon 2 --receding-horizon 2 --source pretrained --h5 pusht_c2222.h5 --device cuda --mode long --episodes-file episodes/pusht_c2222.episodes150.json --goal-offset 150 --eval-budget 300 --num-eval 256 --score block --angles 20 5 --seed 47 --cem-seed 47
302	pusht	router_tau0.173	150	48	logs/rbZ_pusht_router_tau0.173_t150_seed48.log	python -m surveyor.envs.pusht.eval --subgoal router+surveyor --gdm-ckpt gdm_stride10.pt --gdm-steps 3 --accept-tau 0.173 --horizon 2 --receding-horizon 2 --source pretrained --h5 pusht_c2222.h5 --device cuda --mode long --episodes-file episodes/pusht_c2222.episodes150.json --goal-offset 150 --eval-budget 300 --num-eval 256 --score block --angles 20 5 --seed 48 --cem-seed 48
303	pusht	router_tau0.173	150	49	logs/rbZ_pusht_router_tau0.173_t150_seed49.log	python -m surveyor.envs.pusht.eval --subgoal router+surveyor --gdm-ckpt gdm_stride10.pt --gdm-steps 3 --accept-tau 0.173 --horizon 2 --receding-horizon 2 --source pretrained --h5 pusht_c2222.h5 --device cuda --mode long --episodes-file episodes/pusht_c2222.episodes150.json --goal-offset 150 --eval-budget 300 --num-eval 256 --score block --angles 20 5 --seed 49 --cem-seed 49
304	pusht	surveyor_tau0.173	25	42	logs/rbZ_pusht_surveyor_tau0.173_t25_seed42.log	python -m surveyor.envs.pusht.eval --subgoal surveyor --gdm-ckpt gdm_stride10.pt --gdm-steps 3 --accept-tau 0.173 --horizon 2 --receding-horizon 2 --source pretrained --h5 pusht_c2222.h5 --device cuda --mode long --episodes-file episodes/pusht_c2222.episodes25.json --goal-offset 25 --eval-budget 50 --num-eval 256 --score block --angles 20 5 --seed 42 --cem-seed 42
305	pusht	surveyor_tau0.173	25	43	logs/rbZ_pusht_surveyor_tau0.173_t25_seed43.log	python -m surveyor.envs.pusht.eval --subgoal surveyor --gdm-ckpt gdm_stride10.pt --gdm-steps 3 --accept-tau 0.173 --horizon 2 --receding-horizon 2 --source pretrained --h5 pusht_c2222.h5 --device cuda --mode long --episodes-file episodes/pusht_c2222.episodes25.json --goal-offset 25 --eval-budget 50 --num-eval 256 --score block --angles 20 5 --seed 43 --cem-seed 43
306	pusht	surveyor_tau0.173	25	44	logs/rbZ_pusht_surveyor_tau0.173_t25_seed44.log	python -m surveyor.envs.pusht.eval --subgoal surveyor --gdm-ckpt gdm_stride10.pt --gdm-steps 3 --accept-tau 0.173 --horizon 2 --receding-horizon 2 --source pretrained --h5 pusht_c2222.h5 --device cuda --mode long --episodes-file episodes/pusht_c2222.episodes25.json --goal-offset 25 --eval-budget 50 --num-eval 256 --score block --angles 20 5 --seed 44 --cem-seed 44
307	pusht	surveyor_tau0.173	25	45	logs/rbZ_pusht_surveyor_tau0.173_t25_seed45.log	python -m surveyor.envs.pusht.eval --subgoal surveyor --gdm-ckpt gdm_stride10.pt --gdm-steps 3 --accept-tau 0.173 --horizon 2 --receding-horizon 2 --source pretrained --h5 pusht_c2222.h5 --device cuda --mode long --episodes-file episodes/pusht_c2222.episodes25.json --goal-offset 25 --eval-budget 50 --num-eval 256 --score block --angles 20 5 --seed 45 --cem-seed 45
308	pusht	surveyor_tau0.173	25	46	logs/rbZ_pusht_surveyor_tau0.173_t25_seed46.log	python -m surveyor.envs.pusht.eval --subgoal surveyor --gdm-ckpt gdm_stride10.pt --gdm-steps 3 --accept-tau 0.173 --horizon 2 --receding-horizon 2 --source pretrained --h5 pusht_c2222.h5 --device cuda --mode long --episodes-file episodes/pusht_c2222.episodes25.json --goal-offset 25 --eval-budget 50 --num-eval 256 --score block --angles 20 5 --seed 46 --cem-seed 46
309	pusht	surveyor_tau0.173	25	47	logs/rbZ_pusht_surveyor_tau0.173_t25_seed47.log	python -m surveyor.envs.pusht.eval --subgoal surveyor --gdm-ckpt gdm_stride10.pt --gdm-steps 3 --accept-tau 0.173 --horizon 2 --receding-horizon 2 --source pretrained --h5 pusht_c2222.h5 --device cuda --mode long --episodes-file episodes/pusht_c2222.episodes25.json --goal-offset 25 --eval-budget 50 --num-eval 256 --score block --angles 20 5 --seed 47 --cem-seed 47
310	pusht	surveyor_tau0.173	25	48	logs/rbZ_pusht_surveyor_tau0.173_t25_seed48.log	python -m surveyor.envs.pusht.eval --subgoal surveyor --gdm-ckpt gdm_stride10.pt --gdm-steps 3 --accept-tau 0.173 --horizon 2 --receding-horizon 2 --source pretrained --h5 pusht_c2222.h5 --device cuda --mode long --episodes-file episodes/pusht_c2222.episodes25.json --goal-offset 25 --eval-budget 50 --num-eval 256 --score block --angles 20 5 --seed 48 --cem-seed 48
311	pusht	surveyor_tau0.173	25	49	logs/rbZ_pusht_surveyor_tau0.173_t25_seed49.log	python -m surveyor.envs.pusht.eval --subgoal surveyor --gdm-ckpt gdm_stride10.pt --gdm-steps 3 --accept-tau 0.173 --horizon 2 --receding-horizon 2 --source pretrained --h5 pusht_c2222.h5 --device cuda --mode long --episodes-file episodes/pusht_c2222.episodes25.json --goal-offset 25 --eval-budget 50 --num-eval 256 --score block --angles 20 5 --seed 49 --cem-seed 49
312	pusht	surveyor_tau0.173	150	42	logs/rbZ_pusht_surveyor_tau0.173_t150_seed42.log	python -m surveyor.envs.pusht.eval --subgoal surveyor --gdm-ckpt gdm_stride10.pt --gdm-steps 3 --accept-tau 0.173 --horizon 2 --receding-horizon 2 --source pretrained --h5 pusht_c2222.h5 --device cuda --mode long --episodes-file episodes/pusht_c2222.episodes150.json --goal-offset 150 --eval-budget 300 --num-eval 256 --score block --angles 20 5 --seed 42 --cem-seed 42
313	pusht	surveyor_tau0.173	150	43	logs/rbZ_pusht_surveyor_tau0.173_t150_seed43.log	python -m surveyor.envs.pusht.eval --subgoal surveyor --gdm-ckpt gdm_stride10.pt --gdm-steps 3 --accept-tau 0.173 --horizon 2 --receding-horizon 2 --source pretrained --h5 pusht_c2222.h5 --device cuda --mode long --episodes-file episodes/pusht_c2222.episodes150.json --goal-offset 150 --eval-budget 300 --num-eval 256 --score block --angles 20 5 --seed 43 --cem-seed 43
314	pusht	surveyor_tau0.173	150	44	logs/rbZ_pusht_surveyor_tau0.173_t150_seed44.log	python -m surveyor.envs.pusht.eval --subgoal surveyor --gdm-ckpt gdm_stride10.pt --gdm-steps 3 --accept-tau 0.173 --horizon 2 --receding-horizon 2 --source pretrained --h5 pusht_c2222.h5 --device cuda --mode long --episodes-file episodes/pusht_c2222.episodes150.json --goal-offset 150 --eval-budget 300 --num-eval 256 --score block --angles 20 5 --seed 44 --cem-seed 44
315	pusht	surveyor_tau0.173	150	45	logs/rbZ_pusht_surveyor_tau0.173_t150_seed45.log	python -m surveyor.envs.pusht.eval --subgoal surveyor --gdm-ckpt gdm_stride10.pt --gdm-steps 3 --accept-tau 0.173 --horizon 2 --receding-horizon 2 --source pretrained --h5 pusht_c2222.h5 --device cuda --mode long --episodes-file episodes/pusht_c2222.episodes150.json --goal-offset 150 --eval-budget 300 --num-eval 256 --score block --angles 20 5 --seed 45 --cem-seed 45
316	pusht	surveyor_tau0.173	150	46	logs/rbZ_pusht_surveyor_tau0.173_t150_seed46.log	python -m surveyor.envs.pusht.eval --subgoal surveyor --gdm-ckpt gdm_stride10.pt --gdm-steps 3 --accept-tau 0.173 --horizon 2 --receding-horizon 2 --source pretrained --h5 pusht_c2222.h5 --device cuda --mode long --episodes-file episodes/pusht_c2222.episodes150.json --goal-offset 150 --eval-budget 300 --num-eval 256 --score block --angles 20 5 --seed 46 --cem-seed 46
317	pusht	surveyor_tau0.173	150	47	logs/rbZ_pusht_surveyor_tau0.173_t150_seed47.log	python -m surveyor.envs.pusht.eval --subgoal surveyor --gdm-ckpt gdm_stride10.pt --gdm-steps 3 --accept-tau 0.173 --horizon 2 --receding-horizon 2 --source pretrained --h5 pusht_c2222.h5 --device cuda --mode long --episodes-file episodes/pusht_c2222.episodes150.json --goal-offset 150 --eval-budget 300 --num-eval 256 --score block --angles 20 5 --seed 47 --cem-seed 47
318	pusht	surveyor_tau0.173	150	48	logs/rbZ_pusht_surveyor_tau0.173_t150_seed48.log	python -m surveyor.envs.pusht.eval --subgoal surveyor --gdm-ckpt gdm_stride10.pt --gdm-steps 3 --accept-tau 0.173 --horizon 2 --receding-horizon 2 --source pretrained --h5 pusht_c2222.h5 --device cuda --mode long --episodes-file episodes/pusht_c2222.episodes150.json --goal-offset 150 --eval-budget 300 --num-eval 256 --score block --angles 20 5 --seed 48 --cem-seed 48
319	pusht	surveyor_tau0.173	150	49	logs/rbZ_pusht_surveyor_tau0.173_t150_seed49.log	python -m surveyor.envs.pusht.eval --subgoal surveyor --gdm-ckpt gdm_stride10.pt --gdm-steps 3 --accept-tau 0.173 --horizon 2 --receding-horizon 2 --source pretrained --h5 pusht_c2222.h5 --device cuda --mode long --episodes-file episodes/pusht_c2222.episodes150.json --goal-offset 150 --eval-budget 300 --num-eval 256 --score block --angles 20 5 --seed 49 --cem-seed 49
320	tworoom	gcrouter_off_s42_tau0.142	25	42	logs/rbZ_tworoom_gcrouter_off_s42_tau0.142_t25_seed42.log	python -m surveyor.envs.tworoom.eval --subgoal gcidm+surveyor --gcidm-ckpt gcidm_official_tworoom_h50_s42.pt --gdm-ckpt gdm_tworoom_s10_gc_paired_e400v.pt --gdm-steps 50 --accept-tau 0.142 --sg-steps 10 --cstar-route --receding-horizon 2 --mode long --goal-offset 25 --eval-budget 50 --h5 "$DATA/tworoom.h5" --source pretrained --encoder-id quentinll/lewm-tworooms --device cuda --eval-filter none --episode-min 4000 --goal-from-proprio --num-eval 64 --seed 42 --cem-seed 42
321	tworoom	gcrouter_off_s42_tau0.142	25	43	logs/rbZ_tworoom_gcrouter_off_s42_tau0.142_t25_seed43.log	python -m surveyor.envs.tworoom.eval --subgoal gcidm+surveyor --gcidm-ckpt gcidm_official_tworoom_h50_s42.pt --gdm-ckpt gdm_tworoom_s10_gc_paired_e400v.pt --gdm-steps 50 --accept-tau 0.142 --sg-steps 10 --cstar-route --receding-horizon 2 --mode long --goal-offset 25 --eval-budget 50 --h5 "$DATA/tworoom.h5" --source pretrained --encoder-id quentinll/lewm-tworooms --device cuda --eval-filter none --episode-min 4000 --goal-from-proprio --num-eval 64 --seed 43 --cem-seed 43
322	tworoom	gcrouter_off_s42_tau0.142	25	44	logs/rbZ_tworoom_gcrouter_off_s42_tau0.142_t25_seed44.log	python -m surveyor.envs.tworoom.eval --subgoal gcidm+surveyor --gcidm-ckpt gcidm_official_tworoom_h50_s42.pt --gdm-ckpt gdm_tworoom_s10_gc_paired_e400v.pt --gdm-steps 50 --accept-tau 0.142 --sg-steps 10 --cstar-route --receding-horizon 2 --mode long --goal-offset 25 --eval-budget 50 --h5 "$DATA/tworoom.h5" --source pretrained --encoder-id quentinll/lewm-tworooms --device cuda --eval-filter none --episode-min 4000 --goal-from-proprio --num-eval 64 --seed 44 --cem-seed 44
323	tworoom	gcrouter_off_s42_tau0.142	25	45	logs/rbZ_tworoom_gcrouter_off_s42_tau0.142_t25_seed45.log	python -m surveyor.envs.tworoom.eval --subgoal gcidm+surveyor --gcidm-ckpt gcidm_official_tworoom_h50_s42.pt --gdm-ckpt gdm_tworoom_s10_gc_paired_e400v.pt --gdm-steps 50 --accept-tau 0.142 --sg-steps 10 --cstar-route --receding-horizon 2 --mode long --goal-offset 25 --eval-budget 50 --h5 "$DATA/tworoom.h5" --source pretrained --encoder-id quentinll/lewm-tworooms --device cuda --eval-filter none --episode-min 4000 --goal-from-proprio --num-eval 64 --seed 45 --cem-seed 45
324	tworoom	gcrouter_off_s42_tau0.142	25	46	logs/rbZ_tworoom_gcrouter_off_s42_tau0.142_t25_seed46.log	python -m surveyor.envs.tworoom.eval --subgoal gcidm+surveyor --gcidm-ckpt gcidm_official_tworoom_h50_s42.pt --gdm-ckpt gdm_tworoom_s10_gc_paired_e400v.pt --gdm-steps 50 --accept-tau 0.142 --sg-steps 10 --cstar-route --receding-horizon 2 --mode long --goal-offset 25 --eval-budget 50 --h5 "$DATA/tworoom.h5" --source pretrained --encoder-id quentinll/lewm-tworooms --device cuda --eval-filter none --episode-min 4000 --goal-from-proprio --num-eval 64 --seed 46 --cem-seed 46
325	tworoom	gcrouter_off_s42_tau0.142	25	47	logs/rbZ_tworoom_gcrouter_off_s42_tau0.142_t25_seed47.log	python -m surveyor.envs.tworoom.eval --subgoal gcidm+surveyor --gcidm-ckpt gcidm_official_tworoom_h50_s42.pt --gdm-ckpt gdm_tworoom_s10_gc_paired_e400v.pt --gdm-steps 50 --accept-tau 0.142 --sg-steps 10 --cstar-route --receding-horizon 2 --mode long --goal-offset 25 --eval-budget 50 --h5 "$DATA/tworoom.h5" --source pretrained --encoder-id quentinll/lewm-tworooms --device cuda --eval-filter none --episode-min 4000 --goal-from-proprio --num-eval 64 --seed 47 --cem-seed 47
326	tworoom	gcrouter_off_s42_tau0.142	25	48	logs/rbZ_tworoom_gcrouter_off_s42_tau0.142_t25_seed48.log	python -m surveyor.envs.tworoom.eval --subgoal gcidm+surveyor --gcidm-ckpt gcidm_official_tworoom_h50_s42.pt --gdm-ckpt gdm_tworoom_s10_gc_paired_e400v.pt --gdm-steps 50 --accept-tau 0.142 --sg-steps 10 --cstar-route --receding-horizon 2 --mode long --goal-offset 25 --eval-budget 50 --h5 "$DATA/tworoom.h5" --source pretrained --encoder-id quentinll/lewm-tworooms --device cuda --eval-filter none --episode-min 4000 --goal-from-proprio --num-eval 64 --seed 48 --cem-seed 48
327	tworoom	gcrouter_off_s42_tau0.142	25	49	logs/rbZ_tworoom_gcrouter_off_s42_tau0.142_t25_seed49.log	python -m surveyor.envs.tworoom.eval --subgoal gcidm+surveyor --gcidm-ckpt gcidm_official_tworoom_h50_s42.pt --gdm-ckpt gdm_tworoom_s10_gc_paired_e400v.pt --gdm-steps 50 --accept-tau 0.142 --sg-steps 10 --cstar-route --receding-horizon 2 --mode long --goal-offset 25 --eval-budget 50 --h5 "$DATA/tworoom.h5" --source pretrained --encoder-id quentinll/lewm-tworooms --device cuda --eval-filter none --episode-min 4000 --goal-from-proprio --num-eval 64 --seed 49 --cem-seed 49
328	tworoom	gcrouter_off_s42_tau0.142	75	42	logs/rbZ_tworoom_gcrouter_off_s42_tau0.142_t75_seed42.log	python -m surveyor.envs.tworoom.eval --subgoal gcidm+surveyor --gcidm-ckpt gcidm_official_tworoom_h150_s42.pt --gdm-ckpt gdm_tworoom_s10_gc_paired_e400v.pt --gdm-steps 50 --accept-tau 0.142 --sg-steps 10 --cstar-route --receding-horizon 2 --mode long --goal-offset 75 --eval-budget 150 --h5 "$DATA/tworoom.h5" --source pretrained --encoder-id quentinll/lewm-tworooms --device cuda --eval-filter none --episode-min 4000 --goal-from-proprio --num-eval 64 --seed 42 --cem-seed 42
329	tworoom	gcrouter_off_s42_tau0.142	75	43	logs/rbZ_tworoom_gcrouter_off_s42_tau0.142_t75_seed43.log	python -m surveyor.envs.tworoom.eval --subgoal gcidm+surveyor --gcidm-ckpt gcidm_official_tworoom_h150_s42.pt --gdm-ckpt gdm_tworoom_s10_gc_paired_e400v.pt --gdm-steps 50 --accept-tau 0.142 --sg-steps 10 --cstar-route --receding-horizon 2 --mode long --goal-offset 75 --eval-budget 150 --h5 "$DATA/tworoom.h5" --source pretrained --encoder-id quentinll/lewm-tworooms --device cuda --eval-filter none --episode-min 4000 --goal-from-proprio --num-eval 64 --seed 43 --cem-seed 43
330	tworoom	gcrouter_off_s42_tau0.142	75	44	logs/rbZ_tworoom_gcrouter_off_s42_tau0.142_t75_seed44.log	python -m surveyor.envs.tworoom.eval --subgoal gcidm+surveyor --gcidm-ckpt gcidm_official_tworoom_h150_s42.pt --gdm-ckpt gdm_tworoom_s10_gc_paired_e400v.pt --gdm-steps 50 --accept-tau 0.142 --sg-steps 10 --cstar-route --receding-horizon 2 --mode long --goal-offset 75 --eval-budget 150 --h5 "$DATA/tworoom.h5" --source pretrained --encoder-id quentinll/lewm-tworooms --device cuda --eval-filter none --episode-min 4000 --goal-from-proprio --num-eval 64 --seed 44 --cem-seed 44
331	tworoom	gcrouter_off_s42_tau0.142	75	45	logs/rbZ_tworoom_gcrouter_off_s42_tau0.142_t75_seed45.log	python -m surveyor.envs.tworoom.eval --subgoal gcidm+surveyor --gcidm-ckpt gcidm_official_tworoom_h150_s42.pt --gdm-ckpt gdm_tworoom_s10_gc_paired_e400v.pt --gdm-steps 50 --accept-tau 0.142 --sg-steps 10 --cstar-route --receding-horizon 2 --mode long --goal-offset 75 --eval-budget 150 --h5 "$DATA/tworoom.h5" --source pretrained --encoder-id quentinll/lewm-tworooms --device cuda --eval-filter none --episode-min 4000 --goal-from-proprio --num-eval 64 --seed 45 --cem-seed 45
332	tworoom	gcrouter_off_s42_tau0.142	75	46	logs/rbZ_tworoom_gcrouter_off_s42_tau0.142_t75_seed46.log	python -m surveyor.envs.tworoom.eval --subgoal gcidm+surveyor --gcidm-ckpt gcidm_official_tworoom_h150_s42.pt --gdm-ckpt gdm_tworoom_s10_gc_paired_e400v.pt --gdm-steps 50 --accept-tau 0.142 --sg-steps 10 --cstar-route --receding-horizon 2 --mode long --goal-offset 75 --eval-budget 150 --h5 "$DATA/tworoom.h5" --source pretrained --encoder-id quentinll/lewm-tworooms --device cuda --eval-filter none --episode-min 4000 --goal-from-proprio --num-eval 64 --seed 46 --cem-seed 46
333	tworoom	gcrouter_off_s42_tau0.142	75	47	logs/rbZ_tworoom_gcrouter_off_s42_tau0.142_t75_seed47.log	python -m surveyor.envs.tworoom.eval --subgoal gcidm+surveyor --gcidm-ckpt gcidm_official_tworoom_h150_s42.pt --gdm-ckpt gdm_tworoom_s10_gc_paired_e400v.pt --gdm-steps 50 --accept-tau 0.142 --sg-steps 10 --cstar-route --receding-horizon 2 --mode long --goal-offset 75 --eval-budget 150 --h5 "$DATA/tworoom.h5" --source pretrained --encoder-id quentinll/lewm-tworooms --device cuda --eval-filter none --episode-min 4000 --goal-from-proprio --num-eval 64 --seed 47 --cem-seed 47
334	tworoom	gcrouter_off_s42_tau0.142	75	48	logs/rbZ_tworoom_gcrouter_off_s42_tau0.142_t75_seed48.log	python -m surveyor.envs.tworoom.eval --subgoal gcidm+surveyor --gcidm-ckpt gcidm_official_tworoom_h150_s42.pt --gdm-ckpt gdm_tworoom_s10_gc_paired_e400v.pt --gdm-steps 50 --accept-tau 0.142 --sg-steps 10 --cstar-route --receding-horizon 2 --mode long --goal-offset 75 --eval-budget 150 --h5 "$DATA/tworoom.h5" --source pretrained --encoder-id quentinll/lewm-tworooms --device cuda --eval-filter none --episode-min 4000 --goal-from-proprio --num-eval 64 --seed 48 --cem-seed 48
335	tworoom	gcrouter_off_s42_tau0.142	75	49	logs/rbZ_tworoom_gcrouter_off_s42_tau0.142_t75_seed49.log	python -m surveyor.envs.tworoom.eval --subgoal gcidm+surveyor --gcidm-ckpt gcidm_official_tworoom_h150_s42.pt --gdm-ckpt gdm_tworoom_s10_gc_paired_e400v.pt --gdm-steps 50 --accept-tau 0.142 --sg-steps 10 --cstar-route --receding-horizon 2 --mode long --goal-offset 75 --eval-budget 150 --h5 "$DATA/tworoom.h5" --source pretrained --encoder-id quentinll/lewm-tworooms --device cuda --eval-filter none --episode-min 4000 --goal-from-proprio --num-eval 64 --seed 49 --cem-seed 49
336	tworoom	gcsurv_off_s42_tau0.142	25	42	logs/rbZ_tworoom_gcsurv_off_s42_tau0.142_t25_seed42.log	python -m surveyor.envs.tworoom.eval --subgoal gcidm+surveyor --gcidm-ckpt gcidm_official_tworoom_h50_s42.pt --gdm-ckpt gdm_tworoom_s10_gc_paired_e400v.pt --gdm-steps 50 --accept-tau 0.142 --sg-steps 10 --receding-horizon 2 --mode long --goal-offset 25 --eval-budget 50 --h5 "$DATA/tworoom.h5" --source pretrained --encoder-id quentinll/lewm-tworooms --device cuda --eval-filter none --episode-min 4000 --goal-from-proprio --num-eval 64 --seed 42 --cem-seed 42
337	tworoom	gcsurv_off_s42_tau0.142	25	43	logs/rbZ_tworoom_gcsurv_off_s42_tau0.142_t25_seed43.log	python -m surveyor.envs.tworoom.eval --subgoal gcidm+surveyor --gcidm-ckpt gcidm_official_tworoom_h50_s42.pt --gdm-ckpt gdm_tworoom_s10_gc_paired_e400v.pt --gdm-steps 50 --accept-tau 0.142 --sg-steps 10 --receding-horizon 2 --mode long --goal-offset 25 --eval-budget 50 --h5 "$DATA/tworoom.h5" --source pretrained --encoder-id quentinll/lewm-tworooms --device cuda --eval-filter none --episode-min 4000 --goal-from-proprio --num-eval 64 --seed 43 --cem-seed 43
338	tworoom	gcsurv_off_s42_tau0.142	25	44	logs/rbZ_tworoom_gcsurv_off_s42_tau0.142_t25_seed44.log	python -m surveyor.envs.tworoom.eval --subgoal gcidm+surveyor --gcidm-ckpt gcidm_official_tworoom_h50_s42.pt --gdm-ckpt gdm_tworoom_s10_gc_paired_e400v.pt --gdm-steps 50 --accept-tau 0.142 --sg-steps 10 --receding-horizon 2 --mode long --goal-offset 25 --eval-budget 50 --h5 "$DATA/tworoom.h5" --source pretrained --encoder-id quentinll/lewm-tworooms --device cuda --eval-filter none --episode-min 4000 --goal-from-proprio --num-eval 64 --seed 44 --cem-seed 44
339	tworoom	gcsurv_off_s42_tau0.142	25	45	logs/rbZ_tworoom_gcsurv_off_s42_tau0.142_t25_seed45.log	python -m surveyor.envs.tworoom.eval --subgoal gcidm+surveyor --gcidm-ckpt gcidm_official_tworoom_h50_s42.pt --gdm-ckpt gdm_tworoom_s10_gc_paired_e400v.pt --gdm-steps 50 --accept-tau 0.142 --sg-steps 10 --receding-horizon 2 --mode long --goal-offset 25 --eval-budget 50 --h5 "$DATA/tworoom.h5" --source pretrained --encoder-id quentinll/lewm-tworooms --device cuda --eval-filter none --episode-min 4000 --goal-from-proprio --num-eval 64 --seed 45 --cem-seed 45
340	tworoom	gcsurv_off_s42_tau0.142	25	46	logs/rbZ_tworoom_gcsurv_off_s42_tau0.142_t25_seed46.log	python -m surveyor.envs.tworoom.eval --subgoal gcidm+surveyor --gcidm-ckpt gcidm_official_tworoom_h50_s42.pt --gdm-ckpt gdm_tworoom_s10_gc_paired_e400v.pt --gdm-steps 50 --accept-tau 0.142 --sg-steps 10 --receding-horizon 2 --mode long --goal-offset 25 --eval-budget 50 --h5 "$DATA/tworoom.h5" --source pretrained --encoder-id quentinll/lewm-tworooms --device cuda --eval-filter none --episode-min 4000 --goal-from-proprio --num-eval 64 --seed 46 --cem-seed 46
341	tworoom	gcsurv_off_s42_tau0.142	25	47	logs/rbZ_tworoom_gcsurv_off_s42_tau0.142_t25_seed47.log	python -m surveyor.envs.tworoom.eval --subgoal gcidm+surveyor --gcidm-ckpt gcidm_official_tworoom_h50_s42.pt --gdm-ckpt gdm_tworoom_s10_gc_paired_e400v.pt --gdm-steps 50 --accept-tau 0.142 --sg-steps 10 --receding-horizon 2 --mode long --goal-offset 25 --eval-budget 50 --h5 "$DATA/tworoom.h5" --source pretrained --encoder-id quentinll/lewm-tworooms --device cuda --eval-filter none --episode-min 4000 --goal-from-proprio --num-eval 64 --seed 47 --cem-seed 47
342	tworoom	gcsurv_off_s42_tau0.142	25	48	logs/rbZ_tworoom_gcsurv_off_s42_tau0.142_t25_seed48.log	python -m surveyor.envs.tworoom.eval --subgoal gcidm+surveyor --gcidm-ckpt gcidm_official_tworoom_h50_s42.pt --gdm-ckpt gdm_tworoom_s10_gc_paired_e400v.pt --gdm-steps 50 --accept-tau 0.142 --sg-steps 10 --receding-horizon 2 --mode long --goal-offset 25 --eval-budget 50 --h5 "$DATA/tworoom.h5" --source pretrained --encoder-id quentinll/lewm-tworooms --device cuda --eval-filter none --episode-min 4000 --goal-from-proprio --num-eval 64 --seed 48 --cem-seed 48
343	tworoom	gcsurv_off_s42_tau0.142	25	49	logs/rbZ_tworoom_gcsurv_off_s42_tau0.142_t25_seed49.log	python -m surveyor.envs.tworoom.eval --subgoal gcidm+surveyor --gcidm-ckpt gcidm_official_tworoom_h50_s42.pt --gdm-ckpt gdm_tworoom_s10_gc_paired_e400v.pt --gdm-steps 50 --accept-tau 0.142 --sg-steps 10 --receding-horizon 2 --mode long --goal-offset 25 --eval-budget 50 --h5 "$DATA/tworoom.h5" --source pretrained --encoder-id quentinll/lewm-tworooms --device cuda --eval-filter none --episode-min 4000 --goal-from-proprio --num-eval 64 --seed 49 --cem-seed 49
344	tworoom	gcsurv_off_s42_tau0.142	75	42	logs/rbZ_tworoom_gcsurv_off_s42_tau0.142_t75_seed42.log	python -m surveyor.envs.tworoom.eval --subgoal gcidm+surveyor --gcidm-ckpt gcidm_official_tworoom_h150_s42.pt --gdm-ckpt gdm_tworoom_s10_gc_paired_e400v.pt --gdm-steps 50 --accept-tau 0.142 --sg-steps 10 --receding-horizon 2 --mode long --goal-offset 75 --eval-budget 150 --h5 "$DATA/tworoom.h5" --source pretrained --encoder-id quentinll/lewm-tworooms --device cuda --eval-filter none --episode-min 4000 --goal-from-proprio --num-eval 64 --seed 42 --cem-seed 42
345	tworoom	gcsurv_off_s42_tau0.142	75	43	logs/rbZ_tworoom_gcsurv_off_s42_tau0.142_t75_seed43.log	python -m surveyor.envs.tworoom.eval --subgoal gcidm+surveyor --gcidm-ckpt gcidm_official_tworoom_h150_s42.pt --gdm-ckpt gdm_tworoom_s10_gc_paired_e400v.pt --gdm-steps 50 --accept-tau 0.142 --sg-steps 10 --receding-horizon 2 --mode long --goal-offset 75 --eval-budget 150 --h5 "$DATA/tworoom.h5" --source pretrained --encoder-id quentinll/lewm-tworooms --device cuda --eval-filter none --episode-min 4000 --goal-from-proprio --num-eval 64 --seed 43 --cem-seed 43
346	tworoom	gcsurv_off_s42_tau0.142	75	44	logs/rbZ_tworoom_gcsurv_off_s42_tau0.142_t75_seed44.log	python -m surveyor.envs.tworoom.eval --subgoal gcidm+surveyor --gcidm-ckpt gcidm_official_tworoom_h150_s42.pt --gdm-ckpt gdm_tworoom_s10_gc_paired_e400v.pt --gdm-steps 50 --accept-tau 0.142 --sg-steps 10 --receding-horizon 2 --mode long --goal-offset 75 --eval-budget 150 --h5 "$DATA/tworoom.h5" --source pretrained --encoder-id quentinll/lewm-tworooms --device cuda --eval-filter none --episode-min 4000 --goal-from-proprio --num-eval 64 --seed 44 --cem-seed 44
347	tworoom	gcsurv_off_s42_tau0.142	75	45	logs/rbZ_tworoom_gcsurv_off_s42_tau0.142_t75_seed45.log	python -m surveyor.envs.tworoom.eval --subgoal gcidm+surveyor --gcidm-ckpt gcidm_official_tworoom_h150_s42.pt --gdm-ckpt gdm_tworoom_s10_gc_paired_e400v.pt --gdm-steps 50 --accept-tau 0.142 --sg-steps 10 --receding-horizon 2 --mode long --goal-offset 75 --eval-budget 150 --h5 "$DATA/tworoom.h5" --source pretrained --encoder-id quentinll/lewm-tworooms --device cuda --eval-filter none --episode-min 4000 --goal-from-proprio --num-eval 64 --seed 45 --cem-seed 45
348	tworoom	gcsurv_off_s42_tau0.142	75	46	logs/rbZ_tworoom_gcsurv_off_s42_tau0.142_t75_seed46.log	python -m surveyor.envs.tworoom.eval --subgoal gcidm+surveyor --gcidm-ckpt gcidm_official_tworoom_h150_s42.pt --gdm-ckpt gdm_tworoom_s10_gc_paired_e400v.pt --gdm-steps 50 --accept-tau 0.142 --sg-steps 10 --receding-horizon 2 --mode long --goal-offset 75 --eval-budget 150 --h5 "$DATA/tworoom.h5" --source pretrained --encoder-id quentinll/lewm-tworooms --device cuda --eval-filter none --episode-min 4000 --goal-from-proprio --num-eval 64 --seed 46 --cem-seed 46
349	tworoom	gcsurv_off_s42_tau0.142	75	47	logs/rbZ_tworoom_gcsurv_off_s42_tau0.142_t75_seed47.log	python -m surveyor.envs.tworoom.eval --subgoal gcidm+surveyor --gcidm-ckpt gcidm_official_tworoom_h150_s42.pt --gdm-ckpt gdm_tworoom_s10_gc_paired_e400v.pt --gdm-steps 50 --accept-tau 0.142 --sg-steps 10 --receding-horizon 2 --mode long --goal-offset 75 --eval-budget 150 --h5 "$DATA/tworoom.h5" --source pretrained --encoder-id quentinll/lewm-tworooms --device cuda --eval-filter none --episode-min 4000 --goal-from-proprio --num-eval 64 --seed 47 --cem-seed 47
350	tworoom	gcsurv_off_s42_tau0.142	75	48	logs/rbZ_tworoom_gcsurv_off_s42_tau0.142_t75_seed48.log	python -m surveyor.envs.tworoom.eval --subgoal gcidm+surveyor --gcidm-ckpt gcidm_official_tworoom_h150_s42.pt --gdm-ckpt gdm_tworoom_s10_gc_paired_e400v.pt --gdm-steps 50 --accept-tau 0.142 --sg-steps 10 --receding-horizon 2 --mode long --goal-offset 75 --eval-budget 150 --h5 "$DATA/tworoom.h5" --source pretrained --encoder-id quentinll/lewm-tworooms --device cuda --eval-filter none --episode-min 4000 --goal-from-proprio --num-eval 64 --seed 48 --cem-seed 48
351	tworoom	gcsurv_off_s42_tau0.142	75	49	logs/rbZ_tworoom_gcsurv_off_s42_tau0.142_t75_seed49.log	python -m surveyor.envs.tworoom.eval --subgoal gcidm+surveyor --gcidm-ckpt gcidm_official_tworoom_h150_s42.pt --gdm-ckpt gdm_tworoom_s10_gc_paired_e400v.pt --gdm-steps 50 --accept-tau 0.142 --sg-steps 10 --receding-horizon 2 --mode long --goal-offset 75 --eval-budget 150 --h5 "$DATA/tworoom.h5" --source pretrained --encoder-id quentinll/lewm-tworooms --device cuda --eval-filter none --episode-min 4000 --goal-from-proprio --num-eval 64 --seed 49 --cem-seed 49
352	tworoom	gd_pair_accept_tau0.142	25	42	logs/rbZ_tworoom_gd_pair_accept_tau0.142_t25_seed42.log	python -m surveyor.envs.tworoom.eval --solver gd --subgoal paired+surveyor --gdm-ckpt gdm_tworoom_s10_gc_paired_e400v.pt --gdm-steps 50 --accept-tau 0.142 --receding-horizon 2 --mode long --goal-offset 25 --eval-budget 50 --h5 "$DATA/tworoom.h5" --source pretrained --encoder-id quentinll/lewm-tworooms --device cuda --eval-filter none --episode-min 4000 --goal-from-proprio --num-eval 64 --seed 42 --cem-seed 42
353	tworoom	gd_pair_accept_tau0.142	25	43	logs/rbZ_tworoom_gd_pair_accept_tau0.142_t25_seed43.log	python -m surveyor.envs.tworoom.eval --solver gd --subgoal paired+surveyor --gdm-ckpt gdm_tworoom_s10_gc_paired_e400v.pt --gdm-steps 50 --accept-tau 0.142 --receding-horizon 2 --mode long --goal-offset 25 --eval-budget 50 --h5 "$DATA/tworoom.h5" --source pretrained --encoder-id quentinll/lewm-tworooms --device cuda --eval-filter none --episode-min 4000 --goal-from-proprio --num-eval 64 --seed 43 --cem-seed 43
354	tworoom	gd_pair_accept_tau0.142	25	44	logs/rbZ_tworoom_gd_pair_accept_tau0.142_t25_seed44.log	python -m surveyor.envs.tworoom.eval --solver gd --subgoal paired+surveyor --gdm-ckpt gdm_tworoom_s10_gc_paired_e400v.pt --gdm-steps 50 --accept-tau 0.142 --receding-horizon 2 --mode long --goal-offset 25 --eval-budget 50 --h5 "$DATA/tworoom.h5" --source pretrained --encoder-id quentinll/lewm-tworooms --device cuda --eval-filter none --episode-min 4000 --goal-from-proprio --num-eval 64 --seed 44 --cem-seed 44
355	tworoom	gd_pair_accept_tau0.142	25	45	logs/rbZ_tworoom_gd_pair_accept_tau0.142_t25_seed45.log	python -m surveyor.envs.tworoom.eval --solver gd --subgoal paired+surveyor --gdm-ckpt gdm_tworoom_s10_gc_paired_e400v.pt --gdm-steps 50 --accept-tau 0.142 --receding-horizon 2 --mode long --goal-offset 25 --eval-budget 50 --h5 "$DATA/tworoom.h5" --source pretrained --encoder-id quentinll/lewm-tworooms --device cuda --eval-filter none --episode-min 4000 --goal-from-proprio --num-eval 64 --seed 45 --cem-seed 45
356	tworoom	gd_pair_accept_tau0.142	25	46	logs/rbZ_tworoom_gd_pair_accept_tau0.142_t25_seed46.log	python -m surveyor.envs.tworoom.eval --solver gd --subgoal paired+surveyor --gdm-ckpt gdm_tworoom_s10_gc_paired_e400v.pt --gdm-steps 50 --accept-tau 0.142 --receding-horizon 2 --mode long --goal-offset 25 --eval-budget 50 --h5 "$DATA/tworoom.h5" --source pretrained --encoder-id quentinll/lewm-tworooms --device cuda --eval-filter none --episode-min 4000 --goal-from-proprio --num-eval 64 --seed 46 --cem-seed 46
357	tworoom	gd_pair_accept_tau0.142	25	47	logs/rbZ_tworoom_gd_pair_accept_tau0.142_t25_seed47.log	python -m surveyor.envs.tworoom.eval --solver gd --subgoal paired+surveyor --gdm-ckpt gdm_tworoom_s10_gc_paired_e400v.pt --gdm-steps 50 --accept-tau 0.142 --receding-horizon 2 --mode long --goal-offset 25 --eval-budget 50 --h5 "$DATA/tworoom.h5" --source pretrained --encoder-id quentinll/lewm-tworooms --device cuda --eval-filter none --episode-min 4000 --goal-from-proprio --num-eval 64 --seed 47 --cem-seed 47
358	tworoom	gd_pair_accept_tau0.142	25	48	logs/rbZ_tworoom_gd_pair_accept_tau0.142_t25_seed48.log	python -m surveyor.envs.tworoom.eval --solver gd --subgoal paired+surveyor --gdm-ckpt gdm_tworoom_s10_gc_paired_e400v.pt --gdm-steps 50 --accept-tau 0.142 --receding-horizon 2 --mode long --goal-offset 25 --eval-budget 50 --h5 "$DATA/tworoom.h5" --source pretrained --encoder-id quentinll/lewm-tworooms --device cuda --eval-filter none --episode-min 4000 --goal-from-proprio --num-eval 64 --seed 48 --cem-seed 48
359	tworoom	gd_pair_accept_tau0.142	25	49	logs/rbZ_tworoom_gd_pair_accept_tau0.142_t25_seed49.log	python -m surveyor.envs.tworoom.eval --solver gd --subgoal paired+surveyor --gdm-ckpt gdm_tworoom_s10_gc_paired_e400v.pt --gdm-steps 50 --accept-tau 0.142 --receding-horizon 2 --mode long --goal-offset 25 --eval-budget 50 --h5 "$DATA/tworoom.h5" --source pretrained --encoder-id quentinll/lewm-tworooms --device cuda --eval-filter none --episode-min 4000 --goal-from-proprio --num-eval 64 --seed 49 --cem-seed 49
360	tworoom	gd_pair_accept_tau0.142	75	42	logs/rbZ_tworoom_gd_pair_accept_tau0.142_t75_seed42.log	python -m surveyor.envs.tworoom.eval --solver gd --subgoal paired+surveyor --gdm-ckpt gdm_tworoom_s10_gc_paired_e400v.pt --gdm-steps 50 --accept-tau 0.142 --receding-horizon 2 --mode long --goal-offset 75 --eval-budget 150 --h5 "$DATA/tworoom.h5" --source pretrained --encoder-id quentinll/lewm-tworooms --device cuda --eval-filter none --episode-min 4000 --goal-from-proprio --num-eval 64 --seed 42 --cem-seed 42
361	tworoom	gd_pair_accept_tau0.142	75	43	logs/rbZ_tworoom_gd_pair_accept_tau0.142_t75_seed43.log	python -m surveyor.envs.tworoom.eval --solver gd --subgoal paired+surveyor --gdm-ckpt gdm_tworoom_s10_gc_paired_e400v.pt --gdm-steps 50 --accept-tau 0.142 --receding-horizon 2 --mode long --goal-offset 75 --eval-budget 150 --h5 "$DATA/tworoom.h5" --source pretrained --encoder-id quentinll/lewm-tworooms --device cuda --eval-filter none --episode-min 4000 --goal-from-proprio --num-eval 64 --seed 43 --cem-seed 43
362	tworoom	gd_pair_accept_tau0.142	75	44	logs/rbZ_tworoom_gd_pair_accept_tau0.142_t75_seed44.log	python -m surveyor.envs.tworoom.eval --solver gd --subgoal paired+surveyor --gdm-ckpt gdm_tworoom_s10_gc_paired_e400v.pt --gdm-steps 50 --accept-tau 0.142 --receding-horizon 2 --mode long --goal-offset 75 --eval-budget 150 --h5 "$DATA/tworoom.h5" --source pretrained --encoder-id quentinll/lewm-tworooms --device cuda --eval-filter none --episode-min 4000 --goal-from-proprio --num-eval 64 --seed 44 --cem-seed 44
363	tworoom	gd_pair_accept_tau0.142	75	45	logs/rbZ_tworoom_gd_pair_accept_tau0.142_t75_seed45.log	python -m surveyor.envs.tworoom.eval --solver gd --subgoal paired+surveyor --gdm-ckpt gdm_tworoom_s10_gc_paired_e400v.pt --gdm-steps 50 --accept-tau 0.142 --receding-horizon 2 --mode long --goal-offset 75 --eval-budget 150 --h5 "$DATA/tworoom.h5" --source pretrained --encoder-id quentinll/lewm-tworooms --device cuda --eval-filter none --episode-min 4000 --goal-from-proprio --num-eval 64 --seed 45 --cem-seed 45
364	tworoom	gd_pair_accept_tau0.142	75	46	logs/rbZ_tworoom_gd_pair_accept_tau0.142_t75_seed46.log	python -m surveyor.envs.tworoom.eval --solver gd --subgoal paired+surveyor --gdm-ckpt gdm_tworoom_s10_gc_paired_e400v.pt --gdm-steps 50 --accept-tau 0.142 --receding-horizon 2 --mode long --goal-offset 75 --eval-budget 150 --h5 "$DATA/tworoom.h5" --source pretrained --encoder-id quentinll/lewm-tworooms --device cuda --eval-filter none --episode-min 4000 --goal-from-proprio --num-eval 64 --seed 46 --cem-seed 46
365	tworoom	gd_pair_accept_tau0.142	75	47	logs/rbZ_tworoom_gd_pair_accept_tau0.142_t75_seed47.log	python -m surveyor.envs.tworoom.eval --solver gd --subgoal paired+surveyor --gdm-ckpt gdm_tworoom_s10_gc_paired_e400v.pt --gdm-steps 50 --accept-tau 0.142 --receding-horizon 2 --mode long --goal-offset 75 --eval-budget 150 --h5 "$DATA/tworoom.h5" --source pretrained --encoder-id quentinll/lewm-tworooms --device cuda --eval-filter none --episode-min 4000 --goal-from-proprio --num-eval 64 --seed 47 --cem-seed 47
366	tworoom	gd_pair_accept_tau0.142	75	48	logs/rbZ_tworoom_gd_pair_accept_tau0.142_t75_seed48.log	python -m surveyor.envs.tworoom.eval --solver gd --subgoal paired+surveyor --gdm-ckpt gdm_tworoom_s10_gc_paired_e400v.pt --gdm-steps 50 --accept-tau 0.142 --receding-horizon 2 --mode long --goal-offset 75 --eval-budget 150 --h5 "$DATA/tworoom.h5" --source pretrained --encoder-id quentinll/lewm-tworooms --device cuda --eval-filter none --episode-min 4000 --goal-from-proprio --num-eval 64 --seed 48 --cem-seed 48
367	tworoom	gd_pair_accept_tau0.142	75	49	logs/rbZ_tworoom_gd_pair_accept_tau0.142_t75_seed49.log	python -m surveyor.envs.tworoom.eval --solver gd --subgoal paired+surveyor --gdm-ckpt gdm_tworoom_s10_gc_paired_e400v.pt --gdm-steps 50 --accept-tau 0.142 --receding-horizon 2 --mode long --goal-offset 75 --eval-budget 150 --h5 "$DATA/tworoom.h5" --source pretrained --encoder-id quentinll/lewm-tworooms --device cuda --eval-filter none --episode-min 4000 --goal-from-proprio --num-eval 64 --seed 49 --cem-seed 49
368	tworoom	gd_router_tau0.142	25	42	logs/rbZ_tworoom_gd_router_tau0.142_t25_seed42.log	python -m surveyor.envs.tworoom.eval --solver gd --subgoal router+surveyor --gdm-ckpt gdm_tworoom_s10_gc_paired_e400v.pt --gdm-steps 50 --accept-tau 0.142 --receding-horizon 2 --mode long --goal-offset 25 --eval-budget 50 --h5 "$DATA/tworoom.h5" --source pretrained --encoder-id quentinll/lewm-tworooms --device cuda --eval-filter none --episode-min 4000 --goal-from-proprio --num-eval 64 --seed 42 --cem-seed 42
369	tworoom	gd_router_tau0.142	25	43	logs/rbZ_tworoom_gd_router_tau0.142_t25_seed43.log	python -m surveyor.envs.tworoom.eval --solver gd --subgoal router+surveyor --gdm-ckpt gdm_tworoom_s10_gc_paired_e400v.pt --gdm-steps 50 --accept-tau 0.142 --receding-horizon 2 --mode long --goal-offset 25 --eval-budget 50 --h5 "$DATA/tworoom.h5" --source pretrained --encoder-id quentinll/lewm-tworooms --device cuda --eval-filter none --episode-min 4000 --goal-from-proprio --num-eval 64 --seed 43 --cem-seed 43
370	tworoom	gd_router_tau0.142	25	44	logs/rbZ_tworoom_gd_router_tau0.142_t25_seed44.log	python -m surveyor.envs.tworoom.eval --solver gd --subgoal router+surveyor --gdm-ckpt gdm_tworoom_s10_gc_paired_e400v.pt --gdm-steps 50 --accept-tau 0.142 --receding-horizon 2 --mode long --goal-offset 25 --eval-budget 50 --h5 "$DATA/tworoom.h5" --source pretrained --encoder-id quentinll/lewm-tworooms --device cuda --eval-filter none --episode-min 4000 --goal-from-proprio --num-eval 64 --seed 44 --cem-seed 44
371	tworoom	gd_router_tau0.142	25	45	logs/rbZ_tworoom_gd_router_tau0.142_t25_seed45.log	python -m surveyor.envs.tworoom.eval --solver gd --subgoal router+surveyor --gdm-ckpt gdm_tworoom_s10_gc_paired_e400v.pt --gdm-steps 50 --accept-tau 0.142 --receding-horizon 2 --mode long --goal-offset 25 --eval-budget 50 --h5 "$DATA/tworoom.h5" --source pretrained --encoder-id quentinll/lewm-tworooms --device cuda --eval-filter none --episode-min 4000 --goal-from-proprio --num-eval 64 --seed 45 --cem-seed 45
372	tworoom	gd_router_tau0.142	25	46	logs/rbZ_tworoom_gd_router_tau0.142_t25_seed46.log	python -m surveyor.envs.tworoom.eval --solver gd --subgoal router+surveyor --gdm-ckpt gdm_tworoom_s10_gc_paired_e400v.pt --gdm-steps 50 --accept-tau 0.142 --receding-horizon 2 --mode long --goal-offset 25 --eval-budget 50 --h5 "$DATA/tworoom.h5" --source pretrained --encoder-id quentinll/lewm-tworooms --device cuda --eval-filter none --episode-min 4000 --goal-from-proprio --num-eval 64 --seed 46 --cem-seed 46
373	tworoom	gd_router_tau0.142	25	47	logs/rbZ_tworoom_gd_router_tau0.142_t25_seed47.log	python -m surveyor.envs.tworoom.eval --solver gd --subgoal router+surveyor --gdm-ckpt gdm_tworoom_s10_gc_paired_e400v.pt --gdm-steps 50 --accept-tau 0.142 --receding-horizon 2 --mode long --goal-offset 25 --eval-budget 50 --h5 "$DATA/tworoom.h5" --source pretrained --encoder-id quentinll/lewm-tworooms --device cuda --eval-filter none --episode-min 4000 --goal-from-proprio --num-eval 64 --seed 47 --cem-seed 47
374	tworoom	gd_router_tau0.142	25	48	logs/rbZ_tworoom_gd_router_tau0.142_t25_seed48.log	python -m surveyor.envs.tworoom.eval --solver gd --subgoal router+surveyor --gdm-ckpt gdm_tworoom_s10_gc_paired_e400v.pt --gdm-steps 50 --accept-tau 0.142 --receding-horizon 2 --mode long --goal-offset 25 --eval-budget 50 --h5 "$DATA/tworoom.h5" --source pretrained --encoder-id quentinll/lewm-tworooms --device cuda --eval-filter none --episode-min 4000 --goal-from-proprio --num-eval 64 --seed 48 --cem-seed 48
375	tworoom	gd_router_tau0.142	25	49	logs/rbZ_tworoom_gd_router_tau0.142_t25_seed49.log	python -m surveyor.envs.tworoom.eval --solver gd --subgoal router+surveyor --gdm-ckpt gdm_tworoom_s10_gc_paired_e400v.pt --gdm-steps 50 --accept-tau 0.142 --receding-horizon 2 --mode long --goal-offset 25 --eval-budget 50 --h5 "$DATA/tworoom.h5" --source pretrained --encoder-id quentinll/lewm-tworooms --device cuda --eval-filter none --episode-min 4000 --goal-from-proprio --num-eval 64 --seed 49 --cem-seed 49
376	tworoom	gd_router_tau0.142	75	42	logs/rbZ_tworoom_gd_router_tau0.142_t75_seed42.log	python -m surveyor.envs.tworoom.eval --solver gd --subgoal router+surveyor --gdm-ckpt gdm_tworoom_s10_gc_paired_e400v.pt --gdm-steps 50 --accept-tau 0.142 --receding-horizon 2 --mode long --goal-offset 75 --eval-budget 150 --h5 "$DATA/tworoom.h5" --source pretrained --encoder-id quentinll/lewm-tworooms --device cuda --eval-filter none --episode-min 4000 --goal-from-proprio --num-eval 64 --seed 42 --cem-seed 42
377	tworoom	gd_router_tau0.142	75	43	logs/rbZ_tworoom_gd_router_tau0.142_t75_seed43.log	python -m surveyor.envs.tworoom.eval --solver gd --subgoal router+surveyor --gdm-ckpt gdm_tworoom_s10_gc_paired_e400v.pt --gdm-steps 50 --accept-tau 0.142 --receding-horizon 2 --mode long --goal-offset 75 --eval-budget 150 --h5 "$DATA/tworoom.h5" --source pretrained --encoder-id quentinll/lewm-tworooms --device cuda --eval-filter none --episode-min 4000 --goal-from-proprio --num-eval 64 --seed 43 --cem-seed 43
378	tworoom	gd_router_tau0.142	75	44	logs/rbZ_tworoom_gd_router_tau0.142_t75_seed44.log	python -m surveyor.envs.tworoom.eval --solver gd --subgoal router+surveyor --gdm-ckpt gdm_tworoom_s10_gc_paired_e400v.pt --gdm-steps 50 --accept-tau 0.142 --receding-horizon 2 --mode long --goal-offset 75 --eval-budget 150 --h5 "$DATA/tworoom.h5" --source pretrained --encoder-id quentinll/lewm-tworooms --device cuda --eval-filter none --episode-min 4000 --goal-from-proprio --num-eval 64 --seed 44 --cem-seed 44
379	tworoom	gd_router_tau0.142	75	45	logs/rbZ_tworoom_gd_router_tau0.142_t75_seed45.log	python -m surveyor.envs.tworoom.eval --solver gd --subgoal router+surveyor --gdm-ckpt gdm_tworoom_s10_gc_paired_e400v.pt --gdm-steps 50 --accept-tau 0.142 --receding-horizon 2 --mode long --goal-offset 75 --eval-budget 150 --h5 "$DATA/tworoom.h5" --source pretrained --encoder-id quentinll/lewm-tworooms --device cuda --eval-filter none --episode-min 4000 --goal-from-proprio --num-eval 64 --seed 45 --cem-seed 45
380	tworoom	gd_router_tau0.142	75	46	logs/rbZ_tworoom_gd_router_tau0.142_t75_seed46.log	python -m surveyor.envs.tworoom.eval --solver gd --subgoal router+surveyor --gdm-ckpt gdm_tworoom_s10_gc_paired_e400v.pt --gdm-steps 50 --accept-tau 0.142 --receding-horizon 2 --mode long --goal-offset 75 --eval-budget 150 --h5 "$DATA/tworoom.h5" --source pretrained --encoder-id quentinll/lewm-tworooms --device cuda --eval-filter none --episode-min 4000 --goal-from-proprio --num-eval 64 --seed 46 --cem-seed 46
381	tworoom	gd_router_tau0.142	75	47	logs/rbZ_tworoom_gd_router_tau0.142_t75_seed47.log	python -m surveyor.envs.tworoom.eval --solver gd --subgoal router+surveyor --gdm-ckpt gdm_tworoom_s10_gc_paired_e400v.pt --gdm-steps 50 --accept-tau 0.142 --receding-horizon 2 --mode long --goal-offset 75 --eval-budget 150 --h5 "$DATA/tworoom.h5" --source pretrained --encoder-id quentinll/lewm-tworooms --device cuda --eval-filter none --episode-min 4000 --goal-from-proprio --num-eval 64 --seed 47 --cem-seed 47
382	tworoom	gd_router_tau0.142	75	48	logs/rbZ_tworoom_gd_router_tau0.142_t75_seed48.log	python -m surveyor.envs.tworoom.eval --solver gd --subgoal router+surveyor --gdm-ckpt gdm_tworoom_s10_gc_paired_e400v.pt --gdm-steps 50 --accept-tau 0.142 --receding-horizon 2 --mode long --goal-offset 75 --eval-budget 150 --h5 "$DATA/tworoom.h5" --source pretrained --encoder-id quentinll/lewm-tworooms --device cuda --eval-filter none --episode-min 4000 --goal-from-proprio --num-eval 64 --seed 48 --cem-seed 48
383	tworoom	gd_router_tau0.142	75	49	logs/rbZ_tworoom_gd_router_tau0.142_t75_seed49.log	python -m surveyor.envs.tworoom.eval --solver gd --subgoal router+surveyor --gdm-ckpt gdm_tworoom_s10_gc_paired_e400v.pt --gdm-steps 50 --accept-tau 0.142 --receding-horizon 2 --mode long --goal-offset 75 --eval-budget 150 --h5 "$DATA/tworoom.h5" --source pretrained --encoder-id quentinll/lewm-tworooms --device cuda --eval-filter none --episode-min 4000 --goal-from-proprio --num-eval 64 --seed 49 --cem-seed 49
384	tworoom	icem_pair_accept_tau0.142	25	42	logs/rbZ_tworoom_icem_pair_accept_tau0.142_t25_seed42.log	python -m surveyor.envs.tworoom.eval --solver icem --subgoal paired+surveyor --gdm-ckpt gdm_tworoom_s10_gc_paired_e400v.pt --gdm-steps 50 --accept-tau 0.142 --receding-horizon 2 --mode long --goal-offset 25 --eval-budget 50 --h5 "$DATA/tworoom.h5" --source pretrained --encoder-id quentinll/lewm-tworooms --device cuda --eval-filter none --episode-min 4000 --goal-from-proprio --num-eval 64 --seed 42 --cem-seed 42
385	tworoom	icem_pair_accept_tau0.142	25	43	logs/rbZ_tworoom_icem_pair_accept_tau0.142_t25_seed43.log	python -m surveyor.envs.tworoom.eval --solver icem --subgoal paired+surveyor --gdm-ckpt gdm_tworoom_s10_gc_paired_e400v.pt --gdm-steps 50 --accept-tau 0.142 --receding-horizon 2 --mode long --goal-offset 25 --eval-budget 50 --h5 "$DATA/tworoom.h5" --source pretrained --encoder-id quentinll/lewm-tworooms --device cuda --eval-filter none --episode-min 4000 --goal-from-proprio --num-eval 64 --seed 43 --cem-seed 43
386	tworoom	icem_pair_accept_tau0.142	25	44	logs/rbZ_tworoom_icem_pair_accept_tau0.142_t25_seed44.log	python -m surveyor.envs.tworoom.eval --solver icem --subgoal paired+surveyor --gdm-ckpt gdm_tworoom_s10_gc_paired_e400v.pt --gdm-steps 50 --accept-tau 0.142 --receding-horizon 2 --mode long --goal-offset 25 --eval-budget 50 --h5 "$DATA/tworoom.h5" --source pretrained --encoder-id quentinll/lewm-tworooms --device cuda --eval-filter none --episode-min 4000 --goal-from-proprio --num-eval 64 --seed 44 --cem-seed 44
387	tworoom	icem_pair_accept_tau0.142	25	45	logs/rbZ_tworoom_icem_pair_accept_tau0.142_t25_seed45.log	python -m surveyor.envs.tworoom.eval --solver icem --subgoal paired+surveyor --gdm-ckpt gdm_tworoom_s10_gc_paired_e400v.pt --gdm-steps 50 --accept-tau 0.142 --receding-horizon 2 --mode long --goal-offset 25 --eval-budget 50 --h5 "$DATA/tworoom.h5" --source pretrained --encoder-id quentinll/lewm-tworooms --device cuda --eval-filter none --episode-min 4000 --goal-from-proprio --num-eval 64 --seed 45 --cem-seed 45
388	tworoom	icem_pair_accept_tau0.142	25	46	logs/rbZ_tworoom_icem_pair_accept_tau0.142_t25_seed46.log	python -m surveyor.envs.tworoom.eval --solver icem --subgoal paired+surveyor --gdm-ckpt gdm_tworoom_s10_gc_paired_e400v.pt --gdm-steps 50 --accept-tau 0.142 --receding-horizon 2 --mode long --goal-offset 25 --eval-budget 50 --h5 "$DATA/tworoom.h5" --source pretrained --encoder-id quentinll/lewm-tworooms --device cuda --eval-filter none --episode-min 4000 --goal-from-proprio --num-eval 64 --seed 46 --cem-seed 46
389	tworoom	icem_pair_accept_tau0.142	25	47	logs/rbZ_tworoom_icem_pair_accept_tau0.142_t25_seed47.log	python -m surveyor.envs.tworoom.eval --solver icem --subgoal paired+surveyor --gdm-ckpt gdm_tworoom_s10_gc_paired_e400v.pt --gdm-steps 50 --accept-tau 0.142 --receding-horizon 2 --mode long --goal-offset 25 --eval-budget 50 --h5 "$DATA/tworoom.h5" --source pretrained --encoder-id quentinll/lewm-tworooms --device cuda --eval-filter none --episode-min 4000 --goal-from-proprio --num-eval 64 --seed 47 --cem-seed 47
390	tworoom	icem_pair_accept_tau0.142	25	48	logs/rbZ_tworoom_icem_pair_accept_tau0.142_t25_seed48.log	python -m surveyor.envs.tworoom.eval --solver icem --subgoal paired+surveyor --gdm-ckpt gdm_tworoom_s10_gc_paired_e400v.pt --gdm-steps 50 --accept-tau 0.142 --receding-horizon 2 --mode long --goal-offset 25 --eval-budget 50 --h5 "$DATA/tworoom.h5" --source pretrained --encoder-id quentinll/lewm-tworooms --device cuda --eval-filter none --episode-min 4000 --goal-from-proprio --num-eval 64 --seed 48 --cem-seed 48
391	tworoom	icem_pair_accept_tau0.142	25	49	logs/rbZ_tworoom_icem_pair_accept_tau0.142_t25_seed49.log	python -m surveyor.envs.tworoom.eval --solver icem --subgoal paired+surveyor --gdm-ckpt gdm_tworoom_s10_gc_paired_e400v.pt --gdm-steps 50 --accept-tau 0.142 --receding-horizon 2 --mode long --goal-offset 25 --eval-budget 50 --h5 "$DATA/tworoom.h5" --source pretrained --encoder-id quentinll/lewm-tworooms --device cuda --eval-filter none --episode-min 4000 --goal-from-proprio --num-eval 64 --seed 49 --cem-seed 49
392	tworoom	icem_pair_accept_tau0.142	75	42	logs/rbZ_tworoom_icem_pair_accept_tau0.142_t75_seed42.log	python -m surveyor.envs.tworoom.eval --solver icem --subgoal paired+surveyor --gdm-ckpt gdm_tworoom_s10_gc_paired_e400v.pt --gdm-steps 50 --accept-tau 0.142 --receding-horizon 2 --mode long --goal-offset 75 --eval-budget 150 --h5 "$DATA/tworoom.h5" --source pretrained --encoder-id quentinll/lewm-tworooms --device cuda --eval-filter none --episode-min 4000 --goal-from-proprio --num-eval 64 --seed 42 --cem-seed 42
393	tworoom	icem_pair_accept_tau0.142	75	43	logs/rbZ_tworoom_icem_pair_accept_tau0.142_t75_seed43.log	python -m surveyor.envs.tworoom.eval --solver icem --subgoal paired+surveyor --gdm-ckpt gdm_tworoom_s10_gc_paired_e400v.pt --gdm-steps 50 --accept-tau 0.142 --receding-horizon 2 --mode long --goal-offset 75 --eval-budget 150 --h5 "$DATA/tworoom.h5" --source pretrained --encoder-id quentinll/lewm-tworooms --device cuda --eval-filter none --episode-min 4000 --goal-from-proprio --num-eval 64 --seed 43 --cem-seed 43
394	tworoom	icem_pair_accept_tau0.142	75	44	logs/rbZ_tworoom_icem_pair_accept_tau0.142_t75_seed44.log	python -m surveyor.envs.tworoom.eval --solver icem --subgoal paired+surveyor --gdm-ckpt gdm_tworoom_s10_gc_paired_e400v.pt --gdm-steps 50 --accept-tau 0.142 --receding-horizon 2 --mode long --goal-offset 75 --eval-budget 150 --h5 "$DATA/tworoom.h5" --source pretrained --encoder-id quentinll/lewm-tworooms --device cuda --eval-filter none --episode-min 4000 --goal-from-proprio --num-eval 64 --seed 44 --cem-seed 44
395	tworoom	icem_pair_accept_tau0.142	75	45	logs/rbZ_tworoom_icem_pair_accept_tau0.142_t75_seed45.log	python -m surveyor.envs.tworoom.eval --solver icem --subgoal paired+surveyor --gdm-ckpt gdm_tworoom_s10_gc_paired_e400v.pt --gdm-steps 50 --accept-tau 0.142 --receding-horizon 2 --mode long --goal-offset 75 --eval-budget 150 --h5 "$DATA/tworoom.h5" --source pretrained --encoder-id quentinll/lewm-tworooms --device cuda --eval-filter none --episode-min 4000 --goal-from-proprio --num-eval 64 --seed 45 --cem-seed 45
396	tworoom	icem_pair_accept_tau0.142	75	46	logs/rbZ_tworoom_icem_pair_accept_tau0.142_t75_seed46.log	python -m surveyor.envs.tworoom.eval --solver icem --subgoal paired+surveyor --gdm-ckpt gdm_tworoom_s10_gc_paired_e400v.pt --gdm-steps 50 --accept-tau 0.142 --receding-horizon 2 --mode long --goal-offset 75 --eval-budget 150 --h5 "$DATA/tworoom.h5" --source pretrained --encoder-id quentinll/lewm-tworooms --device cuda --eval-filter none --episode-min 4000 --goal-from-proprio --num-eval 64 --seed 46 --cem-seed 46
397	tworoom	icem_pair_accept_tau0.142	75	47	logs/rbZ_tworoom_icem_pair_accept_tau0.142_t75_seed47.log	python -m surveyor.envs.tworoom.eval --solver icem --subgoal paired+surveyor --gdm-ckpt gdm_tworoom_s10_gc_paired_e400v.pt --gdm-steps 50 --accept-tau 0.142 --receding-horizon 2 --mode long --goal-offset 75 --eval-budget 150 --h5 "$DATA/tworoom.h5" --source pretrained --encoder-id quentinll/lewm-tworooms --device cuda --eval-filter none --episode-min 4000 --goal-from-proprio --num-eval 64 --seed 47 --cem-seed 47
398	tworoom	icem_pair_accept_tau0.142	75	48	logs/rbZ_tworoom_icem_pair_accept_tau0.142_t75_seed48.log	python -m surveyor.envs.tworoom.eval --solver icem --subgoal paired+surveyor --gdm-ckpt gdm_tworoom_s10_gc_paired_e400v.pt --gdm-steps 50 --accept-tau 0.142 --receding-horizon 2 --mode long --goal-offset 75 --eval-budget 150 --h5 "$DATA/tworoom.h5" --source pretrained --encoder-id quentinll/lewm-tworooms --device cuda --eval-filter none --episode-min 4000 --goal-from-proprio --num-eval 64 --seed 48 --cem-seed 48
399	tworoom	icem_pair_accept_tau0.142	75	49	logs/rbZ_tworoom_icem_pair_accept_tau0.142_t75_seed49.log	python -m surveyor.envs.tworoom.eval --solver icem --subgoal paired+surveyor --gdm-ckpt gdm_tworoom_s10_gc_paired_e400v.pt --gdm-steps 50 --accept-tau 0.142 --receding-horizon 2 --mode long --goal-offset 75 --eval-budget 150 --h5 "$DATA/tworoom.h5" --source pretrained --encoder-id quentinll/lewm-tworooms --device cuda --eval-filter none --episode-min 4000 --goal-from-proprio --num-eval 64 --seed 49 --cem-seed 49
400	tworoom	icem_router_tau0.142	25	42	logs/rbZ_tworoom_icem_router_tau0.142_t25_seed42.log	python -m surveyor.envs.tworoom.eval --solver icem --subgoal router+surveyor --gdm-ckpt gdm_tworoom_s10_gc_paired_e400v.pt --gdm-steps 50 --accept-tau 0.142 --receding-horizon 2 --mode long --goal-offset 25 --eval-budget 50 --h5 "$DATA/tworoom.h5" --source pretrained --encoder-id quentinll/lewm-tworooms --device cuda --eval-filter none --episode-min 4000 --goal-from-proprio --num-eval 64 --seed 42 --cem-seed 42
401	tworoom	icem_router_tau0.142	25	43	logs/rbZ_tworoom_icem_router_tau0.142_t25_seed43.log	python -m surveyor.envs.tworoom.eval --solver icem --subgoal router+surveyor --gdm-ckpt gdm_tworoom_s10_gc_paired_e400v.pt --gdm-steps 50 --accept-tau 0.142 --receding-horizon 2 --mode long --goal-offset 25 --eval-budget 50 --h5 "$DATA/tworoom.h5" --source pretrained --encoder-id quentinll/lewm-tworooms --device cuda --eval-filter none --episode-min 4000 --goal-from-proprio --num-eval 64 --seed 43 --cem-seed 43
402	tworoom	icem_router_tau0.142	25	44	logs/rbZ_tworoom_icem_router_tau0.142_t25_seed44.log	python -m surveyor.envs.tworoom.eval --solver icem --subgoal router+surveyor --gdm-ckpt gdm_tworoom_s10_gc_paired_e400v.pt --gdm-steps 50 --accept-tau 0.142 --receding-horizon 2 --mode long --goal-offset 25 --eval-budget 50 --h5 "$DATA/tworoom.h5" --source pretrained --encoder-id quentinll/lewm-tworooms --device cuda --eval-filter none --episode-min 4000 --goal-from-proprio --num-eval 64 --seed 44 --cem-seed 44
403	tworoom	icem_router_tau0.142	25	45	logs/rbZ_tworoom_icem_router_tau0.142_t25_seed45.log	python -m surveyor.envs.tworoom.eval --solver icem --subgoal router+surveyor --gdm-ckpt gdm_tworoom_s10_gc_paired_e400v.pt --gdm-steps 50 --accept-tau 0.142 --receding-horizon 2 --mode long --goal-offset 25 --eval-budget 50 --h5 "$DATA/tworoom.h5" --source pretrained --encoder-id quentinll/lewm-tworooms --device cuda --eval-filter none --episode-min 4000 --goal-from-proprio --num-eval 64 --seed 45 --cem-seed 45
404	tworoom	icem_router_tau0.142	25	46	logs/rbZ_tworoom_icem_router_tau0.142_t25_seed46.log	python -m surveyor.envs.tworoom.eval --solver icem --subgoal router+surveyor --gdm-ckpt gdm_tworoom_s10_gc_paired_e400v.pt --gdm-steps 50 --accept-tau 0.142 --receding-horizon 2 --mode long --goal-offset 25 --eval-budget 50 --h5 "$DATA/tworoom.h5" --source pretrained --encoder-id quentinll/lewm-tworooms --device cuda --eval-filter none --episode-min 4000 --goal-from-proprio --num-eval 64 --seed 46 --cem-seed 46
405	tworoom	icem_router_tau0.142	25	47	logs/rbZ_tworoom_icem_router_tau0.142_t25_seed47.log	python -m surveyor.envs.tworoom.eval --solver icem --subgoal router+surveyor --gdm-ckpt gdm_tworoom_s10_gc_paired_e400v.pt --gdm-steps 50 --accept-tau 0.142 --receding-horizon 2 --mode long --goal-offset 25 --eval-budget 50 --h5 "$DATA/tworoom.h5" --source pretrained --encoder-id quentinll/lewm-tworooms --device cuda --eval-filter none --episode-min 4000 --goal-from-proprio --num-eval 64 --seed 47 --cem-seed 47
406	tworoom	icem_router_tau0.142	25	48	logs/rbZ_tworoom_icem_router_tau0.142_t25_seed48.log	python -m surveyor.envs.tworoom.eval --solver icem --subgoal router+surveyor --gdm-ckpt gdm_tworoom_s10_gc_paired_e400v.pt --gdm-steps 50 --accept-tau 0.142 --receding-horizon 2 --mode long --goal-offset 25 --eval-budget 50 --h5 "$DATA/tworoom.h5" --source pretrained --encoder-id quentinll/lewm-tworooms --device cuda --eval-filter none --episode-min 4000 --goal-from-proprio --num-eval 64 --seed 48 --cem-seed 48
407	tworoom	icem_router_tau0.142	25	49	logs/rbZ_tworoom_icem_router_tau0.142_t25_seed49.log	python -m surveyor.envs.tworoom.eval --solver icem --subgoal router+surveyor --gdm-ckpt gdm_tworoom_s10_gc_paired_e400v.pt --gdm-steps 50 --accept-tau 0.142 --receding-horizon 2 --mode long --goal-offset 25 --eval-budget 50 --h5 "$DATA/tworoom.h5" --source pretrained --encoder-id quentinll/lewm-tworooms --device cuda --eval-filter none --episode-min 4000 --goal-from-proprio --num-eval 64 --seed 49 --cem-seed 49
408	tworoom	icem_router_tau0.142	75	42	logs/rbZ_tworoom_icem_router_tau0.142_t75_seed42.log	python -m surveyor.envs.tworoom.eval --solver icem --subgoal router+surveyor --gdm-ckpt gdm_tworoom_s10_gc_paired_e400v.pt --gdm-steps 50 --accept-tau 0.142 --receding-horizon 2 --mode long --goal-offset 75 --eval-budget 150 --h5 "$DATA/tworoom.h5" --source pretrained --encoder-id quentinll/lewm-tworooms --device cuda --eval-filter none --episode-min 4000 --goal-from-proprio --num-eval 64 --seed 42 --cem-seed 42
409	tworoom	icem_router_tau0.142	75	43	logs/rbZ_tworoom_icem_router_tau0.142_t75_seed43.log	python -m surveyor.envs.tworoom.eval --solver icem --subgoal router+surveyor --gdm-ckpt gdm_tworoom_s10_gc_paired_e400v.pt --gdm-steps 50 --accept-tau 0.142 --receding-horizon 2 --mode long --goal-offset 75 --eval-budget 150 --h5 "$DATA/tworoom.h5" --source pretrained --encoder-id quentinll/lewm-tworooms --device cuda --eval-filter none --episode-min 4000 --goal-from-proprio --num-eval 64 --seed 43 --cem-seed 43
410	tworoom	icem_router_tau0.142	75	44	logs/rbZ_tworoom_icem_router_tau0.142_t75_seed44.log	python -m surveyor.envs.tworoom.eval --solver icem --subgoal router+surveyor --gdm-ckpt gdm_tworoom_s10_gc_paired_e400v.pt --gdm-steps 50 --accept-tau 0.142 --receding-horizon 2 --mode long --goal-offset 75 --eval-budget 150 --h5 "$DATA/tworoom.h5" --source pretrained --encoder-id quentinll/lewm-tworooms --device cuda --eval-filter none --episode-min 4000 --goal-from-proprio --num-eval 64 --seed 44 --cem-seed 44
411	tworoom	icem_router_tau0.142	75	45	logs/rbZ_tworoom_icem_router_tau0.142_t75_seed45.log	python -m surveyor.envs.tworoom.eval --solver icem --subgoal router+surveyor --gdm-ckpt gdm_tworoom_s10_gc_paired_e400v.pt --gdm-steps 50 --accept-tau 0.142 --receding-horizon 2 --mode long --goal-offset 75 --eval-budget 150 --h5 "$DATA/tworoom.h5" --source pretrained --encoder-id quentinll/lewm-tworooms --device cuda --eval-filter none --episode-min 4000 --goal-from-proprio --num-eval 64 --seed 45 --cem-seed 45
412	tworoom	icem_router_tau0.142	75	46	logs/rbZ_tworoom_icem_router_tau0.142_t75_seed46.log	python -m surveyor.envs.tworoom.eval --solver icem --subgoal router+surveyor --gdm-ckpt gdm_tworoom_s10_gc_paired_e400v.pt --gdm-steps 50 --accept-tau 0.142 --receding-horizon 2 --mode long --goal-offset 75 --eval-budget 150 --h5 "$DATA/tworoom.h5" --source pretrained --encoder-id quentinll/lewm-tworooms --device cuda --eval-filter none --episode-min 4000 --goal-from-proprio --num-eval 64 --seed 46 --cem-seed 46
413	tworoom	icem_router_tau0.142	75	47	logs/rbZ_tworoom_icem_router_tau0.142_t75_seed47.log	python -m surveyor.envs.tworoom.eval --solver icem --subgoal router+surveyor --gdm-ckpt gdm_tworoom_s10_gc_paired_e400v.pt --gdm-steps 50 --accept-tau 0.142 --receding-horizon 2 --mode long --goal-offset 75 --eval-budget 150 --h5 "$DATA/tworoom.h5" --source pretrained --encoder-id quentinll/lewm-tworooms --device cuda --eval-filter none --episode-min 4000 --goal-from-proprio --num-eval 64 --seed 47 --cem-seed 47
414	tworoom	icem_router_tau0.142	75	48	logs/rbZ_tworoom_icem_router_tau0.142_t75_seed48.log	python -m surveyor.envs.tworoom.eval --solver icem --subgoal router+surveyor --gdm-ckpt gdm_tworoom_s10_gc_paired_e400v.pt --gdm-steps 50 --accept-tau 0.142 --receding-horizon 2 --mode long --goal-offset 75 --eval-budget 150 --h5 "$DATA/tworoom.h5" --source pretrained --encoder-id quentinll/lewm-tworooms --device cuda --eval-filter none --episode-min 4000 --goal-from-proprio --num-eval 64 --seed 48 --cem-seed 48
415	tworoom	icem_router_tau0.142	75	49	logs/rbZ_tworoom_icem_router_tau0.142_t75_seed49.log	python -m surveyor.envs.tworoom.eval --solver icem --subgoal router+surveyor --gdm-ckpt gdm_tworoom_s10_gc_paired_e400v.pt --gdm-steps 50 --accept-tau 0.142 --receding-horizon 2 --mode long --goal-offset 75 --eval-budget 150 --h5 "$DATA/tworoom.h5" --source pretrained --encoder-id quentinll/lewm-tworooms --device cuda --eval-filter none --episode-min 4000 --goal-from-proprio --num-eval 64 --seed 49 --cem-seed 49
416	tworoom	mppi_pair_accept_tau0.142	25	42	logs/rbZ_tworoom_mppi_pair_accept_tau0.142_t25_seed42.log	python -m surveyor.envs.tworoom.eval --solver mppi --subgoal paired+surveyor --gdm-ckpt gdm_tworoom_s10_gc_paired_e400v.pt --gdm-steps 50 --accept-tau 0.142 --receding-horizon 2 --mode long --goal-offset 25 --eval-budget 50 --h5 "$DATA/tworoom.h5" --source pretrained --encoder-id quentinll/lewm-tworooms --device cuda --eval-filter none --episode-min 4000 --goal-from-proprio --num-eval 64 --seed 42 --cem-seed 42
417	tworoom	mppi_pair_accept_tau0.142	25	43	logs/rbZ_tworoom_mppi_pair_accept_tau0.142_t25_seed43.log	python -m surveyor.envs.tworoom.eval --solver mppi --subgoal paired+surveyor --gdm-ckpt gdm_tworoom_s10_gc_paired_e400v.pt --gdm-steps 50 --accept-tau 0.142 --receding-horizon 2 --mode long --goal-offset 25 --eval-budget 50 --h5 "$DATA/tworoom.h5" --source pretrained --encoder-id quentinll/lewm-tworooms --device cuda --eval-filter none --episode-min 4000 --goal-from-proprio --num-eval 64 --seed 43 --cem-seed 43
418	tworoom	mppi_pair_accept_tau0.142	25	44	logs/rbZ_tworoom_mppi_pair_accept_tau0.142_t25_seed44.log	python -m surveyor.envs.tworoom.eval --solver mppi --subgoal paired+surveyor --gdm-ckpt gdm_tworoom_s10_gc_paired_e400v.pt --gdm-steps 50 --accept-tau 0.142 --receding-horizon 2 --mode long --goal-offset 25 --eval-budget 50 --h5 "$DATA/tworoom.h5" --source pretrained --encoder-id quentinll/lewm-tworooms --device cuda --eval-filter none --episode-min 4000 --goal-from-proprio --num-eval 64 --seed 44 --cem-seed 44
419	tworoom	mppi_pair_accept_tau0.142	25	45	logs/rbZ_tworoom_mppi_pair_accept_tau0.142_t25_seed45.log	python -m surveyor.envs.tworoom.eval --solver mppi --subgoal paired+surveyor --gdm-ckpt gdm_tworoom_s10_gc_paired_e400v.pt --gdm-steps 50 --accept-tau 0.142 --receding-horizon 2 --mode long --goal-offset 25 --eval-budget 50 --h5 "$DATA/tworoom.h5" --source pretrained --encoder-id quentinll/lewm-tworooms --device cuda --eval-filter none --episode-min 4000 --goal-from-proprio --num-eval 64 --seed 45 --cem-seed 45
420	tworoom	mppi_pair_accept_tau0.142	25	46	logs/rbZ_tworoom_mppi_pair_accept_tau0.142_t25_seed46.log	python -m surveyor.envs.tworoom.eval --solver mppi --subgoal paired+surveyor --gdm-ckpt gdm_tworoom_s10_gc_paired_e400v.pt --gdm-steps 50 --accept-tau 0.142 --receding-horizon 2 --mode long --goal-offset 25 --eval-budget 50 --h5 "$DATA/tworoom.h5" --source pretrained --encoder-id quentinll/lewm-tworooms --device cuda --eval-filter none --episode-min 4000 --goal-from-proprio --num-eval 64 --seed 46 --cem-seed 46
421	tworoom	mppi_pair_accept_tau0.142	25	47	logs/rbZ_tworoom_mppi_pair_accept_tau0.142_t25_seed47.log	python -m surveyor.envs.tworoom.eval --solver mppi --subgoal paired+surveyor --gdm-ckpt gdm_tworoom_s10_gc_paired_e400v.pt --gdm-steps 50 --accept-tau 0.142 --receding-horizon 2 --mode long --goal-offset 25 --eval-budget 50 --h5 "$DATA/tworoom.h5" --source pretrained --encoder-id quentinll/lewm-tworooms --device cuda --eval-filter none --episode-min 4000 --goal-from-proprio --num-eval 64 --seed 47 --cem-seed 47
422	tworoom	mppi_pair_accept_tau0.142	25	48	logs/rbZ_tworoom_mppi_pair_accept_tau0.142_t25_seed48.log	python -m surveyor.envs.tworoom.eval --solver mppi --subgoal paired+surveyor --gdm-ckpt gdm_tworoom_s10_gc_paired_e400v.pt --gdm-steps 50 --accept-tau 0.142 --receding-horizon 2 --mode long --goal-offset 25 --eval-budget 50 --h5 "$DATA/tworoom.h5" --source pretrained --encoder-id quentinll/lewm-tworooms --device cuda --eval-filter none --episode-min 4000 --goal-from-proprio --num-eval 64 --seed 48 --cem-seed 48
423	tworoom	mppi_pair_accept_tau0.142	25	49	logs/rbZ_tworoom_mppi_pair_accept_tau0.142_t25_seed49.log	python -m surveyor.envs.tworoom.eval --solver mppi --subgoal paired+surveyor --gdm-ckpt gdm_tworoom_s10_gc_paired_e400v.pt --gdm-steps 50 --accept-tau 0.142 --receding-horizon 2 --mode long --goal-offset 25 --eval-budget 50 --h5 "$DATA/tworoom.h5" --source pretrained --encoder-id quentinll/lewm-tworooms --device cuda --eval-filter none --episode-min 4000 --goal-from-proprio --num-eval 64 --seed 49 --cem-seed 49
424	tworoom	mppi_pair_accept_tau0.142	75	42	logs/rbZ_tworoom_mppi_pair_accept_tau0.142_t75_seed42.log	python -m surveyor.envs.tworoom.eval --solver mppi --subgoal paired+surveyor --gdm-ckpt gdm_tworoom_s10_gc_paired_e400v.pt --gdm-steps 50 --accept-tau 0.142 --receding-horizon 2 --mode long --goal-offset 75 --eval-budget 150 --h5 "$DATA/tworoom.h5" --source pretrained --encoder-id quentinll/lewm-tworooms --device cuda --eval-filter none --episode-min 4000 --goal-from-proprio --num-eval 64 --seed 42 --cem-seed 42
425	tworoom	mppi_pair_accept_tau0.142	75	43	logs/rbZ_tworoom_mppi_pair_accept_tau0.142_t75_seed43.log	python -m surveyor.envs.tworoom.eval --solver mppi --subgoal paired+surveyor --gdm-ckpt gdm_tworoom_s10_gc_paired_e400v.pt --gdm-steps 50 --accept-tau 0.142 --receding-horizon 2 --mode long --goal-offset 75 --eval-budget 150 --h5 "$DATA/tworoom.h5" --source pretrained --encoder-id quentinll/lewm-tworooms --device cuda --eval-filter none --episode-min 4000 --goal-from-proprio --num-eval 64 --seed 43 --cem-seed 43
426	tworoom	mppi_pair_accept_tau0.142	75	44	logs/rbZ_tworoom_mppi_pair_accept_tau0.142_t75_seed44.log	python -m surveyor.envs.tworoom.eval --solver mppi --subgoal paired+surveyor --gdm-ckpt gdm_tworoom_s10_gc_paired_e400v.pt --gdm-steps 50 --accept-tau 0.142 --receding-horizon 2 --mode long --goal-offset 75 --eval-budget 150 --h5 "$DATA/tworoom.h5" --source pretrained --encoder-id quentinll/lewm-tworooms --device cuda --eval-filter none --episode-min 4000 --goal-from-proprio --num-eval 64 --seed 44 --cem-seed 44
427	tworoom	mppi_pair_accept_tau0.142	75	45	logs/rbZ_tworoom_mppi_pair_accept_tau0.142_t75_seed45.log	python -m surveyor.envs.tworoom.eval --solver mppi --subgoal paired+surveyor --gdm-ckpt gdm_tworoom_s10_gc_paired_e400v.pt --gdm-steps 50 --accept-tau 0.142 --receding-horizon 2 --mode long --goal-offset 75 --eval-budget 150 --h5 "$DATA/tworoom.h5" --source pretrained --encoder-id quentinll/lewm-tworooms --device cuda --eval-filter none --episode-min 4000 --goal-from-proprio --num-eval 64 --seed 45 --cem-seed 45
428	tworoom	mppi_pair_accept_tau0.142	75	46	logs/rbZ_tworoom_mppi_pair_accept_tau0.142_t75_seed46.log	python -m surveyor.envs.tworoom.eval --solver mppi --subgoal paired+surveyor --gdm-ckpt gdm_tworoom_s10_gc_paired_e400v.pt --gdm-steps 50 --accept-tau 0.142 --receding-horizon 2 --mode long --goal-offset 75 --eval-budget 150 --h5 "$DATA/tworoom.h5" --source pretrained --encoder-id quentinll/lewm-tworooms --device cuda --eval-filter none --episode-min 4000 --goal-from-proprio --num-eval 64 --seed 46 --cem-seed 46
429	tworoom	mppi_pair_accept_tau0.142	75	47	logs/rbZ_tworoom_mppi_pair_accept_tau0.142_t75_seed47.log	python -m surveyor.envs.tworoom.eval --solver mppi --subgoal paired+surveyor --gdm-ckpt gdm_tworoom_s10_gc_paired_e400v.pt --gdm-steps 50 --accept-tau 0.142 --receding-horizon 2 --mode long --goal-offset 75 --eval-budget 150 --h5 "$DATA/tworoom.h5" --source pretrained --encoder-id quentinll/lewm-tworooms --device cuda --eval-filter none --episode-min 4000 --goal-from-proprio --num-eval 64 --seed 47 --cem-seed 47
430	tworoom	mppi_pair_accept_tau0.142	75	48	logs/rbZ_tworoom_mppi_pair_accept_tau0.142_t75_seed48.log	python -m surveyor.envs.tworoom.eval --solver mppi --subgoal paired+surveyor --gdm-ckpt gdm_tworoom_s10_gc_paired_e400v.pt --gdm-steps 50 --accept-tau 0.142 --receding-horizon 2 --mode long --goal-offset 75 --eval-budget 150 --h5 "$DATA/tworoom.h5" --source pretrained --encoder-id quentinll/lewm-tworooms --device cuda --eval-filter none --episode-min 4000 --goal-from-proprio --num-eval 64 --seed 48 --cem-seed 48
431	tworoom	mppi_pair_accept_tau0.142	75	49	logs/rbZ_tworoom_mppi_pair_accept_tau0.142_t75_seed49.log	python -m surveyor.envs.tworoom.eval --solver mppi --subgoal paired+surveyor --gdm-ckpt gdm_tworoom_s10_gc_paired_e400v.pt --gdm-steps 50 --accept-tau 0.142 --receding-horizon 2 --mode long --goal-offset 75 --eval-budget 150 --h5 "$DATA/tworoom.h5" --source pretrained --encoder-id quentinll/lewm-tworooms --device cuda --eval-filter none --episode-min 4000 --goal-from-proprio --num-eval 64 --seed 49 --cem-seed 49
432	tworoom	mppi_router_tau0.142	25	42	logs/rbZ_tworoom_mppi_router_tau0.142_t25_seed42.log	python -m surveyor.envs.tworoom.eval --solver mppi --subgoal router+surveyor --gdm-ckpt gdm_tworoom_s10_gc_paired_e400v.pt --gdm-steps 50 --accept-tau 0.142 --receding-horizon 2 --mode long --goal-offset 25 --eval-budget 50 --h5 "$DATA/tworoom.h5" --source pretrained --encoder-id quentinll/lewm-tworooms --device cuda --eval-filter none --episode-min 4000 --goal-from-proprio --num-eval 64 --seed 42 --cem-seed 42
433	tworoom	mppi_router_tau0.142	25	43	logs/rbZ_tworoom_mppi_router_tau0.142_t25_seed43.log	python -m surveyor.envs.tworoom.eval --solver mppi --subgoal router+surveyor --gdm-ckpt gdm_tworoom_s10_gc_paired_e400v.pt --gdm-steps 50 --accept-tau 0.142 --receding-horizon 2 --mode long --goal-offset 25 --eval-budget 50 --h5 "$DATA/tworoom.h5" --source pretrained --encoder-id quentinll/lewm-tworooms --device cuda --eval-filter none --episode-min 4000 --goal-from-proprio --num-eval 64 --seed 43 --cem-seed 43
434	tworoom	mppi_router_tau0.142	25	44	logs/rbZ_tworoom_mppi_router_tau0.142_t25_seed44.log	python -m surveyor.envs.tworoom.eval --solver mppi --subgoal router+surveyor --gdm-ckpt gdm_tworoom_s10_gc_paired_e400v.pt --gdm-steps 50 --accept-tau 0.142 --receding-horizon 2 --mode long --goal-offset 25 --eval-budget 50 --h5 "$DATA/tworoom.h5" --source pretrained --encoder-id quentinll/lewm-tworooms --device cuda --eval-filter none --episode-min 4000 --goal-from-proprio --num-eval 64 --seed 44 --cem-seed 44
435	tworoom	mppi_router_tau0.142	25	45	logs/rbZ_tworoom_mppi_router_tau0.142_t25_seed45.log	python -m surveyor.envs.tworoom.eval --solver mppi --subgoal router+surveyor --gdm-ckpt gdm_tworoom_s10_gc_paired_e400v.pt --gdm-steps 50 --accept-tau 0.142 --receding-horizon 2 --mode long --goal-offset 25 --eval-budget 50 --h5 "$DATA/tworoom.h5" --source pretrained --encoder-id quentinll/lewm-tworooms --device cuda --eval-filter none --episode-min 4000 --goal-from-proprio --num-eval 64 --seed 45 --cem-seed 45
436	tworoom	mppi_router_tau0.142	25	46	logs/rbZ_tworoom_mppi_router_tau0.142_t25_seed46.log	python -m surveyor.envs.tworoom.eval --solver mppi --subgoal router+surveyor --gdm-ckpt gdm_tworoom_s10_gc_paired_e400v.pt --gdm-steps 50 --accept-tau 0.142 --receding-horizon 2 --mode long --goal-offset 25 --eval-budget 50 --h5 "$DATA/tworoom.h5" --source pretrained --encoder-id quentinll/lewm-tworooms --device cuda --eval-filter none --episode-min 4000 --goal-from-proprio --num-eval 64 --seed 46 --cem-seed 46
437	tworoom	mppi_router_tau0.142	25	47	logs/rbZ_tworoom_mppi_router_tau0.142_t25_seed47.log	python -m surveyor.envs.tworoom.eval --solver mppi --subgoal router+surveyor --gdm-ckpt gdm_tworoom_s10_gc_paired_e400v.pt --gdm-steps 50 --accept-tau 0.142 --receding-horizon 2 --mode long --goal-offset 25 --eval-budget 50 --h5 "$DATA/tworoom.h5" --source pretrained --encoder-id quentinll/lewm-tworooms --device cuda --eval-filter none --episode-min 4000 --goal-from-proprio --num-eval 64 --seed 47 --cem-seed 47
438	tworoom	mppi_router_tau0.142	25	48	logs/rbZ_tworoom_mppi_router_tau0.142_t25_seed48.log	python -m surveyor.envs.tworoom.eval --solver mppi --subgoal router+surveyor --gdm-ckpt gdm_tworoom_s10_gc_paired_e400v.pt --gdm-steps 50 --accept-tau 0.142 --receding-horizon 2 --mode long --goal-offset 25 --eval-budget 50 --h5 "$DATA/tworoom.h5" --source pretrained --encoder-id quentinll/lewm-tworooms --device cuda --eval-filter none --episode-min 4000 --goal-from-proprio --num-eval 64 --seed 48 --cem-seed 48
439	tworoom	mppi_router_tau0.142	25	49	logs/rbZ_tworoom_mppi_router_tau0.142_t25_seed49.log	python -m surveyor.envs.tworoom.eval --solver mppi --subgoal router+surveyor --gdm-ckpt gdm_tworoom_s10_gc_paired_e400v.pt --gdm-steps 50 --accept-tau 0.142 --receding-horizon 2 --mode long --goal-offset 25 --eval-budget 50 --h5 "$DATA/tworoom.h5" --source pretrained --encoder-id quentinll/lewm-tworooms --device cuda --eval-filter none --episode-min 4000 --goal-from-proprio --num-eval 64 --seed 49 --cem-seed 49
440	tworoom	mppi_router_tau0.142	75	42	logs/rbZ_tworoom_mppi_router_tau0.142_t75_seed42.log	python -m surveyor.envs.tworoom.eval --solver mppi --subgoal router+surveyor --gdm-ckpt gdm_tworoom_s10_gc_paired_e400v.pt --gdm-steps 50 --accept-tau 0.142 --receding-horizon 2 --mode long --goal-offset 75 --eval-budget 150 --h5 "$DATA/tworoom.h5" --source pretrained --encoder-id quentinll/lewm-tworooms --device cuda --eval-filter none --episode-min 4000 --goal-from-proprio --num-eval 64 --seed 42 --cem-seed 42
441	tworoom	mppi_router_tau0.142	75	43	logs/rbZ_tworoom_mppi_router_tau0.142_t75_seed43.log	python -m surveyor.envs.tworoom.eval --solver mppi --subgoal router+surveyor --gdm-ckpt gdm_tworoom_s10_gc_paired_e400v.pt --gdm-steps 50 --accept-tau 0.142 --receding-horizon 2 --mode long --goal-offset 75 --eval-budget 150 --h5 "$DATA/tworoom.h5" --source pretrained --encoder-id quentinll/lewm-tworooms --device cuda --eval-filter none --episode-min 4000 --goal-from-proprio --num-eval 64 --seed 43 --cem-seed 43
442	tworoom	mppi_router_tau0.142	75	44	logs/rbZ_tworoom_mppi_router_tau0.142_t75_seed44.log	python -m surveyor.envs.tworoom.eval --solver mppi --subgoal router+surveyor --gdm-ckpt gdm_tworoom_s10_gc_paired_e400v.pt --gdm-steps 50 --accept-tau 0.142 --receding-horizon 2 --mode long --goal-offset 75 --eval-budget 150 --h5 "$DATA/tworoom.h5" --source pretrained --encoder-id quentinll/lewm-tworooms --device cuda --eval-filter none --episode-min 4000 --goal-from-proprio --num-eval 64 --seed 44 --cem-seed 44
443	tworoom	mppi_router_tau0.142	75	45	logs/rbZ_tworoom_mppi_router_tau0.142_t75_seed45.log	python -m surveyor.envs.tworoom.eval --solver mppi --subgoal router+surveyor --gdm-ckpt gdm_tworoom_s10_gc_paired_e400v.pt --gdm-steps 50 --accept-tau 0.142 --receding-horizon 2 --mode long --goal-offset 75 --eval-budget 150 --h5 "$DATA/tworoom.h5" --source pretrained --encoder-id quentinll/lewm-tworooms --device cuda --eval-filter none --episode-min 4000 --goal-from-proprio --num-eval 64 --seed 45 --cem-seed 45
444	tworoom	mppi_router_tau0.142	75	46	logs/rbZ_tworoom_mppi_router_tau0.142_t75_seed46.log	python -m surveyor.envs.tworoom.eval --solver mppi --subgoal router+surveyor --gdm-ckpt gdm_tworoom_s10_gc_paired_e400v.pt --gdm-steps 50 --accept-tau 0.142 --receding-horizon 2 --mode long --goal-offset 75 --eval-budget 150 --h5 "$DATA/tworoom.h5" --source pretrained --encoder-id quentinll/lewm-tworooms --device cuda --eval-filter none --episode-min 4000 --goal-from-proprio --num-eval 64 --seed 46 --cem-seed 46
445	tworoom	mppi_router_tau0.142	75	47	logs/rbZ_tworoom_mppi_router_tau0.142_t75_seed47.log	python -m surveyor.envs.tworoom.eval --solver mppi --subgoal router+surveyor --gdm-ckpt gdm_tworoom_s10_gc_paired_e400v.pt --gdm-steps 50 --accept-tau 0.142 --receding-horizon 2 --mode long --goal-offset 75 --eval-budget 150 --h5 "$DATA/tworoom.h5" --source pretrained --encoder-id quentinll/lewm-tworooms --device cuda --eval-filter none --episode-min 4000 --goal-from-proprio --num-eval 64 --seed 47 --cem-seed 47
446	tworoom	mppi_router_tau0.142	75	48	logs/rbZ_tworoom_mppi_router_tau0.142_t75_seed48.log	python -m surveyor.envs.tworoom.eval --solver mppi --subgoal router+surveyor --gdm-ckpt gdm_tworoom_s10_gc_paired_e400v.pt --gdm-steps 50 --accept-tau 0.142 --receding-horizon 2 --mode long --goal-offset 75 --eval-budget 150 --h5 "$DATA/tworoom.h5" --source pretrained --encoder-id quentinll/lewm-tworooms --device cuda --eval-filter none --episode-min 4000 --goal-from-proprio --num-eval 64 --seed 48 --cem-seed 48
447	tworoom	mppi_router_tau0.142	75	49	logs/rbZ_tworoom_mppi_router_tau0.142_t75_seed49.log	python -m surveyor.envs.tworoom.eval --solver mppi --subgoal router+surveyor --gdm-ckpt gdm_tworoom_s10_gc_paired_e400v.pt --gdm-steps 50 --accept-tau 0.142 --receding-horizon 2 --mode long --goal-offset 75 --eval-budget 150 --h5 "$DATA/tworoom.h5" --source pretrained --encoder-id quentinll/lewm-tworooms --device cuda --eval-filter none --episode-min 4000 --goal-from-proprio --num-eval 64 --seed 49 --cem-seed 49
448	tworoom	pair_accept_tau0.142	25	42	logs/rbZ_tworoom_pair_accept_tau0.142_t25_seed42.log	python -m surveyor.envs.tworoom.eval --subgoal paired+surveyor --gdm-ckpt gdm_tworoom_s10_gc_paired_e400v.pt --gdm-steps 50 --accept-tau 0.142 --receding-horizon 2 --mode long --goal-offset 25 --eval-budget 50 --h5 "$DATA/tworoom.h5" --source pretrained --encoder-id quentinll/lewm-tworooms --device cuda --eval-filter none --episode-min 4000 --goal-from-proprio --num-eval 64 --seed 42 --cem-seed 42
449	tworoom	pair_accept_tau0.142	25	43	logs/rbZ_tworoom_pair_accept_tau0.142_t25_seed43.log	python -m surveyor.envs.tworoom.eval --subgoal paired+surveyor --gdm-ckpt gdm_tworoom_s10_gc_paired_e400v.pt --gdm-steps 50 --accept-tau 0.142 --receding-horizon 2 --mode long --goal-offset 25 --eval-budget 50 --h5 "$DATA/tworoom.h5" --source pretrained --encoder-id quentinll/lewm-tworooms --device cuda --eval-filter none --episode-min 4000 --goal-from-proprio --num-eval 64 --seed 43 --cem-seed 43
450	tworoom	pair_accept_tau0.142	25	44	logs/rbZ_tworoom_pair_accept_tau0.142_t25_seed44.log	python -m surveyor.envs.tworoom.eval --subgoal paired+surveyor --gdm-ckpt gdm_tworoom_s10_gc_paired_e400v.pt --gdm-steps 50 --accept-tau 0.142 --receding-horizon 2 --mode long --goal-offset 25 --eval-budget 50 --h5 "$DATA/tworoom.h5" --source pretrained --encoder-id quentinll/lewm-tworooms --device cuda --eval-filter none --episode-min 4000 --goal-from-proprio --num-eval 64 --seed 44 --cem-seed 44
451	tworoom	pair_accept_tau0.142	25	45	logs/rbZ_tworoom_pair_accept_tau0.142_t25_seed45.log	python -m surveyor.envs.tworoom.eval --subgoal paired+surveyor --gdm-ckpt gdm_tworoom_s10_gc_paired_e400v.pt --gdm-steps 50 --accept-tau 0.142 --receding-horizon 2 --mode long --goal-offset 25 --eval-budget 50 --h5 "$DATA/tworoom.h5" --source pretrained --encoder-id quentinll/lewm-tworooms --device cuda --eval-filter none --episode-min 4000 --goal-from-proprio --num-eval 64 --seed 45 --cem-seed 45
452	tworoom	pair_accept_tau0.142	25	46	logs/rbZ_tworoom_pair_accept_tau0.142_t25_seed46.log	python -m surveyor.envs.tworoom.eval --subgoal paired+surveyor --gdm-ckpt gdm_tworoom_s10_gc_paired_e400v.pt --gdm-steps 50 --accept-tau 0.142 --receding-horizon 2 --mode long --goal-offset 25 --eval-budget 50 --h5 "$DATA/tworoom.h5" --source pretrained --encoder-id quentinll/lewm-tworooms --device cuda --eval-filter none --episode-min 4000 --goal-from-proprio --num-eval 64 --seed 46 --cem-seed 46
453	tworoom	pair_accept_tau0.142	25	47	logs/rbZ_tworoom_pair_accept_tau0.142_t25_seed47.log	python -m surveyor.envs.tworoom.eval --subgoal paired+surveyor --gdm-ckpt gdm_tworoom_s10_gc_paired_e400v.pt --gdm-steps 50 --accept-tau 0.142 --receding-horizon 2 --mode long --goal-offset 25 --eval-budget 50 --h5 "$DATA/tworoom.h5" --source pretrained --encoder-id quentinll/lewm-tworooms --device cuda --eval-filter none --episode-min 4000 --goal-from-proprio --num-eval 64 --seed 47 --cem-seed 47
454	tworoom	pair_accept_tau0.142	25	48	logs/rbZ_tworoom_pair_accept_tau0.142_t25_seed48.log	python -m surveyor.envs.tworoom.eval --subgoal paired+surveyor --gdm-ckpt gdm_tworoom_s10_gc_paired_e400v.pt --gdm-steps 50 --accept-tau 0.142 --receding-horizon 2 --mode long --goal-offset 25 --eval-budget 50 --h5 "$DATA/tworoom.h5" --source pretrained --encoder-id quentinll/lewm-tworooms --device cuda --eval-filter none --episode-min 4000 --goal-from-proprio --num-eval 64 --seed 48 --cem-seed 48
455	tworoom	pair_accept_tau0.142	25	49	logs/rbZ_tworoom_pair_accept_tau0.142_t25_seed49.log	python -m surveyor.envs.tworoom.eval --subgoal paired+surveyor --gdm-ckpt gdm_tworoom_s10_gc_paired_e400v.pt --gdm-steps 50 --accept-tau 0.142 --receding-horizon 2 --mode long --goal-offset 25 --eval-budget 50 --h5 "$DATA/tworoom.h5" --source pretrained --encoder-id quentinll/lewm-tworooms --device cuda --eval-filter none --episode-min 4000 --goal-from-proprio --num-eval 64 --seed 49 --cem-seed 49
456	tworoom	pair_accept_tau0.142	75	42	logs/rbZ_tworoom_pair_accept_tau0.142_t75_seed42.log	python -m surveyor.envs.tworoom.eval --subgoal paired+surveyor --gdm-ckpt gdm_tworoom_s10_gc_paired_e400v.pt --gdm-steps 50 --accept-tau 0.142 --receding-horizon 2 --mode long --goal-offset 75 --eval-budget 150 --h5 "$DATA/tworoom.h5" --source pretrained --encoder-id quentinll/lewm-tworooms --device cuda --eval-filter none --episode-min 4000 --goal-from-proprio --num-eval 64 --seed 42 --cem-seed 42
457	tworoom	pair_accept_tau0.142	75	43	logs/rbZ_tworoom_pair_accept_tau0.142_t75_seed43.log	python -m surveyor.envs.tworoom.eval --subgoal paired+surveyor --gdm-ckpt gdm_tworoom_s10_gc_paired_e400v.pt --gdm-steps 50 --accept-tau 0.142 --receding-horizon 2 --mode long --goal-offset 75 --eval-budget 150 --h5 "$DATA/tworoom.h5" --source pretrained --encoder-id quentinll/lewm-tworooms --device cuda --eval-filter none --episode-min 4000 --goal-from-proprio --num-eval 64 --seed 43 --cem-seed 43
458	tworoom	pair_accept_tau0.142	75	44	logs/rbZ_tworoom_pair_accept_tau0.142_t75_seed44.log	python -m surveyor.envs.tworoom.eval --subgoal paired+surveyor --gdm-ckpt gdm_tworoom_s10_gc_paired_e400v.pt --gdm-steps 50 --accept-tau 0.142 --receding-horizon 2 --mode long --goal-offset 75 --eval-budget 150 --h5 "$DATA/tworoom.h5" --source pretrained --encoder-id quentinll/lewm-tworooms --device cuda --eval-filter none --episode-min 4000 --goal-from-proprio --num-eval 64 --seed 44 --cem-seed 44
459	tworoom	pair_accept_tau0.142	75	45	logs/rbZ_tworoom_pair_accept_tau0.142_t75_seed45.log	python -m surveyor.envs.tworoom.eval --subgoal paired+surveyor --gdm-ckpt gdm_tworoom_s10_gc_paired_e400v.pt --gdm-steps 50 --accept-tau 0.142 --receding-horizon 2 --mode long --goal-offset 75 --eval-budget 150 --h5 "$DATA/tworoom.h5" --source pretrained --encoder-id quentinll/lewm-tworooms --device cuda --eval-filter none --episode-min 4000 --goal-from-proprio --num-eval 64 --seed 45 --cem-seed 45
460	tworoom	pair_accept_tau0.142	75	46	logs/rbZ_tworoom_pair_accept_tau0.142_t75_seed46.log	python -m surveyor.envs.tworoom.eval --subgoal paired+surveyor --gdm-ckpt gdm_tworoom_s10_gc_paired_e400v.pt --gdm-steps 50 --accept-tau 0.142 --receding-horizon 2 --mode long --goal-offset 75 --eval-budget 150 --h5 "$DATA/tworoom.h5" --source pretrained --encoder-id quentinll/lewm-tworooms --device cuda --eval-filter none --episode-min 4000 --goal-from-proprio --num-eval 64 --seed 46 --cem-seed 46
461	tworoom	pair_accept_tau0.142	75	47	logs/rbZ_tworoom_pair_accept_tau0.142_t75_seed47.log	python -m surveyor.envs.tworoom.eval --subgoal paired+surveyor --gdm-ckpt gdm_tworoom_s10_gc_paired_e400v.pt --gdm-steps 50 --accept-tau 0.142 --receding-horizon 2 --mode long --goal-offset 75 --eval-budget 150 --h5 "$DATA/tworoom.h5" --source pretrained --encoder-id quentinll/lewm-tworooms --device cuda --eval-filter none --episode-min 4000 --goal-from-proprio --num-eval 64 --seed 47 --cem-seed 47
462	tworoom	pair_accept_tau0.142	75	48	logs/rbZ_tworoom_pair_accept_tau0.142_t75_seed48.log	python -m surveyor.envs.tworoom.eval --subgoal paired+surveyor --gdm-ckpt gdm_tworoom_s10_gc_paired_e400v.pt --gdm-steps 50 --accept-tau 0.142 --receding-horizon 2 --mode long --goal-offset 75 --eval-budget 150 --h5 "$DATA/tworoom.h5" --source pretrained --encoder-id quentinll/lewm-tworooms --device cuda --eval-filter none --episode-min 4000 --goal-from-proprio --num-eval 64 --seed 48 --cem-seed 48
463	tworoom	pair_accept_tau0.142	75	49	logs/rbZ_tworoom_pair_accept_tau0.142_t75_seed49.log	python -m surveyor.envs.tworoom.eval --subgoal paired+surveyor --gdm-ckpt gdm_tworoom_s10_gc_paired_e400v.pt --gdm-steps 50 --accept-tau 0.142 --receding-horizon 2 --mode long --goal-offset 75 --eval-budget 150 --h5 "$DATA/tworoom.h5" --source pretrained --encoder-id quentinll/lewm-tworooms --device cuda --eval-filter none --episode-min 4000 --goal-from-proprio --num-eval 64 --seed 49 --cem-seed 49
464	tworoom	router_tau0.142	25	42	logs/rbZ_tworoom_router_tau0.142_t25_seed42.log	python -m surveyor.envs.tworoom.eval --subgoal router+surveyor --gdm-ckpt gdm_tworoom_s10_gc_paired_e400v.pt --gdm-steps 50 --accept-tau 0.142 --receding-horizon 2 --mode long --goal-offset 25 --eval-budget 50 --h5 "$DATA/tworoom.h5" --source pretrained --encoder-id quentinll/lewm-tworooms --device cuda --eval-filter none --episode-min 4000 --goal-from-proprio --num-eval 64 --seed 42 --cem-seed 42
465	tworoom	router_tau0.142	25	43	logs/rbZ_tworoom_router_tau0.142_t25_seed43.log	python -m surveyor.envs.tworoom.eval --subgoal router+surveyor --gdm-ckpt gdm_tworoom_s10_gc_paired_e400v.pt --gdm-steps 50 --accept-tau 0.142 --receding-horizon 2 --mode long --goal-offset 25 --eval-budget 50 --h5 "$DATA/tworoom.h5" --source pretrained --encoder-id quentinll/lewm-tworooms --device cuda --eval-filter none --episode-min 4000 --goal-from-proprio --num-eval 64 --seed 43 --cem-seed 43
466	tworoom	router_tau0.142	25	44	logs/rbZ_tworoom_router_tau0.142_t25_seed44.log	python -m surveyor.envs.tworoom.eval --subgoal router+surveyor --gdm-ckpt gdm_tworoom_s10_gc_paired_e400v.pt --gdm-steps 50 --accept-tau 0.142 --receding-horizon 2 --mode long --goal-offset 25 --eval-budget 50 --h5 "$DATA/tworoom.h5" --source pretrained --encoder-id quentinll/lewm-tworooms --device cuda --eval-filter none --episode-min 4000 --goal-from-proprio --num-eval 64 --seed 44 --cem-seed 44
467	tworoom	router_tau0.142	25	45	logs/rbZ_tworoom_router_tau0.142_t25_seed45.log	python -m surveyor.envs.tworoom.eval --subgoal router+surveyor --gdm-ckpt gdm_tworoom_s10_gc_paired_e400v.pt --gdm-steps 50 --accept-tau 0.142 --receding-horizon 2 --mode long --goal-offset 25 --eval-budget 50 --h5 "$DATA/tworoom.h5" --source pretrained --encoder-id quentinll/lewm-tworooms --device cuda --eval-filter none --episode-min 4000 --goal-from-proprio --num-eval 64 --seed 45 --cem-seed 45
468	tworoom	router_tau0.142	25	46	logs/rbZ_tworoom_router_tau0.142_t25_seed46.log	python -m surveyor.envs.tworoom.eval --subgoal router+surveyor --gdm-ckpt gdm_tworoom_s10_gc_paired_e400v.pt --gdm-steps 50 --accept-tau 0.142 --receding-horizon 2 --mode long --goal-offset 25 --eval-budget 50 --h5 "$DATA/tworoom.h5" --source pretrained --encoder-id quentinll/lewm-tworooms --device cuda --eval-filter none --episode-min 4000 --goal-from-proprio --num-eval 64 --seed 46 --cem-seed 46
469	tworoom	router_tau0.142	25	47	logs/rbZ_tworoom_router_tau0.142_t25_seed47.log	python -m surveyor.envs.tworoom.eval --subgoal router+surveyor --gdm-ckpt gdm_tworoom_s10_gc_paired_e400v.pt --gdm-steps 50 --accept-tau 0.142 --receding-horizon 2 --mode long --goal-offset 25 --eval-budget 50 --h5 "$DATA/tworoom.h5" --source pretrained --encoder-id quentinll/lewm-tworooms --device cuda --eval-filter none --episode-min 4000 --goal-from-proprio --num-eval 64 --seed 47 --cem-seed 47
470	tworoom	router_tau0.142	25	48	logs/rbZ_tworoom_router_tau0.142_t25_seed48.log	python -m surveyor.envs.tworoom.eval --subgoal router+surveyor --gdm-ckpt gdm_tworoom_s10_gc_paired_e400v.pt --gdm-steps 50 --accept-tau 0.142 --receding-horizon 2 --mode long --goal-offset 25 --eval-budget 50 --h5 "$DATA/tworoom.h5" --source pretrained --encoder-id quentinll/lewm-tworooms --device cuda --eval-filter none --episode-min 4000 --goal-from-proprio --num-eval 64 --seed 48 --cem-seed 48
471	tworoom	router_tau0.142	25	49	logs/rbZ_tworoom_router_tau0.142_t25_seed49.log	python -m surveyor.envs.tworoom.eval --subgoal router+surveyor --gdm-ckpt gdm_tworoom_s10_gc_paired_e400v.pt --gdm-steps 50 --accept-tau 0.142 --receding-horizon 2 --mode long --goal-offset 25 --eval-budget 50 --h5 "$DATA/tworoom.h5" --source pretrained --encoder-id quentinll/lewm-tworooms --device cuda --eval-filter none --episode-min 4000 --goal-from-proprio --num-eval 64 --seed 49 --cem-seed 49
472	tworoom	router_tau0.142	75	42	logs/rbZ_tworoom_router_tau0.142_t75_seed42.log	python -m surveyor.envs.tworoom.eval --subgoal router+surveyor --gdm-ckpt gdm_tworoom_s10_gc_paired_e400v.pt --gdm-steps 50 --accept-tau 0.142 --receding-horizon 2 --mode long --goal-offset 75 --eval-budget 150 --h5 "$DATA/tworoom.h5" --source pretrained --encoder-id quentinll/lewm-tworooms --device cuda --eval-filter none --episode-min 4000 --goal-from-proprio --num-eval 64 --seed 42 --cem-seed 42
473	tworoom	router_tau0.142	75	43	logs/rbZ_tworoom_router_tau0.142_t75_seed43.log	python -m surveyor.envs.tworoom.eval --subgoal router+surveyor --gdm-ckpt gdm_tworoom_s10_gc_paired_e400v.pt --gdm-steps 50 --accept-tau 0.142 --receding-horizon 2 --mode long --goal-offset 75 --eval-budget 150 --h5 "$DATA/tworoom.h5" --source pretrained --encoder-id quentinll/lewm-tworooms --device cuda --eval-filter none --episode-min 4000 --goal-from-proprio --num-eval 64 --seed 43 --cem-seed 43
474	tworoom	router_tau0.142	75	44	logs/rbZ_tworoom_router_tau0.142_t75_seed44.log	python -m surveyor.envs.tworoom.eval --subgoal router+surveyor --gdm-ckpt gdm_tworoom_s10_gc_paired_e400v.pt --gdm-steps 50 --accept-tau 0.142 --receding-horizon 2 --mode long --goal-offset 75 --eval-budget 150 --h5 "$DATA/tworoom.h5" --source pretrained --encoder-id quentinll/lewm-tworooms --device cuda --eval-filter none --episode-min 4000 --goal-from-proprio --num-eval 64 --seed 44 --cem-seed 44
475	tworoom	router_tau0.142	75	45	logs/rbZ_tworoom_router_tau0.142_t75_seed45.log	python -m surveyor.envs.tworoom.eval --subgoal router+surveyor --gdm-ckpt gdm_tworoom_s10_gc_paired_e400v.pt --gdm-steps 50 --accept-tau 0.142 --receding-horizon 2 --mode long --goal-offset 75 --eval-budget 150 --h5 "$DATA/tworoom.h5" --source pretrained --encoder-id quentinll/lewm-tworooms --device cuda --eval-filter none --episode-min 4000 --goal-from-proprio --num-eval 64 --seed 45 --cem-seed 45
476	tworoom	router_tau0.142	75	46	logs/rbZ_tworoom_router_tau0.142_t75_seed46.log	python -m surveyor.envs.tworoom.eval --subgoal router+surveyor --gdm-ckpt gdm_tworoom_s10_gc_paired_e400v.pt --gdm-steps 50 --accept-tau 0.142 --receding-horizon 2 --mode long --goal-offset 75 --eval-budget 150 --h5 "$DATA/tworoom.h5" --source pretrained --encoder-id quentinll/lewm-tworooms --device cuda --eval-filter none --episode-min 4000 --goal-from-proprio --num-eval 64 --seed 46 --cem-seed 46
477	tworoom	router_tau0.142	75	47	logs/rbZ_tworoom_router_tau0.142_t75_seed47.log	python -m surveyor.envs.tworoom.eval --subgoal router+surveyor --gdm-ckpt gdm_tworoom_s10_gc_paired_e400v.pt --gdm-steps 50 --accept-tau 0.142 --receding-horizon 2 --mode long --goal-offset 75 --eval-budget 150 --h5 "$DATA/tworoom.h5" --source pretrained --encoder-id quentinll/lewm-tworooms --device cuda --eval-filter none --episode-min 4000 --goal-from-proprio --num-eval 64 --seed 47 --cem-seed 47
478	tworoom	router_tau0.142	75	48	logs/rbZ_tworoom_router_tau0.142_t75_seed48.log	python -m surveyor.envs.tworoom.eval --subgoal router+surveyor --gdm-ckpt gdm_tworoom_s10_gc_paired_e400v.pt --gdm-steps 50 --accept-tau 0.142 --receding-horizon 2 --mode long --goal-offset 75 --eval-budget 150 --h5 "$DATA/tworoom.h5" --source pretrained --encoder-id quentinll/lewm-tworooms --device cuda --eval-filter none --episode-min 4000 --goal-from-proprio --num-eval 64 --seed 48 --cem-seed 48
479	tworoom	router_tau0.142	75	49	logs/rbZ_tworoom_router_tau0.142_t75_seed49.log	python -m surveyor.envs.tworoom.eval --subgoal router+surveyor --gdm-ckpt gdm_tworoom_s10_gc_paired_e400v.pt --gdm-steps 50 --accept-tau 0.142 --receding-horizon 2 --mode long --goal-offset 75 --eval-budget 150 --h5 "$DATA/tworoom.h5" --source pretrained --encoder-id quentinll/lewm-tworooms --device cuda --eval-filter none --episode-min 4000 --goal-from-proprio --num-eval 64 --seed 49 --cem-seed 49
