idx	env	arm	t	seed	log	cmd
0	pusht	flat_rh2_cb5	25	42	logs/rbCB2_pusht_flat_rh2_cb5_t25_seed42.log	python -m surveyor.envs.pusht.eval --subgoal flat --horizon 2 --receding-horizon 2 --source pretrained --h5 pusht_c2222.h5 --device cuda --mode long --episodes-file episodes/pusht_c2222.episodes25.json --goal-offset 25 --eval-budget 50 --num-eval 256 --score block --angles 20 5 --seed 42 --cem-seed 42 --num-samples 5 --n-steps 1 --topk 2
1	pusht	flat_rh2_cb5	25	43	logs/rbCB2_pusht_flat_rh2_cb5_t25_seed43.log	python -m surveyor.envs.pusht.eval --subgoal flat --horizon 2 --receding-horizon 2 --source pretrained --h5 pusht_c2222.h5 --device cuda --mode long --episodes-file episodes/pusht_c2222.episodes25.json --goal-offset 25 --eval-budget 50 --num-eval 256 --score block --angles 20 5 --seed 43 --cem-seed 43 --num-samples 5 --n-steps 1 --topk 2
2	pusht	flat_rh2_cb5	25	44	logs/rbCB2_pusht_flat_rh2_cb5_t25_seed44.log	python -m surveyor.envs.pusht.eval --subgoal flat --horizon 2 --receding-horizon 2 --source pretrained --h5 pusht_c2222.h5 --device cuda --mode long --episodes-file episodes/pusht_c2222.episodes25.json --goal-offset 25 --eval-budget 50 --num-eval 256 --score block --angles 20 5 --seed 44 --cem-seed 44 --num-samples 5 --n-steps 1 --topk 2
3	pusht	flat_rh2_cb5	25	45	logs/rbCB2_pusht_flat_rh2_cb5_t25_seed45.log	python -m surveyor.envs.pusht.eval --subgoal flat --horizon 2 --receding-horizon 2 --source pretrained --h5 pusht_c2222.h5 --device cuda --mode long --episodes-file episodes/pusht_c2222.episodes25.json --goal-offset 25 --eval-budget 50 --num-eval 256 --score block --angles 20 5 --seed 45 --cem-seed 45 --num-samples 5 --n-steps 1 --topk 2
4	pusht	flat_rh2_cb5	25	46	logs/rbCB2_pusht_flat_rh2_cb5_t25_seed46.log	python -m surveyor.envs.pusht.eval --subgoal flat --horizon 2 --receding-horizon 2 --source pretrained --h5 pusht_c2222.h5 --device cuda --mode long --episodes-file episodes/pusht_c2222.episodes25.json --goal-offset 25 --eval-budget 50 --num-eval 256 --score block --angles 20 5 --seed 46 --cem-seed 46 --num-samples 5 --n-steps 1 --topk 2
5	pusht	flat_rh2_cb5	25	47	logs/rbCB2_pusht_flat_rh2_cb5_t25_seed47.log	python -m surveyor.envs.pusht.eval --subgoal flat --horizon 2 --receding-horizon 2 --source pretrained --h5 pusht_c2222.h5 --device cuda --mode long --episodes-file episodes/pusht_c2222.episodes25.json --goal-offset 25 --eval-budget 50 --num-eval 256 --score block --angles 20 5 --seed 47 --cem-seed 47 --num-samples 5 --n-steps 1 --topk 2
6	pusht	flat_rh2_cb5	25	48	logs/rbCB2_pusht_flat_rh2_cb5_t25_seed48.log	python -m surveyor.envs.pusht.eval --subgoal flat --horizon 2 --receding-horizon 2 --source pretrained --h5 pusht_c2222.h5 --device cuda --mode long --episodes-file episodes/pusht_c2222.episodes25.json --goal-offset 25 --eval-budget 50 --num-eval 256 --score block --angles 20 5 --seed 48 --cem-seed 48 --num-samples 5 --n-steps 1 --topk 2
7	pusht	flat_rh2_cb5	25	49	logs/rbCB2_pusht_flat_rh2_cb5_t25_seed49.log	python -m surveyor.envs.pusht.eval --subgoal flat --horizon 2 --receding-horizon 2 --source pretrained --h5 pusht_c2222.h5 --device cuda --mode long --episodes-file episodes/pusht_c2222.episodes25.json --goal-offset 25 --eval-budget 50 --num-eval 256 --score block --angles 20 5 --seed 49 --cem-seed 49 --num-samples 5 --n-steps 1 --topk 2
8	pusht	flat_rh2_cb6	25	42	logs/rbCB2_pusht_flat_rh2_cb6_t25_seed42.log	python -m surveyor.envs.pusht.eval --subgoal flat --horizon 2 --receding-horizon 2 --source pretrained --h5 pusht_c2222.h5 --device cuda --mode long --episodes-file episodes/pusht_c2222.episodes25.json --goal-offset 25 --eval-budget 50 --num-eval 256 --score block --angles 20 5 --seed 42 --cem-seed 42 --num-samples 2 --n-steps 1 --topk 1
9	pusht	flat_rh2_cb6	25	43	logs/rbCB2_pusht_flat_rh2_cb6_t25_seed43.log	python -m surveyor.envs.pusht.eval --subgoal flat --horizon 2 --receding-horizon 2 --source pretrained --h5 pusht_c2222.h5 --device cuda --mode long --episodes-file episodes/pusht_c2222.episodes25.json --goal-offset 25 --eval-budget 50 --num-eval 256 --score block --angles 20 5 --seed 43 --cem-seed 43 --num-samples 2 --n-steps 1 --topk 1
10	pusht	flat_rh2_cb6	25	44	logs/rbCB2_pusht_flat_rh2_cb6_t25_seed44.log	python -m surveyor.envs.pusht.eval --subgoal flat --horizon 2 --receding-horizon 2 --source pretrained --h5 pusht_c2222.h5 --device cuda --mode long --episodes-file episodes/pusht_c2222.episodes25.json --goal-offset 25 --eval-budget 50 --num-eval 256 --score block --angles 20 5 --seed 44 --cem-seed 44 --num-samples 2 --n-steps 1 --topk 1
11	pusht	flat_rh2_cb6	25	45	logs/rbCB2_pusht_flat_rh2_cb6_t25_seed45.log	python -m surveyor.envs.pusht.eval --subgoal flat --horizon 2 --receding-horizon 2 --source pretrained --h5 pusht_c2222.h5 --device cuda --mode long --episodes-file episodes/pusht_c2222.episodes25.json --goal-offset 25 --eval-budget 50 --num-eval 256 --score block --angles 20 5 --seed 45 --cem-seed 45 --num-samples 2 --n-steps 1 --topk 1
12	pusht	flat_rh2_cb6	25	46	logs/rbCB2_pusht_flat_rh2_cb6_t25_seed46.log	python -m surveyor.envs.pusht.eval --subgoal flat --horizon 2 --receding-horizon 2 --source pretrained --h5 pusht_c2222.h5 --device cuda --mode long --episodes-file episodes/pusht_c2222.episodes25.json --goal-offset 25 --eval-budget 50 --num-eval 256 --score block --angles 20 5 --seed 46 --cem-seed 46 --num-samples 2 --n-steps 1 --topk 1
13	pusht	flat_rh2_cb6	25	47	logs/rbCB2_pusht_flat_rh2_cb6_t25_seed47.log	python -m surveyor.envs.pusht.eval --subgoal flat --horizon 2 --receding-horizon 2 --source pretrained --h5 pusht_c2222.h5 --device cuda --mode long --episodes-file episodes/pusht_c2222.episodes25.json --goal-offset 25 --eval-budget 50 --num-eval 256 --score block --angles 20 5 --seed 47 --cem-seed 47 --num-samples 2 --n-steps 1 --topk 1
14	pusht	flat_rh2_cb6	25	48	logs/rbCB2_pusht_flat_rh2_cb6_t25_seed48.log	python -m surveyor.envs.pusht.eval --subgoal flat --horizon 2 --receding-horizon 2 --source pretrained --h5 pusht_c2222.h5 --device cuda --mode long --episodes-file episodes/pusht_c2222.episodes25.json --goal-offset 25 --eval-budget 50 --num-eval 256 --score block --angles 20 5 --seed 48 --cem-seed 48 --num-samples 2 --n-steps 1 --topk 1
15	pusht	flat_rh2_cb6	25	49	logs/rbCB2_pusht_flat_rh2_cb6_t25_seed49.log	python -m surveyor.envs.pusht.eval --subgoal flat --horizon 2 --receding-horizon 2 --source pretrained --h5 pusht_c2222.h5 --device cuda --mode long --episodes-file episodes/pusht_c2222.episodes25.json --goal-offset 25 --eval-budget 50 --num-eval 256 --score block --angles 20 5 --seed 49 --cem-seed 49 --num-samples 2 --n-steps 1 --topk 1
16	pusht	icem_flat_rh2_cb1	25	42	logs/rbCB2_pusht_icem_flat_rh2_cb1_t25_seed42.log	python -m surveyor.envs.pusht.eval --solver icem --subgoal flat --horizon 2 --receding-horizon 2 --source pretrained --h5 pusht_c2222.h5 --device cuda --mode long --episodes-file episodes/pusht_c2222.episodes25.json --goal-offset 25 --eval-budget 50 --num-eval 256 --score block --angles 20 5 --seed 42 --cem-seed 42 --num-samples 100 --n-steps 10 --topk 10
17	pusht	icem_flat_rh2_cb1	25	43	logs/rbCB2_pusht_icem_flat_rh2_cb1_t25_seed43.log	python -m surveyor.envs.pusht.eval --solver icem --subgoal flat --horizon 2 --receding-horizon 2 --source pretrained --h5 pusht_c2222.h5 --device cuda --mode long --episodes-file episodes/pusht_c2222.episodes25.json --goal-offset 25 --eval-budget 50 --num-eval 256 --score block --angles 20 5 --seed 43 --cem-seed 43 --num-samples 100 --n-steps 10 --topk 10
18	pusht	icem_flat_rh2_cb1	25	44	logs/rbCB2_pusht_icem_flat_rh2_cb1_t25_seed44.log	python -m surveyor.envs.pusht.eval --solver icem --subgoal flat --horizon 2 --receding-horizon 2 --source pretrained --h5 pusht_c2222.h5 --device cuda --mode long --episodes-file episodes/pusht_c2222.episodes25.json --goal-offset 25 --eval-budget 50 --num-eval 256 --score block --angles 20 5 --seed 44 --cem-seed 44 --num-samples 100 --n-steps 10 --topk 10
19	pusht	icem_flat_rh2_cb1	25	45	logs/rbCB2_pusht_icem_flat_rh2_cb1_t25_seed45.log	python -m surveyor.envs.pusht.eval --solver icem --subgoal flat --horizon 2 --receding-horizon 2 --source pretrained --h5 pusht_c2222.h5 --device cuda --mode long --episodes-file episodes/pusht_c2222.episodes25.json --goal-offset 25 --eval-budget 50 --num-eval 256 --score block --angles 20 5 --seed 45 --cem-seed 45 --num-samples 100 --n-steps 10 --topk 10
20	pusht	icem_flat_rh2_cb1	25	46	logs/rbCB2_pusht_icem_flat_rh2_cb1_t25_seed46.log	python -m surveyor.envs.pusht.eval --solver icem --subgoal flat --horizon 2 --receding-horizon 2 --source pretrained --h5 pusht_c2222.h5 --device cuda --mode long --episodes-file episodes/pusht_c2222.episodes25.json --goal-offset 25 --eval-budget 50 --num-eval 256 --score block --angles 20 5 --seed 46 --cem-seed 46 --num-samples 100 --n-steps 10 --topk 10
21	pusht	icem_flat_rh2_cb1	25	47	logs/rbCB2_pusht_icem_flat_rh2_cb1_t25_seed47.log	python -m surveyor.envs.pusht.eval --solver icem --subgoal flat --horizon 2 --receding-horizon 2 --source pretrained --h5 pusht_c2222.h5 --device cuda --mode long --episodes-file episodes/pusht_c2222.episodes25.json --goal-offset 25 --eval-budget 50 --num-eval 256 --score block --angles 20 5 --seed 47 --cem-seed 47 --num-samples 100 --n-steps 10 --topk 10
22	pusht	icem_flat_rh2_cb1	25	48	logs/rbCB2_pusht_icem_flat_rh2_cb1_t25_seed48.log	python -m surveyor.envs.pusht.eval --solver icem --subgoal flat --horizon 2 --receding-horizon 2 --source pretrained --h5 pusht_c2222.h5 --device cuda --mode long --episodes-file episodes/pusht_c2222.episodes25.json --goal-offset 25 --eval-budget 50 --num-eval 256 --score block --angles 20 5 --seed 48 --cem-seed 48 --num-samples 100 --n-steps 10 --topk 10
23	pusht	icem_flat_rh2_cb1	25	49	logs/rbCB2_pusht_icem_flat_rh2_cb1_t25_seed49.log	python -m surveyor.envs.pusht.eval --solver icem --subgoal flat --horizon 2 --receding-horizon 2 --source pretrained --h5 pusht_c2222.h5 --device cuda --mode long --episodes-file episodes/pusht_c2222.episodes25.json --goal-offset 25 --eval-budget 50 --num-eval 256 --score block --angles 20 5 --seed 49 --cem-seed 49 --num-samples 100 --n-steps 10 --topk 10
24	pusht	icem_flat_rh2_cb2	25	42	logs/rbCB2_pusht_icem_flat_rh2_cb2_t25_seed42.log	python -m surveyor.envs.pusht.eval --solver icem --subgoal flat --horizon 2 --receding-horizon 2 --source pretrained --h5 pusht_c2222.h5 --device cuda --mode long --episodes-file episodes/pusht_c2222.episodes25.json --goal-offset 25 --eval-budget 50 --num-eval 256 --score block --angles 20 5 --seed 42 --cem-seed 42 --num-samples 30 --n-steps 5 --topk 3
25	pusht	icem_flat_rh2_cb2	25	43	logs/rbCB2_pusht_icem_flat_rh2_cb2_t25_seed43.log	python -m surveyor.envs.pusht.eval --solver icem --subgoal flat --horizon 2 --receding-horizon 2 --source pretrained --h5 pusht_c2222.h5 --device cuda --mode long --episodes-file episodes/pusht_c2222.episodes25.json --goal-offset 25 --eval-budget 50 --num-eval 256 --score block --angles 20 5 --seed 43 --cem-seed 43 --num-samples 30 --n-steps 5 --topk 3
26	pusht	icem_flat_rh2_cb2	25	44	logs/rbCB2_pusht_icem_flat_rh2_cb2_t25_seed44.log	python -m surveyor.envs.pusht.eval --solver icem --subgoal flat --horizon 2 --receding-horizon 2 --source pretrained --h5 pusht_c2222.h5 --device cuda --mode long --episodes-file episodes/pusht_c2222.episodes25.json --goal-offset 25 --eval-budget 50 --num-eval 256 --score block --angles 20 5 --seed 44 --cem-seed 44 --num-samples 30 --n-steps 5 --topk 3
27	pusht	icem_flat_rh2_cb2	25	45	logs/rbCB2_pusht_icem_flat_rh2_cb2_t25_seed45.log	python -m surveyor.envs.pusht.eval --solver icem --subgoal flat --horizon 2 --receding-horizon 2 --source pretrained --h5 pusht_c2222.h5 --device cuda --mode long --episodes-file episodes/pusht_c2222.episodes25.json --goal-offset 25 --eval-budget 50 --num-eval 256 --score block --angles 20 5 --seed 45 --cem-seed 45 --num-samples 30 --n-steps 5 --topk 3
28	pusht	icem_flat_rh2_cb2	25	46	logs/rbCB2_pusht_icem_flat_rh2_cb2_t25_seed46.log	python -m surveyor.envs.pusht.eval --solver icem --subgoal flat --horizon 2 --receding-horizon 2 --source pretrained --h5 pusht_c2222.h5 --device cuda --mode long --episodes-file episodes/pusht_c2222.episodes25.json --goal-offset 25 --eval-budget 50 --num-eval 256 --score block --angles 20 5 --seed 46 --cem-seed 46 --num-samples 30 --n-steps 5 --topk 3
29	pusht	icem_flat_rh2_cb2	25	47	logs/rbCB2_pusht_icem_flat_rh2_cb2_t25_seed47.log	python -m surveyor.envs.pusht.eval --solver icem --subgoal flat --horizon 2 --receding-horizon 2 --source pretrained --h5 pusht_c2222.h5 --device cuda --mode long --episodes-file episodes/pusht_c2222.episodes25.json --goal-offset 25 --eval-budget 50 --num-eval 256 --score block --angles 20 5 --seed 47 --cem-seed 47 --num-samples 30 --n-steps 5 --topk 3
30	pusht	icem_flat_rh2_cb2	25	48	logs/rbCB2_pusht_icem_flat_rh2_cb2_t25_seed48.log	python -m surveyor.envs.pusht.eval --solver icem --subgoal flat --horizon 2 --receding-horizon 2 --source pretrained --h5 pusht_c2222.h5 --device cuda --mode long --episodes-file episodes/pusht_c2222.episodes25.json --goal-offset 25 --eval-budget 50 --num-eval 256 --score block --angles 20 5 --seed 48 --cem-seed 48 --num-samples 30 --n-steps 5 --topk 3
31	pusht	icem_flat_rh2_cb2	25	49	logs/rbCB2_pusht_icem_flat_rh2_cb2_t25_seed49.log	python -m surveyor.envs.pusht.eval --solver icem --subgoal flat --horizon 2 --receding-horizon 2 --source pretrained --h5 pusht_c2222.h5 --device cuda --mode long --episodes-file episodes/pusht_c2222.episodes25.json --goal-offset 25 --eval-budget 50 --num-eval 256 --score block --angles 20 5 --seed 49 --cem-seed 49 --num-samples 30 --n-steps 5 --topk 3
32	pusht	icem_flat_rh2_cb3	25	42	logs/rbCB2_pusht_icem_flat_rh2_cb3_t25_seed42.log	python -m surveyor.envs.pusht.eval --solver icem --subgoal flat --horizon 2 --receding-horizon 2 --source pretrained --h5 pusht_c2222.h5 --device cuda --mode long --episodes-file episodes/pusht_c2222.episodes25.json --goal-offset 25 --eval-budget 50 --num-eval 256 --score block --angles 20 5 --seed 42 --cem-seed 42 --num-samples 10 --n-steps 3 --topk 2
33	pusht	icem_flat_rh2_cb3	25	43	logs/rbCB2_pusht_icem_flat_rh2_cb3_t25_seed43.log	python -m surveyor.envs.pusht.eval --solver icem --subgoal flat --horizon 2 --receding-horizon 2 --source pretrained --h5 pusht_c2222.h5 --device cuda --mode long --episodes-file episodes/pusht_c2222.episodes25.json --goal-offset 25 --eval-budget 50 --num-eval 256 --score block --angles 20 5 --seed 43 --cem-seed 43 --num-samples 10 --n-steps 3 --topk 2
34	pusht	icem_flat_rh2_cb3	25	44	logs/rbCB2_pusht_icem_flat_rh2_cb3_t25_seed44.log	python -m surveyor.envs.pusht.eval --solver icem --subgoal flat --horizon 2 --receding-horizon 2 --source pretrained --h5 pusht_c2222.h5 --device cuda --mode long --episodes-file episodes/pusht_c2222.episodes25.json --goal-offset 25 --eval-budget 50 --num-eval 256 --score block --angles 20 5 --seed 44 --cem-seed 44 --num-samples 10 --n-steps 3 --topk 2
35	pusht	icem_flat_rh2_cb3	25	45	logs/rbCB2_pusht_icem_flat_rh2_cb3_t25_seed45.log	python -m surveyor.envs.pusht.eval --solver icem --subgoal flat --horizon 2 --receding-horizon 2 --source pretrained --h5 pusht_c2222.h5 --device cuda --mode long --episodes-file episodes/pusht_c2222.episodes25.json --goal-offset 25 --eval-budget 50 --num-eval 256 --score block --angles 20 5 --seed 45 --cem-seed 45 --num-samples 10 --n-steps 3 --topk 2
36	pusht	icem_flat_rh2_cb3	25	46	logs/rbCB2_pusht_icem_flat_rh2_cb3_t25_seed46.log	python -m surveyor.envs.pusht.eval --solver icem --subgoal flat --horizon 2 --receding-horizon 2 --source pretrained --h5 pusht_c2222.h5 --device cuda --mode long --episodes-file episodes/pusht_c2222.episodes25.json --goal-offset 25 --eval-budget 50 --num-eval 256 --score block --angles 20 5 --seed 46 --cem-seed 46 --num-samples 10 --n-steps 3 --topk 2
37	pusht	icem_flat_rh2_cb3	25	47	logs/rbCB2_pusht_icem_flat_rh2_cb3_t25_seed47.log	python -m surveyor.envs.pusht.eval --solver icem --subgoal flat --horizon 2 --receding-horizon 2 --source pretrained --h5 pusht_c2222.h5 --device cuda --mode long --episodes-file episodes/pusht_c2222.episodes25.json --goal-offset 25 --eval-budget 50 --num-eval 256 --score block --angles 20 5 --seed 47 --cem-seed 47 --num-samples 10 --n-steps 3 --topk 2
38	pusht	icem_flat_rh2_cb3	25	48	logs/rbCB2_pusht_icem_flat_rh2_cb3_t25_seed48.log	python -m surveyor.envs.pusht.eval --solver icem --subgoal flat --horizon 2 --receding-horizon 2 --source pretrained --h5 pusht_c2222.h5 --device cuda --mode long --episodes-file episodes/pusht_c2222.episodes25.json --goal-offset 25 --eval-budget 50 --num-eval 256 --score block --angles 20 5 --seed 48 --cem-seed 48 --num-samples 10 --n-steps 3 --topk 2
39	pusht	icem_flat_rh2_cb3	25	49	logs/rbCB2_pusht_icem_flat_rh2_cb3_t25_seed49.log	python -m surveyor.envs.pusht.eval --solver icem --subgoal flat --horizon 2 --receding-horizon 2 --source pretrained --h5 pusht_c2222.h5 --device cuda --mode long --episodes-file episodes/pusht_c2222.episodes25.json --goal-offset 25 --eval-budget 50 --num-eval 256 --score block --angles 20 5 --seed 49 --cem-seed 49 --num-samples 10 --n-steps 3 --topk 2
40	pusht	icem_flat_rh2_cb4	25	42	logs/rbCB2_pusht_icem_flat_rh2_cb4_t25_seed42.log	python -m surveyor.envs.pusht.eval --solver icem --subgoal flat --horizon 2 --receding-horizon 2 --source pretrained --h5 pusht_c2222.h5 --device cuda --mode long --episodes-file episodes/pusht_c2222.episodes25.json --goal-offset 25 --eval-budget 50 --num-eval 256 --score block --angles 20 5 --seed 42 --cem-seed 42 --num-samples 10 --n-steps 1 --topk 2
41	pusht	icem_flat_rh2_cb4	25	43	logs/rbCB2_pusht_icem_flat_rh2_cb4_t25_seed43.log	python -m surveyor.envs.pusht.eval --solver icem --subgoal flat --horizon 2 --receding-horizon 2 --source pretrained --h5 pusht_c2222.h5 --device cuda --mode long --episodes-file episodes/pusht_c2222.episodes25.json --goal-offset 25 --eval-budget 50 --num-eval 256 --score block --angles 20 5 --seed 43 --cem-seed 43 --num-samples 10 --n-steps 1 --topk 2
42	pusht	icem_flat_rh2_cb4	25	44	logs/rbCB2_pusht_icem_flat_rh2_cb4_t25_seed44.log	python -m surveyor.envs.pusht.eval --solver icem --subgoal flat --horizon 2 --receding-horizon 2 --source pretrained --h5 pusht_c2222.h5 --device cuda --mode long --episodes-file episodes/pusht_c2222.episodes25.json --goal-offset 25 --eval-budget 50 --num-eval 256 --score block --angles 20 5 --seed 44 --cem-seed 44 --num-samples 10 --n-steps 1 --topk 2
43	pusht	icem_flat_rh2_cb4	25	45	logs/rbCB2_pusht_icem_flat_rh2_cb4_t25_seed45.log	python -m surveyor.envs.pusht.eval --solver icem --subgoal flat --horizon 2 --receding-horizon 2 --source pretrained --h5 pusht_c2222.h5 --device cuda --mode long --episodes-file episodes/pusht_c2222.episodes25.json --goal-offset 25 --eval-budget 50 --num-eval 256 --score block --angles 20 5 --seed 45 --cem-seed 45 --num-samples 10 --n-steps 1 --topk 2
44	pusht	icem_flat_rh2_cb4	25	46	logs/rbCB2_pusht_icem_flat_rh2_cb4_t25_seed46.log	python -m surveyor.envs.pusht.eval --solver icem --subgoal flat --horizon 2 --receding-horizon 2 --source pretrained --h5 pusht_c2222.h5 --device cuda --mode long --episodes-file episodes/pusht_c2222.episodes25.json --goal-offset 25 --eval-budget 50 --num-eval 256 --score block --angles 20 5 --seed 46 --cem-seed 46 --num-samples 10 --n-steps 1 --topk 2
45	pusht	icem_flat_rh2_cb4	25	47	logs/rbCB2_pusht_icem_flat_rh2_cb4_t25_seed47.log	python -m surveyor.envs.pusht.eval --solver icem --subgoal flat --horizon 2 --receding-horizon 2 --source pretrained --h5 pusht_c2222.h5 --device cuda --mode long --episodes-file episodes/pusht_c2222.episodes25.json --goal-offset 25 --eval-budget 50 --num-eval 256 --score block --angles 20 5 --seed 47 --cem-seed 47 --num-samples 10 --n-steps 1 --topk 2
46	pusht	icem_flat_rh2_cb4	25	48	logs/rbCB2_pusht_icem_flat_rh2_cb4_t25_seed48.log	python -m surveyor.envs.pusht.eval --solver icem --subgoal flat --horizon 2 --receding-horizon 2 --source pretrained --h5 pusht_c2222.h5 --device cuda --mode long --episodes-file episodes/pusht_c2222.episodes25.json --goal-offset 25 --eval-budget 50 --num-eval 256 --score block --angles 20 5 --seed 48 --cem-seed 48 --num-samples 10 --n-steps 1 --topk 2
47	pusht	icem_flat_rh2_cb4	25	49	logs/rbCB2_pusht_icem_flat_rh2_cb4_t25_seed49.log	python -m surveyor.envs.pusht.eval --solver icem --subgoal flat --horizon 2 --receding-horizon 2 --source pretrained --h5 pusht_c2222.h5 --device cuda --mode long --episodes-file episodes/pusht_c2222.episodes25.json --goal-offset 25 --eval-budget 50 --num-eval 256 --score block --angles 20 5 --seed 49 --cem-seed 49 --num-samples 10 --n-steps 1 --topk 2
48	pusht	icem_flat_rh2_cb5	25	42	logs/rbCB2_pusht_icem_flat_rh2_cb5_t25_seed42.log	python -m surveyor.envs.pusht.eval --solver icem --subgoal flat --horizon 2 --receding-horizon 2 --source pretrained --h5 pusht_c2222.h5 --device cuda --mode long --episodes-file episodes/pusht_c2222.episodes25.json --goal-offset 25 --eval-budget 50 --num-eval 256 --score block --angles 20 5 --seed 42 --cem-seed 42 --num-samples 5 --n-steps 1 --topk 2
49	pusht	icem_flat_rh2_cb5	25	43	logs/rbCB2_pusht_icem_flat_rh2_cb5_t25_seed43.log	python -m surveyor.envs.pusht.eval --solver icem --subgoal flat --horizon 2 --receding-horizon 2 --source pretrained --h5 pusht_c2222.h5 --device cuda --mode long --episodes-file episodes/pusht_c2222.episodes25.json --goal-offset 25 --eval-budget 50 --num-eval 256 --score block --angles 20 5 --seed 43 --cem-seed 43 --num-samples 5 --n-steps 1 --topk 2
50	pusht	icem_flat_rh2_cb5	25	44	logs/rbCB2_pusht_icem_flat_rh2_cb5_t25_seed44.log	python -m surveyor.envs.pusht.eval --solver icem --subgoal flat --horizon 2 --receding-horizon 2 --source pretrained --h5 pusht_c2222.h5 --device cuda --mode long --episodes-file episodes/pusht_c2222.episodes25.json --goal-offset 25 --eval-budget 50 --num-eval 256 --score block --angles 20 5 --seed 44 --cem-seed 44 --num-samples 5 --n-steps 1 --topk 2
51	pusht	icem_flat_rh2_cb5	25	45	logs/rbCB2_pusht_icem_flat_rh2_cb5_t25_seed45.log	python -m surveyor.envs.pusht.eval --solver icem --subgoal flat --horizon 2 --receding-horizon 2 --source pretrained --h5 pusht_c2222.h5 --device cuda --mode long --episodes-file episodes/pusht_c2222.episodes25.json --goal-offset 25 --eval-budget 50 --num-eval 256 --score block --angles 20 5 --seed 45 --cem-seed 45 --num-samples 5 --n-steps 1 --topk 2
52	pusht	icem_flat_rh2_cb5	25	46	logs/rbCB2_pusht_icem_flat_rh2_cb5_t25_seed46.log	python -m surveyor.envs.pusht.eval --solver icem --subgoal flat --horizon 2 --receding-horizon 2 --source pretrained --h5 pusht_c2222.h5 --device cuda --mode long --episodes-file episodes/pusht_c2222.episodes25.json --goal-offset 25 --eval-budget 50 --num-eval 256 --score block --angles 20 5 --seed 46 --cem-seed 46 --num-samples 5 --n-steps 1 --topk 2
53	pusht	icem_flat_rh2_cb5	25	47	logs/rbCB2_pusht_icem_flat_rh2_cb5_t25_seed47.log	python -m surveyor.envs.pusht.eval --solver icem --subgoal flat --horizon 2 --receding-horizon 2 --source pretrained --h5 pusht_c2222.h5 --device cuda --mode long --episodes-file episodes/pusht_c2222.episodes25.json --goal-offset 25 --eval-budget 50 --num-eval 256 --score block --angles 20 5 --seed 47 --cem-seed 47 --num-samples 5 --n-steps 1 --topk 2
54	pusht	icem_flat_rh2_cb5	25	48	logs/rbCB2_pusht_icem_flat_rh2_cb5_t25_seed48.log	python -m surveyor.envs.pusht.eval --solver icem --subgoal flat --horizon 2 --receding-horizon 2 --source pretrained --h5 pusht_c2222.h5 --device cuda --mode long --episodes-file episodes/pusht_c2222.episodes25.json --goal-offset 25 --eval-budget 50 --num-eval 256 --score block --angles 20 5 --seed 48 --cem-seed 48 --num-samples 5 --n-steps 1 --topk 2
55	pusht	icem_flat_rh2_cb5	25	49	logs/rbCB2_pusht_icem_flat_rh2_cb5_t25_seed49.log	python -m surveyor.envs.pusht.eval --solver icem --subgoal flat --horizon 2 --receding-horizon 2 --source pretrained --h5 pusht_c2222.h5 --device cuda --mode long --episodes-file episodes/pusht_c2222.episodes25.json --goal-offset 25 --eval-budget 50 --num-eval 256 --score block --angles 20 5 --seed 49 --cem-seed 49 --num-samples 5 --n-steps 1 --topk 2
56	pusht	icem_flat_rh2_cb6	25	42	logs/rbCB2_pusht_icem_flat_rh2_cb6_t25_seed42.log	python -m surveyor.envs.pusht.eval --solver icem --subgoal flat --horizon 2 --receding-horizon 2 --source pretrained --h5 pusht_c2222.h5 --device cuda --mode long --episodes-file episodes/pusht_c2222.episodes25.json --goal-offset 25 --eval-budget 50 --num-eval 256 --score block --angles 20 5 --seed 42 --cem-seed 42 --num-samples 2 --n-steps 1 --topk 1
57	pusht	icem_flat_rh2_cb6	25	43	logs/rbCB2_pusht_icem_flat_rh2_cb6_t25_seed43.log	python -m surveyor.envs.pusht.eval --solver icem --subgoal flat --horizon 2 --receding-horizon 2 --source pretrained --h5 pusht_c2222.h5 --device cuda --mode long --episodes-file episodes/pusht_c2222.episodes25.json --goal-offset 25 --eval-budget 50 --num-eval 256 --score block --angles 20 5 --seed 43 --cem-seed 43 --num-samples 2 --n-steps 1 --topk 1
58	pusht	icem_flat_rh2_cb6	25	44	logs/rbCB2_pusht_icem_flat_rh2_cb6_t25_seed44.log	python -m surveyor.envs.pusht.eval --solver icem --subgoal flat --horizon 2 --receding-horizon 2 --source pretrained --h5 pusht_c2222.h5 --device cuda --mode long --episodes-file episodes/pusht_c2222.episodes25.json --goal-offset 25 --eval-budget 50 --num-eval 256 --score block --angles 20 5 --seed 44 --cem-seed 44 --num-samples 2 --n-steps 1 --topk 1
59	pusht	icem_flat_rh2_cb6	25	45	logs/rbCB2_pusht_icem_flat_rh2_cb6_t25_seed45.log	python -m surveyor.envs.pusht.eval --solver icem --subgoal flat --horizon 2 --receding-horizon 2 --source pretrained --h5 pusht_c2222.h5 --device cuda --mode long --episodes-file episodes/pusht_c2222.episodes25.json --goal-offset 25 --eval-budget 50 --num-eval 256 --score block --angles 20 5 --seed 45 --cem-seed 45 --num-samples 2 --n-steps 1 --topk 1
60	pusht	icem_flat_rh2_cb6	25	46	logs/rbCB2_pusht_icem_flat_rh2_cb6_t25_seed46.log	python -m surveyor.envs.pusht.eval --solver icem --subgoal flat --horizon 2 --receding-horizon 2 --source pretrained --h5 pusht_c2222.h5 --device cuda --mode long --episodes-file episodes/pusht_c2222.episodes25.json --goal-offset 25 --eval-budget 50 --num-eval 256 --score block --angles 20 5 --seed 46 --cem-seed 46 --num-samples 2 --n-steps 1 --topk 1
61	pusht	icem_flat_rh2_cb6	25	47	logs/rbCB2_pusht_icem_flat_rh2_cb6_t25_seed47.log	python -m surveyor.envs.pusht.eval --solver icem --subgoal flat --horizon 2 --receding-horizon 2 --source pretrained --h5 pusht_c2222.h5 --device cuda --mode long --episodes-file episodes/pusht_c2222.episodes25.json --goal-offset 25 --eval-budget 50 --num-eval 256 --score block --angles 20 5 --seed 47 --cem-seed 47 --num-samples 2 --n-steps 1 --topk 1
62	pusht	icem_flat_rh2_cb6	25	48	logs/rbCB2_pusht_icem_flat_rh2_cb6_t25_seed48.log	python -m surveyor.envs.pusht.eval --solver icem --subgoal flat --horizon 2 --receding-horizon 2 --source pretrained --h5 pusht_c2222.h5 --device cuda --mode long --episodes-file episodes/pusht_c2222.episodes25.json --goal-offset 25 --eval-budget 50 --num-eval 256 --score block --angles 20 5 --seed 48 --cem-seed 48 --num-samples 2 --n-steps 1 --topk 1
63	pusht	icem_flat_rh2_cb6	25	49	logs/rbCB2_pusht_icem_flat_rh2_cb6_t25_seed49.log	python -m surveyor.envs.pusht.eval --solver icem --subgoal flat --horizon 2 --receding-horizon 2 --source pretrained --h5 pusht_c2222.h5 --device cuda --mode long --episodes-file episodes/pusht_c2222.episodes25.json --goal-offset 25 --eval-budget 50 --num-eval 256 --score block --angles 20 5 --seed 49 --cem-seed 49 --num-samples 2 --n-steps 1 --topk 1
64	reacher	flat_rh2_cb1	25	42	logs/rbCB2_reacher_flat_rh2_cb1_t25_seed42.log	python -m surveyor.envs.reacher.eval --subgoal flat --horizon 2 --receding-horizon 2 --source local --local-dir encoder_reacher --h5 "$REACHER_H5" --device cuda --num-eval 128 --seed 42 --cem-seed 42 --episodes-file episodes/reacher_c2222.ep100.s2222.json --goal-offset 25 --eval-budget 50 --num-samples 100 --n-steps 10 --topk 10
65	reacher	flat_rh2_cb1	25	43	logs/rbCB2_reacher_flat_rh2_cb1_t25_seed43.log	python -m surveyor.envs.reacher.eval --subgoal flat --horizon 2 --receding-horizon 2 --source local --local-dir encoder_reacher --h5 "$REACHER_H5" --device cuda --num-eval 128 --seed 43 --cem-seed 43 --episodes-file episodes/reacher_c2222.ep100.s2222.json --goal-offset 25 --eval-budget 50 --num-samples 100 --n-steps 10 --topk 10
66	reacher	flat_rh2_cb1	25	44	logs/rbCB2_reacher_flat_rh2_cb1_t25_seed44.log	python -m surveyor.envs.reacher.eval --subgoal flat --horizon 2 --receding-horizon 2 --source local --local-dir encoder_reacher --h5 "$REACHER_H5" --device cuda --num-eval 128 --seed 44 --cem-seed 44 --episodes-file episodes/reacher_c2222.ep100.s2222.json --goal-offset 25 --eval-budget 50 --num-samples 100 --n-steps 10 --topk 10
67	reacher	flat_rh2_cb1	25	45	logs/rbCB2_reacher_flat_rh2_cb1_t25_seed45.log	python -m surveyor.envs.reacher.eval --subgoal flat --horizon 2 --receding-horizon 2 --source local --local-dir encoder_reacher --h5 "$REACHER_H5" --device cuda --num-eval 128 --seed 45 --cem-seed 45 --episodes-file episodes/reacher_c2222.ep100.s2222.json --goal-offset 25 --eval-budget 50 --num-samples 100 --n-steps 10 --topk 10
68	reacher	flat_rh2_cb1	25	46	logs/rbCB2_reacher_flat_rh2_cb1_t25_seed46.log	python -m surveyor.envs.reacher.eval --subgoal flat --horizon 2 --receding-horizon 2 --source local --local-dir encoder_reacher --h5 "$REACHER_H5" --device cuda --num-eval 128 --seed 46 --cem-seed 46 --episodes-file episodes/reacher_c2222.ep100.s2222.json --goal-offset 25 --eval-budget 50 --num-samples 100 --n-steps 10 --topk 10
69	reacher	flat_rh2_cb1	25	47	logs/rbCB2_reacher_flat_rh2_cb1_t25_seed47.log	python -m surveyor.envs.reacher.eval --subgoal flat --horizon 2 --receding-horizon 2 --source local --local-dir encoder_reacher --h5 "$REACHER_H5" --device cuda --num-eval 128 --seed 47 --cem-seed 47 --episodes-file episodes/reacher_c2222.ep100.s2222.json --goal-offset 25 --eval-budget 50 --num-samples 100 --n-steps 10 --topk 10
70	reacher	flat_rh2_cb1	25	48	logs/rbCB2_reacher_flat_rh2_cb1_t25_seed48.log	python -m surveyor.envs.reacher.eval --subgoal flat --horizon 2 --receding-horizon 2 --source local --local-dir encoder_reacher --h5 "$REACHER_H5" --device cuda --num-eval 128 --seed 48 --cem-seed 48 --episodes-file episodes/reacher_c2222.ep100.s2222.json --goal-offset 25 --eval-budget 50 --num-samples 100 --n-steps 10 --topk 10
71	reacher	flat_rh2_cb1	25	49	logs/rbCB2_reacher_flat_rh2_cb1_t25_seed49.log	python -m surveyor.envs.reacher.eval --subgoal flat --horizon 2 --receding-horizon 2 --source local --local-dir encoder_reacher --h5 "$REACHER_H5" --device cuda --num-eval 128 --seed 49 --cem-seed 49 --episodes-file episodes/reacher_c2222.ep100.s2222.json --goal-offset 25 --eval-budget 50 --num-samples 100 --n-steps 10 --topk 10
72	reacher	flat_rh2_cb2	25	42	logs/rbCB2_reacher_flat_rh2_cb2_t25_seed42.log	python -m surveyor.envs.reacher.eval --subgoal flat --horizon 2 --receding-horizon 2 --source local --local-dir encoder_reacher --h5 "$REACHER_H5" --device cuda --num-eval 128 --seed 42 --cem-seed 42 --episodes-file episodes/reacher_c2222.ep100.s2222.json --goal-offset 25 --eval-budget 50 --num-samples 30 --n-steps 5 --topk 3
73	reacher	flat_rh2_cb2	25	43	logs/rbCB2_reacher_flat_rh2_cb2_t25_seed43.log	python -m surveyor.envs.reacher.eval --subgoal flat --horizon 2 --receding-horizon 2 --source local --local-dir encoder_reacher --h5 "$REACHER_H5" --device cuda --num-eval 128 --seed 43 --cem-seed 43 --episodes-file episodes/reacher_c2222.ep100.s2222.json --goal-offset 25 --eval-budget 50 --num-samples 30 --n-steps 5 --topk 3
74	reacher	flat_rh2_cb2	25	44	logs/rbCB2_reacher_flat_rh2_cb2_t25_seed44.log	python -m surveyor.envs.reacher.eval --subgoal flat --horizon 2 --receding-horizon 2 --source local --local-dir encoder_reacher --h5 "$REACHER_H5" --device cuda --num-eval 128 --seed 44 --cem-seed 44 --episodes-file episodes/reacher_c2222.ep100.s2222.json --goal-offset 25 --eval-budget 50 --num-samples 30 --n-steps 5 --topk 3
75	reacher	flat_rh2_cb2	25	45	logs/rbCB2_reacher_flat_rh2_cb2_t25_seed45.log	python -m surveyor.envs.reacher.eval --subgoal flat --horizon 2 --receding-horizon 2 --source local --local-dir encoder_reacher --h5 "$REACHER_H5" --device cuda --num-eval 128 --seed 45 --cem-seed 45 --episodes-file episodes/reacher_c2222.ep100.s2222.json --goal-offset 25 --eval-budget 50 --num-samples 30 --n-steps 5 --topk 3
76	reacher	flat_rh2_cb2	25	46	logs/rbCB2_reacher_flat_rh2_cb2_t25_seed46.log	python -m surveyor.envs.reacher.eval --subgoal flat --horizon 2 --receding-horizon 2 --source local --local-dir encoder_reacher --h5 "$REACHER_H5" --device cuda --num-eval 128 --seed 46 --cem-seed 46 --episodes-file episodes/reacher_c2222.ep100.s2222.json --goal-offset 25 --eval-budget 50 --num-samples 30 --n-steps 5 --topk 3
77	reacher	flat_rh2_cb2	25	47	logs/rbCB2_reacher_flat_rh2_cb2_t25_seed47.log	python -m surveyor.envs.reacher.eval --subgoal flat --horizon 2 --receding-horizon 2 --source local --local-dir encoder_reacher --h5 "$REACHER_H5" --device cuda --num-eval 128 --seed 47 --cem-seed 47 --episodes-file episodes/reacher_c2222.ep100.s2222.json --goal-offset 25 --eval-budget 50 --num-samples 30 --n-steps 5 --topk 3
78	reacher	flat_rh2_cb2	25	48	logs/rbCB2_reacher_flat_rh2_cb2_t25_seed48.log	python -m surveyor.envs.reacher.eval --subgoal flat --horizon 2 --receding-horizon 2 --source local --local-dir encoder_reacher --h5 "$REACHER_H5" --device cuda --num-eval 128 --seed 48 --cem-seed 48 --episodes-file episodes/reacher_c2222.ep100.s2222.json --goal-offset 25 --eval-budget 50 --num-samples 30 --n-steps 5 --topk 3
79	reacher	flat_rh2_cb2	25	49	logs/rbCB2_reacher_flat_rh2_cb2_t25_seed49.log	python -m surveyor.envs.reacher.eval --subgoal flat --horizon 2 --receding-horizon 2 --source local --local-dir encoder_reacher --h5 "$REACHER_H5" --device cuda --num-eval 128 --seed 49 --cem-seed 49 --episodes-file episodes/reacher_c2222.ep100.s2222.json --goal-offset 25 --eval-budget 50 --num-samples 30 --n-steps 5 --topk 3
80	reacher	flat_rh2_cb3	25	42	logs/rbCB2_reacher_flat_rh2_cb3_t25_seed42.log	python -m surveyor.envs.reacher.eval --subgoal flat --horizon 2 --receding-horizon 2 --source local --local-dir encoder_reacher --h5 "$REACHER_H5" --device cuda --num-eval 128 --seed 42 --cem-seed 42 --episodes-file episodes/reacher_c2222.ep100.s2222.json --goal-offset 25 --eval-budget 50 --num-samples 10 --n-steps 3 --topk 2
81	reacher	flat_rh2_cb3	25	43	logs/rbCB2_reacher_flat_rh2_cb3_t25_seed43.log	python -m surveyor.envs.reacher.eval --subgoal flat --horizon 2 --receding-horizon 2 --source local --local-dir encoder_reacher --h5 "$REACHER_H5" --device cuda --num-eval 128 --seed 43 --cem-seed 43 --episodes-file episodes/reacher_c2222.ep100.s2222.json --goal-offset 25 --eval-budget 50 --num-samples 10 --n-steps 3 --topk 2
82	reacher	flat_rh2_cb3	25	44	logs/rbCB2_reacher_flat_rh2_cb3_t25_seed44.log	python -m surveyor.envs.reacher.eval --subgoal flat --horizon 2 --receding-horizon 2 --source local --local-dir encoder_reacher --h5 "$REACHER_H5" --device cuda --num-eval 128 --seed 44 --cem-seed 44 --episodes-file episodes/reacher_c2222.ep100.s2222.json --goal-offset 25 --eval-budget 50 --num-samples 10 --n-steps 3 --topk 2
83	reacher	flat_rh2_cb3	25	45	logs/rbCB2_reacher_flat_rh2_cb3_t25_seed45.log	python -m surveyor.envs.reacher.eval --subgoal flat --horizon 2 --receding-horizon 2 --source local --local-dir encoder_reacher --h5 "$REACHER_H5" --device cuda --num-eval 128 --seed 45 --cem-seed 45 --episodes-file episodes/reacher_c2222.ep100.s2222.json --goal-offset 25 --eval-budget 50 --num-samples 10 --n-steps 3 --topk 2
84	reacher	flat_rh2_cb3	25	46	logs/rbCB2_reacher_flat_rh2_cb3_t25_seed46.log	python -m surveyor.envs.reacher.eval --subgoal flat --horizon 2 --receding-horizon 2 --source local --local-dir encoder_reacher --h5 "$REACHER_H5" --device cuda --num-eval 128 --seed 46 --cem-seed 46 --episodes-file episodes/reacher_c2222.ep100.s2222.json --goal-offset 25 --eval-budget 50 --num-samples 10 --n-steps 3 --topk 2
85	reacher	flat_rh2_cb3	25	47	logs/rbCB2_reacher_flat_rh2_cb3_t25_seed47.log	python -m surveyor.envs.reacher.eval --subgoal flat --horizon 2 --receding-horizon 2 --source local --local-dir encoder_reacher --h5 "$REACHER_H5" --device cuda --num-eval 128 --seed 47 --cem-seed 47 --episodes-file episodes/reacher_c2222.ep100.s2222.json --goal-offset 25 --eval-budget 50 --num-samples 10 --n-steps 3 --topk 2
86	reacher	flat_rh2_cb3	25	48	logs/rbCB2_reacher_flat_rh2_cb3_t25_seed48.log	python -m surveyor.envs.reacher.eval --subgoal flat --horizon 2 --receding-horizon 2 --source local --local-dir encoder_reacher --h5 "$REACHER_H5" --device cuda --num-eval 128 --seed 48 --cem-seed 48 --episodes-file episodes/reacher_c2222.ep100.s2222.json --goal-offset 25 --eval-budget 50 --num-samples 10 --n-steps 3 --topk 2
87	reacher	flat_rh2_cb3	25	49	logs/rbCB2_reacher_flat_rh2_cb3_t25_seed49.log	python -m surveyor.envs.reacher.eval --subgoal flat --horizon 2 --receding-horizon 2 --source local --local-dir encoder_reacher --h5 "$REACHER_H5" --device cuda --num-eval 128 --seed 49 --cem-seed 49 --episodes-file episodes/reacher_c2222.ep100.s2222.json --goal-offset 25 --eval-budget 50 --num-samples 10 --n-steps 3 --topk 2
88	reacher	flat_rh2_cb4	25	42	logs/rbCB2_reacher_flat_rh2_cb4_t25_seed42.log	python -m surveyor.envs.reacher.eval --subgoal flat --horizon 2 --receding-horizon 2 --source local --local-dir encoder_reacher --h5 "$REACHER_H5" --device cuda --num-eval 128 --seed 42 --cem-seed 42 --episodes-file episodes/reacher_c2222.ep100.s2222.json --goal-offset 25 --eval-budget 50 --num-samples 10 --n-steps 1 --topk 2
89	reacher	flat_rh2_cb4	25	43	logs/rbCB2_reacher_flat_rh2_cb4_t25_seed43.log	python -m surveyor.envs.reacher.eval --subgoal flat --horizon 2 --receding-horizon 2 --source local --local-dir encoder_reacher --h5 "$REACHER_H5" --device cuda --num-eval 128 --seed 43 --cem-seed 43 --episodes-file episodes/reacher_c2222.ep100.s2222.json --goal-offset 25 --eval-budget 50 --num-samples 10 --n-steps 1 --topk 2
90	reacher	flat_rh2_cb4	25	44	logs/rbCB2_reacher_flat_rh2_cb4_t25_seed44.log	python -m surveyor.envs.reacher.eval --subgoal flat --horizon 2 --receding-horizon 2 --source local --local-dir encoder_reacher --h5 "$REACHER_H5" --device cuda --num-eval 128 --seed 44 --cem-seed 44 --episodes-file episodes/reacher_c2222.ep100.s2222.json --goal-offset 25 --eval-budget 50 --num-samples 10 --n-steps 1 --topk 2
91	reacher	flat_rh2_cb4	25	45	logs/rbCB2_reacher_flat_rh2_cb4_t25_seed45.log	python -m surveyor.envs.reacher.eval --subgoal flat --horizon 2 --receding-horizon 2 --source local --local-dir encoder_reacher --h5 "$REACHER_H5" --device cuda --num-eval 128 --seed 45 --cem-seed 45 --episodes-file episodes/reacher_c2222.ep100.s2222.json --goal-offset 25 --eval-budget 50 --num-samples 10 --n-steps 1 --topk 2
92	reacher	flat_rh2_cb4	25	46	logs/rbCB2_reacher_flat_rh2_cb4_t25_seed46.log	python -m surveyor.envs.reacher.eval --subgoal flat --horizon 2 --receding-horizon 2 --source local --local-dir encoder_reacher --h5 "$REACHER_H5" --device cuda --num-eval 128 --seed 46 --cem-seed 46 --episodes-file episodes/reacher_c2222.ep100.s2222.json --goal-offset 25 --eval-budget 50 --num-samples 10 --n-steps 1 --topk 2
93	reacher	flat_rh2_cb4	25	47	logs/rbCB2_reacher_flat_rh2_cb4_t25_seed47.log	python -m surveyor.envs.reacher.eval --subgoal flat --horizon 2 --receding-horizon 2 --source local --local-dir encoder_reacher --h5 "$REACHER_H5" --device cuda --num-eval 128 --seed 47 --cem-seed 47 --episodes-file episodes/reacher_c2222.ep100.s2222.json --goal-offset 25 --eval-budget 50 --num-samples 10 --n-steps 1 --topk 2
94	reacher	flat_rh2_cb4	25	48	logs/rbCB2_reacher_flat_rh2_cb4_t25_seed48.log	python -m surveyor.envs.reacher.eval --subgoal flat --horizon 2 --receding-horizon 2 --source local --local-dir encoder_reacher --h5 "$REACHER_H5" --device cuda --num-eval 128 --seed 48 --cem-seed 48 --episodes-file episodes/reacher_c2222.ep100.s2222.json --goal-offset 25 --eval-budget 50 --num-samples 10 --n-steps 1 --topk 2
95	reacher	flat_rh2_cb4	25	49	logs/rbCB2_reacher_flat_rh2_cb4_t25_seed49.log	python -m surveyor.envs.reacher.eval --subgoal flat --horizon 2 --receding-horizon 2 --source local --local-dir encoder_reacher --h5 "$REACHER_H5" --device cuda --num-eval 128 --seed 49 --cem-seed 49 --episodes-file episodes/reacher_c2222.ep100.s2222.json --goal-offset 25 --eval-budget 50 --num-samples 10 --n-steps 1 --topk 2
96	reacher	flat_rh2_cb5	25	42	logs/rbCB2_reacher_flat_rh2_cb5_t25_seed42.log	python -m surveyor.envs.reacher.eval --subgoal flat --horizon 2 --receding-horizon 2 --source local --local-dir encoder_reacher --h5 "$REACHER_H5" --device cuda --num-eval 128 --seed 42 --cem-seed 42 --episodes-file episodes/reacher_c2222.ep100.s2222.json --goal-offset 25 --eval-budget 50 --num-samples 5 --n-steps 1 --topk 2
97	reacher	flat_rh2_cb5	25	43	logs/rbCB2_reacher_flat_rh2_cb5_t25_seed43.log	python -m surveyor.envs.reacher.eval --subgoal flat --horizon 2 --receding-horizon 2 --source local --local-dir encoder_reacher --h5 "$REACHER_H5" --device cuda --num-eval 128 --seed 43 --cem-seed 43 --episodes-file episodes/reacher_c2222.ep100.s2222.json --goal-offset 25 --eval-budget 50 --num-samples 5 --n-steps 1 --topk 2
98	reacher	flat_rh2_cb5	25	44	logs/rbCB2_reacher_flat_rh2_cb5_t25_seed44.log	python -m surveyor.envs.reacher.eval --subgoal flat --horizon 2 --receding-horizon 2 --source local --local-dir encoder_reacher --h5 "$REACHER_H5" --device cuda --num-eval 128 --seed 44 --cem-seed 44 --episodes-file episodes/reacher_c2222.ep100.s2222.json --goal-offset 25 --eval-budget 50 --num-samples 5 --n-steps 1 --topk 2
99	reacher	flat_rh2_cb5	25	45	logs/rbCB2_reacher_flat_rh2_cb5_t25_seed45.log	python -m surveyor.envs.reacher.eval --subgoal flat --horizon 2 --receding-horizon 2 --source local --local-dir encoder_reacher --h5 "$REACHER_H5" --device cuda --num-eval 128 --seed 45 --cem-seed 45 --episodes-file episodes/reacher_c2222.ep100.s2222.json --goal-offset 25 --eval-budget 50 --num-samples 5 --n-steps 1 --topk 2
100	reacher	flat_rh2_cb5	25	46	logs/rbCB2_reacher_flat_rh2_cb5_t25_seed46.log	python -m surveyor.envs.reacher.eval --subgoal flat --horizon 2 --receding-horizon 2 --source local --local-dir encoder_reacher --h5 "$REACHER_H5" --device cuda --num-eval 128 --seed 46 --cem-seed 46 --episodes-file episodes/reacher_c2222.ep100.s2222.json --goal-offset 25 --eval-budget 50 --num-samples 5 --n-steps 1 --topk 2
101	reacher	flat_rh2_cb5	25	47	logs/rbCB2_reacher_flat_rh2_cb5_t25_seed47.log	python -m surveyor.envs.reacher.eval --subgoal flat --horizon 2 --receding-horizon 2 --source local --local-dir encoder_reacher --h5 "$REACHER_H5" --device cuda --num-eval 128 --seed 47 --cem-seed 47 --episodes-file episodes/reacher_c2222.ep100.s2222.json --goal-offset 25 --eval-budget 50 --num-samples 5 --n-steps 1 --topk 2
102	reacher	flat_rh2_cb5	25	48	logs/rbCB2_reacher_flat_rh2_cb5_t25_seed48.log	python -m surveyor.envs.reacher.eval --subgoal flat --horizon 2 --receding-horizon 2 --source local --local-dir encoder_reacher --h5 "$REACHER_H5" --device cuda --num-eval 128 --seed 48 --cem-seed 48 --episodes-file episodes/reacher_c2222.ep100.s2222.json --goal-offset 25 --eval-budget 50 --num-samples 5 --n-steps 1 --topk 2
103	reacher	flat_rh2_cb5	25	49	logs/rbCB2_reacher_flat_rh2_cb5_t25_seed49.log	python -m surveyor.envs.reacher.eval --subgoal flat --horizon 2 --receding-horizon 2 --source local --local-dir encoder_reacher --h5 "$REACHER_H5" --device cuda --num-eval 128 --seed 49 --cem-seed 49 --episodes-file episodes/reacher_c2222.ep100.s2222.json --goal-offset 25 --eval-budget 50 --num-samples 5 --n-steps 1 --topk 2
104	reacher	flat_rh2_cb6	25	42	logs/rbCB2_reacher_flat_rh2_cb6_t25_seed42.log	python -m surveyor.envs.reacher.eval --subgoal flat --horizon 2 --receding-horizon 2 --source local --local-dir encoder_reacher --h5 "$REACHER_H5" --device cuda --num-eval 128 --seed 42 --cem-seed 42 --episodes-file episodes/reacher_c2222.ep100.s2222.json --goal-offset 25 --eval-budget 50 --num-samples 2 --n-steps 1 --topk 1
105	reacher	flat_rh2_cb6	25	43	logs/rbCB2_reacher_flat_rh2_cb6_t25_seed43.log	python -m surveyor.envs.reacher.eval --subgoal flat --horizon 2 --receding-horizon 2 --source local --local-dir encoder_reacher --h5 "$REACHER_H5" --device cuda --num-eval 128 --seed 43 --cem-seed 43 --episodes-file episodes/reacher_c2222.ep100.s2222.json --goal-offset 25 --eval-budget 50 --num-samples 2 --n-steps 1 --topk 1
106	reacher	flat_rh2_cb6	25	44	logs/rbCB2_reacher_flat_rh2_cb6_t25_seed44.log	python -m surveyor.envs.reacher.eval --subgoal flat --horizon 2 --receding-horizon 2 --source local --local-dir encoder_reacher --h5 "$REACHER_H5" --device cuda --num-eval 128 --seed 44 --cem-seed 44 --episodes-file episodes/reacher_c2222.ep100.s2222.json --goal-offset 25 --eval-budget 50 --num-samples 2 --n-steps 1 --topk 1
107	reacher	flat_rh2_cb6	25	45	logs/rbCB2_reacher_flat_rh2_cb6_t25_seed45.log	python -m surveyor.envs.reacher.eval --subgoal flat --horizon 2 --receding-horizon 2 --source local --local-dir encoder_reacher --h5 "$REACHER_H5" --device cuda --num-eval 128 --seed 45 --cem-seed 45 --episodes-file episodes/reacher_c2222.ep100.s2222.json --goal-offset 25 --eval-budget 50 --num-samples 2 --n-steps 1 --topk 1
108	reacher	flat_rh2_cb6	25	46	logs/rbCB2_reacher_flat_rh2_cb6_t25_seed46.log	python -m surveyor.envs.reacher.eval --subgoal flat --horizon 2 --receding-horizon 2 --source local --local-dir encoder_reacher --h5 "$REACHER_H5" --device cuda --num-eval 128 --seed 46 --cem-seed 46 --episodes-file episodes/reacher_c2222.ep100.s2222.json --goal-offset 25 --eval-budget 50 --num-samples 2 --n-steps 1 --topk 1
109	reacher	flat_rh2_cb6	25	47	logs/rbCB2_reacher_flat_rh2_cb6_t25_seed47.log	python -m surveyor.envs.reacher.eval --subgoal flat --horizon 2 --receding-horizon 2 --source local --local-dir encoder_reacher --h5 "$REACHER_H5" --device cuda --num-eval 128 --seed 47 --cem-seed 47 --episodes-file episodes/reacher_c2222.ep100.s2222.json --goal-offset 25 --eval-budget 50 --num-samples 2 --n-steps 1 --topk 1
110	reacher	flat_rh2_cb6	25	48	logs/rbCB2_reacher_flat_rh2_cb6_t25_seed48.log	python -m surveyor.envs.reacher.eval --subgoal flat --horizon 2 --receding-horizon 2 --source local --local-dir encoder_reacher --h5 "$REACHER_H5" --device cuda --num-eval 128 --seed 48 --cem-seed 48 --episodes-file episodes/reacher_c2222.ep100.s2222.json --goal-offset 25 --eval-budget 50 --num-samples 2 --n-steps 1 --topk 1
111	reacher	flat_rh2_cb6	25	49	logs/rbCB2_reacher_flat_rh2_cb6_t25_seed49.log	python -m surveyor.envs.reacher.eval --subgoal flat --horizon 2 --receding-horizon 2 --source local --local-dir encoder_reacher --h5 "$REACHER_H5" --device cuda --num-eval 128 --seed 49 --cem-seed 49 --episodes-file episodes/reacher_c2222.ep100.s2222.json --goal-offset 25 --eval-budget 50 --num-samples 2 --n-steps 1 --topk 1
112	pusht	ffjepa_s10k3_cb5	150	42	logs/rbCB2_pusht_ffjepa_s10k3_cb5_t150_seed42.log	python -m surveyor.envs.pusht.eval --subgoal ffjepa --gdm-ckpt gdm_stride10.pt --gdm-steps 3 --horizon 2 --receding-horizon 2 --source pretrained --h5 pusht_c2222.h5 --device cuda --mode long --episodes-file episodes/pusht_c2222.episodes150.json --goal-offset 150 --eval-budget 300 --num-eval 256 --score block --angles 20 5 --seed 42 --cem-seed 42 --num-samples 5 --n-steps 1 --topk 2
113	pusht	ffjepa_s10k3_cb5	150	43	logs/rbCB2_pusht_ffjepa_s10k3_cb5_t150_seed43.log	python -m surveyor.envs.pusht.eval --subgoal ffjepa --gdm-ckpt gdm_stride10.pt --gdm-steps 3 --horizon 2 --receding-horizon 2 --source pretrained --h5 pusht_c2222.h5 --device cuda --mode long --episodes-file episodes/pusht_c2222.episodes150.json --goal-offset 150 --eval-budget 300 --num-eval 256 --score block --angles 20 5 --seed 43 --cem-seed 43 --num-samples 5 --n-steps 1 --topk 2
114	pusht	ffjepa_s10k3_cb5	150	44	logs/rbCB2_pusht_ffjepa_s10k3_cb5_t150_seed44.log	python -m surveyor.envs.pusht.eval --subgoal ffjepa --gdm-ckpt gdm_stride10.pt --gdm-steps 3 --horizon 2 --receding-horizon 2 --source pretrained --h5 pusht_c2222.h5 --device cuda --mode long --episodes-file episodes/pusht_c2222.episodes150.json --goal-offset 150 --eval-budget 300 --num-eval 256 --score block --angles 20 5 --seed 44 --cem-seed 44 --num-samples 5 --n-steps 1 --topk 2
115	pusht	ffjepa_s10k3_cb5	150	45	logs/rbCB2_pusht_ffjepa_s10k3_cb5_t150_seed45.log	python -m surveyor.envs.pusht.eval --subgoal ffjepa --gdm-ckpt gdm_stride10.pt --gdm-steps 3 --horizon 2 --receding-horizon 2 --source pretrained --h5 pusht_c2222.h5 --device cuda --mode long --episodes-file episodes/pusht_c2222.episodes150.json --goal-offset 150 --eval-budget 300 --num-eval 256 --score block --angles 20 5 --seed 45 --cem-seed 45 --num-samples 5 --n-steps 1 --topk 2
116	pusht	ffjepa_s10k3_cb5	150	46	logs/rbCB2_pusht_ffjepa_s10k3_cb5_t150_seed46.log	python -m surveyor.envs.pusht.eval --subgoal ffjepa --gdm-ckpt gdm_stride10.pt --gdm-steps 3 --horizon 2 --receding-horizon 2 --source pretrained --h5 pusht_c2222.h5 --device cuda --mode long --episodes-file episodes/pusht_c2222.episodes150.json --goal-offset 150 --eval-budget 300 --num-eval 256 --score block --angles 20 5 --seed 46 --cem-seed 46 --num-samples 5 --n-steps 1 --topk 2
117	pusht	ffjepa_s10k3_cb5	150	47	logs/rbCB2_pusht_ffjepa_s10k3_cb5_t150_seed47.log	python -m surveyor.envs.pusht.eval --subgoal ffjepa --gdm-ckpt gdm_stride10.pt --gdm-steps 3 --horizon 2 --receding-horizon 2 --source pretrained --h5 pusht_c2222.h5 --device cuda --mode long --episodes-file episodes/pusht_c2222.episodes150.json --goal-offset 150 --eval-budget 300 --num-eval 256 --score block --angles 20 5 --seed 47 --cem-seed 47 --num-samples 5 --n-steps 1 --topk 2
118	pusht	ffjepa_s10k3_cb5	150	48	logs/rbCB2_pusht_ffjepa_s10k3_cb5_t150_seed48.log	python -m surveyor.envs.pusht.eval --subgoal ffjepa --gdm-ckpt gdm_stride10.pt --gdm-steps 3 --horizon 2 --receding-horizon 2 --source pretrained --h5 pusht_c2222.h5 --device cuda --mode long --episodes-file episodes/pusht_c2222.episodes150.json --goal-offset 150 --eval-budget 300 --num-eval 256 --score block --angles 20 5 --seed 48 --cem-seed 48 --num-samples 5 --n-steps 1 --topk 2
119	pusht	ffjepa_s10k3_cb5	150	49	logs/rbCB2_pusht_ffjepa_s10k3_cb5_t150_seed49.log	python -m surveyor.envs.pusht.eval --subgoal ffjepa --gdm-ckpt gdm_stride10.pt --gdm-steps 3 --horizon 2 --receding-horizon 2 --source pretrained --h5 pusht_c2222.h5 --device cuda --mode long --episodes-file episodes/pusht_c2222.episodes150.json --goal-offset 150 --eval-budget 300 --num-eval 256 --score block --angles 20 5 --seed 49 --cem-seed 49 --num-samples 5 --n-steps 1 --topk 2
120	pusht	ffjepa_s10k3_cb6	150	42	logs/rbCB2_pusht_ffjepa_s10k3_cb6_t150_seed42.log	python -m surveyor.envs.pusht.eval --subgoal ffjepa --gdm-ckpt gdm_stride10.pt --gdm-steps 3 --horizon 2 --receding-horizon 2 --source pretrained --h5 pusht_c2222.h5 --device cuda --mode long --episodes-file episodes/pusht_c2222.episodes150.json --goal-offset 150 --eval-budget 300 --num-eval 256 --score block --angles 20 5 --seed 42 --cem-seed 42 --num-samples 2 --n-steps 1 --topk 1
121	pusht	ffjepa_s10k3_cb6	150	43	logs/rbCB2_pusht_ffjepa_s10k3_cb6_t150_seed43.log	python -m surveyor.envs.pusht.eval --subgoal ffjepa --gdm-ckpt gdm_stride10.pt --gdm-steps 3 --horizon 2 --receding-horizon 2 --source pretrained --h5 pusht_c2222.h5 --device cuda --mode long --episodes-file episodes/pusht_c2222.episodes150.json --goal-offset 150 --eval-budget 300 --num-eval 256 --score block --angles 20 5 --seed 43 --cem-seed 43 --num-samples 2 --n-steps 1 --topk 1
122	pusht	ffjepa_s10k3_cb6	150	44	logs/rbCB2_pusht_ffjepa_s10k3_cb6_t150_seed44.log	python -m surveyor.envs.pusht.eval --subgoal ffjepa --gdm-ckpt gdm_stride10.pt --gdm-steps 3 --horizon 2 --receding-horizon 2 --source pretrained --h5 pusht_c2222.h5 --device cuda --mode long --episodes-file episodes/pusht_c2222.episodes150.json --goal-offset 150 --eval-budget 300 --num-eval 256 --score block --angles 20 5 --seed 44 --cem-seed 44 --num-samples 2 --n-steps 1 --topk 1
123	pusht	ffjepa_s10k3_cb6	150	45	logs/rbCB2_pusht_ffjepa_s10k3_cb6_t150_seed45.log	python -m surveyor.envs.pusht.eval --subgoal ffjepa --gdm-ckpt gdm_stride10.pt --gdm-steps 3 --horizon 2 --receding-horizon 2 --source pretrained --h5 pusht_c2222.h5 --device cuda --mode long --episodes-file episodes/pusht_c2222.episodes150.json --goal-offset 150 --eval-budget 300 --num-eval 256 --score block --angles 20 5 --seed 45 --cem-seed 45 --num-samples 2 --n-steps 1 --topk 1
124	pusht	ffjepa_s10k3_cb6	150	46	logs/rbCB2_pusht_ffjepa_s10k3_cb6_t150_seed46.log	python -m surveyor.envs.pusht.eval --subgoal ffjepa --gdm-ckpt gdm_stride10.pt --gdm-steps 3 --horizon 2 --receding-horizon 2 --source pretrained --h5 pusht_c2222.h5 --device cuda --mode long --episodes-file episodes/pusht_c2222.episodes150.json --goal-offset 150 --eval-budget 300 --num-eval 256 --score block --angles 20 5 --seed 46 --cem-seed 46 --num-samples 2 --n-steps 1 --topk 1
125	pusht	ffjepa_s10k3_cb6	150	47	logs/rbCB2_pusht_ffjepa_s10k3_cb6_t150_seed47.log	python -m surveyor.envs.pusht.eval --subgoal ffjepa --gdm-ckpt gdm_stride10.pt --gdm-steps 3 --horizon 2 --receding-horizon 2 --source pretrained --h5 pusht_c2222.h5 --device cuda --mode long --episodes-file episodes/pusht_c2222.episodes150.json --goal-offset 150 --eval-budget 300 --num-eval 256 --score block --angles 20 5 --seed 47 --cem-seed 47 --num-samples 2 --n-steps 1 --topk 1
126	pusht	ffjepa_s10k3_cb6	150	48	logs/rbCB2_pusht_ffjepa_s10k3_cb6_t150_seed48.log	python -m surveyor.envs.pusht.eval --subgoal ffjepa --gdm-ckpt gdm_stride10.pt --gdm-steps 3 --horizon 2 --receding-horizon 2 --source pretrained --h5 pusht_c2222.h5 --device cuda --mode long --episodes-file episodes/pusht_c2222.episodes150.json --goal-offset 150 --eval-budget 300 --num-eval 256 --score block --angles 20 5 --seed 48 --cem-seed 48 --num-samples 2 --n-steps 1 --topk 1
127	pusht	ffjepa_s10k3_cb6	150	49	logs/rbCB2_pusht_ffjepa_s10k3_cb6_t150_seed49.log	python -m surveyor.envs.pusht.eval --subgoal ffjepa --gdm-ckpt gdm_stride10.pt --gdm-steps 3 --horizon 2 --receding-horizon 2 --source pretrained --h5 pusht_c2222.h5 --device cuda --mode long --episodes-file episodes/pusht_c2222.episodes150.json --goal-offset 150 --eval-budget 300 --num-eval 256 --score block --angles 20 5 --seed 49 --cem-seed 49 --num-samples 2 --n-steps 1 --topk 1
128	pusht	icem_ffjepa_s10k3_cb1	150	42	logs/rbCB2_pusht_icem_ffjepa_s10k3_cb1_t150_seed42.log	python -m surveyor.envs.pusht.eval --solver icem --subgoal ffjepa --gdm-ckpt gdm_stride10.pt --gdm-steps 3 --horizon 2 --receding-horizon 2 --source pretrained --h5 pusht_c2222.h5 --device cuda --mode long --episodes-file episodes/pusht_c2222.episodes150.json --goal-offset 150 --eval-budget 300 --num-eval 256 --score block --angles 20 5 --seed 42 --cem-seed 42 --num-samples 100 --n-steps 10 --topk 10
129	pusht	icem_ffjepa_s10k3_cb1	150	43	logs/rbCB2_pusht_icem_ffjepa_s10k3_cb1_t150_seed43.log	python -m surveyor.envs.pusht.eval --solver icem --subgoal ffjepa --gdm-ckpt gdm_stride10.pt --gdm-steps 3 --horizon 2 --receding-horizon 2 --source pretrained --h5 pusht_c2222.h5 --device cuda --mode long --episodes-file episodes/pusht_c2222.episodes150.json --goal-offset 150 --eval-budget 300 --num-eval 256 --score block --angles 20 5 --seed 43 --cem-seed 43 --num-samples 100 --n-steps 10 --topk 10
130	pusht	icem_ffjepa_s10k3_cb1	150	44	logs/rbCB2_pusht_icem_ffjepa_s10k3_cb1_t150_seed44.log	python -m surveyor.envs.pusht.eval --solver icem --subgoal ffjepa --gdm-ckpt gdm_stride10.pt --gdm-steps 3 --horizon 2 --receding-horizon 2 --source pretrained --h5 pusht_c2222.h5 --device cuda --mode long --episodes-file episodes/pusht_c2222.episodes150.json --goal-offset 150 --eval-budget 300 --num-eval 256 --score block --angles 20 5 --seed 44 --cem-seed 44 --num-samples 100 --n-steps 10 --topk 10
131	pusht	icem_ffjepa_s10k3_cb1	150	45	logs/rbCB2_pusht_icem_ffjepa_s10k3_cb1_t150_seed45.log	python -m surveyor.envs.pusht.eval --solver icem --subgoal ffjepa --gdm-ckpt gdm_stride10.pt --gdm-steps 3 --horizon 2 --receding-horizon 2 --source pretrained --h5 pusht_c2222.h5 --device cuda --mode long --episodes-file episodes/pusht_c2222.episodes150.json --goal-offset 150 --eval-budget 300 --num-eval 256 --score block --angles 20 5 --seed 45 --cem-seed 45 --num-samples 100 --n-steps 10 --topk 10
132	pusht	icem_ffjepa_s10k3_cb1	150	46	logs/rbCB2_pusht_icem_ffjepa_s10k3_cb1_t150_seed46.log	python -m surveyor.envs.pusht.eval --solver icem --subgoal ffjepa --gdm-ckpt gdm_stride10.pt --gdm-steps 3 --horizon 2 --receding-horizon 2 --source pretrained --h5 pusht_c2222.h5 --device cuda --mode long --episodes-file episodes/pusht_c2222.episodes150.json --goal-offset 150 --eval-budget 300 --num-eval 256 --score block --angles 20 5 --seed 46 --cem-seed 46 --num-samples 100 --n-steps 10 --topk 10
133	pusht	icem_ffjepa_s10k3_cb1	150	47	logs/rbCB2_pusht_icem_ffjepa_s10k3_cb1_t150_seed47.log	python -m surveyor.envs.pusht.eval --solver icem --subgoal ffjepa --gdm-ckpt gdm_stride10.pt --gdm-steps 3 --horizon 2 --receding-horizon 2 --source pretrained --h5 pusht_c2222.h5 --device cuda --mode long --episodes-file episodes/pusht_c2222.episodes150.json --goal-offset 150 --eval-budget 300 --num-eval 256 --score block --angles 20 5 --seed 47 --cem-seed 47 --num-samples 100 --n-steps 10 --topk 10
134	pusht	icem_ffjepa_s10k3_cb1	150	48	logs/rbCB2_pusht_icem_ffjepa_s10k3_cb1_t150_seed48.log	python -m surveyor.envs.pusht.eval --solver icem --subgoal ffjepa --gdm-ckpt gdm_stride10.pt --gdm-steps 3 --horizon 2 --receding-horizon 2 --source pretrained --h5 pusht_c2222.h5 --device cuda --mode long --episodes-file episodes/pusht_c2222.episodes150.json --goal-offset 150 --eval-budget 300 --num-eval 256 --score block --angles 20 5 --seed 48 --cem-seed 48 --num-samples 100 --n-steps 10 --topk 10
135	pusht	icem_ffjepa_s10k3_cb1	150	49	logs/rbCB2_pusht_icem_ffjepa_s10k3_cb1_t150_seed49.log	python -m surveyor.envs.pusht.eval --solver icem --subgoal ffjepa --gdm-ckpt gdm_stride10.pt --gdm-steps 3 --horizon 2 --receding-horizon 2 --source pretrained --h5 pusht_c2222.h5 --device cuda --mode long --episodes-file episodes/pusht_c2222.episodes150.json --goal-offset 150 --eval-budget 300 --num-eval 256 --score block --angles 20 5 --seed 49 --cem-seed 49 --num-samples 100 --n-steps 10 --topk 10
136	pusht	icem_ffjepa_s10k3_cb2	150	42	logs/rbCB2_pusht_icem_ffjepa_s10k3_cb2_t150_seed42.log	python -m surveyor.envs.pusht.eval --solver icem --subgoal ffjepa --gdm-ckpt gdm_stride10.pt --gdm-steps 3 --horizon 2 --receding-horizon 2 --source pretrained --h5 pusht_c2222.h5 --device cuda --mode long --episodes-file episodes/pusht_c2222.episodes150.json --goal-offset 150 --eval-budget 300 --num-eval 256 --score block --angles 20 5 --seed 42 --cem-seed 42 --num-samples 30 --n-steps 5 --topk 3
137	pusht	icem_ffjepa_s10k3_cb2	150	43	logs/rbCB2_pusht_icem_ffjepa_s10k3_cb2_t150_seed43.log	python -m surveyor.envs.pusht.eval --solver icem --subgoal ffjepa --gdm-ckpt gdm_stride10.pt --gdm-steps 3 --horizon 2 --receding-horizon 2 --source pretrained --h5 pusht_c2222.h5 --device cuda --mode long --episodes-file episodes/pusht_c2222.episodes150.json --goal-offset 150 --eval-budget 300 --num-eval 256 --score block --angles 20 5 --seed 43 --cem-seed 43 --num-samples 30 --n-steps 5 --topk 3
138	pusht	icem_ffjepa_s10k3_cb2	150	44	logs/rbCB2_pusht_icem_ffjepa_s10k3_cb2_t150_seed44.log	python -m surveyor.envs.pusht.eval --solver icem --subgoal ffjepa --gdm-ckpt gdm_stride10.pt --gdm-steps 3 --horizon 2 --receding-horizon 2 --source pretrained --h5 pusht_c2222.h5 --device cuda --mode long --episodes-file episodes/pusht_c2222.episodes150.json --goal-offset 150 --eval-budget 300 --num-eval 256 --score block --angles 20 5 --seed 44 --cem-seed 44 --num-samples 30 --n-steps 5 --topk 3
139	pusht	icem_ffjepa_s10k3_cb2	150	45	logs/rbCB2_pusht_icem_ffjepa_s10k3_cb2_t150_seed45.log	python -m surveyor.envs.pusht.eval --solver icem --subgoal ffjepa --gdm-ckpt gdm_stride10.pt --gdm-steps 3 --horizon 2 --receding-horizon 2 --source pretrained --h5 pusht_c2222.h5 --device cuda --mode long --episodes-file episodes/pusht_c2222.episodes150.json --goal-offset 150 --eval-budget 300 --num-eval 256 --score block --angles 20 5 --seed 45 --cem-seed 45 --num-samples 30 --n-steps 5 --topk 3
140	pusht	icem_ffjepa_s10k3_cb2	150	46	logs/rbCB2_pusht_icem_ffjepa_s10k3_cb2_t150_seed46.log	python -m surveyor.envs.pusht.eval --solver icem --subgoal ffjepa --gdm-ckpt gdm_stride10.pt --gdm-steps 3 --horizon 2 --receding-horizon 2 --source pretrained --h5 pusht_c2222.h5 --device cuda --mode long --episodes-file episodes/pusht_c2222.episodes150.json --goal-offset 150 --eval-budget 300 --num-eval 256 --score block --angles 20 5 --seed 46 --cem-seed 46 --num-samples 30 --n-steps 5 --topk 3
141	pusht	icem_ffjepa_s10k3_cb2	150	47	logs/rbCB2_pusht_icem_ffjepa_s10k3_cb2_t150_seed47.log	python -m surveyor.envs.pusht.eval --solver icem --subgoal ffjepa --gdm-ckpt gdm_stride10.pt --gdm-steps 3 --horizon 2 --receding-horizon 2 --source pretrained --h5 pusht_c2222.h5 --device cuda --mode long --episodes-file episodes/pusht_c2222.episodes150.json --goal-offset 150 --eval-budget 300 --num-eval 256 --score block --angles 20 5 --seed 47 --cem-seed 47 --num-samples 30 --n-steps 5 --topk 3
142	pusht	icem_ffjepa_s10k3_cb2	150	48	logs/rbCB2_pusht_icem_ffjepa_s10k3_cb2_t150_seed48.log	python -m surveyor.envs.pusht.eval --solver icem --subgoal ffjepa --gdm-ckpt gdm_stride10.pt --gdm-steps 3 --horizon 2 --receding-horizon 2 --source pretrained --h5 pusht_c2222.h5 --device cuda --mode long --episodes-file episodes/pusht_c2222.episodes150.json --goal-offset 150 --eval-budget 300 --num-eval 256 --score block --angles 20 5 --seed 48 --cem-seed 48 --num-samples 30 --n-steps 5 --topk 3
143	pusht	icem_ffjepa_s10k3_cb2	150	49	logs/rbCB2_pusht_icem_ffjepa_s10k3_cb2_t150_seed49.log	python -m surveyor.envs.pusht.eval --solver icem --subgoal ffjepa --gdm-ckpt gdm_stride10.pt --gdm-steps 3 --horizon 2 --receding-horizon 2 --source pretrained --h5 pusht_c2222.h5 --device cuda --mode long --episodes-file episodes/pusht_c2222.episodes150.json --goal-offset 150 --eval-budget 300 --num-eval 256 --score block --angles 20 5 --seed 49 --cem-seed 49 --num-samples 30 --n-steps 5 --topk 3
144	pusht	icem_ffjepa_s10k3_cb3	150	42	logs/rbCB2_pusht_icem_ffjepa_s10k3_cb3_t150_seed42.log	python -m surveyor.envs.pusht.eval --solver icem --subgoal ffjepa --gdm-ckpt gdm_stride10.pt --gdm-steps 3 --horizon 2 --receding-horizon 2 --source pretrained --h5 pusht_c2222.h5 --device cuda --mode long --episodes-file episodes/pusht_c2222.episodes150.json --goal-offset 150 --eval-budget 300 --num-eval 256 --score block --angles 20 5 --seed 42 --cem-seed 42 --num-samples 10 --n-steps 3 --topk 2
145	pusht	icem_ffjepa_s10k3_cb3	150	43	logs/rbCB2_pusht_icem_ffjepa_s10k3_cb3_t150_seed43.log	python -m surveyor.envs.pusht.eval --solver icem --subgoal ffjepa --gdm-ckpt gdm_stride10.pt --gdm-steps 3 --horizon 2 --receding-horizon 2 --source pretrained --h5 pusht_c2222.h5 --device cuda --mode long --episodes-file episodes/pusht_c2222.episodes150.json --goal-offset 150 --eval-budget 300 --num-eval 256 --score block --angles 20 5 --seed 43 --cem-seed 43 --num-samples 10 --n-steps 3 --topk 2
146	pusht	icem_ffjepa_s10k3_cb3	150	44	logs/rbCB2_pusht_icem_ffjepa_s10k3_cb3_t150_seed44.log	python -m surveyor.envs.pusht.eval --solver icem --subgoal ffjepa --gdm-ckpt gdm_stride10.pt --gdm-steps 3 --horizon 2 --receding-horizon 2 --source pretrained --h5 pusht_c2222.h5 --device cuda --mode long --episodes-file episodes/pusht_c2222.episodes150.json --goal-offset 150 --eval-budget 300 --num-eval 256 --score block --angles 20 5 --seed 44 --cem-seed 44 --num-samples 10 --n-steps 3 --topk 2
147	pusht	icem_ffjepa_s10k3_cb3	150	45	logs/rbCB2_pusht_icem_ffjepa_s10k3_cb3_t150_seed45.log	python -m surveyor.envs.pusht.eval --solver icem --subgoal ffjepa --gdm-ckpt gdm_stride10.pt --gdm-steps 3 --horizon 2 --receding-horizon 2 --source pretrained --h5 pusht_c2222.h5 --device cuda --mode long --episodes-file episodes/pusht_c2222.episodes150.json --goal-offset 150 --eval-budget 300 --num-eval 256 --score block --angles 20 5 --seed 45 --cem-seed 45 --num-samples 10 --n-steps 3 --topk 2
148	pusht	icem_ffjepa_s10k3_cb3	150	46	logs/rbCB2_pusht_icem_ffjepa_s10k3_cb3_t150_seed46.log	python -m surveyor.envs.pusht.eval --solver icem --subgoal ffjepa --gdm-ckpt gdm_stride10.pt --gdm-steps 3 --horizon 2 --receding-horizon 2 --source pretrained --h5 pusht_c2222.h5 --device cuda --mode long --episodes-file episodes/pusht_c2222.episodes150.json --goal-offset 150 --eval-budget 300 --num-eval 256 --score block --angles 20 5 --seed 46 --cem-seed 46 --num-samples 10 --n-steps 3 --topk 2
149	pusht	icem_ffjepa_s10k3_cb3	150	47	logs/rbCB2_pusht_icem_ffjepa_s10k3_cb3_t150_seed47.log	python -m surveyor.envs.pusht.eval --solver icem --subgoal ffjepa --gdm-ckpt gdm_stride10.pt --gdm-steps 3 --horizon 2 --receding-horizon 2 --source pretrained --h5 pusht_c2222.h5 --device cuda --mode long --episodes-file episodes/pusht_c2222.episodes150.json --goal-offset 150 --eval-budget 300 --num-eval 256 --score block --angles 20 5 --seed 47 --cem-seed 47 --num-samples 10 --n-steps 3 --topk 2
150	pusht	icem_ffjepa_s10k3_cb3	150	48	logs/rbCB2_pusht_icem_ffjepa_s10k3_cb3_t150_seed48.log	python -m surveyor.envs.pusht.eval --solver icem --subgoal ffjepa --gdm-ckpt gdm_stride10.pt --gdm-steps 3 --horizon 2 --receding-horizon 2 --source pretrained --h5 pusht_c2222.h5 --device cuda --mode long --episodes-file episodes/pusht_c2222.episodes150.json --goal-offset 150 --eval-budget 300 --num-eval 256 --score block --angles 20 5 --seed 48 --cem-seed 48 --num-samples 10 --n-steps 3 --topk 2
151	pusht	icem_ffjepa_s10k3_cb3	150	49	logs/rbCB2_pusht_icem_ffjepa_s10k3_cb3_t150_seed49.log	python -m surveyor.envs.pusht.eval --solver icem --subgoal ffjepa --gdm-ckpt gdm_stride10.pt --gdm-steps 3 --horizon 2 --receding-horizon 2 --source pretrained --h5 pusht_c2222.h5 --device cuda --mode long --episodes-file episodes/pusht_c2222.episodes150.json --goal-offset 150 --eval-budget 300 --num-eval 256 --score block --angles 20 5 --seed 49 --cem-seed 49 --num-samples 10 --n-steps 3 --topk 2
152	pusht	icem_ffjepa_s10k3_cb4	150	42	logs/rbCB2_pusht_icem_ffjepa_s10k3_cb4_t150_seed42.log	python -m surveyor.envs.pusht.eval --solver icem --subgoal ffjepa --gdm-ckpt gdm_stride10.pt --gdm-steps 3 --horizon 2 --receding-horizon 2 --source pretrained --h5 pusht_c2222.h5 --device cuda --mode long --episodes-file episodes/pusht_c2222.episodes150.json --goal-offset 150 --eval-budget 300 --num-eval 256 --score block --angles 20 5 --seed 42 --cem-seed 42 --num-samples 10 --n-steps 1 --topk 2
153	pusht	icem_ffjepa_s10k3_cb4	150	43	logs/rbCB2_pusht_icem_ffjepa_s10k3_cb4_t150_seed43.log	python -m surveyor.envs.pusht.eval --solver icem --subgoal ffjepa --gdm-ckpt gdm_stride10.pt --gdm-steps 3 --horizon 2 --receding-horizon 2 --source pretrained --h5 pusht_c2222.h5 --device cuda --mode long --episodes-file episodes/pusht_c2222.episodes150.json --goal-offset 150 --eval-budget 300 --num-eval 256 --score block --angles 20 5 --seed 43 --cem-seed 43 --num-samples 10 --n-steps 1 --topk 2
154	pusht	icem_ffjepa_s10k3_cb4	150	44	logs/rbCB2_pusht_icem_ffjepa_s10k3_cb4_t150_seed44.log	python -m surveyor.envs.pusht.eval --solver icem --subgoal ffjepa --gdm-ckpt gdm_stride10.pt --gdm-steps 3 --horizon 2 --receding-horizon 2 --source pretrained --h5 pusht_c2222.h5 --device cuda --mode long --episodes-file episodes/pusht_c2222.episodes150.json --goal-offset 150 --eval-budget 300 --num-eval 256 --score block --angles 20 5 --seed 44 --cem-seed 44 --num-samples 10 --n-steps 1 --topk 2
155	pusht	icem_ffjepa_s10k3_cb4	150	45	logs/rbCB2_pusht_icem_ffjepa_s10k3_cb4_t150_seed45.log	python -m surveyor.envs.pusht.eval --solver icem --subgoal ffjepa --gdm-ckpt gdm_stride10.pt --gdm-steps 3 --horizon 2 --receding-horizon 2 --source pretrained --h5 pusht_c2222.h5 --device cuda --mode long --episodes-file episodes/pusht_c2222.episodes150.json --goal-offset 150 --eval-budget 300 --num-eval 256 --score block --angles 20 5 --seed 45 --cem-seed 45 --num-samples 10 --n-steps 1 --topk 2
156	pusht	icem_ffjepa_s10k3_cb4	150	46	logs/rbCB2_pusht_icem_ffjepa_s10k3_cb4_t150_seed46.log	python -m surveyor.envs.pusht.eval --solver icem --subgoal ffjepa --gdm-ckpt gdm_stride10.pt --gdm-steps 3 --horizon 2 --receding-horizon 2 --source pretrained --h5 pusht_c2222.h5 --device cuda --mode long --episodes-file episodes/pusht_c2222.episodes150.json --goal-offset 150 --eval-budget 300 --num-eval 256 --score block --angles 20 5 --seed 46 --cem-seed 46 --num-samples 10 --n-steps 1 --topk 2
157	pusht	icem_ffjepa_s10k3_cb4	150	47	logs/rbCB2_pusht_icem_ffjepa_s10k3_cb4_t150_seed47.log	python -m surveyor.envs.pusht.eval --solver icem --subgoal ffjepa --gdm-ckpt gdm_stride10.pt --gdm-steps 3 --horizon 2 --receding-horizon 2 --source pretrained --h5 pusht_c2222.h5 --device cuda --mode long --episodes-file episodes/pusht_c2222.episodes150.json --goal-offset 150 --eval-budget 300 --num-eval 256 --score block --angles 20 5 --seed 47 --cem-seed 47 --num-samples 10 --n-steps 1 --topk 2
158	pusht	icem_ffjepa_s10k3_cb4	150	48	logs/rbCB2_pusht_icem_ffjepa_s10k3_cb4_t150_seed48.log	python -m surveyor.envs.pusht.eval --solver icem --subgoal ffjepa --gdm-ckpt gdm_stride10.pt --gdm-steps 3 --horizon 2 --receding-horizon 2 --source pretrained --h5 pusht_c2222.h5 --device cuda --mode long --episodes-file episodes/pusht_c2222.episodes150.json --goal-offset 150 --eval-budget 300 --num-eval 256 --score block --angles 20 5 --seed 48 --cem-seed 48 --num-samples 10 --n-steps 1 --topk 2
159	pusht	icem_ffjepa_s10k3_cb4	150	49	logs/rbCB2_pusht_icem_ffjepa_s10k3_cb4_t150_seed49.log	python -m surveyor.envs.pusht.eval --solver icem --subgoal ffjepa --gdm-ckpt gdm_stride10.pt --gdm-steps 3 --horizon 2 --receding-horizon 2 --source pretrained --h5 pusht_c2222.h5 --device cuda --mode long --episodes-file episodes/pusht_c2222.episodes150.json --goal-offset 150 --eval-budget 300 --num-eval 256 --score block --angles 20 5 --seed 49 --cem-seed 49 --num-samples 10 --n-steps 1 --topk 2
160	pusht	icem_ffjepa_s10k3_cb5	150	42	logs/rbCB2_pusht_icem_ffjepa_s10k3_cb5_t150_seed42.log	python -m surveyor.envs.pusht.eval --solver icem --subgoal ffjepa --gdm-ckpt gdm_stride10.pt --gdm-steps 3 --horizon 2 --receding-horizon 2 --source pretrained --h5 pusht_c2222.h5 --device cuda --mode long --episodes-file episodes/pusht_c2222.episodes150.json --goal-offset 150 --eval-budget 300 --num-eval 256 --score block --angles 20 5 --seed 42 --cem-seed 42 --num-samples 5 --n-steps 1 --topk 2
161	pusht	icem_ffjepa_s10k3_cb5	150	43	logs/rbCB2_pusht_icem_ffjepa_s10k3_cb5_t150_seed43.log	python -m surveyor.envs.pusht.eval --solver icem --subgoal ffjepa --gdm-ckpt gdm_stride10.pt --gdm-steps 3 --horizon 2 --receding-horizon 2 --source pretrained --h5 pusht_c2222.h5 --device cuda --mode long --episodes-file episodes/pusht_c2222.episodes150.json --goal-offset 150 --eval-budget 300 --num-eval 256 --score block --angles 20 5 --seed 43 --cem-seed 43 --num-samples 5 --n-steps 1 --topk 2
162	pusht	icem_ffjepa_s10k3_cb5	150	44	logs/rbCB2_pusht_icem_ffjepa_s10k3_cb5_t150_seed44.log	python -m surveyor.envs.pusht.eval --solver icem --subgoal ffjepa --gdm-ckpt gdm_stride10.pt --gdm-steps 3 --horizon 2 --receding-horizon 2 --source pretrained --h5 pusht_c2222.h5 --device cuda --mode long --episodes-file episodes/pusht_c2222.episodes150.json --goal-offset 150 --eval-budget 300 --num-eval 256 --score block --angles 20 5 --seed 44 --cem-seed 44 --num-samples 5 --n-steps 1 --topk 2
163	pusht	icem_ffjepa_s10k3_cb5	150	45	logs/rbCB2_pusht_icem_ffjepa_s10k3_cb5_t150_seed45.log	python -m surveyor.envs.pusht.eval --solver icem --subgoal ffjepa --gdm-ckpt gdm_stride10.pt --gdm-steps 3 --horizon 2 --receding-horizon 2 --source pretrained --h5 pusht_c2222.h5 --device cuda --mode long --episodes-file episodes/pusht_c2222.episodes150.json --goal-offset 150 --eval-budget 300 --num-eval 256 --score block --angles 20 5 --seed 45 --cem-seed 45 --num-samples 5 --n-steps 1 --topk 2
164	pusht	icem_ffjepa_s10k3_cb5	150	46	logs/rbCB2_pusht_icem_ffjepa_s10k3_cb5_t150_seed46.log	python -m surveyor.envs.pusht.eval --solver icem --subgoal ffjepa --gdm-ckpt gdm_stride10.pt --gdm-steps 3 --horizon 2 --receding-horizon 2 --source pretrained --h5 pusht_c2222.h5 --device cuda --mode long --episodes-file episodes/pusht_c2222.episodes150.json --goal-offset 150 --eval-budget 300 --num-eval 256 --score block --angles 20 5 --seed 46 --cem-seed 46 --num-samples 5 --n-steps 1 --topk 2
165	pusht	icem_ffjepa_s10k3_cb5	150	47	logs/rbCB2_pusht_icem_ffjepa_s10k3_cb5_t150_seed47.log	python -m surveyor.envs.pusht.eval --solver icem --subgoal ffjepa --gdm-ckpt gdm_stride10.pt --gdm-steps 3 --horizon 2 --receding-horizon 2 --source pretrained --h5 pusht_c2222.h5 --device cuda --mode long --episodes-file episodes/pusht_c2222.episodes150.json --goal-offset 150 --eval-budget 300 --num-eval 256 --score block --angles 20 5 --seed 47 --cem-seed 47 --num-samples 5 --n-steps 1 --topk 2
166	pusht	icem_ffjepa_s10k3_cb5	150	48	logs/rbCB2_pusht_icem_ffjepa_s10k3_cb5_t150_seed48.log	python -m surveyor.envs.pusht.eval --solver icem --subgoal ffjepa --gdm-ckpt gdm_stride10.pt --gdm-steps 3 --horizon 2 --receding-horizon 2 --source pretrained --h5 pusht_c2222.h5 --device cuda --mode long --episodes-file episodes/pusht_c2222.episodes150.json --goal-offset 150 --eval-budget 300 --num-eval 256 --score block --angles 20 5 --seed 48 --cem-seed 48 --num-samples 5 --n-steps 1 --topk 2
167	pusht	icem_ffjepa_s10k3_cb5	150	49	logs/rbCB2_pusht_icem_ffjepa_s10k3_cb5_t150_seed49.log	python -m surveyor.envs.pusht.eval --solver icem --subgoal ffjepa --gdm-ckpt gdm_stride10.pt --gdm-steps 3 --horizon 2 --receding-horizon 2 --source pretrained --h5 pusht_c2222.h5 --device cuda --mode long --episodes-file episodes/pusht_c2222.episodes150.json --goal-offset 150 --eval-budget 300 --num-eval 256 --score block --angles 20 5 --seed 49 --cem-seed 49 --num-samples 5 --n-steps 1 --topk 2
168	pusht	icem_ffjepa_s10k3_cb6	150	42	logs/rbCB2_pusht_icem_ffjepa_s10k3_cb6_t150_seed42.log	python -m surveyor.envs.pusht.eval --solver icem --subgoal ffjepa --gdm-ckpt gdm_stride10.pt --gdm-steps 3 --horizon 2 --receding-horizon 2 --source pretrained --h5 pusht_c2222.h5 --device cuda --mode long --episodes-file episodes/pusht_c2222.episodes150.json --goal-offset 150 --eval-budget 300 --num-eval 256 --score block --angles 20 5 --seed 42 --cem-seed 42 --num-samples 2 --n-steps 1 --topk 1
169	pusht	icem_ffjepa_s10k3_cb6	150	43	logs/rbCB2_pusht_icem_ffjepa_s10k3_cb6_t150_seed43.log	python -m surveyor.envs.pusht.eval --solver icem --subgoal ffjepa --gdm-ckpt gdm_stride10.pt --gdm-steps 3 --horizon 2 --receding-horizon 2 --source pretrained --h5 pusht_c2222.h5 --device cuda --mode long --episodes-file episodes/pusht_c2222.episodes150.json --goal-offset 150 --eval-budget 300 --num-eval 256 --score block --angles 20 5 --seed 43 --cem-seed 43 --num-samples 2 --n-steps 1 --topk 1
170	pusht	icem_ffjepa_s10k3_cb6	150	44	logs/rbCB2_pusht_icem_ffjepa_s10k3_cb6_t150_seed44.log	python -m surveyor.envs.pusht.eval --solver icem --subgoal ffjepa --gdm-ckpt gdm_stride10.pt --gdm-steps 3 --horizon 2 --receding-horizon 2 --source pretrained --h5 pusht_c2222.h5 --device cuda --mode long --episodes-file episodes/pusht_c2222.episodes150.json --goal-offset 150 --eval-budget 300 --num-eval 256 --score block --angles 20 5 --seed 44 --cem-seed 44 --num-samples 2 --n-steps 1 --topk 1
171	pusht	icem_ffjepa_s10k3_cb6	150	45	logs/rbCB2_pusht_icem_ffjepa_s10k3_cb6_t150_seed45.log	python -m surveyor.envs.pusht.eval --solver icem --subgoal ffjepa --gdm-ckpt gdm_stride10.pt --gdm-steps 3 --horizon 2 --receding-horizon 2 --source pretrained --h5 pusht_c2222.h5 --device cuda --mode long --episodes-file episodes/pusht_c2222.episodes150.json --goal-offset 150 --eval-budget 300 --num-eval 256 --score block --angles 20 5 --seed 45 --cem-seed 45 --num-samples 2 --n-steps 1 --topk 1
172	pusht	icem_ffjepa_s10k3_cb6	150	46	logs/rbCB2_pusht_icem_ffjepa_s10k3_cb6_t150_seed46.log	python -m surveyor.envs.pusht.eval --solver icem --subgoal ffjepa --gdm-ckpt gdm_stride10.pt --gdm-steps 3 --horizon 2 --receding-horizon 2 --source pretrained --h5 pusht_c2222.h5 --device cuda --mode long --episodes-file episodes/pusht_c2222.episodes150.json --goal-offset 150 --eval-budget 300 --num-eval 256 --score block --angles 20 5 --seed 46 --cem-seed 46 --num-samples 2 --n-steps 1 --topk 1
173	pusht	icem_ffjepa_s10k3_cb6	150	47	logs/rbCB2_pusht_icem_ffjepa_s10k3_cb6_t150_seed47.log	python -m surveyor.envs.pusht.eval --solver icem --subgoal ffjepa --gdm-ckpt gdm_stride10.pt --gdm-steps 3 --horizon 2 --receding-horizon 2 --source pretrained --h5 pusht_c2222.h5 --device cuda --mode long --episodes-file episodes/pusht_c2222.episodes150.json --goal-offset 150 --eval-budget 300 --num-eval 256 --score block --angles 20 5 --seed 47 --cem-seed 47 --num-samples 2 --n-steps 1 --topk 1
174	pusht	icem_ffjepa_s10k3_cb6	150	48	logs/rbCB2_pusht_icem_ffjepa_s10k3_cb6_t150_seed48.log	python -m surveyor.envs.pusht.eval --solver icem --subgoal ffjepa --gdm-ckpt gdm_stride10.pt --gdm-steps 3 --horizon 2 --receding-horizon 2 --source pretrained --h5 pusht_c2222.h5 --device cuda --mode long --episodes-file episodes/pusht_c2222.episodes150.json --goal-offset 150 --eval-budget 300 --num-eval 256 --score block --angles 20 5 --seed 48 --cem-seed 48 --num-samples 2 --n-steps 1 --topk 1
175	pusht	icem_ffjepa_s10k3_cb6	150	49	logs/rbCB2_pusht_icem_ffjepa_s10k3_cb6_t150_seed49.log	python -m surveyor.envs.pusht.eval --solver icem --subgoal ffjepa --gdm-ckpt gdm_stride10.pt --gdm-steps 3 --horizon 2 --receding-horizon 2 --source pretrained --h5 pusht_c2222.h5 --device cuda --mode long --episodes-file episodes/pusht_c2222.episodes150.json --goal-offset 150 --eval-budget 300 --num-eval 256 --score block --angles 20 5 --seed 49 --cem-seed 49 --num-samples 2 --n-steps 1 --topk 1
176	reacher	ffjepa_s10k8_cb1	150	42	logs/rbCB2_reacher_ffjepa_s10k8_cb1_t150_seed42.log	python -m surveyor.envs.reacher.eval --subgoal ffjepa --gdm-ckpt gdm_reacher_s10.pt --gdm-steps 8 --horizon 2 --receding-horizon 2 --source local --local-dir encoder_reacher --h5 "$REACHER_H5" --device cuda --num-eval 128 --seed 42 --cem-seed 42 --episodes-file episodes/reacher_c2222.ep150.s2222.json --goal-offset 150 --eval-budget 300 --num-samples 100 --n-steps 10 --topk 10
177	reacher	ffjepa_s10k8_cb1	150	43	logs/rbCB2_reacher_ffjepa_s10k8_cb1_t150_seed43.log	python -m surveyor.envs.reacher.eval --subgoal ffjepa --gdm-ckpt gdm_reacher_s10.pt --gdm-steps 8 --horizon 2 --receding-horizon 2 --source local --local-dir encoder_reacher --h5 "$REACHER_H5" --device cuda --num-eval 128 --seed 43 --cem-seed 43 --episodes-file episodes/reacher_c2222.ep150.s2222.json --goal-offset 150 --eval-budget 300 --num-samples 100 --n-steps 10 --topk 10
178	reacher	ffjepa_s10k8_cb1	150	44	logs/rbCB2_reacher_ffjepa_s10k8_cb1_t150_seed44.log	python -m surveyor.envs.reacher.eval --subgoal ffjepa --gdm-ckpt gdm_reacher_s10.pt --gdm-steps 8 --horizon 2 --receding-horizon 2 --source local --local-dir encoder_reacher --h5 "$REACHER_H5" --device cuda --num-eval 128 --seed 44 --cem-seed 44 --episodes-file episodes/reacher_c2222.ep150.s2222.json --goal-offset 150 --eval-budget 300 --num-samples 100 --n-steps 10 --topk 10
179	reacher	ffjepa_s10k8_cb1	150	45	logs/rbCB2_reacher_ffjepa_s10k8_cb1_t150_seed45.log	python -m surveyor.envs.reacher.eval --subgoal ffjepa --gdm-ckpt gdm_reacher_s10.pt --gdm-steps 8 --horizon 2 --receding-horizon 2 --source local --local-dir encoder_reacher --h5 "$REACHER_H5" --device cuda --num-eval 128 --seed 45 --cem-seed 45 --episodes-file episodes/reacher_c2222.ep150.s2222.json --goal-offset 150 --eval-budget 300 --num-samples 100 --n-steps 10 --topk 10
180	reacher	ffjepa_s10k8_cb1	150	46	logs/rbCB2_reacher_ffjepa_s10k8_cb1_t150_seed46.log	python -m surveyor.envs.reacher.eval --subgoal ffjepa --gdm-ckpt gdm_reacher_s10.pt --gdm-steps 8 --horizon 2 --receding-horizon 2 --source local --local-dir encoder_reacher --h5 "$REACHER_H5" --device cuda --num-eval 128 --seed 46 --cem-seed 46 --episodes-file episodes/reacher_c2222.ep150.s2222.json --goal-offset 150 --eval-budget 300 --num-samples 100 --n-steps 10 --topk 10
181	reacher	ffjepa_s10k8_cb1	150	47	logs/rbCB2_reacher_ffjepa_s10k8_cb1_t150_seed47.log	python -m surveyor.envs.reacher.eval --subgoal ffjepa --gdm-ckpt gdm_reacher_s10.pt --gdm-steps 8 --horizon 2 --receding-horizon 2 --source local --local-dir encoder_reacher --h5 "$REACHER_H5" --device cuda --num-eval 128 --seed 47 --cem-seed 47 --episodes-file episodes/reacher_c2222.ep150.s2222.json --goal-offset 150 --eval-budget 300 --num-samples 100 --n-steps 10 --topk 10
182	reacher	ffjepa_s10k8_cb1	150	48	logs/rbCB2_reacher_ffjepa_s10k8_cb1_t150_seed48.log	python -m surveyor.envs.reacher.eval --subgoal ffjepa --gdm-ckpt gdm_reacher_s10.pt --gdm-steps 8 --horizon 2 --receding-horizon 2 --source local --local-dir encoder_reacher --h5 "$REACHER_H5" --device cuda --num-eval 128 --seed 48 --cem-seed 48 --episodes-file episodes/reacher_c2222.ep150.s2222.json --goal-offset 150 --eval-budget 300 --num-samples 100 --n-steps 10 --topk 10
183	reacher	ffjepa_s10k8_cb1	150	49	logs/rbCB2_reacher_ffjepa_s10k8_cb1_t150_seed49.log	python -m surveyor.envs.reacher.eval --subgoal ffjepa --gdm-ckpt gdm_reacher_s10.pt --gdm-steps 8 --horizon 2 --receding-horizon 2 --source local --local-dir encoder_reacher --h5 "$REACHER_H5" --device cuda --num-eval 128 --seed 49 --cem-seed 49 --episodes-file episodes/reacher_c2222.ep150.s2222.json --goal-offset 150 --eval-budget 300 --num-samples 100 --n-steps 10 --topk 10
184	reacher	ffjepa_s10k8_cb2	150	42	logs/rbCB2_reacher_ffjepa_s10k8_cb2_t150_seed42.log	python -m surveyor.envs.reacher.eval --subgoal ffjepa --gdm-ckpt gdm_reacher_s10.pt --gdm-steps 8 --horizon 2 --receding-horizon 2 --source local --local-dir encoder_reacher --h5 "$REACHER_H5" --device cuda --num-eval 128 --seed 42 --cem-seed 42 --episodes-file episodes/reacher_c2222.ep150.s2222.json --goal-offset 150 --eval-budget 300 --num-samples 30 --n-steps 5 --topk 3
185	reacher	ffjepa_s10k8_cb2	150	43	logs/rbCB2_reacher_ffjepa_s10k8_cb2_t150_seed43.log	python -m surveyor.envs.reacher.eval --subgoal ffjepa --gdm-ckpt gdm_reacher_s10.pt --gdm-steps 8 --horizon 2 --receding-horizon 2 --source local --local-dir encoder_reacher --h5 "$REACHER_H5" --device cuda --num-eval 128 --seed 43 --cem-seed 43 --episodes-file episodes/reacher_c2222.ep150.s2222.json --goal-offset 150 --eval-budget 300 --num-samples 30 --n-steps 5 --topk 3
186	reacher	ffjepa_s10k8_cb2	150	44	logs/rbCB2_reacher_ffjepa_s10k8_cb2_t150_seed44.log	python -m surveyor.envs.reacher.eval --subgoal ffjepa --gdm-ckpt gdm_reacher_s10.pt --gdm-steps 8 --horizon 2 --receding-horizon 2 --source local --local-dir encoder_reacher --h5 "$REACHER_H5" --device cuda --num-eval 128 --seed 44 --cem-seed 44 --episodes-file episodes/reacher_c2222.ep150.s2222.json --goal-offset 150 --eval-budget 300 --num-samples 30 --n-steps 5 --topk 3
187	reacher	ffjepa_s10k8_cb2	150	45	logs/rbCB2_reacher_ffjepa_s10k8_cb2_t150_seed45.log	python -m surveyor.envs.reacher.eval --subgoal ffjepa --gdm-ckpt gdm_reacher_s10.pt --gdm-steps 8 --horizon 2 --receding-horizon 2 --source local --local-dir encoder_reacher --h5 "$REACHER_H5" --device cuda --num-eval 128 --seed 45 --cem-seed 45 --episodes-file episodes/reacher_c2222.ep150.s2222.json --goal-offset 150 --eval-budget 300 --num-samples 30 --n-steps 5 --topk 3
188	reacher	ffjepa_s10k8_cb2	150	46	logs/rbCB2_reacher_ffjepa_s10k8_cb2_t150_seed46.log	python -m surveyor.envs.reacher.eval --subgoal ffjepa --gdm-ckpt gdm_reacher_s10.pt --gdm-steps 8 --horizon 2 --receding-horizon 2 --source local --local-dir encoder_reacher --h5 "$REACHER_H5" --device cuda --num-eval 128 --seed 46 --cem-seed 46 --episodes-file episodes/reacher_c2222.ep150.s2222.json --goal-offset 150 --eval-budget 300 --num-samples 30 --n-steps 5 --topk 3
189	reacher	ffjepa_s10k8_cb2	150	47	logs/rbCB2_reacher_ffjepa_s10k8_cb2_t150_seed47.log	python -m surveyor.envs.reacher.eval --subgoal ffjepa --gdm-ckpt gdm_reacher_s10.pt --gdm-steps 8 --horizon 2 --receding-horizon 2 --source local --local-dir encoder_reacher --h5 "$REACHER_H5" --device cuda --num-eval 128 --seed 47 --cem-seed 47 --episodes-file episodes/reacher_c2222.ep150.s2222.json --goal-offset 150 --eval-budget 300 --num-samples 30 --n-steps 5 --topk 3
190	reacher	ffjepa_s10k8_cb2	150	48	logs/rbCB2_reacher_ffjepa_s10k8_cb2_t150_seed48.log	python -m surveyor.envs.reacher.eval --subgoal ffjepa --gdm-ckpt gdm_reacher_s10.pt --gdm-steps 8 --horizon 2 --receding-horizon 2 --source local --local-dir encoder_reacher --h5 "$REACHER_H5" --device cuda --num-eval 128 --seed 48 --cem-seed 48 --episodes-file episodes/reacher_c2222.ep150.s2222.json --goal-offset 150 --eval-budget 300 --num-samples 30 --n-steps 5 --topk 3
191	reacher	ffjepa_s10k8_cb2	150	49	logs/rbCB2_reacher_ffjepa_s10k8_cb2_t150_seed49.log	python -m surveyor.envs.reacher.eval --subgoal ffjepa --gdm-ckpt gdm_reacher_s10.pt --gdm-steps 8 --horizon 2 --receding-horizon 2 --source local --local-dir encoder_reacher --h5 "$REACHER_H5" --device cuda --num-eval 128 --seed 49 --cem-seed 49 --episodes-file episodes/reacher_c2222.ep150.s2222.json --goal-offset 150 --eval-budget 300 --num-samples 30 --n-steps 5 --topk 3
192	reacher	ffjepa_s10k8_cb3	150	42	logs/rbCB2_reacher_ffjepa_s10k8_cb3_t150_seed42.log	python -m surveyor.envs.reacher.eval --subgoal ffjepa --gdm-ckpt gdm_reacher_s10.pt --gdm-steps 8 --horizon 2 --receding-horizon 2 --source local --local-dir encoder_reacher --h5 "$REACHER_H5" --device cuda --num-eval 128 --seed 42 --cem-seed 42 --episodes-file episodes/reacher_c2222.ep150.s2222.json --goal-offset 150 --eval-budget 300 --num-samples 10 --n-steps 3 --topk 2
193	reacher	ffjepa_s10k8_cb3	150	43	logs/rbCB2_reacher_ffjepa_s10k8_cb3_t150_seed43.log	python -m surveyor.envs.reacher.eval --subgoal ffjepa --gdm-ckpt gdm_reacher_s10.pt --gdm-steps 8 --horizon 2 --receding-horizon 2 --source local --local-dir encoder_reacher --h5 "$REACHER_H5" --device cuda --num-eval 128 --seed 43 --cem-seed 43 --episodes-file episodes/reacher_c2222.ep150.s2222.json --goal-offset 150 --eval-budget 300 --num-samples 10 --n-steps 3 --topk 2
194	reacher	ffjepa_s10k8_cb3	150	44	logs/rbCB2_reacher_ffjepa_s10k8_cb3_t150_seed44.log	python -m surveyor.envs.reacher.eval --subgoal ffjepa --gdm-ckpt gdm_reacher_s10.pt --gdm-steps 8 --horizon 2 --receding-horizon 2 --source local --local-dir encoder_reacher --h5 "$REACHER_H5" --device cuda --num-eval 128 --seed 44 --cem-seed 44 --episodes-file episodes/reacher_c2222.ep150.s2222.json --goal-offset 150 --eval-budget 300 --num-samples 10 --n-steps 3 --topk 2
195	reacher	ffjepa_s10k8_cb3	150	45	logs/rbCB2_reacher_ffjepa_s10k8_cb3_t150_seed45.log	python -m surveyor.envs.reacher.eval --subgoal ffjepa --gdm-ckpt gdm_reacher_s10.pt --gdm-steps 8 --horizon 2 --receding-horizon 2 --source local --local-dir encoder_reacher --h5 "$REACHER_H5" --device cuda --num-eval 128 --seed 45 --cem-seed 45 --episodes-file episodes/reacher_c2222.ep150.s2222.json --goal-offset 150 --eval-budget 300 --num-samples 10 --n-steps 3 --topk 2
196	reacher	ffjepa_s10k8_cb3	150	46	logs/rbCB2_reacher_ffjepa_s10k8_cb3_t150_seed46.log	python -m surveyor.envs.reacher.eval --subgoal ffjepa --gdm-ckpt gdm_reacher_s10.pt --gdm-steps 8 --horizon 2 --receding-horizon 2 --source local --local-dir encoder_reacher --h5 "$REACHER_H5" --device cuda --num-eval 128 --seed 46 --cem-seed 46 --episodes-file episodes/reacher_c2222.ep150.s2222.json --goal-offset 150 --eval-budget 300 --num-samples 10 --n-steps 3 --topk 2
197	reacher	ffjepa_s10k8_cb3	150	47	logs/rbCB2_reacher_ffjepa_s10k8_cb3_t150_seed47.log	python -m surveyor.envs.reacher.eval --subgoal ffjepa --gdm-ckpt gdm_reacher_s10.pt --gdm-steps 8 --horizon 2 --receding-horizon 2 --source local --local-dir encoder_reacher --h5 "$REACHER_H5" --device cuda --num-eval 128 --seed 47 --cem-seed 47 --episodes-file episodes/reacher_c2222.ep150.s2222.json --goal-offset 150 --eval-budget 300 --num-samples 10 --n-steps 3 --topk 2
198	reacher	ffjepa_s10k8_cb3	150	48	logs/rbCB2_reacher_ffjepa_s10k8_cb3_t150_seed48.log	python -m surveyor.envs.reacher.eval --subgoal ffjepa --gdm-ckpt gdm_reacher_s10.pt --gdm-steps 8 --horizon 2 --receding-horizon 2 --source local --local-dir encoder_reacher --h5 "$REACHER_H5" --device cuda --num-eval 128 --seed 48 --cem-seed 48 --episodes-file episodes/reacher_c2222.ep150.s2222.json --goal-offset 150 --eval-budget 300 --num-samples 10 --n-steps 3 --topk 2
199	reacher	ffjepa_s10k8_cb3	150	49	logs/rbCB2_reacher_ffjepa_s10k8_cb3_t150_seed49.log	python -m surveyor.envs.reacher.eval --subgoal ffjepa --gdm-ckpt gdm_reacher_s10.pt --gdm-steps 8 --horizon 2 --receding-horizon 2 --source local --local-dir encoder_reacher --h5 "$REACHER_H5" --device cuda --num-eval 128 --seed 49 --cem-seed 49 --episodes-file episodes/reacher_c2222.ep150.s2222.json --goal-offset 150 --eval-budget 300 --num-samples 10 --n-steps 3 --topk 2
200	reacher	ffjepa_s10k8_cb4	150	42	logs/rbCB2_reacher_ffjepa_s10k8_cb4_t150_seed42.log	python -m surveyor.envs.reacher.eval --subgoal ffjepa --gdm-ckpt gdm_reacher_s10.pt --gdm-steps 8 --horizon 2 --receding-horizon 2 --source local --local-dir encoder_reacher --h5 "$REACHER_H5" --device cuda --num-eval 128 --seed 42 --cem-seed 42 --episodes-file episodes/reacher_c2222.ep150.s2222.json --goal-offset 150 --eval-budget 300 --num-samples 10 --n-steps 1 --topk 2
201	reacher	ffjepa_s10k8_cb4	150	43	logs/rbCB2_reacher_ffjepa_s10k8_cb4_t150_seed43.log	python -m surveyor.envs.reacher.eval --subgoal ffjepa --gdm-ckpt gdm_reacher_s10.pt --gdm-steps 8 --horizon 2 --receding-horizon 2 --source local --local-dir encoder_reacher --h5 "$REACHER_H5" --device cuda --num-eval 128 --seed 43 --cem-seed 43 --episodes-file episodes/reacher_c2222.ep150.s2222.json --goal-offset 150 --eval-budget 300 --num-samples 10 --n-steps 1 --topk 2
202	reacher	ffjepa_s10k8_cb4	150	44	logs/rbCB2_reacher_ffjepa_s10k8_cb4_t150_seed44.log	python -m surveyor.envs.reacher.eval --subgoal ffjepa --gdm-ckpt gdm_reacher_s10.pt --gdm-steps 8 --horizon 2 --receding-horizon 2 --source local --local-dir encoder_reacher --h5 "$REACHER_H5" --device cuda --num-eval 128 --seed 44 --cem-seed 44 --episodes-file episodes/reacher_c2222.ep150.s2222.json --goal-offset 150 --eval-budget 300 --num-samples 10 --n-steps 1 --topk 2
203	reacher	ffjepa_s10k8_cb4	150	45	logs/rbCB2_reacher_ffjepa_s10k8_cb4_t150_seed45.log	python -m surveyor.envs.reacher.eval --subgoal ffjepa --gdm-ckpt gdm_reacher_s10.pt --gdm-steps 8 --horizon 2 --receding-horizon 2 --source local --local-dir encoder_reacher --h5 "$REACHER_H5" --device cuda --num-eval 128 --seed 45 --cem-seed 45 --episodes-file episodes/reacher_c2222.ep150.s2222.json --goal-offset 150 --eval-budget 300 --num-samples 10 --n-steps 1 --topk 2
204	reacher	ffjepa_s10k8_cb4	150	46	logs/rbCB2_reacher_ffjepa_s10k8_cb4_t150_seed46.log	python -m surveyor.envs.reacher.eval --subgoal ffjepa --gdm-ckpt gdm_reacher_s10.pt --gdm-steps 8 --horizon 2 --receding-horizon 2 --source local --local-dir encoder_reacher --h5 "$REACHER_H5" --device cuda --num-eval 128 --seed 46 --cem-seed 46 --episodes-file episodes/reacher_c2222.ep150.s2222.json --goal-offset 150 --eval-budget 300 --num-samples 10 --n-steps 1 --topk 2
205	reacher	ffjepa_s10k8_cb4	150	47	logs/rbCB2_reacher_ffjepa_s10k8_cb4_t150_seed47.log	python -m surveyor.envs.reacher.eval --subgoal ffjepa --gdm-ckpt gdm_reacher_s10.pt --gdm-steps 8 --horizon 2 --receding-horizon 2 --source local --local-dir encoder_reacher --h5 "$REACHER_H5" --device cuda --num-eval 128 --seed 47 --cem-seed 47 --episodes-file episodes/reacher_c2222.ep150.s2222.json --goal-offset 150 --eval-budget 300 --num-samples 10 --n-steps 1 --topk 2
206	reacher	ffjepa_s10k8_cb4	150	48	logs/rbCB2_reacher_ffjepa_s10k8_cb4_t150_seed48.log	python -m surveyor.envs.reacher.eval --subgoal ffjepa --gdm-ckpt gdm_reacher_s10.pt --gdm-steps 8 --horizon 2 --receding-horizon 2 --source local --local-dir encoder_reacher --h5 "$REACHER_H5" --device cuda --num-eval 128 --seed 48 --cem-seed 48 --episodes-file episodes/reacher_c2222.ep150.s2222.json --goal-offset 150 --eval-budget 300 --num-samples 10 --n-steps 1 --topk 2
207	reacher	ffjepa_s10k8_cb4	150	49	logs/rbCB2_reacher_ffjepa_s10k8_cb4_t150_seed49.log	python -m surveyor.envs.reacher.eval --subgoal ffjepa --gdm-ckpt gdm_reacher_s10.pt --gdm-steps 8 --horizon 2 --receding-horizon 2 --source local --local-dir encoder_reacher --h5 "$REACHER_H5" --device cuda --num-eval 128 --seed 49 --cem-seed 49 --episodes-file episodes/reacher_c2222.ep150.s2222.json --goal-offset 150 --eval-budget 300 --num-samples 10 --n-steps 1 --topk 2
208	reacher	ffjepa_s10k8_cb5	150	42	logs/rbCB2_reacher_ffjepa_s10k8_cb5_t150_seed42.log	python -m surveyor.envs.reacher.eval --subgoal ffjepa --gdm-ckpt gdm_reacher_s10.pt --gdm-steps 8 --horizon 2 --receding-horizon 2 --source local --local-dir encoder_reacher --h5 "$REACHER_H5" --device cuda --num-eval 128 --seed 42 --cem-seed 42 --episodes-file episodes/reacher_c2222.ep150.s2222.json --goal-offset 150 --eval-budget 300 --num-samples 5 --n-steps 1 --topk 2
209	reacher	ffjepa_s10k8_cb5	150	43	logs/rbCB2_reacher_ffjepa_s10k8_cb5_t150_seed43.log	python -m surveyor.envs.reacher.eval --subgoal ffjepa --gdm-ckpt gdm_reacher_s10.pt --gdm-steps 8 --horizon 2 --receding-horizon 2 --source local --local-dir encoder_reacher --h5 "$REACHER_H5" --device cuda --num-eval 128 --seed 43 --cem-seed 43 --episodes-file episodes/reacher_c2222.ep150.s2222.json --goal-offset 150 --eval-budget 300 --num-samples 5 --n-steps 1 --topk 2
210	reacher	ffjepa_s10k8_cb5	150	44	logs/rbCB2_reacher_ffjepa_s10k8_cb5_t150_seed44.log	python -m surveyor.envs.reacher.eval --subgoal ffjepa --gdm-ckpt gdm_reacher_s10.pt --gdm-steps 8 --horizon 2 --receding-horizon 2 --source local --local-dir encoder_reacher --h5 "$REACHER_H5" --device cuda --num-eval 128 --seed 44 --cem-seed 44 --episodes-file episodes/reacher_c2222.ep150.s2222.json --goal-offset 150 --eval-budget 300 --num-samples 5 --n-steps 1 --topk 2
211	reacher	ffjepa_s10k8_cb5	150	45	logs/rbCB2_reacher_ffjepa_s10k8_cb5_t150_seed45.log	python -m surveyor.envs.reacher.eval --subgoal ffjepa --gdm-ckpt gdm_reacher_s10.pt --gdm-steps 8 --horizon 2 --receding-horizon 2 --source local --local-dir encoder_reacher --h5 "$REACHER_H5" --device cuda --num-eval 128 --seed 45 --cem-seed 45 --episodes-file episodes/reacher_c2222.ep150.s2222.json --goal-offset 150 --eval-budget 300 --num-samples 5 --n-steps 1 --topk 2
212	reacher	ffjepa_s10k8_cb5	150	46	logs/rbCB2_reacher_ffjepa_s10k8_cb5_t150_seed46.log	python -m surveyor.envs.reacher.eval --subgoal ffjepa --gdm-ckpt gdm_reacher_s10.pt --gdm-steps 8 --horizon 2 --receding-horizon 2 --source local --local-dir encoder_reacher --h5 "$REACHER_H5" --device cuda --num-eval 128 --seed 46 --cem-seed 46 --episodes-file episodes/reacher_c2222.ep150.s2222.json --goal-offset 150 --eval-budget 300 --num-samples 5 --n-steps 1 --topk 2
213	reacher	ffjepa_s10k8_cb5	150	47	logs/rbCB2_reacher_ffjepa_s10k8_cb5_t150_seed47.log	python -m surveyor.envs.reacher.eval --subgoal ffjepa --gdm-ckpt gdm_reacher_s10.pt --gdm-steps 8 --horizon 2 --receding-horizon 2 --source local --local-dir encoder_reacher --h5 "$REACHER_H5" --device cuda --num-eval 128 --seed 47 --cem-seed 47 --episodes-file episodes/reacher_c2222.ep150.s2222.json --goal-offset 150 --eval-budget 300 --num-samples 5 --n-steps 1 --topk 2
214	reacher	ffjepa_s10k8_cb5	150	48	logs/rbCB2_reacher_ffjepa_s10k8_cb5_t150_seed48.log	python -m surveyor.envs.reacher.eval --subgoal ffjepa --gdm-ckpt gdm_reacher_s10.pt --gdm-steps 8 --horizon 2 --receding-horizon 2 --source local --local-dir encoder_reacher --h5 "$REACHER_H5" --device cuda --num-eval 128 --seed 48 --cem-seed 48 --episodes-file episodes/reacher_c2222.ep150.s2222.json --goal-offset 150 --eval-budget 300 --num-samples 5 --n-steps 1 --topk 2
215	reacher	ffjepa_s10k8_cb5	150	49	logs/rbCB2_reacher_ffjepa_s10k8_cb5_t150_seed49.log	python -m surveyor.envs.reacher.eval --subgoal ffjepa --gdm-ckpt gdm_reacher_s10.pt --gdm-steps 8 --horizon 2 --receding-horizon 2 --source local --local-dir encoder_reacher --h5 "$REACHER_H5" --device cuda --num-eval 128 --seed 49 --cem-seed 49 --episodes-file episodes/reacher_c2222.ep150.s2222.json --goal-offset 150 --eval-budget 300 --num-samples 5 --n-steps 1 --topk 2
216	reacher	ffjepa_s10k8_cb6	150	42	logs/rbCB2_reacher_ffjepa_s10k8_cb6_t150_seed42.log	python -m surveyor.envs.reacher.eval --subgoal ffjepa --gdm-ckpt gdm_reacher_s10.pt --gdm-steps 8 --horizon 2 --receding-horizon 2 --source local --local-dir encoder_reacher --h5 "$REACHER_H5" --device cuda --num-eval 128 --seed 42 --cem-seed 42 --episodes-file episodes/reacher_c2222.ep150.s2222.json --goal-offset 150 --eval-budget 300 --num-samples 2 --n-steps 1 --topk 1
217	reacher	ffjepa_s10k8_cb6	150	43	logs/rbCB2_reacher_ffjepa_s10k8_cb6_t150_seed43.log	python -m surveyor.envs.reacher.eval --subgoal ffjepa --gdm-ckpt gdm_reacher_s10.pt --gdm-steps 8 --horizon 2 --receding-horizon 2 --source local --local-dir encoder_reacher --h5 "$REACHER_H5" --device cuda --num-eval 128 --seed 43 --cem-seed 43 --episodes-file episodes/reacher_c2222.ep150.s2222.json --goal-offset 150 --eval-budget 300 --num-samples 2 --n-steps 1 --topk 1
218	reacher	ffjepa_s10k8_cb6	150	44	logs/rbCB2_reacher_ffjepa_s10k8_cb6_t150_seed44.log	python -m surveyor.envs.reacher.eval --subgoal ffjepa --gdm-ckpt gdm_reacher_s10.pt --gdm-steps 8 --horizon 2 --receding-horizon 2 --source local --local-dir encoder_reacher --h5 "$REACHER_H5" --device cuda --num-eval 128 --seed 44 --cem-seed 44 --episodes-file episodes/reacher_c2222.ep150.s2222.json --goal-offset 150 --eval-budget 300 --num-samples 2 --n-steps 1 --topk 1
219	reacher	ffjepa_s10k8_cb6	150	45	logs/rbCB2_reacher_ffjepa_s10k8_cb6_t150_seed45.log	python -m surveyor.envs.reacher.eval --subgoal ffjepa --gdm-ckpt gdm_reacher_s10.pt --gdm-steps 8 --horizon 2 --receding-horizon 2 --source local --local-dir encoder_reacher --h5 "$REACHER_H5" --device cuda --num-eval 128 --seed 45 --cem-seed 45 --episodes-file episodes/reacher_c2222.ep150.s2222.json --goal-offset 150 --eval-budget 300 --num-samples 2 --n-steps 1 --topk 1
220	reacher	ffjepa_s10k8_cb6	150	46	logs/rbCB2_reacher_ffjepa_s10k8_cb6_t150_seed46.log	python -m surveyor.envs.reacher.eval --subgoal ffjepa --gdm-ckpt gdm_reacher_s10.pt --gdm-steps 8 --horizon 2 --receding-horizon 2 --source local --local-dir encoder_reacher --h5 "$REACHER_H5" --device cuda --num-eval 128 --seed 46 --cem-seed 46 --episodes-file episodes/reacher_c2222.ep150.s2222.json --goal-offset 150 --eval-budget 300 --num-samples 2 --n-steps 1 --topk 1
221	reacher	ffjepa_s10k8_cb6	150	47	logs/rbCB2_reacher_ffjepa_s10k8_cb6_t150_seed47.log	python -m surveyor.envs.reacher.eval --subgoal ffjepa --gdm-ckpt gdm_reacher_s10.pt --gdm-steps 8 --horizon 2 --receding-horizon 2 --source local --local-dir encoder_reacher --h5 "$REACHER_H5" --device cuda --num-eval 128 --seed 47 --cem-seed 47 --episodes-file episodes/reacher_c2222.ep150.s2222.json --goal-offset 150 --eval-budget 300 --num-samples 2 --n-steps 1 --topk 1
222	reacher	ffjepa_s10k8_cb6	150	48	logs/rbCB2_reacher_ffjepa_s10k8_cb6_t150_seed48.log	python -m surveyor.envs.reacher.eval --subgoal ffjepa --gdm-ckpt gdm_reacher_s10.pt --gdm-steps 8 --horizon 2 --receding-horizon 2 --source local --local-dir encoder_reacher --h5 "$REACHER_H5" --device cuda --num-eval 128 --seed 48 --cem-seed 48 --episodes-file episodes/reacher_c2222.ep150.s2222.json --goal-offset 150 --eval-budget 300 --num-samples 2 --n-steps 1 --topk 1
223	reacher	ffjepa_s10k8_cb6	150	49	logs/rbCB2_reacher_ffjepa_s10k8_cb6_t150_seed49.log	python -m surveyor.envs.reacher.eval --subgoal ffjepa --gdm-ckpt gdm_reacher_s10.pt --gdm-steps 8 --horizon 2 --receding-horizon 2 --source local --local-dir encoder_reacher --h5 "$REACHER_H5" --device cuda --num-eval 128 --seed 49 --cem-seed 49 --episodes-file episodes/reacher_c2222.ep150.s2222.json --goal-offset 150 --eval-budget 300 --num-samples 2 --n-steps 1 --topk 1
